fold,prediction_id,split,t_hat,episode_end_time,positive_bins,system_score,threshold
2,fold_02-generation-pred-000000,generation,1625917980000,1625918010000,1,0.9982657367070616,0.982232271781075
2,fold_02-generation-pred-000001,generation,1625918310000,1625918340000,1,0.9980772555220493,0.982232271781075
2,fold_02-generation-pred-000002,generation,1625918400000,1625918430000,1,0.9982709396269261,0.982232271781075
2,fold_02-generation-pred-000003,generation,1625918700000,1625918760000,2,0.9980884444449115,0.982232271781075
2,fold_02-generation-pred-000004,generation,1625919180000,1625919240000,2,0.9981040104907916,0.982232271781075
2,fold_02-generation-pred-000005,generation,1625919480000,1625919510000,1,0.9982528646933753,0.982232271781075
2,fold_02-generation-pred-000006,generation,1625919660000,1625919690000,1,0.9980169056234366,0.982232271781075
2,fold_02-generation-pred-000007,generation,1625919750000,1625919780000,1,0.998177587298545,0.982232271781075
2,fold_02-generation-pred-000008,generation,1625919930000,1625919960000,1,0.9982197181184063,0.982232271781075
2,fold_02-generation-pred-000009,generation,1625920260000,1625920290000,1,0.9982186967171535,0.982232271781075
2,fold_02-generation-pred-000010,generation,1625920320000,1625920350000,1,0.9981198858482524,0.982232271781075
2,fold_02-generation-pred-000011,generation,1625920380000,1625920410000,1,0.9979615272907596,0.982232271781075
2,fold_02-generation-pred-000012,generation,1625920830000,1625920860000,1,0.9983090624017805,0.982232271781075
2,fold_02-generation-pred-000013,generation,1625921190000,1625921220000,1,0.9980729443710123,0.982232271781075
2,fold_02-generation-pred-000014,generation,1625921700000,1625921730000,1,0.998110738306226,0.982232271781075
2,fold_02-generation-pred-000015,generation,1625922090000,1625922120000,1,0.9981785758786942,0.982232271781075
2,fold_02-generation-pred-000016,generation,1625922960000,1625923020000,2,0.9980895394807812,0.982232271781075
2,fold_02-generation-pred-000017,generation,1625923080000,1625923110000,1,0.9983069207175285,0.982232271781075
2,fold_02-generation-pred-000018,generation,1625923320000,1625923350000,1,0.9980619434662177,0.982232271781075
2,fold_02-generation-pred-000019,generation,1625923410000,1625923440000,1,0.9981814605089352,0.982232271781075
2,fold_02-generation-pred-000020,generation,1625923530000,1625923560000,1,0.9981245349694141,0.982232271781075
2,fold_02-generation-pred-000021,generation,1625923620000,1625923650000,1,0.9981269399169292,0.982232271781075
2,fold_02-generation-pred-000022,generation,1625923860000,1625923890000,1,0.9981894822135025,0.982232271781075
2,fold_02-generation-pred-000023,generation,1625924010000,1625924040000,1,0.9983291996262941,0.982232271781075
2,fold_02-generation-pred-000024,generation,1625924460000,1625924490000,1,0.9981511463590069,0.982232271781075
2,fold_02-generation-pred-000025,generation,1625924850000,1625924880000,1,0.9982609983361104,0.982232271781075
2,fold_02-generation-pred-000026,generation,1625925090000,1625925120000,1,0.9981409874828897,0.982232271781075
2,fold_02-generation-pred-000027,generation,1625925150000,1625925180000,1,0.9981210934716945,0.982232271781075
2,fold_02-generation-pred-000028,generation,1625925510000,1625925540000,1,0.9982503013561065,0.982232271781075
2,fold_02-generation-pred-000029,generation,1625925630000,1625925660000,1,0.9981057954302708,0.982232271781075
2,fold_02-generation-pred-000030,generation,1625925750000,1625925780000,1,0.9981435101026124,0.982232271781075
2,fold_02-generation-pred-000031,generation,1625925810000,1625925840000,1,0.998160573190199,0.982232271781075
2,fold_02-generation-pred-000032,generation,1625926590000,1625926620000,1,0.9981932949316382,0.982232271781075
2,fold_02-generation-pred-000033,generation,1625926650000,1625926680000,1,0.9981391825050335,0.982232271781075
2,fold_02-generation-pred-000034,generation,1625927220000,1625927250000,1,0.9980848037751835,0.982232271781075
2,fold_02-generation-pred-000035,generation,1625927340000,1625927370000,1,0.9982597015524024,0.982232271781075
2,fold_02-generation-pred-000036,generation,1625927580000,1625927610000,1,0.997879638468975,0.982232271781075
2,fold_02-generation-pred-000037,generation,1625927670000,1625927700000,1,0.9981869399677383,0.982232271781075
2,fold_02-generation-pred-000038,generation,1625927790000,1625927820000,1,0.9982390014685448,0.982232271781075
2,fold_02-generation-pred-000039,generation,1625928360000,1625928390000,1,0.9981514868769301,0.982232271781075
2,fold_02-generation-pred-000040,generation,1625928480000,1625928510000,1,0.9981263603708301,0.982232271781075
2,fold_02-generation-pred-000041,generation,1625928900000,1625928930000,1,0.9981667560371578,0.982232271781075
2,fold_02-generation-pred-000042,generation,1625928990000,1625929020000,1,0.9982641418828262,0.982232271781075
2,fold_02-generation-pred-000043,generation,1625929230000,1625929260000,1,0.9981551906892264,0.982232271781075
2,fold_02-generation-pred-000044,generation,1625929350000,1625929380000,1,0.9982316432635356,0.982232271781075
2,fold_02-generation-pred-000045,generation,1625929680000,1625929740000,2,0.9981672166891025,0.982232271781075
2,fold_02-generation-pred-000046,generation,1625929770000,1625929800000,1,0.9892821373078533,0.982232271781075
2,fold_02-generation-pred-000047,generation,1625930070000,1625930100000,1,0.9981596063916615,0.982232271781075
2,fold_02-generation-pred-000048,generation,1625930340000,1625930370000,1,0.9982571424211606,0.982232271781075
2,fold_02-generation-pred-000049,generation,1625930820000,1625930850000,1,0.9981021805178237,0.982232271781075
2,fold_02-generation-pred-000050,generation,1625931300000,1625931330000,1,0.9981341664999257,0.982232271781075
2,fold_02-generation-pred-000051,generation,1625932200000,1625932230000,1,0.998295682466358,0.982232271781075
2,fold_02-generation-pred-000052,generation,1625932260000,1625932290000,1,0.9979009702902983,0.982232271781075
2,fold_02-generation-pred-000053,generation,1625932320000,1625932350000,1,0.9980674365555803,0.982232271781075
2,fold_02-generation-pred-000054,generation,1625932860000,1625932890000,1,0.9983816082134153,0.982232271781075
2,fold_02-generation-pred-000055,generation,1625932950000,1625932980000,1,0.9984902112609542,0.982232271781075
2,fold_02-generation-pred-000056,generation,1625933280000,1625933310000,1,0.9983661442018618,0.982232271781075
2,fold_02-generation-pred-000057,generation,1625933640000,1625933670000,1,0.9984522878185559,0.982232271781075
2,fold_02-generation-pred-000058,generation,1625933730000,1625933760000,1,0.9984444558626067,0.982232271781075
2,fold_02-generation-pred-000059,generation,1625934000000,1625934030000,1,0.9984698334558989,0.982232271781075
2,fold_02-generation-pred-000060,generation,1625934570000,1625934600000,1,0.9984128701299227,0.982232271781075
2,fold_02-generation-pred-000061,generation,1625934630000,1625934660000,1,0.9983836624990153,0.982232271781075
2,fold_02-generation-pred-000062,generation,1625934810000,1625934840000,1,0.9983740958206291,0.982232271781075
2,fold_02-generation-pred-000063,generation,1625934930000,1625934960000,1,0.9984345137334396,0.982232271781075
2,fold_02-generation-pred-000064,generation,1625935080000,1625935110000,1,0.998429879994206,0.982232271781075
2,fold_02-generation-pred-000065,generation,1625935470000,1625935500000,1,0.9983903355247469,0.982232271781075
2,fold_02-generation-pred-000066,generation,1625936010000,1625936040000,1,0.9983340348319771,0.982232271781075
2,fold_02-generation-pred-000067,generation,1625936100000,1625936160000,2,0.9974776413680996,0.982232271781075
2,fold_02-generation-pred-000068,generation,1625936400000,1625936430000,1,0.9983387469369891,0.982232271781075
2,fold_02-generation-pred-000069,generation,1625936760000,1625936790000,1,0.9985250924647644,0.982232271781075
2,fold_02-generation-pred-000070,generation,1625937120000,1625937150000,1,0.9984077260022712,0.982232271781075
2,fold_02-generation-pred-000071,generation,1625937240000,1625937270000,1,0.998438272308743,0.982232271781075
2,fold_02-generation-pred-000072,generation,1625937390000,1625937420000,1,0.9976223683383342,0.982232271781075
2,fold_02-generation-pred-000073,generation,1625937660000,1625937690000,1,0.9985139833840242,0.982232271781075
2,fold_02-generation-pred-000074,generation,1625937720000,1625937750000,1,0.998430626585437,0.982232271781075
2,fold_02-generation-pred-000075,generation,1625938020000,1625938050000,1,0.998370062777839,0.982232271781075
2,fold_02-generation-pred-000076,generation,1625938080000,1625938110000,1,0.998448587296423,0.982232271781075
2,fold_02-generation-pred-000077,generation,1625938140000,1625938170000,1,0.9979601687858711,0.982232271781075
2,fold_02-generation-pred-000078,generation,1625938500000,1625938530000,1,0.9980153525680677,0.982232271781075
2,fold_02-generation-pred-000079,generation,1625938770000,1625938800000,1,0.9984960462701461,0.982232271781075
2,fold_02-generation-pred-000080,generation,1625938920000,1625938950000,1,0.9985044322758597,0.982232271781075
2,fold_02-generation-pred-000081,generation,1625939160000,1625939190000,1,0.9983751620861067,0.982232271781075
2,fold_02-generation-pred-000082,generation,1625939250000,1625939280000,1,0.9984336795058808,0.982232271781075
2,fold_02-generation-pred-000083,generation,1625939550000,1625939580000,1,0.9984862805950898,0.982232271781075
2,fold_02-generation-pred-000084,generation,1625939790000,1625939820000,1,0.9984247241654804,0.982232271781075
2,fold_02-generation-pred-000085,generation,1625939880000,1625939940000,2,0.9983936632455301,0.982232271781075
2,fold_02-generation-pred-000086,generation,1625940180000,1625940210000,1,0.9985792547127732,0.982232271781075
2,fold_02-generation-pred-000087,generation,1625940330000,1625940360000,1,0.9984066985184674,0.982232271781075
2,fold_02-generation-pred-000088,generation,1625940660000,1625940690000,1,0.9983773805871031,0.982232271781075
2,fold_02-generation-pred-000089,generation,1625940930000,1625940960000,1,0.9982729360291523,0.982232271781075
2,fold_02-generation-pred-000090,generation,1625941050000,1625941080000,1,0.9983936273027875,0.982232271781075
2,fold_02-generation-pred-000091,generation,1625941470000,1625941500000,1,0.9984274748928947,0.982232271781075
2,fold_02-generation-pred-000092,generation,1625941650000,1625941680000,1,0.9983844994812007,0.982232271781075
2,fold_02-generation-pred-000093,generation,1625941710000,1625941740000,1,0.9983200734312196,0.982232271781075
2,fold_02-generation-pred-000094,generation,1625941980000,1625942010000,1,0.998280150544569,0.982232271781075
2,fold_02-generation-pred-000095,generation,1625942550000,1625942580000,1,0.9984272922094407,0.982232271781075
2,fold_02-generation-pred-000096,generation,1625942730000,1625942760000,1,0.9984390884881463,0.982232271781075
2,fold_02-generation-pred-000097,generation,1625942790000,1625942820000,1,0.9839903949276906,0.982232271781075
2,fold_02-generation-pred-000098,generation,1625943300000,1625943330000,1,0.9982609726747849,0.982232271781075
2,fold_02-generation-pred-000099,generation,1625943390000,1625943450000,2,0.9983758240881434,0.982232271781075
2,fold_02-generation-pred-000100,generation,1625943540000,1625943570000,1,0.9984957411966405,0.982232271781075
2,fold_02-generation-pred-000101,generation,1625944110000,1625944170000,2,0.9983704894933658,0.982232271781075
2,fold_02-generation-pred-000102,generation,1625944260000,1625944290000,1,0.9984035322913484,0.982232271781075
2,fold_02-generation-pred-000103,generation,1625945070000,1625945100000,1,0.9982761064497322,0.982232271781075
2,fold_02-generation-pred-000104,generation,1625945160000,1625945190000,1,0.9981157149426195,0.982232271781075
2,fold_02-generation-pred-000105,generation,1625945250000,1625945280000,1,0.998393859769307,0.982232271781075
2,fold_02-generation-pred-000106,generation,1625945310000,1625945340000,1,0.9983846571361923,0.982232271781075
2,fold_02-generation-pred-000107,generation,1625945460000,1625945490000,1,0.9984985647022744,0.982232271781075
2,fold_02-generation-pred-000108,generation,1625945670000,1625945700000,1,0.9983960741626219,0.982232271781075
2,fold_02-generation-pred-000109,generation,1625945820000,1625945850000,1,0.9984668523549141,0.982232271781075
2,fold_02-generation-pred-000110,generation,1625946090000,1625946120000,1,0.9981267375419343,0.982232271781075
2,fold_02-generation-pred-000111,generation,1625946180000,1625946210000,1,0.9977776675394342,0.982232271781075
2,fold_02-generation-pred-000112,generation,1625946240000,1625946270000,1,0.997926366885815,0.982232271781075
2,fold_02-generation-pred-000113,generation,1625946300000,1625946330000,1,0.9976913958457039,0.982232271781075
2,fold_02-generation-pred-000114,generation,1625946570000,1625946600000,1,0.9983875345217957,0.982232271781075
2,fold_02-generation-pred-000115,generation,1625946630000,1625946660000,1,0.9983620454624076,0.982232271781075
2,fold_02-generation-pred-000116,generation,1625946900000,1625946930000,1,0.99847424123062,0.982232271781075
2,fold_02-generation-pred-000117,generation,1625947290000,1625947320000,1,0.9985027073480853,0.982232271781075
2,fold_02-generation-pred-000118,generation,1625947530000,1625947560000,1,0.9984925463932587,0.982232271781075
2,fold_02-generation-pred-000119,generation,1625947710000,1625947740000,1,0.9982893654088419,0.982232271781075
2,fold_02-generation-pred-000120,generation,1625947830000,1625947860000,1,0.9983480777927864,0.982232271781075
2,fold_02-generation-pred-000121,generation,1625948160000,1625948220000,2,0.9983905071695734,0.982232271781075
2,fold_02-generation-pred-000122,generation,1625948280000,1625948310000,1,0.9984796601989998,0.982232271781075
2,fold_02-generation-pred-000123,generation,1625948370000,1625948400000,1,0.9982344599658818,0.982232271781075
2,fold_02-generation-pred-000124,generation,1625948520000,1625948550000,1,0.9984361399087562,0.982232271781075
2,fold_02-generation-pred-000125,generation,1625948640000,1625948670000,1,0.9984757746775336,0.982232271781075
2,fold_02-generation-pred-000126,generation,1625948880000,1625948910000,1,0.9985046131321705,0.982232271781075
2,fold_02-generation-pred-000127,generation,1625949180000,1625949210000,1,0.9984028465884619,0.982232271781075
2,fold_02-generation-pred-000128,generation,1625949270000,1625949300000,1,0.9984059291787472,0.982232271781075
2,fold_02-generation-pred-000129,generation,1625949900000,1625949930000,1,0.9983406343707406,0.982232271781075
2,fold_02-generation-pred-000130,generation,1625949990000,1625950020000,1,0.998365192663409,0.982232271781075
2,fold_02-generation-pred-000131,generation,1625950170000,1625950200000,1,0.9983719449174585,0.982232271781075
2,fold_02-generation-pred-000132,generation,1625950230000,1625950260000,1,0.9984223907950309,0.982232271781075
2,fold_02-generation-pred-000133,generation,1625951040000,1625951070000,1,0.9985266618690951,0.982232271781075
2,fold_02-generation-pred-000134,generation,1625951100000,1625951130000,1,0.9982516084610693,0.982232271781075
2,fold_02-generation-pred-000135,generation,1625951400000,1625951430000,1,0.9983626091307954,0.982232271781075
2,fold_02-generation-pred-000136,generation,1625951640000,1625951670000,1,0.9983088289535376,0.982232271781075
2,fold_02-generation-pred-000137,generation,1625951790000,1625951820000,1,0.9984357452526217,0.982232271781075
2,fold_02-generation-pred-000138,generation,1625952240000,1625952300000,2,0.9984359187646413,0.982232271781075
2,fold_02-generation-pred-000139,generation,1625952690000,1625952720000,1,0.9984076153236471,0.982232271781075
2,fold_02-generation-pred-000140,generation,1625952960000,1625952990000,1,0.9984571897792385,0.982232271781075
2,fold_02-generation-pred-000141,generation,1625953170000,1625953200000,1,0.9984227182301983,0.982232271781075
2,fold_02-generation-pred-000142,generation,1625953260000,1625953290000,1,0.9983331796827667,0.982232271781075
2,fold_02-generation-pred-000143,generation,1625953560000,1625953590000,1,0.9983596100309775,0.982232271781075
2,fold_02-generation-pred-000144,generation,1625953620000,1625953650000,1,0.9982365412236407,0.982232271781075
2,fold_02-generation-pred-000145,generation,1625953770000,1625953800000,1,0.9985283066877286,0.982232271781075
2,fold_02-generation-pred-000146,generation,1625954160000,1625954190000,1,0.998392501200214,0.982232271781075
2,fold_02-generation-pred-000147,generation,1625954430000,1625954460000,1,0.9983698509303401,0.982232271781075
2,fold_02-generation-pred-000148,generation,1625954790000,1625954820000,1,0.9983956831596617,0.982232271781075
2,fold_02-generation-pred-000149,generation,1625954850000,1625954880000,1,0.9983286714182228,0.982232271781075
2,fold_02-generation-pred-000150,generation,1625955090000,1625955120000,1,0.998442340050086,0.982232271781075
2,fold_02-generation-pred-000151,generation,1625955300000,1625955330000,1,0.998106399350033,0.982232271781075
2,fold_02-generation-pred-000152,generation,1625955360000,1625955390000,1,0.9984824596547732,0.982232271781075
2,fold_02-generation-pred-000153,generation,1625955750000,1625955780000,1,0.9982147692674165,0.982232271781075
2,fold_02-generation-pred-000154,generation,1625955900000,1625955930000,1,0.9981878579325211,0.982232271781075
2,fold_02-generation-pred-000155,generation,1625956110000,1625956140000,1,0.9983958297969227,0.982232271781075
2,fold_02-generation-pred-000156,generation,1625956290000,1625956320000,1,0.9984631661151694,0.982232271781075
2,fold_02-generation-pred-000157,generation,1625956530000,1625956560000,1,0.9984287680449423,0.982232271781075
2,fold_02-generation-pred-000158,generation,1625956620000,1625956650000,1,0.9983998662234062,0.982232271781075
2,fold_02-generation-pred-000159,generation,1625956680000,1625956710000,1,0.9983427382128466,0.982232271781075
2,fold_02-generation-pred-000160,generation,1625956800000,1625956830000,1,0.998468463948133,0.982232271781075
2,fold_02-generation-pred-000161,generation,1625956920000,1625956950000,1,0.9984561544738099,0.982232271781075
2,fold_02-generation-pred-000162,generation,1625957220000,1625957250000,1,0.9983977531710405,0.982232271781075
2,fold_02-generation-pred-000163,generation,1625957520000,1625957550000,1,0.9983131240732809,0.982232271781075
2,fold_02-generation-pred-000164,generation,1625957640000,1625957670000,1,0.9985098080342782,0.982232271781075
2,fold_02-generation-pred-000165,generation,1625957730000,1625957760000,1,0.9984180948200678,0.982232271781075
2,fold_02-generation-pred-000166,generation,1625957880000,1625957910000,1,0.9984922075884245,0.982232271781075
2,fold_02-generation-pred-000167,generation,1625957970000,1625958030000,2,0.9984915922335877,0.982232271781075
2,fold_02-generation-pred-000168,generation,1625958420000,1625958480000,2,0.9985020099739237,0.982232271781075
2,fold_02-generation-pred-000169,generation,1625958540000,1625958600000,2,0.9984838246071269,0.982232271781075
2,fold_02-generation-pred-000170,generation,1625958630000,1625958660000,1,0.9984702209815532,0.982232271781075
2,fold_02-generation-pred-000171,generation,1625958960000,1625958990000,1,0.9984124862380891,0.982232271781075
2,fold_02-generation-pred-000172,generation,1625959200000,1625959230000,1,0.998432494871413,0.982232271781075
2,fold_02-generation-pred-000173,generation,1625960370000,1625960400000,1,0.9984323351608534,0.982232271781075
2,fold_02-generation-pred-000174,generation,1625960820000,1625960850000,1,0.9983377945037176,0.982232271781075
2,fold_02-generation-pred-000175,generation,1625960940000,1625960970000,1,0.9984251253466967,0.982232271781075
2,fold_02-generation-pred-000176,generation,1625961240000,1625961300000,2,0.9984268810941918,0.982232271781075
2,fold_02-generation-pred-000177,generation,1625961480000,1625961510000,1,0.9984045572564079,0.982232271781075
2,fold_02-generation-pred-000178,generation,1625962080000,1625962140000,2,0.9985191831514076,0.982232271781075
2,fold_02-generation-pred-000179,generation,1625962260000,1625962290000,1,0.9979345465644841,0.982232271781075
2,fold_02-generation-pred-000180,generation,1625962530000,1625962560000,1,0.9984000132406534,0.982232271781075
2,fold_02-generation-pred-000181,generation,1625962890000,1625962920000,1,0.998329905764578,0.982232271781075
2,fold_02-generation-pred-000182,generation,1625963100000,1625963130000,1,0.9982171910978818,0.982232271781075
2,fold_02-generation-pred-000183,generation,1625963160000,1625963190000,1,0.9984233819042736,0.982232271781075
2,fold_02-generation-pred-000184,generation,1625963250000,1625963280000,1,0.9985538911369171,0.982232271781075
2,fold_02-generation-pred-000185,generation,1625963310000,1625963340000,1,0.998456402157864,0.982232271781075
2,fold_02-generation-pred-000186,generation,1625963490000,1625963520000,1,0.9984197748878908,0.982232271781075
2,fold_02-generation-pred-000187,generation,1625963730000,1625963760000,1,0.998370941690055,0.982232271781075
2,fold_02-generation-pred-000188,generation,1625964150000,1625964180000,1,0.998434651610359,0.982232271781075
2,fold_02-generation-pred-000189,generation,1625964270000,1625964330000,2,0.9984682079864144,0.982232271781075
2,fold_02-generation-pred-000190,generation,1625964390000,1625964420000,1,0.9982539538073495,0.982232271781075
2,fold_02-generation-pred-000191,generation,1625964540000,1625964570000,1,0.9984754763859187,0.982232271781075
2,fold_02-generation-pred-000192,generation,1625964600000,1625964630000,1,0.9980638628420779,0.982232271781075
2,fold_02-generation-pred-000193,generation,1625964720000,1625964750000,1,0.9985554326931035,0.982232271781075
2,fold_02-generation-pred-000194,generation,1625964840000,1625964870000,1,0.9984857817851452,0.982232271781075
2,fold_02-generation-pred-000195,generation,1625965260000,1625965290000,1,0.9985280424906201,0.982232271781075
2,fold_02-generation-pred-000196,generation,1625965320000,1625965350000,1,0.9983715720742182,0.982232271781075
2,fold_02-generation-pred-000197,generation,1625965590000,1625965620000,1,0.9983894800933198,0.982232271781075
2,fold_02-generation-pred-000198,generation,1625965890000,1625965920000,1,0.9984218258849863,0.982232271781075
2,fold_02-generation-pred-000199,generation,1625965980000,1625966010000,1,0.9984629400053395,0.982232271781075
2,fold_02-generation-pred-000200,generation,1625966580000,1625966610000,1,0.9983471055209563,0.982232271781075
2,fold_02-generation-pred-000201,generation,1625967540000,1625967600000,2,0.9981843915662315,0.982232271781075
2,fold_02-generation-pred-000202,generation,1625968590000,1625968650000,2,0.9981780322258719,0.982232271781075
2,fold_02-generation-pred-000203,generation,1625968890000,1625968920000,1,0.9984257865106018,0.982232271781075
2,fold_02-generation-pred-000204,generation,1625969370000,1625969400000,1,0.9984204601024376,0.982232271781075
2,fold_02-generation-pred-000205,generation,1625970030000,1625970060000,1,0.9985801196953296,0.982232271781075
2,fold_02-generation-pred-000206,generation,1625970330000,1625970360000,1,0.9982571432507713,0.982232271781075
2,fold_02-generation-pred-000207,generation,1625970420000,1625970450000,1,0.9984123373417044,0.982232271781075
2,fold_02-generation-pred-000208,generation,1625970480000,1625970510000,1,0.9984298239295047,0.982232271781075
2,fold_02-generation-pred-000209,generation,1625970870000,1625970900000,1,0.9983398237005985,0.982232271781075
2,fold_02-generation-pred-000210,generation,1625971320000,1625971350000,1,0.9981676109432948,0.982232271781075
2,fold_02-generation-pred-000211,generation,1625971440000,1625971470000,1,0.9984158941888984,0.982232271781075
2,fold_02-generation-pred-000212,generation,1625971680000,1625971710000,1,0.9984750175853269,0.982232271781075
2,fold_02-generation-pred-000213,generation,1625971800000,1625971830000,1,0.9983701372671306,0.982232271781075
2,fold_02-generation-pred-000214,generation,1625972070000,1625972130000,2,0.9984801378666004,0.982232271781075
2,fold_02-generation-pred-000215,generation,1625972520000,1625972550000,1,0.9984358897231962,0.982232271781075
2,fold_02-generation-pred-000216,generation,1625972610000,1625972640000,1,0.9984453879832357,0.982232271781075
2,fold_02-generation-pred-000217,generation,1625972670000,1625972700000,1,0.9983678459431026,0.982232271781075
2,fold_02-generation-pred-000218,generation,1625972730000,1625972760000,1,0.9983021726428367,0.982232271781075
2,fold_02-generation-pred-000219,generation,1625972790000,1625972820000,1,0.9984404530383023,0.982232271781075
2,fold_02-generation-pred-000220,generation,1625973120000,1625973150000,1,0.9984257880095248,0.982232271781075
2,fold_02-generation-pred-000221,generation,1625973330000,1625973360000,1,0.9982952240220893,0.982232271781075
2,fold_02-generation-pred-000222,generation,1625973390000,1625973420000,1,0.9983479393811829,0.982232271781075
2,fold_02-generation-pred-000223,generation,1625973750000,1625973780000,1,0.9984212743019558,0.982232271781075
2,fold_02-generation-pred-000224,generation,1625974020000,1625974050000,1,0.9984893419378986,0.982232271781075
2,fold_02-generation-pred-000225,generation,1625974140000,1625974170000,1,0.9985189321277798,0.982232271781075
2,fold_02-generation-pred-000226,generation,1625974320000,1625974350000,1,0.9982063378327942,0.982232271781075
2,fold_02-generation-pred-000227,generation,1625974710000,1625974740000,1,0.9982665150046439,0.982232271781075
2,fold_02-generation-pred-000228,generation,1625975370000,1625975400000,1,0.9979752631995026,0.982232271781075
2,fold_02-generation-pred-000229,generation,1625975460000,1625975490000,1,0.9985332196746485,0.982232271781075
2,fold_02-generation-pred-000230,generation,1625975550000,1625975580000,1,0.9983423594811568,0.982232271781075
2,fold_02-generation-pred-000231,generation,1625975640000,1625975670000,1,0.9984652266463829,0.982232271781075
2,fold_02-generation-pred-000232,generation,1625975700000,1625975730000,1,0.9981289081450899,0.982232271781075
2,fold_02-generation-pred-000233,generation,1625975910000,1625975970000,2,0.9979867158504615,0.982232271781075
2,fold_02-generation-pred-000234,generation,1625976060000,1625976090000,1,0.9983133521122375,0.982232271781075
2,fold_02-generation-pred-000235,generation,1625976240000,1625976270000,1,0.9984626040721394,0.982232271781075
2,fold_02-generation-pred-000236,generation,1625976330000,1625976360000,1,0.9981886849111534,0.982232271781075
2,fold_02-generation-pred-000237,generation,1625976480000,1625976510000,1,0.9983657334665174,0.982232271781075
2,fold_02-generation-pred-000238,generation,1625976630000,1625976660000,1,0.9981144823315542,0.982232271781075
2,fold_02-generation-pred-000239,generation,1625977050000,1625977080000,1,0.9970832143220252,0.982232271781075
2,fold_02-generation-pred-000240,generation,1625977110000,1625977140000,1,0.9984425439748849,0.982232271781075
2,fold_02-generation-pred-000241,generation,1625977470000,1625977500000,1,0.9984799612917972,0.982232271781075
2,fold_02-generation-pred-000242,generation,1625977560000,1625977620000,2,0.9983782671405086,0.982232271781075
2,fold_02-generation-pred-000243,generation,1625977650000,1625977680000,1,0.9984136935220783,0.982232271781075
2,fold_02-generation-pred-000244,generation,1625977920000,1625977950000,1,0.9984094458397508,0.982232271781075
2,fold_02-generation-pred-000245,generation,1625978460000,1625978490000,1,0.9984243738921169,0.982232271781075
2,fold_02-generation-pred-000246,generation,1625978940000,1625978970000,1,0.9983379313902014,0.982232271781075
2,fold_02-generation-pred-000247,generation,1625979060000,1625979120000,2,0.998534116133077,0.982232271781075
2,fold_02-generation-pred-000248,generation,1625979180000,1625979210000,1,0.9982792497636943,0.982232271781075
2,fold_02-generation-pred-000249,generation,1625979420000,1625979450000,1,0.9984220016898064,0.982232271781075
2,fold_02-generation-pred-000250,generation,1625979480000,1625979510000,1,0.9985323079935903,0.982232271781075
2,fold_02-generation-pred-000251,generation,1625979570000,1625979600000,1,0.998432159012613,0.982232271781075
2,fold_02-generation-pred-000252,generation,1625980020000,1625980050000,1,0.9984174507733816,0.982232271781075
2,fold_02-generation-pred-000253,generation,1625980230000,1625980290000,2,0.9983825355823811,0.982232271781075
2,fold_02-generation-pred-000254,generation,1625980320000,1625980350000,1,0.9944130005576958,0.982232271781075
2,fold_02-generation-pred-000255,generation,1625980410000,1625980440000,1,0.9983899622874423,0.982232271781075
2,fold_02-generation-pred-000256,generation,1625980620000,1625980650000,1,0.9983953348425296,0.982232271781075
2,fold_02-generation-pred-000257,generation,1625980800000,1625980830000,1,0.9981354128905743,0.982232271781075
2,fold_02-generation-pred-000258,generation,1625980950000,1625980980000,1,0.998386121439649,0.982232271781075
2,fold_02-generation-pred-000259,generation,1625981100000,1625981130000,1,0.9984229922923229,0.982232271781075
2,fold_02-generation-pred-000260,generation,1625981820000,1625981850000,1,0.9983754374374251,0.982232271781075
2,fold_02-generation-pred-000261,generation,1625981880000,1625981910000,1,0.9983940876150718,0.982232271781075
2,fold_02-generation-pred-000262,generation,1625982210000,1625982240000,1,0.9984313250258839,0.982232271781075
2,fold_02-generation-pred-000263,generation,1625982570000,1625982600000,1,0.998428425403229,0.982232271781075
2,fold_02-generation-pred-000264,generation,1625982780000,1625982810000,1,0.9980543117725073,0.982232271781075
2,fold_02-generation-pred-000265,generation,1625982840000,1625982870000,1,0.9984459074778851,0.982232271781075
2,fold_02-generation-pred-000266,generation,1625982900000,1625982930000,1,0.9982620302702533,0.982232271781075
2,fold_02-generation-pred-000267,generation,1625982960000,1625982990000,1,0.9981833188054792,0.982232271781075
2,fold_02-generation-pred-000268,generation,1625984160000,1625984190000,1,0.9982775181240376,0.982232271781075
2,fold_02-generation-pred-000269,generation,1625984250000,1625984280000,1,0.9983529533325657,0.982232271781075
2,fold_02-generation-pred-000270,generation,1625984760000,1625984790000,1,0.9983149178439562,0.982232271781075
2,fold_02-generation-pred-000271,generation,1625984910000,1625984940000,1,0.9984161980878593,0.982232271781075
2,fold_02-generation-pred-000272,generation,1625985120000,1625985150000,1,0.9984973238994937,0.982232271781075
2,fold_02-generation-pred-000273,generation,1625985330000,1625985390000,2,0.9982230655659532,0.982232271781075
2,fold_02-generation-pred-000274,generation,1625985630000,1625985720000,3,0.9981912057740319,0.982232271781075
2,fold_02-generation-pred-000275,generation,1625985750000,1625985780000,1,0.997838541085162,0.982232271781075
2,fold_02-generation-pred-000276,generation,1625985870000,1625985900000,1,0.998412573906596,0.982232271781075
2,fold_02-generation-pred-000277,generation,1625985960000,1625985990000,1,0.9983884738443736,0.982232271781075
2,fold_02-generation-pred-000278,generation,1625986050000,1625986110000,2,0.9982581028462475,0.982232271781075
2,fold_02-generation-pred-000279,generation,1625986140000,1625986170000,1,0.9983759663524806,0.982232271781075
2,fold_02-generation-pred-000280,generation,1625986380000,1625986410000,1,0.9983665486132135,0.982232271781075
2,fold_02-generation-pred-000281,generation,1625986500000,1625986530000,1,0.9984254154833561,0.982232271781075
2,fold_02-generation-pred-000282,generation,1625986680000,1625986710000,1,0.9984849423762098,0.982232271781075
2,fold_02-generation-pred-000283,generation,1625986800000,1625986830000,1,0.9984100356119409,0.982232271781075
2,fold_02-generation-pred-000284,generation,1625986890000,1625986920000,1,0.9980519509693878,0.982232271781075
2,fold_02-generation-pred-000285,generation,1625987010000,1625987040000,1,0.9983367797686912,0.982232271781075
2,fold_02-generation-pred-000286,generation,1625987190000,1625987220000,1,0.9980559296985575,0.982232271781075
2,fold_02-generation-pred-000287,generation,1625987460000,1625987490000,1,0.9984425239543573,0.982232271781075
2,fold_02-generation-pred-000288,generation,1625987820000,1625987850000,1,0.9983386773423852,0.982232271781075
2,fold_02-generation-pred-000289,generation,1625988180000,1625988210000,1,0.9984103217128325,0.982232271781075
2,fold_02-generation-pred-000290,generation,1625988330000,1625988360000,1,0.998382861267948,0.982232271781075
2,fold_02-generation-pred-000291,generation,1625988420000,1625988450000,1,0.9983604797409004,0.982232271781075
2,fold_02-generation-pred-000292,generation,1625988600000,1625988630000,1,0.9983174235213649,0.982232271781075
2,fold_02-generation-pred-000293,generation,1625988720000,1625988750000,1,0.9982627134762536,0.982232271781075
2,fold_02-generation-pred-000294,generation,1625988780000,1625988810000,1,0.9942427266983743,0.982232271781075
2,fold_02-generation-pred-000295,generation,1625988930000,1625988960000,1,0.9975950577294015,0.982232271781075
2,fold_02-generation-pred-000296,generation,1625989110000,1625989140000,1,0.9982407273791886,0.982232271781075
2,fold_02-generation-pred-000297,generation,1625990070000,1625990100000,1,0.9985945247058636,0.982232271781075
2,fold_02-generation-pred-000298,generation,1625990280000,1625990310000,1,0.998353651799508,0.982232271781075
2,fold_02-generation-pred-000299,generation,1625990670000,1625990700000,1,0.9985125563097539,0.982232271781075
2,fold_02-generation-pred-000300,generation,1625990850000,1625990880000,1,0.9983298119480548,0.982232271781075
2,fold_02-generation-pred-000301,generation,1625990940000,1625990970000,1,0.9983166488101851,0.982232271781075
2,fold_02-generation-pred-000302,generation,1625991030000,1625991060000,1,0.9984508156015628,0.982232271781075
2,fold_02-generation-pred-000303,generation,1625991240000,1625991300000,2,0.9982292747449955,0.982232271781075
2,fold_02-generation-pred-000304,generation,1625991720000,1625991750000,1,0.9975334440826011,0.982232271781075
2,fold_02-generation-pred-000305,generation,1625992200000,1625992230000,1,0.9983232157361901,0.982232271781075
2,fold_02-generation-pred-000306,generation,1625992800000,1625992830000,1,0.9985496834352653,0.982232271781075
2,fold_02-generation-pred-000307,generation,1625993070000,1625993100000,1,0.9985334340645702,0.982232271781075
2,fold_02-generation-pred-000308,generation,1625993340000,1625993370000,1,0.9984308566942237,0.982232271781075
2,fold_02-generation-pred-000309,generation,1625993640000,1625993670000,1,0.9982540635125386,0.982232271781075
2,fold_02-generation-pred-000310,generation,1625993760000,1625993790000,1,0.9980548867158751,0.982232271781075
2,fold_02-generation-pred-000311,generation,1625993970000,1625994000000,1,0.9984236378397701,0.982232271781075
2,fold_02-generation-pred-000312,generation,1625994390000,1625994420000,1,0.9980241252825331,0.982232271781075
2,fold_02-generation-pred-000313,generation,1625994690000,1625994720000,1,0.9983401745654353,0.982232271781075
2,fold_02-generation-pred-000314,generation,1625994750000,1625994780000,1,0.9982639749652767,0.982232271781075
2,fold_02-generation-pred-000315,generation,1625994900000,1625994930000,1,0.998408917963705,0.982232271781075
2,fold_02-generation-pred-000316,generation,1625995140000,1625995170000,1,0.998353297507563,0.982232271781075
2,fold_02-generation-pred-000317,generation,1625995230000,1625995260000,1,0.9983185140827555,0.982232271781075
2,fold_02-generation-pred-000318,generation,1625995560000,1625995620000,2,0.9982964157212093,0.982232271781075
2,fold_02-generation-pred-000319,generation,1625995650000,1625995680000,1,0.9982000492255391,0.982232271781075
2,fold_02-generation-pred-000320,generation,1625995710000,1625995740000,1,0.9982093891053705,0.982232271781075
2,fold_02-generation-pred-000321,generation,1625995770000,1625995800000,1,0.9979579932985198,0.982232271781075
2,fold_02-generation-pred-000322,generation,1625995950000,1625995980000,1,0.9983730598378067,0.982232271781075
2,fold_02-generation-pred-000323,generation,1625996100000,1625996130000,1,0.9984313690881855,0.982232271781075
2,fold_02-generation-pred-000324,generation,1625996400000,1625996430000,1,0.9982062746541333,0.982232271781075
2,fold_02-generation-pred-000325,generation,1625996520000,1625996550000,1,0.9982803601133126,0.982232271781075
2,fold_02-generation-pred-000326,generation,1625996580000,1625996610000,1,0.9982675016122469,0.982232271781075
2,fold_02-generation-pred-000327,generation,1625997060000,1625997090000,1,0.998334405947775,0.982232271781075
2,fold_02-generation-pred-000328,generation,1625997210000,1625997240000,1,0.9984508281401051,0.982232271781075
2,fold_02-generation-pred-000329,generation,1625997270000,1625997300000,1,0.9980404537401861,0.982232271781075
2,fold_02-generation-pred-000330,generation,1625997510000,1625997540000,1,0.9982219309830395,0.982232271781075
2,fold_02-generation-pred-000331,generation,1625997600000,1625997630000,1,0.9983122750803377,0.982232271781075
2,fold_02-generation-pred-000332,generation,1625997750000,1625997780000,1,0.9982989286202235,0.982232271781075
2,fold_02-generation-pred-000333,generation,1625997900000,1625997930000,1,0.9984377368778327,0.982232271781075
2,fold_02-generation-pred-000334,generation,1625998290000,1625998320000,1,0.9984054752917282,0.982232271781075
2,fold_02-generation-pred-000335,generation,1625998620000,1625998650000,1,0.9983936502450564,0.982232271781075
2,fold_02-generation-pred-000336,generation,1625998680000,1625998740000,2,0.998254179859008,0.982232271781075
2,fold_02-generation-pred-000337,generation,1625999070000,1625999130000,2,0.9983925119141402,0.982232271781075
2,fold_02-generation-pred-000338,generation,1625999430000,1625999460000,1,0.9982427928975142,0.982232271781075
2,fold_02-generation-pred-000339,generation,1625999910000,1625999940000,1,0.9983168611501116,0.982232271781075
2,fold_02-generation-pred-000340,generation,1626000180000,1626000210000,1,0.9984205962074302,0.982232271781075
2,fold_02-generation-pred-000341,generation,1626000240000,1626000270000,1,0.9981109433054733,0.982232271781075
2,fold_02-generation-pred-000342,generation,1626000480000,1626000510000,1,0.9983416404423343,0.982232271781075
2,fold_02-generation-pred-000343,generation,1626000690000,1626000720000,1,0.9978483823929292,0.982232271781075
2,fold_02-generation-pred-000344,generation,1626000750000,1626000780000,1,0.9983837548344645,0.982232271781075
2,fold_02-generation-pred-000345,generation,1626000840000,1626000870000,1,0.9983519517591319,0.982232271781075
2,fold_02-generation-pred-000346,generation,1626000990000,1626001020000,1,0.9983156284043981,0.982232271781075
2,fold_02-generation-pred-000347,generation,1626001080000,1626001110000,1,0.9984662624493492,0.982232271781075
2,fold_02-generation-pred-000348,generation,1626001170000,1626001200000,1,0.9984386789650274,0.982232271781075
2,fold_02-generation-pred-000349,generation,1626001440000,1626001470000,1,0.9984072248548351,0.982232271781075
2,fold_02-generation-pred-000350,generation,1626001500000,1626001530000,1,0.9982481287407293,0.982232271781075
2,fold_02-generation-pred-000351,generation,1626001590000,1626001620000,1,0.9983943307169073,0.982232271781075
2,fold_02-generation-pred-000352,generation,1626001950000,1626001980000,1,0.9981905298099178,0.982232271781075
2,fold_02-generation-pred-000353,generation,1626002040000,1626002100000,2,0.9983703529565333,0.982232271781075
2,fold_02-generation-pred-000354,generation,1626002310000,1626002340000,1,0.9984899718694715,0.982232271781075
2,fold_02-generation-pred-000355,generation,1626002430000,1626002490000,2,0.9983280570872007,0.982232271781075
2,fold_02-generation-pred-000356,generation,1626002580000,1626002610000,1,0.9984526628371929,0.982232271781075
2,fold_02-generation-pred-000357,generation,1626002880000,1626002910000,1,0.997995276248113,0.982232271781075
2,fold_02-generation-pred-000358,generation,1626002940000,1626002970000,1,0.998388011158162,0.982232271781075
2,fold_02-generation-pred-000359,generation,1626003030000,1626003060000,1,0.9984164778044263,0.982232271781075
2,fold_02-generation-pred-000360,generation,1626003090000,1626003120000,1,0.998311948863708,0.982232271781075
2,fold_02-generation-pred-000361,generation,1626003240000,1626003270000,1,0.9985476241024387,0.982232271781075
2,fold_02-generation-pred-000362,generation,1626003300000,1626003330000,1,0.9982908362151626,0.982232271781075
2,fold_02-generation-pred-000363,generation,1626003390000,1626003420000,1,0.9983306815368435,0.982232271781075
2,fold_02-generation-pred-000364,generation,1626003510000,1626003540000,1,0.9984829234428008,0.982232271781075
2,fold_02-generation-pred-000365,generation,1626003570000,1626003600000,1,0.9868102868276389,0.982232271781075
2,fold_02-generation-pred-000366,generation,1626003780000,1626003810000,1,0.9984477258226612,0.982232271781075
2,fold_02-generation-pred-000367,generation,1626003840000,1626003870000,1,0.998272769955772,0.982232271781075
2,fold_02-generation-pred-000368,generation,1626004110000,1626004140000,1,0.9983620860093372,0.982232271781075
2,fold_02-generation-pred-000369,generation,1626004230000,1626004260000,1,0.9984846978218238,0.982232271781075
2,fold_02-generation-pred-000370,generation,1626004350000,1626004380000,1,0.9982641988955457,0.982232271781075
2,fold_02-generation-pred-000371,generation,1626004590000,1626004620000,1,0.9984773239848335,0.982232271781075
2,fold_02-generation-pred-000372,generation,1626004710000,1626004740000,1,0.9984604564677697,0.982232271781075
2,fold_02-generation-pred-000373,generation,1626004890000,1626004920000,1,0.9983678319570166,0.982232271781075
2,fold_02-generation-pred-000374,generation,1626005100000,1626005130000,1,0.9984762775044242,0.982232271781075
2,fold_02-generation-pred-000375,generation,1626005190000,1626005220000,1,0.9983911897366355,0.982232271781075
2,fold_02-generation-pred-000376,generation,1626005340000,1626005370000,1,0.9983616095196196,0.982232271781075
2,fold_02-generation-pred-000377,generation,1626005400000,1626005430000,1,0.9984748701881644,0.982232271781075
2,fold_02-generation-pred-000378,generation,1626005610000,1626005640000,1,0.9983145720793942,0.982232271781075
2,fold_02-generation-pred-000379,generation,1626005910000,1626005940000,1,0.9983742924126309,0.982232271781075
2,fold_02-generation-pred-000380,generation,1626006000000,1626006030000,1,0.9983922853759478,0.982232271781075
2,fold_02-generation-pred-000381,generation,1626006210000,1626006240000,1,0.9984901976030002,0.982232271781075
2,fold_02-generation-pred-000382,generation,1626006270000,1626006330000,2,0.9982956638064283,0.982232271781075
2,fold_02-generation-pred-000383,generation,1626006390000,1626006450000,2,0.9982104345738406,0.982232271781075
2,fold_02-generation-pred-000384,generation,1626006480000,1626006510000,1,0.9984003521668517,0.982232271781075
2,fold_02-generation-pred-000385,generation,1626006660000,1626006720000,2,0.9983804366904586,0.982232271781075
2,fold_02-generation-pred-000386,generation,1626006900000,1626006930000,1,0.9984584130288416,0.982232271781075
2,fold_02-generation-pred-000387,generation,1626006990000,1626007020000,1,0.9984029933323169,0.982232271781075
2,fold_02-generation-pred-000388,generation,1626007170000,1626007200000,1,0.9980908710513371,0.982232271781075
2,fold_02-generation-pred-000389,generation,1626007680000,1626007710000,1,0.9983286976734639,0.982232271781075
2,fold_02-generation-pred-000390,generation,1626007920000,1626007950000,1,0.9983345494554695,0.982232271781075
2,fold_02-generation-pred-000391,generation,1626008310000,1626008340000,1,0.9981693030064254,0.982232271781075
2,fold_02-generation-pred-000392,generation,1626008460000,1626008490000,1,0.9985362468630592,0.982232271781075
2,fold_02-generation-pred-000393,generation,1626008550000,1626008580000,1,0.9984325336771328,0.982232271781075
2,fold_02-generation-pred-000394,generation,1626008670000,1626008730000,2,0.9983810926934434,0.982232271781075
2,fold_02-generation-pred-000395,generation,1626008910000,1626008940000,1,0.9983601667295992,0.982232271781075
2,fold_02-generation-pred-000396,generation,1626009000000,1626009030000,1,0.998299008784008,0.982232271781075
2,fold_02-generation-pred-000397,generation,1626009240000,1626009270000,1,0.998319196725469,0.982232271781075
2,fold_02-generation-pred-000398,generation,1626009450000,1626009480000,1,0.9985614571830306,0.982232271781075
2,fold_02-generation-pred-000399,generation,1626009540000,1626009600000,2,0.9981658186725743,0.982232271781075
2,fold_02-generation-pred-000400,generation,1626009660000,1626009690000,1,0.9983832715539374,0.982232271781075
2,fold_02-generation-pred-000401,generation,1626009750000,1626009780000,1,0.9982359207982598,0.982232271781075
2,fold_02-generation-pred-000402,generation,1626010140000,1626010170000,1,0.9979708454985196,0.982232271781075
2,fold_02-generation-pred-000403,generation,1626010200000,1626010230000,1,0.9984160616044605,0.982232271781075
2,fold_02-generation-pred-000404,generation,1626010530000,1626010560000,1,0.9981265324701207,0.982232271781075
2,fold_02-generation-pred-000405,generation,1626010860000,1626010890000,1,0.9977182164159917,0.982232271781075
2,fold_02-generation-pred-000406,generation,1626010950000,1626010980000,1,0.9984553597060949,0.982232271781075
2,fold_02-generation-pred-000407,generation,1626011130000,1626011160000,1,0.9982798271365267,0.982232271781075
2,fold_02-generation-pred-000408,generation,1626011280000,1626011310000,1,0.9983851499973362,0.982232271781075
2,fold_02-generation-pred-000409,generation,1626011370000,1626011400000,1,0.9982148576386762,0.982232271781075
2,fold_02-generation-pred-000410,generation,1626011520000,1626011550000,1,0.9983412583016414,0.982232271781075
2,fold_02-generation-pred-000411,generation,1626011790000,1626011820000,1,0.9985510735611393,0.982232271781075
2,fold_02-generation-pred-000412,generation,1626011940000,1626011970000,1,0.998522982091569,0.982232271781075
2,fold_02-generation-pred-000413,generation,1626012120000,1626012150000,1,0.9983559231017965,0.982232271781075
2,fold_02-generation-pred-000414,generation,1626012450000,1626012480000,1,0.9983308833693952,0.982232271781075
2,fold_02-generation-pred-000415,generation,1626012720000,1626012750000,1,0.998291564232197,0.982232271781075
2,fold_02-generation-pred-000416,generation,1626013080000,1626013110000,1,0.9983462838365811,0.982232271781075
2,fold_02-generation-pred-000417,generation,1626013200000,1626013230000,1,0.9984583124740402,0.982232271781075
2,fold_02-generation-pred-000418,generation,1626013440000,1626013470000,1,0.9983753771116274,0.982232271781075
2,fold_02-generation-pred-000419,generation,1626013560000,1626013590000,1,0.9983992155292372,0.982232271781075
2,fold_02-generation-pred-000420,generation,1626013620000,1626013680000,2,0.9963415025562781,0.982232271781075
2,fold_02-generation-pred-000421,generation,1626013710000,1626013740000,1,0.9978783103109505,0.982232271781075
2,fold_02-generation-pred-000422,generation,1626013800000,1626013830000,1,0.9984406044989561,0.982232271781075
2,fold_02-generation-pred-000423,generation,1626014340000,1626014370000,1,0.9983589508058506,0.982232271781075
2,fold_02-generation-pred-000424,generation,1626014520000,1626014550000,1,0.9983233179042653,0.982232271781075
2,fold_02-generation-pred-000425,generation,1626014640000,1626014700000,2,0.9984742499477364,0.982232271781075
2,fold_02-generation-pred-000426,generation,1626014820000,1626014850000,1,0.9980924922250406,0.982232271781075
2,fold_02-generation-pred-000427,generation,1626015000000,1626015030000,1,0.9983702513222718,0.982232271781075
2,fold_02-generation-pred-000428,generation,1626015120000,1626015150000,1,0.998389792117742,0.982232271781075
2,fold_02-generation-pred-000429,generation,1626015510000,1626015540000,1,0.9983599520364904,0.982232271781075
2,fold_02-generation-pred-000430,generation,1626015600000,1626015630000,1,0.9982668805108014,0.982232271781075
2,fold_02-generation-pred-000431,generation,1626015870000,1626015900000,1,0.9984010830893859,0.982232271781075
2,fold_02-generation-pred-000432,generation,1626016050000,1626016110000,2,0.9983037729586692,0.982232271781075
2,fold_02-generation-pred-000433,generation,1626016140000,1626016170000,1,0.9983188822480216,0.982232271781075
2,fold_02-generation-pred-000434,generation,1626016200000,1626016230000,1,0.9927001079069173,0.982232271781075
2,fold_02-generation-pred-000435,generation,1626016260000,1626016290000,1,0.9981726763670626,0.982232271781075
2,fold_02-generation-pred-000436,generation,1626016530000,1626016560000,1,0.9983299089447069,0.982232271781075
2,fold_02-generation-pred-000437,generation,1626016590000,1626016620000,1,0.9982598763349426,0.982232271781075
2,fold_02-generation-pred-000438,generation,1626016770000,1626016800000,1,0.9977564371996847,0.982232271781075
2,fold_02-generation-pred-000439,generation,1626016830000,1626016860000,1,0.9984477162152018,0.982232271781075
2,fold_02-generation-pred-000440,generation,1626017190000,1626017250000,2,0.9975585928686415,0.982232271781075
2,fold_02-generation-pred-000441,generation,1626017580000,1626017610000,1,0.997821755036302,0.982232271781075
2,fold_02-generation-pred-000442,generation,1626017790000,1626017820000,1,0.9983649521626393,0.982232271781075
2,fold_02-generation-pred-000443,generation,1626018000000,1626018030000,1,0.9983314037306935,0.982232271781075
2,fold_02-generation-pred-000444,generation,1626018510000,1626018540000,1,0.998152316352315,0.982232271781075
2,fold_02-generation-pred-000445,generation,1626018840000,1626018870000,1,0.9984683261278992,0.982232271781075
2,fold_02-generation-pred-000446,generation,1626019380000,1626019410000,1,0.9980529751379371,0.982232271781075
2,fold_02-generation-pred-000447,generation,1626020100000,1626020130000,1,0.99795558980519,0.982232271781075
2,fold_02-generation-pred-000448,generation,1626020280000,1626020310000,1,0.9981220482874752,0.982232271781075
2,fold_02-generation-pred-000449,generation,1626020370000,1626020400000,1,0.9982966995295499,0.982232271781075
2,fold_02-generation-pred-000450,generation,1626020460000,1626020490000,1,0.9981426236407119,0.982232271781075
2,fold_02-generation-pred-000451,generation,1626020520000,1626020550000,1,0.9978206520221077,0.982232271781075
2,fold_02-generation-pred-000452,generation,1626020640000,1626020670000,1,0.9981579886731802,0.982232271781075
2,fold_02-generation-pred-000453,generation,1626020760000,1626020790000,1,0.9980274633826313,0.982232271781075
2,fold_02-generation-pred-000454,generation,1626021090000,1626021120000,1,0.9982661065038,0.982232271781075
2,fold_02-generation-pred-000455,generation,1626021360000,1626021450000,3,0.9982266599770251,0.982232271781075
2,fold_02-generation-pred-000456,generation,1626021630000,1626021660000,1,0.9983441032966397,0.982232271781075
2,fold_02-generation-pred-000457,generation,1626021690000,1626021750000,2,0.9980010340193388,0.982232271781075
2,fold_02-generation-pred-000458,generation,1626021780000,1626021840000,2,0.9980917957882941,0.982232271781075
2,fold_02-generation-pred-000459,generation,1626022140000,1626022170000,1,0.9980513770146874,0.982232271781075
2,fold_02-generation-pred-000460,generation,1626022200000,1626022230000,1,0.9978804908381916,0.982232271781075
2,fold_02-generation-pred-000461,generation,1626022290000,1626022320000,1,0.9979528376893728,0.982232271781075
2,fold_02-generation-pred-000462,generation,1626022620000,1626022650000,1,0.9982578159352169,0.982232271781075
2,fold_02-generation-pred-000463,generation,1626023100000,1626023130000,1,0.9980977649099221,0.982232271781075
2,fold_02-generation-pred-000464,generation,1626023580000,1626023610000,1,0.9983126253315623,0.982232271781075
2,fold_02-generation-pred-000465,generation,1626024060000,1626024090000,1,0.998234675092312,0.982232271781075
2,fold_02-generation-pred-000466,generation,1626024240000,1626024270000,1,0.9980952908466879,0.982232271781075
2,fold_02-generation-pred-000467,generation,1626024420000,1626024450000,1,0.9980827563938348,0.982232271781075
2,fold_02-generation-pred-000468,generation,1626024660000,1626024690000,1,0.9980903567113946,0.982232271781075
2,fold_02-generation-pred-000469,generation,1626025200000,1626025230000,1,0.997818221144933,0.982232271781075
2,fold_02-generation-pred-000470,generation,1626025260000,1626025290000,1,0.9980426393607436,0.982232271781075
2,fold_02-generation-pred-000471,generation,1626025350000,1626025380000,1,0.9977249889256242,0.982232271781075
2,fold_02-generation-pred-000472,generation,1626025410000,1626025440000,1,0.9980156500555849,0.982232271781075
2,fold_02-generation-pred-000473,generation,1626025740000,1626025770000,1,0.998185144109293,0.982232271781075
2,fold_02-generation-pred-000474,generation,1626025800000,1626025830000,1,0.9919324697250084,0.982232271781075
2,fold_02-generation-pred-000475,generation,1626025920000,1626025950000,1,0.9978368486468157,0.982232271781075
2,fold_02-generation-pred-000476,generation,1626026040000,1626026070000,1,0.9981107580878229,0.982232271781075
2,fold_02-generation-pred-000477,generation,1626026370000,1626026400000,1,0.9982118743962552,0.982232271781075
2,fold_02-generation-pred-000478,generation,1626026430000,1626026460000,1,0.9978435242883906,0.982232271781075
2,fold_02-generation-pred-000479,generation,1626026670000,1626026730000,2,0.9978955158055461,0.982232271781075
2,fold_02-generation-pred-000480,generation,1626026820000,1626026850000,1,0.9981053527341781,0.982232271781075
2,fold_02-generation-pred-000481,generation,1626026880000,1626026910000,1,0.9978521485980437,0.982232271781075
2,fold_02-generation-pred-000482,generation,1626026970000,1626027000000,1,0.9981407105204211,0.982232271781075
2,fold_02-generation-pred-000483,generation,1626027030000,1626027090000,2,0.9971101771695814,0.982232271781075
2,fold_02-generation-pred-000484,generation,1626027180000,1626027210000,1,0.9972265337446585,0.982232271781075
2,fold_02-generation-pred-000485,generation,1626027360000,1626027390000,1,0.9950788252030516,0.982232271781075
2,fold_02-generation-pred-000486,generation,1626027420000,1626027450000,1,0.9980223661238458,0.982232271781075
2,fold_02-generation-pred-000487,generation,1626027690000,1626027750000,2,0.9983043816685158,0.982232271781075
2,fold_02-generation-pred-000488,generation,1626028110000,1626028140000,1,0.9982382854741748,0.982232271781075
2,fold_02-generation-pred-000489,generation,1626028230000,1626028260000,1,0.9981186550650484,0.982232271781075
2,fold_02-generation-pred-000490,generation,1626028410000,1626028440000,1,0.9982197782823131,0.982232271781075
2,fold_02-generation-pred-000491,generation,1626028590000,1626028620000,1,0.9981178176731478,0.982232271781075
2,fold_02-generation-pred-000492,generation,1626028680000,1626028710000,1,0.9981016095886082,0.982232271781075
2,fold_02-generation-pred-000493,generation,1626028980000,1626029010000,1,0.9980606692880643,0.982232271781075
2,fold_02-generation-pred-000494,generation,1626029250000,1626029280000,1,0.9979097970419819,0.982232271781075
2,fold_02-generation-pred-000495,generation,1626029520000,1626029550000,1,0.9978923661046083,0.982232271781075
2,fold_02-generation-pred-000496,generation,1626029850000,1626029880000,1,0.9980607292789894,0.982232271781075
2,fold_02-generation-pred-000497,generation,1626029970000,1626030000000,1,0.997969670974128,0.982232271781075
2,fold_02-generation-pred-000498,generation,1626030150000,1626030180000,1,0.9978536963343361,0.982232271781075
2,fold_02-generation-pred-000499,generation,1626030240000,1626030270000,1,0.9981267259515161,0.982232271781075
2,fold_02-generation-pred-000500,generation,1626030360000,1626030390000,1,0.9982035849415063,0.982232271781075
2,fold_02-generation-pred-000501,generation,1626030450000,1626030480000,1,0.998053738512015,0.982232271781075
2,fold_02-generation-pred-000502,generation,1626030900000,1626030960000,2,0.9979914890772946,0.982232271781075
2,fold_02-generation-pred-000503,generation,1626031170000,1626031200000,1,0.9981569284123812,0.982232271781075
2,fold_02-generation-pred-000504,generation,1626031290000,1626031380000,3,0.9980549783578415,0.982232271781075
2,fold_02-generation-pred-000505,generation,1626031410000,1626031440000,1,0.9970499015686777,0.982232271781075
2,fold_02-generation-pred-000506,generation,1626031470000,1626031500000,1,0.9981277723668366,0.982232271781075
2,fold_02-generation-pred-000507,generation,1626031560000,1626031590000,1,0.998296242169425,0.982232271781075
2,fold_02-generation-pred-000508,generation,1626031770000,1626031800000,1,0.998148385590906,0.982232271781075
2,fold_02-generation-pred-000509,generation,1626031980000,1626032010000,1,0.9981832254168465,0.982232271781075
2,fold_02-generation-pred-000510,generation,1626032100000,1626032130000,1,0.998083632155957,0.982232271781075
2,fold_02-generation-pred-000511,generation,1626032280000,1626032310000,1,0.9982828484290016,0.982232271781075
2,fold_02-generation-pred-000512,generation,1626032400000,1626032490000,3,0.9981884978175841,0.982232271781075
2,fold_02-generation-pred-000513,generation,1626032520000,1626032580000,2,0.9984863850937219,0.982232271781075
2,fold_02-generation-pred-000514,generation,1626033120000,1626033150000,1,0.998098772276937,0.982232271781075
2,fold_02-generation-pred-000515,generation,1626033210000,1626033240000,1,0.9981864134816163,0.982232271781075
2,fold_02-generation-pred-000516,generation,1626033390000,1626033420000,1,0.9981171456995314,0.982232271781075
2,fold_02-generation-pred-000517,generation,1626033660000,1626033690000,1,0.9981930326286075,0.982232271781075
2,fold_02-generation-pred-000518,generation,1626033750000,1626033780000,1,0.99817650010971,0.982232271781075
2,fold_02-generation-pred-000519,generation,1626034110000,1626034140000,1,0.9981137642834056,0.982232271781075
2,fold_02-generation-pred-000520,generation,1626034170000,1626034200000,1,0.9958613610781138,0.982232271781075
2,fold_02-generation-pred-000521,generation,1626034470000,1626034530000,2,0.9981218677321224,0.982232271781075
2,fold_02-generation-pred-000522,generation,1626034560000,1626034620000,2,0.9976100477711402,0.982232271781075
2,fold_02-generation-pred-000523,generation,1626034650000,1626034680000,1,0.9961924720400149,0.982232271781075
2,fold_02-generation-pred-000524,generation,1626035100000,1626035130000,1,0.9981241109298274,0.982232271781075
2,fold_02-generation-pred-000525,generation,1626035250000,1626035280000,1,0.9983043776326965,0.982232271781075
2,fold_02-generation-pred-000526,generation,1626035340000,1626035370000,1,0.9981190346795654,0.982232271781075
2,fold_02-generation-pred-000527,generation,1626035430000,1626035460000,1,0.9979374341294268,0.982232271781075
2,fold_02-generation-pred-000528,generation,1626036090000,1626036120000,1,0.9980848447916915,0.982232271781075
2,fold_02-generation-pred-000529,generation,1626036510000,1626036540000,1,0.998010887750221,0.982232271781075
2,fold_02-generation-pred-000530,generation,1626036570000,1626036600000,1,0.997896408851312,0.982232271781075
2,fold_02-generation-pred-000531,generation,1626036630000,1626036660000,1,0.9981178391723508,0.982232271781075
2,fold_02-generation-pred-000532,generation,1626037020000,1626037080000,2,0.9980263985835383,0.982232271781075
2,fold_02-generation-pred-000533,generation,1626037200000,1626037230000,1,0.9984408531892475,0.982232271781075
2,fold_02-generation-pred-000534,generation,1626037860000,1626037890000,1,0.9982874678571105,0.982232271781075
2,fold_02-generation-pred-000535,generation,1626038040000,1626038070000,1,0.9982016489031567,0.982232271781075
2,fold_02-generation-pred-000536,generation,1626038760000,1626038790000,1,0.9981390071369354,0.982232271781075
2,fold_02-generation-pred-000537,generation,1626039510000,1626039570000,2,0.9981060189931262,0.982232271781075
2,fold_02-generation-pred-000538,generation,1626039840000,1626039870000,1,0.9979152304618254,0.982232271781075
2,fold_02-generation-pred-000539,generation,1626039990000,1626040020000,1,0.9979445738103466,0.982232271781075
2,fold_02-generation-pred-000540,generation,1626040080000,1626040110000,1,0.9983112029893056,0.982232271781075
2,fold_02-generation-pred-000541,generation,1626040170000,1626040200000,1,0.9982503429986879,0.982232271781075
2,fold_02-generation-pred-000542,generation,1626040710000,1626040740000,1,0.9981726363584199,0.982232271781075
2,fold_02-generation-pred-000543,generation,1626041010000,1626041040000,1,0.9982055214617531,0.982232271781075
2,fold_02-generation-pred-000544,generation,1626041070000,1626041100000,1,0.9980471780329674,0.982232271781075
2,fold_02-generation-pred-000545,generation,1626041130000,1626041190000,2,0.9977484483927631,0.982232271781075
2,fold_02-generation-pred-000546,generation,1626041370000,1626041400000,1,0.9981636908095491,0.982232271781075
2,fold_02-generation-pred-000547,generation,1626041610000,1626041640000,1,0.9981242760934634,0.982232271781075
2,fold_02-generation-pred-000548,generation,1626041760000,1626041790000,1,0.998231739217825,0.982232271781075
2,fold_02-generation-pred-000549,generation,1626041820000,1626041850000,1,0.9982745055392308,0.982232271781075
2,fold_02-generation-pred-000550,generation,1626042030000,1626042060000,1,0.9981309525922921,0.982232271781075
2,fold_02-generation-pred-000551,generation,1626042210000,1626042240000,1,0.9981491926711816,0.982232271781075
2,fold_02-generation-pred-000552,generation,1626042300000,1626042360000,2,0.9981949925316037,0.982232271781075
2,fold_02-generation-pred-000553,generation,1626043110000,1626043140000,1,0.998167095430194,0.982232271781075
2,fold_02-generation-pred-000554,generation,1626043560000,1626043590000,1,0.9980621187041147,0.982232271781075
2,fold_02-generation-pred-000555,generation,1626043680000,1626043710000,1,0.9982344961022278,0.982232271781075
2,fold_02-generation-pred-000556,generation,1626043980000,1626044010000,1,0.9982677019999482,0.982232271781075
2,fold_02-generation-pred-000557,generation,1626044130000,1626044160000,1,0.9979954546401374,0.982232271781075
2,fold_02-generation-pred-000558,generation,1626044220000,1626044250000,1,0.9981404565282234,0.982232271781075
2,fold_02-generation-pred-000559,generation,1626044310000,1626044340000,1,0.9981842247722876,0.982232271781075
2,fold_02-generation-pred-000560,generation,1626044490000,1626044520000,1,0.9979538924384844,0.982232271781075
2,fold_02-generation-pred-000561,generation,1626044550000,1626044580000,1,0.9946332459299074,0.982232271781075
2,fold_02-generation-pred-000562,generation,1626044700000,1626044730000,1,0.997780766547119,0.982232271781075
2,fold_02-generation-pred-000563,generation,1626045030000,1626045060000,1,0.9981304926304465,0.982232271781075
2,fold_02-generation-pred-000564,generation,1626045090000,1626045120000,1,0.9982351237483869,0.982232271781075
2,fold_02-generation-pred-000565,generation,1626045240000,1626045270000,1,0.9982446972525603,0.982232271781075
2,fold_02-generation-pred-000566,generation,1626045720000,1626045750000,1,0.9980277412252351,0.982232271781075
2,fold_02-generation-pred-000567,generation,1626046170000,1626046200000,1,0.986830615903374,0.982232271781075
2,fold_02-generation-pred-000568,generation,1626046230000,1626046260000,1,0.9980687246787042,0.982232271781075
2,fold_02-generation-pred-000569,generation,1626046350000,1626046380000,1,0.9981492569757889,0.982232271781075
2,fold_02-generation-pred-000570,generation,1626046410000,1626046440000,1,0.997463815320237,0.982232271781075
2,fold_02-generation-pred-000571,generation,1626046500000,1626046530000,1,0.9979614525964604,0.982232271781075
2,fold_02-generation-pred-000572,generation,1626046890000,1626046920000,1,0.9981912479596111,0.982232271781075
2,fold_02-generation-pred-000573,generation,1626047130000,1626047160000,1,0.9979837973583108,0.982232271781075
2,fold_02-generation-pred-000574,generation,1626047310000,1626047340000,1,0.9982290303009322,0.982232271781075
2,fold_02-generation-pred-000575,generation,1626047400000,1626047430000,1,0.9981341451868753,0.982232271781075
2,fold_02-generation-pred-000576,generation,1626047490000,1626047520000,1,0.9980320727637132,0.982232271781075
2,fold_02-generation-pred-000577,generation,1626047640000,1626047670000,1,0.9978132565930553,0.982232271781075
2,fold_02-generation-pred-000578,generation,1626048060000,1626048090000,1,0.9978295111582273,0.982232271781075
2,fold_02-generation-pred-000579,generation,1626048270000,1626048300000,1,0.9979322562388986,0.982232271781075
2,fold_02-generation-pred-000580,generation,1626048330000,1626048360000,1,0.9979152641903394,0.982232271781075
2,fold_02-generation-pred-000581,generation,1626048510000,1626048540000,1,0.997876243759902,0.982232271781075
2,fold_02-generation-pred-000582,generation,1626048570000,1626048600000,1,0.9979086429845055,0.982232271781075
2,fold_02-generation-pred-000583,generation,1626049410000,1626049470000,2,0.9982935084303011,0.982232271781075
2,fold_02-generation-pred-000584,generation,1626049500000,1626049530000,1,0.997762254539446,0.982232271781075
2,fold_02-generation-pred-000585,generation,1626049590000,1626049620000,1,0.9982088324665142,0.982232271781075
2,fold_02-generation-pred-000586,generation,1626049650000,1626049680000,1,0.997501529429625,0.982232271781075
2,fold_02-generation-pred-000587,generation,1626049710000,1626049740000,1,0.9978149331412854,0.982232271781075
2,fold_02-generation-pred-000588,generation,1626049890000,1626049920000,1,0.9982144514346802,0.982232271781075
2,fold_02-generation-pred-000589,generation,1626050490000,1626050520000,1,0.998024981718622,0.982232271781075
2,fold_02-generation-pred-000590,generation,1626050610000,1626050640000,1,0.9981489186909467,0.982232271781075
2,fold_02-generation-pred-000591,generation,1626050850000,1626050880000,1,0.9979933243491199,0.982232271781075
2,fold_02-generation-pred-000592,generation,1626051150000,1626051180000,1,0.9981631016307682,0.982232271781075
2,fold_02-generation-pred-000593,generation,1626051300000,1626051330000,1,0.9981454203476187,0.982232271781075
2,fold_02-generation-pred-000594,generation,1626051600000,1626051630000,1,0.9981494762993863,0.982232271781075
2,fold_02-generation-pred-000595,generation,1626051810000,1626051840000,1,0.9981693910102858,0.982232271781075
2,fold_02-generation-pred-000596,generation,1626052590000,1626052620000,1,0.9978439018492663,0.982232271781075
2,fold_02-generation-pred-000597,generation,1626052710000,1626052740000,1,0.9982185678349568,0.982232271781075
2,fold_02-generation-pred-000598,generation,1626052890000,1626052920000,1,0.9983452049538825,0.982232271781075
2,fold_02-generation-pred-000599,generation,1626053010000,1626053040000,1,0.9981245001571377,0.982232271781075
2,fold_02-generation-pred-000600,generation,1626053100000,1626053130000,1,0.9982047534271727,0.982232271781075
2,fold_02-generation-pred-000601,generation,1626053310000,1626053340000,1,0.9982179953837934,0.982232271781075
2,fold_02-generation-pred-000602,generation,1626053640000,1626053670000,1,0.998165423160279,0.982232271781075
2,fold_02-generation-pred-000603,generation,1626054450000,1626054480000,1,0.998260058554002,0.982232271781075
2,fold_02-generation-pred-000604,generation,1626054570000,1626054600000,1,0.9981451617007372,0.982232271781075
2,fold_02-generation-pred-000605,generation,1626054630000,1626054660000,1,0.9981158243495502,0.982232271781075
2,fold_02-generation-pred-000606,generation,1626054810000,1626054840000,1,0.9982542995215881,0.982232271781075
2,fold_02-generation-pred-000607,generation,1626055140000,1626055170000,1,0.9982149986837552,0.982232271781075
2,fold_02-generation-pred-000608,generation,1626055410000,1626055440000,1,0.9982420625432868,0.982232271781075
2,fold_02-generation-pred-000609,generation,1626055560000,1626055590000,1,0.9983002051242938,0.982232271781075
2,fold_02-generation-pred-000610,generation,1626055980000,1626056010000,1,0.9981410980793972,0.982232271781075
2,fold_02-generation-pred-000611,generation,1626056430000,1626056460000,1,0.9981695269287424,0.982232271781075
2,fold_02-generation-pred-000612,generation,1626056820000,1626056880000,2,0.9981723301763823,0.982232271781075
2,fold_02-generation-pred-000613,generation,1626056910000,1626056970000,2,0.9920129423748958,0.982232271781075
2,fold_02-generation-pred-000614,generation,1626057270000,1626057300000,1,0.998056385770135,0.982232271781075
2,fold_02-generation-pred-000615,generation,1626057900000,1626057960000,2,0.9981793975534756,0.982232271781075
2,fold_02-generation-pred-000616,generation,1626058290000,1626058320000,1,0.9983057597433324,0.982232271781075
2,fold_02-generation-pred-000617,generation,1626058440000,1626058470000,1,0.9983812337264047,0.982232271781075
2,fold_02-generation-pred-000618,generation,1626058800000,1626058830000,1,0.998137341203563,0.982232271781075
2,fold_02-generation-pred-000619,generation,1626058920000,1626058980000,2,0.9982357696467667,0.982232271781075
2,fold_02-generation-pred-000620,generation,1626059160000,1626059190000,1,0.997937566624912,0.982232271781075
2,fold_02-generation-pred-000621,generation,1626059460000,1626059490000,1,0.9980518183906412,0.982232271781075
2,fold_02-generation-pred-000622,generation,1626059610000,1626059640000,1,0.9982816889713472,0.982232271781075
2,fold_02-generation-pred-000623,generation,1626059850000,1626059880000,1,0.9982911534897011,0.982232271781075
2,fold_02-generation-pred-000624,generation,1626060000000,1626060030000,1,0.9982745153955247,0.982232271781075
2,fold_02-generation-pred-000625,generation,1626060570000,1626060600000,1,0.9983301061008945,0.982232271781075
2,fold_02-generation-pred-000626,generation,1626060690000,1626060720000,1,0.9981732581330695,0.982232271781075
2,fold_02-generation-pred-000627,generation,1626060780000,1626060810000,1,0.998236382569953,0.982232271781075
2,fold_02-generation-pred-000628,generation,1626060870000,1626060900000,1,0.9981627099060623,0.982232271781075
2,fold_02-generation-pred-000629,generation,1626060930000,1626060960000,1,0.996666703671112,0.982232271781075
2,fold_02-generation-pred-000630,generation,1626061020000,1626061050000,1,0.9982149086201091,0.982232271781075
2,fold_02-generation-pred-000631,generation,1626061650000,1626061680000,1,0.9981531217224233,0.982232271781075
2,fold_02-generation-pred-000632,generation,1626062040000,1626062070000,1,0.9981950234604177,0.982232271781075
2,fold_02-generation-pred-000633,generation,1626062160000,1626062190000,1,0.9980830629560054,0.982232271781075
2,fold_02-generation-pred-000634,generation,1626062640000,1626062670000,1,0.9981381406828089,0.982232271781075
2,fold_02-generation-pred-000635,generation,1626063060000,1626063090000,1,0.9980029822355265,0.982232271781075
2,fold_02-generation-pred-000636,generation,1626063120000,1626063150000,1,0.9979680868039225,0.982232271781075
2,fold_02-generation-pred-000637,generation,1626063240000,1626063300000,2,0.9977039043506641,0.982232271781075
2,fold_02-generation-pred-000638,generation,1626063330000,1626063360000,1,0.9975089304435741,0.982232271781075
2,fold_02-generation-pred-000639,generation,1626063660000,1626063690000,1,0.9980597627382248,0.982232271781075
2,fold_02-generation-pred-000640,generation,1626063720000,1626063750000,1,0.9981308636336292,0.982232271781075
2,fold_02-generation-pred-000641,generation,1626064020000,1626064050000,1,0.9979823365293138,0.982232271781075
2,fold_02-generation-pred-000642,generation,1626064320000,1626064350000,1,0.9977499754158491,0.982232271781075
2,fold_02-generation-pred-000643,generation,1626064380000,1626064410000,1,0.9980641899238032,0.982232271781075
2,fold_02-generation-pred-000644,generation,1626064620000,1626064650000,1,0.9981964541986408,0.982232271781075
2,fold_02-generation-pred-000645,generation,1626064710000,1626064740000,1,0.9982174405670778,0.982232271781075
2,fold_02-generation-pred-000646,generation,1626064950000,1626064980000,1,0.998204180818712,0.982232271781075
2,fold_02-generation-pred-000647,generation,1626065160000,1626065190000,1,0.99811126424654,0.982232271781075
2,fold_02-generation-pred-000648,generation,1626065220000,1626065250000,1,0.9976982565374668,0.982232271781075
2,fold_02-generation-pred-000649,generation,1626065280000,1626065310000,1,0.9980292330223066,0.982232271781075
2,fold_02-generation-pred-000650,generation,1626065340000,1626065370000,1,0.9841729208268117,0.982232271781075
2,fold_02-generation-pred-000651,generation,1626065490000,1626065520000,1,0.9984196349503083,0.982232271781075
2,fold_02-generation-pred-000652,generation,1626065940000,1626065970000,1,0.9978764135230433,0.982232271781075
2,fold_02-generation-pred-000653,generation,1626066330000,1626066360000,1,0.9980785105934278,0.982232271781075
2,fold_02-generation-pred-000654,generation,1626066390000,1626066420000,1,0.9980427856032085,0.982232271781075
2,fold_02-generation-pred-000655,generation,1626066450000,1626066510000,2,0.9977230182123157,0.982232271781075
2,fold_02-generation-pred-000656,generation,1626066750000,1626066780000,1,0.9981109334156685,0.982232271781075
2,fold_02-generation-pred-000657,generation,1626067200000,1626067230000,1,0.9980644773416454,0.982232271781075
2,fold_02-generation-pred-000658,generation,1626067320000,1626067350000,1,0.9980207165526539,0.982232271781075
2,fold_02-generation-pred-000659,generation,1626067500000,1626067530000,1,0.9982041073065145,0.982232271781075
2,fold_02-generation-pred-000660,generation,1626067800000,1626067830000,1,0.9980827563938348,0.982232271781075
2,fold_02-generation-pred-000661,generation,1626067860000,1626067890000,1,0.9980781337920315,0.982232271781075
2,fold_02-generation-pred-000662,generation,1626068040000,1626068070000,1,0.9982264979034132,0.982232271781075
2,fold_02-generation-pred-000663,generation,1626068190000,1626068220000,1,0.9981295429902524,0.982232271781075
2,fold_02-generation-pred-000664,generation,1626068310000,1626068340000,1,0.9982895803702362,0.982232271781075
2,fold_02-generation-pred-000665,generation,1626068760000,1626068790000,1,0.9979437001916004,0.982232271781075
2,fold_02-generation-pred-000666,generation,1626068940000,1626068970000,1,0.9980562553427178,0.982232271781075
2,fold_02-generation-pred-000667,generation,1626069090000,1626069120000,1,0.9981674609273417,0.982232271781075
2,fold_02-generation-pred-000668,generation,1626069180000,1626069210000,1,0.9979133020714407,0.982232271781075
2,fold_02-generation-pred-000669,generation,1626069240000,1626069270000,1,0.9982185805540086,0.982232271781075
2,fold_02-generation-pred-000670,generation,1626069300000,1626069330000,1,0.9980560712494416,0.982232271781075
2,fold_02-generation-pred-000671,generation,1626069660000,1626069690000,1,0.9981818413200454,0.982232271781075
2,fold_02-generation-pred-000672,generation,1626069810000,1626069840000,1,0.9983473368412702,0.982232271781075
2,fold_02-generation-pred-000673,generation,1626070380000,1626070410000,1,0.9980576479670363,0.982232271781075
2,fold_02-generation-pred-000674,generation,1626070650000,1626070680000,1,0.9981721257365738,0.982232271781075
2,fold_02-generation-pred-000675,generation,1626070740000,1626070800000,2,0.9982339346449279,0.982232271781075
2,fold_02-generation-pred-000676,generation,1626071760000,1626071790000,1,0.9982199977362614,0.982232271781075
2,fold_02-generation-pred-000677,generation,1626072270000,1626072300000,1,0.9981679588982195,0.982232271781075
2,fold_02-generation-pred-000678,generation,1626072990000,1626073020000,1,0.9983345645190972,0.982232271781075
2,fold_02-generation-pred-000679,generation,1626073290000,1626073320000,1,0.998268454690194,0.982232271781075
2,fold_02-generation-pred-000680,generation,1626073740000,1626073770000,1,0.9981977396941469,0.982232271781075
2,fold_02-generation-pred-000681,generation,1626073860000,1626073890000,1,0.9983364820380246,0.982232271781075
2,fold_02-generation-pred-000682,generation,1626073950000,1626073980000,1,0.9982756747604821,0.982232271781075
2,fold_02-generation-pred-000683,generation,1626074160000,1626074190000,1,0.9978393297521122,0.982232271781075
2,fold_02-generation-pred-000684,generation,1626074370000,1626074400000,1,0.9981146187298562,0.982232271781075
2,fold_02-generation-pred-000685,generation,1626074550000,1626074580000,1,0.9982324258967977,0.982232271781075
2,fold_02-generation-pred-000686,generation,1626074610000,1626074640000,1,0.9980282226640029,0.982232271781075
2,fold_02-generation-pred-000687,generation,1626074940000,1626074970000,1,0.9981453744470457,0.982232271781075
2,fold_02-generation-pred-000688,generation,1626075210000,1626075240000,1,0.998267503261623,0.982232271781075
2,fold_02-generation-pred-000689,generation,1626075990000,1626076020000,1,0.9982328818526136,0.982232271781075
2,fold_02-generation-pred-000690,generation,1626076110000,1626076140000,1,0.998137990917322,0.982232271781075
2,fold_02-generation-pred-000691,generation,1626076560000,1626076590000,1,0.9981350188227234,0.982232271781075
2,fold_02-generation-pred-000692,generation,1626076710000,1626076740000,1,0.998279275974879,0.982232271781075
2,fold_02-generation-pred-000693,generation,1626076770000,1626076800000,1,0.9980461136267552,0.982232271781075
2,fold_02-generation-pred-000694,generation,1626077010000,1626077040000,1,0.9981356737816571,0.982232271781075
2,fold_02-generation-pred-000695,generation,1626077070000,1626077100000,1,0.9978576112678826,0.982232271781075
2,fold_02-generation-pred-000696,generation,1626077130000,1626077160000,1,0.9981644624007743,0.982232271781075
2,fold_02-generation-pred-000697,generation,1626077220000,1626077250000,1,0.998401246739872,0.982232271781075
2,fold_02-generation-pred-000698,generation,1626077700000,1626077760000,2,0.998285276014292,0.982232271781075
2,fold_02-generation-pred-000699,generation,1626077820000,1626077850000,1,0.9981221099583536,0.982232271781075
2,fold_02-generation-pred-000700,generation,1626078750000,1626078780000,1,0.9981144311796519,0.982232271781075
2,fold_02-generation-pred-000701,generation,1626078810000,1626078840000,1,0.9981136430858686,0.982232271781075
2,fold_02-generation-pred-000702,generation,1626079020000,1626079050000,1,0.9981753236900691,0.982232271781075
2,fold_02-generation-pred-000703,generation,1626079380000,1626079410000,1,0.9980456170157525,0.982232271781075
2,fold_02-generation-pred-000704,generation,1626079500000,1626079530000,1,0.9981472818954781,0.982232271781075
2,fold_02-generation-pred-000705,generation,1626079560000,1626079590000,1,0.9978155298158704,0.982232271781075
2,fold_02-generation-pred-000706,generation,1626080520000,1626080550000,1,0.9981411316994339,0.982232271781075
2,fold_02-generation-pred-000707,generation,1626080670000,1626080700000,1,0.998058245953306,0.982232271781075
2,fold_02-generation-pred-000708,generation,1626081030000,1626081060000,1,0.9981191573216863,0.982232271781075
2,fold_02-generation-pred-000709,generation,1626081090000,1626081120000,1,0.9982112223196075,0.982232271781075
2,fold_02-generation-pred-000710,generation,1626081240000,1626081270000,1,0.9982490899570329,0.982232271781075
2,fold_02-generation-pred-000711,generation,1626081660000,1626081690000,1,0.9981058702546425,0.982232271781075
2,fold_02-generation-pred-000712,generation,1626082050000,1626082080000,1,0.9981788576126878,0.982232271781075
2,fold_02-generation-pred-000713,generation,1626082770000,1626082800000,1,0.9979890789966483,0.982232271781075
2,fold_02-generation-pred-000714,generation,1626083040000,1626083070000,1,0.9983363909661583,0.982232271781075
2,fold_02-generation-pred-000715,generation,1626083130000,1626083160000,1,0.9982100435530765,0.982232271781075
2,fold_02-generation-pred-000716,generation,1626083340000,1626083370000,1,0.9982807079738822,0.982232271781075
2,fold_02-generation-pred-000717,generation,1626083580000,1626083610000,1,0.998294151674595,0.982232271781075
2,fold_02-generation-pred-000718,generation,1626083760000,1626083790000,1,0.9979320515696222,0.982232271781075
2,fold_02-generation-pred-000719,generation,1626084300000,1626084330000,1,0.9982065965006299,0.982232271781075
2,fold_02-generation-pred-000720,generation,1626084390000,1626084420000,1,0.9984128059025104,0.982232271781075
2,fold_02-generation-pred-000721,generation,1626084480000,1626084510000,1,0.9982337042950292,0.982232271781075
2,fold_02-generation-pred-000722,generation,1626084750000,1626084780000,1,0.9982600759466438,0.982232271781075
2,fold_02-generation-pred-000723,generation,1626085020000,1626085050000,1,0.9981869460084969,0.982232271781075
2,fold_02-generation-pred-000724,generation,1626085380000,1626085440000,2,0.9980053158851317,0.982232271781075
2,fold_02-generation-pred-000725,generation,1626085680000,1626085740000,2,0.9982484564304246,0.982232271781075
2,fold_02-generation-pred-000726,generation,1626085800000,1626085830000,1,0.9982558128786202,0.982232271781075
2,fold_02-generation-pred-000727,generation,1626086130000,1626086160000,1,0.9983109489311274,0.982232271781075
2,fold_02-generation-pred-000728,generation,1626086430000,1626086460000,1,0.9981655130966002,0.982232271781075
2,fold_02-generation-pred-000729,generation,1626086550000,1626086580000,1,0.9981545838565247,0.982232271781075
2,fold_02-generation-pred-000730,generation,1626086730000,1626086790000,2,0.9982010136551385,0.982232271781075
2,fold_02-generation-pred-000731,generation,1626086820000,1626086850000,1,0.995298685684534,0.982232271781075
2,fold_02-generation-pred-000732,generation,1626087120000,1626087150000,1,0.9982154336442957,0.982232271781075
2,fold_02-generation-pred-000733,generation,1626087480000,1626087510000,1,0.9982928535669271,0.982232271781075
2,fold_02-generation-pred-000734,generation,1626087570000,1626087600000,1,0.998266812035821,0.982232271781075
2,fold_02-generation-pred-000735,generation,1626087750000,1626087780000,1,0.9982603600018894,0.982232271781075
2,fold_02-generation-pred-000736,generation,1626087960000,1626087990000,1,0.9982384313795003,0.982232271781075
2,fold_02-generation-pred-000737,generation,1626088260000,1626088290000,1,0.9983337493021135,0.982232271781075
2,fold_02-generation-pred-000738,generation,1626088830000,1626088860000,1,0.9981839213928034,0.982232271781075
2,fold_02-generation-pred-000739,generation,1626088920000,1626088950000,1,0.9983751628596308,0.982232271781075
2,fold_02-generation-pred-000740,generation,1626089010000,1626089040000,1,0.9983262015861444,0.982232271781075
2,fold_02-generation-pred-000741,generation,1626089130000,1626089160000,1,0.9981688916848765,0.982232271781075
2,fold_02-generation-pred-000742,generation,1626089610000,1626089640000,1,0.9982791342659147,0.982232271781075
2,fold_02-generation-pred-000743,generation,1626089970000,1626090000000,1,0.9981355202685276,0.982232271781075
2,fold_02-generation-pred-000744,generation,1626090060000,1626090120000,2,0.9983457114074745,0.982232271781075
2,fold_02-generation-pred-000745,generation,1626090270000,1626090300000,1,0.9982888001922898,0.982232271781075
2,fold_02-generation-pred-000746,generation,1626090690000,1626090720000,1,0.9981278864211325,0.982232271781075
2,fold_02-generation-pred-000747,generation,1626090780000,1626090810000,1,0.9983271495021906,0.982232271781075
2,fold_02-generation-pred-000748,generation,1626090990000,1626091020000,1,0.9981216013366493,0.982232271781075
2,fold_02-generation-pred-000749,generation,1626091560000,1626091590000,1,0.9979573878296654,0.982232271781075
2,fold_02-generation-pred-000750,generation,1626092040000,1626092070000,1,0.998123685901529,0.982232271781075
2,fold_02-generation-pred-000751,generation,1626092220000,1626092250000,1,0.9982408077687848,0.982232271781075
2,fold_02-generation-pred-000752,generation,1626092280000,1626092310000,1,0.9980731387908698,0.982232271781075
2,fold_02-generation-pred-000753,generation,1626092400000,1626092430000,1,0.9977554998149375,0.982232271781075
2,fold_02-generation-pred-000754,generation,1626092550000,1626092580000,1,0.9981831008912153,0.982232271781075
2,fold_02-generation-pred-000755,generation,1626092640000,1626092670000,1,0.9938046792072905,0.982232271781075
2,fold_02-generation-pred-000756,generation,1626093510000,1626093540000,1,0.9980602280671325,0.982232271781075
2,fold_02-generation-pred-000757,generation,1626093690000,1626093720000,1,0.9980885536128002,0.982232271781075
2,fold_02-generation-pred-000758,generation,1626093810000,1626093840000,1,0.9981315476170545,0.982232271781075
2,fold_02-generation-pred-000759,generation,1626093900000,1626093930000,1,0.9981882650014178,0.982232271781075
2,fold_02-generation-pred-000760,generation,1626093960000,1626093990000,1,0.9975366906633523,0.982232271781075
2,fold_02-generation-pred-000761,generation,1626094020000,1626094050000,1,0.9980010501909636,0.982232271781075
2,fold_02-generation-pred-000762,generation,1626094080000,1626094110000,1,0.9978247202500448,0.982232271781075
2,fold_02-generation-pred-000763,generation,1626094140000,1626094170000,1,0.9976905587997515,0.982232271781075
2,fold_02-generation-pred-000764,generation,1626094230000,1626094290000,2,0.9981986916408963,0.982232271781075
2,fold_02-generation-pred-000765,generation,1626094410000,1626094470000,2,0.9983245338655223,0.982232271781075
2,fold_02-generation-pred-000766,generation,1626094500000,1626094530000,1,0.9979309383265512,0.982232271781075
2,fold_02-generation-pred-000767,generation,1626094620000,1626094650000,1,0.9980299288088268,0.982232271781075
2,fold_02-generation-pred-000768,generation,1626094830000,1626094890000,2,0.9979330806151672,0.982232271781075
2,fold_02-generation-pred-000769,generation,1626095010000,1626095040000,1,0.9983455137278316,0.982232271781075
2,fold_02-generation-pred-000770,generation,1626095070000,1626095100000,1,0.998068607027087,0.982232271781075
2,fold_02-generation-pred-000771,generation,1626095160000,1626095190000,1,0.9984087346430252,0.982232271781075
2,fold_02-generation-pred-000772,generation,1626095310000,1626095340000,1,0.9976662211451699,0.982232271781075
2,fold_02-generation-pred-000773,generation,1626095550000,1626095580000,1,0.9979428173920155,0.982232271781075
2,fold_02-generation-pred-000774,generation,1626095610000,1626095640000,1,0.9980907656501768,0.982232271781075
2,fold_02-generation-pred-000775,generation,1626096030000,1626096060000,1,0.9981848391552028,0.982232271781075
2,fold_02-generation-pred-000776,generation,1626096210000,1626096240000,1,0.9981675699517806,0.982232271781075
2,fold_02-generation-pred-000777,generation,1626096390000,1626096420000,1,0.9984106440823922,0.982232271781075
2,fold_02-generation-pred-000778,generation,1626096510000,1626096540000,1,0.9979319876063274,0.982232271781075
2,fold_02-generation-pred-000779,generation,1626096720000,1626096750000,1,0.9983451041172766,0.982232271781075
2,fold_02-generation-pred-000780,generation,1626096930000,1626096960000,1,0.9980349561152787,0.982232271781075
2,fold_02-generation-pred-000781,generation,1626097080000,1626097110000,1,0.9982855265823323,0.982232271781075
2,fold_02-generation-pred-000782,generation,1626097410000,1626097440000,1,0.9981108704793362,0.982232271781075
2,fold_02-generation-pred-000783,generation,1626097560000,1626097590000,1,0.9982155355728671,0.982232271781075
2,fold_02-generation-pred-000784,generation,1626097770000,1626097800000,1,0.9975560645498353,0.982232271781075
2,fold_02-generation-pred-000785,generation,1626097890000,1626097920000,1,0.9979919764808676,0.982232271781075
2,fold_02-generation-pred-000786,generation,1626098100000,1626098130000,1,0.9981993671326835,0.982232271781075
2,fold_02-generation-pred-000787,generation,1626098220000,1626098250000,1,0.9980231537051448,0.982232271781075
2,fold_02-generation-pred-000788,generation,1626098280000,1626098310000,1,0.9983149916406772,0.982232271781075
2,fold_02-generation-pred-000789,generation,1626098340000,1626098370000,1,0.9983080237128045,0.982232271781075
2,fold_02-generation-pred-000790,generation,1626098580000,1626098610000,1,0.9981752993723033,0.982232271781075
2,fold_02-generation-pred-000791,generation,1626098670000,1626098700000,1,0.9983505059751093,0.982232271781075
2,fold_02-generation-pred-000792,generation,1626098850000,1626098880000,1,0.9979401196740465,0.982232271781075
2,fold_02-generation-pred-000793,generation,1626099030000,1626099120000,3,0.9982359619428166,0.982232271781075
2,fold_02-generation-pred-000794,generation,1626099390000,1626099420000,1,0.9978416406290177,0.982232271781075
2,fold_02-generation-pred-000795,generation,1626099510000,1626099540000,1,0.9982272406193985,0.982232271781075
2,fold_02-generation-pred-000796,generation,1626099840000,1626099870000,1,0.9981371975800887,0.982232271781075
2,fold_02-generation-pred-000797,generation,1626099930000,1626099960000,1,0.9984005029469261,0.982232271781075
2,fold_02-generation-pred-000798,generation,1626099990000,1626100020000,1,0.9979476886225284,0.982232271781075
2,fold_02-generation-pred-000799,generation,1626100110000,1626100140000,1,0.9981843198380678,0.982232271781075
2,fold_02-generation-pred-000800,generation,1626100470000,1626100500000,1,0.9982847494574593,0.982232271781075
2,fold_02-generation-pred-000801,generation,1626100860000,1626100890000,1,0.997694699328843,0.982232271781075
2,fold_02-generation-pred-000802,generation,1626101070000,1626101100000,1,0.9973993490404378,0.982232271781075
2,fold_02-generation-pred-000803,generation,1626101340000,1626101370000,1,0.9981622201329207,0.982232271781075
2,fold_02-generation-pred-000804,generation,1626101430000,1626101460000,1,0.9982912144972946,0.982232271781075
2,fold_02-generation-pred-000805,generation,1626101520000,1626101550000,1,0.9983201781894058,0.982232271781075
2,fold_02-generation-pred-000806,generation,1626101640000,1626101700000,2,0.9979414895447716,0.982232271781075
2,fold_02-generation-pred-000807,generation,1626101820000,1626101850000,1,0.9982338556231596,0.982232271781075
2,fold_02-generation-pred-000808,generation,1626102150000,1626102180000,1,0.9980063863436635,0.982232271781075
2,fold_02-generation-pred-000809,generation,1626102390000,1626102420000,1,0.9977965587425165,0.982232271781075
2,fold_02-generation-pred-000810,generation,1626102510000,1626102540000,1,0.9978021060147344,0.982232271781075
2,fold_02-generation-pred-000811,generation,1626102720000,1626102750000,1,0.9982681859686181,0.982232271781075
2,fold_02-generation-pred-000812,generation,1626103440000,1626103470000,1,0.9981156781732929,0.982232271781075
2,fold_02-generation-pred-000813,generation,1626103800000,1626103830000,1,0.9979616320521878,0.982232271781075
2,fold_02-generation-pred-000814,generation,1626104040000,1626104070000,1,0.9974658314206231,0.982232271781075
2,fold_02-generation-pred-000815,generation,1626104370000,1626104400000,1,0.998130256822842,0.982232271781075
2,fold_02-generation-pred-000816,generation,1626104580000,1626104610000,1,0.9977986492456654,0.982232271781075
2,fold_02-generation-pred-000817,generation,1626104640000,1626104670000,1,0.9899975742951606,0.982232271781075
2,fold_02-generation-pred-000818,generation,1626104760000,1626104790000,1,0.9981550932230178,0.982232271781075
2,fold_02-generation-pred-000819,generation,1626104940000,1626104970000,1,0.9975946275440415,0.982232271781075
2,fold_02-generation-pred-000820,generation,1626105060000,1626105090000,1,0.9981951368615434,0.982232271781075
2,fold_02-generation-pred-000821,generation,1626105510000,1626105540000,1,0.9978876282078143,0.982232271781075
2,fold_02-generation-pred-000822,generation,1626105660000,1626105690000,1,0.9984371387633755,0.982232271781075
2,fold_02-generation-pred-000823,generation,1626105810000,1626105840000,1,0.998101212005026,0.982232271781075
2,fold_02-generation-pred-000824,generation,1626105990000,1626106020000,1,0.9984765219650025,0.982232271781075
2,fold_02-generation-pred-000825,generation,1626106110000,1626106140000,1,0.9982432035363841,0.982232271781075
2,fold_02-generation-pred-000826,generation,1626106230000,1626106260000,1,0.9976457347155835,0.982232271781075
2,fold_02-generation-pred-000827,generation,1626106320000,1626106350000,1,0.9978136540052314,0.982232271781075
2,fold_02-generation-pred-000828,generation,1626106680000,1626106710000,1,0.9983456279281114,0.982232271781075
2,fold_02-generation-pred-000829,generation,1626106860000,1626106890000,1,0.9983309795094057,0.982232271781075
2,fold_02-generation-pred-000830,generation,1626106980000,1626107010000,1,0.9983639555372191,0.982232271781075
2,fold_02-generation-pred-000831,generation,1626107040000,1626107070000,1,0.9984510353801543,0.982232271781075
2,fold_02-generation-pred-000832,generation,1626107310000,1626107340000,1,0.9979154715095367,0.982232271781075
2,fold_02-generation-pred-000833,generation,1626107520000,1626107550000,1,0.9978275015836303,0.982232271781075
2,fold_02-generation-pred-000834,generation,1626107880000,1626107910000,1,0.9982955234447677,0.982232271781075
2,fold_02-generation-pred-000835,generation,1626108240000,1626108270000,1,0.9983572835992723,0.982232271781075
2,fold_02-generation-pred-000836,generation,1626108420000,1626108450000,1,0.9983771349231523,0.982232271781075
2,fold_02-generation-pred-000837,generation,1626108480000,1626108540000,2,0.9982340909967494,0.982232271781075
2,fold_02-generation-pred-000838,generation,1626108870000,1626108900000,1,0.9983829952188915,0.982232271781075
2,fold_02-generation-pred-000839,generation,1626108930000,1626108960000,1,0.9983203916839909,0.982232271781075
2,fold_02-generation-pred-000840,generation,1626109200000,1626109230000,1,0.9985535220210479,0.982232271781075
2,fold_02-generation-pred-000841,generation,1626109500000,1626109530000,1,0.9984547234506634,0.982232271781075
2,fold_02-generation-pred-000842,generation,1626110250000,1626110280000,1,0.9982449136400638,0.982232271781075
2,fold_02-generation-pred-000843,generation,1626110490000,1626110520000,1,0.9985084060741929,0.982232271781075
2,fold_02-generation-pred-000844,generation,1626110730000,1626110760000,1,0.9985029076584137,0.982232271781075
2,fold_02-generation-pred-000845,generation,1626110790000,1626110820000,1,0.9984207104965,0.982232271781075
2,fold_02-generation-pred-000846,generation,1626111330000,1626111360000,1,0.9982784730765163,0.982232271781075
2,fold_02-generation-pred-000847,generation,1626111420000,1626111450000,1,0.9984739193889388,0.982232271781075
2,fold_02-generation-pred-000848,generation,1626111570000,1626111630000,2,0.9983357255945896,0.982232271781075
2,fold_02-generation-pred-000849,generation,1626111720000,1626111750000,1,0.9976578171467294,0.982232271781075
2,fold_02-generation-pred-000850,generation,1626111810000,1626111840000,1,0.99834920510143,0.982232271781075
2,fold_02-generation-pred-000851,generation,1626111900000,1626111930000,1,0.9980762093094308,0.982232271781075
2,fold_02-generation-pred-000852,generation,1626111990000,1626112020000,1,0.998487325257332,0.982232271781075
2,fold_02-generation-pred-000853,generation,1626112170000,1626112200000,1,0.9984154122049459,0.982232271781075
2,fold_02-generation-pred-000854,generation,1626112260000,1626112290000,1,0.9955486227974868,0.982232271781075
2,fold_02-generation-pred-000855,generation,1626112500000,1626112560000,2,0.998459984355508,0.982232271781075
2,fold_02-generation-pred-000856,generation,1626112590000,1626112620000,1,0.9984785566483371,0.982232271781075
2,fold_02-generation-pred-000857,generation,1626112710000,1626112740000,1,0.9969440607536415,0.982232271781075
2,fold_02-generation-pred-000858,generation,1626112800000,1626112830000,1,0.9978857004970546,0.982232271781075
2,fold_02-generation-pred-000859,generation,1626113250000,1626113280000,1,0.9984161845154504,0.982232271781075
2,fold_02-generation-pred-000860,generation,1626113580000,1626113610000,1,0.9981215655759968,0.982232271781075
2,fold_02-generation-pred-000861,generation,1626113670000,1626113730000,2,0.9975755355508977,0.982232271781075
2,fold_02-generation-pred-000862,generation,1626113760000,1626113790000,1,0.9982633484684218,0.982232271781075
2,fold_02-generation-pred-000863,generation,1626113820000,1626113850000,1,0.9977947411739837,0.982232271781075
2,fold_02-generation-pred-000864,generation,1626114240000,1626114270000,1,0.9984278207354985,0.982232271781075
2,fold_02-generation-pred-000865,generation,1626114360000,1626114390000,1,0.9981892564185663,0.982232271781075
2,fold_02-generation-pred-000866,generation,1626114420000,1626114450000,1,0.9982044064653002,0.982232271781075
2,fold_02-generation-pred-000867,generation,1626114510000,1626114540000,1,0.9985452453330931,0.982232271781075
2,fold_02-generation-pred-000868,generation,1626114900000,1626114930000,1,0.9981954280636685,0.982232271781075
2,fold_02-generation-pred-000869,generation,1626114960000,1626114990000,1,0.9977372609272902,0.982232271781075
2,fold_02-generation-pred-000870,generation,1626115380000,1626115410000,1,0.9983259896257105,0.982232271781075
2,fold_02-generation-pred-000871,generation,1626115440000,1626115470000,1,0.9982861932254126,0.982232271781075
2,fold_02-generation-pred-000872,generation,1626115740000,1626115770000,1,0.9983530105693766,0.982232271781075
2,fold_02-generation-pred-000873,generation,1626115980000,1626116010000,1,0.9983597380961744,0.982232271781075
2,fold_02-generation-pred-000874,generation,1626116040000,1626116070000,1,0.9981921293274485,0.982232271781075
2,fold_02-generation-pred-000875,generation,1626116220000,1626116250000,1,0.9984885138549439,0.982232271781075
2,fold_02-generation-pred-000876,generation,1626116520000,1626116550000,1,0.998401350249684,0.982232271781075
2,fold_02-generation-pred-000877,generation,1626116640000,1626116670000,1,0.9984259993433908,0.982232271781075
2,fold_02-generation-pred-000878,generation,1626116730000,1626116790000,2,0.9985158027584854,0.982232271781075
2,fold_02-generation-pred-000879,generation,1626117030000,1626117060000,1,0.9982677555976743,0.982232271781075
2,fold_02-generation-pred-000880,generation,1626117090000,1626117120000,1,0.9977265480469686,0.982232271781075
2,fold_02-generation-pred-000881,generation,1626117240000,1626117270000,1,0.9983574947315215,0.982232271781075
2,fold_02-generation-pred-000882,generation,1626117300000,1626117330000,1,0.9982660619342585,0.982232271781075
2,fold_02-generation-pred-000883,generation,1626117690000,1626117720000,1,0.9981645515105044,0.982232271781075
2,fold_02-generation-pred-000884,generation,1626118230000,1626118260000,1,0.9984166263131204,0.982232271781075
2,fold_02-generation-pred-000885,generation,1626118590000,1626118620000,1,0.9981981128141819,0.982232271781075
2,fold_02-generation-pred-000886,generation,1626118680000,1626118710000,1,0.9984548860332926,0.982232271781075
2,fold_02-generation-pred-000887,generation,1626118920000,1626118950000,1,0.998388929495185,0.982232271781075
2,fold_02-generation-pred-000888,generation,1626119010000,1626119040000,1,0.9967714108946971,0.982232271781075
2,fold_02-generation-pred-000889,generation,1626119070000,1626119130000,2,0.998096609357471,0.982232271781075
2,fold_02-generation-pred-000890,generation,1626119250000,1626119280000,1,0.9983344630351872,0.982232271781075
2,fold_02-generation-pred-000891,generation,1626119370000,1626119400000,1,0.9985367743594505,0.982232271781075
2,fold_02-generation-pred-000892,generation,1626119700000,1626119760000,2,0.9983738426928291,0.982232271781075
2,fold_02-generation-pred-000893,generation,1626119940000,1626119970000,1,0.9982338547824836,0.982232271781075
2,fold_02-generation-pred-000894,generation,1626120180000,1626120210000,1,0.9981702255300193,0.982232271781075
2,fold_02-generation-pred-000895,generation,1626120420000,1626120450000,1,0.9976913727815646,0.982232271781075
2,fold_02-generation-pred-000896,generation,1626120600000,1626120630000,1,0.9980624221049685,0.982232271781075
2,fold_02-generation-pred-000897,generation,1626120720000,1626120750000,1,0.9984287919821867,0.982232271781075
2,fold_02-generation-pred-000898,generation,1626120960000,1626120990000,1,0.998465091458393,0.982232271781075
2,fold_02-generation-pred-000899,generation,1626121080000,1626121110000,1,0.9984049650841172,0.982232271781075
2,fold_02-generation-pred-000900,generation,1626121230000,1626121260000,1,0.9984657439046752,0.982232271781075
2,fold_02-generation-pred-000901,generation,1626121320000,1626121350000,1,0.9983586367217524,0.982232271781075
2,fold_02-generation-pred-000902,generation,1626121650000,1626121680000,1,0.9982792546783219,0.982232271781075
2,fold_02-generation-pred-000903,generation,1626121710000,1626121740000,1,0.9982860529010085,0.982232271781075
2,fold_02-generation-pred-000904,generation,1626122130000,1626122160000,1,0.9978732788073745,0.982232271781075
2,fold_02-generation-pred-000905,generation,1626122190000,1626122220000,1,0.997359329402488,0.982232271781075
2,fold_02-generation-pred-000906,generation,1626122610000,1626122640000,1,0.9983995249085815,0.982232271781075
2,fold_02-generation-pred-000907,generation,1626122730000,1626122760000,1,0.9981494648493985,0.982232271781075
2,fold_02-generation-pred-000908,generation,1626122910000,1626122970000,2,0.9979791520679437,0.982232271781075
2,fold_02-generation-pred-000909,generation,1626123180000,1626123210000,1,0.9983492663974448,0.982232271781075
2,fold_02-generation-pred-000910,generation,1626123240000,1626123270000,1,0.9983560929320101,0.982232271781075
2,fold_02-generation-pred-000911,generation,1626123600000,1626123630000,1,0.9982814722018386,0.982232271781075
2,fold_02-generation-pred-000912,generation,1626124230000,1626124260000,1,0.9984577728893761,0.982232271781075
2,fold_02-generation-pred-000913,generation,1626124620000,1626124680000,2,0.9981586338274314,0.982232271781075
2,fold_02-generation-pred-000914,generation,1626124770000,1626124800000,1,0.9983609323699213,0.982232271781075
2,fold_02-generation-pred-000915,generation,1626124860000,1626124890000,1,0.9983595873842639,0.982232271781075
2,fold_02-generation-pred-000916,generation,1626125070000,1626125100000,1,0.998231288019089,0.982232271781075
2,fold_02-generation-pred-000917,generation,1626125220000,1626125250000,1,0.9984173912517637,0.982232271781075
2,fold_02-generation-pred-000918,generation,1626125460000,1626125490000,1,0.9983717627697677,0.982232271781075
2,fold_02-generation-pred-000919,generation,1626125730000,1626125760000,1,0.9984632509892499,0.982232271781075
2,fold_02-generation-pred-000920,generation,1626125790000,1626125820000,1,0.9978596124008694,0.982232271781075
2,fold_02-generation-pred-000921,generation,1626126030000,1626126060000,1,0.9982917561493524,0.982232271781075
2,fold_02-generation-pred-000922,generation,1626126300000,1626126330000,1,0.9983028522138537,0.982232271781075
2,fold_02-generation-pred-000923,generation,1626126420000,1626126450000,1,0.9985367994404154,0.982232271781075
2,fold_02-generation-pred-000924,generation,1626126480000,1626126510000,1,0.9977364857028225,0.982232271781075
2,fold_02-generation-pred-000925,generation,1626126870000,1626126900000,1,0.9980999771591321,0.982232271781075
2,fold_02-generation-pred-000926,generation,1626127230000,1626127260000,1,0.9984756825109208,0.982232271781075
2,fold_02-generation-pred-000927,generation,1626127290000,1626127320000,1,0.9981833758739515,0.982232271781075
2,fold_02-generation-pred-000928,generation,1626127410000,1626127440000,1,0.9982511348522468,0.982232271781075
2,fold_02-generation-pred-000929,generation,1626127710000,1626127740000,1,0.9983516724337375,0.982232271781075
2,fold_02-generation-pred-000930,generation,1626127800000,1626127830000,1,0.998385781808615,0.982232271781075
2,fold_02-generation-pred-000931,generation,1626128220000,1626128250000,1,0.9983044946675573,0.982232271781075
2,fold_02-generation-pred-000932,generation,1626128340000,1626128370000,1,0.9983332122150098,0.982232271781075
2,fold_02-generation-pred-000933,generation,1626128760000,1626128790000,1,0.9984255369200649,0.982232271781075
2,fold_02-generation-pred-000934,generation,1626128880000,1626128910000,1,0.9985196730891625,0.982232271781075
2,fold_02-generation-pred-000935,generation,1626129060000,1626129090000,1,0.9984423192853384,0.982232271781075
2,fold_02-generation-pred-000936,generation,1626129300000,1626129330000,1,0.998312818099435,0.982232271781075
2,fold_02-generation-pred-000937,generation,1626129510000,1626129540000,1,0.9982042671489691,0.982232271781075
2,fold_02-generation-pred-000938,generation,1626129960000,1626129990000,1,0.998345217558027,0.982232271781075
2,fold_02-generation-pred-000939,generation,1626130290000,1626130320000,1,0.9983815434934487,0.982232271781075
2,fold_02-generation-pred-000940,generation,1626130410000,1626130440000,1,0.9985251697106216,0.982232271781075
2,fold_02-generation-pred-000941,generation,1626130500000,1626130530000,1,0.9982878697038879,0.982232271781075
2,fold_02-generation-pred-000942,generation,1626130980000,1626131010000,1,0.9982907361394567,0.982232271781075
2,fold_02-generation-pred-000943,generation,1626131130000,1626131160000,1,0.9983070577245569,0.982232271781075
2,fold_02-generation-pred-000944,generation,1626131250000,1626131280000,1,0.9984701481458644,0.982232271781075
2,fold_02-generation-pred-000945,generation,1626131430000,1626131460000,1,0.9979862693376744,0.982232271781075
2,fold_02-generation-pred-000946,generation,1626131490000,1626131520000,1,0.9983739216543465,0.982232271781075
2,fold_02-generation-pred-000947,generation,1626131550000,1626131580000,1,0.998514344183115,0.982232271781075
2,fold_02-generation-pred-000948,generation,1626131910000,1626131940000,1,0.9983023641784445,0.982232271781075
2,fold_02-generation-pred-000949,generation,1626132120000,1626132150000,1,0.9983774392937451,0.982232271781075
2,fold_02-generation-pred-000950,generation,1626132330000,1626132360000,1,0.9984898223204267,0.982232271781075
2,fold_02-generation-pred-000951,generation,1626132420000,1626132450000,1,0.9983856819035548,0.982232271781075
2,fold_02-generation-pred-000952,generation,1626132540000,1626132570000,1,0.9983974442126944,0.982232271781075
2,fold_02-generation-pred-000953,generation,1626132690000,1626132720000,1,0.9982457046063246,0.982232271781075
2,fold_02-generation-pred-000954,generation,1626133050000,1626133080000,1,0.9981771969221238,0.982232271781075
2,fold_02-generation-pred-000955,generation,1626133230000,1626133260000,1,0.9985030680299551,0.982232271781075
2,fold_02-generation-pred-000956,generation,1626133470000,1626133500000,1,0.9981618737146831,0.982232271781075
2,fold_02-generation-pred-000957,generation,1626133530000,1626133560000,1,0.9982982653024226,0.982232271781075
2,fold_02-generation-pred-000958,generation,1626133620000,1626133650000,1,0.9983472101698637,0.982232271781075
2,fold_02-generation-pred-000959,generation,1626133800000,1626133830000,1,0.9983569293054099,0.982232271781075
2,fold_02-generation-pred-000960,generation,1626134010000,1626134040000,1,0.9984121755805929,0.982232271781075
2,fold_02-generation-pred-000961,generation,1626134370000,1626134400000,1,0.998358395258107,0.982232271781075
2,fold_02-generation-pred-000962,generation,1626134490000,1626134520000,1,0.9977870948263372,0.982232271781075
2,fold_02-generation-pred-000963,generation,1626134760000,1626134790000,1,0.9983453593480478,0.982232271781075
2,fold_02-generation-pred-000964,generation,1626134910000,1626134940000,1,0.9979625892063512,0.982232271781075
2,fold_02-generation-pred-000965,generation,1626135240000,1626135270000,1,0.998267519755296,0.982232271781075
2,fold_02-generation-pred-000966,generation,1626135480000,1626135510000,1,0.9983901661608248,0.982232271781075
2,fold_02-generation-pred-000967,generation,1626135570000,1626135600000,1,0.9982127627452894,0.982232271781075
2,fold_02-generation-pred-000968,generation,1626135630000,1626135660000,1,0.9982303970693175,0.982232271781075
2,fold_02-generation-pred-000969,generation,1626135990000,1626136020000,1,0.9982815212841181,0.982232271781075
2,fold_02-generation-pred-000970,generation,1626136080000,1626136110000,1,0.9984982358283222,0.982232271781075
2,fold_02-generation-pred-000971,generation,1626136140000,1626136170000,1,0.9984165840988657,0.982232271781075
2,fold_02-generation-pred-000972,generation,1626136200000,1626136230000,1,0.9983666357041158,0.982232271781075
2,fold_02-generation-pred-000973,generation,1626136380000,1626136440000,2,0.9982605264384066,0.982232271781075
2,fold_02-generation-pred-000974,generation,1626136470000,1626136500000,1,0.9983356915267549,0.982232271781075
2,fold_02-generation-pred-000975,generation,1626136530000,1626136560000,1,0.9984280213193476,0.982232271781075
2,fold_02-generation-pred-000976,generation,1626137070000,1626137100000,1,0.9983317460480222,0.982232271781075
2,fold_02-generation-pred-000977,generation,1626137160000,1626137190000,1,0.9982508409672903,0.982232271781075
2,fold_02-generation-pred-000978,generation,1626137400000,1626137430000,1,0.9984390884881463,0.982232271781075
2,fold_02-generation-pred-000979,generation,1626137610000,1626137640000,1,0.9983209696625633,0.982232271781075
2,fold_02-generation-pred-000980,generation,1626137670000,1626137700000,1,0.9982214231055433,0.982232271781075
2,fold_02-generation-pred-000981,generation,1626137760000,1626137790000,1,0.9982510499387115,0.982232271781075
2,fold_02-generation-pred-000982,generation,1626138090000,1626138120000,1,0.9984370234289557,0.982232271781075
2,fold_02-generation-pred-000983,generation,1626138150000,1626138180000,1,0.9980652942231905,0.982232271781075
2,fold_02-generation-pred-000984,generation,1626138210000,1626138240000,1,0.997275494201595,0.982232271781075
2,fold_02-generation-pred-000985,generation,1626138330000,1626138360000,1,0.9984832087249191,0.982232271781075
2,fold_02-generation-pred-000986,generation,1626138600000,1626138630000,1,0.9981825646418748,0.982232271781075
2,fold_02-generation-pred-000987,generation,1626138660000,1626138690000,1,0.9983951606556511,0.982232271781075
2,fold_02-generation-pred-000988,generation,1626138810000,1626138840000,1,0.9980883270824907,0.982232271781075
2,fold_02-generation-pred-000989,generation,1626138960000,1626138990000,1,0.9985497027708681,0.982232271781075
2,fold_02-generation-pred-000990,generation,1626139290000,1626139320000,1,0.9983981017267008,0.982232271781075
2,fold_02-generation-pred-000991,generation,1626139500000,1626139530000,1,0.9984250511171173,0.982232271781075
2,fold_02-generation-pred-000992,generation,1626139560000,1626139590000,1,0.9983920350754156,0.982232271781075
2,fold_02-generation-pred-000993,generation,1626139770000,1626139830000,2,0.9983738318546751,0.982232271781075
2,fold_02-generation-pred-000994,generation,1626139950000,1626139980000,1,0.9983039199086026,0.982232271781075
2,fold_02-generation-pred-000995,generation,1626140040000,1626140070000,1,0.9985364210902617,0.982232271781075
2,fold_02-generation-pred-000996,generation,1626140310000,1626140340000,1,0.9983814171279715,0.982232271781075
2,fold_02-generation-pred-000997,generation,1626140370000,1626140400000,1,0.9984087672180749,0.982232271781075
2,fold_02-generation-pred-000998,generation,1626140700000,1626140730000,1,0.9983475358767555,0.982232271781075
2,fold_02-generation-pred-000999,generation,1626141150000,1626141180000,1,0.998393947700188,0.982232271781075
2,fold_02-generation-pred-001000,generation,1626141240000,1626141270000,1,0.9978442116461421,0.982232271781075
2,fold_02-generation-pred-001001,generation,1626141390000,1626141420000,1,0.9984159243551695,0.982232271781075
2,fold_02-generation-pred-001002,generation,1626141450000,1626141480000,1,0.9984860586016793,0.982232271781075
2,fold_02-generation-pred-001003,generation,1626141510000,1626141540000,1,0.9984351329665776,0.982232271781075
2,fold_02-generation-pred-001004,generation,1626141660000,1626141690000,1,0.9983220259785793,0.982232271781075
2,fold_02-generation-pred-001005,generation,1626141810000,1626141840000,1,0.997187613163997,0.982232271781075
2,fold_02-generation-pred-001006,generation,1626142020000,1626142050000,1,0.997782254817989,0.982232271781075
2,fold_02-generation-pred-001007,generation,1626142230000,1626142260000,1,0.9983384867331714,0.982232271781075
2,fold_02-generation-pred-001008,generation,1626142830000,1626142860000,1,0.9982242340816665,0.982232271781075
2,fold_02-generation-pred-001009,generation,1626142980000,1626143010000,1,0.9980658171413513,0.982232271781075
2,fold_02-generation-pred-001010,generation,1626143040000,1626143070000,1,0.9977901670487518,0.982232271781075
2,fold_02-generation-pred-001011,generation,1626144510000,1626144540000,1,0.9977032696079057,0.982232271781075
2,fold_02-generation-pred-001012,generation,1626144570000,1626144600000,1,0.9976742122617356,0.982232271781075
2,fold_02-generation-pred-001013,generation,1626144870000,1626144900000,1,0.9976754069136057,0.982232271781075
2,fold_02-generation-pred-001014,generation,1626144960000,1626144990000,1,0.9980131809786099,0.982232271781075
2,fold_02-generation-pred-001015,generation,1626145110000,1626145140000,1,0.9978431743701025,0.982232271781075
2,fold_02-generation-pred-001016,generation,1626146130000,1626146160000,1,0.9974848258667598,0.982232271781075
2,fold_02-generation-pred-001017,generation,1626146220000,1626146250000,1,0.9980384766645656,0.982232271781075
2,fold_02-generation-pred-001018,generation,1626146370000,1626146400000,1,0.9979321401309249,0.982232271781075
2,fold_02-generation-pred-001019,generation,1626146580000,1626146610000,1,0.9979557960406519,0.982232271781075
2,fold_02-generation-pred-001020,generation,1626146730000,1626146760000,1,0.997783089291312,0.982232271781075
2,fold_02-generation-pred-001021,generation,1626146850000,1626146910000,2,0.9976471152201706,0.982232271781075
2,fold_02-generation-pred-001022,generation,1626146940000,1626146970000,1,0.9979406312772321,0.982232271781075
2,fold_02-generation-pred-001023,generation,1626147150000,1626147180000,1,0.9983112013814623,0.982232271781075
2,fold_02-generation-pred-001024,generation,1626147300000,1626147330000,1,0.9977332333358688,0.982232271781075
2,fold_02-generation-pred-001025,generation,1626147390000,1626147420000,1,0.997937256474003,0.982232271781075
2,fold_02-generation-pred-001026,generation,1626147840000,1626147900000,2,0.9979709005377102,0.982232271781075
2,fold_02-generation-pred-001027,generation,1626147930000,1626147960000,1,0.9909016197818645,0.982232271781075
2,fold_02-generation-pred-001028,generation,1626148260000,1626148290000,1,0.9985255277977263,0.982232271781075
2,fold_02-generation-pred-001029,generation,1626148470000,1626148500000,1,0.9985583475203771,0.982232271781075
2,fold_02-generation-pred-001030,generation,1626148590000,1626148620000,1,0.9984032928608857,0.982232271781075
2,fold_02-generation-pred-001031,generation,1626148650000,1626148680000,1,0.9983704840631417,0.982232271781075
2,fold_02-generation-pred-001032,generation,1626149010000,1626149040000,1,0.9984170679877482,0.982232271781075
2,fold_02-generation-pred-001033,generation,1626149430000,1626149460000,1,0.9981751274017263,0.982232271781075
2,fold_02-generation-pred-001034,generation,1626149850000,1626149880000,1,0.9982711840569108,0.982232271781075
2,fold_02-generation-pred-001035,generation,1626149910000,1626149940000,1,0.9985093517431775,0.982232271781075
2,fold_02-generation-pred-001036,generation,1626150210000,1626150240000,1,0.9985474152420752,0.982232271781075
2,fold_02-generation-pred-001037,generation,1626150270000,1626150300000,1,0.9982832750566251,0.982232271781075
2,fold_02-generation-pred-001038,generation,1626150360000,1626150390000,1,0.9983460909492796,0.982232271781075
2,fold_02-generation-pred-001039,generation,1626150690000,1626150750000,2,0.9982557348340726,0.982232271781075
2,fold_02-generation-pred-001040,generation,1626150990000,1626151020000,1,0.9984498446632921,0.982232271781075
2,fold_02-generation-pred-001041,generation,1626151320000,1626151350000,1,0.9985420715215394,0.982232271781075
2,fold_02-generation-pred-001042,generation,1626151410000,1626151440000,1,0.9982493508034584,0.982232271781075
2,fold_02-generation-pred-001043,generation,1626151530000,1626151560000,1,0.9983281494103968,0.982232271781075
2,fold_02-generation-pred-001044,generation,1626151770000,1626151830000,2,0.9983085769543298,0.982232271781075
2,fold_02-generation-pred-001045,generation,1626151860000,1626151890000,1,0.9980342162610424,0.982232271781075
2,fold_02-generation-pred-001046,generation,1626152100000,1626152130000,1,0.9984110087504687,0.982232271781075
2,fold_02-generation-pred-001047,generation,1626152460000,1626152490000,1,0.9984162561462978,0.982232271781075
2,fold_02-generation-pred-001048,generation,1626153000000,1626153030000,1,0.9980078743526439,0.982232271781075
2,fold_02-generation-pred-001049,generation,1626153240000,1626153270000,1,0.9985347364913059,0.982232271781075
2,fold_02-generation-pred-001050,generation,1626153390000,1626153420000,1,0.997943189349245,0.982232271781075
2,fold_02-generation-pred-001051,generation,1626153540000,1626153570000,1,0.9982463107449755,0.982232271781075
2,fold_02-generation-pred-001052,generation,1626153780000,1626153810000,1,0.9984016204092115,0.982232271781075
2,fold_02-generation-pred-001053,generation,1626154020000,1626154050000,1,0.9984201449857266,0.982232271781075
2,fold_02-generation-pred-001054,generation,1626154380000,1626154410000,1,0.9982888026359902,0.982232271781075
2,fold_02-generation-pred-001055,generation,1626154470000,1626154500000,1,0.9982360526253962,0.982232271781075
2,fold_02-generation-pred-001056,generation,1626154590000,1626154620000,1,0.9983544243935523,0.982232271781075
2,fold_02-generation-pred-001057,generation,1626155040000,1626155070000,1,0.9984194799512343,0.982232271781075
2,fold_02-generation-pred-001058,generation,1626155100000,1626155130000,1,0.995175684049789,0.982232271781075
2,fold_02-generation-pred-001059,generation,1626155250000,1626155280000,1,0.9984494254080206,0.982232271781075
2,fold_02-generation-pred-001060,generation,1626155310000,1626155340000,1,0.9984492105696485,0.982232271781075
2,fold_02-generation-pred-001061,generation,1626155370000,1626155400000,1,0.9980635209596979,0.982232271781075
2,fold_02-generation-pred-001062,generation,1626155760000,1626155790000,1,0.9984900394492846,0.982232271781075
2,fold_02-generation-pred-001063,generation,1626155820000,1626155850000,1,0.9982020477449846,0.982232271781075
2,fold_02-generation-pred-001064,generation,1626155910000,1626155940000,1,0.9985400333734584,0.982232271781075
2,fold_02-generation-pred-001065,generation,1626156600000,1626156630000,1,0.9983094624089616,0.982232271781075
2,fold_02-generation-pred-001066,generation,1626156810000,1626156840000,1,0.9978265369489687,0.982232271781075
2,fold_02-generation-pred-001067,generation,1626157020000,1626157050000,1,0.998386011566828,0.982232271781075
2,fold_02-generation-pred-001068,generation,1626157170000,1626157200000,1,0.9985182705193435,0.982232271781075
2,fold_02-generation-pred-001069,generation,1626157410000,1626157440000,1,0.9986211510202094,0.982232271781075
2,fold_02-generation-pred-001070,generation,1626157470000,1626157500000,1,0.9984266346731645,0.982232271781075
2,fold_02-generation-pred-001071,generation,1626157590000,1626157620000,1,0.9983979972442193,0.982232271781075
2,fold_02-generation-pred-001072,generation,1626157830000,1626157890000,2,0.998365605090583,0.982232271781075
2,fold_02-generation-pred-001073,generation,1626157920000,1626157950000,1,0.9983275269262051,0.982232271781075
2,fold_02-generation-pred-001074,generation,1626157980000,1626158010000,1,0.9980405199503684,0.982232271781075
2,fold_02-generation-pred-001075,generation,1626158130000,1626158160000,1,0.9979342261303497,0.982232271781075
2,fold_02-generation-pred-001076,generation,1626158400000,1626158430000,1,0.9985920195179272,0.982232271781075
2,fold_02-generation-pred-001077,generation,1626158460000,1626158490000,1,0.9985887010023787,0.982232271781075
2,fold_02-generation-pred-001078,generation,1626159000000,1626159030000,1,0.9975469019835237,0.982232271781075
2,fold_02-generation-pred-001079,generation,1626159420000,1626159450000,1,0.9980199770014312,0.982232271781075
2,fold_02-generation-pred-001080,generation,1626159480000,1626159510000,1,0.9984827515254319,0.982232271781075
2,fold_02-generation-pred-001081,generation,1626160380000,1626160410000,1,0.9966637098887371,0.982232271781075
2,fold_02-generation-pred-001082,generation,1626160650000,1626160680000,1,0.9984176918507442,0.982232271781075
2,fold_02-generation-pred-001083,generation,1626161130000,1626161160000,1,0.998500098020705,0.982232271781075
2,fold_02-generation-pred-001084,generation,1626161280000,1626161310000,1,0.998101052948324,0.982232271781075
2,fold_02-generation-pred-001085,generation,1626161400000,1626161430000,1,0.9982324696467288,0.982232271781075
2,fold_02-generation-pred-001086,generation,1626161520000,1626161550000,1,0.998501338676893,0.982232271781075
2,fold_02-generation-pred-001087,generation,1626161700000,1626161730000,1,0.9985374409491489,0.982232271781075
2,fold_02-generation-pred-001088,generation,1626162660000,1626162690000,1,0.9981824746749012,0.982232271781075
2,fold_02-generation-pred-001089,generation,1626162870000,1626162900000,1,0.9984709622518618,0.982232271781075
2,fold_02-generation-pred-001090,generation,1626163110000,1626163140000,1,0.9983798961173318,0.982232271781075
2,fold_02-generation-pred-001091,generation,1626163620000,1626163650000,1,0.9984832498877896,0.982232271781075
2,fold_02-generation-pred-001092,generation,1626163770000,1626163800000,1,0.9978276297558574,0.982232271781075
2,fold_02-generation-pred-001093,generation,1626164160000,1626164190000,1,0.9985256787300008,0.982232271781075
2,fold_02-generation-pred-001094,generation,1626164220000,1626164250000,1,0.9927120471503501,0.982232271781075
2,fold_02-generation-pred-001095,generation,1626164310000,1626164340000,1,0.9984894052305496,0.982232271781075
2,fold_02-generation-pred-001096,generation,1626164400000,1626164430000,1,0.9984260413070284,0.982232271781075
2,fold_02-generation-pred-001097,generation,1626164550000,1626164580000,1,0.9984058836440661,0.982232271781075
2,fold_02-generation-pred-001098,generation,1626164610000,1626164640000,1,0.9982177349637773,0.982232271781075
2,fold_02-generation-pred-001099,generation,1626164670000,1626164700000,1,0.9975194241048227,0.982232271781075
2,fold_02-generation-pred-001100,generation,1626164880000,1626164910000,1,0.9984583499076147,0.982232271781075
2,fold_02-generation-pred-001101,generation,1626165060000,1626165150000,3,0.9980986238753601,0.982232271781075
2,fold_02-generation-pred-001102,generation,1626165300000,1626165330000,1,0.9981663947633238,0.982232271781075
2,fold_02-generation-pred-001103,generation,1626165450000,1626165480000,1,0.9983189958827822,0.982232271781075
2,fold_02-generation-pred-001104,generation,1626165720000,1626165750000,1,0.9985014542669646,0.982232271781075
2,fold_02-generation-pred-001105,generation,1626165780000,1626165810000,1,0.9978412102880492,0.982232271781075
2,fold_02-generation-pred-001106,generation,1626165870000,1626165900000,1,0.9979631281959838,0.982232271781075
2,fold_02-generation-pred-001107,generation,1626166110000,1626166170000,2,0.9971831029313024,0.982232271781075
2,fold_02-generation-pred-001108,generation,1626166710000,1626166740000,1,0.9984540420363431,0.982232271781075
2,fold_02-generation-pred-001109,generation,1626167250000,1626167310000,2,0.9985888327102123,0.982232271781075
2,fold_02-generation-pred-001110,generation,1626167400000,1626167430000,1,0.9977600943847146,0.982232271781075
2,fold_02-generation-pred-001111,generation,1626167460000,1626167490000,1,0.9983038319016527,0.982232271781075
2,fold_02-generation-pred-001112,generation,1626167640000,1626167670000,1,0.9985910463852491,0.982232271781075
2,fold_02-generation-pred-001113,generation,1626167850000,1626167880000,1,0.9985192691665845,0.982232271781075
2,fold_02-generation-pred-001114,generation,1626167910000,1626167940000,1,0.9983187533993334,0.982232271781075
2,fold_02-generation-pred-001115,generation,1626168240000,1626168270000,1,0.9985138057821512,0.982232271781075
2,fold_02-generation-pred-001116,generation,1626168390000,1626168420000,1,0.9984704831613649,0.982232271781075
2,fold_02-generation-pred-001117,generation,1626168480000,1626168510000,1,0.9986019250560001,0.982232271781075
2,fold_02-generation-pred-001118,generation,1626168810000,1626168840000,1,0.9984503184035862,0.982232271781075
2,fold_02-generation-pred-001119,generation,1626169080000,1626169110000,1,0.9982256383285492,0.982232271781075
2,fold_02-generation-pred-001120,generation,1626169320000,1626169350000,1,0.9982755138752946,0.982232271781075
2,fold_02-generation-pred-001121,generation,1626169380000,1626169410000,1,0.9983448393919989,0.982232271781075
2,fold_02-generation-pred-001122,generation,1626169440000,1626169500000,2,0.9983320612991671,0.982232271781075
2,fold_02-generation-pred-001123,generation,1626169620000,1626169680000,2,0.9975337244721347,0.982232271781075
2,fold_02-generation-pred-001124,generation,1626169770000,1626169800000,1,0.9985719609824587,0.982232271781075
2,fold_02-generation-pred-001125,generation,1626170070000,1626170100000,1,0.9983455767358557,0.982232271781075
2,fold_02-generation-pred-001126,generation,1626170130000,1626170160000,1,0.9982646557560545,0.982232271781075
2,fold_02-generation-pred-001127,generation,1626170340000,1626170370000,1,0.9983216632943416,0.982232271781075
2,fold_02-generation-pred-001128,generation,1626170460000,1626170490000,1,0.9984069488153362,0.982232271781075
2,fold_02-generation-pred-001129,generation,1626170520000,1626170550000,1,0.9979354564841708,0.982232271781075
2,fold_02-generation-pred-001130,generation,1626170700000,1626170730000,1,0.9970488761148377,0.982232271781075
2,fold_02-generation-pred-001131,generation,1626170820000,1626170850000,1,0.9974947309649688,0.982232271781075
2,fold_02-generation-pred-001132,generation,1626171060000,1626171090000,1,0.9984072331959446,0.982232271781075
2,fold_02-generation-pred-001133,generation,1626171150000,1626171210000,2,0.9982341750511567,0.982232271781075
2,fold_02-generation-pred-001134,generation,1626171270000,1626171300000,1,0.9983955441474028,0.982232271781075
2,fold_02-generation-pred-001135,generation,1626171390000,1626171420000,1,0.998394417093303,0.982232271781075
2,fold_02-generation-pred-001136,generation,1626171510000,1626171540000,1,0.998385529728602,0.982232271781075
2,fold_02-generation-pred-001137,generation,1626171870000,1626171900000,1,0.9981957750397606,0.982232271781075
2,fold_02-generation-pred-001138,generation,1626172200000,1626172230000,1,0.9983415907058564,0.982232271781075
2,fold_02-generation-pred-001139,generation,1626172380000,1626172410000,1,0.9984682604948643,0.982232271781075
2,fold_02-generation-pred-001140,generation,1626172560000,1626172590000,1,0.9985023045078811,0.982232271781075
2,fold_02-generation-pred-001141,generation,1626172680000,1626172710000,1,0.9983333066342714,0.982232271781075
2,fold_02-generation-pred-001142,generation,1626172740000,1626172770000,1,0.9982019527499001,0.982232271781075
2,fold_02-generation-pred-001143,generation,1626173190000,1626173220000,1,0.9984778161552302,0.982232271781075
2,fold_02-generation-pred-001144,generation,1626173280000,1626173310000,1,0.998305812165541,0.982232271781075
2,fold_02-generation-pred-001145,generation,1626173340000,1626173370000,1,0.9983881991644078,0.982232271781075
2,fold_02-generation-pred-001146,generation,1626173400000,1626173430000,1,0.9984048215588617,0.982232271781075
2,fold_02-generation-pred-001147,generation,1626173760000,1626173790000,1,0.998565232543165,0.982232271781075
2,fold_02-generation-pred-001148,generation,1626174090000,1626174120000,1,0.9984211810999886,0.982232271781075
2,fold_02-generation-pred-001149,generation,1626174450000,1626174480000,1,0.9983867567115357,0.982232271781075
2,fold_02-generation-pred-001150,generation,1626174660000,1626174690000,1,0.9983949505367125,0.982232271781075
2,fold_02-generation-pred-001151,generation,1626174810000,1626174840000,1,0.9983740996907795,0.982232271781075
2,fold_02-generation-pred-001152,generation,1626175200000,1626175230000,1,0.9985938512884467,0.982232271781075
2,fold_02-generation-pred-001153,generation,1626175380000,1626175410000,1,0.997958411093896,0.982232271781075
2,fold_02-generation-pred-001154,generation,1626175470000,1626175500000,1,0.9984376424147553,0.982232271781075
2,fold_02-generation-pred-001155,generation,1626175590000,1626175620000,1,0.9985542863171555,0.982232271781075
2,fold_02-generation-pred-001156,generation,1626175680000,1626175710000,1,0.9985298425774575,0.982232271781075
2,fold_02-generation-pred-001157,generation,1626175740000,1626175770000,1,0.9984154438891373,0.982232271781075
2,fold_02-generation-pred-001158,generation,1626176040000,1626176070000,1,0.9984628155941823,0.982232271781075
2,fold_02-generation-pred-001159,generation,1626176100000,1626176130000,1,0.9984190231424032,0.982232271781075
2,fold_02-generation-pred-001160,generation,1626176310000,1626176340000,1,0.998432853041623,0.982232271781075
2,fold_02-generation-pred-001161,generation,1626176490000,1626176520000,1,0.9983239611011036,0.982232271781075
2,fold_02-generation-pred-001162,generation,1626177030000,1626177060000,1,0.9983869709730537,0.982232271781075
2,fold_02-generation-pred-001163,generation,1626177510000,1626177540000,1,0.9985193692763273,0.982232271781075
2,fold_02-generation-pred-001164,generation,1626177660000,1626177690000,1,0.9983578285779638,0.982232271781075
2,fold_02-generation-pred-001165,generation,1626177720000,1626177750000,1,0.9983873671668082,0.982232271781075
2,fold_02-generation-pred-001166,generation,1626177990000,1626178020000,1,0.9983876911135102,0.982232271781075
2,fold_02-generation-pred-001167,generation,1626178050000,1626178080000,1,0.9984468867938382,0.982232271781075
2,fold_02-generation-pred-001168,generation,1626178140000,1626178170000,1,0.9984315916212675,0.982232271781075
2,fold_02-generation-pred-001169,generation,1626178230000,1626178260000,1,0.9984266661333137,0.982232271781075
2,fold_02-generation-pred-001170,generation,1626178770000,1626178800000,1,0.9983578395226019,0.982232271781075
2,fold_02-generation-pred-001171,generation,1626178830000,1626178860000,1,0.9984156988484136,0.982232271781075
