fold,split,prediction_available_time,system_score,prediction_timestamp,sample_index,system_trigger_logit,binary_prediction
2,generation,1625917980000,0.9982657367070616,1625917980000,0,6.3554368019104,1
2,generation,1625918010000,0.8278795439773163,1625918010000,1,1.5706731081008911,0
2,generation,1625918040000,0.1839667302965976,1625918040000,2,-1.489700198173523,0
2,generation,1625918070000,0.18083414230232153,1625918070000,3,-1.5107063055038452,0
2,generation,1625918100000,0.17984091745911748,1625918100000,4,-1.5174256563186646,0
2,generation,1625918130000,0.18063120732669002,1625918130000,5,-1.5120768547058105,0
2,generation,1625918160000,0.18146010770163407,1625918160000,6,-1.5064862966537476,0
2,generation,1625918190000,0.1802884910453918,1625918190000,7,-1.5143941640853882,0
2,generation,1625918220000,0.18301745906148062,1625918220000,8,-1.496036171913147,0
2,generation,1625918250000,0.17875178306880013,1625918250000,9,-1.524827241897583,0
2,generation,1625918280000,0.18415507139383397,1625918280000,10,-1.4884461164474487,0
2,generation,1625918310000,0.9980772555220493,1625918310000,11,6.252077102661133,1
2,generation,1625918340000,0.8470149134955787,1625918340000,12,1.7113778591156006,0
2,generation,1625918370000,0.1866789370507963,1625918370000,13,-1.4717357158660889,0
2,generation,1625918400000,0.9982709396269261,1625918400000,14,6.3584465980529785,1
2,generation,1625918430000,0.8529910518999654,1625918430000,15,1.7582556009292603,0
2,generation,1625918460000,0.17779126415995022,1625918460000,16,-1.5313841104507446,0
2,generation,1625918490000,0.17865681349726045,1625918490000,17,-1.5254743099212646,0
2,generation,1625918520000,0.18033918155027814,1625918520000,18,-1.5140511989593506,0
2,generation,1625918550000,0.1834009776142658,1625918550000,19,-1.4934732913970947,0
2,generation,1625918580000,0.17955285718115777,1625918580000,20,-1.5193798542022705,0
2,generation,1625918610000,0.17863444155920297,1625918610000,21,-1.5256267786026,0
2,generation,1625918640000,0.17991938684046777,1625918640000,22,-1.516893744468689,0
2,generation,1625918670000,0.18205280313517966,1625918670000,23,-1.5025010108947754,0
2,generation,1625918700000,0.9980884444449115,1625918700000,24,6.257924556732178,1
2,generation,1625918730000,0.9874846618983757,1625918730000,25,4.368206024169922,1
2,generation,1625918760000,0.8362164685501069,1625918760000,26,1.63034188747406,0
2,generation,1625918790000,0.18626403520320858,1625918790000,27,-1.4744707345962524,0
2,generation,1625918820000,0.17941558753647285,1625918820000,28,-1.520311951637268,0
2,generation,1625918850000,0.17951139903831154,1625918850000,29,-1.5196613073349,0
2,generation,1625918880000,0.18127509580402967,1625918880000,30,-1.5077323913574219,0
2,generation,1625918910000,0.17984478578483665,1625918910000,31,-1.5173994302749634,0
2,generation,1625918940000,0.1806109535876602,1625918940000,32,-1.5122137069702148,0
2,generation,1625918970000,0.17985955635329712,1625918970000,33,-1.5172992944717407,0
2,generation,1625919000000,0.17873479132299686,1625919000000,34,-1.5249429941177368,0
2,generation,1625919030000,0.17852525459648877,1625919030000,35,-1.5263711214065552,0
2,generation,1625919060000,0.17989084143399175,1625919060000,36,-1.5170872211456299,0
2,generation,1625919090000,0.17847326751438053,1625919090000,37,-1.5267256498336792,0
2,generation,1625919120000,0.1805927302643794,1625919120000,38,-1.5123368501663208,0
2,generation,1625919150000,0.1796866945498537,1625919150000,39,-1.518471598625183,0
2,generation,1625919180000,0.9981040104907916,1625919180000,40,6.266116619110107,1
2,generation,1625919210000,0.9895104385626327,1625919210000,41,4.546829700469971,1
2,generation,1625919240000,0.8291553046498417,1625919240000,42,1.5796525478363037,0
2,generation,1625919270000,0.18872973760777328,1625919270000,43,-1.4582852125167847,0
2,generation,1625919300000,0.1871397180260842,1625919300000,44,-1.4687037467956543,0
2,generation,1625919330000,0.1811130900082574,1625919330000,45,-1.508824348449707,0
2,generation,1625919360000,0.17959281227634152,1625919360000,46,-1.5191086530685425,0
2,generation,1625919390000,0.17701264288859836,1625919390000,47,-1.5367196798324585,0
2,generation,1625919420000,0.17996579166255533,1625919420000,48,-1.516579270362854,0
2,generation,1625919450000,0.1848565187134809,1625919450000,49,-1.4837841987609863,0
2,generation,1625919480000,0.9982528646933753,1625919480000,50,6.348029136657715,1
2,generation,1625919510000,0.8346492687844123,1625919510000,51,1.6189427375793457,0
2,generation,1625919540000,0.18046436086266504,1625919540000,52,-1.513204574584961,0
2,generation,1625919570000,0.18383685837366742,1625919570000,53,-1.490565538406372,0
2,generation,1625919600000,0.18022335148387628,1625919600000,54,-1.514835000038147,0
2,generation,1625919630000,0.18634696587988506,1625919630000,55,-1.473923683166504,0
2,generation,1625919660000,0.9980169056234366,1625919660000,56,6.22111177444458,1
2,generation,1625919690000,0.8284105613430175,1625919690000,57,1.574404239654541,0
2,generation,1625919720000,0.17824521689719328,1625919720000,58,-1.528281807899475,0
2,generation,1625919750000,0.998177587298545,1625919750000,59,6.305769920349121,1
2,generation,1625919780000,0.8354400947713818,1625919780000,60,1.6246839761734009,0
2,generation,1625919810000,0.17944417934686396,1625919810000,61,-1.5201177597045898,0
2,generation,1625919840000,0.1776561990905422,1625919840000,62,-1.5323083400726318,0
2,generation,1625919870000,0.18027954163466697,1625919870000,63,-1.51445472240448,0
2,generation,1625919900000,0.17974612861838934,1625919900000,64,-1.5180684328079224,0
2,generation,1625919930000,0.9982197181184063,1625919930000,65,6.329201698303223,1
2,generation,1625919960000,0.8213918282384015,1625919960000,66,1.5258058309555054,0
2,generation,1625919990000,0.18088680696231269,1625919990000,67,-1.5103508234024048,0
2,generation,1625920020000,0.17733771369890824,1625920020000,68,-1.5344898700714111,0
2,generation,1625920050000,0.17985164343098906,1625920050000,69,-1.5173529386520386,0
2,generation,1625920080000,0.1771251699061325,1625920080000,70,-1.5359474420547485,0
2,generation,1625920110000,0.17799419578334502,1625920110000,71,-1.5299965143203735,0
2,generation,1625920140000,0.18324675681221736,1625920140000,72,-1.494503378868103,0
2,generation,1625920170000,0.1808296040227108,1625920170000,73,-1.5107369422912598,0
2,generation,1625920200000,0.1786873576180427,1625920200000,74,-1.525266170501709,0
2,generation,1625920230000,0.18041057586859138,1625920230000,75,-1.5135682821273804,0
2,generation,1625920260000,0.9982186967171535,1625920260000,76,6.328627109527588,1
2,generation,1625920290000,0.8280621933930995,1625920290000,77,1.5719554424285889,0
2,generation,1625920320000,0.9981198858482524,1625920320000,78,6.274540901184082,1
2,generation,1625920350000,0.8320658007353544,1625920350000,79,1.6003392934799194,0
2,generation,1625920380000,0.9979615272907596,1625920380000,80,6.193513870239258,1
2,generation,1625920410000,0.8121890368711704,1625920410000,81,1.4642971754074097,0
2,generation,1625920440000,0.17732336630705214,1625920440000,82,-1.5345882177352905,0
2,generation,1625920470000,0.17869930697403136,1625920470000,83,-1.5251847505569458,0
2,generation,1625920500000,0.17895897043916484,1625920500000,84,-1.523416519165039,0
2,generation,1625920530000,0.18082453608773225,1625920530000,85,-1.5107711553573608,0
2,generation,1625920560000,0.18010923420120364,1625920560000,86,-1.5156075954437256,0
2,generation,1625920590000,0.1787810097274601,1625920590000,87,-1.5246281623840332,0
2,generation,1625920620000,0.18322534769147655,1625920620000,88,-1.494646430015564,0
2,generation,1625920650000,0.17732013174813363,1625920650000,89,-1.534610390663147,0
2,generation,1625920680000,0.1781810915150301,1625920680000,90,-1.5287196636199951,0
2,generation,1625920710000,0.17977483187630858,1625920710000,91,-1.517873764038086,0
2,generation,1625920740000,0.1865965800643295,1625920740000,92,-1.4722782373428345,0
2,generation,1625920770000,0.1805771366129158,1625920770000,93,-1.5124422311782837,0
2,generation,1625920800000,0.17842338923840365,1625920800000,94,-1.5270658731460571,0
2,generation,1625920830000,0.9983090624017805,1625920830000,95,6.38077974319458,1
2,generation,1625920860000,0.82898689423646,1625920860000,96,1.578464150428772,0
2,generation,1625920890000,0.17786486692465533,1625920890000,97,-1.5308806896209717,0
2,generation,1625920920000,0.18221690133058274,1625920920000,98,-1.5013993978500366,0
2,generation,1625920950000,0.19648387804659362,1625920950000,99,-1.4084168672561646,0
2,generation,1625920980000,0.17854252797800377,1625920980000,100,-1.526253342628479,0
2,generation,1625921010000,0.18196303373985387,1625921010000,101,-1.5031039714813232,0
2,generation,1625921040000,0.17928364447636475,1625921040000,102,-1.52120840549469,0
2,generation,1625921070000,0.18879698802441014,1625921070000,103,-1.4578460454940796,0
2,generation,1625921100000,0.18082103980686587,1625921100000,104,-1.510794758796692,0
2,generation,1625921130000,0.1810096669529074,1625921130000,105,-1.5095218420028687,0
2,generation,1625921160000,0.18328155077166133,1625921160000,106,-1.494270920753479,0
2,generation,1625921190000,0.9980729443710123,1625921190000,107,6.249833106994629,1
2,generation,1625921220000,0.8392003728630452,1625921220000,108,1.6522904634475708,0
2,generation,1625921250000,0.19991713797023575,1625921250000,109,-1.3868123292922974,0
2,generation,1625921280000,0.17997587248919938,1625921280000,110,-1.5165109634399414,0
2,generation,1625921310000,0.18436611175201287,1625921310000,111,-1.4870420694351196,0
2,generation,1625921340000,0.18196133026451602,1625921340000,112,-1.5031154155731201,0
2,generation,1625921370000,0.1811966433230266,1625921370000,113,-1.5082610845565796,0
2,generation,1625921400000,0.1805937004923155,1625921400000,114,-1.5123302936553955,0
2,generation,1625921430000,0.1817862578765835,1625921430000,115,-1.5042920112609863,0
2,generation,1625921460000,0.1868693465344082,1625921460000,116,-1.4704821109771729,0
2,generation,1625921490000,0.17806877163263532,1625921490000,117,-1.529486894607544,0
2,generation,1625921520000,0.18158236725873092,1625921520000,118,-1.5056633949279785,0
2,generation,1625921550000,0.18282996727212447,1625921550000,119,-1.4972906112670898,0
2,generation,1625921580000,0.1793083604798548,1625921580000,120,-1.521040439605713,0
2,generation,1625921610000,0.18094644442038194,1625921610000,121,-1.5099483728408813,0
2,generation,1625921640000,0.1790333543471307,1625921640000,122,-1.5229103565216064,0
2,generation,1625921670000,0.1798055604561626,1625921670000,123,-1.5176653861999512,0
2,generation,1625921700000,0.998110738306226,1625921700000,124,6.269678115844727,1
2,generation,1625921730000,0.8536665577851236,1625921730000,125,1.7636528015136719,0
2,generation,1625921760000,0.1892646339509425,1625921760000,126,-1.454795479774475,0
2,generation,1625921790000,0.18155269531824336,1625921790000,127,-1.505863070487976,0
2,generation,1625921820000,0.1784880897919729,1625921820000,128,-1.5266245603561401,0
2,generation,1625921850000,0.18179021196572218,1625921850000,129,-1.5042654275894165,0
2,generation,1625921880000,0.1796097096628109,1625921880000,130,-1.5189939737319946,0
2,generation,1625921910000,0.17901974060034584,1625921910000,131,-1.5230029821395874,0
2,generation,1625921940000,0.1788882528203268,1625921940000,132,-1.5238978862762451,0
2,generation,1625921970000,0.1832805158004748,1625921970000,133,-1.494277834892273,0
2,generation,1625922000000,0.20135410962084216,1625922000000,134,-1.3778525590896606,0
2,generation,1625922030000,0.1943512913809642,1625922030000,135,-1.4219805002212524,0
2,generation,1625922060000,0.18346249052704158,1625922060000,136,-1.4930626153945923,0
2,generation,1625922090000,0.9981785758786942,1625922090000,137,6.306313514709473,1
2,generation,1625922120000,0.8387096462012466,1625922120000,138,1.6486583948135376,0
2,generation,1625922150000,0.17783696024867712,1625922150000,139,-1.5310715436935425,0
2,generation,1625922180000,0.18080649019370099,1625922180000,140,-1.5108929872512817,0
2,generation,1625922210000,0.18184754490804828,1625922210000,141,-1.5038800239562988,0
2,generation,1625922240000,0.18070897484083762,1625922240000,142,-1.5115514993667603,0
2,generation,1625922270000,0.1815009068956729,1625922270000,143,-1.5062116384506226,0
2,generation,1625922300000,0.18364319343964644,1625922300000,144,-1.4918568134307861,0
2,generation,1625922330000,0.18130795287074192,1625922330000,145,-1.507511019706726,0
2,generation,1625922360000,0.18121135888732162,1625922360000,146,-1.5081619024276733,0
2,generation,1625922390000,0.17644773130595448,1625922390000,147,-1.5406023263931274,0
2,generation,1625922420000,0.1804019037461625,1625922420000,148,-1.5136269330978394,0
2,generation,1625922450000,0.17900812487730125,1625922450000,149,-1.5230820178985596,0
2,generation,1625922480000,0.1782017081327563,1625922480000,150,-1.5285788774490356,0
2,generation,1625922510000,0.17997439464411133,1625922510000,151,-1.5165209770202637,0
2,generation,1625922540000,0.17976723825968946,1625922540000,152,-1.5179252624511719,0
2,generation,1625922570000,0.17927168211519626,1625922570000,153,-1.5212897062301636,0
2,generation,1625922600000,0.1781723461644767,1625922600000,154,-1.52877938747406,0
2,generation,1625922630000,0.18007480408169504,1625922630000,155,-1.515840768814087,0
2,generation,1625922660000,0.18044410408261605,1625922660000,156,-1.5133415460586548,0
2,generation,1625922690000,0.17837254350790493,1625922690000,157,-1.52741277217865,0
2,generation,1625922720000,0.18304893908708916,1625922720000,158,-1.4958256483078003,0
2,generation,1625922750000,0.17777129461792726,1625922750000,159,-1.5315207242965698,0
2,generation,1625922780000,0.17884085728432758,1625922780000,160,-1.524220585823059,0
2,generation,1625922810000,0.17771555997274746,1625922810000,161,-1.5319020748138428,0
2,generation,1625922840000,0.17745506605462613,1625922840000,162,-1.5336856842041016,0
2,generation,1625922870000,0.18027154383250263,1625922870000,163,-1.514508843421936,0
2,generation,1625922900000,0.1806103890488696,1625922900000,164,-1.5122175216674805,0
2,generation,1625922930000,0.2030752455429358,1625922930000,165,-1.3671836853027344,0
2,generation,1625922960000,0.9980895394807812,1625922960000,166,6.258498668670654,1
2,generation,1625922990000,0.9867558206080123,1625922990000,167,4.310864448547363,1
2,generation,1625923020000,0.8183802318644837,1625923020000,168,1.5054117441177368,0
2,generation,1625923050000,0.1820652649532271,1625923050000,169,-1.5024173259735107,0
2,generation,1625923080000,0.9983069207175285,1625923080000,170,6.379511833190918,1
2,generation,1625923110000,0.8172136459811107,1625923110000,171,1.4975825548171997,0
2,generation,1625923140000,0.19234760775620133,1625923140000,172,-1.4348275661468506,0
2,generation,1625923170000,0.18545440871134589,1625923170000,173,-1.4798213243484497,0
2,generation,1625923200000,0.1785535080947768,1625923200000,174,-1.5261784791946411,0
2,generation,1625923230000,0.18023245723564435,1625923230000,175,-1.5147733688354492,0
2,generation,1625923260000,0.17840406302971848,1625923260000,176,-1.5271977186203003,0
2,generation,1625923290000,0.17877742182257833,1625923290000,177,-1.5246526002883911,0
2,generation,1625923320000,0.9980619434662177,1625923320000,178,6.244129657745361,1
2,generation,1625923350000,0.8363334812044796,1625923350000,179,1.6311964988708496,0
2,generation,1625923380000,0.1799999063947076,1625923380000,180,-1.516348123550415,0
2,generation,1625923410000,0.9981814605089352,1625923410000,181,6.307901382446289,1
2,generation,1625923440000,0.8246998665726878,1625923440000,182,1.5485199689865112,0
2,generation,1625923470000,0.1827039222861148,1625923470000,183,-1.4981344938278198,0
2,generation,1625923500000,0.18856446445143263,1625923500000,184,-1.4593650102615356,0
2,generation,1625923530000,0.9981245349694141,1625923530000,185,6.277021408081055,1
2,generation,1625923560000,0.8128126757430424,1625923560000,186,1.4683908224105835,0
2,generation,1625923590000,0.18792727714795673,1625923590000,187,-1.4635348320007324,0
2,generation,1625923620000,0.9981269399169292,1625923620000,188,6.27830696105957,1
2,generation,1625923650000,0.8445624631403255,1625923650000,189,1.6925747394561768,0
2,generation,1625923680000,0.18504056657831183,1625923680000,190,-1.4825632572174072,0
2,generation,1625923710000,0.18069023201884,1625923710000,191,-1.5116780996322632,0
2,generation,1625923740000,0.1806917850387905,1625923740000,192,-1.5116676092147827,0
2,generation,1625923770000,0.17861973219884292,1625923770000,193,-1.5257270336151123,0
2,generation,1625923800000,0.18210331132899865,1625923800000,194,-1.5021618604660034,0
2,generation,1625923830000,0.1821448089850302,1625923830000,195,-1.5018832683563232,0
2,generation,1625923860000,0.9981894822135025,1625923860000,196,6.31233024597168,1
2,generation,1625923890000,0.8505566337428573,1625923890000,197,1.7389734983444214,0
2,generation,1625923920000,0.18571541261051883,1625923920000,198,-1.478094458580017,0
2,generation,1625923950000,0.1810831065504238,1625923950000,199,-1.5090265274047852,0
2,generation,1625923980000,0.18087446095469278,1625923980000,200,-1.5104341506958008,0
2,generation,1625924010000,0.9983291996262941,1625924010000,201,6.392780303955078,1
2,generation,1625924040000,0.8907169972524056,1625924040000,202,2.098085880279541,0
2,generation,1625924070000,0.17994702103593627,1625924070000,203,-1.5167064666748047,0
2,generation,1625924100000,0.17812180078596365,1625924100000,204,-1.5291246175765991,0
2,generation,1625924130000,0.181213163022942,1625924130000,205,-1.5081497430801392,0
2,generation,1625924160000,0.18129482364279897,1625924160000,206,-1.5075994729995728,0
2,generation,1625924190000,0.18299227450135358,1625924190000,207,-1.4962046146392822,0
2,generation,1625924220000,0.18089026890778162,1625924220000,208,-1.5103274583816528,0
2,generation,1625924250000,0.18104985701327042,1625924250000,209,-1.5092507600784302,0
2,generation,1625924280000,0.1806795376412441,1625924280000,210,-1.511750340461731,0
2,generation,1625924310000,0.18633901313217177,1625924310000,211,-1.4739761352539062,0
2,generation,1625924340000,0.18607805528297688,1625924340000,212,-1.4756982326507568,0
2,generation,1625924370000,0.1779871668544139,1625924370000,213,-1.5300445556640625,0
2,generation,1625924400000,0.17869948193264293,1625924400000,214,-1.5251835584640503,0
2,generation,1625924430000,0.18199712359785417,1625924430000,215,-1.5028749704360962,0
2,generation,1625924460000,0.9981511463590069,1625924460000,216,6.291338920593262,1
2,generation,1625924490000,0.8241078832479907,1625924490000,217,1.5444306135177612,0
2,generation,1625924520000,0.1786829839251573,1625924520000,218,-1.5252959728240967,0
2,generation,1625924550000,0.18057288558461326,1625924550000,219,-1.5124709606170654,0
2,generation,1625924580000,0.17971472260171242,1625924580000,220,-1.5182814598083496,0
2,generation,1625924610000,0.18086072039069329,1625924610000,221,-1.5105268955230713,0
2,generation,1625924640000,0.18323767553988496,1625924640000,222,-1.4945640563964844,0
2,generation,1625924670000,0.17953073119337795,1625924670000,223,-1.5195300579071045,0
2,generation,1625924700000,0.17793371573963263,1625924700000,224,-1.5304099321365356,0
2,generation,1625924730000,0.1778746812683663,1625924730000,225,-1.5308135747909546,0
2,generation,1625924760000,0.1791067809112033,1625924760000,226,-1.5224108695983887,0
2,generation,1625924790000,0.18055646429529074,1625924790000,227,-1.5125819444656372,0
2,generation,1625924820000,0.1826213948591941,1625924820000,228,-1.4986872673034668,0
2,generation,1625924850000,0.9982609983361104,1625924850000,229,6.35270357131958,1
2,generation,1625924880000,0.8380405357943194,1625924880000,230,1.6437203884124756,0
2,generation,1625924910000,0.18303624674797203,1625924910000,231,-1.4959105253219604,0
2,generation,1625924940000,0.17751719385276976,1625924940000,232,-1.5332601070404053,0
2,generation,1625924970000,0.17835325654972461,1625924970000,233,-1.527544379234314,0
2,generation,1625925000000,0.18034274105097153,1625925000000,234,-1.5140271186828613,0
2,generation,1625925030000,0.17719146516465079,1625925030000,235,-1.5354926586151123,0
2,generation,1625925060000,0.1812947174795523,1625925060000,236,-1.50760018825531,0
2,generation,1625925090000,0.9981409874828897,1625925090000,237,6.285849094390869,1
2,generation,1625925120000,0.8481403712056267,1625925120000,238,1.7200895547866821,0
2,generation,1625925150000,0.9981210934716945,1625925150000,239,6.275184631347656,1
2,generation,1625925180000,0.8349515837836458,1625925180000,240,1.621134877204895,0
2,generation,1625925210000,0.18562705828767612,1625925210000,241,-1.478678822517395,0
2,generation,1625925240000,0.18142446737374465,1625925240000,242,-1.5067262649536133,0
2,generation,1625925270000,0.17889087938404105,1625925270000,243,-1.5238800048828125,0
2,generation,1625925300000,0.18198633355861563,1625925300000,244,-1.502947449684143,0
2,generation,1625925330000,0.18222487743104404,1625925330000,245,-1.5013458728790283,0
2,generation,1625925360000,0.1940324939522726,1625925360000,246,-1.4240177869796753,0
2,generation,1625925390000,0.18080890918022796,1625925390000,247,-1.5108766555786133,0
2,generation,1625925420000,0.1814703776597536,1625925420000,248,-1.506417155265808,0
2,generation,1625925450000,0.179174480374117,1625925450000,249,-1.5219504833221436,0
2,generation,1625925480000,0.1805186344995686,1625925480000,250,-1.5128376483917236,0
2,generation,1625925510000,0.9982503013561065,1625925510000,251,6.346560478210449,1
2,generation,1625925540000,0.8690786706282982,1625925540000,252,1.8928370475769043,0
2,generation,1625925570000,0.17812520386862618,1625925570000,253,-1.5291013717651367,0
2,generation,1625925600000,0.17878781815060765,1625925600000,254,-1.524581789970398,0
2,generation,1625925630000,0.9981057954302708,1625925630000,255,6.267060279846191,1
2,generation,1625925660000,0.8299704856823902,1625925660000,256,1.5854181051254272,0
2,generation,1625925690000,0.1805936475706869,1625925690000,257,-1.5123306512832642,0
2,generation,1625925720000,0.17789326518463552,1625925720000,258,-1.5306864976882935,0
2,generation,1625925750000,0.9981435101026124,1625925750000,259,6.287209510803223,1
2,generation,1625925780000,0.8646306127273631,1625925780000,260,1.8542951345443726,0
2,generation,1625925810000,0.998160573190199,1625925810000,261,6.296460151672363,1
2,generation,1625925840000,0.8344690894425622,1625925840000,262,1.6176377534866333,0
2,generation,1625925870000,0.18864413128836707,1625925870000,263,-1.4588444232940674,0
2,generation,1625925900000,0.181691574769661,1625925900000,264,-1.504928708076477,0
2,generation,1625925930000,0.18169394979866743,1625925930000,265,-1.5049127340316772,0
2,generation,1625925960000,0.1796057047645551,1625925960000,266,-1.5190211534500122,0
2,generation,1625925990000,0.1808288093914428,1625925990000,267,-1.5107423067092896,0
2,generation,1625926020000,0.17991787417938576,1625926020000,268,-1.5169039964675903,0
2,generation,1625926050000,0.18087742817555427,1625926050000,269,-1.5104141235351562,0
2,generation,1625926080000,0.18139725833289225,1625926080000,270,-1.5069094896316528,0
2,generation,1625926110000,0.18391422908121846,1625926110000,271,-1.490049958229065,0
2,generation,1625926140000,0.18549372313770882,1625926140000,272,-1.4795610904693604,0
2,generation,1625926170000,0.18375273629822794,1625926170000,273,-1.491126298904419,0
2,generation,1625926200000,0.18292673239768775,1625926200000,274,-1.49664306640625,0
2,generation,1625926230000,0.18221915734929625,1625926230000,275,-1.5013842582702637,0
2,generation,1625926260000,0.18276593033591207,1625926260000,276,-1.4977192878723145,0
2,generation,1625926290000,0.18141559797503135,1625926290000,277,-1.5067859888076782,0
2,generation,1625926320000,0.17982447779952068,1625926320000,278,-1.5175371170043945,0
2,generation,1625926350000,0.1816233295926176,1625926350000,279,-1.505387783050537,0
2,generation,1625926380000,0.1809867649090129,1625926380000,280,-1.5096763372421265,0
2,generation,1625926410000,0.1820284672232413,1625926410000,281,-1.5026644468307495,0
2,generation,1625926440000,0.18060525533737734,1625926440000,282,-1.5122522115707397,0
2,generation,1625926470000,0.18137030026300702,1625926470000,283,-1.5070910453796387,0
2,generation,1625926500000,0.18213983669175132,1625926500000,284,-1.5019166469573975,0
2,generation,1625926530000,0.18179189646347768,1625926530000,285,-1.5042541027069092,0
2,generation,1625926560000,0.18164533741338942,1625926560000,286,-1.505239725112915,0
2,generation,1625926590000,0.9981932949316382,1625926590000,287,6.314442157745361,1
2,generation,1625926620000,0.8598316009223711,1625926620000,288,1.8138920068740845,0
2,generation,1625926650000,0.9981391825050335,1625926650000,289,6.284876823425293,1
2,generation,1625926680000,0.8632305675566375,1625926680000,290,1.8423852920532227,0
2,generation,1625926710000,0.18340524461207713,1625926710000,291,-1.493444800376892,0
2,generation,1625926740000,0.18203931245581528,1625926740000,292,-1.502591609954834,0
2,generation,1625926770000,0.18220162492467154,1625926770000,293,-1.5015019178390503,0
2,generation,1625926800000,0.1955829432609265,1625926800000,294,-1.4141333103179932,0
2,generation,1625926830000,0.19617657015193157,1625926830000,295,-1.4103645086288452,0
2,generation,1625926860000,0.18234344954431533,1625926860000,296,-1.500550389289856,0
2,generation,1625926890000,0.18090243911559864,1625926890000,297,-1.5102453231811523,0
2,generation,1625926920000,0.18194532529975677,1625926920000,298,-1.503222942352295,0
2,generation,1625926950000,0.18193526508956556,1625926950000,299,-1.5032905340194702,0
2,generation,1625926980000,0.17941672833242053,1625926980000,300,-1.5203042030334473,0
2,generation,1625927010000,0.18064901020210256,1625927010000,301,-1.5119565725326538,0
2,generation,1625927040000,0.18096185089745107,1625927040000,302,-1.509844422340393,0
2,generation,1625927070000,0.17921857816821704,1625927070000,303,-1.5216506719589233,0
2,generation,1625927100000,0.18311012859350928,1625927100000,304,-1.495416522026062,0
2,generation,1625927130000,0.1801136703569868,1625927130000,305,-1.5155775547027588,0
2,generation,1625927160000,0.18139001846610986,1625927160000,306,-1.506958246231079,0
2,generation,1625927190000,0.1830650015793877,1625927190000,307,-1.495718240737915,0
2,generation,1625927220000,0.9980848037751835,1625927220000,308,6.256018161773682,1
2,generation,1625927250000,0.8509827410777319,1625927250000,309,1.742329716682434,0
2,generation,1625927280000,0.1796732352694227,1625927280000,310,-1.518562912940979,0
2,generation,1625927310000,0.18009939398536445,1625927310000,311,-1.5156742334365845,0
2,generation,1625927340000,0.9982597015524024,1625927340000,312,6.351956844329834,1
2,generation,1625927370000,0.835998520899188,1625927370000,313,1.6287513971328735,0
2,generation,1625927400000,0.18001799505598168,1625927400000,314,-1.5162255764007568,0
2,generation,1625927430000,0.17976966397110705,1625927430000,315,-1.5179088115692139,0
2,generation,1625927460000,0.18056131471608197,1625927460000,316,-1.5125491619110107,0
2,generation,1625927490000,0.1800431948552855,1625927490000,317,-1.5160548686981201,0
2,generation,1625927520000,0.18126892124549313,1625927520000,318,-1.507773995399475,0
2,generation,1625927550000,0.18062028631888238,1625927550000,319,-1.5121506452560425,0
2,generation,1625927580000,0.997879638468975,1625927580000,320,6.154046058654785,1
2,generation,1625927610000,0.8189682063979371,1625927610000,321,1.509372591972351,0
2,generation,1625927640000,0.18033347236657268,1625927640000,322,-1.514089822769165,0
2,generation,1625927670000,0.9981869399677383,1625927670000,323,6.310924530029297,1
2,generation,1625927700000,0.8621079905467709,1625927700000,324,1.8329097032546997,0
2,generation,1625927730000,0.18076962584146505,1625927730000,325,-1.5111418962478638,0
2,generation,1625927760000,0.1872091990444367,1625927760000,326,-1.4682470560073853,0
2,generation,1625927790000,0.9982390014685448,1625927790000,327,6.34011173248291,1
2,generation,1625927820000,0.8755575992934576,1625927820000,328,1.95101797580719,0
2,generation,1625927850000,0.1894767646461982,1625927850000,329,-1.4534136056900024,0
2,generation,1625927880000,0.1830997152727859,1625927880000,330,-1.4954861402511597,0
2,generation,1625927910000,0.18482952184521598,1625927910000,331,-1.4839633703231812,0
2,generation,1625927940000,0.18052288453206378,1625927940000,332,-1.512808918952942,0
2,generation,1625927970000,0.1878007803305995,1625927970000,333,-1.464363932609558,0
2,generation,1625928000000,0.18350319247514216,1625928000000,334,-1.492790937423706,0
2,generation,1625928030000,0.18348588570147548,1625928030000,335,-1.4929064512252808,0
2,generation,1625928060000,0.18062827854064387,1625928060000,336,-1.512096643447876,0
2,generation,1625928090000,0.18056193204965199,1625928090000,337,-1.5125449895858765,0
2,generation,1625928120000,0.1823891494752476,1625928120000,338,-1.500243902206421,0
2,generation,1625928150000,0.17918578893997256,1625928150000,339,-1.5218735933303833,0
2,generation,1625928180000,0.18140708296170094,1625928180000,340,-1.5068433284759521,0
2,generation,1625928210000,0.1822021222803501,1625928210000,341,-1.5014985799789429,0
2,generation,1625928240000,0.18232318871165992,1625928240000,342,-1.5006862878799438,0
2,generation,1625928270000,0.18077050854006058,1625928270000,343,-1.5111359357833862,0
2,generation,1625928300000,0.18215256952501874,1625928300000,344,-1.5018311738967896,0
2,generation,1625928330000,0.18055390684159556,1625928330000,345,-1.512599229812622,0
2,generation,1625928360000,0.9981514868769301,1625928360000,346,6.291523456573486,1
2,generation,1625928390000,0.9636996188620446,1625928390000,347,3.278951406478882,0
2,generation,1625928420000,0.8065134798858479,1625928420000,348,1.427512764930725,0
2,generation,1625928450000,0.18438739101458082,1625928450000,349,-1.4869005680084229,0
2,generation,1625928480000,0.9981263603708301,1625928480000,350,6.277997016906738,1
2,generation,1625928510000,0.8984318988802245,1625928510000,351,2.1799213886260986,0
2,generation,1625928540000,0.17867596869670255,1625928540000,352,-1.5253437757492065,0
2,generation,1625928570000,0.1807188233715171,1625928570000,353,-1.511484980583191,0
2,generation,1625928600000,0.19156828682847854,1625928600000,354,-1.4398518800735474,0
2,generation,1625928630000,0.1867373512930988,1625928630000,355,-1.4713510274887085,0
2,generation,1625928660000,0.1822648686082383,1625928660000,356,-1.5010775327682495,0
2,generation,1625928690000,0.1816113696906486,1625928690000,357,-1.5054682493209839,0
2,generation,1625928720000,0.18085987267045364,1625928720000,358,-1.5105326175689697,0
2,generation,1625928750000,0.1816681448078658,1625928750000,359,-1.5050863027572632,0
2,generation,1625928780000,0.18067014958443436,1625928780000,360,-1.511813759803772,0
2,generation,1625928810000,0.18021539084989144,1625928810000,361,-1.514888882637024,0
2,generation,1625928840000,0.18177306624247075,1625928840000,362,-1.504380702972412,0
2,generation,1625928870000,0.18250858720317503,1625928870000,363,-1.4994431734085083,0
2,generation,1625928900000,0.9981667560371578,1625928900000,364,6.299833297729492,1
2,generation,1625928930000,0.8561603763041518,1625928930000,365,1.7837587594985962,0
2,generation,1625928960000,0.18310756088270638,1625928960000,366,-1.4954336881637573,0
2,generation,1625928990000,0.9982641418828262,1625928990000,367,6.35451602935791,1
2,generation,1625929020000,0.8164431109672621,1625929020000,368,1.4924325942993164,0
2,generation,1625929050000,0.19229296361843728,1625929050000,369,-1.435179352760315,0
2,generation,1625929080000,0.18193153919556052,1625929080000,370,-1.5033155679702759,0
2,generation,1625929110000,0.18054669321060093,1625929110000,371,-1.5126479864120483,0
2,generation,1625929140000,0.18619113972082937,1625929140000,372,-1.4749517440795898,0
2,generation,1625929170000,0.18674848544675987,1625929170000,373,-1.4712777137756348,0
2,generation,1625929200000,0.18359324740810398,1625929200000,374,-1.4921900033950806,0
2,generation,1625929230000,0.9981551906892264,1625929230000,375,6.293532848358154,1
2,generation,1625929260000,0.8688635488988327,1625929260000,376,1.890947699546814,0
2,generation,1625929290000,0.17943356011899633,1625929290000,377,-1.520189881324768,0
2,generation,1625929320000,0.1879845541695629,1625929320000,378,-1.4631595611572266,0
2,generation,1625929350000,0.9982316432635356,1625929350000,379,6.335934638977051,1
2,generation,1625929380000,0.8341102050588631,1625929380000,380,1.6150418519973755,0
2,generation,1625929410000,0.18853852859204753,1625929410000,381,-1.4595345258712769,0
2,generation,1625929440000,0.17914139944791185,1625929440000,382,-1.5221754312515259,0
2,generation,1625929470000,0.18134916788363437,1625929470000,383,-1.5072333812713623,0
2,generation,1625929500000,0.18239222489707244,1625929500000,384,-1.5002232789993286,0
2,generation,1625929530000,0.18094951856699248,1625929530000,385,-1.5099276304244995,0
2,generation,1625929560000,0.18270945837281719,1625929560000,386,-1.4980974197387695,0
2,generation,1625929590000,0.18375895859319216,1625929590000,387,-1.4910848140716553,0
2,generation,1625929620000,0.17876816353801175,1625929620000,388,-1.5247156620025635,0
2,generation,1625929650000,0.18142464441108674,1625929650000,389,-1.5067250728607178,0
2,generation,1625929680000,0.9981672166891025,1625929680000,390,6.300085067749023,1
2,generation,1625929710000,0.991489887983678,1625929710000,391,4.757953643798828,1
2,generation,1625929740000,0.9810625228515744,1625929740000,392,3.947493314743042,0
2,generation,1625929770000,0.9892821373078533,1625929770000,393,4.5250678062438965,1
2,generation,1625929800000,0.8095622026111444,1625929800000,394,1.447167992591858,0
2,generation,1625929830000,0.17949991640278398,1625929830000,395,-1.5197392702102661,0
2,generation,1625929860000,0.18219510611029302,1625929860000,396,-1.5015456676483154,0
2,generation,1625929890000,0.18005905172656955,1625929890000,397,-1.5159474611282349,0
2,generation,1625929920000,0.18138327444048805,1625929920000,398,-1.507003664970398,0
2,generation,1625929950000,0.17962486918568177,1625929950000,399,-1.5188910961151123,0
2,generation,1625929980000,0.18233205705383726,1625929980000,400,-1.500626802444458,0
2,generation,1625930010000,0.18270865732327346,1625930010000,401,-1.4981027841567993,0
2,generation,1625930040000,0.1811273228964969,1625930040000,402,-1.5087283849716187,0
2,generation,1625930070000,0.9981596063916615,1625930070000,403,6.295933723449707,1
2,generation,1625930100000,0.8276423308593692,1625930100000,404,1.5690093040466309,0
2,generation,1625930130000,0.1873955227788438,1625930130000,405,-1.4670230150222778,0
2,generation,1625930160000,0.1825132649495814,1625930160000,406,-1.4994118213653564,0
2,generation,1625930190000,0.18132382571549058,1625930190000,407,-1.507404088973999,0
2,generation,1625930220000,0.1808140297458534,1625930220000,408,-1.5108420848846436,0
2,generation,1625930250000,0.17984613971418528,1625930250000,409,-1.517390251159668,0
2,generation,1625930280000,0.18058294000987668,1625930280000,410,-1.5124030113220215,0
2,generation,1625930310000,0.1818551182346803,1625930310000,411,-1.5038291215896606,0
2,generation,1625930340000,0.9982571424211606,1625930340000,412,6.350484848022461,1
2,generation,1625930370000,0.8875997639320374,1625930370000,413,2.0664548873901367,0
2,generation,1625930400000,0.18582863358880125,1625930400000,414,-1.4773459434509277,0
2,generation,1625930430000,0.18740258440005486,1625930430000,415,-1.4669766426086426,0
2,generation,1625930460000,0.17881683935989326,1625930460000,416,-1.5243841409683228,0
2,generation,1625930490000,0.1836782959845821,1625930490000,417,-1.4916226863861084,0
2,generation,1625930520000,0.18734491745976373,1625930520000,418,-1.4673553705215454,0
2,generation,1625930550000,0.18187111702845463,1625930550000,419,-1.5037215948104858,0
2,generation,1625930580000,0.18988946899259074,1625930580000,420,-1.4507285356521606,0
2,generation,1625930610000,0.17923085341720899,1625930610000,421,-1.5215672254562378,0
2,generation,1625930640000,0.1839239983669954,1625930640000,422,-1.4899848699569702,0
2,generation,1625930670000,0.183429491190684,1625930670000,423,-1.4932829141616821,0
2,generation,1625930700000,0.18134984040888963,1625930700000,424,-1.5072288513183594,0
2,generation,1625930730000,0.18083696773523353,1625930730000,425,-1.510687232017517,0
2,generation,1625930760000,0.17852681054587338,1625930760000,426,-1.5263605117797852,0
2,generation,1625930790000,0.18411504537630985,1625930790000,427,-1.4887125492095947,0
2,generation,1625930820000,0.9981021805178237,1625930820000,428,6.26515007019043,1
2,generation,1625930850000,0.8584126118885931,1625930850000,429,1.8021677732467651,0
2,generation,1625930880000,0.18356055141723276,1625930880000,430,-1.4924081563949585,0
2,generation,1625930910000,0.17966552201584976,1625930910000,431,-1.5186152458190918,0
2,generation,1625930940000,0.18072452441467005,1625930940000,432,-1.511446475982666,0
2,generation,1625930970000,0.18046615920037434,1625930970000,433,-1.5131924152374268,0
2,generation,1625931000000,0.18307143757961608,1625931000000,434,-1.4956752061843872,0
2,generation,1625931030000,0.18245534215997605,1625931030000,435,-1.4998000860214233,0
2,generation,1625931060000,0.1835729860818444,1625931060000,436,-1.4923251867294312,0
2,generation,1625931090000,0.18192344888716783,1625931090000,437,-1.503369927406311,0
2,generation,1625931120000,0.18720528102741996,1625931120000,438,-1.4682728052139282,0
2,generation,1625931150000,0.1822146986245945,1625931150000,439,-1.501414179801941,0
2,generation,1625931180000,0.1818757111194061,1625931180000,440,-1.5036907196044922,0
2,generation,1625931210000,0.18011389920860568,1625931210000,441,-1.5155760049819946,0
2,generation,1625931240000,0.18005505660746404,1625931240000,442,-1.515974521636963,0
2,generation,1625931270000,0.18383574942781242,1625931270000,443,-1.4905729293823242,0
2,generation,1625931300000,0.9981341664999257,1625931300000,444,6.282179832458496,1
2,generation,1625931330000,0.838263260776227,1625931330000,445,1.6453622579574585,0
2,generation,1625931360000,0.1862519837999773,1625931360000,446,-1.4745502471923828,0
2,generation,1625931390000,0.18326939906822148,1625931390000,447,-1.494352102279663,0
2,generation,1625931420000,0.17908865865955578,1625931420000,448,-1.5225341320037842,0
2,generation,1625931450000,0.1832450083279336,1625931450000,449,-1.494515061378479,0
2,generation,1625931480000,0.1802358565734699,1625931480000,450,-1.514750361442566,0
2,generation,1625931510000,0.18165286874638595,1625931510000,451,-1.505189061164856,0
2,generation,1625931540000,0.18500456170161989,1625931540000,452,-1.4828020334243774,0
2,generation,1625931570000,0.1816527446989335,1625931570000,453,-1.5051898956298828,0
2,generation,1625931600000,0.17909629997577103,1625931600000,454,-1.52248215675354,0
2,generation,1625931630000,0.1784701214001776,1625931630000,455,-1.5267471075057983,0
2,generation,1625931660000,0.18169657299310213,1625931660000,456,-1.5048950910568237,0
2,generation,1625931690000,0.1858517206868144,1625931690000,457,-1.4771933555603027,0
2,generation,1625931720000,0.18039162805447495,1625931720000,458,-1.5136964321136475,0
2,generation,1625931750000,0.18097080903225735,1625931750000,459,-1.5097839832305908,0
2,generation,1625931780000,0.1862716241014637,1625931780000,460,-1.4744206666946411,0
2,generation,1625931810000,0.1820149779459468,1625931810000,461,-1.502755045890808,0
2,generation,1625931840000,0.18302671011667104,1625931840000,462,-1.4959743022918701,0
2,generation,1625931870000,0.18255707665338902,1625931870000,463,-1.4991182088851929,0
2,generation,1625931900000,0.1833332158690965,1625931900000,464,-1.4939258098602295,0
2,generation,1625931930000,0.1796826180267054,1625931930000,465,-1.5184992551803589,0
2,generation,1625931960000,0.180568969768659,1625931960000,466,-1.5124974250793457,0
2,generation,1625931990000,0.18288017970644935,1625931990000,467,-1.4969545602798462,0
2,generation,1625932020000,0.18135084920041297,1625932020000,468,-1.507222056388855,0
2,generation,1625932050000,0.18178930766140908,1625932050000,469,-1.5042715072631836,0
2,generation,1625932080000,0.1829408799664821,1625932080000,470,-1.4965484142303467,0
2,generation,1625932110000,0.18025364667009208,1625932110000,471,-1.5146299600601196,0
2,generation,1625932140000,0.18311034257067055,1625932140000,472,-1.4954150915145874,0
2,generation,1625932170000,0.17955231278605902,1625932170000,473,-1.5193835496902466,0
2,generation,1625932200000,0.998295682466358,1625932200000,474,6.372884750366211,1
2,generation,1625932230000,0.846718199604923,1625932230000,475,1.7090898752212524,0
2,generation,1625932260000,0.9979009702902983,1625932260000,476,6.164178848266602,1
2,generation,1625932290000,0.8414972211940001,1625932290000,477,1.6694105863571167,0
2,generation,1625932320000,0.9980674365555803,1625932320000,478,6.246973514556885,1
2,generation,1625932350000,0.9512053135619698,1625932350000,479,2.9701085090637207,0
2,generation,1625932380000,0.8019723675290129,1625932380000,480,1.398667573928833,0
2,generation,1625932410000,0.1967773235750498,1625932410000,481,-1.4065592288970947,0
2,generation,1625932440000,0.18186538784457196,1625932440000,482,-1.5037600994110107,0
2,generation,1625932470000,0.18418953319157902,1625932470000,483,-1.488216757774353,0
2,generation,1625932500000,0.18106732082367705,1625932500000,484,-1.509132981300354,0
2,generation,1625932530000,0.1816180848786823,1625932530000,485,-1.5054230690002441,0
2,generation,1625932560000,0.1824536706673049,1625932560000,486,-1.4998112916946411,0
2,generation,1625932590000,0.18227926070485567,1625932590000,487,-1.5009809732437134,0
2,generation,1625932620000,0.1847770995119897,1625932620000,488,-1.4843113422393799,0
2,generation,1625932650000,0.1821392684363804,1625932650000,489,-1.501920461654663,0
2,generation,1625932680000,0.1832209590613675,1625932680000,490,-1.4946757555007935,0
2,generation,1625932710000,0.18308932024137967,1625932710000,491,-1.4955556392669678,0
2,generation,1625932740000,0.19047373023069142,1625932740000,492,-1.4469349384307861,0
2,generation,1625932770000,0.18159723121923563,1625932770000,493,-1.5055633783340454,0
2,generation,1625932800000,0.1796341972682051,1625932800000,494,-1.5188277959823608,0
2,generation,1625932830000,0.4213103661978408,1625932830000,495,-0.31739652156829834,0
2,generation,1625932860000,0.9983816082134153,1625932860000,496,6.4247026443481445,1
2,generation,1625932890000,0.9246556425497708,1625932890000,497,2.507352352142334,0
2,generation,1625932920000,0.2865674739391139,1625932920000,498,-0.9121138453483582,0
2,generation,1625932950000,0.9984902112609542,1625932950000,499,6.494274616241455,1
2,generation,1625932980000,0.898804062964872,1625932980000,500,2.184006452560425,0
2,generation,1625933010000,0.28663408705192256,1625933010000,501,-0.9117880463600159,0
2,generation,1625933040000,0.36211635659379,1625933040000,502,-0.5661903023719788,0
2,generation,1625933070000,0.46181713179596023,1625933070000,503,-0.1530294120311737,0
2,generation,1625933100000,0.3562707630927571,1625933100000,504,-0.5915871858596802,0
2,generation,1625933130000,0.26875862106685094,1625933130000,505,-1.0009299516677856,0
2,generation,1625933160000,0.26721995793285264,1625933160000,506,-1.0087734460830688,0
2,generation,1625933190000,0.2866127591234022,1625933190000,507,-0.9118923544883728,0
2,generation,1625933220000,0.23780359696519512,1625933220000,508,-1.1647591590881348,0
2,generation,1625933250000,0.35730930597542265,1625933250000,509,-0.5870617628097534,0
2,generation,1625933280000,0.9983661442018618,1625933280000,510,6.415177345275879,1
2,generation,1625933310000,0.9123572854420792,1625933310000,511,2.3427631855010986,0
2,generation,1625933340000,0.2727854574805658,1625933340000,512,-0.9805359244346619,0
2,generation,1625933370000,0.4085264882881562,1625933370000,513,-0.37006014585494995,0
2,generation,1625933400000,0.41999928738895437,1625933400000,514,-0.32277631759643555,0
2,generation,1625933430000,0.36759767049300085,1625933430000,515,-0.542536735534668,0
2,generation,1625933460000,0.25939344347138626,1625933460000,516,-1.0491235256195068,0
2,generation,1625933490000,0.5739556064332852,1625933490000,517,0.2980085015296936,0
2,generation,1625933520000,0.3006164370121736,1625933520000,518,-0.8443641662597656,0
2,generation,1625933550000,0.34334967157351254,1625933550000,519,-0.6484022736549377,0
2,generation,1625933580000,0.42032533272832423,1625933580000,520,-0.3214380145072937,0
2,generation,1625933610000,0.3655364370998181,1625933610000,521,-0.551413893699646,0
2,generation,1625933640000,0.9984522878185559,1625933640000,522,6.469428539276123,1
2,generation,1625933670000,0.8942932066820336,1625933670000,523,2.135364532470703,0
2,generation,1625933700000,0.25220474948692106,1625933700000,524,-1.0868879556655884,0
2,generation,1625933730000,0.9984444558626067,1625933730000,525,6.4643731117248535,1
2,generation,1625933760000,0.9596324193752999,1625933760000,526,3.1685233116149902,0
2,generation,1625933790000,0.8853643800269396,1625933790000,527,2.044240713119507,0
2,generation,1625933820000,0.2299366079204776,1625933820000,528,-1.2086691856384277,0
2,generation,1625933850000,0.37646965326639964,1625933850000,529,-0.5045599937438965,0
2,generation,1625933880000,0.2992115635795314,1625933880000,530,-0.8510551452636719,0
2,generation,1625933910000,0.28622704608473715,1625933910000,531,-0.9137795567512512,0
2,generation,1625933940000,0.4308125290111659,1625933940000,532,-0.2785368263721466,0
2,generation,1625933970000,0.3361085448763798,1625933970000,533,-0.680684506893158,0
2,generation,1625934000000,0.9984698334558989,1625934000000,534,6.480847358703613,1
2,generation,1625934030000,0.9774761541230058,1625934030000,535,3.770399332046509,0
2,generation,1625934060000,0.8931913246251664,1625934060000,536,2.1237616539001465,0
2,generation,1625934090000,0.3792925422910965,1625934090000,537,-0.49255210161209106,0
2,generation,1625934120000,0.35342976463579934,1625934120000,538,-0.6039970517158508,0
2,generation,1625934150000,0.26724610266177773,1625934150000,539,-1.008639931678772,0
2,generation,1625934180000,0.34439169259640623,1625934180000,540,-0.6437838673591614,0
2,generation,1625934210000,0.3365540461794812,1625934210000,541,-0.678688645362854,0
2,generation,1625934240000,0.2247915294602302,1625934240000,542,-1.237958550453186,0
2,generation,1625934270000,0.25239394239729446,1625934270000,543,-1.0858850479125977,0
2,generation,1625934300000,0.33253012215423844,1625934300000,544,-0.696763813495636,0
2,generation,1625934330000,0.4691765121281389,1625934330000,545,-0.12345049530267715,0
2,generation,1625934360000,0.27689971640667743,1625934360000,546,-0.9598925113677979,0
2,generation,1625934390000,0.23707577542001151,1625934390000,547,-1.168778896331787,0
2,generation,1625934420000,0.27784435017248077,1625934420000,548,-0.9551796317100525,0
2,generation,1625934450000,0.2680891585447592,1625934450000,549,-1.0043390989303589,0
2,generation,1625934480000,0.3150841888383679,1625934480000,550,-0.7764560580253601,0
2,generation,1625934510000,0.2617003878190336,1625934510000,551,-1.037149429321289,0
2,generation,1625934540000,0.28141614190793884,1625934540000,552,-0.9374479055404663,0
2,generation,1625934570000,0.9984128701299227,1625934570000,553,6.444239616394043,1
2,generation,1625934600000,0.890188927125233,1625934600000,554,2.092672348022461,0
2,generation,1625934630000,0.9983836624990153,1625934630000,555,6.4259748458862305,1
2,generation,1625934660000,0.9141138494517126,1625934660000,556,2.3649325370788574,0
2,generation,1625934690000,0.30631441965369505,1625934690000,557,-0.8174067139625549,0
2,generation,1625934720000,0.4567164944126532,1625934720000,558,-0.173568457365036,0
2,generation,1625934750000,0.3269057924857863,1625934750000,559,-0.7222132682800293,0
2,generation,1625934780000,0.4169759062490538,1625934780000,560,-0.33520007133483887,0
2,generation,1625934810000,0.9983740958206291,1625934810000,561,6.4200639724731445,1
2,generation,1625934840000,0.8926824270200017,1625934840000,562,2.118438482284546,0
2,generation,1625934870000,0.22653769281655203,1625934870000,563,-1.2279655933380127,0
2,generation,1625934900000,0.2478248177978337,1625934900000,564,-1.1102471351623535,0
2,generation,1625934930000,0.9984345137334396,1625934930000,565,6.457992076873779,1
2,generation,1625934960000,0.9140462527481007,1625934960000,566,2.364071846008301,0
2,generation,1625934990000,0.2541641060018351,1625934990000,567,-1.0765254497528076,0
2,generation,1625935020000,0.6258901696942566,1625935020000,568,0.5146254897117615,0
2,generation,1625935050000,0.26670677696086953,1625935050000,569,-1.011395812034607,0
2,generation,1625935080000,0.998429879994206,1625935080000,570,6.455031871795654,1
2,generation,1625935110000,0.9057626479674994,1625935110000,571,2.26296067237854,0
2,generation,1625935140000,0.27524595976160504,1625935140000,572,-0.968167245388031,0
2,generation,1625935170000,0.37151021257343986,1625935170000,573,-0.5257434248924255,0
2,generation,1625935200000,0.33341973875201897,1625935200000,574,-0.6927583813667297,0
2,generation,1625935230000,0.27186899913033247,1625935230000,575,-0.9851606488227844,0
2,generation,1625935260000,0.2520028196354425,1625935260000,576,-1.0879589319229126,0
2,generation,1625935290000,0.6179029149347132,1625935290000,577,0.48065662384033203,0
2,generation,1625935320000,0.2837791737137882,1625935320000,578,-0.9257921576499939,0
2,generation,1625935350000,0.2511697148350439,1625935350000,579,-1.0923835039138794,0
2,generation,1625935380000,0.23150952218644424,1625935380000,580,-1.1998071670532227,0
2,generation,1625935410000,0.22570019287763657,1625935410000,581,-1.2327516078948975,0
2,generation,1625935440000,0.23575462076072984,1625935440000,582,-1.1760973930358887,0
2,generation,1625935470000,0.9983903355247469,1625935470000,583,6.430118560791016,1
2,generation,1625935500000,0.8945691865840442,1625935500000,584,2.138287305831909,0
2,generation,1625935530000,0.2642633189491762,1625935530000,585,-1.0239262580871582,0
2,generation,1625935560000,0.2542429128433345,1625935560000,586,-1.076109766960144,0
2,generation,1625935590000,0.2457136867461763,1625935590000,587,-1.1216050386428833,0
2,generation,1625935620000,0.36077456384674306,1625935620000,588,-0.5720039010047913,0
2,generation,1625935650000,0.2787836176176207,1625935650000,589,-0.9505032896995544,0
2,generation,1625935680000,0.24618784621720172,1625935680000,590,-1.1190483570098877,0
2,generation,1625935710000,0.2699363158513663,1625935710000,591,-0.9949457049369812,0
2,generation,1625935740000,0.37282652370907904,1625935740000,592,-0.5201099514961243,0
2,generation,1625935770000,0.2796334984806315,1625935770000,593,-0.946280300617218,0
2,generation,1625935800000,0.23217330207944992,1625935800000,594,-1.196079969406128,0
2,generation,1625935830000,0.2775866370600774,1625935830000,595,-0.956464409828186,0
2,generation,1625935860000,0.25559985692321285,1625935860000,596,-1.0689655542373657,0
2,generation,1625935890000,0.21556468214082283,1625935890000,597,-1.2917031049728394,0
2,generation,1625935920000,0.33183513267066295,1625935920000,598,-0.6998966932296753,0
2,generation,1625935950000,0.28691770461664573,1625935950000,599,-0.9104014039039612,0
2,generation,1625935980000,0.22586141834122167,1625935980000,600,-1.231829285621643,0
2,generation,1625936010000,0.9983340348319771,1625936010000,601,6.395683288574219,1
2,generation,1625936040000,0.957219289814852,1625936040000,602,3.107945203781128,0
2,generation,1625936070000,0.8847595674288895,1625936070000,603,2.038295269012451,0
2,generation,1625936100000,0.9964423254730311,1625936100000,604,5.63508415222168,1
2,generation,1625936130000,0.9974776413680996,1625936130000,605,5.980035305023193,1
2,generation,1625936160000,0.8790951452089605,1625936160000,606,1.9838892221450806,0
2,generation,1625936190000,0.3112509866153316,1625936190000,607,-0.7942773103713989,0
2,generation,1625936220000,0.24769177924914523,1625936220000,608,-1.1109609603881836,0
2,generation,1625936250000,0.23031313524405006,1625936250000,609,-1.2065439224243164,0
2,generation,1625936280000,0.2092175536971435,1625936280000,610,-1.3296482563018799,0
2,generation,1625936310000,0.26011793498944863,1625936310000,611,-1.0453556776046753,0
2,generation,1625936340000,0.29947085184216526,1625936340000,612,-0.8498188853263855,0
2,generation,1625936370000,0.22887643275157785,1625936370000,613,-1.2146663665771484,0
2,generation,1625936400000,0.9983387469369891,1625936400000,614,6.398520469665527,1
2,generation,1625936430000,0.9013373353800906,1625936430000,615,2.2121729850769043,0
2,generation,1625936460000,0.22296531692119392,1625936460000,616,-1.2484687566757202,0
2,generation,1625936490000,0.21535803496670058,1625936490000,617,-1.2929255962371826,0
2,generation,1625936520000,0.26756169490015647,1625936520000,618,-1.0070289373397827,0
2,generation,1625936550000,0.43052670281813316,1625936550000,619,-0.2797025442123413,0
2,generation,1625936580000,0.34475763773165774,1625936580000,620,-0.6421635150909424,0
2,generation,1625936610000,0.38408547647204083,1625936610000,621,-0.472243070602417,0
2,generation,1625936640000,0.28430283811834056,1625936640000,622,-0.9232171177864075,0
2,generation,1625936670000,0.22984216374841648,1625936670000,623,-1.2092026472091675,0
2,generation,1625936700000,0.33252530664109176,1625936700000,624,-0.6967855095863342,0
2,generation,1625936730000,0.2863956583029875,1625936730000,625,-0.9129543900489807,0
2,generation,1625936760000,0.9985250924647644,1625936760000,626,6.517683982849121,1
2,generation,1625936790000,0.9127952863983081,1625936790000,627,2.3482532501220703,0
2,generation,1625936820000,0.3096696995604851,1625936820000,628,-0.8016639351844788,0
2,generation,1625936850000,0.3824447805840686,1625936850000,629,-0.47918421030044556,0
2,generation,1625936880000,0.3139531987814587,1625936880000,630,-0.781701922416687,0
2,generation,1625936910000,0.3075634166622827,1625936910000,631,-0.8115353584289551,0
2,generation,1625936940000,0.2607813634222264,1625936940000,632,-1.0419113636016846,0
2,generation,1625936970000,0.24241757691233592,1625936970000,633,-1.1394705772399902,0
2,generation,1625937000000,0.2869934041294146,1625937000000,634,-0.9100314378738403,0
2,generation,1625937030000,0.30499117163588396,1625937030000,635,-0.8236417174339294,0
2,generation,1625937060000,0.2817978469563927,1625937060000,636,-0.9355611205101013,0
2,generation,1625937090000,0.2714605647748518,1625937090000,637,-0.9872248768806458,0
2,generation,1625937120000,0.9984077260022712,1625937120000,638,6.440998554229736,1
2,generation,1625937150000,0.8853695341268057,1625937150000,639,2.0442914962768555,0
2,generation,1625937180000,0.23565858261977876,1625937180000,640,-1.1766304969787598,0
2,generation,1625937210000,0.31261806062340897,1625937210000,641,-0.7879078984260559,0
2,generation,1625937240000,0.998438272308743,1625937240000,642,6.460399627685547,1
2,generation,1625937270000,0.8978875975460834,1625937270000,643,2.1739706993103027,0
2,generation,1625937300000,0.23633847473677863,1625937300000,644,-1.1728596687316895,0
2,generation,1625937330000,0.21530260423847827,1625937330000,645,-1.2932536602020264,0
2,generation,1625937360000,0.6427385443562468,1625937360000,646,0.5872701406478882,0
2,generation,1625937390000,0.9976223683383342,1625937390000,647,6.039269924163818,1
2,generation,1625937420000,0.9805920258492392,1625937420000,648,3.9224724769592285,0
2,generation,1625937450000,0.8824278417188172,1625937450000,649,2.015624761581421,0
2,generation,1625937480000,0.645186526762038,1625937480000,650,0.5979472398757935,0
2,generation,1625937510000,0.32527892373713135,1625937510000,651,-0.7296163439750671,0
2,generation,1625937540000,0.4053458341546499,1625937540000,652,-0.38323938846588135,0
2,generation,1625937570000,0.3546752504256389,1625937570000,653,-0.5985510945320129,0
2,generation,1625937600000,0.25791141302422316,1625937600000,654,-1.0568524599075317,0
2,generation,1625937630000,0.2610056465841851,1625937630000,655,-1.0407482385635376,0
2,generation,1625937660000,0.9985139833840242,1625937660000,656,6.51016902923584,1
2,generation,1625937690000,0.9097248404562225,1625937690000,657,2.3102798461914062,0
2,generation,1625937720000,0.998430626585437,1625937720000,658,6.455508232116699,1
2,generation,1625937750000,0.9196088368839144,1625937750000,659,2.437044143676758,0
2,generation,1625937780000,0.3011352264643802,1625937780000,660,-0.8418978452682495,0
2,generation,1625937810000,0.2813117117109047,1625937810000,661,-0.9379643797874451,0
2,generation,1625937840000,0.327016521578043,1625937840000,662,-0.7217100858688354,0
2,generation,1625937870000,0.38841465564010685,1625937870000,663,-0.45398104190826416,0
2,generation,1625937900000,0.3255386599089947,1625937900000,664,-0.7284331321716309,0
2,generation,1625937930000,0.2794601549603653,1625937930000,665,-0.9471409916877747,0
2,generation,1625937960000,0.23908759408540525,1625937960000,666,-1.1576882600784302,0
2,generation,1625937990000,0.4867773271617075,1625937990000,667,-0.05290302634239197,0
2,generation,1625938020000,0.998370062777839,1625938020000,668,6.4175825119018555,1
2,generation,1625938050000,0.8741182847832293,1625938050000,669,1.9378730058670044,0
2,generation,1625938080000,0.998448587296423,1625938080000,670,6.467036724090576,1
2,generation,1625938110000,0.917575743772575,1625938110000,671,2.409855365753174,0
2,generation,1625938140000,0.9979601687858711,1625938140000,672,6.192846298217773,1
2,generation,1625938170000,0.8977592107097985,1625938170000,673,2.1725711822509766,0
2,generation,1625938200000,0.308682495589719,1625938200000,674,-0.8062859773635864,0
2,generation,1625938230000,0.23127026658697195,1625938230000,675,-1.2011524438858032,0
2,generation,1625938260000,0.23837263234838954,1625938260000,676,-1.1616222858428955,0
2,generation,1625938290000,0.3289025555868798,1625938290000,677,-0.7131528258323669,0
2,generation,1625938320000,0.378593487663694,1625938320000,678,-0.4955224394798279,0
2,generation,1625938350000,0.4281113732746058,1625938350000,679,-0.28956088423728943,0
2,generation,1625938380000,0.2524597422925249,1625938380000,680,-1.0855363607406616,0
2,generation,1625938410000,0.3269305677899389,1625938410000,681,-0.7221006751060486,0
2,generation,1625938440000,0.36259032872840535,1625938440000,682,-0.5641389489173889,0
2,generation,1625938470000,0.6071573539010979,1625938470000,683,0.4353788495063782,0
2,generation,1625938500000,0.9980153525680677,1625938500000,684,6.220327377319336,1
2,generation,1625938530000,0.9015136393835345,1625938530000,685,2.2141571044921875,0
2,generation,1625938560000,0.44244030805167156,1625938560000,686,-0.23126401007175446,0
2,generation,1625938590000,0.2806216684800924,1625938590000,687,-0.9413800239562988,0
2,generation,1625938620000,0.17977034950287885,1625938620000,688,-1.5179041624069214,0
2,generation,1625938650000,0.3793300945304886,1625938650000,689,-0.4923925995826721,0
2,generation,1625938680000,0.26124507771714445,1625938680000,690,-1.039507269859314,0
2,generation,1625938710000,0.5070560821187496,1625938710000,691,0.028226202353835106,0
2,generation,1625938740000,0.3443304482900267,1625938740000,692,-0.6440551280975342,0
2,generation,1625938770000,0.9984960462701461,1625938770000,693,6.498152732849121,1
2,generation,1625938800000,0.8867176198690462,1625938800000,694,2.057642936706543,0
2,generation,1625938830000,0.2474541044249424,1625938830000,695,-1.1122368574142456,0
2,generation,1625938860000,0.43077392169215273,1625938860000,696,-0.2786942720413208,0
2,generation,1625938890000,0.28525733188424246,1625938890000,697,-0.9185308814048767,0
2,generation,1625938920000,0.9985044322758597,1625938920000,698,6.503752708435059,1
2,generation,1625938950000,0.8831628413685892,1625938950000,699,2.022728443145752,0
2,generation,1625938980000,0.6886456964883996,1625938980000,700,0.7937954068183899,0
2,generation,1625939010000,0.2888389017175819,1625939010000,701,-0.9010298848152161,0
2,generation,1625939040000,0.21517017237693792,1625939040000,702,-1.2940376996994019,0
2,generation,1625939070000,0.3170736537530968,1625939070000,703,-0.7672529220581055,0
2,generation,1625939100000,0.29804376041599523,1625939100000,704,-0.8566307425498962,0
2,generation,1625939130000,0.23343484435606252,1625939130000,705,-1.1890166997909546,0
2,generation,1625939160000,0.9983751620861067,1625939160000,706,6.420721054077148,1
2,generation,1625939190000,0.894833088452213,1625939190000,707,2.1410884857177734,0
2,generation,1625939220000,0.2026475815544282,1625939220000,708,-1.3698283433914185,0
2,generation,1625939250000,0.9984336795058808,1625939250000,709,6.45745849609375,1
2,generation,1625939280000,0.9032433566375054,1625939280000,710,2.233793020248413,0
2,generation,1625939310000,0.2934147879938339,1625939310000,711,-0.8788565397262573,0
2,generation,1625939340000,0.24281522095571437,1625939340000,712,-1.137306571006775,0
2,generation,1625939370000,0.2589349290934109,1625939370000,713,-1.0515116453170776,0
2,generation,1625939400000,0.285897435233779,1625939400000,714,-0.9153934717178345,0
2,generation,1625939430000,0.2428872047531109,1625939430000,715,-1.1369150876998901,0
2,generation,1625939460000,0.22850260768393413,1625939460000,716,-1.2167856693267822,0
2,generation,1625939490000,0.21574379851808717,1625939490000,717,-1.2906441688537598,0
2,generation,1625939520000,0.2692312953606959,1625939520000,718,-0.9985261559486389,0
2,generation,1625939550000,0.9984862805950898,1625939550000,719,6.491670608520508,1
2,generation,1625939580000,0.9594181864550282,1625939580000,720,3.1630070209503174,0
2,generation,1625939610000,0.8793780297070505,1625939610000,721,1.986553430557251,0
2,generation,1625939640000,0.31616456278500127,1625939640000,722,-0.7714544534683228,0
2,generation,1625939670000,0.255347671908439,1625939670000,723,-1.0702913999557495,0
2,generation,1625939700000,0.3390729765420972,1625939700000,724,-0.6674280762672424,0
2,generation,1625939730000,0.38324493803334747,1625939730000,725,-0.4757976531982422,0
2,generation,1625939760000,0.238739408001695,1625939760000,726,-1.1596031188964844,0
2,generation,1625939790000,0.9984247241654804,1625939790000,727,6.451748371124268,1
2,generation,1625939820000,0.8675157961724944,1625939820000,728,1.879170298576355,0
2,generation,1625939850000,0.2595005892657872,1625939850000,729,-1.0485658645629883,0
2,generation,1625939880000,0.9983936632455301,1625939880000,730,6.432191371917725,1
2,generation,1625939910000,0.9850439952828887,1625939910000,731,4.187573432922363,1
2,generation,1625939940000,0.8580082423961963,1625939940000,732,1.7988446950912476,0
2,generation,1625939970000,0.24563177115288773,1625939970000,733,-1.1220470666885376,0
2,generation,1625940000000,0.3317712913136109,1625940000000,734,-0.7001846432685852,0
2,generation,1625940030000,0.36290783677925964,1625940030000,735,-0.5627654194831848,0
2,generation,1625940060000,0.2492708330288423,1625940060000,736,-1.1025049686431885,0
2,generation,1625940090000,0.21265143154781505,1625940090000,737,-1.3090167045593262,0
2,generation,1625940120000,0.24690053913849594,1625940120000,738,-1.1152117252349854,0
2,generation,1625940150000,0.2461485361378593,1625940150000,739,-1.1192601919174194,0
2,generation,1625940180000,0.9985792547127732,1625940180000,740,6.55515193939209,1
2,generation,1625940210000,0.9080702886674206,1625940210000,741,2.290297508239746,0
2,generation,1625940240000,0.28084148394559955,1625940240000,742,-0.9402914047241211,0
2,generation,1625940270000,0.2027053352287847,1625940270000,743,-1.3694709539413452,0
2,generation,1625940300000,0.34862659162619086,1625940300000,744,-0.6250816583633423,0
2,generation,1625940330000,0.9984066985184674,1625940330000,745,6.440352439880371,1
2,generation,1625940360000,0.9049678807811521,1625940360000,746,2.2536845207214355,0
2,generation,1625940390000,0.24018111928698493,1625940390000,747,-1.1516867876052856,0
2,generation,1625940420000,0.29441355155582777,1625940420000,748,-0.874043881893158,0
2,generation,1625940450000,0.2915711224726398,1625940450000,749,-0.8877657055854797,0
2,generation,1625940480000,0.28604499367696473,1625940480000,750,-0.9146708250045776,0
2,generation,1625940510000,0.43172408185794625,1625940510000,751,-0.27482038736343384,0
2,generation,1625940540000,0.3415229019021332,1625940540000,752,-0.6565150022506714,0
2,generation,1625940570000,0.29547110549192057,1625940570000,753,-0.8689582943916321,0
2,generation,1625940600000,0.39286683614322715,1625940600000,754,-0.43527743220329285,0
2,generation,1625940630000,0.26468548387350266,1625940630000,755,-1.0217560529708862,0
2,generation,1625940660000,0.9983773805871031,1625940660000,756,6.422089576721191,1
2,generation,1625940690000,0.9224234187408507,1625940690000,757,2.475738763809204,0
2,generation,1625940720000,0.30034269158700544,1625940720000,758,-0.8456665277481079,0
2,generation,1625940750000,0.25061571012088807,1625940750000,759,-1.0953311920166016,0
2,generation,1625940780000,0.24952755498597634,1625940780000,760,-1.1011335849761963,0
2,generation,1625940810000,0.24408620074883589,1625940810000,761,-1.1304059028625488,0
2,generation,1625940840000,0.3951869104509587,1625940840000,762,-0.4255606234073639,0
2,generation,1625940870000,0.32931339885500244,1625940870000,763,-0.7112920880317688,0
2,generation,1625940900000,0.34197899184999186,1625940900000,764,-0.6544875502586365,0
2,generation,1625940930000,0.9982729360291523,1625940930000,765,6.3596038818359375,1
2,generation,1625940960000,0.8946180846844474,1625940960000,766,2.138805866241455,0
2,generation,1625940990000,0.23839094245425083,1625940990000,767,-1.1615214347839355,0
2,generation,1625941020000,0.2735031709134634,1625941020000,768,-0.9769209027290344,0
2,generation,1625941050000,0.9983936273027875,1625941050000,769,6.432168960571289,1
2,generation,1625941080000,0.8719967608400263,1625941080000,770,1.9187301397323608,0
2,generation,1625941110000,0.301075482934833,1625941110000,771,-0.8421817421913147,0
2,generation,1625941140000,0.324003800661981,1625941140000,772,-0.7354322075843811,0
2,generation,1625941170000,0.37536542192002015,1625941170000,773,-0.5092667937278748,0
2,generation,1625941200000,0.302634085874299,1625941200000,774,-0.8347858190536499,0
2,generation,1625941230000,0.5445016582213721,1625941230000,775,0.1784789115190506,0
2,generation,1625941260000,0.29370166016413546,1625941260000,776,-0.8774732351303101,0
2,generation,1625941290000,0.23125566455765706,1625941290000,777,-1.2012345790863037,0
2,generation,1625941320000,0.30356516345033124,1625941320000,778,-0.8303779363632202,0
2,generation,1625941350000,0.3805829135176738,1625941350000,779,-0.4870747923851013,0
2,generation,1625941380000,0.3181739340321646,1625941380000,780,-0.7621763944625854,0
2,generation,1625941410000,0.24494619776519044,1625941410000,781,-1.1257504224777222,0
2,generation,1625941440000,0.3243769439174186,1625941440000,782,-0.7337290644645691,0
2,generation,1625941470000,0.9984274748928947,1625941470000,783,6.453498840332031,1
2,generation,1625941500000,0.8891029205766869,1625941500000,784,2.0816104412078857,0
2,generation,1625941530000,0.2531136332382708,1625941530000,785,-1.082074522972107,0
2,generation,1625941560000,0.2338416081427465,1625941560000,786,-1.1867449283599854,0
2,generation,1625941590000,0.24813540512082113,1625941590000,787,-1.1085816621780396,0
2,generation,1625941620000,0.4067752139048862,1625941620000,788,-0.37731266021728516,0
2,generation,1625941650000,0.9983844994812007,1625941650000,789,6.4264936447143555,1
2,generation,1625941680000,0.8806578900873567,1625941680000,790,1.998674988746643,0
2,generation,1625941710000,0.9983200734312196,1625941710000,791,6.38732385635376,1
2,generation,1625941740000,0.9373188069419179,1625941740000,792,2.7049620151519775,0
2,generation,1625941770000,0.30568546245005057,1625941770000,793,-0.8203684091567993,0
2,generation,1625941800000,0.30147989622362975,1625941800000,794,-0.8402606248855591,0
2,generation,1625941830000,0.23961225255388194,1625941830000,795,-1.1548064947128296,0
2,generation,1625941860000,0.2680140335422112,1625941860000,796,-1.004721999168396,0
2,generation,1625941890000,0.4890903769822218,1625941890000,797,-0.04364541918039322,0
2,generation,1625941920000,0.3364824350222139,1625941920000,798,-0.6790093779563904,0
2,generation,1625941950000,0.3397138321753533,1625941950000,799,-0.6645697355270386,0
2,generation,1625941980000,0.998280150544569,1625941980000,800,6.363797187805176,1
2,generation,1625942010000,0.9070788540774345,1625942010000,801,2.2784781455993652,0
2,generation,1625942040000,0.2965451729553694,1625942040000,802,-0.8638041019439697,0
2,generation,1625942070000,0.4346170234176237,1625942070000,803,-0.26303809881210327,0
2,generation,1625942100000,0.4017998752430924,1625942100000,804,-0.3979712128639221,0
2,generation,1625942130000,0.2598250418883756,1625942130000,805,-1.0468780994415283,0
2,generation,1625942160000,0.2596240784814763,1625942160000,806,-1.0479233264923096,0
2,generation,1625942190000,0.5673435219241826,1625942190000,807,0.27102091908454895,0
2,generation,1625942220000,0.3088651391827446,1625942220000,808,-0.8054302334785461,0
2,generation,1625942250000,0.29523093526196625,1625942250000,809,-0.8701122999191284,0
2,generation,1625942280000,0.26258472750940054,1625942280000,810,-1.032577395439148,0
2,generation,1625942310000,0.2821446502912028,1625942310000,811,-0.9338482022285461,0
2,generation,1625942340000,0.36597894337291736,1625942340000,812,-0.5495063662528992,0
2,generation,1625942370000,0.5330587840226724,1625942370000,813,0.1324283331632614,0
2,generation,1625942400000,0.36118752180693453,1625942400000,814,-0.5702136754989624,0
2,generation,1625942430000,0.3053150394649194,1625942430000,815,-0.8221142888069153,0
2,generation,1625942460000,0.3903769572283186,1625942460000,816,-0.44572797417640686,0
2,generation,1625942490000,0.3567617843456173,1625942490000,817,-0.5894468426704407,0
2,generation,1625942520000,0.3498753324715952,1625942520000,818,-0.619587242603302,0
2,generation,1625942550000,0.9984272922094407,1625942550000,819,6.45338249206543,1
2,generation,1625942580000,0.8971429411694901,1625942580000,820,2.16587495803833,0
2,generation,1625942610000,0.2994969240466927,1625942610000,821,-0.8496946096420288,0
2,generation,1625942640000,0.2576679746071214,1625942640000,822,-1.0581247806549072,0
2,generation,1625942670000,0.4624524030606257,1625942670000,823,-0.1504736691713333,0
2,generation,1625942700000,0.41261803852788154,1625942700000,824,-0.3531529903411865,0
2,generation,1625942730000,0.9984390884881463,1625942730000,825,6.460923194885254,1
2,generation,1625942760000,0.9777703388899686,1625942760000,826,3.7838473320007324,0
2,generation,1625942790000,0.9839903949276906,1625942790000,827,4.118427276611328,1
2,generation,1625942820000,0.8783948849095682,1625942820000,828,1.977317214012146,0
2,generation,1625942850000,0.3219771840852984,1625942850000,829,-0.7447002530097961,0
2,generation,1625942880000,0.2823726909682553,1625942880000,830,-0.9327225685119629,0
2,generation,1625942910000,0.38225979150518097,1625942910000,831,-0.47996753454208374,0
2,generation,1625942940000,0.348250104716555,1625942940000,832,-0.6267399787902832,0
2,generation,1625942970000,0.24239962515319874,1625942970000,833,-1.1395683288574219,0
2,generation,1625943000000,0.4673536575844893,1625943000000,834,-0.13077141344547272,0
2,generation,1625943030000,0.490062817165774,1625943030000,835,-0.03975396603345871,0
2,generation,1625943060000,0.4161508441848932,1625943060000,836,-0.33859485387802124,0
2,generation,1625943090000,0.2921619101169264,1625943090000,837,-0.8849072456359863,0
2,generation,1625943120000,0.23701926740836948,1625943120000,838,-1.1690913438796997,0
2,generation,1625943150000,0.30794051551333534,1625943150000,839,-0.8097652792930603,0
2,generation,1625943180000,0.35049383491439473,1625943180000,840,-0.6168692111968994,0
2,generation,1625943210000,0.2533686247390844,1625943210000,841,-1.080726146697998,0
2,generation,1625943240000,0.24435587326527217,1625943240000,842,-1.1289448738098145,0
2,generation,1625943270000,0.3971581108276153,1625943270000,843,-0.41732048988342285,0
2,generation,1625943300000,0.9982609726747849,1625943300000,844,6.352688789367676,1
2,generation,1625943330000,0.9061383597813782,1625943330000,845,2.2673702239990234,0
2,generation,1625943360000,0.33305399139933034,1625943360000,846,-0.6944044828414917,0
2,generation,1625943390000,0.9983758240881434,1625943390000,847,6.42112922668457,1
2,generation,1625943420000,0.9870891319831305,1625943420000,848,4.336690902709961,1
2,generation,1625943450000,0.8953665149898996,1625943450000,849,2.1467695236206055,0
2,generation,1625943480000,0.29957659925086727,1625943480000,850,-0.8493148684501648,0
2,generation,1625943510000,0.2724520303256003,1625943510000,851,-0.9822173714637756,0
2,generation,1625943540000,0.9984957411966405,1625943540000,852,6.497949600219727,1
2,generation,1625943570000,0.8878850239879179,1625943570000,853,2.06931734085083,0
2,generation,1625943600000,0.4201107155246474,1625943600000,854,-0.3223189115524292,0
2,generation,1625943630000,0.2793591322865628,1625943630000,855,-0.9476427435874939,0
2,generation,1625943660000,0.3006566651424033,1625943660000,856,-0.8441728353500366,0
2,generation,1625943690000,0.33956826336303825,1625943690000,857,-0.6652187705039978,0
2,generation,1625943720000,0.23782470769462968,1625943720000,858,-1.1646426916122437,0
2,generation,1625943750000,0.26137559406882277,1625943750000,859,-1.038831114768982,0
2,generation,1625943780000,0.26399572716264974,1625943780000,860,-1.0253030061721802,0
2,generation,1625943810000,0.24877571879591276,1625943810000,861,-1.1051524877548218,0
2,generation,1625943840000,0.20488281483096224,1625943840000,862,-1.3560513257980347,0
2,generation,1625943870000,0.24319990171460285,1625943870000,863,-1.135215401649475,0
2,generation,1625943900000,0.2535451282750946,1625943900000,864,-1.0797933340072632,0
2,generation,1625943930000,0.2375467414798271,1625943930000,865,-1.1661767959594727,0
2,generation,1625943960000,0.24158775196852297,1625943960000,866,-1.1439943313598633,0
2,generation,1625943990000,0.2781721110574679,1625943990000,867,-0.9535467028617859,0
2,generation,1625944020000,0.2929530321888798,1625944020000,868,-0.8810847997665405,0
2,generation,1625944050000,0.28724549251453735,1625944050000,869,-0.9087998270988464,0
2,generation,1625944080000,0.3048564541445405,1625944080000,870,-0.8242773413658142,0
2,generation,1625944110000,0.9983704894933658,1625944110000,871,6.417844772338867,1
2,generation,1625944140000,0.9928739169656466,1625944140000,872,4.93684196472168,1
2,generation,1625944170000,0.950770120377877,1625944170000,873,2.9607715606689453,0
2,generation,1625944200000,0.8795974091068903,1625944200000,874,1.9886232614517212,0
2,generation,1625944230000,0.27112332393720107,1625944230000,875,-0.9889307618141174,0
2,generation,1625944260000,0.9984035322913484,1625944260000,876,6.438364028930664,1
2,generation,1625944290000,0.923921603957421,1625944290000,877,2.4968628883361816,0
2,generation,1625944320000,0.2831092566907881,1625944320000,878,-0.9290905594825745,0
2,generation,1625944350000,0.22354614891807925,1625944350000,879,-1.245119333267212,0
2,generation,1625944380000,0.23532068876185577,1625944380000,880,-1.1785073280334473,0
2,generation,1625944410000,0.2957820399896403,1625944410000,881,-0.867465078830719,0
2,generation,1625944440000,0.2948704031885465,1625944440000,882,-0.8718456625938416,0
2,generation,1625944470000,0.24068382315605577,1625944470000,883,-1.1489341259002686,0
2,generation,1625944500000,0.5234028059745972,1625944500000,884,0.09367967396974564,0
2,generation,1625944530000,0.29649305271956755,1625944530000,885,-0.8640539646148682,0
2,generation,1625944560000,0.30847758413207754,1625944560000,886,-0.8072463870048523,0
2,generation,1625944590000,0.32476402162604096,1625944590000,887,-0.7319633960723877,0
2,generation,1625944620000,0.265101159195762,1625944620000,888,-1.0196213722229004,0
2,generation,1625944650000,0.20429406982549891,1625944650000,889,-1.3596692085266113,0
2,generation,1625944680000,0.4891728215246624,1625944680000,890,-0.04331548511981964,0
2,generation,1625944710000,0.27883496129004964,1625944710000,891,-0.9502479434013367,0
2,generation,1625944740000,0.2810665230796513,1625944740000,892,-0.9391774535179138,0
2,generation,1625944770000,0.5048399001173026,1625944770000,893,0.01936020515859127,0
2,generation,1625944800000,0.3569763562832777,1625944800000,894,-0.5885119438171387,0
2,generation,1625944830000,0.3174172126977187,1625944830000,895,-0.7656667828559875,0
2,generation,1625944860000,0.26798573648800705,1625944860000,896,-1.0048662424087524,0
2,generation,1625944890000,0.44474135879627685,1625944890000,897,-0.22194112837314606,0
2,generation,1625944920000,0.34016963723789445,1625944920000,898,-0.6625383496284485,0
2,generation,1625944950000,0.4105062626201094,1625944950000,899,-0.36187291145324707,0
2,generation,1625944980000,0.27025116260927645,1625944980000,900,-0.9933486580848694,0
2,generation,1625945010000,0.41137528515113264,1625945010000,901,-0.3582829236984253,0
2,generation,1625945040000,0.5274418099354578,1625945040000,902,0.10987765341997147,0
2,generation,1625945070000,0.9982761064497322,1625945070000,903,6.361444473266602,1
2,generation,1625945100000,0.9034780757132141,1625945100000,904,2.2364816665649414,0
2,generation,1625945130000,0.3975387740260187,1625945130000,905,-0.4157308340072632,0
2,generation,1625945160000,0.9981157149426195,1625945160000,906,6.272320747375488,1
2,generation,1625945190000,0.9000197858036946,1625945190000,907,2.197444438934326,0
2,generation,1625945220000,0.2737759379680568,1625945220000,908,-0.9755485653877258,0
2,generation,1625945250000,0.998393859769307,1625945250000,909,6.432313919067383,1
2,generation,1625945280000,0.8817320057743415,1625945280000,910,2.00893497467041,0
2,generation,1625945310000,0.9983846571361923,1625945310000,911,6.426591396331787,1
2,generation,1625945340000,0.9802746860682533,1625945340000,912,3.9059300422668457,0
2,generation,1625945370000,0.8756118036869255,1625945370000,913,1.951515555381775,0
2,generation,1625945400000,0.40698845439739845,1625945400000,914,-0.3764290511608124,0
2,generation,1625945430000,0.28537877547193635,1625945430000,915,-0.917935311794281,0
2,generation,1625945460000,0.9984985647022744,1625945460000,916,6.499831199645996,1
2,generation,1625945490000,0.914293915499724,1625945490000,917,2.3672282695770264,0
2,generation,1625945520000,0.39288160064548244,1625945520000,918,-0.4352155327796936,0
2,generation,1625945550000,0.384874318808192,1625945550000,919,-0.46890977025032043,0
2,generation,1625945580000,0.3835213808890096,1625945580000,920,-0.4746282696723938,0
2,generation,1625945610000,0.3299248031772147,1625945610000,921,-0.7085251808166504,0
2,generation,1625945640000,0.23809835622081443,1625945640000,922,-1.1631336212158203,0
2,generation,1625945670000,0.9983960741626219,1625945670000,923,6.4336957931518555,1
2,generation,1625945700000,0.910830245193434,1625945700000,924,2.323814630508423,0
2,generation,1625945730000,0.31478972511616266,1625945730000,925,-0.777820885181427,0
2,generation,1625945760000,0.32671499337347654,1625945760000,926,-0.7230805158615112,0
2,generation,1625945790000,0.25508803932176993,1625945790000,927,-1.0716572999954224,0
2,generation,1625945820000,0.9984668523549141,1625945820000,928,6.478898048400879,1
2,generation,1625945850000,0.9048751201171895,1625945850000,929,2.2526063919067383,0
2,generation,1625945880000,0.28526939949788094,1625945880000,930,-0.9184716939926147,0
2,generation,1625945910000,0.36898814864431084,1625945910000,931,-0.5365601181983948,0
2,generation,1625945940000,0.4555961597053996,1625945940000,932,-0.17808452248573303,0
2,generation,1625945970000,0.44409923987932726,1625945970000,933,-0.22454173862934113,0
2,generation,1625946000000,0.31030921174432563,1625946000000,934,-0.7986741065979004,0
2,generation,1625946030000,0.2610449440305807,1625946030000,935,-1.0405445098876953,0
2,generation,1625946060000,0.44659779453481135,1625946060000,936,-0.214426651597023,0
2,generation,1625946090000,0.9981267375419343,1625946090000,937,6.278198719024658,1
2,generation,1625946120000,0.9111096013387262,1625946120000,938,2.327259063720703,0
2,generation,1625946150000,0.4195345688393562,1625946150000,939,-0.3246843218803406,0
2,generation,1625946180000,0.9977776675394342,1625946180000,940,6.106973171234131,1
2,generation,1625946210000,0.9632528875840641,1625946210000,941,3.266256332397461,0
2,generation,1625946240000,0.997926366885815,1625946240000,942,6.176377296447754,1
2,generation,1625946270000,0.8979989398054418,1625946270000,943,2.1751856803894043,0
2,generation,1625946300000,0.9976913958457039,1625946300000,944,6.068800926208496,1
2,generation,1625946330000,0.879256877951112,1625946330000,945,1.9854117631912231,0
2,generation,1625946360000,0.24427252522903173,1625946360000,946,-1.1293963193893433,0
2,generation,1625946390000,0.37288196744182767,1625946390000,947,-0.5198728442192078,0
2,generation,1625946420000,0.40737347494696474,1625946420000,948,-0.37483400106430054,0
2,generation,1625946450000,0.41203786262061387,1625946450000,949,-0.35554730892181396,0
2,generation,1625946480000,0.373095494647823,1625946480000,950,-0.5189598202705383,0
2,generation,1625946510000,0.3472143453661245,1625946510000,951,-0.631306529045105,0
2,generation,1625946540000,0.2808993798773763,1625946540000,952,-0.9400047659873962,0
2,generation,1625946570000,0.9983875345217957,1625946570000,953,6.428377151489258,1
2,generation,1625946600000,0.9064487587188511,1625946600000,954,2.2710251808166504,0
2,generation,1625946630000,0.9983620454624076,1625946630000,955,6.412667751312256,1
2,generation,1625946660000,0.8705091296839889,1625946660000,956,1.9054678678512573,0
2,generation,1625946690000,0.27894786824841455,1625946690000,957,-0.9496865272521973,0
2,generation,1625946720000,0.4680206190135439,1625946720000,958,-0.12809237837791443,0
2,generation,1625946750000,0.4891537216242582,1625946750000,959,-0.04339192062616348,0
2,generation,1625946780000,0.3606281015442051,1625946780000,960,-0.5726390480995178,0
2,generation,1625946810000,0.48993682611287104,1625946810000,961,-0.04025813192129135,0
2,generation,1625946840000,0.36287330246105415,1625946840000,962,-0.5629147887229919,0
2,generation,1625946870000,0.31679885720125844,1625946870000,963,-0.7685222625732422,0
2,generation,1625946900000,0.99847424123062,1625946900000,964,6.483736515045166,1
2,generation,1625946930000,0.889018711125824,1625946930000,965,2.080756664276123,0
2,generation,1625946960000,0.35494611133468496,1625946960000,966,-0.5973678827285767,0
2,generation,1625946990000,0.46385905852465187,1625946990000,967,-0.1448163241147995,0
2,generation,1625947020000,0.3313528482982968,1625947020000,968,-0.7020726799964905,0
2,generation,1625947050000,0.24569954681734243,1625947050000,969,-1.1216813325881958,0
2,generation,1625947080000,0.7548910554206085,1625947080000,970,1.1248706579208374,0
2,generation,1625947110000,0.3160739498305767,1625947110000,971,-0.7718735933303833,0
2,generation,1625947140000,0.7504512147101423,1625947140000,972,1.1010202169418335,0
2,generation,1625947170000,0.3076702587655512,1625947170000,973,-0.8110337257385254,0
2,generation,1625947200000,0.324223788941748,1625947200000,974,-0.7344279885292053,0
2,generation,1625947230000,0.523401047772261,1625947230000,975,0.09367262572050095,0
2,generation,1625947260000,0.37129520475165606,1625947260000,976,-0.5266643762588501,0
2,generation,1625947290000,0.9985027073480853,1625947290000,977,6.502598285675049,1
2,generation,1625947320000,0.9198913140181664,1625947320000,978,2.440871238708496,0
2,generation,1625947350000,0.2942714023111562,1625947350000,979,-0.874728262424469,0
2,generation,1625947380000,0.23539762110695964,1625947380000,980,-1.1780798435211182,0
2,generation,1625947410000,0.7279715183757739,1625947410000,981,0.9843551516532898,0
2,generation,1625947440000,0.557188766841875,1625947440000,982,0.22976051270961761,0
2,generation,1625947470000,0.39518733071858114,1625947470000,983,-0.425558865070343,0
2,generation,1625947500000,0.2910329471554783,1625947500000,984,-0.8903725743293762,0
2,generation,1625947530000,0.9984925463932587,1625947530000,985,6.495824813842773,1
2,generation,1625947560000,0.9116610298581392,1625947560000,986,2.3340868949890137,0
2,generation,1625947590000,0.4144929186557998,1625947590000,987,-0.3454223871231079,0
2,generation,1625947620000,0.336889431554966,1625947620000,988,-0.6771869659423828,0
2,generation,1625947650000,0.5501783787306109,1625947650000,989,0.20139144361019135,0
2,generation,1625947680000,0.4562722932201869,1625947680000,990,-0.1753588169813156,0
2,generation,1625947710000,0.9982893654088419,1625947710000,991,6.369178771972656,1
2,generation,1625947740000,0.8913529992631462,1625947740000,992,2.1046364307403564,0
2,generation,1625947770000,0.2521155266065866,1625947770000,993,-1.0873610973358154,0
2,generation,1625947800000,0.22320971932202657,1625947800000,994,-1.247058629989624,0
2,generation,1625947830000,0.9983480777927864,1625947830000,995,6.404162406921387,1
2,generation,1625947860000,0.906361401685229,1625947860000,996,2.2699954509735107,0
2,generation,1625947890000,0.35741429650608586,1625947890000,997,-0.5866045951843262,0
2,generation,1625947920000,0.3560855718975831,1625947920000,998,-0.5923947691917419,0
2,generation,1625947950000,0.41705260544901435,1625947950000,999,-0.3348845839500427,0
2,generation,1625947980000,0.3806535653419983,1625947980000,1000,-0.48677510023117065,0
2,generation,1625948010000,0.45039403320556565,1625948010000,1001,-0.199078768491745,0
2,generation,1625948040000,0.3518805828954382,1625948040000,1002,-0.6107831001281738,0
2,generation,1625948070000,0.31304476197942366,1625948070000,1003,-0.7859229445457458,0
2,generation,1625948100000,0.34355850932284415,1625948100000,1004,-0.6474761366844177,0
2,generation,1625948130000,0.24367376524669362,1625948130000,1005,-1.1326425075531006,0
2,generation,1625948160000,0.9983905071695734,1625948160000,1006,6.430225372314453,1
2,generation,1625948190000,0.984566828101348,1625948190000,1007,4.155682563781738,1
2,generation,1625948220000,0.8969788324166751,1625948220000,1008,2.164097785949707,0
2,generation,1625948250000,0.26295995203969946,1625948250000,1009,-1.0306404829025269,0
2,generation,1625948280000,0.9984796601989998,1625948280000,1010,6.487299919128418,1
2,generation,1625948310000,0.9080282451918287,1625948310000,1011,2.2897939682006836,0
2,generation,1625948340000,0.4522600249513723,1625948340000,1012,-0.19154338538646698,0
2,generation,1625948370000,0.9982344599658818,1625948370000,1013,6.337531566619873,1
2,generation,1625948400000,0.8734889015085626,1625948400000,1014,1.9321653842926025,0
2,generation,1625948430000,0.5877917206391743,1625948430000,1015,0.3548439145088196,0
2,generation,1625948460000,0.27948094310724103,1625948460000,1016,-0.9470377564430237,0
2,generation,1625948490000,0.27811702497478447,1625948490000,1017,-0.953821063041687,0
2,generation,1625948520000,0.9984361399087562,1625948520000,1018,6.459033012390137,1
2,generation,1625948550000,0.8896932554948823,1625948550000,1019,2.087611675262451,0
2,generation,1625948580000,0.2558286018031087,1625948580000,1020,-1.0677636861801147,0
2,generation,1625948610000,0.29112182333026176,1625948610000,1021,-0.8899418711662292,0
2,generation,1625948640000,0.9984757746775336,1625948640000,1022,6.484743595123291,1
2,generation,1625948670000,0.9309945200750505,1625948670000,1023,2.602067470550537,0
2,generation,1625948700000,0.2941003612801229,1625948700000,1024,-0.8755519986152649,0
2,generation,1625948730000,0.2179563022739231,1625948730000,1025,-1.277616024017334,0
2,generation,1625948760000,0.3311094559714055,1625948760000,1026,-0.70317143201828,0
2,generation,1625948790000,0.5769191528228955,1625948790000,1027,0.31013885140419006,0
2,generation,1625948820000,0.39755542641458835,1625948820000,1028,-0.4156613051891327,0
2,generation,1625948850000,0.24468558021273584,1625948850000,1029,-1.1271600723266602,0
2,generation,1625948880000,0.9985046131321705,1625948880000,1030,6.503873825073242,1
2,generation,1625948910000,0.9512791144029792,1625948910000,1031,2.9716997146606445,0
2,generation,1625948940000,0.889157258986024,1625948940000,1032,2.0821616649627686,0
2,generation,1625948970000,0.3315179030840294,1625948970000,1033,-0.7013278007507324,0
2,generation,1625949000000,0.3730768972172169,1625949000000,1034,-0.5190393328666687,0
2,generation,1625949030000,0.3210214069975061,1625949030000,1035,-0.7490817904472351,0
2,generation,1625949060000,0.4083116863992067,1625949060000,1036,-0.3709491789340973,0
2,generation,1625949090000,0.4507142408715073,1625949090000,1037,-0.19778528809547424,0
2,generation,1625949120000,0.43396752626472906,1625949120000,1038,-0.26568174362182617,0
2,generation,1625949150000,0.2651310968577977,1625949150000,1039,-1.0194677114486694,0
2,generation,1625949180000,0.9984028465884619,1625949180000,1040,6.437933921813965,1
2,generation,1625949210000,0.8824580900776564,1625949210000,1041,2.015916347503662,0
2,generation,1625949240000,0.2261704896265317,1625949240000,1042,-1.230062484741211,0
2,generation,1625949270000,0.9984059291787472,1625949270000,1043,6.439868927001953,1
2,generation,1625949300000,0.9163594772605097,1625949300000,1044,2.393880605697632,0
2,generation,1625949330000,0.33999111026917817,1625949330000,1045,-0.6633338332176208,0
2,generation,1625949360000,0.3377784622587769,1625949360000,1046,-0.6732099056243896,0
2,generation,1625949390000,0.2774256037919096,1625949390000,1047,-0.9572675824165344,0
2,generation,1625949420000,0.2607858906070463,1625949420000,1048,-1.041887879371643,0
2,generation,1625949450000,0.2556240818191337,1625949450000,1049,-1.0688382387161255,0
2,generation,1625949480000,0.6010903147872468,1625949480000,1050,0.4100101590156555,0
2,generation,1625949510000,0.2941920627546553,1625949510000,1051,-0.8751103281974792,0
2,generation,1625949540000,0.22740348304208832,1625949540000,1052,-1.2230310440063477,0
2,generation,1625949570000,0.19674689593408895,1625949570000,1053,-1.4067517518997192,0
2,generation,1625949600000,0.2281095234838089,1625949600000,1054,-1.2190167903900146,0
2,generation,1625949630000,0.7540956799976216,1625949630000,1055,1.1205767393112183,0
2,generation,1625949660000,0.3792388546428693,1625949660000,1056,-0.4927801489830017,0
2,generation,1625949690000,0.32194051690516456,1625949690000,1057,-0.7448682188987732,0
2,generation,1625949720000,0.3798311958013703,1625949720000,1058,-0.49026477336883545,0
2,generation,1625949750000,0.29562867140041976,1625949750000,1059,-0.868201494216919,0
2,generation,1625949780000,0.6885770126248647,1625949780000,1060,0.7934750914573669,0
2,generation,1625949810000,0.4079515105038289,1625949810000,1061,-0.3724402189254761,0
2,generation,1625949840000,0.28685224702822637,1625949840000,1062,-0.9107213616371155,0
2,generation,1625949870000,0.18512741039953728,1625949870000,1063,-1.481987476348877,0
2,generation,1625949900000,0.9983406343707406,1625949900000,1064,6.399659156799316,1
2,generation,1625949930000,0.8880378947802761,1625949930000,1065,2.0708539485931396,0
2,generation,1625949960000,0.3028744937809848,1625949960000,1066,-0.8336469531059265,0
2,generation,1625949990000,0.998365192663409,1625949990000,1067,6.4145941734313965,1
2,generation,1625950020000,0.8963041685611801,1625950020000,1068,2.15681791305542,0
2,generation,1625950050000,0.2338559820483795,1625950050000,1069,-1.1866647005081177,0
2,generation,1625950080000,0.20753685291152194,1625950080000,1070,-1.3398370742797852,0
2,generation,1625950110000,0.22764512089912914,1625950110000,1071,-1.2216562032699585,0
2,generation,1625950140000,0.23423021838254476,1625950140000,1072,-1.1845771074295044,0
2,generation,1625950170000,0.9983719449174585,1625950170000,1073,6.4187397956848145,1
2,generation,1625950200000,0.8934687266726553,1625950200000,1074,2.1266727447509766,0
2,generation,1625950230000,0.9984223907950309,1625950230000,1075,6.450265884399414,1
2,generation,1625950260000,0.9571615315871927,1625950260000,1076,3.1065356731414795,0
2,generation,1625950290000,0.9721713777554272,1625950290000,1077,3.553467035293579,0
2,generation,1625950320000,0.7911528131941622,1625950320000,1078,1.3318883180618286,0
2,generation,1625950350000,0.35104469942059635,1625950350000,1079,-0.6144502758979797,0
2,generation,1625950380000,0.3123842027428869,1625950380000,1080,-0.7889963984489441,0
2,generation,1625950410000,0.24253594979389576,1625950410000,1081,-1.1388261318206787,0
2,generation,1625950440000,0.2449449631091412,1625950440000,1082,-1.125757098197937,0
2,generation,1625950470000,0.5318602345822254,1625950470000,1083,0.1276138424873352,0
2,generation,1625950500000,0.27890306891737876,1625950500000,1084,-0.9499092698097229,0
2,generation,1625950530000,0.5710728588023036,1625950530000,1085,0.2862297296524048,0
2,generation,1625950560000,0.30340191424369406,1625950560000,1086,-0.831150233745575,0
2,generation,1625950590000,0.39141326541670934,1625950590000,1087,-0.4413754940032959,0
2,generation,1625950620000,0.38543896956335205,1625950620000,1088,-0.4665253758430481,0
2,generation,1625950650000,0.27640417514147586,1625950650000,1089,-0.9623687863349915,0
2,generation,1625950680000,0.23172216684222835,1625950680000,1090,-1.1986123323440552,0
2,generation,1625950710000,0.24287766891676815,1625950710000,1091,-1.1369669437408447,0
2,generation,1625950740000,0.25215780876447164,1625950740000,1092,-1.0871368646621704,0
2,generation,1625950770000,0.8322886417633902,1625950770000,1093,1.6019349098205566,0
2,generation,1625950800000,0.3824957282430545,1625950800000,1094,-0.4789685010910034,0
2,generation,1625950830000,0.28940427718844614,1625950830000,1095,-0.898279070854187,0
2,generation,1625950860000,0.637042674427842,1625950860000,1096,0.5625513792037964,0
2,generation,1625950890000,0.37609903194233396,1625950890000,1097,-0.5061391592025757,0
2,generation,1625950920000,0.39973439344610445,1625950920000,1098,-0.4065719246864319,0
2,generation,1625950950000,0.3290801897433622,1625950950000,1099,-0.7123481631278992,0
2,generation,1625950980000,0.3221389726365075,1625950980000,1100,-0.7439592480659485,0
2,generation,1625951010000,0.3175185845378403,1625951010000,1101,-0.7651989459991455,0
2,generation,1625951040000,0.9985266618690951,1625951040000,1102,6.518750190734863,1
2,generation,1625951070000,0.9325290431528561,1625951070000,1103,2.6262030601501465,0
2,generation,1625951100000,0.9982516084610693,1625951100000,1104,6.347309112548828,1
2,generation,1625951130000,0.9213525051822983,1625951130000,1105,2.460866928100586,0
2,generation,1625951160000,0.37168317696343045,1625951160000,1106,-0.5250027179718018,0
2,generation,1625951190000,0.348795247949146,1625951190000,1107,-0.6243390440940857,0
2,generation,1625951220000,0.3977092563031758,1625951220000,1108,-0.41501906514167786,0
2,generation,1625951250000,0.36840497440784326,1625951250000,1109,-0.5390655994415283,0
2,generation,1625951280000,0.25209779242762165,1625951280000,1110,-1.087455153465271,0
2,generation,1625951310000,0.22072751201868024,1625951310000,1111,-1.2614318132400513,0
2,generation,1625951340000,0.49690075881791035,1625951340000,1112,-0.012397123500704765,0
2,generation,1625951370000,0.43225508855684996,1625951370000,1113,-0.27265632152557373,0
2,generation,1625951400000,0.9983626091307954,1625951400000,1114,6.413012504577637,1
2,generation,1625951430000,0.9117207270144263,1625951430000,1115,2.3348283767700195,0
2,generation,1625951460000,0.32316039872506125,1625951460000,1116,-0.7392855286598206,0
2,generation,1625951490000,0.2512382181108782,1625951490000,1117,-1.0920193195343018,0
2,generation,1625951520000,0.45075398379655446,1625951520000,1118,-0.19762475788593292,0
2,generation,1625951550000,0.5293403664055467,1625951550000,1119,0.11749645322561264,0
2,generation,1625951580000,0.3834784560754964,1625951580000,1120,-0.47480982542037964,0
2,generation,1625951610000,0.25457872848766305,1625951610000,1121,-1.0743393898010254,0
2,generation,1625951640000,0.9983088289535376,1625951640000,1122,6.380641460418701,1
2,generation,1625951670000,0.9024072506531433,1625951670000,1123,2.2242627143859863,0
2,generation,1625951700000,0.48980329948432527,1625951700000,1124,-0.04079245775938034,0
2,generation,1625951730000,0.30938641567855424,1625951730000,1125,-0.8029894232749939,0
2,generation,1625951760000,0.3695521390149673,1625951760000,1126,-0.5341386198997498,0
2,generation,1625951790000,0.9984357452526217,1625951790000,1127,6.458780288696289,1
2,generation,1625951820000,0.8955458514414467,1625951820000,1128,2.1486852169036865,0
2,generation,1625951850000,0.2657391891013613,1625951850000,1129,-1.016348958015442,0
2,generation,1625951880000,0.4268429982586509,1625951880000,1130,-0.2947434186935425,0
2,generation,1625951910000,0.2772953016142837,1625951910000,1131,-0.9579176902770996,0
2,generation,1625951940000,0.5827418098943704,1625951940000,1132,0.33403903245925903,0
2,generation,1625951970000,0.4541563757197206,1625951970000,1133,-0.1838909536600113,0
2,generation,1625952000000,0.36388731885167436,1625952000000,1134,-0.5585314631462097,0
2,generation,1625952030000,0.23805115105341718,1625952030000,1135,-1.1633938550949097,0
2,generation,1625952060000,0.4175155012866555,1625952060000,1136,-0.3329809010028839,0
2,generation,1625952090000,0.2772756048611243,1625952090000,1137,-0.9580159783363342,0
2,generation,1625952120000,0.3786653983068387,1625952120000,1138,-0.4952167868614197,0
2,generation,1625952150000,0.5384696781587873,1625952150000,1139,0.15418343245983124,0
2,generation,1625952180000,0.3377712760163917,1625952180000,1140,-0.6732420325279236,0
2,generation,1625952210000,0.2308374389004479,1625952210000,1141,-1.203588604927063,0
2,generation,1625952240000,0.9984359187646413,1625952240000,1142,6.45889139175415,1
2,generation,1625952270000,0.9905251676154943,1625952270000,1143,4.649596214294434,1
2,generation,1625952300000,0.8979770993437203,1625952300000,1144,2.1749472618103027,0
2,generation,1625952330000,0.2634666864088379,1625952330000,1145,-1.0280275344848633,0
2,generation,1625952360000,0.6625577708990095,1625952360000,1146,0.6747134327888489,0
2,generation,1625952390000,0.45980961850421503,1625952390000,1147,-0.1611091047525406,0
2,generation,1625952420000,0.32305677478463196,1625952420000,1148,-0.7397593259811401,0
2,generation,1625952450000,0.31850693782372097,1625952450000,1149,-0.7606418132781982,0
2,generation,1625952480000,0.3566632250018763,1625952480000,1150,-0.5898763537406921,0
2,generation,1625952510000,0.44730612974901907,1625952510000,1151,-0.21156105399131775,0
2,generation,1625952540000,0.40902049725164175,1625952540000,1152,-0.3680160641670227,0
2,generation,1625952570000,0.43796904181537527,1625952570000,1153,-0.24940870702266693,0
2,generation,1625952600000,0.34145148796668634,1625952600000,1154,-0.6568325757980347,0
2,generation,1625952630000,0.29668446392251885,1625952630000,1155,-0.8631364703178406,0
2,generation,1625952660000,0.24417467582599903,1625952660000,1156,-1.1299264430999756,0
2,generation,1625952690000,0.9984076153236471,1625952690000,1157,6.440928936004639,1
2,generation,1625952720000,0.9214941404581578,1625952720000,1158,2.4628231525421143,0
2,generation,1625952750000,0.26712015603924505,1625952750000,1159,-1.009283185005188,0
2,generation,1625952780000,0.573161354510533,1625952780000,1160,0.29476121068000793,0
2,generation,1625952810000,0.4902698408430187,1625952810000,1161,-0.03892555087804794,0
2,generation,1625952840000,0.37355583776641044,1625952840000,1162,-0.5169921517372131,0
2,generation,1625952870000,0.359045576013898,1625952870000,1163,-0.5795090198516846,0
2,generation,1625952900000,0.29595705196032873,1625952900000,1164,-0.8666250109672546,0
2,generation,1625952930000,0.32267117639026655,1625952930000,1165,-0.7415230870246887,0
2,generation,1625952960000,0.9984571897792385,1625952960000,1166,6.4726057052612305,1
2,generation,1625952990000,0.8914551034173727,1625952990000,1167,2.1056911945343018,0
2,generation,1625953020000,0.3689712452783153,1625953020000,1168,-0.5366327166557312,0
2,generation,1625953050000,0.3676933671030283,1625953050000,1169,-0.5421251058578491,0
2,generation,1625953080000,0.35010661003839894,1625953080000,1170,-0.6185706257820129,0
2,generation,1625953110000,0.3874028967133079,1625953110000,1171,-0.4582422375679016,0
2,generation,1625953140000,0.29864916317377527,1625953140000,1172,-0.8537387251853943,0
2,generation,1625953170000,0.9984227182301983,1625953170000,1173,6.450473785400391,1
2,generation,1625953200000,0.9602298952048437,1625953200000,1174,3.1840572357177734,0
2,generation,1625953230000,0.9007059668913493,1625953230000,1175,2.2050933837890625,0
2,generation,1625953260000,0.9983331796827667,1625953260000,1176,6.395169258117676,1
2,generation,1625953290000,0.8854540035675366,1625953290000,1177,2.045124053955078,0
2,generation,1625953320000,0.28121995554051465,1625953320000,1178,-0.9384182691574097,0
2,generation,1625953350000,0.24965625010256381,1625953350000,1179,-1.1004464626312256,0
2,generation,1625953380000,0.5027935619354211,1625953380000,1180,0.011174364015460014,0
2,generation,1625953410000,0.26288951342571343,1625953410000,1181,-1.0310039520263672,0
2,generation,1625953440000,0.24583679358107682,1625953440000,1182,-1.120940923690796,0
2,generation,1625953470000,0.22930811225711686,1625953470000,1183,-1.2122220993041992,0
2,generation,1625953500000,0.3996420636574305,1625953500000,1184,-0.4069567322731018,0
2,generation,1625953530000,0.40053957693442943,1625953530000,1185,-0.4032173752784729,0
2,generation,1625953560000,0.9983596100309775,1625953560000,1186,6.411179542541504,1
2,generation,1625953590000,0.9082807237193008,1625953590000,1187,2.292820930480957,0
2,generation,1625953620000,0.9982365412236407,1625953620000,1188,6.3387131690979,1
2,generation,1625953650000,0.8768017073762678,1625953650000,1189,1.962485671043396,0
2,generation,1625953680000,0.29433994638095146,1625953680000,1190,-0.8743982315063477,0
2,generation,1625953710000,0.407374798806737,1625953710000,1191,-0.3748285174369812,0
2,generation,1625953740000,0.29560749762382077,1625953740000,1192,-0.8683031797409058,0
2,generation,1625953770000,0.9985283066877286,1625953770000,1193,6.519868850708008,1
2,generation,1625953800000,0.8920358841101342,1625953800000,1194,2.1117074489593506,0
2,generation,1625953830000,0.3360536573454376,1625953830000,1195,-0.680930495262146,0
2,generation,1625953860000,0.31362453562165443,1625953860000,1196,-0.7832282781600952,0
2,generation,1625953890000,0.37354988190647775,1625953890000,1197,-0.5170176029205322,0
2,generation,1625953920000,0.33502024127629654,1625953920000,1198,-0.6855656504631042,0
2,generation,1625953950000,0.22619832301406442,1625953950000,1199,-1.2299034595489502,0
2,generation,1625953980000,0.24466361536325523,1625953980000,1200,-1.1272789239883423,0
2,generation,1625954010000,0.3159243118447713,1625954010000,1201,-0.7725659012794495,0
2,generation,1625954040000,0.25169619672784965,1625954040000,1202,-1.0895862579345703,0
2,generation,1625954070000,0.20490013791670075,1625954070000,1203,-1.3559449911117554,0
2,generation,1625954100000,0.225104719271319,1625954100000,1204,-1.2361621856689453,0
2,generation,1625954130000,0.22808473542756943,1625954130000,1205,-1.2191575765609741,0
2,generation,1625954160000,0.998392501200214,1625954160000,1206,6.431467056274414,1
2,generation,1625954190000,0.8885152542064717,1625954190000,1207,2.0756640434265137,0
2,generation,1625954220000,0.2519967301405299,1625954220000,1208,-1.0879912376403809,0
2,generation,1625954250000,0.2371238393294547,1625954250000,1209,-1.1685131788253784,0
2,generation,1625954280000,0.21594595058062294,1625954280000,1210,-1.2894498109817505,0
2,generation,1625954310000,0.2355596521307695,1625954310000,1211,-1.1771798133850098,0
2,generation,1625954340000,0.21925160275919958,1625954340000,1212,-1.2700330018997192,0
2,generation,1625954370000,0.2236233585684647,1625954370000,1213,-1.244674563407898,0
2,generation,1625954400000,0.21234382160595963,1625954400000,1214,-1.3108549118041992,0
2,generation,1625954430000,0.9983698509303401,1625954430000,1215,6.417452335357666,1
2,generation,1625954460000,0.9138445999898386,1625954460000,1216,2.3615078926086426,0
2,generation,1625954490000,0.24390744706473733,1625954490000,1217,-1.1313749551773071,0
2,generation,1625954520000,0.24909883172130198,1625954520000,1218,-1.103424310684204,0
2,generation,1625954550000,0.3193869011891353,1625954550000,1219,-0.7565907835960388,0
2,generation,1625954580000,0.2376790331871657,1625954580000,1220,-1.1654465198516846,0
2,generation,1625954610000,0.20766531979283698,1625954610000,1221,-1.339056134223938,0
2,generation,1625954640000,0.2165243706195076,1625954640000,1222,-1.2860368490219116,0
2,generation,1625954670000,0.48278794198558145,1625954670000,1223,-0.06887544691562653,0
2,generation,1625954700000,0.31120801692090405,1625954700000,1224,-0.7944777607917786,0
2,generation,1625954730000,0.2555507766436643,1625954730000,1225,-1.0692235231399536,0
2,generation,1625954760000,0.2457519556800682,1625954760000,1226,-1.1213985681533813,0
2,generation,1625954790000,0.9983956831596617,1625954790000,1227,6.4334516525268555,1
2,generation,1625954820000,0.9317471020181106,1625954820000,1228,2.6138415336608887,0
2,generation,1625954850000,0.9983286714182228,1625954850000,1229,6.392463684082031,1
2,generation,1625954880000,0.8720992082793102,1625954880000,1230,1.919648289680481,0
2,generation,1625954910000,0.2157195349701872,1625954910000,1231,-1.2907875776290894,0
2,generation,1625954940000,0.23292919598211334,1625954940000,1232,-1.1918445825576782,0
2,generation,1625954970000,0.2708291427264356,1625954970000,1233,-0.9904199242591858,0
2,generation,1625955000000,0.3853503137574947,1625955000000,1234,-0.46689966320991516,0
2,generation,1625955030000,0.2998530740313304,1625955030000,1235,-0.8479976058006287,0
2,generation,1625955060000,0.2500697625549149,1625955060000,1236,-1.0982402563095093,0
2,generation,1625955090000,0.998442340050086,1625955090000,1237,6.463011741638184,1
2,generation,1625955120000,0.884380678887823,1625955120000,1238,2.0345845222473145,0
2,generation,1625955150000,0.1985277212392593,1625955150000,1239,-1.395521640777588,0
2,generation,1625955180000,0.19977355981299333,1625955180000,1240,-1.3877102136611938,0
2,generation,1625955210000,0.21247715911727347,1625955210000,1241,-1.3100578784942627,0
2,generation,1625955240000,0.23677098805812483,1625955240000,1242,-1.1704647541046143,0
2,generation,1625955270000,0.5875579247796384,1625955270000,1243,0.35387906432151794,0
2,generation,1625955300000,0.998106399350033,1625955300000,1244,6.2673797607421875,1
2,generation,1625955330000,0.8937256585541827,1625955330000,1245,2.1293749809265137,0
2,generation,1625955360000,0.9984824596547732,1625955360000,1246,6.489145755767822,1
2,generation,1625955390000,0.8924862054956937,1625955390000,1247,2.116391897201538,0
2,generation,1625955420000,0.24526785851739372,1625955420000,1248,-1.1240119934082031,0
2,generation,1625955450000,0.45804566867817353,1625955450000,1249,-0.16821284592151642,0
2,generation,1625955480000,0.3319796343960994,1625955480000,1250,-0.699245035648346,0
2,generation,1625955510000,0.23889068733736568,1625955510000,1251,-1.1587709188461304,0
2,generation,1625955540000,0.2028983538516261,1625955540000,1252,-1.3682770729064941,0
2,generation,1625955570000,0.24437583827306492,1625955570000,1253,-1.128836750984192,0
2,generation,1625955600000,0.2477581814472598,1625955600000,1254,-1.1106046438217163,0
2,generation,1625955630000,0.22732189548714543,1625955630000,1255,-1.2234954833984375,0
2,generation,1625955660000,0.2409290239022365,1625955660000,1256,-1.1475929021835327,0
2,generation,1625955690000,0.2790232590439981,1625955690000,1257,-0.9493117332458496,0
2,generation,1625955720000,0.31034786505554435,1625955720000,1258,-0.798493504524231,0
2,generation,1625955750000,0.9982147692674165,1625955750000,1259,6.326420783996582,1
2,generation,1625955780000,0.9147226590928997,1625955780000,1260,2.3727121353149414,0
2,generation,1625955810000,0.2709772679808335,1625955810000,1261,-0.9896699786186218,0
2,generation,1625955840000,0.3221481877471967,1625955840000,1262,-0.7439170479774475,0
2,generation,1625955870000,0.7028010969169216,1625955870000,1263,0.8606722950935364,0
2,generation,1625955900000,0.9981878579325211,1625955900000,1264,6.311431884765625,1
2,generation,1625955930000,0.8918785654955053,1625955930000,1265,2.110074996948242,0
2,generation,1625955960000,0.29767377992355226,1625955960000,1266,-0.8583998084068298,0
2,generation,1625955990000,0.30624739979427146,1625955990000,1267,-0.8177221417427063,0
2,generation,1625956020000,0.21913318767938658,1625956020000,1268,-1.270724892616272,0
2,generation,1625956050000,0.26089678804267313,1625956050000,1269,-1.0413126945495605,0
2,generation,1625956080000,0.35474987763643,1625956080000,1270,-0.5982250571250916,0
2,generation,1625956110000,0.9983958297969227,1625956110000,1271,6.4335432052612305,1
2,generation,1625956140000,0.8899047845104114,1625956140000,1272,2.089768886566162,0
2,generation,1625956170000,0.3537489761851211,1625956170000,1273,-0.6026004552841187,0
2,generation,1625956200000,0.32600154659502983,1625956200000,1274,-0.7263256907463074,0
2,generation,1625956230000,0.23813765191549086,1625956230000,1275,-1.1629170179367065,0
2,generation,1625956260000,0.23246810310557836,1625956260000,1276,-1.1944270133972168,0
2,generation,1625956290000,0.9984631661151694,1625956290000,1277,6.476492881774902,1
2,generation,1625956320000,0.8794273989499818,1625956320000,1278,1.9870189428329468,0
2,generation,1625956350000,0.2356478465848475,1625956350000,1279,-1.1766901016235352,0
2,generation,1625956380000,0.5519434883699361,1625956380000,1280,0.20852629840373993,0
2,generation,1625956410000,0.3015452340752213,1625956410000,1281,-0.8399503827095032,0
2,generation,1625956440000,0.3198936730160666,1625956440000,1282,-0.7542604804039001,0
2,generation,1625956470000,0.30410065359575134,1625956470000,1283,-0.8278462886810303,0
2,generation,1625956500000,0.2554565798107552,1625956500000,1284,-1.0697187185287476,0
2,generation,1625956530000,0.9984287680449423,1625956530000,1285,6.454322814941406,1
2,generation,1625956560000,0.8945787879277615,1625956560000,1286,2.1383891105651855,0
2,generation,1625956590000,0.28647541782731445,1625956590000,1287,-0.9125641584396362,0
2,generation,1625956620000,0.9983998662234062,1625956620000,1288,6.436066627502441,1
2,generation,1625956650000,0.9104044850033857,1625956650000,1289,2.3185837268829346,0
2,generation,1625956680000,0.9983427382128466,1625956680000,1290,6.400929927825928,1
2,generation,1625956710000,0.8818695501299767,1625956710000,1291,2.0102546215057373,0
2,generation,1625956740000,0.2938468397218303,1625956740000,1292,-0.876773476600647,0
2,generation,1625956770000,0.2550561920205503,1625956770000,1293,-1.0718249082565308,0
2,generation,1625956800000,0.998468463948133,1625956800000,1294,6.47995138168335,1
2,generation,1625956830000,0.9305132636007402,1625956830000,1295,2.5946004390716553,0
2,generation,1625956860000,0.3650805349239393,1625956860000,1296,-0.5533801913261414,0
2,generation,1625956890000,0.3477695481839396,1625956890000,1297,-0.6288579106330872,0
2,generation,1625956920000,0.9984561544738099,1625956920000,1298,6.471933841705322,1
2,generation,1625956950000,0.893761545573916,1625956950000,1299,2.1297528743743896,0
2,generation,1625956980000,0.20506874518618667,1625956980000,1300,-1.3549103736877441,0
2,generation,1625957010000,0.29185045695092704,1625957010000,1301,-0.8864137530326843,0
2,generation,1625957040000,0.23417152950216533,1625957040000,1302,-1.1849043369293213,0
2,generation,1625957070000,0.23427315645887437,1625957070000,1303,-1.1843377351760864,0
2,generation,1625957100000,0.22840593065870513,1625957100000,1304,-1.2173341512680054,0
2,generation,1625957130000,0.23201771516607866,1625957130000,1305,-1.1969529390335083,0
2,generation,1625957160000,0.3969063234708265,1625957160000,1306,-0.418372243642807,0
2,generation,1625957190000,0.31131161991858375,1625957190000,1307,-0.7939944863319397,0
2,generation,1625957220000,0.9983977531710405,1625957220000,1308,6.434744834899902,1
2,generation,1625957250000,0.9120846838840811,1625957250000,1309,2.3393588066101074,0
2,generation,1625957280000,0.26348422144604544,1625957280000,1310,-1.0279371738433838,0
2,generation,1625957310000,0.5330560133948659,1625957310000,1311,0.1324172019958496,0
2,generation,1625957340000,0.40008152331418395,1625957340000,1312,-0.4051254391670227,0
2,generation,1625957370000,0.32646694851144253,1625957370000,1313,-0.7242083549499512,0
2,generation,1625957400000,0.30274991661536815,1625957400000,1314,-0.8342370390892029,0
2,generation,1625957430000,0.29879374313976514,1625957430000,1315,-0.85304856300354,0
2,generation,1625957460000,0.2928638155862018,1625957460000,1316,-0.8815155625343323,0
2,generation,1625957490000,0.32438305731335987,1625957490000,1317,-0.7337011694908142,0
2,generation,1625957520000,0.9983131240732809,1625957520000,1318,6.383188724517822,1
2,generation,1625957550000,0.8840853210273574,1625957550000,1319,2.0316991806030273,0
2,generation,1625957580000,0.21523008860661033,1625957580000,1320,-1.2936829328536987,0
2,generation,1625957610000,0.20793731151677766,1625957610000,1321,-1.3374038934707642,0
2,generation,1625957640000,0.9985098080342782,1625957640000,1322,6.507359027862549,1
2,generation,1625957670000,0.9535648093291709,1625957670000,1323,3.0221498012542725,0
2,generation,1625957700000,0.8593801927187148,1625957700000,1324,1.8101515769958496,0
2,generation,1625957730000,0.9984180948200678,1625957730000,1325,6.447542190551758,1
2,generation,1625957760000,0.8963145829882085,1625957760000,1326,2.1569299697875977,0
2,generation,1625957790000,0.2493424046496732,1625957790000,1327,-1.1021225452423096,0
2,generation,1625957820000,0.2500119546535112,1625957820000,1328,-1.0985485315322876,0
2,generation,1625957850000,0.24598925968002375,1625957850000,1329,-1.1201187372207642,0
2,generation,1625957880000,0.9984922075884245,1625957880000,1330,6.495599746704102,1
2,generation,1625957910000,0.9057917656689171,1625957910000,1331,2.2633018493652344,0
2,generation,1625957940000,0.26564180944692195,1625957940000,1332,-1.016848087310791,0
2,generation,1625957970000,0.9984915922335877,1625957970000,1333,6.4951910972595215,1
2,generation,1625958000000,0.9916381030218038,1625958000000,1334,4.775672912597656,1
2,generation,1625958030000,0.8951469915748782,1625958030000,1335,2.1444284915924072,0
2,generation,1625958060000,0.24980096217111508,1625958060000,1336,-1.099674105644226,0
2,generation,1625958090000,0.6201273559498277,1625958090000,1337,0.4900888204574585,0
2,generation,1625958120000,0.29946592515428827,1625958120000,1338,-0.849842369556427,0
2,generation,1625958150000,0.25487981077885635,1625958150000,1339,-1.0727534294128418,0
2,generation,1625958180000,0.23845326032500858,1625958180000,1340,-1.1611782312393188,0
2,generation,1625958210000,0.25529332005512345,1625958210000,1341,-1.0705772638320923,0
2,generation,1625958240000,0.2558160289184185,1625958240000,1342,-1.0678297281265259,0
2,generation,1625958270000,0.2749466400235471,1625958270000,1343,-0.9696682095527649,0
2,generation,1625958300000,0.23984759966470032,1625958300000,1344,-1.1535152196884155,0
2,generation,1625958330000,0.22433880554755067,1625958330000,1345,-1.240558385848999,0
2,generation,1625958360000,0.23338606237221193,1625958360000,1346,-1.1892893314361572,0
2,generation,1625958390000,0.27623251866864584,1625958390000,1347,-0.9632272124290466,0
2,generation,1625958420000,0.9985020099739237,1625958420000,1348,6.502131938934326,1
2,generation,1625958450000,0.9933892309051444,1625958450000,1349,5.012422561645508,1
2,generation,1625958480000,0.9574265632204232,1625958480000,1350,3.11301851272583,0
2,generation,1625958510000,0.8580286318587972,1625958510000,1351,1.7990120649337769,0
2,generation,1625958540000,0.9984838246071269,1625958540000,1352,6.490046977996826,1
2,generation,1625958570000,0.991800143064229,1625958570000,1353,4.79540491104126,1
2,generation,1625958600000,0.880651851051906,1625958600000,1354,1.9986175298690796,0
2,generation,1625958630000,0.9984702209815532,1625958630000,1355,6.481101036071777,1
2,generation,1625958660000,0.8925932474923616,1625958660000,1356,2.1175079345703125,0
2,generation,1625958690000,0.35207110539185077,1625958690000,1357,-0.6099478006362915,0
2,generation,1625958720000,0.30240184582438,1625958720000,1358,-0.8358864784240723,0
2,generation,1625958750000,0.2225046768222682,1625958750000,1359,-1.2511295080184937,0
2,generation,1625958780000,0.22714668614769692,1625958780000,1360,-1.2244932651519775,0
2,generation,1625958810000,0.2774672458391963,1625958810000,1361,-0.9570598602294922,0
2,generation,1625958840000,0.23592043181375735,1625958840000,1362,-1.1751773357391357,0
2,generation,1625958870000,0.21431748098757591,1625958870000,1363,-1.299094319343567,0
2,generation,1625958900000,0.2410488203503103,1625958900000,1364,-1.1469379663467407,0
2,generation,1625958930000,0.2551051645561504,1625958930000,1365,-1.071567177772522,0
2,generation,1625958960000,0.9984124862380891,1625958960000,1366,6.443997383117676,1
2,generation,1625958990000,0.887115448994184,1625958990000,1367,2.0616095066070557,0
2,generation,1625959020000,0.20741726341446048,1625959020000,1368,-1.3405643701553345,0
2,generation,1625959050000,0.23689339207109114,1625959050000,1369,-1.1697875261306763,0
2,generation,1625959080000,0.23799322918232763,1625959080000,1370,-1.1637132167816162,0
2,generation,1625959110000,0.2263742885950707,1625959110000,1371,-1.2288984060287476,0
2,generation,1625959140000,0.22492648174333382,1625959140000,1372,-1.2371842861175537,0
2,generation,1625959170000,0.34909108018181767,1625959170000,1373,-0.6230368614196777,0
2,generation,1625959200000,0.998432494871413,1625959200000,1374,6.456701278686523,1
2,generation,1625959230000,0.8756395733152099,1625959230000,1375,1.951770544052124,0
2,generation,1625959260000,0.22707240274656534,1625959260000,1376,-1.2249164581298828,0
2,generation,1625959290000,0.22721435128227058,1625959290000,1377,-1.2241078615188599,0
2,generation,1625959320000,0.23282505762556724,1625959320000,1378,-1.1924275159835815,0
2,generation,1625959350000,0.22790844029281923,1625959350000,1379,-1.2201591730117798,0
2,generation,1625959380000,0.236245842813643,1625959380000,1380,-1.1733729839324951,0
2,generation,1625959410000,0.21599546535300615,1625959410000,1381,-1.2891573905944824,0
2,generation,1625959440000,0.24864238306338002,1625959440000,1382,-1.1058660745620728,0
2,generation,1625959470000,0.3028194875005618,1625959470000,1383,-0.8339074850082397,0
2,generation,1625959500000,0.26555212496397035,1625959500000,1384,-1.0173078775405884,0
2,generation,1625959530000,0.24017916134263392,1625959530000,1385,-1.1516975164413452,0
2,generation,1625959560000,0.5110111684536202,1625959560000,1386,0.044051796197891235,0
2,generation,1625959590000,0.29646795185394254,1625959590000,1387,-0.8641743063926697,0
2,generation,1625959620000,0.20871566133594288,1625959620000,1388,-1.3326845169067383,0
2,generation,1625959650000,0.24949179436110713,1625959650000,1389,-1.1013245582580566,0
2,generation,1625959680000,0.3048865302372787,1625959680000,1390,-0.824135422706604,0
2,generation,1625959710000,0.27905990386422785,1625959710000,1391,-0.949129581451416,0
2,generation,1625959740000,0.37784174714500773,1625959740000,1392,-0.4987190365791321,0
2,generation,1625959770000,0.2970890708811529,1625959770000,1393,-0.8611981868743896,0
2,generation,1625959800000,0.22707581312973774,1625959800000,1394,-1.224897027015686,0
2,generation,1625959830000,0.20997025589294946,1625959830000,1395,-1.3251047134399414,0
2,generation,1625959860000,0.2906765209855413,1625959860000,1396,-0.8921006321907043,0
2,generation,1625959890000,0.28283760687717846,1625959890000,1397,-0.9304293990135193,0
2,generation,1625959920000,0.2802587047172289,1625959920000,1398,-0.9431787133216858,0
2,generation,1625959950000,0.2277099977307047,1625959950000,1399,-1.2212872505187988,0
2,generation,1625959980000,0.22808349712398213,1625959980000,1400,-1.2191646099090576,0
2,generation,1625960010000,0.2537920761037714,1625960010000,1401,-1.0784889459609985,0
2,generation,1625960040000,0.25417741637983227,1625960040000,1402,-1.0764552354812622,0
2,generation,1625960070000,0.2230659969289095,1625960070000,1403,-1.2478877305984497,0
2,generation,1625960100000,0.28626547917611234,1625960100000,1404,-0.9135914444923401,0
2,generation,1625960130000,0.31614192112328654,1625960130000,1405,-0.7715591788291931,0
2,generation,1625960160000,0.28369710475109305,1625960160000,1406,-0.9261959791183472,0
2,generation,1625960190000,0.23374495797124886,1625960190000,1407,-1.1872844696044922,0
2,generation,1625960220000,0.255517757535892,1625960220000,1408,-1.0693970918655396,0
2,generation,1625960250000,0.29071517299554983,1625960250000,1409,-0.8919131755828857,0
2,generation,1625960280000,0.2358588716601796,1625960280000,1410,-1.1755188703536987,0
2,generation,1625960310000,0.2517244205704553,1625960310000,1411,-1.089436411857605,0
2,generation,1625960340000,0.247517466447895,1625960340000,1412,-1.1118966341018677,0
2,generation,1625960370000,0.9984323351608534,1625960370000,1413,6.456599235534668,1
2,generation,1625960400000,0.9120190874433766,1625960400000,1414,2.338541030883789,0
2,generation,1625960430000,0.27870126892070457,1625960430000,1415,-0.9509128928184509,0
2,generation,1625960460000,0.30271064936034436,1625960460000,1416,-0.8344230651855469,0
2,generation,1625960490000,0.3560768799442943,1625960490000,1417,-0.5924326777458191,0
2,generation,1625960520000,0.32960581213677426,1625960520000,1418,-0.7099684476852417,0
2,generation,1625960550000,0.28002586478934627,1625960550000,1419,-0.9443333148956299,0
2,generation,1625960580000,0.2726813478864548,1625960580000,1420,-0.981060802936554,0
2,generation,1625960610000,0.20846205788775224,1625960610000,1421,-1.3342207670211792,0
2,generation,1625960640000,0.20031726554392643,1625960640000,1422,-1.384312629699707,0
2,generation,1625960670000,0.23085991773543615,1625960670000,1423,-1.20346200466156,0
2,generation,1625960700000,0.2240885903840102,1625960700000,1424,-1.2419968843460083,0
2,generation,1625960730000,0.23716119106793382,1625960730000,1425,-1.1683067083358765,0
2,generation,1625960760000,0.42437873058536346,1625960760000,1426,-0.304823637008667,0
2,generation,1625960790000,0.27970985531322806,1625960790000,1427,-0.9459012746810913,0
2,generation,1625960820000,0.9983377945037176,1625960820000,1428,6.397946357727051,1
2,generation,1625960850000,0.8857601009514001,1625960850000,1429,2.0481455326080322,0
2,generation,1625960880000,0.21973034220998633,1625960880000,1430,-1.2672384977340698,0
2,generation,1625960910000,0.49602533820937916,1625960910000,1431,-0.01589898206293583,0
2,generation,1625960940000,0.9984251253466967,1625960940000,1432,6.452003479003906,1
2,generation,1625960970000,0.9764095324590804,1625960970000,1433,3.723039388656616,0
2,generation,1625961000000,0.9306750930423711,1625961000000,1434,2.5971059799194336,0
2,generation,1625961030000,0.34990719403387877,1625961030000,1435,-0.6194471716880798,0
2,generation,1625961060000,0.3280034525746101,1625961060000,1436,-0.7172290682792664,0
2,generation,1625961090000,0.33026867044012614,1625961090000,1437,-0.7069701552391052,0
2,generation,1625961120000,0.33168483584686875,1625961120000,1438,-0.7005746364593506,0
2,generation,1625961150000,0.3008013613852791,1625961150000,1439,-0.8434847593307495,0
2,generation,1625961180000,0.21430320934794486,1625961180000,1440,-1.2991790771484375,0
2,generation,1625961210000,0.19462772943252907,1625961210000,1441,-1.4202159643173218,0
2,generation,1625961240000,0.9984268810941918,1625961240000,1442,6.453120708465576,1
2,generation,1625961270000,0.9912403803937335,1625961270000,1443,4.728804588317871,1
2,generation,1625961300000,0.8990244989249593,1625961300000,1444,2.186432361602783,0
2,generation,1625961330000,0.3021286221750908,1625961330000,1445,-0.8371819853782654,0
2,generation,1625961360000,0.28271517302477045,1625961360000,1446,-0.9310330748558044,0
2,generation,1625961390000,0.5232589734458326,1625961390000,1447,0.0931030884385109,0
2,generation,1625961420000,0.3801390807077281,1625961420000,1448,-0.488957941532135,0
2,generation,1625961450000,0.25420946260405514,1625961450000,1449,-1.0762861967086792,0
2,generation,1625961480000,0.9984045572564079,1625961480000,1450,6.43900728225708,1
2,generation,1625961510000,0.8946965495808084,1625961510000,1451,2.1396384239196777,0
2,generation,1625961540000,0.2738295066445092,1625961540000,1452,-0.9752791523933411,0
2,generation,1625961570000,0.2884295797608013,1625961570000,1453,-0.9030234217643738,0
2,generation,1625961600000,0.35485702847428274,1625961600000,1454,-0.5977569818496704,0
2,generation,1625961630000,0.4234544749273209,1625961630000,1455,-0.3086082935333252,0
2,generation,1625961660000,0.32403761384271906,1625961660000,1456,-0.7352778315544128,0
2,generation,1625961690000,0.4942646768071515,1625961690000,1457,-0.022942299023270607,0
2,generation,1625961720000,0.26559904588343675,1625961720000,1458,-1.017067313194275,0
2,generation,1625961750000,0.31188185074540287,1625961750000,1459,-0.7913361191749573,0
2,generation,1625961780000,0.25565071279796264,1625961780000,1460,-1.0686982870101929,0
2,generation,1625961810000,0.2335062490491209,1625961810000,1461,-1.1886177062988281,0
2,generation,1625961840000,0.6019483693660252,1625961840000,1462,0.4135899543762207,0
2,generation,1625961870000,0.3896425501503776,1625961870000,1463,-0.4488149881362915,0
2,generation,1625961900000,0.29923524809301655,1625961900000,1464,-0.8509421944618225,0
2,generation,1625961930000,0.22307126524032786,1625961930000,1465,-1.2478573322296143,0
2,generation,1625961960000,0.6843014321056818,1625961960000,1466,0.7736106514930725,0
2,generation,1625961990000,0.32039065636514175,1625961990000,1467,-0.7519770860671997,0
2,generation,1625962020000,0.27822455856839196,1625962020000,1468,-0.9532855153083801,0
2,generation,1625962050000,0.31524321063873256,1625962050000,1469,-0.7757192850112915,0
2,generation,1625962080000,0.9985191831514076,1625962080000,1470,6.513679504394531,1
2,generation,1625962110000,0.9864096127852733,1625962110000,1471,4.2847089767456055,1
2,generation,1625962140000,0.8969842300673077,1625962140000,1472,2.164156198501587,0
2,generation,1625962170000,0.2590794095939488,1625962170000,1473,-1.0507588386535645,0
2,generation,1625962200000,0.5525123751620036,1625962200000,1474,0.21082694828510284,0
2,generation,1625962230000,0.4535605077132681,1625962230000,1475,-0.18629489839076996,0
2,generation,1625962260000,0.9979345465644841,1625962260000,1476,6.180337905883789,1
2,generation,1625962290000,0.8808434052039092,1625962290000,1477,2.000441312789917,0
2,generation,1625962320000,0.23532143955115625,1625962320000,1478,-1.178503155708313,0
2,generation,1625962350000,0.27859020810954066,1625962350000,1479,-0.9514654278755188,0
2,generation,1625962380000,0.39073206986934356,1625962380000,1480,-0.44423604011535645,0
2,generation,1625962410000,0.37749370342796007,1625962410000,1481,-0.5001998543739319,0
2,generation,1625962440000,0.41768936486383224,1625962440000,1482,-0.33226603269577026,0
2,generation,1625962470000,0.2689259994659899,1625962470000,1483,-1.0000784397125244,0
2,generation,1625962500000,0.5309780387510713,1625962500000,1484,0.12407106906175613,0
2,generation,1625962530000,0.9984000132406534,1625962530000,1485,6.436158657073975,1
2,generation,1625962560000,0.8982954281591016,1625962560000,1486,2.178426742553711,0
2,generation,1625962590000,0.2541795406592454,1625962590000,1487,-1.0764440298080444,0
2,generation,1625962620000,0.35289066759513854,1625962620000,1488,-0.6063569784164429,0
2,generation,1625962650000,0.27741605713338746,1625962650000,1489,-0.95731520652771,0
2,generation,1625962680000,0.25207916006841824,1625962680000,1490,-1.0875539779663086,0
2,generation,1625962710000,0.4038968180728929,1625962710000,1491,-0.3892543315887451,0
2,generation,1625962740000,0.31159778905298197,1625962740000,1492,-0.7926600575447083,0
2,generation,1625962770000,0.27698334864619295,1625962770000,1493,-0.9594748616218567,0
2,generation,1625962800000,0.2659958296638912,1625962800000,1494,-1.0150340795516968,0
2,generation,1625962830000,0.24423648046858804,1625962830000,1495,-1.1295915842056274,0
2,generation,1625962860000,0.44886431173305225,1625962860000,1496,-0.20526039600372314,0
2,generation,1625962890000,0.998329905764578,1625962890000,1497,6.3932037353515625,1
2,generation,1625962920000,0.9079383272842728,1625962920000,1498,2.288717746734619,0
2,generation,1625962950000,0.25169783576389265,1625962950000,1499,-1.089577555656433,0
2,generation,1625962980000,0.38138858437689543,1625962980000,1500,-0.4836585521697998,0
2,generation,1625963010000,0.27722343473047945,1625963010000,1501,-0.9582763314247131,0
2,generation,1625963040000,0.6334268165191328,1625963040000,1502,0.5469462871551514,0
2,generation,1625963070000,0.397039541162523,1625963070000,1503,-0.4178157448768616,0
2,generation,1625963100000,0.9982171910978818,1625963100000,1504,6.327780723571777,1
2,generation,1625963130000,0.8968657106050736,1625963130000,1505,2.162874221801758,0
2,generation,1625963160000,0.9984233819042736,1625963160000,1506,6.450895309448242,1
2,generation,1625963190000,0.8918218106535527,1625963190000,1507,2.1094865798950195,0
2,generation,1625963220000,0.2639903997988059,1625963220000,1508,-1.0253304243087769,0
2,generation,1625963250000,0.9985538911369171,1625963250000,1509,6.537431716918945,1
2,generation,1625963280000,0.8776868332326953,1625963280000,1510,1.9707051515579224,0
2,generation,1625963310000,0.998456402157864,1625963310000,1511,6.472094535827637,1
2,generation,1625963340000,0.8766925973121001,1625963340000,1512,1.9614759683609009,0
2,generation,1625963370000,0.328202719614933,1625963370000,1513,-0.7163251638412476,0
2,generation,1625963400000,0.25491347756846455,1625963400000,1514,-1.0725761651992798,0
2,generation,1625963430000,0.20360146830233383,1625963430000,1515,-1.3639352321624756,0
2,generation,1625963460000,0.27903182042966906,1625963460000,1516,-0.94926917552948,0
2,generation,1625963490000,0.9984197748878908,1625963490000,1517,6.448606491088867,1
2,generation,1625963520000,0.8776277095915815,1625963520000,1518,1.9701545238494873,0
2,generation,1625963550000,0.2630909044647211,1625963550000,1519,-1.0299649238586426,0
2,generation,1625963580000,0.24124449818064095,1625963580000,1520,-1.1458686590194702,0
2,generation,1625963610000,0.2189739181586073,1625963610000,1521,-1.2716559171676636,0
2,generation,1625963640000,0.2096789441636526,1625963640000,1522,-1.3268617391586304,0
2,generation,1625963670000,0.2006919463670298,1625963670000,1523,-1.3819752931594849,0
2,generation,1625963700000,0.28631621656338846,1625963700000,1524,-0.9133431315422058,0
2,generation,1625963730000,0.998370941690055,1625963730000,1525,6.4181227684021,1
2,generation,1625963760000,0.886234269966592,1625963760000,1526,2.052839994430542,0
2,generation,1625963790000,0.2187074862453202,1625963790000,1527,-1.2732144594192505,0
2,generation,1625963820000,0.214370820081835,1625963820000,1528,-1.2987775802612305,0
2,generation,1625963850000,0.2797973108963994,1625963850000,1529,-0.9454672336578369,0
2,generation,1625963880000,0.28203259693798727,1625963880000,1530,-0.9344015121459961,0
2,generation,1625963910000,0.2221614556075863,1625963910000,1531,-1.2531145811080933,0
2,generation,1625963940000,0.23023890652276183,1625963940000,1532,-1.2069627046585083,0
2,generation,1625963970000,0.2644635760805242,1625963970000,1533,-1.0228965282440186,0
2,generation,1625964000000,0.6669990985689722,1625964000000,1534,0.694643497467041,0
2,generation,1625964030000,0.38408439074931433,1625964030000,1535,-0.4722476601600647,0
2,generation,1625964060000,0.280285829580839,1625964060000,1536,-0.9430442452430725,0
2,generation,1625964090000,0.24666891254497678,1625964090000,1537,-1.1164578199386597,0
2,generation,1625964120000,0.2874255476144083,1625964120000,1538,-0.9079205393791199,0
2,generation,1625964150000,0.998434651610359,1625964150000,1539,6.458080291748047,1
2,generation,1625964180000,0.8856787491043449,1625964180000,1540,2.047341823577881,0
2,generation,1625964210000,0.22994771085545548,1625964210000,1541,-1.208606481552124,0
2,generation,1625964240000,0.2138000095750974,1625964240000,1542,-1.3021701574325562,0
2,generation,1625964270000,0.9984682079864144,1625964270000,1543,6.47978401184082,1
2,generation,1625964300000,0.9918345886122627,1625964300000,1544,4.799649238586426,1
2,generation,1625964330000,0.9017000816271454,1625964330000,1545,2.2162587642669678,0
2,generation,1625964360000,0.2541998122972145,1625964360000,1546,-1.0763370990753174,0
2,generation,1625964390000,0.9982539538073495,1625964390000,1547,6.348653793334961,1
2,generation,1625964420000,0.8667401446492187,1625964420000,1548,1.8724381923675537,0
2,generation,1625964450000,0.2636718099361236,1625964450000,1549,-1.0269707441329956,0
2,generation,1625964480000,0.2786756039121206,1625964480000,1550,-0.9510405659675598,0
2,generation,1625964510000,0.23298234246465296,1625964510000,1551,-1.191547155380249,0
2,generation,1625964540000,0.9984754763859187,1625964540000,1552,6.4845476150512695,1
2,generation,1625964570000,0.9129965857292804,1625964570000,1553,2.3507847785949707,0
2,generation,1625964600000,0.9980638628420779,1625964600000,1554,6.24512243270874,1
2,generation,1625964630000,0.9091530390797141,1625964630000,1555,2.3033370971679688,0
2,generation,1625964660000,0.3438397522813479,1625964660000,1556,-0.6462293267250061,0
2,generation,1625964690000,0.28904864046457607,1625964690000,1557,-0.900009036064148,0
2,generation,1625964720000,0.9985554326931035,1625964720000,1558,6.53849983215332,1
2,generation,1625964750000,0.8854246679504039,1625964750000,1559,2.044834852218628,0
2,generation,1625964780000,0.2371619027743659,1625964780000,1560,-1.1683027744293213,0
2,generation,1625964810000,0.23836947254608445,1625964810000,1561,-1.16163969039917,0
2,generation,1625964840000,0.9984857817851452,1625964840000,1562,6.491340637207031,1
2,generation,1625964870000,0.9222765681585707,1625964870000,1563,2.4736883640289307,0
2,generation,1625964900000,0.31976555287995173,1625964900000,1564,-0.7548494338989258,0
2,generation,1625964930000,0.28406029122848775,1625964930000,1565,-0.9244094491004944,0
2,generation,1625964960000,0.20686601941909472,1625964960000,1566,-1.3439208269119263,0
2,generation,1625964990000,0.4462751784293856,1625964990000,1567,-0.21573209762573242,0
2,generation,1625965020000,0.4055568114996873,1625965020000,1568,-0.3823641836643219,0
2,generation,1625965050000,0.24496826795133073,1625965050000,1569,-1.1256310939788818,0
2,generation,1625965080000,0.35116300596202643,1625965080000,1570,-0.6139310002326965,0
2,generation,1625965110000,0.3659653618658033,1625965110000,1571,-0.5495648980140686,0
2,generation,1625965140000,0.2773469783349102,1625965140000,1572,-0.9576598405838013,0
2,generation,1625965170000,0.2315540001635578,1625965170000,1573,-1.1995571851730347,0
2,generation,1625965200000,0.23455902195475456,1625965200000,1574,-1.1827448606491089,0
2,generation,1625965230000,0.24632284225641649,1625965230000,1575,-1.1183210611343384,0
2,generation,1625965260000,0.9985280424906201,1625965260000,1576,6.519689083099365,1
2,generation,1625965290000,0.8988454095973819,1625965290000,1577,2.1844611167907715,0
2,generation,1625965320000,0.9983715720742182,1625965320000,1578,6.418510437011719,1
2,generation,1625965350000,0.979947907029444,1625965350000,1579,3.8891658782958984,0
2,generation,1625965380000,0.9751224027325343,1625965380000,1580,3.668595314025879,0
2,generation,1625965410000,0.8700625884842957,1625965410000,1581,1.9015122652053833,0
2,generation,1625965440000,0.2373235629504414,1625965440000,1582,-1.1674094200134277,0
2,generation,1625965470000,0.3098192334517888,1625965470000,1583,-0.8009645342826843,0
2,generation,1625965500000,0.2823740074925139,1625965500000,1584,-0.9327160716056824,0
2,generation,1625965530000,0.3290401980575439,1625965530000,1585,-0.7125293016433716,0
2,generation,1625965560000,0.24601875663255302,1625965560000,1586,-1.1199597120285034,0
2,generation,1625965590000,0.9983894800933198,1625965590000,1587,6.429586410522461,1
2,generation,1625965620000,0.8918678512289571,1625965620000,1588,2.109963893890381,0
2,generation,1625965650000,0.2627178456338062,1625965650000,1589,-1.0318900346755981,0
2,generation,1625965680000,0.28821009360315714,1625965680000,1590,-0.9040930867195129,0
2,generation,1625965710000,0.37001324708590416,1625965710000,1591,-0.5321599841117859,0
2,generation,1625965740000,0.27740412110789786,1625965740000,1592,-0.9573747515678406,0
2,generation,1625965770000,0.23317857825670188,1625965770000,1593,-1.1904493570327759,0
2,generation,1625965800000,0.29477042545804777,1625965800000,1594,-0.8723265528678894,0
2,generation,1625965830000,0.23915047070410586,1625965830000,1595,-1.1573426723480225,0
2,generation,1625965860000,0.28644906537907533,1625965860000,1596,-0.9126930832862854,0
2,generation,1625965890000,0.9984218258849863,1625965890000,1597,6.449907302856445,1
2,generation,1625965920000,0.9183363530997394,1625965920000,1598,2.419954776763916,0
2,generation,1625965950000,0.25687096989023195,1625965950000,1599,-1.0622957944869995,0
2,generation,1625965980000,0.9984629400053395,1625965980000,1600,6.476345539093018,1
2,generation,1625966010000,0.8829932055717503,1625966010000,1601,2.021085500717163,0
2,generation,1625966040000,0.2511535718444563,1625966040000,1602,-1.092469334602356,0
2,generation,1625966070000,0.282580095455033,1625966070000,1603,-0.931699275970459,0
2,generation,1625966100000,0.36243726663025744,1625966100000,1604,-0.5648012757301331,0
2,generation,1625966130000,0.3072958307078974,1625966130000,1605,-0.8127921223640442,0
2,generation,1625966160000,0.3926811130229708,1625966160000,1606,-0.43605613708496094,0
2,generation,1625966190000,0.3859010711875409,1625966190000,1607,-0.46457499265670776,0
2,generation,1625966220000,0.31813681146680445,1625966220000,1608,-0.7623475193977356,0
2,generation,1625966250000,0.26668668054189,1625966250000,1609,-1.0114985704421997,0
2,generation,1625966280000,0.2293093763017169,1625966280000,1610,-1.2122149467468262,0
2,generation,1625966310000,0.24352431314152004,1625966310000,1611,-1.133453607559204,0
2,generation,1625966340000,0.24533934060789336,1625966340000,1612,-1.1236258745193481,0
2,generation,1625966370000,0.2439535947994562,1625966370000,1613,-1.13112473487854,0
2,generation,1625966400000,0.24113894522074728,1625966400000,1614,-1.146445393562317,0
2,generation,1625966430000,0.2728113527758896,1625966430000,1615,-0.9804053902626038,0
2,generation,1625966460000,0.24666202337787974,1625966460000,1616,-1.11649489402771,0
2,generation,1625966490000,0.20957999072510292,1625966490000,1617,-1.3274589776992798,0
2,generation,1625966520000,0.3782856560580722,1625966520000,1618,-0.49683111906051636,0
2,generation,1625966550000,0.28203257279927363,1625966550000,1619,-0.9344016313552856,0
2,generation,1625966580000,0.9983471055209563,1625966580000,1620,6.403573036193848,1
2,generation,1625966610000,0.8880599623711712,1625966610000,1621,2.071075916290283,0
2,generation,1625966640000,0.22538791405291655,1625966640000,1622,-1.2345393896102905,0
2,generation,1625966670000,0.394114779808454,1625966670000,1623,-0.4300483763217926,0
2,generation,1625966700000,0.30006277913890644,1625966700000,1624,-0.846998929977417,0
2,generation,1625966730000,0.2530857570070751,1625966730000,1625,-1.0822219848632812,0
2,generation,1625966760000,0.24919173647693288,1625966760000,1626,-1.1029276847839355,0
2,generation,1625966790000,0.32745376301911094,1625966790000,1627,-0.7197239995002747,0
2,generation,1625966820000,0.25409844217049,1625966820000,1628,-1.0768718719482422,0
2,generation,1625966850000,0.22807965631417113,1625966850000,1629,-1.2191864252090454,0
2,generation,1625966880000,0.26282181231596896,1625966880000,1630,-1.0313533544540405,0
2,generation,1625966910000,0.34350197280315337,1625966910000,1631,-0.647726833820343,0
2,generation,1625966940000,0.3455411777568059,1625966940000,1632,-0.6386968493461609,0
2,generation,1625966970000,0.29570067627146335,1625966970000,1633,-0.8678557276725769,0
2,generation,1625967000000,0.3865158823565249,1625967000000,1634,-0.4619814157485962,0
2,generation,1625967030000,0.311846380059652,1625967030000,1635,-0.7915014028549194,0
2,generation,1625967060000,0.4133126621753233,1625967060000,1636,-0.35028767585754395,0
2,generation,1625967090000,0.2958178719511832,1625967090000,1637,-0.8672930598258972,0
2,generation,1625967120000,0.3121177939389732,1625967120000,1638,-0.7902369499206543,0
2,generation,1625967150000,0.40082197641286993,1625967150000,1639,-0.40204137563705444,0
2,generation,1625967180000,0.37468409504204536,1625967180000,1640,-0.5121737122535706,0
2,generation,1625967210000,0.32072146071106294,1625967210000,1641,-0.7504582405090332,0
2,generation,1625967240000,0.4412920028485659,1625967240000,1642,-0.23592017590999603,0
2,generation,1625967270000,0.29394481631021346,1625967270000,1643,-0.8763013482093811,0
2,generation,1625967300000,0.1982716648206986,1625967300000,1644,-1.3971316814422607,0
2,generation,1625967330000,0.7176636750327302,1625967330000,1645,0.9329020380973816,0
2,generation,1625967360000,0.3114924081731775,1625967360000,1646,-0.7931513786315918,0
2,generation,1625967390000,0.27659909379836184,1625967390000,1647,-0.9613944292068481,0
2,generation,1625967420000,0.2809641828253963,1625967420000,1648,-0.9396839737892151,0
2,generation,1625967450000,0.22128940456315674,1625967450000,1649,-1.25816810131073,0
2,generation,1625967480000,0.2480064344901012,1625967480000,1650,-1.109273076057434,0
2,generation,1625967510000,0.2642131655655936,1625967510000,1651,-1.024184226989746,0
2,generation,1625967540000,0.9981843915662315,1625967540000,1652,6.3095173835754395,1
2,generation,1625967570000,0.9855928293508248,1625967570000,1653,4.225517272949219,1
2,generation,1625967600000,0.8521813051502479,1625967600000,1654,1.7518128156661987,0
2,generation,1625967630000,0.2611393057141833,1625967630000,1655,-1.0400553941726685,0
2,generation,1625967660000,0.34703776651513357,1625967660000,1656,-0.6320856809616089,0
2,generation,1625967690000,0.27618547423463746,1625967690000,1657,-0.9634625315666199,0
2,generation,1625967720000,0.24707216508959104,1625967720000,1658,-1.1142889261245728,0
2,generation,1625967750000,0.2983331351906702,1625967750000,1659,-0.855247974395752,0
2,generation,1625967780000,0.5004713994916802,1625967780000,1660,0.0018855985254049301,0
2,generation,1625967810000,0.289676362714252,1625967810000,1661,-0.8969563841819763,0
2,generation,1625967840000,0.23014604387688292,1625967840000,1662,-1.2074867486953735,0
2,generation,1625967870000,0.2497065434316899,1625967870000,1663,-1.1001780033111572,0
2,generation,1625967900000,0.2475159122386092,1625967900000,1664,-1.1119049787521362,0
2,generation,1625967930000,0.6426409107824651,1625967930000,1665,0.5868449807167053,0
2,generation,1625967960000,0.3390527401486977,1625967960000,1666,-0.6675183773040771,0
2,generation,1625967990000,0.25064096507819716,1625967990000,1667,-1.0951967239379883,0
2,generation,1625968020000,0.22887931517409776,1625968020000,1668,-1.21465003490448,0
2,generation,1625968050000,0.3076617649779554,1625968050000,1669,-0.8110736012458801,0
2,generation,1625968080000,0.3064118866116559,1625968080000,1670,-0.8169480562210083,0
2,generation,1625968110000,0.25801640263007003,1625968110000,1671,-1.0563039779663086,0
2,generation,1625968140000,0.29894074916596564,1625968140000,1672,-0.8523470163345337,0
2,generation,1625968170000,0.2506815377573477,1625968170000,1673,-1.0949807167053223,0
2,generation,1625968200000,0.22345799462157506,1625968200000,1674,-1.2456272840499878,0
2,generation,1625968230000,0.19900987027902314,1625968230000,1675,-1.3924942016601562,0
2,generation,1625968260000,0.20172189005292662,1625968260000,1676,-1.375567078590393,0
2,generation,1625968290000,0.4596442338781378,1625968290000,1677,-0.16177496314048767,0
2,generation,1625968320000,0.3378618494786201,1625968320000,1678,-0.6728371381759644,0
2,generation,1625968350000,0.2949921057225991,1625968350000,1679,-0.871260404586792,0
2,generation,1625968380000,0.22287195764535936,1625968380000,1680,-1.2490077018737793,0
2,generation,1625968410000,0.24463845766516357,1625968410000,1681,-1.1274150609970093,0
2,generation,1625968440000,0.3275073743032229,1625968440000,1682,-0.719480574131012,0
2,generation,1625968470000,0.2710079071335934,1625968470000,1683,-0.9895148873329163,0
2,generation,1625968500000,0.21778605349943475,1625968500000,1684,-1.278615117073059,0
2,generation,1625968530000,0.21834349205467266,1625968530000,1685,-1.2753459215164185,0
2,generation,1625968560000,0.2567181954042954,1625968560000,1686,-1.063096284866333,0
2,generation,1625968590000,0.9981780322258719,1625968590000,1687,6.306014537811279,1
2,generation,1625968620000,0.9948220167310637,1625968620000,1688,5.258148193359375,1
2,generation,1625968650000,0.8866697609057956,1625968650000,1689,2.057166576385498,0
2,generation,1625968680000,0.21915581029899886,1625968680000,1690,-1.2705926895141602,0
2,generation,1625968710000,0.19033622096816236,1625968710000,1691,-1.4478269815444946,0
2,generation,1625968740000,0.24720915084871906,1625968740000,1692,-1.1135526895523071,0
2,generation,1625968770000,0.3098814213912009,1625968770000,1693,-0.8006737232208252,0
2,generation,1625968800000,0.4748273353235359,1625968800000,1694,-0.10077586024999619,0
2,generation,1625968830000,0.2663982795997871,1625968830000,1695,-1.0129737854003906,0
2,generation,1625968860000,0.2224899112676415,1625968860000,1696,-1.251214861869812,0
2,generation,1625968890000,0.9984257865106018,1625968890000,1697,6.452424049377441,1
2,generation,1625968920000,0.9021347470075254,1625968920000,1698,2.221172332763672,0
2,generation,1625968950000,0.25799006703891936,1625968950000,1699,-1.0564415454864502,0
2,generation,1625968980000,0.27831266299505,1625968980000,1700,-0.9528468251228333,0
2,generation,1625969010000,0.2384628286998845,1625969010000,1701,-1.1611255407333374,0
2,generation,1625969040000,0.39154317388446425,1625969040000,1702,-0.44083017110824585,0
2,generation,1625969070000,0.2723012032057364,1625969070000,1703,-0.9829784035682678,0
2,generation,1625969100000,0.22787001307207647,1625969100000,1704,-1.2203775644302368,0
2,generation,1625969130000,0.2386938052354733,1625969130000,1705,-1.1598540544509888,0
2,generation,1625969160000,0.2287347205902247,1625969160000,1706,-1.215469479560852,0
2,generation,1625969190000,0.22474163557438775,1625969190000,1707,-1.238244891166687,0
2,generation,1625969220000,0.21479607078721064,1625969220000,1708,-1.2962543964385986,0
2,generation,1625969250000,0.2408647814347908,1625969250000,1709,-1.1479442119598389,0
2,generation,1625969280000,0.23518728911139222,1625969280000,1710,-1.1792488098144531,0
2,generation,1625969310000,0.2310443993873171,1625969310000,1711,-1.202423334121704,0
2,generation,1625969340000,0.28758437222921074,1625969340000,1712,-0.9071452021598816,0
2,generation,1625969370000,0.9984204601024376,1625969370000,1713,6.44904088973999,1
2,generation,1625969400000,0.9133694227856418,1625969400000,1714,2.355487585067749,0
2,generation,1625969430000,0.2891908811840771,1625969430000,1715,-0.8993169665336609,0
2,generation,1625969460000,0.24760184763640683,1625969460000,1716,-1.1114436388015747,0
2,generation,1625969490000,0.2221519797290134,1625969490000,1717,-1.2531694173812866,0
2,generation,1625969520000,0.2606949200394925,1625969520000,1718,-1.0423598289489746,0
2,generation,1625969550000,0.2620192412468316,1625969550000,1719,-1.0354998111724854,0
2,generation,1625969580000,0.2352765023697734,1625969580000,1720,-1.1787528991699219,0
2,generation,1625969610000,0.22382152922667284,1625969610000,1721,-1.2435334920883179,0
2,generation,1625969640000,0.2648513372042134,1625969640000,1722,-1.0209040641784668,0
2,generation,1625969670000,0.25402567368571355,1625969670000,1723,-1.0772558450698853,0
2,generation,1625969700000,0.2158435358155486,1625969700000,1724,-1.2900547981262207,0
2,generation,1625969730000,0.23885681117513483,1625969730000,1725,-1.1589572429656982,0
2,generation,1625969760000,0.22718324825011896,1625969760000,1726,-1.2242850065231323,0
2,generation,1625969790000,0.22494354447014697,1625969790000,1727,-1.2370864152908325,0
2,generation,1625969820000,0.23460461334375612,1625969820000,1728,-1.1824909448623657,0
2,generation,1625969850000,0.23979457192587517,1625969850000,1729,-1.1538060903549194,0
2,generation,1625969880000,0.2403589025932864,1625969880000,1730,-1.1507128477096558,0
2,generation,1625969910000,0.32296900329552203,1625969910000,1731,-0.7401607036590576,0
2,generation,1625969940000,0.3207897159144302,1625969940000,1732,-0.7501449584960938,0
2,generation,1625969970000,0.2612442494686417,1625969970000,1733,-1.0395115613937378,0
2,generation,1625970000000,0.22854937010748494,1625970000000,1734,-1.2165204286575317,0
2,generation,1625970030000,0.9985801196953296,1625970030000,1735,6.555761814117432,1
2,generation,1625970060000,0.8754734995515917,1625970060000,1736,1.9502463340759277,0
2,generation,1625970090000,0.2515735136653675,1625970090000,1737,-1.0902377367019653,0
2,generation,1625970120000,0.31103187901180573,1625970120000,1738,-0.7952995896339417,0
2,generation,1625970150000,0.32467246707272013,1625970150000,1739,-0.7323809266090393,0
2,generation,1625970180000,0.30654568328316256,1625970180000,1740,-0.8163185715675354,0
2,generation,1625970210000,0.25184003225308454,1625970210000,1741,-1.0888227224349976,0
2,generation,1625970240000,0.20249924672371583,1625970240000,1742,-1.3707466125488281,0
2,generation,1625970270000,0.3237084378154785,1625970270000,1743,-0.7367810606956482,0
2,generation,1625970300000,0.25587971452673575,1625970300000,1744,-1.0674952268600464,0
2,generation,1625970330000,0.9982571432507713,1625970330000,1745,6.350485324859619,1
2,generation,1625970360000,0.869438042796878,1625970360000,1746,1.8959991931915283,0
2,generation,1625970390000,0.18419972581289998,1625970390000,1747,-1.4881489276885986,0
2,generation,1625970420000,0.9984123373417044,1625970420000,1748,6.44390344619751,1
2,generation,1625970450000,0.8993627374431629,1625970450000,1749,2.1901638507843018,0
2,generation,1625970480000,0.9984298239295047,1625970480000,1750,6.454996109008789,1
2,generation,1625970510000,0.9041253399021114,1625970510000,1751,2.2439262866973877,0
2,generation,1625970540000,0.25379577859427344,1625970540000,1752,-1.0784693956375122,0
2,generation,1625970570000,0.2400532449442452,1625970570000,1753,-1.1523876190185547,0
2,generation,1625970600000,0.20572561990689942,1625970600000,1754,-1.3508856296539307,0
2,generation,1625970630000,0.3128802812994809,1625970630000,1755,-0.7866879105567932,0
2,generation,1625970660000,0.3471819496145407,1625970660000,1756,-0.6314494609832764,0
2,generation,1625970690000,0.23572517506411184,1625970690000,1757,-1.1762608289718628,0
2,generation,1625970720000,0.20612374623192836,1625970720000,1758,-1.3484508991241455,0
2,generation,1625970750000,0.2214640830673836,1625970750000,1759,-1.2571547031402588,0
2,generation,1625970780000,0.346992939583168,1625970780000,1760,-0.6322835087776184,0
2,generation,1625970810000,0.26693517910735587,1625970810000,1761,-1.0102282762527466,0
2,generation,1625970840000,0.2732263124245862,1625970840000,1762,-0.9783146977424622,0
2,generation,1625970870000,0.9983398237005985,1625970870000,1763,6.399169921875,1
2,generation,1625970900000,0.9079887739024431,1625970900000,1764,2.2893214225769043,0
2,generation,1625970930000,0.2933927058292603,1625970930000,1765,-0.878963053226471,0
2,generation,1625970960000,0.4289640286874682,1625970960000,1766,-0.28607913851737976,0
2,generation,1625970990000,0.2903792293486585,1625970990000,1767,-0.8935429453849792,0
2,generation,1625971020000,0.2381943216902635,1625971020000,1768,-1.1626046895980835,0
2,generation,1625971050000,0.4896636227597032,1625971050000,1769,-0.041351400315761566,0
2,generation,1625971080000,0.340858780996209,1625971080000,1770,-0.6594695448875427,0
2,generation,1625971110000,0.2275261126339673,1625971110000,1771,-1.2223331928253174,0
2,generation,1625971140000,0.18780090761295776,1625971140000,1772,-1.4643630981445312,0
2,generation,1625971170000,0.20602778823370255,1625971170000,1773,-1.3490374088287354,0
2,generation,1625971200000,0.2216770113762236,1625971200000,1774,-1.255920171737671,0
2,generation,1625971230000,0.2252525989474357,1625971230000,1775,-1.2353146076202393,0
2,generation,1625971260000,0.2374424727946804,1625971260000,1776,-1.166752576828003,0
2,generation,1625971290000,0.277789124646957,1625971290000,1777,-0.9554548859596252,0
2,generation,1625971320000,0.9981676109432948,1625971320000,1778,6.300300598144531,1
2,generation,1625971350000,0.8804528914393749,1625971350000,1779,1.9967259168624878,0
2,generation,1625971380000,0.24446964675756735,1625971380000,1780,-1.128328800201416,0
2,generation,1625971410000,0.25300349227212204,1625971410000,1781,-1.0826572179794312,0
2,generation,1625971440000,0.9984158941888984,1625971440000,1782,6.446149826049805,1
2,generation,1625971470000,0.9251250887516517,1625971470000,1783,2.5141100883483887,0
2,generation,1625971500000,0.2981150569230739,1625971500000,1784,-0.8562899827957153,0
2,generation,1625971530000,0.2953530219884824,1625971530000,1785,-0.8695256114006042,0
2,generation,1625971560000,0.2672600393999841,1625971560000,1786,-1.0085687637329102,0
2,generation,1625971590000,0.2821861324544657,1625971590000,1787,-0.9336434006690979,0
2,generation,1625971620000,0.3342518887523261,1625971620000,1788,-0.6890165209770203,0
2,generation,1625971650000,0.3015890482072475,1625971650000,1789,-0.8397423624992371,0
2,generation,1625971680000,0.9984750175853269,1625971680000,1790,6.484246253967285,1
2,generation,1625971710000,0.9009629951464277,1625971710000,1791,2.20797061920166,0
2,generation,1625971740000,0.23715579940034823,1625971740000,1792,-1.1683365106582642,0
2,generation,1625971770000,0.22694641131312035,1625971770000,1793,-1.2256344556808472,0
2,generation,1625971800000,0.9983701372671306,1625971800000,1794,6.417628288269043,1
2,generation,1625971830000,0.8854967014395251,1625971830000,1795,2.0455451011657715,0
2,generation,1625971860000,0.21256212734165333,1625971860000,1796,-1.309550166130066,0
2,generation,1625971890000,0.3399454892439579,1625971890000,1797,-0.6635371446609497,0
2,generation,1625971920000,0.3197851950787795,1625971920000,1798,-0.7547591328620911,0
2,generation,1625971950000,0.28680373271790555,1625971950000,1799,-0.9109585285186768,0
2,generation,1625971980000,0.3301769160712809,1625971980000,1800,-0.7073850035667419,0
2,generation,1625972010000,0.26851443204942554,1625972010000,1801,-1.002172827720642,0
2,generation,1625972040000,0.25743557893840596,1625972040000,1802,-1.0593401193618774,0
2,generation,1625972070000,0.9984801378666004,1625972070000,1803,6.487614631652832,1
2,generation,1625972100000,0.9955925050266107,1625972100000,1804,5.420031547546387,1
2,generation,1625972130000,0.9553167075922067,1625972130000,1805,3.062443256378174,0
2,generation,1625972160000,0.8837521804137705,1625972160000,1806,2.0284523963928223,0
2,generation,1625972190000,0.2583620541679444,1625972190000,1807,-1.0544992685317993,0
2,generation,1625972220000,0.27323043134221714,1625972220000,1808,-0.9782939553260803,0
2,generation,1625972250000,0.5978958735120946,1625972250000,1809,0.3967055380344391,0
2,generation,1625972280000,0.45109141996376634,1625972280000,1810,-0.19626188278198242,0
2,generation,1625972310000,0.2570010627649321,1625972310000,1811,-1.0616143941879272,0
2,generation,1625972340000,0.199553958082453,1625972340000,1812,-1.3890844583511353,0
2,generation,1625972370000,0.21678299098807746,1625972370000,1813,-1.284512996673584,0
2,generation,1625972400000,0.26896287937158536,1625972400000,1814,-0.9998908638954163,0
2,generation,1625972430000,0.2562959922017731,1625972430000,1815,-1.0653101205825806,0
2,generation,1625972460000,0.20450477461666952,1625972460000,1816,-1.3583735227584839,0
2,generation,1625972490000,0.325524971067426,1625972490000,1817,-0.7284954786300659,0
2,generation,1625972520000,0.9984358897231962,1625972520000,1818,6.4588727951049805,1
2,generation,1625972550000,0.8864136870691963,1625972550000,1819,2.0546207427978516,0
2,generation,1625972580000,0.2323065956891111,1625972580000,1820,-1.195332407951355,0
2,generation,1625972610000,0.9984453879832357,1625972610000,1821,6.464973449707031,1
2,generation,1625972640000,0.8963163555645179,1625972640000,1822,2.156949043273926,0
2,generation,1625972670000,0.9983678459431026,1625972670000,1823,6.4162211418151855,1
2,generation,1625972700000,0.8869795253272987,1625972700000,1824,2.0602529048919678,0
2,generation,1625972730000,0.9983021726428367,1625972730000,1825,6.376706600189209,1
2,generation,1625972760000,0.8963305795189911,1625972760000,1826,2.157102108001709,0
2,generation,1625972790000,0.9984404530383023,1625972790000,1827,6.461799144744873,1
2,generation,1625972820000,0.9000069127281669,1625972820000,1828,2.1973013877868652,0
2,generation,1625972850000,0.25896658905944575,1625972850000,1829,-1.0513466596603394,0
2,generation,1625972880000,0.2915199204227918,1625972880000,1830,-0.8880136013031006,0
2,generation,1625972910000,0.24494824818541827,1625972910000,1831,-1.125739336013794,0
2,generation,1625972940000,0.38811442797503803,1625972940000,1832,-0.45524507761001587,0
2,generation,1625972970000,0.31410680063699853,1625972970000,1833,-0.780988872051239,0
2,generation,1625973000000,0.33505840569166884,1625973000000,1834,-0.6853943467140198,0
2,generation,1625973030000,0.3310918988799908,1625973030000,1835,-0.7032507061958313,0
2,generation,1625973060000,0.2621584926777228,1625973060000,1836,-1.0347797870635986,0
2,generation,1625973090000,0.42826381988635137,1625973090000,1837,-0.2889382541179657,0
2,generation,1625973120000,0.9984257880095248,1625973120000,1838,6.452425003051758,1
2,generation,1625973150000,0.9068414146894884,1625973150000,1839,2.2756643295288086,0
2,generation,1625973180000,0.29902208867103386,1625973180000,1840,-0.8519589304924011,0
2,generation,1625973210000,0.34177920948592855,1625973210000,1841,-0.6553754806518555,0
2,generation,1625973240000,0.28123940174827294,1625973240000,1842,-0.9383220672607422,0
2,generation,1625973270000,0.2479317632522186,1625973270000,1843,-1.1096735000610352,0
2,generation,1625973300000,0.22037433475158455,1625973300000,1844,-1.2634862661361694,0
2,generation,1625973330000,0.9982952240220893,1625973330000,1845,6.372615337371826,1
2,generation,1625973360000,0.9129833846898308,1625973360000,1846,2.350618600845337,0
2,generation,1625973390000,0.9983479393811829,1625973390000,1847,6.404078483581543,1
2,generation,1625973420000,0.9080207981922475,1625973420000,1848,2.2897047996520996,0
2,generation,1625973450000,0.31785592638705584,1625973450000,1849,-0.7636426687240601,0
2,generation,1625973480000,0.31520332568801235,1625973480000,1850,-0.7759040594100952,0
2,generation,1625973510000,0.22923878690809013,1625973510000,1851,-1.2126144170761108,0
2,generation,1625973540000,0.2424188467051429,1625973540000,1852,-1.1394636631011963,0
2,generation,1625973570000,0.36123172398329406,1625973570000,1853,-0.5700221061706543,0
2,generation,1625973600000,0.2731832554849772,1625973600000,1854,-0.978531539440155,0
2,generation,1625973630000,0.43254816914907424,1625973630000,1855,-0.27146217226982117,0
2,generation,1625973660000,0.2770619941110889,1625973660000,1856,-0.9590821862220764,0
2,generation,1625973690000,0.2383642784130465,1625973690000,1857,-1.161668300628662,0
2,generation,1625973720000,0.2500430705606389,1625973720000,1858,-1.098382592201233,0
2,generation,1625973750000,0.9984212743019558,1625973750000,1859,6.449557304382324,1
2,generation,1625973780000,0.902246041950514,1625973780000,1860,2.222433567047119,0
2,generation,1625973810000,0.2786430394765108,1625973810000,1861,-0.9512025713920593,0
2,generation,1625973840000,0.24835217691498782,1625973840000,1862,-1.1074200868606567,0
2,generation,1625973870000,0.21171121367027507,1625973870000,1863,-1.3146413564682007,0
2,generation,1625973900000,0.8978347291083709,1625973900000,1864,2.173394203186035,0
2,generation,1625973930000,0.3377620766688604,1625973930000,1865,-0.6732831597328186,0
2,generation,1625973960000,0.3004292849942357,1625973960000,1866,-0.8452544808387756,0
2,generation,1625973990000,0.2580049462042277,1625973990000,1867,-1.056363821029663,0
2,generation,1625974020000,0.9984893419378986,1625974020000,1868,6.4936981201171875,1
2,generation,1625974050000,0.8839128609046257,1625974050000,1869,2.030017375946045,0
2,generation,1625974080000,0.19927067557171457,1625974080000,1870,-1.3908588886260986,0
2,generation,1625974110000,0.24291311720641187,1625974110000,1871,-1.1367741823196411,0
2,generation,1625974140000,0.9985189321277798,1625974140000,1872,6.513509750366211,1
2,generation,1625974170000,0.9008618349437079,1625974170000,1873,2.2068374156951904,0
2,generation,1625974200000,0.24071282165897856,1625974200000,1874,-1.1487754583358765,0
2,generation,1625974230000,0.39307454525188035,1625974230000,1875,-0.43440669775009155,0
2,generation,1625974260000,0.4313937863638532,1625974260000,1876,-0.27616679668426514,0
2,generation,1625974290000,0.37330137402487534,1625974290000,1877,-0.5180796980857849,0
2,generation,1625974320000,0.9982063378327942,1625974320000,1878,6.321700572967529,1
2,generation,1625974350000,0.86525348082006,1625974350000,1879,1.8596271276474,0
2,generation,1625974380000,0.21340186751937948,1625974380000,1880,-1.3045403957366943,0
2,generation,1625974410000,0.22592683198420882,1625974410000,1881,-1.2314552068710327,0
2,generation,1625974440000,0.20382814298437651,1625974440000,1882,-1.3625378608703613,0
2,generation,1625974470000,0.21135680631712994,1625974470000,1883,-1.3167662620544434,0
2,generation,1625974500000,0.24615446445537081,1625974500000,1884,-1.1192282438278198,0
2,generation,1625974530000,0.22658392053617507,1625974530000,1885,-1.2277017831802368,0
2,generation,1625974560000,0.1945767596566723,1625974560000,1886,-1.4205411672592163,0
2,generation,1625974590000,0.22319450704409763,1625974590000,1887,-1.2471463680267334,0
2,generation,1625974620000,0.3004151920835443,1625974620000,1888,-0.845321536064148,0
2,generation,1625974650000,0.2419014528927957,1625974650000,1889,-1.1422829627990723,0
2,generation,1625974680000,0.22407779166443076,1625974680000,1890,-1.2420589923858643,0
2,generation,1625974710000,0.9982665150046439,1625974710000,1891,6.355886459350586,1
2,generation,1625974740000,0.9230744361368015,1625974740000,1892,2.4848716259002686,0
2,generation,1625974770000,0.3793018179526928,1625974770000,1893,-0.49251270294189453,0
2,generation,1625974800000,0.3145987852117068,1625974800000,1894,-0.7787062525749207,0
2,generation,1625974830000,0.43458878545681934,1625974830000,1895,-0.2631530165672302,0
2,generation,1625974860000,0.2770330436247139,1625974860000,1896,-0.9592267274856567,0
2,generation,1625974890000,0.32617303059730673,1625974890000,1897,-0.725545346736908,0
2,generation,1625974920000,0.26364980023685014,1625974920000,1898,-1.0270841121673584,0
2,generation,1625974950000,0.22150361054204712,1625974950000,1899,-1.2569254636764526,0
2,generation,1625974980000,0.21910389704487265,1625974980000,1900,-1.270896077156067,0
2,generation,1625975010000,0.2029538660307168,1625975010000,1901,-1.3679338693618774,0
2,generation,1625975040000,0.21670030044194777,1625975040000,1902,-1.2850000858306885,0
2,generation,1625975070000,0.23518538071832776,1625975070000,1903,-1.1792594194412231,0
2,generation,1625975100000,0.3207353812413461,1625975100000,1904,-0.750394344329834,0
2,generation,1625975130000,0.2650480245875817,1625975130000,1905,-1.0198941230773926,0
2,generation,1625975160000,0.314039643765029,1625975160000,1906,-0.7813006043434143,0
2,generation,1625975190000,0.26991536091283164,1625975190000,1907,-0.9950520396232605,0
2,generation,1625975220000,0.24104816609116342,1625975220000,1908,-1.1469415426254272,0
2,generation,1625975250000,0.27412121485843904,1625975250000,1909,-0.9738126397132874,0
2,generation,1625975280000,0.25936113130448246,1625975280000,1910,-1.049291729927063,0
2,generation,1625975310000,0.2920311191455226,1625975310000,1911,-0.8855397701263428,0
2,generation,1625975340000,0.38536820807812594,1625975340000,1912,-0.46682411432266235,0
2,generation,1625975370000,0.9979752631995026,1625975370000,1913,6.200288772583008,1
2,generation,1625975400000,0.8567041397844778,1625975400000,1914,1.788181185722351,0
2,generation,1625975430000,0.26485245131726787,1625975430000,1915,-1.0208983421325684,0
2,generation,1625975460000,0.9985332196746485,1625975460000,1916,6.523217678070068,1
2,generation,1625975490000,0.869693883996875,1625975490000,1917,1.8982548713684082,0
2,generation,1625975520000,0.20635541037568278,1625975520000,1918,-1.3470357656478882,0
2,generation,1625975550000,0.9983423594811568,1625975550000,1919,6.40070104598999,1
2,generation,1625975580000,0.8993152102495782,1625975580000,1920,2.18963885307312,0
2,generation,1625975610000,0.26019553441357685,1625975610000,1921,-1.0449525117874146,0
2,generation,1625975640000,0.9984652266463829,1625975640000,1922,6.477836608886719,1
2,generation,1625975670000,0.8836015571101437,1625975670000,1923,2.026987075805664,0
2,generation,1625975700000,0.9981289081450899,1625975700000,1924,6.279360294342041,1
2,generation,1625975730000,0.8779091041984106,1625975730000,1925,1.972777247428894,0
2,generation,1625975760000,0.5043730882596293,1625975760000,1926,0.01749279908835888,0
2,generation,1625975790000,0.2831021072625882,1625975790000,1927,-0.9291257858276367,0
2,generation,1625975820000,0.3318556039161094,1625975820000,1928,-0.6998043656349182,0
2,generation,1625975850000,0.3834066886044427,1625975850000,1929,-0.4751133918762207,0
2,generation,1625975880000,0.5097766107459192,1625975880000,1930,0.03911142796278,0
2,generation,1625975910000,0.9979867158504615,1625975910000,1931,6.205972671508789,1
2,generation,1625975940000,0.9953712090663696,1625975940000,1932,5.370820045471191,1
2,generation,1625975970000,0.8796604186518574,1625975970000,1933,1.9892183542251587,0
2,generation,1625976000000,0.4656091431595596,1625976000000,1934,-0.13778097927570343,0
2,generation,1625976030000,0.29024915476095253,1625976030000,1935,-0.8941742777824402,0
2,generation,1625976060000,0.9983133521122375,1625976060000,1936,6.383324146270752,1
2,generation,1625976090000,0.900810996686342,1625976090000,1937,2.206268310546875,0
2,generation,1625976120000,0.24502169615094646,1625976120000,1938,-1.1253422498703003,0
2,generation,1625976150000,0.3882427296376553,1625976150000,1939,-0.4547048509120941,0
2,generation,1625976180000,0.24812335113464412,1625976180000,1940,-1.108646273612976,0
2,generation,1625976210000,0.2307645519750352,1625976210000,1941,-1.2039991617202759,0
2,generation,1625976240000,0.9984626040721394,1625976240000,1942,6.476126670837402,1
2,generation,1625976270000,0.9618294643128854,1625976270000,1943,3.226773262023926,0
2,generation,1625976300000,0.8427930795488034,1625976300000,1944,1.6791585683822632,0
2,generation,1625976330000,0.9981886849111534,1625976330000,1945,6.311889171600342,1
2,generation,1625976360000,0.8886963604833099,1625976360000,1946,2.077493667602539,0
2,generation,1625976390000,0.34073747675282084,1625976390000,1947,-0.660009503364563,0
2,generation,1625976420000,0.29212871612435776,1625976420000,1948,-0.8850677609443665,0
2,generation,1625976450000,0.31680261130840276,1625976450000,1949,-0.7685049176216125,0
2,generation,1625976480000,0.9983657334665174,1625976480000,1950,6.414925575256348,1
2,generation,1625976510000,0.9407972923955144,1625976510000,1951,2.7657604217529297,0
2,generation,1625976540000,0.8705216396002396,1625976540000,1952,1.905578851699829,0
2,generation,1625976570000,0.2733267635152127,1625976570000,1953,-0.9778088927268982,0
2,generation,1625976600000,0.5271299716134306,1625976600000,1954,0.10862657427787781,0
2,generation,1625976630000,0.9981144823315542,1625976630000,1955,6.271665573120117,1
2,generation,1625976660000,0.914340367741634,1625976660000,1956,2.367821216583252,0
2,generation,1625976690000,0.3544677230173212,1625976690000,1957,-0.5994579195976257,0
2,generation,1625976720000,0.45013811130028025,1625976720000,1958,-0.20011268556118011,0
2,generation,1625976750000,0.33325124250142957,1625976750000,1959,-0.6935166120529175,0
2,generation,1625976780000,0.42603036503699215,1625976780000,1960,-0.2980658710002899,0
2,generation,1625976810000,0.35985127968029057,1625976810000,1961,-0.5760096907615662,0
2,generation,1625976840000,0.34001189550239386,1625976840000,1962,-0.6632412075996399,0
2,generation,1625976870000,0.3826972354094579,1625976870000,1963,-0.478115439414978,0
2,generation,1625976900000,0.5656579271112936,1625976900000,1964,0.26415711641311646,0
2,generation,1625976930000,0.3925973064665396,1625976930000,1965,-0.43640756607055664,0
2,generation,1625976960000,0.3263287713530146,1625976960000,1966,-0.7248368263244629,0
2,generation,1625976990000,0.31488389411713064,1625976990000,1967,-0.777384340763092,0
2,generation,1625977020000,0.5880076586635997,1625977020000,1968,0.3557352125644684,0
2,generation,1625977050000,0.9970832143220252,1625977050000,1969,5.834352016448975,1
2,generation,1625977080000,0.9030225355138805,1625977080000,1970,2.231268882751465,0
2,generation,1625977110000,0.9984425439748849,1625977110000,1971,6.4631428718566895,1
2,generation,1625977140000,0.9073774441911396,1625977140000,1972,2.2820258140563965,0
2,generation,1625977170000,0.26727299607826066,1625977170000,1973,-1.0085026025772095,0
2,generation,1625977200000,0.23171836804136267,1625977200000,1974,-1.1986336708068848,0
2,generation,1625977230000,0.33376477154332257,1625977230000,1975,-0.6912063360214233,0
2,generation,1625977260000,0.2808349953352018,1625977260000,1976,-0.940323531627655,0
2,generation,1625977290000,0.2183310409238101,1625977290000,1977,-1.2754188776016235,0
2,generation,1625977320000,0.23816892729394137,1625977320000,1978,-1.1627446413040161,0
2,generation,1625977350000,0.4192906381433312,1625977350000,1979,-0.3256860673427582,0
2,generation,1625977380000,0.2699723081160186,1625977380000,1980,-0.9947630763053894,0
2,generation,1625977410000,0.19386458101919077,1625977410000,1981,-1.4250918626785278,0
2,generation,1625977440000,0.24390461111766837,1625977440000,1982,-1.1313903331756592,0
2,generation,1625977470000,0.9984799612917972,1625977470000,1983,6.4874982833862305,1
2,generation,1625977500000,0.9110070544619148,1625977500000,1984,2.325993537902832,0
2,generation,1625977530000,0.21483642565255157,1625977530000,1985,-1.2960151433944702,0
2,generation,1625977560000,0.9983782671405086,1625977560000,1986,6.422636985778809,1
2,generation,1625977590000,0.9917870835099563,1625977590000,1987,4.793800354003906,1
2,generation,1625977620000,0.8753030589885095,1625977620000,1988,1.9486838579177856,0
2,generation,1625977650000,0.9984136935220783,1625977650000,1989,6.444759368896484,1
2,generation,1625977680000,0.8782636422273852,1625977680000,1990,1.9760891199111938,0
2,generation,1625977710000,0.20435794853215744,1625977710000,1991,-1.359276294708252,0
2,generation,1625977740000,0.22792996320962952,1625977740000,1992,-1.2200368642807007,0
2,generation,1625977770000,0.20660856596989213,1625977770000,1993,-1.3454906940460205,0
2,generation,1625977800000,0.21541412077284966,1625977800000,1994,-1.2925937175750732,0
2,generation,1625977830000,0.2344206586966766,1625977830000,1995,-1.1835156679153442,0
2,generation,1625977860000,0.2427056948672258,1625977860000,1996,-1.1379023790359497,0
2,generation,1625977890000,0.21691634363768297,1625977890000,1997,-1.283727765083313,0
2,generation,1625977920000,0.9984094458397508,1625977920000,1998,6.442080974578857,1
2,generation,1625977950000,0.8970888069216046,1625977950000,1999,2.1652884483337402,0
2,generation,1625977980000,0.3017440461768911,1625977980000,2000,-0.8390066027641296,0
2,generation,1625978010000,0.26444630071132036,1625978010000,2001,-1.0229853391647339,0
2,generation,1625978040000,0.21265877666528518,1625978040000,2002,-1.3089728355407715,0
2,generation,1625978070000,0.20217868697034647,1625978070000,2003,-1.3727327585220337,0
2,generation,1625978100000,0.22330200092577027,1625978100000,2004,-1.2465264797210693,0
2,generation,1625978130000,0.22681244143579843,1625978130000,2005,-1.226398229598999,0
2,generation,1625978160000,0.2227244692622582,1625978160000,2006,-1.2498594522476196,0
2,generation,1625978190000,0.23944385666983192,1625978190000,2007,-1.155730962753296,0
2,generation,1625978220000,0.31239433008166523,1625978220000,2008,-0.7889492511749268,0
2,generation,1625978250000,0.2616170175867415,1625978250000,2009,-1.037580966949463,0
2,generation,1625978280000,0.26611173031944785,1625978280000,2010,-1.0144405364990234,0
2,generation,1625978310000,0.2849343183172497,1625978310000,2011,-0.9201157093048096,0
2,generation,1625978340000,0.2529840721735549,1625978340000,2012,-1.082759976387024,0
2,generation,1625978370000,0.2417449829488381,1625978370000,2013,-1.1431363821029663,0
2,generation,1625978400000,0.20790544782751197,1625978400000,2014,-1.337597370147705,0
2,generation,1625978430000,0.20175667597526503,1625978430000,2015,-1.375351071357727,0
2,generation,1625978460000,0.9984243738921169,1625978460000,2016,6.451525688171387,1
2,generation,1625978490000,0.8718146649402516,1625978490000,2017,1.9170997142791748,0
2,generation,1625978520000,0.21606489677274757,1625978520000,2018,-1.2887474298477173,0
2,generation,1625978550000,0.27179153307991494,1625978550000,2019,-0.9855520129203796,0
2,generation,1625978580000,0.28154650483671523,1625978580000,2020,-0.9368033409118652,0
2,generation,1625978610000,0.23674798157929455,1625978610000,2021,-1.1705920696258545,0
2,generation,1625978640000,0.2096900267153713,1625978640000,2022,-1.3267948627471924,0
2,generation,1625978670000,0.19428600723973244,1625978670000,2023,-1.422397494316101,0
2,generation,1625978700000,0.19574361295272055,1625978700000,2024,-1.4131124019622803,0
2,generation,1625978730000,0.21320132944835257,1625978730000,2025,-1.305735468864441,0
2,generation,1625978760000,0.20213033097635177,1625978760000,2026,-1.373032569885254,0
2,generation,1625978790000,0.1868682597115155,1625978790000,2027,-1.470489263534546,0
2,generation,1625978820000,0.21927886677684463,1625978820000,2028,-1.2698737382888794,0
2,generation,1625978850000,0.20618598058126036,1625978850000,2029,-1.3480706214904785,0
2,generation,1625978880000,0.21893840487486818,1625978880000,2030,-1.271863579750061,0
2,generation,1625978910000,0.3600847987397663,1625978910000,2031,-0.5749961137771606,0
2,generation,1625978940000,0.9983379313902014,1625978940000,2032,6.39802885055542,1
2,generation,1625978970000,0.8706406540284838,1625978970000,2033,1.9066351652145386,0
2,generation,1625979000000,0.19614339332522937,1625979000000,2034,-1.4105749130249023,0
2,generation,1625979030000,0.20672853414091297,1625979030000,2035,-1.3447589874267578,0
2,generation,1625979060000,0.998534116133077,1625979060000,2036,6.523829936981201,1
2,generation,1625979090000,0.9929277081467203,1625979090000,2037,4.9444732666015625,1
2,generation,1625979120000,0.9024130877034596,1625979120000,2038,2.2243289947509766,0
2,generation,1625979150000,0.25671878682146415,1625979150000,2039,-1.0630931854248047,0
2,generation,1625979180000,0.9982792497636943,1625979180000,2040,6.363272666931152,1
2,generation,1625979210000,0.9452660298258718,1625979210000,2041,2.8489818572998047,0
2,generation,1625979240000,0.6472561158264016,1625979240000,2042,0.6069998145103455,0
2,generation,1625979270000,0.2660235041594571,1625979270000,2043,-1.014892339706421,0
2,generation,1625979300000,0.23230015402791843,1625979300000,2044,-1.1953685283660889,0
2,generation,1625979330000,0.2010333164455549,1625979330000,2045,-1.379848599433899,0
2,generation,1625979360000,0.28267462268306165,1625979360000,2046,-0.9312330484390259,0
2,generation,1625979390000,0.25386760041454354,1625979390000,2047,-1.0780901908874512,0
2,generation,1625979420000,0.9984220016898064,1625979420000,2048,6.450018882751465,1
2,generation,1625979450000,0.8670154050805954,1625979450000,2049,1.8748234510421753,0
2,generation,1625979480000,0.9985323079935903,1625979480000,2050,6.522595405578613,1
2,generation,1625979510000,0.8869567459470727,1625979510000,2051,2.060025691986084,0
2,generation,1625979540000,0.27283507374122645,1625979540000,2052,-0.9802858233451843,0
2,generation,1625979570000,0.998432159012613,1625979570000,2053,6.456486701965332,1
2,generation,1625979600000,0.8838417485951136,1625979600000,2054,2.029324531555176,0
2,generation,1625979630000,0.22120379655987718,1625979630000,2055,-1.2586649656295776,0
2,generation,1625979660000,0.2441376509184286,1625979660000,2056,-1.1301270723342896,0
2,generation,1625979690000,0.28639748554514305,1625979690000,2057,-0.9129454493522644,0
2,generation,1625979720000,0.2184248845970525,1625979720000,2058,-1.2748690843582153,0
2,generation,1625979750000,0.21599171058146677,1625979750000,2059,-1.2891795635223389,0
2,generation,1625979780000,0.2449817620735118,1625979780000,2060,-1.1255581378936768,0
2,generation,1625979810000,0.22862542333878824,1625979810000,2061,-1.216089129447937,0
2,generation,1625979840000,0.30738627638542204,1625979840000,2062,-0.8123672604560852,0
2,generation,1625979870000,0.31628554356400795,1625979870000,2063,-0.7708949446678162,0
2,generation,1625979900000,0.3868590019065102,1625979900000,2064,-0.46053463220596313,0
2,generation,1625979930000,0.27648485332193246,1625979930000,2065,-0.9619654417037964,0
2,generation,1625979960000,0.18726788615588708,1625979960000,2066,-1.4678614139556885,0
2,generation,1625979990000,0.22775448624508557,1625979990000,2067,-1.221034288406372,0
2,generation,1625980020000,0.9984174507733816,1625980020000,2068,6.447134494781494,1
2,generation,1625980050000,0.8990464000456817,1625980050000,2069,2.186673641204834,0
2,generation,1625980080000,0.26124822967835526,1625980080000,2070,-1.0394909381866455,0
2,generation,1625980110000,0.23841654792221512,1625980110000,2071,-1.161380410194397,0
2,generation,1625980140000,0.22519637159507047,1625980140000,2072,-1.235636830329895,0
2,generation,1625980170000,0.21231636797157322,1625980170000,2073,-1.3110190629959106,0
2,generation,1625980200000,0.19194284450974236,1625980200000,2074,-1.4374351501464844,0
2,generation,1625980230000,0.9983825355823811,1625980230000,2075,6.425276756286621,1
2,generation,1625980260000,0.9936047077841371,1625980260000,2076,5.045777320861816,1
2,generation,1625980290000,0.9549050302742623,1625980290000,2077,3.0528411865234375,0
2,generation,1625980320000,0.9944130005576958,1625980320000,2078,5.181710243225098,1
2,generation,1625980350000,0.8739110174309132,1625980350000,2079,1.9359906911849976,0
2,generation,1625980380000,0.2078111539834449,1625980380000,2080,-1.338170051574707,0
2,generation,1625980410000,0.9983899622874423,1625980410000,2081,6.429886341094971,1
2,generation,1625980440000,0.8743375465713182,1625980440000,2082,1.9398671388626099,0
2,generation,1625980470000,0.27034163830071706,1625980470000,2083,-0.992889940738678,0
2,generation,1625980500000,0.25891127726520213,1625980500000,2084,-1.0516349077224731,0
2,generation,1625980530000,0.3038041355666067,1625980530000,2085,-0.8292478322982788,0
2,generation,1625980560000,0.2439537047344219,1625980560000,2086,-1.1311241388320923,0
2,generation,1625980590000,0.2789437801415134,1625980590000,2087,-0.9497068524360657,0
2,generation,1625980620000,0.9983953348425296,1625980620000,2088,6.433234214782715,1
2,generation,1625980650000,0.87859710250926,1625980650000,2089,1.979211688041687,0
2,generation,1625980680000,0.280475110975755,1625980680000,2090,-0.9421061277389526,0
2,generation,1625980710000,0.26130112647555426,1625980710000,2091,-1.0392168760299683,0
2,generation,1625980740000,0.23544429100686046,1625980740000,2092,-1.1778205633163452,0
2,generation,1625980770000,0.5091476532519144,1625980770000,2093,0.0365946963429451,0
2,generation,1625980800000,0.9981354128905743,1625980800000,2094,6.282849311828613,1
2,generation,1625980830000,0.8903130168696354,1625980830000,2095,2.093942403793335,0
2,generation,1625980860000,0.30232990284046807,1625980860000,2096,-0.836227536201477,0
2,generation,1625980890000,0.2512304365901402,1625980890000,2097,-1.0920606851577759,0
2,generation,1625980920000,0.21320824847274755,1625980920000,2098,-1.3056942224502563,0
2,generation,1625980950000,0.998386121439649,1625980950000,2099,6.427499771118164,1
2,generation,1625980980000,0.8923004376521289,1625980980000,2100,2.114457368850708,0
2,generation,1625981010000,0.23333176422858545,1625981010000,2101,-1.1895928382873535,0
2,generation,1625981040000,0.240512778384545,1625981040000,2102,-1.1498702764511108,0
2,generation,1625981070000,0.28640849787230743,1625981070000,2103,-0.9128915667533875,0
2,generation,1625981100000,0.9984229922923229,1625981100000,2104,6.450647830963135,1
2,generation,1625981130000,0.886482059498038,1625981130000,2105,2.055299997329712,0
2,generation,1625981160000,0.3021837207491806,1625981160000,2106,-0.8369206786155701,0
2,generation,1625981190000,0.2504561146975722,1625981190000,2107,-1.0961811542510986,0
2,generation,1625981220000,0.25292059200243366,1625981220000,2108,-1.083095908164978,0
2,generation,1625981250000,0.37810581987388325,1625981250000,2109,-0.4975958466529846,0
2,generation,1625981280000,0.3623639411426805,1625981280000,2110,-0.5651186108589172,0
2,generation,1625981310000,0.25575943326445777,1625981310000,2111,-1.0681270360946655,0
2,generation,1625981340000,0.24303976885309045,1625981340000,2112,-1.1360856294631958,0
2,generation,1625981370000,0.23938099229995383,1625981370000,2113,-1.156076192855835,0
2,generation,1625981400000,0.38231779574848634,1625981400000,2114,-0.47972190380096436,0
2,generation,1625981430000,0.26065740267602755,1625981430000,2115,-1.042554497718811,0
2,generation,1625981460000,0.2134891469723273,1625981460000,2116,-1.3040205240249634,0
2,generation,1625981490000,0.23248426878726616,1625981490000,2117,-1.1943364143371582,0
2,generation,1625981520000,0.23767404379455673,1625981520000,2118,-1.1654740571975708,0
2,generation,1625981550000,0.25314955758340263,1625981550000,2119,-1.081884503364563,0
2,generation,1625981580000,0.2795280199958797,1625981580000,2120,-0.9468039870262146,0
2,generation,1625981610000,0.2274726057060158,1625981610000,2121,-1.22263765335083,0
2,generation,1625981640000,0.685587106928727,1625981640000,2122,0.7795684933662415,0
2,generation,1625981670000,0.33918970459049974,1625981670000,2123,-0.6669072508811951,0
2,generation,1625981700000,0.4470204227268644,1625981700000,2124,-0.21271678805351257,0
2,generation,1625981730000,0.309757052390812,1625981730000,2125,-0.8012553453445435,0
2,generation,1625981760000,0.2707826742403273,1625981760000,2126,-0.990655243396759,0
2,generation,1625981790000,0.27274790611924943,1625981790000,2127,-0.9807252287864685,0
2,generation,1625981820000,0.9983754374374251,1625981820000,2128,6.420890808105469,1
2,generation,1625981850000,0.9075782452242536,1625981850000,2129,2.2844173908233643,0
2,generation,1625981880000,0.9983940876150718,1625981880000,2130,6.432456016540527,1
2,generation,1625981910000,0.9437649323140982,1625981910000,2131,2.8203365802764893,0
2,generation,1625981940000,0.8675348941703926,1625981940000,2132,1.8793364763259888,0
2,generation,1625981970000,0.22011797513090683,1625981970000,2133,-1.2649790048599243,0
2,generation,1625982000000,0.21601545122303123,1625982000000,2134,-1.2890393733978271,0
2,generation,1625982030000,0.2324691453430015,1625982030000,2135,-1.1944211721420288,0
2,generation,1625982060000,0.2660056982389378,1625982060000,2136,-1.0149835348129272,0
2,generation,1625982090000,0.19914468966906926,1625982090000,2137,-1.3916486501693726,0
2,generation,1625982120000,0.33056243718241257,1625982120000,2138,-0.7056423425674438,0
2,generation,1625982150000,0.21346662914646755,1625982150000,2139,-1.304154634475708,0
2,generation,1625982180000,0.23244400493239598,1625982180000,2140,-1.1945620775222778,0
2,generation,1625982210000,0.9984313250258839,1625982210000,2141,6.455954074859619,1
2,generation,1625982240000,0.9109677887230299,1625982240000,2142,2.3255093097686768,0
2,generation,1625982270000,0.24486500603748915,1625982270000,2143,-1.1261894702911377,0
2,generation,1625982300000,0.24672188149228322,1625982300000,2144,-1.1161727905273438,0
2,generation,1625982330000,0.2391441152910843,1625982330000,2145,-1.1573776006698608,0
2,generation,1625982360000,0.19323164409920277,1625982360000,2146,-1.4291468858718872,0
2,generation,1625982390000,0.20756059652863895,1625982390000,2147,-1.3396927118301392,0
2,generation,1625982420000,0.23548257583336088,1625982420000,2148,-1.1776078939437866,0
2,generation,1625982450000,0.2244351540679219,1625982450000,2149,-1.2400047779083252,0
2,generation,1625982480000,0.23422711798592571,1625982480000,2150,-1.1845943927764893,0
2,generation,1625982510000,0.237793463408765,1625982510000,2151,-1.164815068244934,0
2,generation,1625982540000,0.2747598905313823,1625982540000,2152,-0.970605194568634,0
2,generation,1625982570000,0.998428425403229,1625982570000,2153,6.454104423522949,1
2,generation,1625982600000,0.8889488743455439,1625982600000,2154,2.0800490379333496,0
2,generation,1625982630000,0.22753908217283073,1625982630000,2155,-1.2222594022750854,0
2,generation,1625982660000,0.45806026521197113,1625982660000,2156,-0.1681540459394455,0
2,generation,1625982690000,0.5026081428859774,1625982690000,2157,0.010432666167616844,0
2,generation,1625982720000,0.364690703760235,1625982720000,2158,-0.5550623536109924,0
2,generation,1625982750000,0.35718904226348863,1625982750000,2159,-0.5875855088233948,0
2,generation,1625982780000,0.9980543117725073,1625982780000,2160,6.24019193649292,1
2,generation,1625982810000,0.8814916979883817,1625982810000,2161,2.0066325664520264,0
2,generation,1625982840000,0.9984459074778851,1625982840000,2162,6.46530818939209,1
2,generation,1625982870000,0.8892567797409997,1625982870000,2163,2.083171844482422,0
2,generation,1625982900000,0.9982620302702533,1625982900000,2164,6.353298187255859,1
2,generation,1625982930000,0.8453701319033708,1625982930000,2165,1.6987402439117432,0
2,generation,1625982960000,0.9981833188054792,1625982960000,2166,6.308925628662109,1
2,generation,1625982990000,0.9779308568463991,1625982990000,2167,3.7912585735321045,0
2,generation,1625983020000,0.8756836899873884,1625983020000,2168,1.9521757364273071,0
2,generation,1625983050000,0.2249889387055053,1625983050000,2169,-1.2368260622024536,0
2,generation,1625983080000,0.19605628910668288,1625983080000,2170,-1.4111274480819702,0
2,generation,1625983110000,0.7801589439064104,1625983110000,2171,1.2665928602218628,0
2,generation,1625983140000,0.30844176765570025,1625983140000,2172,-0.8074142932891846,0
2,generation,1625983170000,0.2003286661987291,1625983170000,2173,-1.3842414617538452,0
2,generation,1625983200000,0.20124399979952715,1625983200000,2174,-1.3785374164581299,0
2,generation,1625983230000,0.24300329928403752,1625983230000,2175,-1.1362838745117188,0
2,generation,1625983260000,0.2122877208651167,1625983260000,2176,-1.3111903667449951,0
2,generation,1625983290000,0.20685426472949434,1625983290000,2177,-1.3439924716949463,0
2,generation,1625983320000,0.23571456578656955,1625983320000,2178,-1.1763197183609009,0
2,generation,1625983350000,0.31009308268647445,1625983350000,2179,-0.7996841669082642,0
2,generation,1625983380000,0.2556737384939664,1625983380000,2180,-1.0685772895812988,0
2,generation,1625983410000,0.2174227604138724,1625983410000,2181,-1.280748963356018,0
2,generation,1625983440000,0.23963527621510985,1625983440000,2182,-1.1546801328659058,0
2,generation,1625983470000,0.23396924340744563,1625983470000,2183,-1.1860326528549194,0
2,generation,1625983500000,0.19892792496462747,1625983500000,2184,-1.3930083513259888,0
2,generation,1625983530000,0.41008754033749556,1625983530000,2185,-0.36360350251197815,0
2,generation,1625983560000,0.25642018921309184,1625983560000,2186,-1.0646586418151855,0
2,generation,1625983590000,0.1837431170945599,1625983590000,2187,-1.4911904335021973,0
2,generation,1625983620000,0.23730576237600498,1625983620000,2188,-1.1675077676773071,0
2,generation,1625983650000,0.2425255254470244,1625983650000,2189,-1.1388828754425049,0
2,generation,1625983680000,0.23789122464483906,1625983680000,2190,-1.1642757654190063,0
2,generation,1625983710000,0.23122531813507166,1625983710000,2191,-1.2014052867889404,0
2,generation,1625983740000,0.1929561755358358,1625983740000,2192,-1.4309148788452148,0
2,generation,1625983770000,0.24521556345648407,1625983770000,2193,-1.1242945194244385,0
2,generation,1625983800000,0.24025452832024335,1625983800000,2194,-1.1512845754623413,0
2,generation,1625983830000,0.22412899041153983,1625983830000,2195,-1.2417645454406738,0
2,generation,1625983860000,0.21183978243539836,1625983860000,2196,-1.313871145248413,0
2,generation,1625983890000,0.2114196235247838,1625983890000,2197,-1.3163894414901733,0
2,generation,1625983920000,0.23702896861963876,1625983920000,2198,-1.1690376996994019,0
2,generation,1625983950000,0.2223799546401765,1625983950000,2199,-1.2518506050109863,0
2,generation,1625983980000,0.19813336971840745,1625983980000,2200,-1.3980019092559814,0
2,generation,1625984010000,0.2844963685378344,1625984010000,2201,-0.9222661852836609,0
2,generation,1625984040000,0.2452583477585339,1625984040000,2202,-1.1240633726119995,0
2,generation,1625984070000,0.23853133037801455,1625984070000,2203,-1.1607483625411987,0
2,generation,1625984100000,0.24696546866318347,1625984100000,2204,-1.1148625612258911,0
2,generation,1625984130000,0.22876393302298473,1625984130000,2205,-1.215303897857666,0
2,generation,1625984160000,0.9982775181240376,1625984160000,2206,6.362265110015869,1
2,generation,1625984190000,0.8933069746551436,1625984190000,2207,2.124974489212036,0
2,generation,1625984220000,0.22126512464466452,1625984220000,2208,-1.258309006690979,0
2,generation,1625984250000,0.9983529533325657,1625984250000,2209,6.40712308883667,1
2,generation,1625984280000,0.8959905054894003,1625984280000,2210,2.1534476280212402,0
2,generation,1625984310000,0.2469131517261315,1625984310000,2211,-1.115143895149231,0
2,generation,1625984340000,0.2063749538294016,1625984340000,2212,-1.3469164371490479,0
2,generation,1625984370000,0.1927680274392943,1625984370000,2213,-1.4321235418319702,0
2,generation,1625984400000,0.19373794599268776,1625984400000,2214,-1.4259023666381836,0
2,generation,1625984430000,0.2493555692535119,1625984430000,2215,-1.1020522117614746,0
2,generation,1625984460000,0.26270195967682225,1625984460000,2216,-1.031972050666809,0
2,generation,1625984490000,0.20473745640914928,1625984490000,2217,-1.3569438457489014,0
2,generation,1625984520000,0.2588017972266299,1625984520000,2218,-1.0522055625915527,0
2,generation,1625984550000,0.35961155395772243,1625984550000,2219,-0.577050507068634,0
2,generation,1625984580000,0.26996986468122147,1625984580000,2220,-0.9947754740715027,0
2,generation,1625984610000,0.526412375814193,1625984610000,2221,0.10574793815612793,0
2,generation,1625984640000,0.29048752010402235,1625984640000,2222,-0.8930174708366394,0
2,generation,1625984670000,0.19573154612637825,1625984670000,2223,-1.4131890535354614,0
2,generation,1625984700000,0.23937283118099337,1625984700000,2224,-1.156121015548706,0
2,generation,1625984730000,0.4509884366613397,1625984730000,2225,-0.1966778039932251,0
2,generation,1625984760000,0.9983149178439562,1625984760000,2226,6.384254455566406,1
2,generation,1625984790000,0.8988811286428101,1625984790000,2227,2.184854030609131,0
2,generation,1625984820000,0.2688448678972974,1625984820000,2228,-1.0004911422729492,0
2,generation,1625984850000,0.23318891637326794,1625984850000,2229,-1.1903915405273438,0
2,generation,1625984880000,0.2035287409248808,1625984880000,2230,-1.3643838167190552,0
2,generation,1625984910000,0.9984161980878593,1625984910000,2231,6.4463419914245605,1
2,generation,1625984940000,0.8952466647308482,1625984940000,2232,2.145490884780884,0
2,generation,1625984970000,0.2539126737032482,1625984970000,2233,-1.0778522491455078,0
2,generation,1625985000000,0.23252500552587665,1625985000000,2234,-1.1941081285476685,0
2,generation,1625985030000,0.18905710823099794,1625985030000,2235,-1.4561485052108765,0
2,generation,1625985060000,0.22550125850859112,1625985060000,2236,-1.2338902950286865,0
2,generation,1625985090000,0.25235896622354254,1625985090000,2237,-1.0860704183578491,0
2,generation,1625985120000,0.9984973238994937,1625985120000,2238,6.499003887176514,1
2,generation,1625985150000,0.9820779475122378,1625985150000,2239,4.003638744354248,0
2,generation,1625985180000,0.8779502670477415,1625985180000,2240,1.9731613397598267,0
2,generation,1625985210000,0.21910732365885113,1625985210000,2241,-1.2708760499954224,0
2,generation,1625985240000,0.5878363666338446,1625985240000,2242,0.3550281822681427,0
2,generation,1625985270000,0.4057721712291752,1625985270000,2243,-0.3814709484577179,0
2,generation,1625985300000,0.2903906026876155,1625985300000,2244,-0.8934877514839172,0
2,generation,1625985330000,0.9982230655659532,1625985330000,2245,6.331087112426758,1
2,generation,1625985360000,0.9977518340754707,1625985360000,2246,6.0953898429870605,1
2,generation,1625985390000,0.8841222582613668,1625985390000,2247,2.032059669494629,0
2,generation,1625985420000,0.22707552021197164,1625985420000,2248,-1.2248986959457397,0
2,generation,1625985450000,0.35942359220982045,1625985450000,2249,-0.577866792678833,0
2,generation,1625985480000,0.37992758814559113,1625985480000,2250,-0.4898555874824524,0
2,generation,1625985510000,0.2939028699524104,1625985510000,2251,-0.8765034675598145,0
2,generation,1625985540000,0.26153076357454025,1625985540000,2252,-1.0380275249481201,0
2,generation,1625985570000,0.3876267728069992,1625985570000,2253,-0.45729899406433105,0
2,generation,1625985600000,0.32669274376657204,1625985600000,2254,-0.7231816649436951,0
2,generation,1625985630000,0.9981912057740319,1625985630000,2255,6.313284397125244,1
2,generation,1625985660000,0.9842343326500672,1625985660000,2256,4.134029388427734,1
2,generation,1625985690000,0.996574188052439,1625985690000,2257,5.672985076904297,1
2,generation,1625985720000,0.9026355031416151,1625985720000,2258,2.2268571853637695,0
2,generation,1625985750000,0.997838541085162,1625985750000,2259,6.13480806350708,1
2,generation,1625985780000,0.9000432539195781,1625985780000,2260,2.1977052688598633,0
2,generation,1625985810000,0.3162389887311409,1625985810000,2261,-0.7711102366447449,0
2,generation,1625985840000,0.3010165864092807,1625985840000,2262,-0.8424616456031799,0
2,generation,1625985870000,0.998412573906596,1625985870000,2263,6.444052696228027,1
2,generation,1625985900000,0.8915600737866272,1625985900000,2264,2.106776475906372,0
2,generation,1625985930000,0.22890915079855223,1625985930000,2265,-1.214480996131897,0
2,generation,1625985960000,0.9983884738443736,1625985960000,2266,6.428960800170898,1
2,generation,1625985990000,0.9673280343757277,1625985990000,2267,3.3880202770233154,0
2,generation,1625986020000,0.8588666449555242,1625986020000,2268,1.805908441543579,0
2,generation,1625986050000,0.9982581028462475,1625986050000,2269,6.35103702545166,1
2,generation,1625986080000,0.9875526970571467,1625986080000,2270,4.373725891113281,1
2,generation,1625986110000,0.8595407999274661,1625986110000,2271,1.811481237411499,0
2,generation,1625986140000,0.9983759663524806,1625986140000,2272,6.42121696472168,1
2,generation,1625986170000,0.8795922580297361,1625986170000,2273,1.9885746240615845,0
2,generation,1625986200000,0.24335622090739106,1625986200000,2274,-1.1343662738800049,0
2,generation,1625986230000,0.3233747411776904,1625986230000,2275,-0.7383057475090027,0
2,generation,1625986260000,0.33231405385009366,1625986260000,2276,-0.697737455368042,0
2,generation,1625986290000,0.2168437990815082,1625986290000,2277,-1.2841548919677734,0
2,generation,1625986320000,0.40614017444255995,1625986320000,2278,-0.37994495034217834,0
2,generation,1625986350000,0.31936856760685745,1625986350000,2279,-0.756675124168396,0
2,generation,1625986380000,0.9983665486132135,1625986380000,2280,6.4154253005981445,1
2,generation,1625986410000,0.8888575202908882,1625986410000,2281,2.0791239738464355,0
2,generation,1625986440000,0.23602946242655712,1625986440000,2282,-1.1745725870132446,0
2,generation,1625986470000,0.22589564522180666,1625986470000,2283,-1.2316335439682007,0
2,generation,1625986500000,0.9984254154833561,1625986500000,2284,6.452188014984131,1
2,generation,1625986530000,0.9791991961798228,1625986530000,2285,3.851743459701538,0
2,generation,1625986560000,0.8660819849320247,1625986560000,2286,1.866751790046692,0
2,generation,1625986590000,0.4355996979112242,1625986590000,2287,-0.25904005765914917,0
2,generation,1625986620000,0.31047378094583217,1625986620000,2288,-0.7979052662849426,0
2,generation,1625986650000,0.2729350801700414,1625986650000,2289,-0.9797818064689636,0
2,generation,1625986680000,0.9984849423762098,1625986680000,2290,6.490785598754883,1
2,generation,1625986710000,0.94554909997506,1625986710000,2291,2.854466438293457,0
2,generation,1625986740000,0.8355416151533533,1625986740000,2292,1.6254225969314575,0
2,generation,1625986770000,0.23732811572990165,1625986770000,2293,-1.1673842668533325,0
2,generation,1625986800000,0.9984100356119409,1625986800000,2294,6.442452430725098,1
2,generation,1625986830000,0.8789520743242701,1625986830000,2295,1.9825438261032104,0
2,generation,1625986860000,0.5182778917820495,1625986860000,2296,0.07314416021108627,0
2,generation,1625986890000,0.9980519509693878,1625986890000,2297,6.238976955413818,1
2,generation,1625986920000,0.845660920268837,1625986920000,2298,1.700966477394104,0
2,generation,1625986950000,0.3331046757509402,1625986950000,2299,-0.6941763162612915,0
2,generation,1625986980000,0.3471785317966706,1625986980000,2300,-0.6314645409584045,0
2,generation,1625987010000,0.9983367797686912,1625987010000,2301,6.397335052490234,1
2,generation,1625987040000,0.8791168225569576,1625987040000,2302,1.984093189239502,0
2,generation,1625987070000,0.2804251102101702,1625987070000,2303,-0.9423539042472839,0
2,generation,1625987100000,0.2783858649488394,1625987100000,2304,-0.9524824023246765,0
2,generation,1625987130000,0.2342995464130733,1625987130000,2305,-1.1841906309127808,0
2,generation,1625987160000,0.33654422432016184,1625987160000,2306,-0.6787326335906982,0
2,generation,1625987190000,0.9980559296985575,1625987190000,2307,6.241025447845459,1
2,generation,1625987220000,0.8665141042651134,1625987220000,2308,1.8704825639724731,0
2,generation,1625987250000,0.22912710949756798,1625987250000,2309,-1.2132465839385986,0
2,generation,1625987280000,0.23091557108359045,1625987280000,2310,-1.203148603439331,0
2,generation,1625987310000,0.24704327062666384,1625987310000,2311,-1.1144442558288574,0
2,generation,1625987340000,0.2602942647681452,1625987340000,2312,-1.044439673423767,0
2,generation,1625987370000,0.23422675449301536,1625987370000,2313,-1.1845964193344116,0
2,generation,1625987400000,0.23359662004434195,1625987400000,2314,-1.1881128549575806,0
2,generation,1625987430000,0.22998129635631892,1625987430000,2315,-1.2084168195724487,0
2,generation,1625987460000,0.9984425239543573,1625987460000,2316,6.463129997253418,1
2,generation,1625987490000,0.8661083081491482,1625987490000,2317,1.8669787645339966,0
2,generation,1625987520000,0.19973239926184033,1625987520000,2318,-1.3879677057266235,0
2,generation,1625987550000,0.19757959267129876,1625987550000,2319,-1.4014911651611328,0
2,generation,1625987580000,0.19870272037445375,1625987580000,2320,-1.394422173500061,0
2,generation,1625987610000,0.18873152633306495,1625987610000,2321,-1.4582735300064087,0
2,generation,1625987640000,0.23853613726098552,1625987640000,2322,-1.1607218980789185,0
2,generation,1625987670000,0.28794690500784004,1625987670000,2323,-0.9053763747215271,0
2,generation,1625987700000,0.21967330422331144,1625987700000,2324,-1.267571210861206,0
2,generation,1625987730000,0.19174179656173856,1625987730000,2325,-1.4387319087982178,0
2,generation,1625987760000,0.2500477649948564,1625987760000,2326,-1.0983575582504272,0
2,generation,1625987790000,0.22753254495720027,1625987790000,2327,-1.2222965955734253,0
2,generation,1625987820000,0.9983386773423852,1625987820000,2328,6.3984785079956055,1
2,generation,1625987850000,0.8814263534946336,1625987850000,2329,2.006007194519043,0
2,generation,1625987880000,0.2197152182390944,1625987880000,2330,-1.2673267126083374,0
2,generation,1625987910000,0.23156305768876387,1625987910000,2331,-1.1995062828063965,0
2,generation,1625987940000,0.29841204617033973,1625987940000,2332,-0.8548710346221924,0
2,generation,1625987970000,0.30605301004400814,1625987970000,2333,-0.8186372518539429,0
2,generation,1625988000000,0.23250339209876233,1625988000000,2334,-1.194229245185852,0
2,generation,1625988030000,0.23543609380688046,1625988030000,2335,-1.1778661012649536,0
2,generation,1625988060000,0.236949663856682,1625988060000,2336,-1.1694762706756592,0
2,generation,1625988090000,0.20241557334693944,1625988090000,2337,-1.3712648153305054,0
2,generation,1625988120000,0.18791905422964195,1625988120000,2338,-1.4635887145996094,0
2,generation,1625988150000,0.2341174250491889,1625988150000,2339,-1.1852060556411743,0
2,generation,1625988180000,0.9984103217128325,1625988180000,2340,6.442632675170898,1
2,generation,1625988210000,0.8965491938827597,1625988210000,2341,2.159456968307495,0
2,generation,1625988240000,0.23467309758987137,1625988240000,2342,-1.1821095943450928,0
2,generation,1625988270000,0.2736796492865375,1625988270000,2343,-0.9760329127311707,0
2,generation,1625988300000,0.3905145379975548,1625988300000,2344,-0.44514989852905273,0
2,generation,1625988330000,0.998382861267948,1625988330000,2345,6.425478458404541,1
2,generation,1625988360000,0.9675157981845492,1625988360000,2346,3.3939778804779053,0
2,generation,1625988390000,0.8881100566205589,1625988390000,2347,2.071579933166504,0
2,generation,1625988420000,0.9983604797409004,1625988420000,2348,6.411710739135742,1
2,generation,1625988450000,0.8505288415641554,1625988450000,2349,1.7387548685073853,0
2,generation,1625988480000,0.20321779515689883,1625988480000,2350,-1.3663030862808228,0
2,generation,1625988510000,0.22674929194898497,1625988510000,2351,-1.226758360862732,0
2,generation,1625988540000,0.2397870530684152,1625988540000,2352,-1.153847336769104,0
2,generation,1625988570000,0.20721875261654482,1625988570000,2353,-1.3417723178863525,0
2,generation,1625988600000,0.9983174235213649,1625988600000,2354,6.385745048522949,1
2,generation,1625988630000,0.8926166739960366,1625988630000,2355,2.1177523136138916,0
2,generation,1625988660000,0.23144600772180698,1625988660000,2356,-1.2001641988754272,0
2,generation,1625988690000,0.17468146427520279,1625988690000,2357,-1.5528053045272827,0
2,generation,1625988720000,0.9982627134762536,1625988720000,2358,6.353692054748535,1
2,generation,1625988750000,0.9507485111071503,1625988750000,2359,2.9603099822998047,0
2,generation,1625988780000,0.9942427266983743,1625988780000,2360,5.151517391204834,1
2,generation,1625988810000,0.8546086539506514,1625988810000,2361,1.7712146043777466,0
2,generation,1625988840000,0.21035190610448506,1625988840000,2362,-1.3228055238723755,0
2,generation,1625988870000,0.6904764570143588,1625988870000,2363,0.802347719669342,0
2,generation,1625988900000,0.4289126725819402,1625988900000,2364,-0.2862887978553772,0
2,generation,1625988930000,0.9975950577294015,1625988930000,2365,6.0278215408325195,1
2,generation,1625988960000,0.8678300816796074,1625988960000,2366,1.88190758228302,0
2,generation,1625988990000,0.28025256096590023,1625988990000,2367,-0.943209171295166,0
2,generation,1625989020000,0.24624468407533695,1625989020000,2368,-1.1187421083450317,0
2,generation,1625989050000,0.2126942673687281,1625989050000,2369,-1.3087608814239502,0
2,generation,1625989080000,0.27516190351794084,1625989080000,2370,-0.968588650226593,0
2,generation,1625989110000,0.9982407273791886,1625989110000,2371,6.341094017028809,1
2,generation,1625989140000,0.8802681576583166,1625989140000,2372,1.9949719905853271,0
2,generation,1625989170000,0.26423564576409075,1625989170000,2373,-1.0240685939788818,0
2,generation,1625989200000,0.4417954357215284,1625989200000,2374,-0.23387853801250458,0
2,generation,1625989230000,0.2922829581414474,1625989230000,2375,-0.8843219876289368,0
2,generation,1625989260000,0.2603404712007383,1625989260000,2376,-1.0441997051239014,0
2,generation,1625989290000,0.5120706886432949,1625989290000,2377,0.0482921376824379,0
2,generation,1625989320000,0.31237554791519473,1625989320000,2378,-0.7890366911888123,0
2,generation,1625989350000,0.4453806587283407,1625989350000,2379,-0.21935267746448517,0
2,generation,1625989380000,0.3424088808229874,1625989380000,2380,-0.6525777578353882,0
2,generation,1625989410000,0.35052247934327957,1625989410000,2381,-0.6167433857917786,0
2,generation,1625989440000,0.30808878658992006,1625989440000,2382,-0.8090696334838867,0
2,generation,1625989470000,0.2939672814997,1625989470000,2383,-0.876193106174469,0
2,generation,1625989500000,0.24788070916298124,1625989500000,2384,-1.1099473237991333,0
2,generation,1625989530000,0.2048858249303707,1625989530000,2385,-1.3560328483581543,0
2,generation,1625989560000,0.25288691890061016,1625989560000,2386,-1.0832741260528564,0
2,generation,1625989590000,0.4067620246276467,1625989590000,2387,-0.3773673176765442,0
2,generation,1625989620000,0.30579020681483676,1625989620000,2388,-0.8198749423027039,0
2,generation,1625989650000,0.22869327246263785,1625989650000,2389,-1.2157044410705566,0
2,generation,1625989680000,0.2900889912761105,1625989680000,2390,-0.8949518799781799,0
2,generation,1625989710000,0.2654625295489726,1625989710000,2391,-1.017767310142517,0
2,generation,1625989740000,0.35815332624016244,1625989740000,2392,-0.5833882689476013,0
2,generation,1625989770000,0.3821671690218154,1625989770000,2393,-0.4803597927093506,0
2,generation,1625989800000,0.34803215043082025,1625989800000,2394,-0.6277003884315491,0
2,generation,1625989830000,0.2492083529453467,1625989830000,2395,-1.1028388738632202,0
2,generation,1625989860000,0.24834563453183417,1625989860000,2396,-1.1074551343917847,0
2,generation,1625989890000,0.6200327429162333,1625989890000,2397,0.4896872043609619,0
2,generation,1625989920000,0.33347103385470994,1625989920000,2398,-0.6925275921821594,0
2,generation,1625989950000,0.22032620749767076,1625989950000,2399,-1.2637664079666138,0
2,generation,1625989980000,0.25938210757991076,1625989980000,2400,-1.0491825342178345,0
2,generation,1625990010000,0.2532937396005661,1625990010000,2401,-1.0811220407485962,0
2,generation,1625990040000,0.23311625789569038,1625990040000,2402,-1.1907979249954224,0
2,generation,1625990070000,0.9985945247058636,1625990070000,2403,6.565973281860352,1
2,generation,1625990100000,0.8975931897667008,1625990100000,2404,2.1707637310028076,0
2,generation,1625990130000,0.2606531066670391,1625990130000,2405,-1.042576789855957,0
2,generation,1625990160000,0.21479046135401544,1625990160000,2406,-1.2962876558303833,0
2,generation,1625990190000,0.7065041410001541,1625990190000,2407,0.8784655332565308,0
2,generation,1625990220000,0.3168571066015848,1625990220000,2408,-0.7682531476020813,0
2,generation,1625990250000,0.35745453053429715,1625990250000,2409,-0.5864294171333313,0
2,generation,1625990280000,0.998353651799508,1625990280000,2410,6.407547950744629,1
2,generation,1625990310000,0.9095232158298343,1625990310000,2411,2.3078272342681885,0
2,generation,1625990340000,0.29538278220405056,1625990340000,2412,-0.8693826198577881,0
2,generation,1625990370000,0.3264475384619982,1625990370000,2413,-0.7242966294288635,0
2,generation,1625990400000,0.251132631825798,1625990400000,2414,-1.0925806760787964,0
2,generation,1625990430000,0.17774160493684138,1625990430000,2415,-1.5317238569259644,0
2,generation,1625990460000,0.26615713099205845,1625990460000,2416,-1.0142080783843994,0
2,generation,1625990490000,0.2555056028557189,1625990490000,2417,-1.0694609880447388,0
2,generation,1625990520000,0.3009512635893322,1625990520000,2418,-0.8427721261978149,0
2,generation,1625990550000,0.23202357783486005,1625990550000,2419,-1.1969200372695923,0
2,generation,1625990580000,0.24149703234004774,1625990580000,2420,-1.1444895267486572,0
2,generation,1625990610000,0.28170355808651837,1625990610000,2421,-0.9360270500183105,0
2,generation,1625990640000,0.2344551907107162,1625990640000,2422,-1.1833232641220093,0
2,generation,1625990670000,0.9985125563097539,1625990670000,2423,6.509207725524902,1
2,generation,1625990700000,0.9024904516830305,1625990700000,2424,2.225207805633545,0
2,generation,1625990730000,0.31344374024275334,1625990730000,2425,-0.7840682864189148,0
2,generation,1625990760000,0.27148213734216303,1625990760000,2426,-0.9871158003807068,0
2,generation,1625990790000,0.28476618670207476,1625990790000,2427,-0.9209410548210144,0
2,generation,1625990820000,0.26787684558134783,1625990820000,2428,-1.0054214000701904,0
2,generation,1625990850000,0.9983298119480548,1625990850000,2429,6.3931474685668945,1
2,generation,1625990880000,0.8922978027308085,1625990880000,2430,2.1144299507141113,0
2,generation,1625990910000,0.23445921325655628,1625990910000,2431,-1.1833008527755737,0
2,generation,1625990940000,0.9983166488101851,1625990940000,2432,6.385283946990967,1
2,generation,1625990970000,0.8788846336487048,1625990970000,2433,1.9819101095199585,0
2,generation,1625991000000,0.25508400729981406,1625991000000,2434,-1.0716785192489624,0
2,generation,1625991030000,0.9984508156015628,1625991030000,2435,6.468476295471191,1
2,generation,1625991060000,0.8805115759347788,1625991060000,2436,1.9972835779190063,0
2,generation,1625991090000,0.2159801639459652,1625991090000,2437,-1.289247751235962,0
2,generation,1625991120000,0.20212360219851597,1625991120000,2438,-1.3730742931365967,0
2,generation,1625991150000,0.2081706170121314,1625991150000,2439,-1.33598792552948,0
2,generation,1625991180000,0.19509923057864234,1625991180000,2440,-1.4172106981277466,0
2,generation,1625991210000,0.23875323082857516,1625991210000,2441,-1.159527063369751,0
2,generation,1625991240000,0.9982292747449955,1625991240000,2442,6.334593772888184,1
2,generation,1625991270000,0.9939863396508631,1625991270000,2443,5.10768985748291,1
2,generation,1625991300000,0.8674524437181671,1625991300000,2444,1.8786191940307617,0
2,generation,1625991330000,0.21258381726444492,1625991330000,2445,-1.3094205856323242,0
2,generation,1625991360000,0.3175166729198903,1625991360000,2446,-0.7652077674865723,0
2,generation,1625991390000,0.29788474109373614,1625991390000,2447,-0.8573909401893616,0
2,generation,1625991420000,0.2427990901560912,1625991420000,2448,-1.1373943090438843,0
2,generation,1625991450000,0.377024316333419,1625991450000,2449,-0.502197802066803,0
2,generation,1625991480000,0.33421496369295456,1625991480000,2450,-0.689182460308075,0
2,generation,1625991510000,0.2421710382544202,1625991510000,2451,-1.1408134698867798,0
2,generation,1625991540000,0.2733195420107497,1625991540000,2452,-0.9778452515602112,0
2,generation,1625991570000,0.23451930038387317,1625991570000,2453,-1.1829661130905151,0
2,generation,1625991600000,0.21601393709506683,1625991600000,2454,-1.2890483140945435,0
2,generation,1625991630000,0.2099963993264825,1625991630000,2455,-1.3249471187591553,0
2,generation,1625991660000,0.19287478652142984,1625991660000,2456,-1.431437611579895,0
2,generation,1625991690000,0.23399325919699548,1625991690000,2457,-1.1858986616134644,0
2,generation,1625991720000,0.9975334440826011,1625991720000,2458,6.002462863922119,1
2,generation,1625991750000,0.964539413490295,1625991750000,2459,3.3032288551330566,0
2,generation,1625991780000,0.7199250071851644,1625991780000,2460,0.9440896511077881,0
2,generation,1625991810000,0.29331228158498746,1625991810000,2461,-0.879351019859314,0
2,generation,1625991840000,0.24198624078906025,1625991840000,2462,-1.1418206691741943,0
2,generation,1625991870000,0.2324514064807688,1625991870000,2463,-1.1945205926895142,0
2,generation,1625991900000,0.2770043576225786,1625991900000,2464,-0.959369957447052,0
2,generation,1625991930000,0.23891661143822798,1625991930000,2465,-1.1586283445358276,0
2,generation,1625991960000,0.2417702442753206,1625991960000,2466,-1.1429985761642456,0
2,generation,1625991990000,0.23530962017488877,1625991990000,2467,-1.1785688400268555,0
2,generation,1625992020000,0.21648469601702022,1625992020000,2468,-1.2862707376480103,0
2,generation,1625992050000,0.19204063573414143,1625992050000,2469,-1.4368047714233398,0
2,generation,1625992080000,0.3202993346381844,1625992080000,2470,-0.7523965239524841,0
2,generation,1625992110000,0.35073728581474245,1625992110000,2471,-0.6157999634742737,0
2,generation,1625992140000,0.3051870667734847,1625992140000,2472,-0.8227177262306213,0
2,generation,1625992170000,0.2319918017092296,1625992170000,2473,-1.1970983743667603,0
2,generation,1625992200000,0.9983232157361901,1625992200000,2474,6.389199256896973,1
2,generation,1625992230000,0.865165450627995,1625992230000,2475,1.8588722944259644,0
2,generation,1625992260000,0.21144085052230527,1625992260000,2476,-1.316262125968933,0
2,generation,1625992290000,0.23218794455009603,1625992290000,2477,-1.1959978342056274,0
2,generation,1625992320000,0.23187162791930535,1625992320000,2478,-1.1977729797363281,0
2,generation,1625992350000,0.21352718100757279,1625992350000,2479,-1.303794026374817,0
2,generation,1625992380000,0.2345021162580849,1625992380000,2480,-1.1830618381500244,0
2,generation,1625992410000,0.2364547626390517,1625992410000,2481,-1.172215461730957,0
2,generation,1625992440000,0.2517911153196085,1625992440000,2482,-1.0890823602676392,0
2,generation,1625992470000,0.24626725352259912,1625992470000,2483,-1.11862051486969,0
2,generation,1625992500000,0.20938747558774115,1625992500000,2484,-1.328621506690979,0
2,generation,1625992530000,0.5814643725872172,1625992530000,2485,0.3287876844406128,0
2,generation,1625992560000,0.3109295402695781,1625992560000,2486,-0.7957772016525269,0
2,generation,1625992590000,0.22410013568166368,1625992590000,2487,-1.2419304847717285,0
2,generation,1625992620000,0.36372141369343475,1625992620000,2488,-0.5592482686042786,0
2,generation,1625992650000,0.26744167939753694,1625992650000,2489,-1.0076414346694946,0
2,generation,1625992680000,0.3964728815235601,1625992680000,2490,-0.42018333077430725,0
2,generation,1625992710000,0.26596950684731774,1625992710000,2491,-1.0151689052581787,0
2,generation,1625992740000,0.24331800715759963,1625992740000,2492,-1.1345738172531128,0
2,generation,1625992770000,0.23518405128230546,1625992770000,2493,-1.1792668104171753,0
2,generation,1625992800000,0.9985496834352653,1625992800000,2494,6.53452205657959,1
2,generation,1625992830000,0.8866936446845135,1625992830000,2495,2.0574042797088623,0
2,generation,1625992860000,0.26573818890795126,1625992860000,2496,-1.0163540840148926,0
2,generation,1625992890000,0.28584345709488207,1625992890000,2497,-0.9156578779220581,0
2,generation,1625992920000,0.28489262893213485,1625992920000,2498,-0.9203203320503235,0
2,generation,1625992950000,0.24911216612263268,1625992950000,2499,-1.1033530235290527,0
2,generation,1625992980000,0.2175717590904822,1625992980000,2500,-1.2798734903335571,0
2,generation,1625993010000,0.22274395148810955,1625993010000,2501,-1.2497469186782837,0
2,generation,1625993040000,0.20961275414076802,1625993040000,2502,-1.327261209487915,0
2,generation,1625993070000,0.9985334340645702,1625993070000,2503,6.523364067077637,1
2,generation,1625993100000,0.9035135815861925,1625993100000,2504,2.236888885498047,0
2,generation,1625993130000,0.26193877844410024,1625993130000,2505,-1.0359159708023071,0
2,generation,1625993160000,0.21300038925033282,1625993160000,2506,-1.3069337606430054,0
2,generation,1625993190000,0.24674483486241622,1625993190000,2507,-1.1160492897033691,0
2,generation,1625993220000,0.2455535399628705,1625993220000,2508,-1.1224693059921265,0
2,generation,1625993250000,0.21907322240865162,1625993250000,2509,-1.2710753679275513,0
2,generation,1625993280000,0.2906540562826508,1625993280000,2510,-0.8922095894813538,0
2,generation,1625993310000,0.23907139418600537,1625993310000,2511,-1.1577773094177246,0
2,generation,1625993340000,0.9984308566942237,1625993340000,2512,6.455655097961426,1
2,generation,1625993370000,0.9673888481752014,1625993370000,2513,3.389946222305298,0
2,generation,1625993400000,0.8901679033164592,1625993400000,2514,2.0924572944641113,0
2,generation,1625993430000,0.3055846338223072,1625993430000,2515,-0.820843517780304,0
2,generation,1625993460000,0.28688365775243746,1625993460000,2516,-0.9105678200721741,0
2,generation,1625993490000,0.22106196296551126,1625993490000,2517,-1.2594884634017944,0
2,generation,1625993520000,0.262890691538187,1625993520000,2518,-1.0309978723526,0
2,generation,1625993550000,0.4140604485907811,1625993550000,2519,-0.34720465540885925,0
2,generation,1625993580000,0.33480776045093213,1625993580000,2520,-0.6865195631980896,0
2,generation,1625993610000,0.2405104266352048,1625993610000,2521,-1.1498831510543823,0
2,generation,1625993640000,0.9982540635125386,1625993640000,2522,6.348716735839844,1
2,generation,1625993670000,0.8962396006364546,1625993670000,2523,2.156123399734497,0
2,generation,1625993700000,0.3521283637908188,1625993700000,2524,-0.6096968054771423,0
2,generation,1625993730000,0.259004085585298,1625993730000,2525,-1.0511512756347656,0
2,generation,1625993760000,0.9980548867158751,1625993760000,2526,6.240488052368164,1
2,generation,1625993790000,0.8828372903258811,1625993790000,2527,2.0195772647857666,0
2,generation,1625993820000,0.254012933272494,1625993820000,2528,-1.077323079109192,0
2,generation,1625993850000,0.2929590323821525,1625993850000,2529,-0.8810558319091797,0
2,generation,1625993880000,0.24233393380207902,1625993880000,2530,-1.1399260759353638,0
2,generation,1625993910000,0.20654653030647782,1625993910000,2531,-1.3458691835403442,0
2,generation,1625993940000,0.20639281942328375,1625993940000,2532,-1.3468073606491089,0
2,generation,1625993970000,0.9984236378397701,1625993970000,2533,6.4510579109191895,1
2,generation,1625994000000,0.9765818551296327,1625994000000,2534,3.7305474281311035,0
2,generation,1625994030000,0.8935158059872507,1625994030000,2535,2.1271674633026123,0
2,generation,1625994060000,0.32828781952173036,1625994060000,2536,-0.7159392237663269,0
2,generation,1625994090000,0.25400687946497486,1625994090000,2537,-1.0773550271987915,0
2,generation,1625994120000,0.4377726069904408,1625994120000,2538,-0.25020676851272583,0
2,generation,1625994150000,0.3635634848839815,1625994150000,2539,-0.5599307417869568,0
2,generation,1625994180000,0.3124881861294457,1625994180000,2540,-0.7885123491287231,0
2,generation,1625994210000,0.2430404925802743,1625994210000,2541,-1.1360816955566406,0
2,generation,1625994240000,0.258463713311141,1625994240000,2542,-1.0539687871932983,0
2,generation,1625994270000,0.2783088559549522,1625994270000,2543,-0.9528657793998718,0
2,generation,1625994300000,0.20908248563251175,1625994300000,2544,-1.3304648399353027,0
2,generation,1625994330000,0.40526905848098954,1625994330000,2545,-0.38355791568756104,0
2,generation,1625994360000,0.37416068927994856,1625994360000,2546,-0.5144082903862,0
2,generation,1625994390000,0.9980241252825331,1625994390000,2547,6.224766254425049,1
2,generation,1625994420000,0.8855743972652432,1625994420000,2548,2.046311616897583,0
2,generation,1625994450000,0.24947634825795834,1625994450000,2549,-1.1014070510864258,0
2,generation,1625994480000,0.3458314546574205,1625994480000,2550,-0.637413501739502,0
2,generation,1625994510000,0.3224137933218971,1625994510000,2551,-0.74270099401474,0
2,generation,1625994540000,0.2824036846279975,1625994540000,2552,-0.9325696229934692,0
2,generation,1625994570000,0.30773774393409775,1625994570000,2553,-0.8107169270515442,0
2,generation,1625994600000,0.23334568981943926,1625994600000,2554,-1.1895149946212769,0
2,generation,1625994630000,0.21013358273655708,1625994630000,2555,-1.3241204023361206,0
2,generation,1625994660000,0.20324412491011953,1625994660000,2556,-1.3661404848098755,0
2,generation,1625994690000,0.9983401745654353,1625994690000,2557,6.399381637573242,1
2,generation,1625994720000,0.9163184988626951,1625994720000,2558,2.393346071243286,0
2,generation,1625994750000,0.9982639749652767,1625994750000,2559,6.354419708251953,1
2,generation,1625994780000,0.8942109358738674,1625994780000,2560,2.1344945430755615,0
2,generation,1625994810000,0.26221519827373635,1625994810000,2561,-1.0344866514205933,0
2,generation,1625994840000,0.24088311343365057,1625994840000,2562,-1.1478439569473267,0
2,generation,1625994870000,0.30177686222504324,1625994870000,2563,-0.8388508558273315,0
2,generation,1625994900000,0.998408917963705,1625994900000,2564,6.44174861907959,1
2,generation,1625994930000,0.8837798554980338,1625994930000,2565,2.028721809387207,0
2,generation,1625994960000,0.22554485848163394,1625994960000,2566,-1.2336406707763672,0
2,generation,1625994990000,0.20388123231500974,1625994990000,2567,-1.362210750579834,0
2,generation,1625995020000,0.4698483271626439,1625995020000,2568,-0.1207532063126564,0
2,generation,1625995050000,0.29668217546963954,1625995050000,2569,-0.8631474375724792,0
2,generation,1625995080000,0.24804621046676192,1625995080000,2570,-1.1090598106384277,0
2,generation,1625995110000,0.2334662673767593,1625995110000,2571,-1.1888411045074463,0
2,generation,1625995140000,0.998353297507563,1625995140000,2572,6.407332420349121,1
2,generation,1625995170000,0.8623059580197129,1625995170000,2573,1.8345760107040405,0
2,generation,1625995200000,0.1997306462685636,1625995200000,2574,-1.3879786729812622,0
2,generation,1625995230000,0.9983185140827555,1625995230000,2575,6.386394500732422,1
2,generation,1625995260000,0.905960391919494,1625995260000,2576,2.265279531478882,0
2,generation,1625995290000,0.25973589317606766,1625995290000,2577,-1.0473417043685913,0
2,generation,1625995320000,0.24698329359206914,1625995320000,2578,-1.1147667169570923,0
2,generation,1625995350000,0.23829591788488239,1625995350000,2579,-1.162044882774353,0
2,generation,1625995380000,0.22884737851653716,1625995380000,2580,-1.214830994606018,0
2,generation,1625995410000,0.2109761219122415,1625995410000,2581,-1.3190516233444214,0
2,generation,1625995440000,0.23280199824142164,1625995440000,2582,-1.192556619644165,0
2,generation,1625995470000,0.239723388289204,1625995470000,2583,-1.1541966199874878,0
2,generation,1625995500000,0.30311489633884997,1625995500000,2584,-0.8325086236000061,0
2,generation,1625995530000,0.24403504381671695,1625995530000,2585,-1.130683183670044,0
2,generation,1625995560000,0.9982964157212093,1625995560000,2586,6.373315811157227,1
2,generation,1625995590000,0.9852908178950166,1625995590000,2587,4.204464912414551,1
2,generation,1625995620000,0.8977458388894543,1625995620000,2588,2.1724255084991455,0
2,generation,1625995650000,0.9982000492255391,1625995650000,2589,6.318194389343262,1
2,generation,1625995680000,0.8693680794164295,1625995680000,2590,1.8953830003738403,0
2,generation,1625995710000,0.9982093891053705,1625995710000,2591,6.323406219482422,1
2,generation,1625995740000,0.885507869263893,1625995740000,2592,2.0456552505493164,0
2,generation,1625995770000,0.9979579932985198,1625995770000,2593,6.191778182983398,1
2,generation,1625995800000,0.8523347689253983,1625995800000,2594,1.753031611442566,0
2,generation,1625995830000,0.21796902247643252,1625995830000,2595,-1.2775413990020752,0
2,generation,1625995860000,0.20903050646038007,1625995860000,2596,-1.3307791948318481,0
2,generation,1625995890000,0.19664358152122396,1625995890000,2597,-1.4074056148529053,0
2,generation,1625995920000,0.21499262894538415,1625995920000,2598,-1.2950893640518188,0
2,generation,1625995950000,0.9983730598378067,1625995950000,2599,6.419425964355469,1
2,generation,1625995980000,0.8927314103158939,1625995980000,2600,2.1189498901367188,0
2,generation,1625996010000,0.2576122053956797,1625996010000,2601,-1.0584163665771484,0
2,generation,1625996040000,0.23225814809794743,1625996040000,2602,-1.1956040859222412,0
2,generation,1625996070000,0.22196997533134757,1625996070000,2603,-1.2542229890823364,0
2,generation,1625996100000,0.9984313690881855,1625996100000,2604,6.455982208251953,1
2,generation,1625996130000,0.8703741560718764,1625996130000,2605,1.9042710065841675,0
2,generation,1625996160000,0.22230950218817092,1625996160000,2606,-1.252258062362671,0
2,generation,1625996190000,0.23749015615576272,1625996190000,2607,-1.1664892435073853,0
2,generation,1625996220000,0.2314036432418205,1625996220000,2608,-1.2004023790359497,0
2,generation,1625996250000,0.18851463792428136,1625996250000,2609,-1.4596906900405884,0
2,generation,1625996280000,0.3047611462952026,1625996280000,2610,-0.8247271180152893,0
2,generation,1625996310000,0.25783300276965326,1625996310000,2611,-1.0572621822357178,0
2,generation,1625996340000,0.2416194459773393,1625996340000,2612,-1.143821358680725,0
2,generation,1625996370000,0.22865307009423932,1625996370000,2613,-1.2159323692321777,0
2,generation,1625996400000,0.9982062746541333,1625996400000,2614,6.321665287017822,1
2,generation,1625996430000,0.8768547381072918,1625996430000,2615,1.9629766941070557,0
2,generation,1625996460000,0.23664199505861727,1625996460000,2616,-1.1711786985397339,0
2,generation,1625996490000,0.27611439268080873,1625996490000,2617,-0.9638181328773499,0
2,generation,1625996520000,0.9982803601133126,1625996520000,2618,6.363919258117676,1
2,generation,1625996550000,0.868481771724913,1625996550000,2619,1.8876011371612549,0
2,generation,1625996580000,0.9982675016122469,1625996580000,2620,6.356456756591797,1
2,generation,1625996610000,0.894620692021075,1625996610000,2621,2.138833522796631,0
2,generation,1625996640000,0.24633822359286603,1625996640000,2622,-1.1182382106781006,0
2,generation,1625996670000,0.2045092157121953,1625996670000,2623,-1.3583462238311768,0
2,generation,1625996700000,0.4843756610916128,1625996700000,2624,-0.06251771003007889,0
2,generation,1625996730000,0.32735203998222445,1625996730000,2625,-0.7201859354972839,0
2,generation,1625996760000,0.24678498455633097,1625996760000,2626,-1.1158332824707031,0
2,generation,1625996790000,0.2375770781434688,1625996790000,2627,-1.1660093069076538,0
2,generation,1625996820000,0.19706762910872463,1625996820000,2628,-1.4047235250473022,0
2,generation,1625996850000,0.5441293944585835,1625996850000,2629,0.17697806656360626,0
2,generation,1625996880000,0.3148104759612045,1625996880000,2630,-0.7777246832847595,0
2,generation,1625996910000,0.19395674242069438,1625996910000,2631,-1.4245022535324097,0
2,generation,1625996940000,0.2137882676369768,1625996940000,2632,-1.302240014076233,0
2,generation,1625996970000,0.30869194625003515,1625996970000,2633,-0.8062416911125183,0
2,generation,1625997000000,0.2969669547412442,1625997000000,2634,-0.8617830276489258,0
2,generation,1625997030000,0.24307672467171434,1625997030000,2635,-1.1358847618103027,0
2,generation,1625997060000,0.998334405947775,1625997060000,2636,6.395906448364258,1
2,generation,1625997090000,0.9035699761724336,1625997090000,2637,2.2375359535217285,0
2,generation,1625997120000,0.2580853764115325,1625997120000,2638,-1.0559437274932861,0
2,generation,1625997150000,0.23648659591188093,1625997150000,2639,-1.1720391511917114,0
2,generation,1625997180000,0.23632993330795485,1625997180000,2640,-1.1729069948196411,0
2,generation,1625997210000,0.9984508281401051,1625997210000,2641,6.468484401702881,1
2,generation,1625997240000,0.9002405439859644,1625997240000,2642,2.1999001502990723,0
2,generation,1625997270000,0.9980404537401861,1625997270000,2643,6.233080863952637,1
2,generation,1625997300000,0.8951031008073947,1625997300000,2644,2.143960952758789,0
2,generation,1625997330000,0.2734862588722738,1625997330000,2645,-0.9770060181617737,0
2,generation,1625997360000,0.25318805491328816,1625997360000,2646,-1.0816808938980103,0
2,generation,1625997390000,0.2673210209765273,1625997390000,2647,-1.0082573890686035,0
2,generation,1625997420000,0.3586544904805637,1625997420000,2648,-0.5812088251113892,0
2,generation,1625997450000,0.25602473680733207,1625997450000,2649,-1.066733717918396,0
2,generation,1625997480000,0.7179344163378539,1625997480000,2650,0.934238612651825,0
2,generation,1625997510000,0.9982219309830395,1625997510000,2651,6.330447673797607,1
2,generation,1625997540000,0.8741576575104844,1625997540000,2652,1.9382308721542358,0
2,generation,1625997570000,0.20085963032534643,1625997570000,2653,-1.3809303045272827,0
2,generation,1625997600000,0.9983122750803377,1625997600000,2654,6.382684707641602,1
2,generation,1625997630000,0.8754835452319476,1625997630000,2655,1.9503384828567505,0
2,generation,1625997660000,0.30021905794496706,1625997660000,2656,-0.8462549448013306,0
2,generation,1625997690000,0.2753338375523749,1625997690000,2657,-0.9677267670631409,0
2,generation,1625997720000,0.2435404107406655,1625997720000,2658,-1.1333662271499634,0
2,generation,1625997750000,0.9982989286202235,1625997750000,2659,6.3747944831848145,1
2,generation,1625997780000,0.8713138410005223,1625997780000,2660,1.9126256704330444,0
2,generation,1625997810000,0.22367990686280342,1625997810000,2661,-1.2443488836288452,0
2,generation,1625997840000,0.22639616843909732,1625997840000,2662,-1.2287734746932983,0
2,generation,1625997870000,0.3357611271428862,1625997870000,2663,-0.6822418570518494,0
2,generation,1625997900000,0.9984377368778327,1625997900000,2664,6.460056304931641,1
2,generation,1625997930000,0.9182724804142726,1625997930000,2665,2.4191033840179443,0
2,generation,1625997960000,0.34949873553289207,1625997960000,2666,-0.6212432980537415,0
2,generation,1625997990000,0.32973238067748956,1625997990000,2667,-0.709395706653595,0
2,generation,1625998020000,0.36497588387187224,1625998020000,2668,-0.5538316965103149,0
2,generation,1625998050000,0.24801855136949966,1625998050000,2669,-1.109208106994629,0
2,generation,1625998080000,0.2990153296755178,1625998080000,2670,-0.8519911766052246,0
2,generation,1625998110000,0.37132499471831,1625998110000,2671,-0.526536762714386,0
2,generation,1625998140000,0.3546594390962765,1625998140000,2672,-0.5986201763153076,0
2,generation,1625998170000,0.25106869796563946,1625998170000,2673,-1.0929206609725952,0
2,generation,1625998200000,0.23403355999988792,1625998200000,2674,-1.1856738328933716,0
2,generation,1625998230000,0.2814349816254985,1625998230000,2675,-0.9373547434806824,0
2,generation,1625998260000,0.3165958097589831,1625998260000,2676,-0.7694605588912964,0
2,generation,1625998290000,0.9984054752917282,1625998290000,2677,6.439583778381348,1
2,generation,1625998320000,0.8914111932692891,1625998320000,2678,2.1052374839782715,0
2,generation,1625998350000,0.24562664651765162,1625998350000,2679,-1.1220747232437134,0
2,generation,1625998380000,0.317677696631843,1625998380000,2680,-0.764464795589447,0
2,generation,1625998410000,0.41353105337159857,1625998410000,2681,-0.34938710927963257,0
2,generation,1625998440000,0.5089270056382613,1625998440000,2682,0.03571181744337082,0
2,generation,1625998470000,0.327344375316441,1625998470000,2683,-0.7202207446098328,0
2,generation,1625998500000,0.24463718000037427,1625998500000,2684,-1.1274219751358032,0
2,generation,1625998530000,0.28945371484143445,1625998530000,2685,-0.8980386853218079,0
2,generation,1625998560000,0.28539320443090327,1625998560000,2686,-0.9178645610809326,0
2,generation,1625998590000,0.25498163516862543,1625998590000,2687,-1.072217345237732,0
2,generation,1625998620000,0.9983936502450564,1625998620000,2688,6.432183265686035,1
2,generation,1625998650000,0.9014571899656286,1625998650000,2689,2.2135214805603027,0
2,generation,1625998680000,0.998254179859008,1625998680000,2690,6.348783493041992,1
2,generation,1625998710000,0.9924963467956215,1625998710000,2691,4.884833335876465,1
2,generation,1625998740000,0.9713687359851504,1625998740000,2692,3.5242068767547607,0
2,generation,1625998770000,0.8697687357129885,1625998770000,2693,1.8989155292510986,0
2,generation,1625998800000,0.5180575341559385,1625998800000,2694,0.07226156443357468,0
2,generation,1625998830000,0.32745554823914763,1625998830000,2695,-0.7197158932685852,0
2,generation,1625998860000,0.3397659229295786,1625998860000,2696,-0.6643375158309937,0
2,generation,1625998890000,0.28124866729873077,1625998890000,2697,-0.9382762312889099,0
2,generation,1625998920000,0.21491703122041916,1625998920000,2698,-1.2955373525619507,0
2,generation,1625998950000,0.2009862565846885,1625998950000,2699,-1.3801416158676147,0
2,generation,1625998980000,0.19771746418305036,1625998980000,2700,-1.400621771812439,0
2,generation,1625999010000,0.1924946927368358,1625999010000,2701,-1.4338810443878174,0
2,generation,1625999040000,0.24220775108381262,1625999040000,2702,-1.1406134366989136,0
2,generation,1625999070000,0.9983925119141402,1625999070000,2703,6.431473731994629,1
2,generation,1625999100000,0.9871164373307826,1625999100000,2704,4.338835716247559,1
2,generation,1625999130000,0.8747381155063748,1625999130000,2705,1.9435179233551025,0
2,generation,1625999160000,0.2428817681991619,1625999160000,2706,-1.1369446516036987,0
2,generation,1625999190000,0.24599036521996923,1625999190000,2707,-1.1201127767562866,0
2,generation,1625999220000,0.26268219545406957,1625999220000,2708,-1.0320740938186646,0
2,generation,1625999250000,0.3937235926521679,1625999250000,2709,-0.4316868782043457,0
2,generation,1625999280000,0.4857496833371058,1625999280000,2710,-0.057016707956790924,0
2,generation,1625999310000,0.29706252196921934,1625999310000,2711,-0.8613253235816956,0
2,generation,1625999340000,0.24788226490833012,1625999340000,2712,-1.1099389791488647,0
2,generation,1625999370000,0.34256569419184757,1625999370000,2713,-0.6518813967704773,0
2,generation,1625999400000,0.25697743527938893,1625999400000,2714,-1.061738133430481,0
2,generation,1625999430000,0.9982427928975142,1625999430000,2715,6.342270851135254,1
2,generation,1625999460000,0.8753428164197298,1625999460000,2716,1.9490481615066528,0
2,generation,1625999490000,0.2053460177063709,1625999490000,2717,-1.3532103300094604,0
2,generation,1625999520000,0.5364383397227029,1625999520000,2718,0.14601221680641174,0
2,generation,1625999550000,0.3079980355678782,1625999550000,2719,-0.8094953894615173,0
2,generation,1625999580000,0.28782497976859667,1625999580000,2720,-0.905971109867096,0
2,generation,1625999610000,0.24076635859675397,1625999610000,2721,-1.1484825611114502,0
2,generation,1625999640000,0.20592313033651774,1625999640000,2722,-1.349677324295044,0
2,generation,1625999670000,0.1830667843873555,1625999670000,2723,-1.49570631980896,0
2,generation,1625999700000,0.1785785999947796,1625999700000,2724,-1.5260074138641357,0
2,generation,1625999730000,0.7774837742117786,1625999730000,2725,1.2510627508163452,0
2,generation,1625999760000,0.30611546097754583,1625999760000,2726,-0.8183432221412659,0
2,generation,1625999790000,0.22351407866008627,1625999790000,2727,-1.2453041076660156,0
2,generation,1625999820000,0.5006612325889002,1625999820000,2728,0.002644931897521019,0
2,generation,1625999850000,0.3001802030087846,1625999850000,2729,-0.8464398980140686,0
2,generation,1625999880000,0.5109825069024811,1625999880000,2730,0.04393709450960159,0
2,generation,1625999910000,0.9983168611501116,1625999910000,2731,6.385410308837891,1
2,generation,1625999940000,0.8886181817294819,1625999940000,2732,2.0767035484313965,0
2,generation,1625999970000,0.31608314965554696,1625999970000,2733,-0.7718310356140137,0
2,generation,1626000000000,0.2685977721712613,1626000000000,2734,-1.0017485618591309,0
2,generation,1626000030000,0.2146461806979486,1626000030000,2735,-1.2971433401107788,0
2,generation,1626000060000,0.3153901780124231,1626000060000,2736,-0.7750385403633118,0
2,generation,1626000090000,0.3210154827538812,1626000090000,2737,-0.7491089701652527,0
2,generation,1626000120000,0.2731539299558764,1626000120000,2738,-0.9786792397499084,0
2,generation,1626000150000,0.274853588061148,1626000150000,2739,-0.9701350331306458,0
2,generation,1626000180000,0.9984205962074302,1626000180000,2740,6.449127197265625,1
2,generation,1626000210000,0.8985641217925785,1626000210000,2741,2.1813712120056152,0
2,generation,1626000240000,0.9981109433054733,1626000240000,2742,6.269786834716797,1
2,generation,1626000270000,0.8727487439235283,1626000270000,2743,1.9254841804504395,0
2,generation,1626000300000,0.23698402197801677,1626000300000,2744,-1.1692862510681152,0
2,generation,1626000330000,0.2372309452935226,1626000330000,2745,-1.1679211854934692,0
2,generation,1626000360000,0.3386665315818465,1626000360000,2746,-0.669242262840271,0
2,generation,1626000390000,0.25418410563970856,1626000390000,2747,-1.0764199495315552,0
2,generation,1626000420000,0.21036994550830856,1626000420000,2748,-1.3226969242095947,0
2,generation,1626000450000,0.22283557965268855,1626000450000,2749,-1.2492177486419678,0
2,generation,1626000480000,0.9983416404423343,1626000480000,2750,6.400266647338867,1
2,generation,1626000510000,0.904323330533255,1626000510000,2751,2.2462124824523926,0
2,generation,1626000540000,0.316712596715182,1626000540000,2752,-0.7689208388328552,0
2,generation,1626000570000,0.31891461733153253,1626000570000,2753,-0.7587642669677734,0
2,generation,1626000600000,0.23883997185285366,1626000600000,2754,-1.1590498685836792,0
2,generation,1626000630000,0.18192541821279096,1626000630000,2755,-1.503356695175171,0
2,generation,1626000660000,0.8169627193510761,1626000660000,2756,1.4959036111831665,0
2,generation,1626000690000,0.9978483823929292,1626000690000,2757,6.139381408691406,1
2,generation,1626000720000,0.8942482567036399,1626000720000,2758,2.1348891258239746,0
2,generation,1626000750000,0.9983837548344645,1626000750000,2759,6.426032066345215,1
2,generation,1626000780000,0.8847854298680056,1626000780000,2760,2.0385489463806152,0
2,generation,1626000810000,0.2437806866648392,1626000810000,2761,-1.1320624351501465,0
2,generation,1626000840000,0.9983519517591319,1626000840000,2762,6.4065141677856445,1
2,generation,1626000870000,0.8865530337951206,1626000870000,2763,2.0560054779052734,0
2,generation,1626000900000,0.3008189497466841,1626000900000,2764,-0.8434011340141296,0
2,generation,1626000930000,0.2726708744604286,1626000930000,2765,-0.981113612651825,0
2,generation,1626000960000,0.2245203652552817,1626000960000,2766,-1.2395153045654297,0
2,generation,1626000990000,0.9983156284043981,1626000990000,2767,6.384676933288574,1
2,generation,1626001020000,0.8831652276944958,1626001020000,2768,2.022751569747925,0
2,generation,1626001050000,0.2566494833513014,1626001050000,2769,-1.063456416130066,0
2,generation,1626001080000,0.9984662624493492,1626001080000,2770,6.478512763977051,1
2,generation,1626001110000,0.8609847464200031,1626001110000,2771,1.8234931230545044,0
2,generation,1626001140000,0.21421340019542476,1626001140000,2772,-1.2997125387191772,0
2,generation,1626001170000,0.9984386789650274,1626001170000,2773,6.460660457611084,1
2,generation,1626001200000,0.8909206175985834,1626001200000,2774,2.100179433822632,0
2,generation,1626001230000,0.25300385274730786,1626001230000,2775,-1.0826553106307983,0
2,generation,1626001260000,0.29707171996036597,1626001260000,2776,-0.8612812757492065,0
2,generation,1626001290000,0.25264856666689445,1626001290000,2777,-1.084536075592041,0
2,generation,1626001320000,0.23315268107642162,1626001320000,2778,-1.19059419631958,0
2,generation,1626001350000,0.22549967619594757,1626001350000,2779,-1.2338993549346924,0
2,generation,1626001380000,0.27777123579972146,1626001380000,2780,-0.9555440545082092,0
2,generation,1626001410000,0.2801579864305408,1626001410000,2781,-0.943678081035614,0
2,generation,1626001440000,0.9984072248548351,1626001440000,2782,6.440683364868164,1
2,generation,1626001470000,0.8682787980364107,1626001470000,2783,1.885825276374817,0
2,generation,1626001500000,0.9982481287407293,1626001500000,2784,6.345317363739014,1
2,generation,1626001530000,0.8985037369903173,1626001530000,2785,2.180708885192871,0
2,generation,1626001560000,0.27619479216618364,1626001560000,2786,-0.9634159207344055,0
2,generation,1626001590000,0.9983943307169073,1626001590000,2787,6.432607650756836,1
2,generation,1626001620000,0.8965231418414467,1626001620000,2788,2.1591761112213135,0
2,generation,1626001650000,0.3035524111688959,1626001650000,2789,-0.8304382562637329,0
2,generation,1626001680000,0.3408403275874407,1626001680000,2790,-0.6595516800880432,0
2,generation,1626001710000,0.5090218358696974,1626001710000,2791,0.036091260612010956,0
2,generation,1626001740000,0.3109031954728688,1626001740000,2792,-0.7959001660346985,0
2,generation,1626001770000,0.23247924883380217,1626001770000,2793,-1.1943645477294922,0
2,generation,1626001800000,0.25856530709482445,1626001800000,2794,-1.0534387826919556,0
2,generation,1626001830000,0.4578533459209303,1626001830000,2795,-0.16898761689662933,0
2,generation,1626001860000,0.36515502108308945,1626001860000,2796,-0.5530588626861572,0
2,generation,1626001890000,0.3268907231727927,1626001890000,2797,-0.7222817540168762,0
2,generation,1626001920000,0.30094663649668835,1626001920000,2798,-0.8427941203117371,0
2,generation,1626001950000,0.9981905298099178,1626001950000,2799,6.312910079956055,1
2,generation,1626001980000,0.9159679405149361,1626001980000,2800,2.3887829780578613,0
2,generation,1626002010000,0.24603297528009305,1626002010000,2801,-1.1198830604553223,0
2,generation,1626002040000,0.9983703529565333,1626002040000,2802,6.417760848999023,1
2,generation,1626002070000,0.9921892383584072,1626002070000,2803,4.844411373138428,1
2,generation,1626002100000,0.9726773764066088,1626002100000,2804,3.5723373889923096,0
2,generation,1626002130000,0.8731514773281116,1626002130000,2805,1.9291154146194458,0
2,generation,1626002160000,0.25021204010874,1626002160000,2806,-1.0974817276000977,0
2,generation,1626002190000,0.3652327748830636,1626002190000,2807,-0.5527234673500061,0
2,generation,1626002220000,0.37635922391299476,1626002220000,2808,-0.5050304532051086,0
2,generation,1626002250000,0.24965470925027236,1626002250000,2809,-1.1004546880722046,0
2,generation,1626002280000,0.27422312827369133,1626002280000,2810,-0.9733005166053772,0
2,generation,1626002310000,0.9984899718694715,1626002310000,2811,6.494115829467773,1
2,generation,1626002340000,0.872582830762524,1626002340000,2812,1.923991084098816,0
2,generation,1626002370000,0.24979633784585362,1626002370000,2813,-1.099698781967163,0
2,generation,1626002400000,0.32097652189480436,1626002400000,2814,-0.7492877244949341,0
2,generation,1626002430000,0.9983280570872007,1626002430000,2815,6.392095565795898,1
2,generation,1626002460000,0.9883146640656837,1626002460000,2816,4.437666416168213,1
2,generation,1626002490000,0.865931164302019,1626002490000,2817,1.8654520511627197,0
2,generation,1626002520000,0.7006969545179538,1626002520000,2818,0.8506188988685608,0
2,generation,1626002550000,0.30421354575173565,1626002550000,2819,-0.8273128867149353,0
2,generation,1626002580000,0.9984526628371929,1626002580000,2820,6.469671249389648,1
2,generation,1626002610000,0.9137526135914088,1626002610000,2821,2.360340118408203,0
2,generation,1626002640000,0.3735675264273162,1626002640000,2822,-0.5169422030448914,0
2,generation,1626002670000,0.2721800170983002,1626002670000,2823,-0.9835900664329529,0
2,generation,1626002700000,0.6839955467139608,1626002700000,2824,0.7721951007843018,0
2,generation,1626002730000,0.3827893716386115,1626002730000,2825,-0.47772544622421265,0
2,generation,1626002760000,0.3337098093087877,1626002760000,2826,-0.6914535164833069,0
2,generation,1626002790000,0.442938894283399,1626002790000,2827,-0.22924311459064484,0
2,generation,1626002820000,0.4033470287480853,1626002820000,2828,-0.3915383517742157,0
2,generation,1626002850000,0.28158947695420494,1626002850000,2829,-0.9365909099578857,0
2,generation,1626002880000,0.997995276248113,1626002880000,2830,6.21024227142334,1
2,generation,1626002910000,0.9387257480221385,1626002910000,2831,2.729163646697998,0
2,generation,1626002940000,0.998388011158162,1626002940000,2832,6.428673267364502,1
2,generation,1626002970000,0.91502108942343,1626002970000,2833,2.3765439987182617,0
2,generation,1626003000000,0.2722054513355373,1626003000000,2834,-0.9834616780281067,0
2,generation,1626003030000,0.9984164778044263,1626003030000,2835,6.446518898010254,1
2,generation,1626003060000,0.8890367523178839,1626003060000,2836,2.080939531326294,0
2,generation,1626003090000,0.998311948863708,1626003090000,2837,6.382491111755371,1
2,generation,1626003120000,0.847492901452253,1626003120000,2838,1.7150713205337524,0
2,generation,1626003150000,0.33430812909570934,1626003150000,2839,-0.6887637972831726,0
2,generation,1626003180000,0.24055199829818116,1626003180000,2840,-1.1496555805206299,0
2,generation,1626003210000,0.2159089157597359,1626003210000,2841,-1.2896685600280762,0
2,generation,1626003240000,0.9985476241024387,1626003240000,2842,6.5331010818481445,1
2,generation,1626003270000,0.8708475956656474,1626003270000,2843,1.9084738492965698,0
2,generation,1626003300000,0.9982908362151626,1626003300000,2844,6.370040416717529,1
2,generation,1626003330000,0.8504127775999736,1626003330000,2845,1.7378422021865845,0
2,generation,1626003360000,0.22555962219509648,1626003360000,2846,-1.2335561513900757,0
2,generation,1626003390000,0.9983306815368435,1626003390000,2847,6.393669128417969,1
2,generation,1626003420000,0.8822861065121975,1626003420000,2848,2.0142593383789062,0
2,generation,1626003450000,0.2760306486869102,1626003450000,2849,-0.9642371535301208,0
2,generation,1626003480000,0.24742158399921993,1626003480000,2850,-1.1124114990234375,0
2,generation,1626003510000,0.9984829234428008,1626003510000,2851,6.489451885223389,1
2,generation,1626003540000,0.9539468916252944,1626003540000,2852,3.0308127403259277,0
2,generation,1626003570000,0.9868102868276389,1626003570000,2853,4.315040588378906,1
2,generation,1626003600000,0.9062060255016718,1626003600000,2854,2.2681660652160645,0
2,generation,1626003630000,0.26548289256137986,1626003630000,2855,-1.0176628828048706,0
2,generation,1626003660000,0.690426366491831,1626003660000,2856,0.8021133542060852,0
2,generation,1626003690000,0.3597279759707496,1626003690000,2857,-0.576545000076294,0
2,generation,1626003720000,0.24426746378167538,1626003720000,2858,-1.12942373752594,0
2,generation,1626003750000,0.23883039309096307,1626003750000,2859,-1.1591025590896606,0
2,generation,1626003780000,0.9984477258226612,1626003780000,2860,6.466480731964111,1
2,generation,1626003810000,0.8979008873658951,1626003810000,2861,2.1741156578063965,0
2,generation,1626003840000,0.998272769955772,1626003840000,2862,6.3595075607299805,1
2,generation,1626003870000,0.8726745595183457,1626003870000,2863,1.924816370010376,0
2,generation,1626003900000,0.4113896027681504,1626003900000,2864,-0.3582237958908081,0
2,generation,1626003930000,0.43913248122576637,1626003930000,2865,-0.24468357861042023,0
2,generation,1626003960000,0.3053199825140422,1626003960000,2866,-0.8220909833908081,0
2,generation,1626003990000,0.23798613825676737,1626003990000,2867,-1.1637523174285889,0
2,generation,1626004020000,0.23474697078234916,1626004020000,2868,-1.1816983222961426,0
2,generation,1626004050000,0.20615092083743636,1626004050000,2869,-1.3482848405838013,0
2,generation,1626004080000,0.2538652068905177,1626004080000,2870,-1.0781028270721436,0
2,generation,1626004110000,0.9983620860093372,1626004110000,2871,6.412692546844482,1
2,generation,1626004140000,0.8764180772824622,1626004140000,2872,1.9589389562606812,0
2,generation,1626004170000,0.22402666340543795,1626004170000,2873,-1.242353081703186,0
2,generation,1626004200000,0.28135963941091074,1626004200000,2874,-0.9377273321151733,0
2,generation,1626004230000,0.9984846978218238,1626004230000,2875,6.490623950958252,1
2,generation,1626004260000,0.9433204158270203,1626004260000,2876,2.8119919300079346,0
2,generation,1626004290000,0.8799744351997381,1626004290000,2877,1.9921880960464478,0
2,generation,1626004320000,0.3203461033471368,1626004320000,2878,-0.7521817088127136,0
2,generation,1626004350000,0.9982641988955457,1626004350000,2879,6.354548931121826,1
2,generation,1626004380000,0.8952075078154651,1626004380000,2880,2.145073413848877,0
2,generation,1626004410000,0.36163425884964523,1626004410000,2881,-0.5682780146598816,0
2,generation,1626004440000,0.3505163188682831,1626004440000,2882,-0.6167704463005066,0
2,generation,1626004470000,0.2842728343035953,1626004470000,2883,-0.9233645796775818,0
2,generation,1626004500000,0.3252717419890637,1626004500000,2884,-0.7296490669250488,0
2,generation,1626004530000,0.28226560600229206,1626004530000,2885,-0.9332510828971863,0
2,generation,1626004560000,0.45952781301940127,1626004560000,2886,-0.16224370896816254,0
2,generation,1626004590000,0.9984773239848335,1626004590000,2887,6.485762119293213,1
2,generation,1626004620000,0.8988631404744162,1626004620000,2888,2.1846561431884766,0
2,generation,1626004650000,0.22549492930523857,1626004650000,2889,-1.23392653465271,0
2,generation,1626004680000,0.39819042801874927,1626004680000,2890,-0.41301071643829346,0
2,generation,1626004710000,0.9984604564677697,1626004710000,2891,6.474728584289551,1
2,generation,1626004740000,0.9061246307502692,1626004740000,2892,2.2672088146209717,0
2,generation,1626004770000,0.2618148540540344,1626004770000,2893,-1.0365570783615112,0
2,generation,1626004800000,0.8061738128516238,1626004800000,2894,1.425337553024292,0
2,generation,1626004830000,0.3206767925065118,1626004830000,2895,-0.7506632804870605,0
2,generation,1626004860000,0.2208445347337704,1626004860000,2896,-1.2607516050338745,0
2,generation,1626004890000,0.9983678319570166,1626004890000,2897,6.416212558746338,1
2,generation,1626004920000,0.8793329184117564,1626004920000,2898,1.9861282110214233,0
2,generation,1626004950000,0.4581616254381803,1626004950000,2899,-0.16774573922157288,0
2,generation,1626004980000,0.3334720672159953,1626004980000,2900,-0.6925229430198669,0
2,generation,1626005010000,0.3120876830768073,1626005010000,2901,-0.7903771996498108,0
2,generation,1626005040000,0.2637805565426156,1626005040000,2902,-1.026410698890686,0
2,generation,1626005070000,0.22436693528047513,1626005070000,2903,-1.2403967380523682,0
2,generation,1626005100000,0.9984762775044242,1626005100000,2904,6.485074043273926,1
2,generation,1626005130000,0.8889238762380318,1626005130000,2905,2.0797958374023438,0
2,generation,1626005160000,0.2926747443431672,1626005160000,2906,-0.8824287056922913,0
2,generation,1626005190000,0.9983911897366355,1626005190000,2907,6.430650234222412,1
2,generation,1626005220000,0.8886989310269043,1626005220000,2908,2.077519655227661,0
2,generation,1626005250000,0.32428398326799546,1626005250000,2909,-0.7341532707214355,0
2,generation,1626005280000,0.29561345498664227,1626005280000,2910,-0.8682745695114136,0
2,generation,1626005310000,0.2177030257850925,1626005310000,2911,-1.2791025638580322,0
2,generation,1626005340000,0.9983616095196196,1626005340000,2912,6.41240119934082,1
2,generation,1626005370000,0.8643333107127444,1626005370000,2913,1.8517574071884155,0
2,generation,1626005400000,0.9984748701881644,1626005400000,2914,6.48414945602417,1
2,generation,1626005430000,0.9017882754538774,1626005430000,2915,2.217254161834717,0
2,generation,1626005460000,0.2619292373643974,1626005460000,2916,-1.0359653234481812,0
2,generation,1626005490000,0.23262287911674476,1626005490000,2917,-1.1935597658157349,0
2,generation,1626005520000,0.23737798447028105,1626005520000,2918,-1.1671087741851807,0
2,generation,1626005550000,0.22921336498485034,1626005550000,2919,-1.2127583026885986,0
2,generation,1626005580000,0.2670798778889862,1626005580000,2920,-1.0094889402389526,0
2,generation,1626005610000,0.9983145720793942,1626005610000,2921,6.384048938751221,1
2,generation,1626005640000,0.964700367944146,1626005640000,2922,3.3079450130462646,0
2,generation,1626005670000,0.8832456246116199,1626005670000,2923,2.023530960083008,0
2,generation,1626005700000,0.22902647886417055,1626005700000,2924,-1.2138164043426514,0
2,generation,1626005730000,0.19003852947564687,1626005730000,2925,-1.449759840965271,0
2,generation,1626005760000,0.2692717787618722,1626005760000,2926,-0.9983204007148743,0
2,generation,1626005790000,0.382435573960276,1626005790000,2927,-0.47922319173812866,0
2,generation,1626005820000,0.3251510773606618,1626005820000,2928,-0.7301989197731018,0
2,generation,1626005850000,0.2807224403142712,1626005850000,2929,-0.9408808946609497,0
2,generation,1626005880000,0.2480511243972077,1626005880000,2930,-1.109033465385437,0
2,generation,1626005910000,0.9983742924126309,1626005910000,2931,6.420185089111328,1
2,generation,1626005940000,0.890005654370464,1626005940000,2932,2.090798854827881,0
2,generation,1626005970000,0.23960382540383168,1626005970000,2933,-1.1548527479171753,0
2,generation,1626006000000,0.9983922853759478,1626006000000,2934,6.431332588195801,1
2,generation,1626006030000,0.8778689518837357,1626006030000,2935,1.9724026918411255,0
2,generation,1626006060000,0.23509394051990046,1626006060000,2936,-1.1797678470611572,0
2,generation,1626006090000,0.2978304533058549,1626006090000,2937,-0.8576505184173584,0
2,generation,1626006120000,0.2456577267705788,1626006120000,2938,-1.1219069957733154,0
2,generation,1626006150000,0.1828250695054571,1626006150000,2939,-1.4973233938217163,0
2,generation,1626006180000,0.21404373065919868,1626006180000,2940,-1.3007208108901978,0
2,generation,1626006210000,0.9984901976030002,1626006210000,2941,6.494265556335449,1
2,generation,1626006240000,0.8775695091528597,1626006240000,2942,1.969612717628479,0
2,generation,1626006270000,0.9982956638064283,1626006270000,2943,6.372873783111572,1
2,generation,1626006300000,0.989963676269835,1626006300000,2944,4.591457366943359,1
2,generation,1626006330000,0.8630002197755934,1626006330000,2945,1.8404356241226196,0
2,generation,1626006360000,0.35132667175628957,1626006360000,2946,-0.6132127642631531,0
2,generation,1626006390000,0.9982104345738406,1626006390000,2947,6.323991298675537,1
2,generation,1626006420000,0.9842399624026209,1626006420000,2948,4.134392261505127,1
2,generation,1626006450000,0.8529335655208289,1626006450000,2949,1.7577972412109375,0
2,generation,1626006480000,0.9984003521668517,1626006480000,2950,6.436370849609375,1
2,generation,1626006510000,0.8978143011418553,1626006510000,2951,2.1731715202331543,0
2,generation,1626006540000,0.2873230744333848,1626006540000,2952,-0.9084209203720093,0
2,generation,1626006570000,0.3726701480341977,1626006570000,2953,-0.5207787752151489,0
2,generation,1626006600000,0.33914949278889506,1626006600000,2954,-0.667086660861969,0
2,generation,1626006630000,0.26716053140756985,1626006630000,2955,-1.0090769529342651,0
2,generation,1626006660000,0.9983804366904586,1626006660000,2956,6.423977851867676,1
2,generation,1626006690000,0.9880764251389224,1626006690000,2957,4.417242527008057,1
2,generation,1626006720000,0.8964421842701158,1626006720000,2958,2.158303737640381,0
2,generation,1626006750000,0.31308093507288803,1626006750000,2959,-0.7857547402381897,0
2,generation,1626006780000,0.34480857639090934,1626006780000,2960,-0.6419380307197571,0
2,generation,1626006810000,0.2393102183014595,1626006810000,2961,-1.15646493434906,0
2,generation,1626006840000,0.3622067619208088,1626006840000,2962,-0.5657989382743835,0
2,generation,1626006870000,0.26845231812811626,1626006870000,2963,-1.0024890899658203,0
2,generation,1626006900000,0.9984584130288416,1626006900000,2964,6.473400115966797,1
2,generation,1626006930000,0.8871558402433597,1626006930000,2965,2.0620129108428955,0
2,generation,1626006960000,0.333277426097885,1626006960000,2966,-0.6933987736701965,0
2,generation,1626006990000,0.9984029933323169,1626006990000,2967,6.438025951385498,1
2,generation,1626007020000,0.9032450443843388,1626007020000,2968,2.2338123321533203,0
2,generation,1626007050000,0.2664011917473762,1626007050000,2969,-1.0129588842391968,0
2,generation,1626007080000,0.3183319796839283,1626007080000,2970,-0.7614479660987854,0
2,generation,1626007110000,0.3036716416716349,1626007110000,2971,-0.8298743367195129,0
2,generation,1626007140000,0.31577271586888417,1626007140000,2972,-0.7732674479484558,0
2,generation,1626007170000,0.9980908710513371,1626007170000,2973,6.259197235107422,1
2,generation,1626007200000,0.8989558899691884,1626007200000,2974,2.1856768131256104,0
2,generation,1626007230000,0.22914913448666144,1626007230000,2975,-1.2131218910217285,0
2,generation,1626007260000,0.24473350213840564,1626007260000,2976,-1.1269007921218872,0
2,generation,1626007290000,0.2771626488748811,1626007290000,2977,-0.9585797190666199,0
2,generation,1626007320000,0.22089286622684334,1626007320000,2978,-1.2604707479476929,0
2,generation,1626007350000,0.24972610873743162,1626007350000,2979,-1.1000735759735107,0
2,generation,1626007380000,0.41672666523766894,1626007380000,2980,-0.33622539043426514,0
2,generation,1626007410000,0.2821960930708824,1626007410000,2981,-0.9335942268371582,0
2,generation,1626007440000,0.20418723796450988,1626007440000,2982,-1.3603265285491943,0
2,generation,1626007470000,0.44198843809946925,1626007470000,2983,-0.2330959588289261,0
2,generation,1626007500000,0.28830298333529925,1626007500000,2984,-0.9036403298377991,0
2,generation,1626007530000,0.20640271921227943,1626007530000,2985,-1.3467469215393066,0
2,generation,1626007560000,0.507001718527159,1626007560000,2986,0.028008705005049706,0
2,generation,1626007590000,0.3672283539867304,1626007590000,2987,-0.5441257357597351,0
2,generation,1626007620000,0.28271921012201634,1626007620000,2988,-0.9310131669044495,0
2,generation,1626007650000,0.22213980570882264,1626007650000,2989,-1.2532398700714111,0
2,generation,1626007680000,0.9983286976734639,1626007680000,2990,6.392479419708252,1
2,generation,1626007710000,0.8581047657672086,1626007710000,2991,1.7996371984481812,0
2,generation,1626007740000,0.41289223706341316,1626007740000,2992,-0.3520217537879944,0
2,generation,1626007770000,0.25365422886265104,1626007770000,2993,-1.0792169570922852,0
2,generation,1626007800000,0.23230189730347137,1626007800000,2994,-1.1953587532043457,0
2,generation,1626007830000,0.3424193760299382,1626007830000,2995,-0.6525311470031738,0
2,generation,1626007860000,0.31624266194374256,1626007860000,2996,-0.7710932493209839,0
2,generation,1626007890000,0.24652296077075855,1626007890000,2997,-1.1172434091567993,0
2,generation,1626007920000,0.9983345494554695,1626007920000,2998,6.395992755889893,1
2,generation,1626007950000,0.8881931878105006,1626007950000,2999,2.0724167823791504,0
2,generation,1626007980000,0.3092034107714907,1626007980000,3000,-0.8038460612297058,0
2,generation,1626008010000,0.2978700684937487,1626008010000,3001,-0.8574610948562622,0
2,generation,1626008040000,0.2261469145153729,1626008040000,3002,-1.2301971912384033,0
2,generation,1626008070000,0.3519472889584393,1626008070000,3003,-0.610490620136261,0
2,generation,1626008100000,0.3482905156874702,1626008100000,3004,-0.6265619397163391,0
2,generation,1626008130000,0.23581403535676423,1626008130000,3005,-1.1757676601409912,0
2,generation,1626008160000,0.1861603622144658,1626008160000,3006,-1.4751548767089844,0
2,generation,1626008190000,0.8149422289800261,1626008190000,3007,1.4824491739273071,0
2,generation,1626008220000,0.3120291038903345,1626008220000,3008,-0.7906500697135925,0
2,generation,1626008250000,0.17410109374933042,1626008250000,3009,-1.5568362474441528,0
2,generation,1626008280000,0.2642857091665223,1626008280000,3010,-1.0238111019134521,0
2,generation,1626008310000,0.9981693030064254,1626008310000,3011,6.3012261390686035,1
2,generation,1626008340000,0.8683471032477196,1626008340000,3012,1.8864226341247559,0
2,generation,1626008370000,0.5726648034384224,1626008370000,3013,0.2927318513393402,0
2,generation,1626008400000,0.30355203314144985,1626008400000,3014,-0.8304400444030762,0
2,generation,1626008430000,0.2221313809891381,1626008430000,3015,-1.2532886266708374,0
2,generation,1626008460000,0.9985362468630592,1626008460000,3016,6.525286674499512,1
2,generation,1626008490000,0.8626820426272931,1626008490000,3017,1.8377470970153809,0
2,generation,1626008520000,0.20433009667651683,1626008520000,3018,-1.3594475984573364,0
2,generation,1626008550000,0.9984325336771328,1626008550000,3019,6.45672607421875,1
2,generation,1626008580000,0.9020013390225503,1626008580000,3020,2.2196621894836426,0
2,generation,1626008610000,0.2538074507031082,1626008610000,3021,-1.0784077644348145,0
2,generation,1626008640000,0.3858502358579982,1626008640000,3022,-0.4647895097732544,0
2,generation,1626008670000,0.9983810926934434,1626008670000,3023,6.424383640289307,1
2,generation,1626008700000,0.9907376373936161,1626008700000,3024,4.67249059677124,1
2,generation,1626008730000,0.8746538548997099,1626008730000,3025,1.9427491426467896,0
2,generation,1626008760000,0.2333883445369035,1626008760000,3026,-1.1892765760421753,0
2,generation,1626008790000,0.19725840085261567,1626008790000,3027,-1.4035183191299438,0
2,generation,1626008820000,0.24568911897135728,1626008820000,3028,-1.1217375993728638,0
2,generation,1626008850000,0.3350827608683048,1626008850000,3029,-0.6852850317955017,0
2,generation,1626008880000,0.23128160532718922,1626008880000,3030,-1.2010886669158936,0
2,generation,1626008910000,0.9983601667295992,1626008910000,3031,6.411519527435303,1
2,generation,1626008940000,0.9813005881868145,1626008940000,3032,3.9603867530822754,0
2,generation,1626008970000,0.8508695695480768,1626008970000,3033,1.741437554359436,0
2,generation,1626009000000,0.998299008784008,1626009000000,3034,6.374841690063477,1
2,generation,1626009030000,0.8867088302802341,1626009030000,3035,2.0575554370880127,0
2,generation,1626009060000,0.25488359163764396,1626009060000,3036,-1.0727335214614868,0
2,generation,1626009090000,0.271724696403187,1626009090000,3037,-0.985889732837677,0
2,generation,1626009120000,0.29542275468766865,1626009120000,3038,-0.8691905736923218,0
2,generation,1626009150000,0.2633424589577536,1626009150000,3039,-1.0286678075790405,0
2,generation,1626009180000,0.19669236116028907,1626009180000,3040,-1.4070968627929688,0
2,generation,1626009210000,0.25081248834062075,1626009210000,3041,-1.0942836999893188,0
2,generation,1626009240000,0.998319196725469,1626009240000,3042,6.386801242828369,1
2,generation,1626009270000,0.8713234912795138,1626009270000,3043,1.9127117395401,0
2,generation,1626009300000,0.21854711619210862,1626009300000,3044,-1.274153232574463,0
2,generation,1626009330000,0.1875743955127227,1626009330000,3045,-1.4658488035202026,0
2,generation,1626009360000,0.3133028430419033,1626009360000,3046,-0.7847231030464172,0
2,generation,1626009390000,0.30009207318009673,1626009390000,3047,-0.8468594551086426,0
2,generation,1626009420000,0.27326781110738996,1626009420000,3048,-0.9781057238578796,0
2,generation,1626009450000,0.9985614571830306,1626009450000,3049,6.542685031890869,1
2,generation,1626009480000,0.9481891669212323,1626009480000,3050,2.906954765319824,0
2,generation,1626009510000,0.8662780872435458,1626009510000,3051,1.8684436082839966,0
2,generation,1626009540000,0.9981658186725743,1626009540000,3052,6.299321174621582,1
2,generation,1626009570000,0.9949542627174603,1626009570000,3053,5.284152984619141,1
2,generation,1626009600000,0.8622563965229132,1626009600000,3054,1.8341586589813232,0
2,generation,1626009630000,0.2761420924099473,1626009630000,3055,-0.9636795520782471,0
2,generation,1626009660000,0.9983832715539374,1626009660000,3056,6.425732612609863,1
2,generation,1626009690000,0.8763831345470013,1626009690000,3057,1.9586163759231567,0
2,generation,1626009720000,0.2775289452804181,1626009720000,3058,-0.9567521214485168,0
2,generation,1626009750000,0.9982359207982598,1626009750000,3059,6.338360786437988,1
2,generation,1626009780000,0.8824666959002748,1626009780000,3060,2.0159993171691895,0
2,generation,1626009810000,0.24479595337495477,1626009810000,3061,-1.1265629529953003,0
2,generation,1626009840000,0.3160915378567716,1626009840000,3062,-0.7717922329902649,0
2,generation,1626009870000,0.3165138340973197,1626009870000,3063,-0.7698394656181335,0
2,generation,1626009900000,0.22308180212926426,1626009900000,3064,-1.2477965354919434,0
2,generation,1626009930000,0.22710106782892114,1626009930000,3065,-1.2247531414031982,0
2,generation,1626009960000,0.3033462744365583,1626009960000,3066,-0.8314135074615479,0
2,generation,1626009990000,0.23750021605005742,1626009990000,3067,-1.1664336919784546,0
2,generation,1626010020000,0.39826511087161226,1626010020000,3068,-0.4126990735530853,0
2,generation,1626010050000,0.3335672890497866,1626010050000,3069,-0.6920945644378662,0
2,generation,1626010080000,0.27489987397796645,1626010080000,3070,-0.9699028134346008,0
2,generation,1626010110000,0.3491375502381355,1626010110000,3071,-0.6228323578834534,0
2,generation,1626010140000,0.9979708454985196,1626010140000,3072,6.1981048583984375,1
2,generation,1626010170000,0.8658485484888521,1626010170000,3073,1.8647406101226807,0
2,generation,1626010200000,0.9984160616044605,1626010200000,3074,6.446255683898926,1
2,generation,1626010230000,0.8717607940467733,1626010230000,3075,1.916617751121521,0
2,generation,1626010260000,0.2314985573841446,1626010260000,3076,-1.1998687982559204,0
2,generation,1626010290000,0.22300726642885263,1626010290000,3077,-1.2482266426086426,0
2,generation,1626010320000,0.44357428946157823,1626010320000,3078,-0.2266683727502823,0
2,generation,1626010350000,0.2883786803549135,1626010350000,3079,-0.9032714366912842,0
2,generation,1626010380000,0.21522757172030407,1626010380000,3080,-1.2936978340148926,0
2,generation,1626010410000,0.20318826407332052,1626010410000,3081,-1.3664854764938354,0
2,generation,1626010440000,0.2447224850422009,1626010440000,3082,-1.1269603967666626,0
2,generation,1626010470000,0.3161825401378768,1626010470000,3083,-0.7713713049888611,0
2,generation,1626010500000,0.3797688442006088,1626010500000,3084,-0.49052947759628296,0
2,generation,1626010530000,0.9981265324701207,1626010530000,3085,6.2780890464782715,1
2,generation,1626010560000,0.8846731930958471,1626010560000,3086,2.0374484062194824,0
2,generation,1626010590000,0.20061361121199228,1626010590000,3087,-1.3824636936187744,0
2,generation,1626010620000,0.2226829291270873,1626010620000,3088,-1.2500994205474854,0
2,generation,1626010650000,0.6340236014470825,1626010650000,3089,0.5495173335075378,0
2,generation,1626010680000,0.368594458735959,1626010680000,3090,-0.5382513403892517,0
2,generation,1626010710000,0.23185740276390157,1626010710000,3091,-1.1978528499603271,0
2,generation,1626010740000,0.23594901325106535,1626010740000,3092,-1.1750187873840332,0
2,generation,1626010770000,0.301800750266871,1626010770000,3093,-0.8387374877929688,0
2,generation,1626010800000,0.4044785134534377,1626010800000,3094,-0.3868388533592224,0
2,generation,1626010830000,0.5219827963047386,1626010830000,3095,0.08798790723085403,0
2,generation,1626010860000,0.9977182164159917,1626010860000,3096,6.0805134773254395,1
2,generation,1626010890000,0.8636128107186913,1626010890000,3097,1.845626711845398,0
2,generation,1626010920000,0.22110386156550382,1626010920000,3098,-1.2592451572418213,0
2,generation,1626010950000,0.9984553597060949,1626010950000,3099,6.471418380737305,1
2,generation,1626010980000,0.8941061726036585,1626010980000,3100,2.133387565612793,0
2,generation,1626011010000,0.2767278579493232,1626011010000,3101,-0.9607509970664978,0
2,generation,1626011040000,0.23651320124053027,1626011040000,3102,-1.1718918085098267,0
2,generation,1626011070000,0.3344664895256781,1626011070000,3103,-0.6880522966384888,0
2,generation,1626011100000,0.257759625597803,1626011100000,3104,-1.0576456785202026,0
2,generation,1626011130000,0.9982798271365267,1626011130000,3105,6.3636088371276855,1
2,generation,1626011160000,0.8757961079208586,1626011160000,3106,1.9532088041305542,0
2,generation,1626011190000,0.20292754502091429,1626011190000,3107,-1.3680965900421143,0
2,generation,1626011220000,0.49127842481643336,1626011220000,3108,-0.034889839589595795,0
2,generation,1626011250000,0.2969568128886544,1626011250000,3109,-0.8618316054344177,0
2,generation,1626011280000,0.9983851499973362,1626011280000,3110,6.426897048950195,1
2,generation,1626011310000,0.9106780044929048,1626011310000,3111,2.321941614151001,0
2,generation,1626011340000,0.3623820377846381,1626011340000,3112,-0.5650402903556824,0
2,generation,1626011370000,0.9982148576386762,1626011370000,3113,6.326470375061035,1
2,generation,1626011400000,0.8716248518413771,1626011400000,3114,1.9154022932052612,0
2,generation,1626011430000,0.3807910754731674,1626011430000,3115,-0.48619186878204346,0
2,generation,1626011460000,0.3554845613299044,1626011460000,3116,-0.5950169563293457,0
2,generation,1626011490000,0.34871530778973453,1626011490000,3117,-0.6246910095214844,0
2,generation,1626011520000,0.9983412583016414,1626011520000,3118,6.400035858154297,1
2,generation,1626011550000,0.8921594470826989,1626011550000,3119,2.1129910945892334,0
2,generation,1626011580000,0.2822170412452182,1626011580000,3120,-0.9334908127784729,0
2,generation,1626011610000,0.2420268709356331,1626011610000,3121,-1.141599178314209,0
2,generation,1626011640000,0.2185423318479135,1626011640000,3122,-1.2741812467575073,0
2,generation,1626011670000,0.21538591537928095,1626011670000,3123,-1.2927606105804443,0
2,generation,1626011700000,0.22785904369371396,1626011700000,3124,-1.2204399108886719,0
2,generation,1626011730000,0.23339303688690516,1626011730000,3125,-1.1892503499984741,0
2,generation,1626011760000,0.2910947012408059,1626011760000,3126,-0.890073299407959,0
2,generation,1626011790000,0.9985510735611393,1626011790000,3127,6.535482406616211,1
2,generation,1626011820000,0.8911201575068523,1626011820000,3128,2.102234363555908,0
2,generation,1626011850000,0.24494028909218454,1626011850000,3129,-1.1257823705673218,0
2,generation,1626011880000,0.25735254695590765,1626011880000,3130,-1.0597745180130005,0
2,generation,1626011910000,0.2423788941855649,1626011910000,3131,-1.1396812200546265,0
2,generation,1626011940000,0.998522982091569,1626011940000,3132,6.516252040863037,1
2,generation,1626011970000,0.9007420394080103,1626011970000,3133,2.2054967880249023,0
2,generation,1626012000000,0.263155899420739,1626012000000,3134,-1.0296297073364258,0
2,generation,1626012030000,0.22176019925095122,1626012030000,3135,-1.2554380893707275,0
2,generation,1626012060000,0.2458302736882444,1626012060000,3136,-1.1209760904312134,0
2,generation,1626012090000,0.22699686052883628,1626012090000,3137,-1.2253469228744507,0
2,generation,1626012120000,0.9983559231017965,1626012120000,3138,6.408930778503418,1
2,generation,1626012150000,0.8904105111125029,1626012150000,3139,2.0949411392211914,0
2,generation,1626012180000,0.27920461736198887,1626012180000,3140,-0.9484103918075562,0
2,generation,1626012210000,0.26131316094560364,1626012210000,3141,-1.0391545295715332,0
2,generation,1626012240000,0.3843649262962467,1626012240000,3142,-0.47106194496154785,0
2,generation,1626012270000,0.30773516626864666,1626012270000,3143,-0.8107290267944336,0
2,generation,1626012300000,0.2429296916381059,1626012300000,3144,-1.1366840600967407,0
2,generation,1626012330000,0.2669425504939185,1626012330000,3145,-1.0101906061172485,0
2,generation,1626012360000,0.3271305630459713,1626012360000,3146,-0.721191942691803,0
2,generation,1626012390000,0.25377132927075247,1626012390000,3147,-1.0785984992980957,0
2,generation,1626012420000,0.21186868393711109,1626012420000,3148,-1.3136980533599854,0
2,generation,1626012450000,0.9983308833693952,1626012450000,3149,6.393790245056152,1
2,generation,1626012480000,0.978397102604539,1626012480000,3150,3.8130881786346436,0
2,generation,1626012510000,0.9040564354386053,1626012510000,3151,2.243131637573242,0
2,generation,1626012540000,0.29700970204844096,1626012540000,3152,-0.8615782856941223,0
2,generation,1626012570000,0.2152998249178785,1626012570000,3153,-1.2932701110839844,0
2,generation,1626012600000,0.3695029668909625,1626012600000,3154,-0.5343496799468994,0
2,generation,1626012630000,0.2752959730532941,1626012630000,3155,-0.9679165482521057,0
2,generation,1626012660000,0.6620097299595014,1626012660000,3156,0.6722631454467773,0
2,generation,1626012690000,0.3382948942545753,1626012690000,3157,-0.6709020137786865,0
2,generation,1626012720000,0.998291564232197,1626012720000,3158,6.370467185974121,1
2,generation,1626012750000,0.8821285071572519,1626012750000,3159,2.012742757797241,0
2,generation,1626012780000,0.23520991189108867,1626012780000,3160,-1.179123044013977,0
2,generation,1626012810000,0.22692033225844835,1626012810000,3161,-1.225783109664917,0
2,generation,1626012840000,0.20287876628848864,1626012840000,3162,-1.3683981895446777,0
2,generation,1626012870000,0.22117991352956565,1626012870000,3163,-1.2588036060333252,0
2,generation,1626012900000,0.3406130742037571,1626012900000,3164,-0.6605633497238159,0
2,generation,1626012930000,0.3993035106703928,1626012930000,3165,-0.40836799144744873,0
2,generation,1626012960000,0.26160156603829526,1626012960000,3166,-1.0376609563827515,0
2,generation,1626012990000,0.2374989855322166,1626012990000,3167,-1.166440486907959,0
2,generation,1626013020000,0.4617332100861641,1626013020000,3168,-0.1533670723438263,0
2,generation,1626013050000,0.31359421736628856,1626013050000,3169,-0.7833691239356995,0
2,generation,1626013080000,0.9983462838365811,1626013080000,3170,6.403075218200684,1
2,generation,1626013110000,0.9086924221941607,1626013110000,3171,2.2977728843688965,0
2,generation,1626013140000,0.2757399539623591,1626013140000,3172,-0.9656922817230225,0
2,generation,1626013170000,0.2499148011224332,1626013170000,3173,-1.0990667343139648,0
2,generation,1626013200000,0.9984583124740402,1626013200000,3174,6.473334789276123,1
2,generation,1626013230000,0.8933400329606634,1626013230000,3175,2.125321388244629,0
2,generation,1626013260000,0.24828840472677036,1626013260000,3176,-1.1077617406845093,0
2,generation,1626013290000,0.2044242655205331,1626013290000,3177,-1.3588684797286987,0
2,generation,1626013320000,0.4437251158102239,1626013320000,3178,-0.22605730593204498,0
2,generation,1626013350000,0.2574427345440219,1626013350000,3179,-1.0593026876449585,0
2,generation,1626013380000,0.20427347133264137,1626013380000,3180,-1.3597959280014038,0
2,generation,1626013410000,0.21076614768193772,1626013410000,3181,-1.3203134536743164,0
2,generation,1626013440000,0.9983753771116274,1626013440000,3182,6.420853614807129,1
2,generation,1626013470000,0.8922065766074816,1626013470000,3183,2.113481044769287,0
2,generation,1626013500000,0.27320602613708717,1626013500000,3184,-0.9784168601036072,0
2,generation,1626013530000,0.28479806726003304,1626013530000,3185,-0.9207845330238342,0
2,generation,1626013560000,0.9983992155292372,1626013560000,3186,6.435659408569336,1
2,generation,1626013590000,0.9135824546019669,1626013590000,3187,2.358182907104492,0
2,generation,1626013620000,0.9963415025562781,1626013620000,3188,5.607037544250488,1
2,generation,1626013650000,0.9959842482985295,1626013650000,3189,5.513506889343262,1
2,generation,1626013680000,0.8812015578786964,1626013680000,3190,2.0038580894470215,0
2,generation,1626013710000,0.9978783103109505,1626013710000,3191,6.15341854095459,1
2,generation,1626013740000,0.8992802752037279,1626013740000,3192,2.189253091812134,0
2,generation,1626013770000,0.3353584179900947,1626013770000,3193,-0.684048056602478,0
2,generation,1626013800000,0.9984406044989561,1626013800000,3194,6.4618964195251465,1
2,generation,1626013830000,0.8785852767210843,1626013830000,3195,1.9791008234024048,0
2,generation,1626013860000,0.298838277713159,1626013860000,3196,-0.852836012840271,0
2,generation,1626013890000,0.23660138382756093,1626013890000,3197,-1.1714035272598267,0
2,generation,1626013920000,0.4505910392203369,1626013920000,3198,-0.19828294217586517,0
2,generation,1626013950000,0.2573789539678376,1626013950000,3199,-1.0596363544464111,0
2,generation,1626013980000,0.21664205029710693,1626013980000,3200,-1.2853432893753052,0
2,generation,1626014010000,0.29143881312565917,1626014010000,3201,-0.8884063363075256,0
2,generation,1626014040000,0.2592347702859392,1626014040000,3202,-1.0499496459960938,0
2,generation,1626014070000,0.2322941164123766,1626014070000,3203,-1.1954023838043213,0
2,generation,1626014100000,0.3000244364590608,1626014100000,3204,-0.847181499004364,0
2,generation,1626014130000,0.3354367934962042,1626014130000,3205,-0.683696448802948,0
2,generation,1626014160000,0.2534327430876416,1626014160000,3206,-1.0803872346878052,0
2,generation,1626014190000,0.20186388396049418,1626014190000,3207,-1.374685525894165,0
2,generation,1626014220000,0.24962255378105083,1626014220000,3208,-1.1006263494491577,0
2,generation,1626014250000,0.3123749845877506,1626014250000,3209,-0.7890393137931824,0
2,generation,1626014280000,0.33368122331098415,1626014280000,3210,-0.6915820837020874,0
2,generation,1626014310000,0.3951583611080788,1626014310000,3211,-0.4256800711154938,0
2,generation,1626014340000,0.9983589508058506,1626014340000,3212,6.4107770919799805,1
2,generation,1626014370000,0.8535982665062969,1626014370000,3213,1.7631062269210815,0
2,generation,1626014400000,0.3477296385773968,1626014400000,3214,-0.6290338635444641,0
2,generation,1626014430000,0.23037799609138382,1626014430000,3215,-1.206178069114685,0
2,generation,1626014460000,0.5707621192866303,1626014460000,3216,0.2849612534046173,0
2,generation,1626014490000,0.29433608379837733,1626014490000,3217,-0.8744168281555176,0
2,generation,1626014520000,0.9983233179042653,1626014520000,3218,6.389260292053223,1
2,generation,1626014550000,0.8929244570172202,1626014550000,3219,2.120967388153076,0
2,generation,1626014580000,0.24568359586874025,1626014580000,3220,-1.1217674016952515,0
2,generation,1626014610000,0.24962284406111782,1626014610000,3221,-1.1006247997283936,0
2,generation,1626014640000,0.9984742499477364,1626014640000,3222,6.4837422370910645,1
2,generation,1626014670000,0.9947720983727701,1626014670000,3223,5.248503684997559,1
2,generation,1626014700000,0.970654734798058,1626014700000,3224,3.4988396167755127,0
2,generation,1626014730000,0.8618215366049309,1626014730000,3225,1.8305021524429321,0
2,generation,1626014760000,0.25658924227486046,1626014760000,3226,-1.063772201538086,0
2,generation,1626014790000,0.338922974068738,1626014790000,3227,-0.6680974960327148,0
2,generation,1626014820000,0.9980924922250406,1626014820000,3228,6.2600483894348145,1
2,generation,1626014850000,0.8695194844793179,1626014850000,3229,1.896716833114624,0
2,generation,1626014880000,0.2718522447151629,1626014880000,3230,-0.9852452874183655,0
2,generation,1626014910000,0.23716565543261994,1626014910000,3231,-1.1682820320129395,0
2,generation,1626014940000,0.2496761477652366,1626014940000,3232,-1.1003402471542358,0
2,generation,1626014970000,0.3884660823939161,1626014970000,3233,-0.45376455783843994,0
2,generation,1626015000000,0.9983702513222718,1626015000000,3234,6.417698383331299,1
2,generation,1626015030000,0.8809820184889813,1626015030000,3235,2.001762628555298,0
2,generation,1626015060000,0.2509130109458271,1626015060000,3236,-1.0937488079071045,0
2,generation,1626015090000,0.4246486356868309,1626015090000,3237,-0.30371883511543274,0
2,generation,1626015120000,0.998389792117742,1626015120000,3238,6.42978048324585,1
2,generation,1626015150000,0.9002035811694202,1626015150000,3239,2.199488639831543,0
2,generation,1626015180000,0.32877997706945017,1626015180000,3240,-0.713708221912384,0
2,generation,1626015210000,0.259239165576216,1626015210000,3241,-1.0499267578125,0
2,generation,1626015240000,0.19686491471744605,1626015240000,3242,-1.4060051441192627,0
2,generation,1626015270000,0.18986797762499918,1626015270000,3243,-1.4508682489395142,0
2,generation,1626015300000,0.23252147410250606,1626015300000,3244,-1.1941279172897339,0
2,generation,1626015330000,0.23216450415583023,1626015330000,3245,-1.196129322052002,0
2,generation,1626015360000,0.20245458691442333,1626015360000,3246,-1.371023178100586,0
2,generation,1626015390000,0.2868188144246226,1626015390000,3247,-0.9108847975730896,0
2,generation,1626015420000,0.2819792293071322,1626015420000,3248,-0.9346650838851929,0
2,generation,1626015450000,0.2111415509462559,1626015450000,3249,-1.3180581331253052,0
2,generation,1626015480000,0.2089831086415628,1626015480000,3250,-1.3310658931732178,0
2,generation,1626015510000,0.9983599520364904,1626015510000,3251,6.411388397216797,1
2,generation,1626015540000,0.8757028043389002,1626015540000,3252,1.9523513317108154,0
2,generation,1626015570000,0.19322142315167912,1626015570000,3253,-1.4292124509811401,0
2,generation,1626015600000,0.9982668805108014,1626015600000,3254,6.35609769821167,1
2,generation,1626015630000,0.8750414116998945,1626015630000,3255,1.946288824081421,0
2,generation,1626015660000,0.4081296243763741,1626015660000,3256,-0.37170282006263733,0
2,generation,1626015690000,0.31624910623178415,1626015690000,3257,-0.7710634469985962,0
2,generation,1626015720000,0.24415221403522452,1626015720000,3258,-1.130048155784607,0
2,generation,1626015750000,0.24326390906984788,1626015750000,3259,-1.1348676681518555,0
2,generation,1626015780000,0.24758767913090984,1626015780000,3260,-1.111519694328308,0
2,generation,1626015810000,0.20659013945089666,1626015810000,3261,-1.345603108406067,0
2,generation,1626015840000,0.2654927954826677,1626015840000,3262,-1.017612099647522,0
2,generation,1626015870000,0.9984010830893859,1626015870000,3263,6.43682861328125,1
2,generation,1626015900000,0.902824505966557,1626015900000,3264,2.2290096282958984,0
2,generation,1626015930000,0.2461926468935671,1626015930000,3265,-1.1190224885940552,0
2,generation,1626015960000,0.6581473320570823,1626015960000,3266,0.6550489664077759,0
2,generation,1626015990000,0.31639169771176734,1626015990000,3267,-0.7704041004180908,0
2,generation,1626016020000,0.20168027569997357,1626016020000,3268,-1.3758255243301392,0
2,generation,1626016050000,0.9983037729586692,1626016050000,3269,6.377651214599609,1
2,generation,1626016080000,0.9867370875961174,1626016080000,3270,4.309432029724121,1
2,generation,1626016110000,0.8636114908449819,1626016110000,3271,1.8456155061721802,0
2,generation,1626016140000,0.9983188822480216,1626016140000,3272,6.386613845825195,1
2,generation,1626016170000,0.9384872167077499,1626016170000,3273,2.7250242233276367,0
2,generation,1626016200000,0.9927001079069173,1626016200000,3274,4.912569046020508,1
2,generation,1626016230000,0.9037361209801601,1626016230000,3275,2.2394442558288574,0
2,generation,1626016260000,0.9981726763670626,1626016260000,3276,6.303073883056641,1
2,generation,1626016290000,0.8814270761165933,1626016290000,3277,2.006014108657837,0
2,generation,1626016320000,0.311534670682947,1626016320000,3278,-0.7929543256759644,0
2,generation,1626016350000,0.30653288624453867,1626016350000,3279,-0.8163787722587585,0
2,generation,1626016380000,0.24590087154186743,1626016380000,3280,-1.1205953359603882,0
2,generation,1626016410000,0.38183158457563754,1626016410000,3281,-0.4817813038825989,0
2,generation,1626016440000,0.305095833185525,1626016440000,3282,-0.8231480121612549,0
2,generation,1626016470000,0.20550968065544542,1626016470000,3283,-1.3522076606750488,0
2,generation,1626016500000,0.20888358911451596,1626016500000,3284,-1.3316680192947388,0
2,generation,1626016530000,0.9983299089447069,1626016530000,3285,6.393205642700195,1
2,generation,1626016560000,0.875364485885524,1626016560000,3286,1.9492467641830444,0
2,generation,1626016590000,0.9982598763349426,1626016590000,3287,6.352057456970215,1
2,generation,1626016620000,0.8950165251465703,1626016620000,3288,2.1430392265319824,0
2,generation,1626016650000,0.2257505918173643,1626016650000,3289,-1.2324632406234741,0
2,generation,1626016680000,0.32587191663350096,1626016680000,3290,-0.726915717124939,0
2,generation,1626016710000,0.44779228360898377,1626016710000,3291,-0.20959480106830597,0
2,generation,1626016740000,0.5027255457944837,1626016740000,3292,0.010902291163802147,0
2,generation,1626016770000,0.9977564371996847,1626016770000,3293,6.0974440574646,1
2,generation,1626016800000,0.8805909949103126,1626016800000,3294,1.998038649559021,0
2,generation,1626016830000,0.9984477162152018,1626016830000,3295,6.466474533081055,1
2,generation,1626016860000,0.8972829569638299,1626016860000,3296,2.167393207550049,0
2,generation,1626016890000,0.2735318328643224,1626016890000,3297,-0.976776659488678,0
2,generation,1626016920000,0.24506183311552632,1626016920000,3298,-1.1251252889633179,0
2,generation,1626016950000,0.25475762061848933,1626016950000,3299,-1.073396921157837,0
2,generation,1626016980000,0.38362454314931266,1626016980000,3300,-0.47419196367263794,0
2,generation,1626017010000,0.24939691805276154,1626017010000,3301,-1.101831316947937,0
2,generation,1626017040000,0.2283745446604141,1626017040000,3302,-1.2175122499465942,0
2,generation,1626017070000,0.21186197582477612,1626017070000,3303,-1.313738226890564,0
2,generation,1626017100000,0.22754467662602973,1626017100000,3304,-1.2222275733947754,0
2,generation,1626017130000,0.25171550636939743,1626017130000,3305,-1.0894837379455566,0
2,generation,1626017160000,0.7005623336309541,1626017160000,3306,0.8499770760536194,0
2,generation,1626017190000,0.9975585928686415,1626017190000,3307,6.0127363204956055,1
2,generation,1626017220000,0.9921320080912337,1626017220000,3308,4.837053298950195,1
2,generation,1626017250000,0.8824625908920958,1626017250000,3309,2.0159597396850586,0
2,generation,1626017280000,0.3242606962944931,1626017280000,3310,-0.7342595458030701,0
2,generation,1626017310000,0.2682129146713528,1626017310000,3311,-1.0037084817886353,0
2,generation,1626017340000,0.24996812405221738,1626017340000,3312,-1.0987823009490967,0
2,generation,1626017370000,0.2696631833979147,1626017370000,3313,-0.9963321089744568,0
2,generation,1626017400000,0.21576235551726464,1626017400000,3314,-1.290534496307373,0
2,generation,1626017430000,0.24092464187605175,1626017430000,3315,-1.1476168632507324,0
2,generation,1626017460000,0.23645654901212199,1626017460000,3316,-1.1722055673599243,0
2,generation,1626017490000,0.21438330808376685,1626017490000,3317,-1.2987034320831299,0
2,generation,1626017520000,0.2506266134274886,1626017520000,3318,-1.0952731370925903,0
2,generation,1626017550000,0.5562223161494949,1626017550000,3319,0.2258443385362625,0
2,generation,1626017580000,0.997821755036302,1626017580000,3320,6.1270551681518555,1
2,generation,1626017610000,0.8813583601496378,1626017610000,3321,2.005356788635254,0
2,generation,1626017640000,0.324250809715728,1626017640000,3322,-0.734304666519165,0
2,generation,1626017670000,0.3209364853571851,1626017670000,3323,-0.7494714260101318,0
2,generation,1626017700000,0.2615262740795287,1626017700000,3324,-1.0380507707595825,0
2,generation,1626017730000,0.22695310395400223,1626017730000,3325,-1.225596308708191,0
2,generation,1626017760000,0.22471654620089995,1626017760000,3326,-1.2383888959884644,0
2,generation,1626017790000,0.9983649521626393,1626017790000,3327,6.414446830749512,1
2,generation,1626017820000,0.8769065267966228,1626017820000,3328,1.963456392288208,0
2,generation,1626017850000,0.22667570639282345,1626017850000,3329,-1.2271780967712402,0
2,generation,1626017880000,0.22275142274890822,1626017880000,3330,-1.2497037649154663,0
2,generation,1626017910000,0.2276802512903586,1626017910000,3331,-1.2214564085006714,0
2,generation,1626017940000,0.28208348413457307,1626017940000,3332,-0.934150218963623,0
2,generation,1626017970000,0.24920531954823177,1626017970000,3333,-1.1028550863265991,0
2,generation,1626018000000,0.9983314037306935,1626018000000,3334,6.394102573394775,1
2,generation,1626018030000,0.954116653148969,1626018030000,3335,3.0346837043762207,0
2,generation,1626018060000,0.8867317490239217,1626018060000,3336,2.057783603668213,0
2,generation,1626018090000,0.22579176693745884,1626018090000,3337,-1.2322276830673218,0
2,generation,1626018120000,0.19262955261369477,1626018120000,3338,-1.433013677597046,0
2,generation,1626018150000,0.2089879761612525,1626018150000,3339,-1.3310364484786987,0
2,generation,1626018180000,0.20165190944566208,1626018180000,3340,-1.3760017156600952,0
2,generation,1626018210000,0.21080854675645658,1626018210000,3341,-1.3200585842132568,0
2,generation,1626018240000,0.22611251466444873,1626018240000,3342,-1.2303937673568726,0
2,generation,1626018270000,0.21084922639208786,1626018270000,3343,-1.3198140859603882,0
2,generation,1626018300000,0.1956216194349338,1626018300000,3344,-1.4138875007629395,0
2,generation,1626018330000,0.22602303816614872,1626018330000,3345,-1.2309051752090454,0
2,generation,1626018360000,0.25889400820119063,1626018360000,3346,-1.051724910736084,0
2,generation,1626018390000,0.2188504753562341,1626018390000,3347,-1.272377848625183,0
2,generation,1626018420000,0.28964510153284895,1626018420000,3348,-0.8971083164215088,0
2,generation,1626018450000,0.2601843364087524,1626018450000,3349,-1.0450106859207153,0
2,generation,1626018480000,0.19567058254253158,1626018480000,3350,-1.413576364517212,0
2,generation,1626018510000,0.998152316352315,1626018510000,3351,6.291973114013672,1
2,generation,1626018540000,0.876120043033834,1626018540000,3352,1.9561901092529297,0
2,generation,1626018570000,0.2303171503696563,1626018570000,3353,-1.2065212726593018,0
2,generation,1626018600000,0.22866002945797345,1626018600000,3354,-1.2158929109573364,0
2,generation,1626018630000,0.2106616838494471,1626018630000,3355,-1.3209415674209595,0
2,generation,1626018660000,0.2063232769648584,1626018660000,3356,-1.3472319841384888,0
2,generation,1626018690000,0.21773794784069053,1626018690000,3357,-1.2788975238800049,0
2,generation,1626018720000,0.23549935899307067,1626018720000,3358,-1.177514672279358,0
2,generation,1626018750000,0.22317266135597774,1626018750000,3359,-1.2472723722457886,0
2,generation,1626018780000,0.4866426116009921,1626018780000,3360,-0.05344226956367493,0
2,generation,1626018810000,0.3259306062823824,1626018810000,3361,-0.7266485691070557,0
2,generation,1626018840000,0.9984683261278992,1626018840000,3362,6.479861259460449,1
2,generation,1626018870000,0.880993717445083,1626018870000,3363,2.0018742084503174,0
2,generation,1626018900000,0.2718668280992023,1626018900000,3364,-0.9851716160774231,0
2,generation,1626018930000,0.31825324260398985,1626018930000,3365,-0.761810839176178,0
2,generation,1626018960000,0.25637666463866216,1626018960000,3366,-1.0648869276046753,0
2,generation,1626018990000,0.22860147873447476,1626018990000,3367,-1.2162249088287354,0
2,generation,1626019020000,0.685831069115679,1626019020000,3368,0.7807005047798157,0
2,generation,1626019050000,0.3188137976041178,1626019050000,3369,-0.7592284679412842,0
2,generation,1626019080000,0.22028453743609872,1626019080000,3370,-1.2640089988708496,0
2,generation,1626019110000,0.4279763119576365,1626019110000,3371,-0.29011255502700806,0
2,generation,1626019140000,0.2760799401905677,1626019140000,3372,-0.9639905095100403,0
2,generation,1626019170000,0.18337935815162898,1626019170000,3373,-1.4936176538467407,0
2,generation,1626019200000,0.5117219159113848,1626019200000,3374,0.046896256506443024,0
2,generation,1626019230000,0.2381868805500297,1626019230000,3375,-1.162645697593689,0
2,generation,1626019260000,0.18074330531293648,1626019260000,3376,-1.511319637298584,0
2,generation,1626019290000,0.1795073782948364,1626019290000,3377,-1.519688606262207,0
2,generation,1626019320000,0.17984591112815249,1626019320000,3378,-1.5173918008804321,0
2,generation,1626019350000,0.18072865466971502,1626019350000,3379,-1.5114185810089111,0
2,generation,1626019380000,0.9980529751379371,1626019380000,3380,6.239503860473633,1
2,generation,1626019410000,0.8298664284718688,1626019410000,3381,1.5846809148788452,0
2,generation,1626019440000,0.18293134719141785,1626019440000,3382,-1.4966121912002563,0
2,generation,1626019470000,0.18069118500712172,1626019470000,3383,-1.5116716623306274,0
2,generation,1626019500000,0.18014395115754955,1626019500000,3384,-1.5153725147247314,0
2,generation,1626019530000,0.18017083749913973,1626019530000,3385,-1.5151904821395874,0
2,generation,1626019560000,0.18065809742984656,1626019560000,3386,-1.5118951797485352,0
2,generation,1626019590000,0.18076270560087898,1626019590000,3387,-1.5111886262893677,0
2,generation,1626019620000,0.1787064803870072,1626019620000,3388,-1.52513587474823,0
2,generation,1626019650000,0.17818683465265492,1626019650000,3389,-1.528680443763733,0
2,generation,1626019680000,0.18126785973330112,1626019680000,3390,-1.5077811479568481,0
2,generation,1626019710000,0.18196816198525587,1626019710000,3391,-1.503069519996643,0
2,generation,1626019740000,0.1814744857696654,1626019740000,3392,-1.5063894987106323,0
2,generation,1626019770000,0.18942203096635823,1626019770000,3393,-1.4537700414657593,0
2,generation,1626019800000,0.18145778817026995,1626019800000,3394,-1.5065019130706787,0
2,generation,1626019830000,0.18299521523486306,1626019830000,3395,-1.4961849451065063,0
2,generation,1626019860000,0.1819706817871463,1626019860000,3396,-1.5030525922775269,0
2,generation,1626019890000,0.17959843289077185,1626019890000,3397,-1.5190705060958862,0
2,generation,1626019920000,0.17837638711859638,1626019920000,3398,-1.5273865461349487,0
2,generation,1626019950000,0.1818630997577236,1626019950000,3399,-1.5037754774093628,0
2,generation,1626019980000,0.1809908468209583,1626019980000,3400,-1.5096487998962402,0
2,generation,1626020010000,0.18142044866225035,1626020010000,3401,-1.5067533254623413,0
2,generation,1626020040000,0.1888090563446215,1626020040000,3402,-1.4577672481536865,0
2,generation,1626020070000,0.17941086645658205,1626020070000,3403,-1.5203440189361572,0
2,generation,1626020100000,0.99795558980519,1626020100000,3404,6.19059944152832,1
2,generation,1626020130000,0.8528236991269443,1626020130000,3405,1.756921648979187,0
2,generation,1626020160000,0.17769704286497878,1626020160000,3406,-1.5320287942886353,0
2,generation,1626020190000,0.18128107590506717,1626020190000,3407,-1.5076920986175537,0
2,generation,1626020220000,0.18307778461049845,1626020220000,3408,-1.4956327676773071,0
2,generation,1626020250000,0.18374996492630039,1626020250000,3409,-1.4911447763442993,0
2,generation,1626020280000,0.9981220482874752,1626020280000,3410,6.275693893432617,1
2,generation,1626020310000,0.8238390197682041,1626020310000,3411,1.5425769090652466,0
2,generation,1626020340000,0.17845098347407817,1626020340000,3412,-1.5268776416778564,0
2,generation,1626020370000,0.9982966995295499,1626020370000,3413,6.373482704162598,1
2,generation,1626020400000,0.812853517923321,1626020400000,3414,1.4686592817306519,0
2,generation,1626020430000,0.18005391264336804,1626020430000,3415,-1.5159822702407837,0
2,generation,1626020460000,0.9981426236407119,1626020460000,3416,6.286731243133545,1
2,generation,1626020490000,0.7753390462579195,1626020490000,3417,1.2387080192565918,0
2,generation,1626020520000,0.9978206520221077,1626020520000,3418,6.126547813415527,1
2,generation,1626020550000,0.8124324530984458,1626020550000,3419,1.4658937454223633,0
2,generation,1626020580000,0.18099742044028605,1626020580000,3420,-1.5096044540405273,0
2,generation,1626020610000,0.18162228418415277,1626020610000,3421,-1.5053948163986206,0
2,generation,1626020640000,0.9981579886731802,1626020640000,3422,6.295053482055664,1
2,generation,1626020670000,0.8711286019464026,1626020670000,3423,1.9109746217727661,0
2,generation,1626020700000,0.18011023760993122,1626020700000,3424,-1.5156008005142212,0
2,generation,1626020730000,0.17901338078757364,1626020730000,3425,-1.5230462551116943,0
2,generation,1626020760000,0.9980274633826313,1626020760000,3426,6.2264604568481445,1
2,generation,1626020790000,0.8209103949527248,1626020790000,3427,1.5225276947021484,0
2,generation,1626020820000,0.1786119144109221,1626020820000,3428,-1.5257803201675415,0
2,generation,1626020850000,0.1791430823050256,1626020850000,3429,-1.522163987159729,0
2,generation,1626020880000,0.185541006222393,1626020880000,3430,-1.4792481660842896,0
2,generation,1626020910000,0.1788600804439305,1626020910000,3431,-1.5240896940231323,0
2,generation,1626020940000,0.18265251944411787,1626020940000,3432,-1.4984787702560425,0
2,generation,1626020970000,0.180613582239519,1626020970000,3433,-1.5121959447860718,0
2,generation,1626021000000,0.17932235979495353,1626021000000,3434,-1.5209453105926514,0
2,generation,1626021030000,0.1789707062843391,1626021030000,3435,-1.52333664894104,0
2,generation,1626021060000,0.18226154611387188,1626021060000,3436,-1.5010998249053955,0
2,generation,1626021090000,0.9982661065038,1626021090000,3437,6.355650424957275,1
2,generation,1626021120000,0.8382990405885457,1626021120000,3438,1.645626187324524,0
2,generation,1626021150000,0.18127238888571617,1626021150000,3439,-1.5077506303787231,0
2,generation,1626021180000,0.17887895502716064,1626021180000,3440,-1.5239611864089966,0
2,generation,1626021210000,0.1816247471030989,1626021210000,3441,-1.505378246307373,0
2,generation,1626021240000,0.18552414535778622,1626021240000,3442,-1.479359745979309,0
2,generation,1626021270000,0.18302412548861782,1626021270000,3443,-1.495991587638855,0
2,generation,1626021300000,0.1818339773835572,1626021300000,3444,-1.5039712190628052,0
2,generation,1626021330000,0.18115087537751276,1626021330000,3445,-1.508569598197937,0
2,generation,1626021360000,0.9982266599770251,1626021360000,3446,6.333115577697754,1
2,generation,1626021390000,0.9869917720679435,1626021390000,3447,4.329079627990723,1
2,generation,1626021420000,0.9927206770236198,1626021420000,3448,4.915411472320557,1
2,generation,1626021450000,0.7856175150966317,1626021450000,3449,1.2987083196640015,0
2,generation,1626021480000,0.18633350058561457,1626021480000,3450,-1.4740124940872192,0
2,generation,1626021510000,0.17897273822313117,1626021510000,3451,-1.5233228206634521,0
2,generation,1626021540000,0.18616419112711535,1626021540000,3452,-1.4751296043395996,0
2,generation,1626021570000,0.1859456971868646,1626021570000,3453,-1.4765723943710327,0
2,generation,1626021600000,0.18186939648480224,1626021600000,3454,-1.5037331581115723,0
2,generation,1626021630000,0.9983441032966397,1626021630000,3455,6.401755332946777,1
2,generation,1626021660000,0.8931479188846304,1626021660000,3456,2.1233067512512207,0
2,generation,1626021690000,0.9980010340193388,1626021690000,3457,6.2131242752075195,1
2,generation,1626021720000,0.9925534777314543,1626021720000,3458,4.892533779144287,1
2,generation,1626021750000,0.8048300351985407,1626021750000,3459,1.4167603254318237,0
2,generation,1626021780000,0.9980917957882941,1626021780000,3460,6.259682655334473,1
2,generation,1626021810000,0.9854875847165777,1626021810000,3461,4.218132019042969,1
2,generation,1626021840000,0.7750804802503483,1626021840000,3462,1.2372242212295532,0
2,generation,1626021870000,0.20962553269543216,1626021870000,3463,-1.3271840810775757,0
2,generation,1626021900000,0.1820103101270549,1626021900000,3464,-1.50278639793396,0
2,generation,1626021930000,0.1829562579470208,1626021930000,3465,-1.4964455366134644,0
2,generation,1626021960000,0.18006295891436624,1626021960000,3466,-1.5159209966659546,0
2,generation,1626021990000,0.17882305366833356,1626021990000,3467,-1.5243418216705322,0
2,generation,1626022020000,0.17903670096482055,1626022020000,3468,-1.5228875875473022,0
2,generation,1626022050000,0.18024677706449602,1626022050000,3469,-1.5146764516830444,0
2,generation,1626022080000,0.17803344317968198,1626022080000,3470,-1.5297282934188843,0
2,generation,1626022110000,0.1781501613642301,1626022110000,3471,-1.528930902481079,0
2,generation,1626022140000,0.9980513770146874,1626022140000,3472,6.238681793212891,1
2,generation,1626022170000,0.8355437937836377,1626022170000,3473,1.6254384517669678,0
2,generation,1626022200000,0.9978804908381916,1626022200000,3474,6.154448986053467,1
2,generation,1626022230000,0.8433069757897795,1626022230000,3475,1.6830424070358276,0
2,generation,1626022260000,0.17858729100350176,1626022260000,3476,-1.525948166847229,0
2,generation,1626022290000,0.9979528376893728,1626022290000,3477,6.18925142288208,1
2,generation,1626022320000,0.7970811509585946,1626022320000,3478,1.3681503534317017,0
2,generation,1626022350000,0.17971400208866392,1626022350000,3479,-1.5182863473892212,0
2,generation,1626022380000,0.18072120614340106,1626022380000,3480,-1.5114688873291016,0
2,generation,1626022410000,0.17981540571976393,1626022410000,3481,-1.5175986289978027,0
2,generation,1626022440000,0.1790464257074068,1626022440000,3482,-1.5228214263916016,0
2,generation,1626022470000,0.17771106555923613,1626022470000,3483,-1.5319328308105469,0
2,generation,1626022500000,0.18134118621899942,1626022500000,3484,-1.5072871446609497,0
2,generation,1626022530000,0.18011608211237456,1626022530000,3485,-1.5155612230300903,0
2,generation,1626022560000,0.18221082617552883,1626022560000,3486,-1.501440167427063,0
2,generation,1626022590000,0.1878363492380051,1626022590000,3487,-1.4641307592391968,0
2,generation,1626022620000,0.9982578159352169,1626022620000,3488,6.350872039794922,1
2,generation,1626022650000,0.8501910402604002,1626022650000,3489,1.736100196838379,0
2,generation,1626022680000,0.1868387724417829,1626022680000,3490,-1.4706833362579346,0
2,generation,1626022710000,0.1780043122414438,1626022710000,3491,-1.529927372932434,0
2,generation,1626022740000,0.1833253984557118,1626022740000,3492,-1.4939780235290527,0
2,generation,1626022770000,0.1814878022096766,1626022770000,3493,-1.5062998533248901,0
2,generation,1626022800000,0.18200010514377304,1626022800000,3494,-1.5028549432754517,0
2,generation,1626022830000,0.18241078494522742,1626022830000,3495,-1.5000988245010376,0
2,generation,1626022860000,0.1803781980787907,1626022860000,3496,-1.5137872695922852,0
2,generation,1626022890000,0.1818321329704313,1626022890000,3497,-1.5039836168289185,0
2,generation,1626022920000,0.1796040712076629,1626022920000,3498,-1.5190322399139404,0
2,generation,1626022950000,0.17870334855216952,1626022950000,3499,-1.5251572132110596,0
2,generation,1626022980000,0.1804340204284955,1626022980000,3500,-1.5134097337722778,0
2,generation,1626023010000,0.18122110492348786,1626023010000,3501,-1.5080962181091309,0
2,generation,1626023040000,0.18129043560228125,1626023040000,3502,-1.5076290369033813,0
2,generation,1626023070000,0.18128873702815168,1626023070000,3503,-1.5076404809951782,0
2,generation,1626023100000,0.9980977649099221,1626023100000,3504,6.262821674346924,1
2,generation,1626023130000,0.8059586693917348,1626023130000,3505,1.4239612817764282,0
2,generation,1626023160000,0.18427893502958442,1626023160000,3506,-1.4876219034194946,0
2,generation,1626023190000,0.18016809061731964,1626023190000,3507,-1.5152090787887573,0
2,generation,1626023220000,0.1819348392701048,1626023220000,3508,-1.5032933950424194,0
2,generation,1626023250000,0.1798391239846886,1626023250000,3509,-1.5174378156661987,0
2,generation,1626023280000,0.1785851750533896,1626023280000,3510,-1.5259625911712646,0
2,generation,1626023310000,0.1788006304376889,1626023310000,3511,-1.5244945287704468,0
2,generation,1626023340000,0.1784478726205394,1626023340000,3512,-1.5268988609313965,0
2,generation,1626023370000,0.1804668644346632,1626023370000,3513,-1.5131876468658447,0
2,generation,1626023400000,0.1824354450565012,1626023400000,3514,-1.4999334812164307,0
2,generation,1626023430000,0.18173587126311277,1626023430000,3515,-1.5046308040618896,0
2,generation,1626023460000,0.19125437206576792,1626023460000,3516,-1.4418801069259644,0
2,generation,1626023490000,0.18069944440300598,1626023490000,3517,-1.5116158723831177,0
2,generation,1626023520000,0.18040608113040682,1626023520000,3518,-1.5135986804962158,0
2,generation,1626023550000,0.17881934256804494,1626023550000,3519,-1.524367094039917,0
2,generation,1626023580000,0.9983126253315623,1626023580000,3520,6.382892608642578,1
2,generation,1626023610000,0.8108670691291417,1626023610000,3521,1.4556540250778198,0
2,generation,1626023640000,0.1864621835453478,1626023640000,3522,-1.4731639623641968,0
2,generation,1626023670000,0.18473109801876325,1626023670000,3523,-1.484616756439209,0
2,generation,1626023700000,0.18099471675175544,1626023700000,3524,-1.5096226930618286,0
2,generation,1626023730000,0.17949565006515594,1626023730000,3525,-1.519768238067627,0
2,generation,1626023760000,0.183309389628273,1626023760000,3526,-1.4940849542617798,0
2,generation,1626023790000,0.18042591151496276,1626023790000,3527,-1.5134645700454712,0
2,generation,1626023820000,0.18036871649212433,1626023820000,3528,-1.5138514041900635,0
2,generation,1626023850000,0.18154697393920535,1626023850000,3529,-1.505901575088501,0
2,generation,1626023880000,0.17908122789927072,1626023880000,3530,-1.5225846767425537,0
2,generation,1626023910000,0.1805975461630187,1626023910000,3531,-1.5123043060302734,0
2,generation,1626023940000,0.18277723703825424,1626023940000,3532,-1.4976435899734497,0
2,generation,1626023970000,0.181920823145457,1626023970000,3533,-1.5033875703811646,0
2,generation,1626024000000,0.18565081091083768,1626024000000,3534,-1.478521704673767,0
2,generation,1626024030000,0.19076053310556765,1626024030000,3535,-1.4450759887695312,0
2,generation,1626024060000,0.998234675092312,1626024060000,3536,6.337653636932373,1
2,generation,1626024090000,0.8173995127118282,1626024090000,3537,1.498827338218689,0
2,generation,1626024120000,0.17980798657132782,1626024120000,3538,-1.5176489353179932,0
2,generation,1626024150000,0.180711834048584,1626024150000,3539,-1.511532187461853,0
2,generation,1626024180000,0.1799400901880862,1626024180000,3540,-1.5167534351348877,0
2,generation,1626024210000,0.18214475570990016,1626024210000,3541,-1.501883625984192,0
2,generation,1626024240000,0.9980952908466879,1626024240000,3542,6.261519432067871,1
2,generation,1626024270000,0.8321806886776137,1626024270000,3543,1.6011617183685303,0
2,generation,1626024300000,0.19156394831284657,1626024300000,3544,-1.4398798942565918,0
2,generation,1626024330000,0.18269838632965793,1626024330000,3545,-1.4981715679168701,0
2,generation,1626024360000,0.17904558463227327,1626024360000,3546,-1.5228271484375,0
2,generation,1626024390000,0.18447833780259265,1626024390000,3547,-1.4862959384918213,0
2,generation,1626024420000,0.9980827563938348,1626024420000,3548,6.254947662353516,1
2,generation,1626024450000,0.8511004041906217,1626024450000,3549,1.7432578802108765,0
2,generation,1626024480000,0.1882255628794408,1626024480000,3550,-1.4615814685821533,0
2,generation,1626024510000,0.1785730393218029,1626024510000,3551,-1.526045322418213,0
2,generation,1626024540000,0.1826150067317629,1626024540000,3552,-1.4987300634384155,0
2,generation,1626024570000,0.1837064854476368,1626024570000,3553,-1.4914346933364868,0
2,generation,1626024600000,0.18149513365947184,1626024600000,3554,-1.5062505006790161,0
2,generation,1626024630000,0.18087488484106515,1626024630000,3555,-1.5104312896728516,0
2,generation,1626024660000,0.9980903567113946,1626024660000,3556,6.258927345275879,1
2,generation,1626024690000,0.8418077254262388,1626024690000,3557,1.6717404127120972,0
2,generation,1626024720000,0.18105310928339932,1626024720000,3558,-1.5092288255691528,0
2,generation,1626024750000,0.181172219662951,1626024750000,3559,-1.5084257125854492,0
2,generation,1626024780000,0.18060267970367658,1626024780000,3560,-1.5122696161270142,0
2,generation,1626024810000,0.18191337187676102,1626024810000,3561,-1.5034376382827759,0
2,generation,1626024840000,0.1798044177296132,1626024840000,3562,-1.517673134803772,0
2,generation,1626024870000,0.17949598364425554,1626024870000,3563,-1.5197659730911255,0
2,generation,1626024900000,0.1856220305295137,1626024900000,3564,-1.4787120819091797,0
2,generation,1626024930000,0.19123965830965284,1626024930000,3565,-1.4419752359390259,0
2,generation,1626024960000,0.19277561449497868,1626024960000,3566,-1.432074785232544,0
2,generation,1626024990000,0.17927769829804172,1626024990000,3567,-1.5212488174438477,0
2,generation,1626025020000,0.17939870441910352,1626025020000,3568,-1.520426630973816,0
2,generation,1626025050000,0.18165581046242796,1626025050000,3569,-1.5051692724227905,0
2,generation,1626025080000,0.17889298065672984,1626025080000,3570,-1.5238656997680664,0
2,generation,1626025110000,0.18221553351878367,1626025110000,3571,-1.501408576965332,0
2,generation,1626025140000,0.17757355868962113,1626025140000,3572,-1.5328741073608398,0
2,generation,1626025170000,0.18140492327805038,1626025170000,3573,-1.5068578720092773,0
2,generation,1626025200000,0.997818221144933,1626025200000,3574,6.125430583953857,1
2,generation,1626025230000,0.8300519595704597,1626025230000,3575,1.5859955549240112,0
2,generation,1626025260000,0.9980426393607436,1626025260000,3576,6.234199047088623,1
2,generation,1626025290000,0.831926932256192,1626025290000,3577,1.5993458032608032,0
2,generation,1626025320000,0.17845918025213311,1626025320000,3578,-1.5268217325210571,0
2,generation,1626025350000,0.9977249889256242,1626025350000,3579,6.083492755889893,1
2,generation,1626025380000,0.8264665899158953,1626025380000,3580,1.5607893466949463,0
2,generation,1626025410000,0.9980156500555849,1626025410000,3581,6.22047758102417,1
2,generation,1626025440000,0.8045069911575509,1626025440000,3582,1.4147050380706787,0
2,generation,1626025470000,0.18128206670586983,1626025470000,3583,-1.5076854228973389,0
2,generation,1626025500000,0.18067570825636478,1626025500000,3584,-1.5117762088775635,0
2,generation,1626025530000,0.17785233377058987,1626025530000,3585,-1.5309664011001587,0
2,generation,1626025560000,0.18066406166813373,1626025560000,3586,-1.511854887008667,0
2,generation,1626025590000,0.18637274181055805,1626025590000,3587,-1.4737536907196045,0
2,generation,1626025620000,0.17801807483608043,1626025620000,3588,-1.5298333168029785,0
2,generation,1626025650000,0.18007197033848632,1626025650000,3589,-1.5158599615097046,0
2,generation,1626025680000,0.18139862136475635,1626025680000,3590,-1.5069003105163574,0
2,generation,1626025710000,0.18160476100028858,1626025710000,3591,-1.5055127143859863,0
2,generation,1626025740000,0.998185144109293,1626025740000,3592,6.309932708740234,1
2,generation,1626025770000,0.9593701578437217,1626025770000,3593,3.161774158477783,0
2,generation,1626025800000,0.9919324697250084,1626025800000,3594,4.811807632446289,1
2,generation,1626025830000,0.824857984831334,1626025830000,3595,1.5496140718460083,0
2,generation,1626025860000,0.17907537459274736,1626025860000,3596,-1.5226244926452637,0
2,generation,1626025890000,0.17911556213095112,1626025890000,3597,-1.5223511457443237,0
2,generation,1626025920000,0.9978368486468157,1626025920000,3598,6.134023666381836,1
2,generation,1626025950000,0.8088549463466211,1626025950000,3599,1.4425870180130005,0
2,generation,1626025980000,0.1804406664238869,1626025980000,3600,-1.5133647918701172,0
2,generation,1626026010000,0.18731907432394573,1626026010000,3601,-1.4675251245498657,0
2,generation,1626026040000,0.9981107580878229,1626026040000,3602,6.269688606262207,1
2,generation,1626026070000,0.9409043926438969,1626026070000,3603,2.7676849365234375,0
2,generation,1626026100000,0.7368540400212623,1626026100000,3604,1.0296809673309326,0
2,generation,1626026130000,0.18345736532821794,1626026130000,3605,-1.4930968284606934,0
2,generation,1626026160000,0.18504058455513958,1626026160000,3606,-1.4825631380081177,0
2,generation,1626026190000,0.18341959942917507,1626026190000,3607,-1.4933489561080933,0
2,generation,1626026220000,0.18659352230192944,1626026220000,3608,-1.4722983837127686,0
2,generation,1626026250000,0.1803111832305252,1626026250000,3609,-1.5142406225204468,0
2,generation,1626026280000,0.1801840793365774,1626026280000,3610,-1.5151008367538452,0
2,generation,1626026310000,0.181574147310499,1626026310000,3611,-1.50571870803833,0
2,generation,1626026340000,0.18135649497396034,1626026340000,3612,-1.5071840286254883,0
2,generation,1626026370000,0.9982118743962552,1626026370000,3613,6.324797630310059,1
2,generation,1626026400000,0.8185154561384704,1626026400000,3614,1.5063217878341675,0
2,generation,1626026430000,0.9978435242883906,1626026430000,3615,6.137121200561523,1
2,generation,1626026460000,0.7909488370473036,1626026460000,3616,1.330654263496399,0
2,generation,1626026490000,0.17982083837576499,1626026490000,3617,-1.5175617933273315,0
2,generation,1626026520000,0.19331731179930622,1626026520000,3618,-1.4285974502563477,0
2,generation,1626026550000,0.1837521105017358,1626026550000,3619,-1.4911304712295532,0
2,generation,1626026580000,0.18403963210512175,1626026580000,3620,-1.4892146587371826,0
2,generation,1626026610000,0.1806725142095344,1626026610000,3621,-1.5117977857589722,0
2,generation,1626026640000,0.18852404801674721,1626026640000,3622,-1.4596291780471802,0
2,generation,1626026670000,0.9978955158055461,1626026670000,3623,6.161578178405762,1
2,generation,1626026700000,0.9967086791607872,1626026700000,3624,5.713169574737549,1
2,generation,1626026730000,0.8387172737146346,1626026730000,3625,1.6487147808074951,0
2,generation,1626026760000,0.1810000181314508,1626026760000,3626,-1.5095869302749634,0
2,generation,1626026790000,0.1792633158491673,1626026790000,3627,-1.5213465690612793,0
2,generation,1626026820000,0.9981053527341781,1626026820000,3628,6.266826152801514,1
2,generation,1626026850000,0.8190480786234186,1626026850000,3629,1.5099114179611206,0
2,generation,1626026880000,0.9978521485980437,1626026880000,3630,6.14113712310791,1
2,generation,1626026910000,0.782967159640762,1626026910000,3631,1.283042073249817,0
2,generation,1626026940000,0.18946233867440557,1626026940000,3632,-1.4535075426101685,0
2,generation,1626026970000,0.9981407105204211,1626026970000,3633,6.285699844360352,1
2,generation,1626027000000,0.8328923436445964,1626027000000,3634,1.6062661409378052,0
2,generation,1626027030000,0.9971101771695814,1626027030000,3635,5.843666076660156,1
2,generation,1626027060000,0.9937055690252765,1626027060000,3636,5.0617756843566895,1
2,generation,1626027090000,0.7900770809747923,1626027090000,3637,1.325390100479126,0
2,generation,1626027120000,0.1847007045469227,1626027120000,3638,-1.4848185777664185,0
2,generation,1626027150000,0.17923144966032337,1626027150000,3639,-1.521563172340393,0
2,generation,1626027180000,0.9972265337446585,1626027180000,3640,5.884880065917969,1
2,generation,1626027210000,0.7916513377788923,1626027210000,3641,1.334908127784729,0
2,generation,1626027240000,0.1797658847941376,1626027240000,3642,-1.5179344415664673,0
2,generation,1626027270000,0.17930897446699348,1626027270000,3643,-1.5210362672805786,0
2,generation,1626027300000,0.18042866146248696,1626027300000,3644,-1.5134459733963013,0
2,generation,1626027330000,0.970276301885456,1626027330000,3645,3.4856362342834473,0
2,generation,1626027360000,0.9950788252030516,1626027360000,3646,5.309274673461914,1
2,generation,1626027390000,0.41985305215264523,1626027390000,3647,-0.3233766555786133,0
2,generation,1626027420000,0.9980223661238458,1626027420000,3648,6.223874568939209,1
2,generation,1626027450000,0.8527002896531061,1626027450000,3649,1.7559387683868408,0
2,generation,1626027480000,0.18153629322625506,1626027480000,3650,-1.5059734582901,0
2,generation,1626027510000,0.17955482403871034,1626027510000,3651,-1.5193665027618408,0
2,generation,1626027540000,0.1815258609621572,1626027540000,3652,-1.5060436725616455,0
2,generation,1626027570000,0.1816447703581515,1626027570000,3653,-1.5052435398101807,0
2,generation,1626027600000,0.18498011814238824,1626027600000,3654,-1.4829641580581665,0
2,generation,1626027630000,0.17795296715505865,1626027630000,3655,-1.5302783250808716,0
2,generation,1626027660000,0.1794060226242014,1626027660000,3656,-1.5203769207000732,0
2,generation,1626027690000,0.9983043816685158,1626027690000,3657,6.3780107498168945,1
2,generation,1626027720000,0.9859277023209253,1626027720000,3658,4.249374866485596,1
2,generation,1626027750000,0.828525554684233,1626027750000,3659,1.5752134323120117,0
2,generation,1626027780000,0.18424716576033148,1626027780000,3660,-1.4878332614898682,0
2,generation,1626027810000,0.18024195084835862,1626027810000,3661,-1.5147091150283813,0
2,generation,1626027840000,0.18055060864990832,1626027840000,3662,-1.512621521949768,0
2,generation,1626027870000,0.17911121529747082,1626027870000,3663,-1.5223807096481323,0
2,generation,1626027900000,0.17945627357794236,1626027900000,3664,-1.5200356245040894,0
2,generation,1626027930000,0.1804874582234715,1626027930000,3665,-1.5130484104156494,0
2,generation,1626027960000,0.1826944880976343,1626027960000,3666,-1.4981976747512817,0
2,generation,1626027990000,0.17984942786144764,1626027990000,3667,-1.517367959022522,0
2,generation,1626028020000,0.17977135143760178,1626028020000,3668,-1.517897367477417,0
2,generation,1626028050000,0.18008615700439265,1626028050000,3669,-1.5157638788223267,0
2,generation,1626028080000,0.17966262302385516,1626028080000,3670,-1.5186349153518677,0
2,generation,1626028110000,0.9982382854741748,1626028110000,3671,6.339704513549805,1
2,generation,1626028140000,0.8244363394516615,1626028140000,3672,1.5466982126235962,0
2,generation,1626028170000,0.18615920632824304,1626028170000,3673,-1.4751625061035156,0
2,generation,1626028200000,0.1799910561366783,1626028200000,3674,-1.516408085823059,0
2,generation,1626028230000,0.9981186550650484,1626028230000,3675,6.273885250091553,1
2,generation,1626028260000,0.8206253369628167,1626028260000,3676,1.5205899477005005,0
2,generation,1626028290000,0.17960568719936548,1626028290000,3677,-1.5190212726593018,0
2,generation,1626028320000,0.17716117372295834,1626028320000,3678,-1.5357004404067993,0
2,generation,1626028350000,0.17940665442262993,1626028350000,3679,-1.5203726291656494,0
2,generation,1626028380000,0.18218666922185509,1626028380000,3680,-1.501602292060852,0
2,generation,1626028410000,0.9982197782823131,1626028410000,3681,6.329235553741455,1
2,generation,1626028440000,0.8116675658898099,1626028440000,3682,1.4608821868896484,0
2,generation,1626028470000,0.1829017356838804,1626028470000,3683,-1.4968103170394897,0
2,generation,1626028500000,0.18357391513472418,1626028500000,3684,-1.4923189878463745,0
2,generation,1626028530000,0.1788865368149908,1626028530000,3685,-1.523909568786621,0
2,generation,1626028560000,0.17826662514471536,1626028560000,3686,-1.5281356573104858,0
2,generation,1626028590000,0.9981178176731478,1626028590000,3687,6.273439407348633,1
2,generation,1626028620000,0.807616017986247,1626028620000,3688,1.4345934391021729,0
2,generation,1626028650000,0.1853996349797767,1626028650000,3689,-1.4801839590072632,0
2,generation,1626028680000,0.9981016095886082,1626028680000,3690,6.264848709106445,1
2,generation,1626028710000,0.8305412247771287,1626028710000,3691,1.5894678831100464,0
2,generation,1626028740000,0.17961613872428583,1626028740000,3692,-1.518950343132019,0
2,generation,1626028770000,0.17912961979415604,1626028770000,3693,-1.522255539894104,0
2,generation,1626028800000,0.18204632396190312,1626028800000,3694,-1.5025445222854614,0
2,generation,1626028830000,0.1863131865814881,1626028830000,3695,-1.4741464853286743,0
2,generation,1626028860000,0.1769457751447363,1626028860000,3696,-1.5371787548065186,0
2,generation,1626028890000,0.18073333218413462,1626028890000,3697,-1.5113869905471802,0
2,generation,1626028920000,0.17863570090639672,1626028920000,3698,-1.5256181955337524,0
2,generation,1626028950000,0.1810740203460997,1626028950000,3699,-1.5090878009796143,0
2,generation,1626028980000,0.9980606692880643,1626028980000,3700,6.243471145629883,1
2,generation,1626029010000,0.8721986358253633,1626029010000,3701,1.9205399751663208,0
2,generation,1626029040000,0.17869055921433413,1626029040000,3702,-1.5252443552017212,0
2,generation,1626029070000,0.1799674277877035,1626029070000,3703,-1.5165681838989258,0
2,generation,1626029100000,0.1808207749392499,1626029100000,3704,-1.5107965469360352,0
2,generation,1626029130000,0.18494786006104955,1626029130000,3705,-1.4831781387329102,0
2,generation,1626029160000,0.17997254735107093,1626029160000,3706,-1.5165334939956665,0
2,generation,1626029190000,0.17994104008892078,1626029190000,3707,-1.516746997833252,0
2,generation,1626029220000,0.17966170940970644,1626029220000,3708,-1.5186411142349243,0
2,generation,1626029250000,0.9979097970419819,1626029250000,3709,6.168401718139648,1
2,generation,1626029280000,0.8132465175960713,1626029280000,3710,1.4712448120117188,0
2,generation,1626029310000,0.17912798962191875,1626029310000,3711,-1.5222666263580322,0
2,generation,1626029340000,0.18023140045687483,1626029340000,3712,-1.5147805213928223,0
2,generation,1626029370000,0.17957531899326135,1626029370000,3713,-1.519227385520935,0
2,generation,1626029400000,0.17979643638229145,1626029400000,3714,-1.517727255821228,0
2,generation,1626029430000,0.18030424144048923,1626029430000,3715,-1.5142875909805298,0
2,generation,1626029460000,0.18082038646729331,1626029460000,3716,-1.5107991695404053,0
2,generation,1626029490000,0.17910206618358668,1626029490000,3717,-1.5224429368972778,0
2,generation,1626029520000,0.9978923661046083,1626029520000,3718,6.160079479217529,1
2,generation,1626029550000,0.8142089683902543,1626029550000,3719,1.4775944948196411,0
2,generation,1626029580000,0.17903601762006152,1626029580000,3720,-1.5228922367095947,0
2,generation,1626029610000,0.17971119035200434,1626029610000,3721,-1.5183054208755493,0
2,generation,1626029640000,0.18148378240629742,1626029640000,3722,-1.5063269138336182,0
2,generation,1626029670000,0.18106323756829884,1626029670000,3723,-1.5091605186462402,0
2,generation,1626029700000,0.18067064368320776,1626029700000,3724,-1.5118104219436646,0
2,generation,1626029730000,0.1816619421101833,1626029730000,3725,-1.505128026008606,0
2,generation,1626029760000,0.18295725585759098,1626029760000,3726,-1.4964388608932495,0
2,generation,1626029790000,0.17926861269494332,1626029790000,3727,-1.521310567855835,0
2,generation,1626029820000,0.17953787800574406,1626029820000,3728,-1.5194815397262573,0
2,generation,1626029850000,0.9980607292789894,1626029850000,3729,6.243502140045166,1
2,generation,1626029880000,0.8442450325890325,1626029880000,3730,1.690158724784851,0
2,generation,1626029910000,0.18020649710320433,1626029910000,3731,-1.514949083328247,0
2,generation,1626029940000,0.18222438002709151,1626029940000,3732,-1.5013492107391357,0
2,generation,1626029970000,0.997969670974128,1626029970000,3733,6.1975250244140625,1
2,generation,1626030000000,0.954128957395621,1626030000000,3734,3.0349647998809814,0
2,generation,1626030030000,0.7978299273736746,1626030030000,3735,1.3727861642837524,0
2,generation,1626030060000,0.18165664336466636,1626030060000,3736,-1.5051636695861816,0
2,generation,1626030090000,0.18476338073151974,1626030090000,3737,-1.4844024181365967,0
2,generation,1626030120000,0.17851130397398488,1626030120000,3738,-1.5264662504196167,0
2,generation,1626030150000,0.9978536963343361,1626030150000,3739,6.141859531402588,1
2,generation,1626030180000,0.7987534899301275,1626030180000,3740,1.3785218000411987,0
2,generation,1626030210000,0.1797354954356548,1626030210000,3741,-1.5181405544281006,0
2,generation,1626030240000,0.9981267259515161,1626030240000,3742,6.278192520141602,1
2,generation,1626030270000,0.961783676276126,1626030270000,3743,3.225526809692383,0
2,generation,1626030300000,0.7740359942492044,1626030300000,3744,1.2312426567077637,0
2,generation,1626030330000,0.1788627241924717,1626030330000,3745,-1.5240716934204102,0
2,generation,1626030360000,0.9982035849415063,1626030360000,3746,6.320164203643799,1
2,generation,1626030390000,0.8164254774056531,1626030390000,3747,1.4923149347305298,0
2,generation,1626030420000,0.1797048289246013,1626030420000,3748,-1.5183485746383667,0
2,generation,1626030450000,0.998053738512015,1626030450000,3749,6.239896774291992,1
2,generation,1626030480000,0.8000094418180638,1626030480000,3750,1.3863533735275269,0
2,generation,1626030510000,0.17988301536898663,1626030510000,3751,-1.51714026927948,0
2,generation,1626030540000,0.1790515773600091,1626030540000,3752,-1.5227863788604736,0
2,generation,1626030570000,0.18222164432421384,1626030570000,3753,-1.5013675689697266,0
2,generation,1626030600000,0.1814459606898079,1626030600000,3754,-1.5065815448760986,0
2,generation,1626030630000,0.17947259916684818,1626030630000,3755,-1.5199247598648071,0
2,generation,1626030660000,0.1772145297040853,1626030660000,3756,-1.5353344678878784,0
2,generation,1626030690000,0.18088232064039295,1626030690000,3757,-1.5103811025619507,0
2,generation,1626030720000,0.1790840845073667,1626030720000,3758,-1.522565245628357,0
2,generation,1626030750000,0.17923018702968058,1626030750000,3759,-1.5215717554092407,0
2,generation,1626030780000,0.18244150824904726,1626030780000,3760,-1.4998928308486938,0
2,generation,1626030810000,0.18006610935270884,1626030810000,3761,-1.515899658203125,0
2,generation,1626030840000,0.17911135551661833,1626030840000,3762,-1.522379755973816,0
2,generation,1626030870000,0.17898396676191236,1626030870000,3763,-1.52324640750885,0
2,generation,1626030900000,0.9979914890772946,1626030900000,3764,6.208351135253906,1
2,generation,1626030930000,0.9930884846950365,1626030930000,3765,4.967630863189697,1
2,generation,1626030960000,0.8147027486477076,1626030960000,3766,1.480862021446228,0
2,generation,1626030990000,0.18450916932246395,1626030990000,3767,-1.4860910177230835,0
2,generation,1626031020000,0.17916708189341646,1626031020000,3768,-1.522000789642334,0
2,generation,1626031050000,0.1838835282285088,1626031050000,3769,-1.490254521369934,0
2,generation,1626031080000,0.18107925282506698,1626031080000,3770,-1.5090525150299072,0
2,generation,1626031110000,0.18131510171040255,1626031110000,3771,-1.5074628591537476,0
2,generation,1626031140000,0.17964842727537883,1626031140000,3772,-1.5187312364578247,0
2,generation,1626031170000,0.9981569284123812,1626031170000,3773,6.2944769859313965,1
2,generation,1626031200000,0.8216049180320754,1626031200000,3774,1.5272589921951294,0
2,generation,1626031230000,0.17978989680609675,1626031230000,3775,-1.517771601676941,0
2,generation,1626031260000,0.18219206879547414,1626031260000,3776,-1.5015660524368286,0
2,generation,1626031290000,0.9980549783578415,1626031290000,3777,6.240535259246826,1
2,generation,1626031320000,0.9852839263212477,1626031320000,3778,4.203989505767822,1
2,generation,1626031350000,0.9906479229582358,1626031350000,3779,4.6627607345581055,1
2,generation,1626031380000,0.7654617810877972,1626031380000,3780,1.1828607320785522,0
2,generation,1626031410000,0.9970499015686777,1626031410000,3781,5.822962284088135,1
2,generation,1626031440000,0.784717313650537,1626031440000,3782,1.293371558189392,0
2,generation,1626031470000,0.9981277723668366,1626031470000,3783,6.278752326965332,1
2,generation,1626031500000,0.7746203276043201,1626031500000,3784,1.2345865964889526,0
2,generation,1626031530000,0.18166615992668064,1626031530000,3785,-1.5050996541976929,0
2,generation,1626031560000,0.998296242169425,1626031560000,3786,6.373213768005371,1
2,generation,1626031590000,0.8136434724020061,1626031590000,3787,1.4738606214523315,0
2,generation,1626031620000,0.1796758356956583,1626031620000,3788,-1.5185452699661255,0
2,generation,1626031650000,0.1816978314279167,1626031650000,3789,-1.5048866271972656,0
2,generation,1626031680000,0.18086820872060924,1626031680000,3790,-1.5104763507843018,0
2,generation,1626031710000,0.18202101252655611,1626031710000,3791,-1.5027145147323608,0
2,generation,1626031740000,0.17967796174164885,1626031740000,3792,-1.5185308456420898,0
2,generation,1626031770000,0.998148385590906,1626031770000,3793,6.289844036102295,1
2,generation,1626031800000,0.8436617692981235,1626031800000,3794,1.6857298612594604,0
2,generation,1626031830000,0.18087652740806917,1626031830000,3795,-1.5104202032089233,0
2,generation,1626031860000,0.19443304132800127,1626031860000,3796,-1.4214584827423096,0
2,generation,1626031890000,0.18196922668697002,1626031890000,3797,-1.50306236743927,0
2,generation,1626031920000,0.18088375130843998,1626031920000,3798,-1.510371446609497,0
2,generation,1626031950000,0.17949471955759588,1626031950000,3799,-1.5197745561599731,0
2,generation,1626031980000,0.9981832254168465,1626031980000,3800,6.308874130249023,1
2,generation,1626032010000,0.8764349387006638,1626032010000,3801,1.9590946435928345,0
2,generation,1626032040000,0.17762332041075385,1626032040000,3802,-1.5325334072113037,0
2,generation,1626032070000,0.1791586142571783,1626032070000,3803,-1.522058367729187,0
2,generation,1626032100000,0.998083632155957,1626032100000,3804,6.255405426025391,1
2,generation,1626032130000,0.8686715337158318,1626032130000,3805,1.8892635107040405,0
2,generation,1626032160000,0.17986349533149812,1626032160000,3806,-1.5172725915908813,0
2,generation,1626032190000,0.17991813801490625,1626032190000,3807,-1.516902208328247,0
2,generation,1626032220000,0.17810441968116303,1626032220000,3808,-1.5292433500289917,0
2,generation,1626032250000,0.18187085096417585,1626032250000,3809,-1.503723382949829,0
2,generation,1626032280000,0.9982828484290016,1626032280000,3810,6.36536979675293,1
2,generation,1626032310000,0.8790451136138314,1626032310000,3811,1.983418583869934,0
2,generation,1626032340000,0.17760942503027513,1626032340000,3812,-1.5326285362243652,0
2,generation,1626032370000,0.17587675547264806,1626032370000,3813,-1.5445365905761719,0
2,generation,1626032400000,0.9981884978175841,1626032400000,3814,6.311785697937012,1
2,generation,1626032430000,0.9931070858065516,1626032430000,3815,4.970344543457031,1
2,generation,1626032460000,0.9857096590933238,1626032460000,3816,4.23377799987793,1
2,generation,1626032490000,0.9366879725890322,1626032490000,3817,2.69427490234375,0
2,generation,1626032520000,0.9952823875605076,1626032520000,3818,5.351723670959473,1
2,generation,1626032550000,0.9984863850937219,1626032550000,3819,6.491739749908447,1
2,generation,1626032580000,0.8652062741998091,1626032580000,3820,1.8592222929000854,0
2,generation,1626032610000,0.18133630178750829,1626032610000,3821,-1.5073200464248657,0
2,generation,1626032640000,0.181965269570053,1626032640000,3822,-1.5030889511108398,0
2,generation,1626032670000,0.18422034526247325,1626032670000,3823,-1.4880117177963257,0
2,generation,1626032700000,0.1812333632217769,1626032700000,3824,-1.5080136060714722,0
2,generation,1626032730000,0.18111484034132602,1626032730000,3825,-1.5088125467300415,0
2,generation,1626032760000,0.17992617634853128,1626032760000,3826,-1.5168477296829224,0
2,generation,1626032790000,0.18050306347032538,1626032790000,3827,-1.512942910194397,0
2,generation,1626032820000,0.18010902295781683,1626032820000,3828,-1.5156090259552002,0
2,generation,1626032850000,0.18212813446073609,1626032850000,3829,-1.5019952058792114,0
2,generation,1626032880000,0.18283702023505835,1626032880000,3830,-1.4972434043884277,0
2,generation,1626032910000,0.18090477078120604,1626032910000,3831,-1.5102295875549316,0
2,generation,1626032940000,0.1798940246960242,1626032940000,3832,-1.5170656442642212,0
2,generation,1626032970000,0.17967065244272995,1626032970000,3833,-1.518580436706543,0
2,generation,1626033000000,0.1833612036143773,1626033000000,3834,-1.4937388896942139,0
2,generation,1626033030000,0.18307446844385128,1626033030000,3835,-1.4956549406051636,0
2,generation,1626033060000,0.18160449523917452,1626033060000,3836,-1.5055145025253296,0
2,generation,1626033090000,0.18266590303618083,1626033090000,3837,-1.4983891248703003,0
2,generation,1626033120000,0.998098772276937,1626033120000,3838,6.263352394104004,1
2,generation,1626033150000,0.8627510127555069,1626033150000,3839,1.8383294343948364,0
2,generation,1626033180000,0.18083954597278257,1626033180000,3840,-1.5106698274612427,0
2,generation,1626033210000,0.9981864134816163,1626033210000,3841,6.310633659362793,1
2,generation,1626033240000,0.8324412226441379,1626033240000,3842,1.603028416633606,0
2,generation,1626033270000,0.18263701892155265,1626033270000,3843,-1.4985826015472412,0
2,generation,1626033300000,0.18168239391452376,1626033300000,3844,-1.5049904584884644,0
2,generation,1626033330000,0.18419338448222755,1626033330000,3845,-1.4881911277770996,0
2,generation,1626033360000,0.18424730909776527,1626033360000,3846,-1.4878323078155518,0
2,generation,1626033390000,0.9981171456995314,1626033390000,3847,6.2730817794799805,1
2,generation,1626033420000,0.8312207794969833,1626033420000,3848,1.5943039655685425,0
2,generation,1626033450000,0.1827622802566192,1626033450000,3849,-1.4977437257766724,0
2,generation,1626033480000,0.18074318174942458,1626033480000,3850,-1.5113204717636108,0
2,generation,1626033510000,0.18124602903926854,1626033510000,3851,-1.5079282522201538,0
2,generation,1626033540000,0.18237137325998837,1626033540000,3852,-1.5003631114959717,0
2,generation,1626033570000,0.18342993757956716,1626033570000,3853,-1.4932799339294434,0
2,generation,1626033600000,0.18155777913808413,1626033600000,3854,-1.505828857421875,0
2,generation,1626033630000,0.18099316170332302,1626033630000,3855,-1.509633183479309,0
2,generation,1626033660000,0.9981930326286075,1626033660000,3856,6.314296722412109,1
2,generation,1626033690000,0.8264802841415615,1626033690000,3857,1.5608848333358765,0
2,generation,1626033720000,0.18158757573785728,1626033720000,3858,-1.5056283473968506,0
2,generation,1626033750000,0.99817650010971,1626033750000,3859,6.305172443389893,1
2,generation,1626033780000,0.8119920799407818,1626033780000,3860,1.4630064964294434,0
2,generation,1626033810000,0.1821810566390105,1626033810000,3861,-1.50163996219635,0
2,generation,1626033840000,0.1812752904202845,1626033840000,3862,-1.5077310800552368,0
2,generation,1626033870000,0.18545412058539149,1626033870000,3863,-1.4798232316970825,0
2,generation,1626033900000,0.1844359442479863,1626033900000,3864,-1.4865777492523193,0
2,generation,1626033930000,0.1801173144058765,1626033930000,3865,-1.5155528783798218,0
2,generation,1626033960000,0.1825430410771686,1626033960000,3866,-1.4992122650146484,0
2,generation,1626033990000,0.18172298382176244,1626033990000,3867,-1.504717469215393,0
2,generation,1626034020000,0.18105286182646393,1626034020000,3868,-1.5092304944992065,0
2,generation,1626034050000,0.17950830885366287,1626034050000,3869,-1.5196822881698608,0
2,generation,1626034080000,0.180733579300728,1626034080000,3870,-1.5113853216171265,0
2,generation,1626034110000,0.9981137642834056,1626034110000,3871,6.271284103393555,1
2,generation,1626034140000,0.8382122141970298,1626034140000,3872,1.6449857950210571,0
2,generation,1626034170000,0.9958613610781138,1626034170000,3873,5.483241081237793,1
2,generation,1626034200000,0.8126710170451646,1626034200000,3874,1.467460036277771,0
2,generation,1626034230000,0.18467855367965008,1626034230000,3875,-1.4849656820297241,0
2,generation,1626034260000,0.18720455547563908,1626034260000,3876,-1.4682775735855103,0
2,generation,1626034290000,0.18531143269376393,1626034290000,3877,-1.480768084526062,0
2,generation,1626034320000,0.18174273185541415,1626034320000,3878,-1.5045846700668335,0
2,generation,1626034350000,0.18106106339664585,1626034350000,3879,-1.509175181388855,0
2,generation,1626034380000,0.18117672926960884,1626034380000,3880,-1.5083953142166138,0
2,generation,1626034410000,0.18080931528992755,1626034410000,3881,-1.5108739137649536,0
2,generation,1626034440000,0.18350337108621487,1626034440000,3882,-1.4927897453308105,0
2,generation,1626034470000,0.9981218677321224,1626034470000,3883,6.27559757232666,1
2,generation,1626034500000,0.9924760637507478,1626034500000,3884,4.882113456726074,1
2,generation,1626034530000,0.8179670243450115,1626034530000,3885,1.5026341676712036,0
2,generation,1626034560000,0.9976100477711402,1626034560000,3886,6.034089088439941,1
2,generation,1626034590000,0.9913159147523201,1626034590000,3887,4.737541198730469,1
2,generation,1626034620000,0.8172257187820255,1626034620000,3888,1.4976633787155151,0
2,generation,1626034650000,0.9961924720400149,1626034650000,3889,5.566960334777832,1
2,generation,1626034680000,0.778751266303121,1626034680000,3890,1.2584041357040405,0
2,generation,1626034710000,0.1810870133739021,1626034710000,3891,-1.5090001821517944,0
2,generation,1626034740000,0.18497107825257564,1626034740000,3892,-1.4830241203308105,0
2,generation,1626034770000,0.1835955881139143,1626034770000,3893,-1.4921743869781494,0
2,generation,1626034800000,0.18107120970500468,1626034800000,3894,-1.5091067552566528,0
2,generation,1626034830000,0.18082531304618993,1626034830000,3895,-1.5107659101486206,0
2,generation,1626034860000,0.18101127512877135,1626034860000,3896,-1.5095109939575195,0
2,generation,1626034890000,0.1832486658863661,1626034890000,3897,-1.494490623474121,0
2,generation,1626034920000,0.1859979963943203,1626034920000,3898,-1.4762269258499146,0
2,generation,1626034950000,0.18407692394954941,1626034950000,3899,-1.4889663457870483,0
2,generation,1626034980000,0.1821147992468579,1626034980000,3900,-1.502084732055664,0
2,generation,1626035010000,0.18057969432313936,1626035010000,3901,-1.5124249458312988,0
2,generation,1626035040000,0.1817512236685513,1626035040000,3902,-1.5045275688171387,0
2,generation,1626035070000,0.1805036630149184,1626035070000,3903,-1.5129388570785522,0
2,generation,1626035100000,0.9981241109298274,1626035100000,3904,6.276794910430908,1
2,generation,1626035130000,0.834457216805077,1626035130000,3905,1.6175518035888672,0
2,generation,1626035160000,0.18454183463547533,1626035160000,3906,-1.4858739376068115,0
2,generation,1626035190000,0.18028872007029267,1626035190000,3907,-1.514392614364624,0
2,generation,1626035220000,0.18171559203388496,1626035220000,3908,-1.5047671794891357,0
2,generation,1626035250000,0.9983043776326965,1626035250000,3909,6.3780083656311035,1
2,generation,1626035280000,0.8324634027559179,1626035280000,3910,1.6031874418258667,0
2,generation,1626035310000,0.18094704511249807,1626035310000,3911,-1.5099443197250366,0
2,generation,1626035340000,0.9981190346795654,1626035340000,3912,6.274087429046631,1
2,generation,1626035370000,0.8103755221202645,1626035370000,3913,1.4524520635604858,0
2,generation,1626035400000,0.1800170272414914,1626035400000,3914,-1.5162321329116821,0
2,generation,1626035430000,0.9979374341294268,1626035430000,3915,6.181739807128906,1
2,generation,1626035460000,0.8185719033338659,1626035460000,3916,1.5067018270492554,0
2,generation,1626035490000,0.18266179177195155,1626035490000,3917,-1.4984166622161865,0
2,generation,1626035520000,0.18521232482799047,1626035520000,3918,-1.4814246892929077,0
2,generation,1626035550000,0.18247789069169926,1626035550000,3919,-1.499648928642273,0
2,generation,1626035580000,0.18377000893321377,1626035580000,3920,-1.491011142730713,0
2,generation,1626035610000,0.18186554747937358,1626035610000,3921,-1.5037590265274048,0
2,generation,1626035640000,0.18502534069001075,1626035640000,3922,-1.4826642274856567,0
2,generation,1626035670000,0.18215583719769082,1626035670000,3923,-1.5018092393875122,0
2,generation,1626035700000,0.18390318991421348,1626035700000,3924,-1.4901235103607178,0
2,generation,1626035730000,0.1829024839433029,1626035730000,3925,-1.4968053102493286,0
2,generation,1626035760000,0.182075366258147,1626035760000,3926,-1.5023494958877563,0
2,generation,1626035790000,0.18231385865335006,1626035790000,3927,-1.500748872756958,0
2,generation,1626035820000,0.18155939110409106,1626035820000,3928,-1.5058180093765259,0
2,generation,1626035850000,0.18136495504122443,1626035850000,3929,-1.507127046585083,0
2,generation,1626035880000,0.1825813429218312,1626035880000,3930,-1.4989556074142456,0
2,generation,1626035910000,0.18302389376472752,1626035910000,3931,-1.4959931373596191,0
2,generation,1626035940000,0.18073419709336355,1626035940000,3932,-1.5113811492919922,0
2,generation,1626035970000,0.18193776679454868,1626035970000,3933,-1.5032737255096436,0
2,generation,1626036000000,0.18130611261089996,1626036000000,3934,-1.5075234174728394,0
2,generation,1626036030000,0.1798354667467712,1626036030000,3935,-1.5174626111984253,0
2,generation,1626036060000,0.17853794725749036,1626036060000,3936,-1.5262845754623413,0
2,generation,1626036090000,0.9980848447916915,1626036090000,3937,6.256039619445801,1
2,generation,1626036120000,0.8196520605698631,1626036120000,3938,1.5139919519424438,0
2,generation,1626036150000,0.18151698770573546,1626036150000,3939,-1.5061033964157104,0
2,generation,1626036180000,0.18233299900165437,1626036180000,3940,-1.5006204843521118,0
2,generation,1626036210000,0.18206577977193955,1626036210000,3941,-1.5024138689041138,0
2,generation,1626036240000,0.1833143688463901,1626036240000,3942,-1.4940516948699951,0
2,generation,1626036270000,0.18268701221691871,1626036270000,3943,-1.498247742652893,0
2,generation,1626036300000,0.18314590113671975,1626036300000,3944,-1.4951773881912231,0
2,generation,1626036330000,0.18091245484495927,1626036330000,3945,-1.510177731513977,0
2,generation,1626036360000,0.18288960352339673,1626036360000,3946,-1.4968914985656738,0
2,generation,1626036390000,0.18226254108050988,1626036390000,3947,-1.5010931491851807,0
2,generation,1626036420000,0.1814968691571709,1626036420000,3948,-1.5062388181686401,0
2,generation,1626036450000,0.18392433833106386,1626036450000,3949,-1.4899826049804688,0
2,generation,1626036480000,0.18695063656852254,1626036480000,3950,-1.4699472188949585,0
2,generation,1626036510000,0.998010887750221,1626036510000,3951,6.218075752258301,1
2,generation,1626036540000,0.8656940407118484,1626036540000,3952,1.8634110689163208,0
2,generation,1626036570000,0.997896408851312,1626036570000,3953,6.162003517150879,1
2,generation,1626036600000,0.7953183407168611,1626036600000,3954,1.3572865724563599,0
2,generation,1626036630000,0.9981178391723508,1626036630000,3955,6.27345085144043,1
2,generation,1626036660000,0.8463955524160394,1626036660000,3956,1.7066060304641724,0
2,generation,1626036690000,0.18298334558979049,1626036690000,3957,-1.4962643384933472,0
2,generation,1626036720000,0.1851296583285162,1626036720000,3958,-1.481972575187683,0
2,generation,1626036750000,0.1833043926689511,1626036750000,3959,-1.494118332862854,0
2,generation,1626036780000,0.1823964914449318,1626036780000,3960,-1.5001946687698364,0
2,generation,1626036810000,0.18108354849548794,1626036810000,3961,-1.5090235471725464,0
2,generation,1626036840000,0.18083883960348202,1626036840000,3962,-1.5106745958328247,0
2,generation,1626036870000,0.1817174000754973,1626036870000,3963,-1.5047550201416016,0
2,generation,1626036900000,0.1848180989387481,1626036900000,3964,-1.4840391874313354,0
2,generation,1626036930000,0.18240946933794472,1626036930000,3965,-1.5001076459884644,0
2,generation,1626036960000,0.18266301980439026,1626036960000,3966,-1.4984084367752075,0
2,generation,1626036990000,0.18473082871526042,1626036990000,3967,-1.4846185445785522,0
2,generation,1626037020000,0.9980263985835383,1626037020000,3968,6.225919723510742,1
2,generation,1626037050000,0.9964808565477654,1626037050000,3969,5.646012306213379,1
2,generation,1626037080000,0.9724835257133314,1626037080000,3970,3.565068244934082,0
2,generation,1626037110000,0.7783390106282285,1626037110000,3971,1.256013035774231,0
2,generation,1626037140000,0.18112610290051576,1626037140000,3972,-1.5087366104125977,0
2,generation,1626037170000,0.19482778267949238,1626037170000,3973,-1.4189401865005493,0
2,generation,1626037200000,0.9984408531892475,1626037200000,3974,6.4620561599731445,1
2,generation,1626037230000,0.863384860878417,1626037230000,3975,1.8436927795410156,0
2,generation,1626037260000,0.17912564079199328,1626037260000,3976,-1.522282600402832,0
2,generation,1626037290000,0.1799174520431812,1626037290000,3977,-1.5169068574905396,0
2,generation,1626037320000,0.18238269655347492,1626037320000,3978,-1.5002871751785278,0
2,generation,1626037350000,0.18505602714878702,1626037350000,3979,-1.4824607372283936,0
2,generation,1626037380000,0.18159790446035803,1626037380000,3980,-1.5055588483810425,0
2,generation,1626037410000,0.18442592081674866,1626037410000,3981,-1.4866443872451782,0
2,generation,1626037440000,0.18440456639688307,1626037440000,3982,-1.4867863655090332,0
2,generation,1626037470000,0.18256716357365999,1626037470000,3983,-1.4990506172180176,0
2,generation,1626037500000,0.17989277600788603,1626037500000,3984,-1.5170741081237793,0
2,generation,1626037530000,0.18252769006951405,1626037530000,3985,-1.4993151426315308,0
2,generation,1626037560000,0.18143967537176225,1626037560000,3986,-1.5066238641738892,0
2,generation,1626037590000,0.18268911255941195,1626037590000,3987,-1.498233675956726,0
2,generation,1626037620000,0.18081681961882,1626037620000,3988,-1.5108232498168945,0
2,generation,1626037650000,0.1786357883613209,1626037650000,3989,-1.5256175994873047,0
2,generation,1626037680000,0.1806285784748628,1626037680000,3990,-1.5120946168899536,0
2,generation,1626037710000,0.18138739871643775,1626037710000,3991,-1.5069758892059326,0
2,generation,1626037740000,0.1808397049061715,1626037740000,3992,-1.5106687545776367,0
2,generation,1626037770000,0.18171685057117404,1626037770000,3993,-1.5047587156295776,0
2,generation,1626037800000,0.18560217281358624,1626037800000,3994,-1.4788434505462646,0
2,generation,1626037830000,0.1814443318023842,1626037830000,3995,-1.5065925121307373,0
2,generation,1626037860000,0.9982874678571105,1626037860000,3996,6.368068218231201,1
2,generation,1626037890000,0.8276354436180511,1626037890000,3997,1.5689610242843628,0
2,generation,1626037920000,0.186565226261941,1626037920000,3998,-1.472484827041626,0
2,generation,1626037950000,0.17950901116470658,1626037950000,3999,-1.5196775197982788,0
2,generation,1626037980000,0.18494252307082432,1626037980000,4000,-1.4832135438919067,0
2,generation,1626038010000,0.1864102718516969,1626038010000,4001,-1.473506212234497,0
2,generation,1626038040000,0.9982016489031567,1626038040000,4002,6.319085121154785,1
2,generation,1626038070000,0.8728357132420232,1626038070000,4003,1.9262675046920776,0
2,generation,1626038100000,0.1819222956861655,1626038100000,4004,-1.5033776760101318,0
2,generation,1626038130000,0.1813866729801842,1626038130000,4005,-1.5069807767868042,0
2,generation,1626038160000,0.18300990162866118,1626038160000,4006,-1.4960867166519165,0
2,generation,1626038190000,0.18474591017902117,1626038190000,4007,-1.4845184087753296,0
2,generation,1626038220000,0.1839970123483013,1626038220000,4008,-1.489498496055603,0
2,generation,1626038250000,0.18647594535734024,1626038250000,4009,-1.4730732440948486,0
2,generation,1626038280000,0.18472829727717577,1626038280000,4010,-1.484635353088379,0
2,generation,1626038310000,0.18060370289719788,1626038310000,4011,-1.5122627019882202,0
2,generation,1626038340000,0.18538427825104908,1626038340000,4012,-1.48028564453125,0
2,generation,1626038370000,0.18196360156772207,1626038370000,4013,-1.5031001567840576,0
2,generation,1626038400000,0.1824084559697934,1626038400000,4014,-1.5001144409179688,0
2,generation,1626038430000,0.18041202125393738,1626038430000,4015,-1.5135585069656372,0
2,generation,1626038460000,0.18040720921335018,1626038460000,4016,-1.5135910511016846,0
2,generation,1626038490000,0.18284599703879398,1626038490000,4017,-1.4971833229064941,0
2,generation,1626038520000,0.19547309849094607,1626038520000,4018,-1.4148316383361816,0
2,generation,1626038550000,0.1818230175269198,1626038550000,4019,-1.5040448904037476,0
2,generation,1626038580000,0.18060841317393564,1626038580000,4020,-1.5122308731079102,0
2,generation,1626038610000,0.1845025507020478,1626038610000,4021,-1.4861350059509277,0
2,generation,1626038640000,0.1814178462737088,1626038640000,4022,-1.5067708492279053,0
2,generation,1626038670000,0.1821940581434234,1626038670000,4023,-1.501552700996399,0
2,generation,1626038700000,0.1819115268373632,1626038700000,4024,-1.5034500360488892,0
2,generation,1626038730000,0.1799367655659893,1626038730000,4025,-1.5167759656906128,0
2,generation,1626038760000,0.9981390071369354,1626038760000,4026,6.284782409667969,1
2,generation,1626038790000,0.8342988057917458,1626038790000,4027,1.6164054870605469,0
2,generation,1626038820000,0.18034670590586072,1626038820000,4028,-1.5140002965927124,0
2,generation,1626038850000,0.18104105490171535,1626038850000,4029,-1.5093101263046265,0
2,generation,1626038880000,0.18277456611469856,1626038880000,4030,-1.4976614713668823,0
2,generation,1626038910000,0.1838068113506581,1626038910000,4031,-1.4907658100128174,0
2,generation,1626038940000,0.1811847052977522,1626038940000,4032,-1.5083415508270264,0
2,generation,1626038970000,0.18174370689134228,1626038970000,4033,-1.5045781135559082,0
2,generation,1626039000000,0.18166578776333678,1626039000000,4034,-1.5051021575927734,0
2,generation,1626039030000,0.18203290465539063,1626039030000,4035,-1.5026346445083618,0
2,generation,1626039060000,0.18234005484421956,1626039060000,4036,-1.5005731582641602,0
2,generation,1626039090000,0.18264420847434182,1626039090000,4037,-1.4985344409942627,0
2,generation,1626039120000,0.18149541700515276,1626039120000,4038,-1.5062485933303833,0
2,generation,1626039150000,0.18455704768646536,1626039150000,4039,-1.4857728481292725,0
2,generation,1626039180000,0.18393324914180723,1626039180000,4040,-1.4899232387542725,0
2,generation,1626039210000,0.18055152578940584,1626039210000,4041,-1.5126153230667114,0
2,generation,1626039240000,0.1809104587303859,1626039240000,4042,-1.5101912021636963,0
2,generation,1626039270000,0.18477848220764465,1626039270000,4043,-1.4843021631240845,0
2,generation,1626039300000,0.18029148600432365,1626039300000,4044,-1.5143738985061646,0
2,generation,1626039330000,0.18202459785104885,1626039330000,4045,-1.5026904344558716,0
2,generation,1626039360000,0.18279613023605684,1626039360000,4046,-1.4975171089172363,0
2,generation,1626039390000,0.1853319683302784,1626039390000,4047,-1.4806320667266846,0
2,generation,1626039420000,0.18232192691065152,1626039420000,4048,-1.500694751739502,0
2,generation,1626039450000,0.17933076330283734,1626039450000,4049,-1.5208882093429565,0
2,generation,1626039480000,0.18044792963980652,1626039480000,4050,-1.5133156776428223,0
2,generation,1626039510000,0.9981060189931262,1626039510000,4051,6.267178535461426,1
2,generation,1626039540000,0.9834085104630895,1626039540000,4052,4.08213472366333,1
2,generation,1626039570000,0.7893617850542047,1626039570000,4053,1.3210827112197876,0
2,generation,1626039600000,0.17956184866735833,1626039600000,4054,-1.5193188190460205,0
2,generation,1626039630000,0.18043819839270586,1626039630000,4055,-1.5133814811706543,0
2,generation,1626039660000,0.18088194972789404,1626039660000,4056,-1.5103836059570312,0
2,generation,1626039690000,0.18286959840280512,1626039690000,4057,-1.4970253705978394,0
2,generation,1626039720000,0.18368986094527873,1626039720000,4058,-1.491545557975769,0
2,generation,1626039750000,0.18056073266022318,1626039750000,4059,-1.512553095817566,0
2,generation,1626039780000,0.18261473982213736,1626039780000,4060,-1.4987318515777588,0
2,generation,1626039810000,0.18143061064813767,1626039810000,4061,-1.5066848993301392,0
2,generation,1626039840000,0.9979152304618254,1626039840000,4062,6.1710100173950195,1
2,generation,1626039870000,0.8008912029765822,1626039870000,4063,1.3918737173080444,0
2,generation,1626039900000,0.18604162383941858,1626039900000,4064,-1.4759387969970703,0
2,generation,1626039930000,0.18411504537630985,1626039930000,4065,-1.4887125492095947,0
2,generation,1626039960000,0.18026419807746535,1626039960000,4066,-1.5145585536956787,0
2,generation,1626039990000,0.9979445738103466,1626039990000,4067,6.185214519500732,1
2,generation,1626040020000,0.8361375298750581,1626040020000,4068,1.6297656297683716,0
2,generation,1626040050000,0.1812144896021742,1626040050000,4069,-1.5081408023834229,0
2,generation,1626040080000,0.9983112029893056,1626040080000,4070,6.382048606872559,1
2,generation,1626040110000,0.8616807366823301,1626040110000,4071,1.8293203115463257,0
2,generation,1626040140000,0.17865287769639326,1626040140000,4072,-1.5255011320114136,0
2,generation,1626040170000,0.9982503429986879,1626040170000,4073,6.346584320068359,1
2,generation,1626040200000,0.8323487192712677,1626040200000,4074,1.6023653745651245,0
2,generation,1626040230000,0.19332569610851694,1626040230000,4075,-1.4285436868667603,0
2,generation,1626040260000,0.18208372812484142,1626040260000,4076,-1.502293348312378,0
2,generation,1626040290000,0.19042943524610162,1626040290000,4077,-1.4472222328186035,0
2,generation,1626040320000,0.19241009914677637,1626040320000,4078,-1.4344253540039062,0
2,generation,1626040350000,0.18306205997569278,1626040350000,4079,-1.495737910270691,0
2,generation,1626040380000,0.18237828804775094,1626040380000,4080,-1.5003167390823364,0
2,generation,1626040410000,0.1845594696650054,1626040410000,4081,-1.485756754875183,0
2,generation,1626040440000,0.2001824806085862,1626040440000,4082,-1.3851542472839355,0
2,generation,1626040470000,0.18050346904443898,1626040470000,4083,-1.5129401683807373,0
2,generation,1626040500000,0.18422496741726457,1626040500000,4084,-1.4879809617996216,0
2,generation,1626040530000,0.17985494924103151,1626040530000,4085,-1.517330527305603,0
2,generation,1626040560000,0.18629477171364334,1626040560000,4086,-1.4742679595947266,0
2,generation,1626040590000,0.1809321519397691,1626040590000,4087,-1.510044813156128,0
2,generation,1626040620000,0.18211977100883336,1626040620000,4088,-1.5020513534545898,0
2,generation,1626040650000,0.18313083178244463,1626040650000,4089,-1.4952781200408936,0
2,generation,1626040680000,0.17954878302976587,1626040680000,4090,-1.5194075107574463,0
2,generation,1626040710000,0.9981726363584199,1626040710000,4091,6.303051948547363,1
2,generation,1626040740000,0.9598364244919254,1626040740000,4092,3.173802375793457,0
2,generation,1626040770000,0.8127063668698865,1626040770000,4093,1.467692255973816,0
2,generation,1626040800000,0.18053473565714886,1626040800000,4094,-1.5127288103103638,0
2,generation,1626040830000,0.1798189044058648,1626040830000,4095,-1.5175749063491821,0
2,generation,1626040860000,0.18203425365143341,1626040860000,4096,-1.502625584602356,0
2,generation,1626040890000,0.18166646120220298,1626040890000,4097,-1.5050976276397705,0
2,generation,1626040920000,0.17991465541035412,1626040920000,4098,-1.5169258117675781,0
2,generation,1626040950000,0.1830831333645891,1626040950000,4099,-1.495597004890442,0
2,generation,1626040980000,0.18243699195585417,1626040980000,4100,-1.4999231100082397,0
2,generation,1626041010000,0.9982055214617531,1626041010000,4101,6.321244716644287,1
2,generation,1626041040000,0.8334458439954147,1626041040000,4102,1.6102482080459595,0
2,generation,1626041070000,0.9980471780329674,1626041070000,4103,6.236525058746338,1
2,generation,1626041100000,0.8068594007659694,1626041100000,4104,1.429731011390686,0
2,generation,1626041130000,0.9977484483927631,1626041130000,4105,6.093881607055664,1
2,generation,1626041160000,0.995769748456239,1626041160000,4106,5.461254596710205,1
2,generation,1626041190000,0.7844396114565192,1626041190000,4107,1.2917284965515137,0
2,generation,1626041220000,0.18173532171533882,1626041220000,4108,-1.5046344995498657,0
2,generation,1626041250000,0.1850477394397637,1626041250000,4109,-1.4825156927108765,0
2,generation,1626041280000,0.1831692293241546,1626041280000,4110,-1.4950214624404907,0
2,generation,1626041310000,0.18376176583143286,1626041310000,4111,-1.4910660982131958,0
2,generation,1626041340000,0.18116102560541264,1626041340000,4112,-1.5085011720657349,0
2,generation,1626041370000,0.9981636908095491,1626041370000,4113,6.298159599304199,1
2,generation,1626041400000,0.8021268257667118,1626041400000,4114,1.399640440940857,0
2,generation,1626041430000,0.18175609906607654,1626041430000,4115,-1.5044947862625122,0
2,generation,1626041460000,0.19468399851646342,1626041460000,4116,-1.4198570251464844,0
2,generation,1626041490000,0.17928597738488514,1626041490000,4117,-1.5211925506591797,0
2,generation,1626041520000,0.18396794723131168,1626041520000,4118,-1.4896920919418335,0
2,generation,1626041550000,0.18962467938373667,1626041550000,4119,-1.4524507522583008,0
2,generation,1626041580000,0.181380283058543,1626041580000,4120,-1.507023811340332,0
2,generation,1626041610000,0.9981242760934634,1626041610000,4121,6.276883125305176,1
2,generation,1626041640000,0.7987312605600106,1626041640000,4122,1.3783835172653198,0
2,generation,1626041670000,0.18854715533554278,1626041670000,4123,-1.4594781398773193,0
2,generation,1626041700000,0.18066912609746863,1626041700000,4124,-1.511820673942566,0
2,generation,1626041730000,0.18104750621591353,1626041730000,4125,-1.5092666149139404,0
2,generation,1626041760000,0.998231739217825,1626041760000,4126,6.335988998413086,1
2,generation,1626041790000,0.832675840476091,1626041790000,4127,1.6047114133834839,0
2,generation,1626041820000,0.9982745055392308,1626041820000,4128,6.3605146408081055,1
2,generation,1626041850000,0.8226140549993327,1626041850000,4129,1.5341593027114868,0
2,generation,1626041880000,0.1814888293071171,1626041880000,4130,-1.5062929391860962,0
2,generation,1626041910000,0.18385313543330375,1626041910000,4131,-1.4904570579528809,0
2,generation,1626041940000,0.18221494731616972,1626041940000,4132,-1.5014125108718872,0
2,generation,1626041970000,0.18166183577965953,1626041970000,4133,-1.5051287412643433,0
2,generation,1626042000000,0.18150836272811657,1626042000000,4134,-1.5061614513397217,0
2,generation,1626042030000,0.9981309525922921,1626042030000,4135,6.280455589294434,1
2,generation,1626042060000,0.8535811634885258,1626042060000,4136,1.7629693746566772,0
2,generation,1626042090000,0.18097969683283155,1626042090000,4137,-1.5097240209579468,0
2,generation,1626042120000,0.19606489486618384,1626042120000,4138,-1.411072850227356,0
2,generation,1626042150000,0.18117137080559104,1626042150000,4139,-1.5084314346313477,0
2,generation,1626042180000,0.18112258439722645,1626042180000,4140,-1.5087603330612183,0
2,generation,1626042210000,0.9981491926711816,1626042210000,4141,6.290280818939209,1
2,generation,1626042240000,0.834937389565388,1626042240000,4142,1.6210318803787231,0
2,generation,1626042270000,0.18061728710150315,1626042270000,4143,-1.5121709108352661,0
2,generation,1626042300000,0.9981949925316037,1626042300000,4144,6.3153839111328125,1
2,generation,1626042330000,0.99580239681353,1626042330000,4145,5.4690351486206055,1
2,generation,1626042360000,0.8138949696275251,1626042360000,4146,1.475520133972168,0
2,generation,1626042390000,0.18583624487184838,1626042390000,4147,-1.4772956371307373,0
2,generation,1626042420000,0.18030952704848505,1626042420000,4148,-1.5142518281936646,0
2,generation,1626042450000,0.18192987143365827,1626042450000,4149,-1.5033267736434937,0
2,generation,1626042480000,0.18589828038710793,1626042480000,4150,-1.4768856763839722,0
2,generation,1626042510000,0.17689548547462303,1626042510000,4151,-1.5375241041183472,0
2,generation,1626042540000,0.1820731293762676,1626042540000,4152,-1.5023645162582397,0
2,generation,1626042570000,0.18378588799315695,1626042570000,4153,-1.4909052848815918,0
2,generation,1626042600000,0.19201931001538236,1626042600000,4154,-1.436942219734192,0
2,generation,1626042630000,0.18575945769810856,1626042630000,4155,-1.4778032302856445,0
2,generation,1626042660000,0.1825784251441646,1626042660000,4156,-1.498975157737732,0
2,generation,1626042690000,0.18351451668375493,1626042690000,4157,-1.4927153587341309,0
2,generation,1626042720000,0.18067172011632537,1626042720000,4158,-1.511803150177002,0
2,generation,1626042750000,0.18212429895528578,1626042750000,4159,-1.5020209550857544,0
2,generation,1626042780000,0.18155437810348635,1626042780000,4160,-1.5058517456054688,0
2,generation,1626042810000,0.18435962258259025,1626042810000,4161,-1.487085223197937,0
2,generation,1626042840000,0.1840657877020254,1626042840000,4162,-1.489040493965149,0
2,generation,1626042870000,0.18108962974488046,1626042870000,4163,-1.508982539176941,0
2,generation,1626042900000,0.18217206968181057,1626042900000,4164,-1.5017002820968628,0
2,generation,1626042930000,0.17961517259701482,1626042930000,4165,-1.5189568996429443,0
2,generation,1626042960000,0.18151195790589444,1626042960000,4166,-1.5061372518539429,0
2,generation,1626042990000,0.18166761314160826,1626042990000,4167,-1.5050898790359497,0
2,generation,1626043020000,0.18110748549504163,1626043020000,4168,-1.5088621377944946,0
2,generation,1626043050000,0.19252504661728,1626043050000,4169,-1.4336857795715332,0
2,generation,1626043080000,0.1805025520952819,1626043080000,4170,-1.512946367263794,0
2,generation,1626043110000,0.998167095430194,1626043110000,4171,6.300018787384033,1
2,generation,1626043140000,0.8852304237197559,1626043140000,4172,2.042921543121338,0
2,generation,1626043170000,0.1845178868101565,1626043170000,4173,-1.4860330820083618,0
2,generation,1626043200000,0.1835466167931175,1626043200000,4174,-1.492501139640808,0
2,generation,1626043230000,0.1870967806683442,1626043230000,4175,-1.4689860343933105,0
2,generation,1626043260000,0.18161037748927328,1626043260000,4176,-1.5054749250411987,0
2,generation,1626043290000,0.18606801713088736,1626043290000,4177,-1.475764513015747,0
2,generation,1626043320000,0.18236179243828118,1626043320000,4178,-1.5004273653030396,0
2,generation,1626043350000,0.18495434727008817,1626043350000,4179,-1.4831351041793823,0
2,generation,1626043380000,0.1843266775381245,1626043380000,4180,-1.4873043298721313,0
2,generation,1626043410000,0.18395987620724086,1626043410000,4181,-1.489745855331421,0
2,generation,1626043440000,0.1825947402560966,1626043440000,4182,-1.4988658428192139,0
2,generation,1626043470000,0.1839698621265013,1626043470000,4183,-1.4896793365478516,0
2,generation,1626043500000,0.18350722911828235,1626043500000,4184,-1.4927639961242676,0
2,generation,1626043530000,0.18265243046001683,1626043530000,4185,-1.4984793663024902,0
2,generation,1626043560000,0.9980621187041147,1626043560000,4186,6.24422025680542,1
2,generation,1626043590000,0.8432384093357763,1626043590000,4187,1.6825236082077026,0
2,generation,1626043620000,0.17984833766838437,1626043620000,4188,-1.5173753499984741,0
2,generation,1626043650000,0.18055237238293512,1626043650000,4189,-1.512609601020813,0
2,generation,1626043680000,0.9982344961022278,1626043680000,4190,6.337552070617676,1
2,generation,1626043710000,0.8133299496583447,1626043710000,4191,1.4717942476272583,0
2,generation,1626043740000,0.17989757733872266,1626043740000,4192,-1.517041563987732,0
2,generation,1626043770000,0.18089108141266738,1626043770000,4193,-1.5103219747543335,0
2,generation,1626043800000,0.18226868864655774,1626043800000,4194,-1.501051902770996,0
2,generation,1626043830000,0.18400504883640995,1626043830000,4195,-1.4894449710845947,0
2,generation,1626043860000,0.18134182332631008,1626043860000,4196,-1.5072828531265259,0
2,generation,1626043890000,0.18397811245895504,1626043890000,4197,-1.4896243810653687,0
2,generation,1626043920000,0.18313534357105685,1626043920000,4198,-1.4952479600906372,0
2,generation,1626043950000,0.1780853473671645,1626043950000,4199,-1.5293736457824707,0
2,generation,1626043980000,0.9982677019999482,1626043980000,4200,6.35657262802124,1
2,generation,1626044010000,0.8122516543588056,1626044010000,4201,1.4647077322006226,0
2,generation,1626044040000,0.1836157262865914,1626044040000,4202,-1.4920400381088257,0
2,generation,1626044070000,0.18246681176564167,1626044070000,4203,-1.499723196029663,0
2,generation,1626044100000,0.18077340381503226,1626044100000,4204,-1.5111163854599,0
2,generation,1626044130000,0.9979954546401374,1626044130000,4205,6.210331439971924,1
2,generation,1626044160000,0.8087687122886575,1626044160000,4206,1.442029356956482,0
2,generation,1626044190000,0.1841840698397077,1626044190000,4207,-1.488253116607666,0
2,generation,1626044220000,0.9981404565282234,1626044220000,4208,6.285562992095947,1
2,generation,1626044250000,0.820238017360705,1626044250000,4209,1.5179609060287476,0
2,generation,1626044280000,0.18023168226407404,1626044280000,4210,-1.5147786140441895,0
2,generation,1626044310000,0.9981842247722876,1626044310000,4211,6.309425354003906,1
2,generation,1626044340000,0.8019927185853912,1626044340000,4212,1.3987957239151,0
2,generation,1626044370000,0.18211268627996663,1626044370000,4213,-1.5020989179611206,0
2,generation,1626044400000,0.18288083882694445,1626044400000,4214,-1.4969501495361328,0
2,generation,1626044430000,0.18233459854434528,1626044430000,4215,-1.5006097555160522,0
2,generation,1626044460000,0.18473811797051715,1626044460000,4216,-1.4845701456069946,0
2,generation,1626044490000,0.9979538924384844,1626044490000,4217,6.189767837524414,1
2,generation,1626044520000,0.9567557550219928,1626044520000,4218,3.096683979034424,0
2,generation,1626044550000,0.9946332459299074,1626044550000,4219,5.222150802612305,1
2,generation,1626044580000,0.8314958476159977,1626044580000,4220,1.5962659120559692,0
2,generation,1626044610000,0.18311135896483563,1626044610000,4221,-1.495408296585083,0
2,generation,1626044640000,0.1828719675759674,1626044640000,4222,-1.497009515762329,0
2,generation,1626044670000,0.1865737653833998,1626044670000,4223,-1.472428560256958,0
2,generation,1626044700000,0.997780766547119,1626044700000,4224,6.108371734619141,1
2,generation,1626044730000,0.7845207548287948,1626044730000,4225,1.2922084331512451,0
2,generation,1626044760000,0.18051577767510005,1626044760000,4226,-1.5128569602966309,0
2,generation,1626044790000,0.17964196217533715,1626044790000,4227,-1.5187751054763794,0
2,generation,1626044820000,0.18024788675618367,1626044820000,4228,-1.5146689414978027,0
2,generation,1626044850000,0.18269439909765725,1626044850000,4229,-1.4981982707977295,0
2,generation,1626044880000,0.18178031800293679,1626044880000,4230,-1.5043319463729858,0
2,generation,1626044910000,0.18060174472044488,1626044910000,4231,-1.5122759342193604,0
2,generation,1626044940000,0.18351453454571065,1626044940000,4232,-1.4927152395248413,0
2,generation,1626044970000,0.18465096669670297,1626044970000,4233,-1.4851489067077637,0
2,generation,1626045000000,0.18467401246718132,1626045000000,4234,-1.4849958419799805,0
2,generation,1626045030000,0.9981304926304465,1626045030000,4235,6.280209064483643,1
2,generation,1626045060000,0.831244743925958,1626045060000,4236,1.5944747924804688,0
2,generation,1626045090000,0.9982351237483869,1626045090000,4237,6.3379082679748535,1
2,generation,1626045120000,0.8200827590246311,1626045120000,4238,1.5169082880020142,0
2,generation,1626045150000,0.18304745946744916,1626045150000,4239,-1.495835542678833,0
2,generation,1626045180000,0.18298591194890917,1626045180000,4240,-1.4962471723556519,0
2,generation,1626045210000,0.18345402597268576,1626045210000,4241,-1.4931191205978394,0
2,generation,1626045240000,0.9982446972525603,1626045240000,4242,6.343357086181641,1
2,generation,1626045270000,0.8577715663721627,1626045270000,4243,1.796903371810913,0
2,generation,1626045300000,0.182092214570779,1626045300000,4244,-1.5022363662719727,0
2,generation,1626045330000,0.18280332465148047,1626045330000,4245,-1.4974689483642578,0
2,generation,1626045360000,0.18286893931375525,1626045360000,4246,-1.4970297813415527,0
2,generation,1626045390000,0.18302852828578808,1626045390000,4247,-1.495962142944336,0
2,generation,1626045420000,0.18192458435217024,1626045420000,4248,-1.5033622980117798,0
2,generation,1626045450000,0.18272053093696192,1626045450000,4249,-1.498023271560669,0
2,generation,1626045480000,0.18147765543841682,1626045480000,4250,-1.5063681602478027,0
2,generation,1626045510000,0.18229319167397126,1626045510000,4251,-1.5008875131607056,0
2,generation,1626045540000,0.18146618108772652,1626045540000,4252,-1.5064454078674316,0
2,generation,1626045570000,0.19644851669394023,1626045570000,4253,-1.4086408615112305,0
2,generation,1626045600000,0.18000212341114719,1626045600000,4254,-1.5163331031799316,0
2,generation,1626045630000,0.18409022725706692,1626045630000,4255,-1.488877773284912,0
2,generation,1626045660000,0.18446198203546385,1626045660000,4256,-1.4864046573638916,0
2,generation,1626045690000,0.1836916127196021,1626045690000,4257,-1.491533875465393,0
2,generation,1626045720000,0.9980277412252351,1626045720000,4258,6.226601600646973,1
2,generation,1626045750000,0.8440617612080878,1626045750000,4259,1.6887656450271606,0
2,generation,1626045780000,0.17905686931430556,1626045780000,4260,-1.5227503776550293,0
2,generation,1626045810000,0.18170683563821144,1626045810000,4261,-1.5048260688781738,0
2,generation,1626045840000,0.18233966383479694,1626045840000,4262,-1.5005757808685303,0
2,generation,1626045870000,0.18277367581358026,1626045870000,4263,-1.4976674318313599,0
2,generation,1626045900000,0.18152819888230884,1626045900000,4264,-1.5060279369354248,0
2,generation,1626045930000,0.18278250774963178,1626045930000,4265,-1.4976083040237427,0
2,generation,1626045960000,0.18089987784324524,1626045960000,4266,-1.5102626085281372,0
2,generation,1626045990000,0.1810413376952974,1626045990000,4267,-1.5093082189559937,0
2,generation,1626046020000,0.18195199685933133,1626046020000,4268,-1.5031781196594238,0
2,generation,1626046050000,0.18035052985253663,1626046050000,4269,-1.5139744281768799,0
2,generation,1626046080000,0.18146513638322576,1626046080000,4270,-1.5064524412155151,0
2,generation,1626046110000,0.18080269402481464,1626046110000,4271,-1.5109186172485352,0
2,generation,1626046140000,0.18283091121704306,1626046140000,4272,-1.4972842931747437,0
2,generation,1626046170000,0.986830615903374,1626046170000,4273,4.316603660583496,1
2,generation,1626046200000,0.2503217533893478,1626046200000,4274,-1.096897006034851,0
2,generation,1626046230000,0.9980687246787042,1626046230000,4275,6.247641563415527,1
2,generation,1626046260000,0.8152462255371701,1626046260000,4276,1.4844661951065063,0
2,generation,1626046290000,0.18311710078250018,1626046290000,4277,-1.4953699111938477,0
2,generation,1626046320000,0.18282163222458345,1626046320000,4278,-1.4973464012145996,0
2,generation,1626046350000,0.9981492569757889,1626046350000,4279,6.290315628051758,1
2,generation,1626046380000,0.8299298717009104,1626046380000,4280,1.5851303339004517,0
2,generation,1626046410000,0.997463815320237,1626046410000,4281,5.974555015563965,1
2,generation,1626046440000,0.8206184582259969,1626046440000,4282,1.5205432176589966,0
2,generation,1626046470000,0.1802693946905574,1626046470000,4283,-1.5145233869552612,0
2,generation,1626046500000,0.9979614525964604,1626046500000,4284,6.193477153778076,1
2,generation,1626046530000,0.7874666437332418,1626046530000,4285,1.3097220659255981,0
2,generation,1626046560000,0.18386474469967892,1626046560000,4286,-1.4903796911239624,0
2,generation,1626046590000,0.17961652517633073,1626046590000,4287,-1.518947720527649,0
2,generation,1626046620000,0.1829420738178131,1626046620000,4288,-1.4965404272079468,0
2,generation,1626046650000,0.1822893001592743,1626046650000,4289,-1.5009136199951172,0
2,generation,1626046680000,0.18251340723990486,1626046680000,4290,-1.49941086769104,0
2,generation,1626046710000,0.18217510673749443,1626046710000,4291,-1.5016798973083496,0
2,generation,1626046740000,0.1813847435947952,1626046740000,4292,-1.5069937705993652,0
2,generation,1626046770000,0.18287928900600703,1626046770000,4293,-1.4969605207443237,0
2,generation,1626046800000,0.1817276281822354,1626046800000,4294,-1.5046862363815308,0
2,generation,1626046830000,0.18277951625031588,1626046830000,4295,-1.4976283311843872,0
2,generation,1626046860000,0.18268564166455384,1626046860000,4296,-1.4982569217681885,0
2,generation,1626046890000,0.9981912479596111,1626046890000,4297,6.313307762145996,1
2,generation,1626046920000,0.814660940077534,1626046920000,4298,1.4805850982666016,0
2,generation,1626046950000,0.18072388899734676,1626046950000,4299,-1.5114507675170898,0
2,generation,1626046980000,0.18117061037350285,1626046980000,4300,-1.5084365606307983,0
2,generation,1626047010000,0.17998062276970608,1626047010000,4301,-1.5164787769317627,0
2,generation,1626047040000,0.1791343701471378,1626047040000,4302,-1.5222232341766357,0
2,generation,1626047070000,0.18305073960061435,1626047070000,4303,-1.4958136081695557,0
2,generation,1626047100000,0.17675269763275897,1626047100000,4304,-1.5385050773620605,0
2,generation,1626047130000,0.9979837973583108,1626047130000,4305,6.204521179199219,1
2,generation,1626047160000,0.8161835847468237,1626047160000,4306,1.4907017946243286,0
2,generation,1626047190000,0.17902065166237263,1626047190000,4307,-1.5229967832565308,0
2,generation,1626047220000,0.1861150158926665,1626047220000,4308,-1.4754542112350464,0
2,generation,1626047250000,0.1885934312218073,1626047250000,4309,-1.459175705909729,0
2,generation,1626047280000,0.1821804705226027,1626047280000,4310,-1.5016438961029053,0
2,generation,1626047310000,0.9982290303009322,1626047310000,4311,6.334455490112305,1
2,generation,1626047340000,0.812819023779027,1626047340000,4312,1.4684325456619263,0
2,generation,1626047370000,0.18149044079670099,1626047370000,4313,-1.506282091140747,0
2,generation,1626047400000,0.9981341451868753,1626047400000,4314,6.282168388366699,1
2,generation,1626047430000,0.8402535203211413,1626047430000,4315,1.6601155996322632,0
2,generation,1626047460000,0.18083647328199068,1626047460000,4316,-1.5106905698776245,0
2,generation,1626047490000,0.9980320727637132,1626047490000,4317,6.228804588317871,1
2,generation,1626047520000,0.7974911466068926,1626047520000,4318,1.3706871271133423,0
2,generation,1626047550000,0.19017715934011833,1626047550000,4319,-1.448859453201294,0
2,generation,1626047580000,0.1794492170696496,1626047580000,4320,-1.5200835466384888,0
2,generation,1626047610000,0.18260660812076615,1626047610000,4321,-1.4987863302230835,0
2,generation,1626047640000,0.9978132565930553,1626047640000,4322,6.123152732849121,1
2,generation,1626047670000,0.8029658689365826,1626047670000,4323,1.4049352407455444,0
2,generation,1626047700000,0.19081675892652925,1626047700000,4324,-1.4447118043899536,0
2,generation,1626047730000,0.1832225646482903,1626047730000,4325,-1.4946650266647339,0
2,generation,1626047760000,0.18373782491098767,1626047760000,4326,-1.4912257194519043,0
2,generation,1626047790000,0.18116070729885636,1626047790000,4327,-1.5085033178329468,0
2,generation,1626047820000,0.18077546936865463,1626047820000,4328,-1.5111024379730225,0
2,generation,1626047850000,0.1814045338290302,1626047850000,4329,-1.5068604946136475,0
2,generation,1626047880000,0.18282864931762335,1626047880000,4330,-1.4972994327545166,0
2,generation,1626047910000,0.18246626050046405,1626047910000,4331,-1.4997268915176392,0
2,generation,1626047940000,0.18222072058759364,1626047940000,4332,-1.5013737678527832,0
2,generation,1626047970000,0.18271841251220078,1626047970000,4333,-1.4980374574661255,0
2,generation,1626048000000,0.1836867506839924,1626048000000,4334,-1.4915663003921509,0
2,generation,1626048030000,0.18094745146392818,1626048030000,4335,-1.509941577911377,0
2,generation,1626048060000,0.9978295111582273,1626048060000,4336,6.130630016326904,1
2,generation,1626048090000,0.7991257119532941,1626048090000,4337,1.3808389902114868,0
2,generation,1626048120000,0.18349858435606103,1626048120000,4338,-1.4928216934204102,0
2,generation,1626048150000,0.1803294548773634,1626048150000,4339,-1.5141170024871826,0
2,generation,1626048180000,0.192116372344039,1626048180000,4340,-1.436316728591919,0
2,generation,1626048210000,0.18181088779919072,1626048210000,4341,-1.5041264295578003,0
2,generation,1626048240000,0.18136461875653706,1626048240000,4342,-1.5071293115615845,0
2,generation,1626048270000,0.9979322562388986,1626048270000,4343,6.179227352142334,1
2,generation,1626048300000,0.8441120269832358,1626048300000,4344,1.6891475915908813,0
2,generation,1626048330000,0.9979152641903394,1626048330000,4345,6.171026229858398,1
2,generation,1626048360000,0.8335576943000133,1626048360000,4346,1.6110541820526123,0
2,generation,1626048390000,0.17807112705808079,1626048390000,4347,-1.5294708013534546,0
2,generation,1626048420000,0.1800578197441379,1626048420000,4348,-1.5159558057785034,0
2,generation,1626048450000,0.17975584830436467,1626048450000,4349,-1.5180025100708008,0
2,generation,1626048480000,0.18066420283539633,1626048480000,4350,-1.5118539333343506,0
2,generation,1626048510000,0.997876243759902,1626048510000,4351,6.152442932128906,1
2,generation,1626048540000,0.82877229243325,1626048540000,4352,1.5769511461257935,0
2,generation,1626048570000,0.9979086429845055,1626048570000,4353,6.167848587036133,1
2,generation,1626048600000,0.8409769783690069,1626048600000,4354,1.6655153036117554,0
2,generation,1626048630000,0.18086248648446998,1626048630000,4355,-1.5105149745941162,0
2,generation,1626048660000,0.18076616569536333,1626048660000,4356,-1.5111652612686157,0
2,generation,1626048690000,0.18270821229692738,1626048690000,4357,-1.498105764389038,0
2,generation,1626048720000,0.18243668968736348,1626048720000,4358,-1.499925136566162,0
2,generation,1626048750000,0.18278654989539408,1626048750000,4359,-1.4975812435150146,0
2,generation,1626048780000,0.1819509322360058,1626048780000,4360,-1.5031852722167969,0
2,generation,1626048810000,0.18199758502509583,1626048810000,4361,-1.5028718709945679,0
2,generation,1626048840000,0.18839170158433713,1626048840000,4362,-1.4604945182800293,0
2,generation,1626048870000,0.17851070960551202,1626048870000,4363,-1.5264703035354614,0
2,generation,1626048900000,0.181054134464938,1626048900000,4364,-1.5092219114303589,0
2,generation,1626048930000,0.18213646269568642,1626048930000,4365,-1.501939296722412,0
2,generation,1626048960000,0.18090390523593725,1626048960000,4366,-1.5102354288101196,0
2,generation,1626048990000,0.18144684595948582,1626048990000,4367,-1.506575584411621,0
2,generation,1626049020000,0.18271989006695508,1626049020000,4368,-1.4980275630950928,0
2,generation,1626049050000,0.18178531812532683,1626049050000,4369,-1.5042983293533325,0
2,generation,1626049080000,0.18073825691448603,1626049080000,4370,-1.5113537311553955,0
2,generation,1626049110000,0.18275832755165333,1626049110000,4371,-1.4977701902389526,0
2,generation,1626049140000,0.18432909717685783,1626049140000,4372,-1.487288236618042,0
2,generation,1626049170000,0.18096506659840317,1626049170000,4373,-1.5098227262496948,0
2,generation,1626049200000,0.1816465246897545,1626049200000,4374,-1.5052317380905151,0
2,generation,1626049230000,0.18351587419622956,1626049230000,4375,-1.492706298828125,0
2,generation,1626049260000,0.181486137613087,1626049260000,4376,-1.506311058998108,0
2,generation,1626049290000,0.18172457920235324,1626049290000,4377,-1.5047067403793335,0
2,generation,1626049320000,0.18149485031413518,1626049320000,4378,-1.506252408027649,0
2,generation,1626049350000,0.1812769535112788,1626049350000,4379,-1.507719874382019,0
2,generation,1626049380000,0.1818685628238739,1626049380000,4380,-1.5037387609481812,0
2,generation,1626049410000,0.9982935084303011,1626049410000,4381,6.371607780456543,1
2,generation,1626049440000,0.9831749747887556,1626049440000,4382,4.067919731140137,1
2,generation,1626049470000,0.8009745661752941,1626049470000,4383,1.3923965692520142,0
2,generation,1626049500000,0.997762254539446,1626049500000,4384,6.100046157836914,1
2,generation,1626049530000,0.8206271268044188,1626049530000,4385,1.5206021070480347,0
2,generation,1626049560000,0.19150078063514725,1626049560000,4386,-1.4402878284454346,0
2,generation,1626049590000,0.9982088324665142,1626049590000,4387,6.323094844818115,1
2,generation,1626049620000,0.8024484340362668,1626049620000,4388,1.4016679525375366,0
2,generation,1626049650000,0.997501529429625,1626049650000,4389,5.989574909210205,1
2,generation,1626049680000,0.7966985353851926,1626049680000,4390,1.3657864332199097,0
2,generation,1626049710000,0.9978149331412854,1626049710000,4391,6.1239213943481445,1
2,generation,1626049740000,0.8122900459925481,1626049740000,4392,1.4649595022201538,0
2,generation,1626049770000,0.1811125419268737,1626049770000,4393,-1.508828043937683,0
2,generation,1626049800000,0.18240895376412822,1626049800000,4394,-1.5001111030578613,0
2,generation,1626049830000,0.17963319593048566,1626049830000,4395,-1.5188345909118652,0
2,generation,1626049860000,0.18241069605261126,1626049860000,4396,-1.5000994205474854,0
2,generation,1626049890000,0.9982144514346802,1626049890000,4397,6.326242446899414,1
2,generation,1626049920000,0.9379964846442295,1626049920000,4398,2.716555118560791,0
2,generation,1626049950000,0.2446621833982942,1626049950000,4399,-1.127286672592163,0
2,generation,1626049980000,0.18064271110965235,1626049980000,4400,-1.5119991302490234,0
2,generation,1626050010000,0.18220285055306887,1626050010000,4401,-1.5014936923980713,0
2,generation,1626050040000,0.18397750396477744,1626050040000,4402,-1.4896284341812134,0
2,generation,1626050070000,0.18377127850363476,1626050070000,4403,-1.4910026788711548,0
2,generation,1626050100000,0.18354854615369975,1626050100000,4404,-1.4924882650375366,0
2,generation,1626050130000,0.18057914749995924,1626050130000,4405,-1.512428641319275,0
2,generation,1626050160000,0.18210984534611588,1626050160000,4406,-1.5021179914474487,0
2,generation,1626050190000,0.18196232395695616,1626050190000,4407,-1.5031087398529053,0
2,generation,1626050220000,0.18200663628182356,1626050220000,4408,-1.502811074256897,0
2,generation,1626050250000,0.1792166317248134,1626050250000,4409,-1.5216639041900635,0
2,generation,1626050280000,0.18120575200609487,1626050280000,4410,-1.508199691772461,0
2,generation,1626050310000,0.1822332979295108,1626050310000,4411,-1.5012893676757812,0
2,generation,1626050340000,0.18263954591753462,1626050340000,4412,-1.498565673828125,0
2,generation,1626050370000,0.18132494057133164,1626050370000,4413,-1.5073965787887573,0
2,generation,1626050400000,0.1845820580414807,1626050400000,4414,-1.4856066703796387,0
2,generation,1626050430000,0.1817216366199709,1626050430000,4415,-1.504726529121399,0
2,generation,1626050460000,0.19124220273198225,1626050460000,4416,-1.4419587850570679,0
2,generation,1626050490000,0.998024981718622,1626050490000,4417,6.225200653076172,1
2,generation,1626050520000,0.9596024845352066,1626050520000,4418,3.167750835418701,0
2,generation,1626050550000,0.8023640613667234,1626050550000,4419,1.401135802268982,0
2,generation,1626050580000,0.18367586509089337,1626050580000,4420,-1.4916388988494873,0
2,generation,1626050610000,0.9981489186909467,1626050610000,4421,6.290132522583008,1
2,generation,1626050640000,0.8200196411373338,1626050640000,4422,1.516480565071106,0
2,generation,1626050670000,0.1810666137613342,1626050670000,4423,-1.509137749671936,0
2,generation,1626050700000,0.18249846722639695,1626050700000,4424,-1.4995110034942627,0
2,generation,1626050730000,0.1823670360677635,1626050730000,4425,-1.500392198562622,0
2,generation,1626050760000,0.18318637023350642,1626050760000,4426,-1.4949069023132324,0
2,generation,1626050790000,0.1821371019754209,1626050790000,4427,-1.5019350051879883,0
2,generation,1626050820000,0.1795131021692054,1626050820000,4428,-1.5196497440338135,0
2,generation,1626050850000,0.9979933243491199,1626050850000,4429,6.2092671394348145,1
2,generation,1626050880000,0.781120054577888,1626050880000,4430,1.2722054719924927,0
2,generation,1626050910000,0.18133106352552944,1626050910000,4431,-1.5073553323745728,0
2,generation,1626050940000,0.1815021465662567,1626050940000,4432,-1.506203293800354,0
2,generation,1626050970000,0.1810196696340076,1626050970000,4433,-1.509454369544983,0
2,generation,1626051000000,0.18150745951482358,1626051000000,4434,-1.5061675310134888,0
2,generation,1626051030000,0.18313546840437886,1626051030000,4435,-1.4952471256256104,0
2,generation,1626051060000,0.18070819827198314,1626051060000,4436,-1.5115567445755005,0
2,generation,1626051090000,0.18049241299577315,1626051090000,4437,-1.5130149126052856,0
2,generation,1626051120000,0.18160857027617744,1626051120000,4438,-1.505487084388733,0
2,generation,1626051150000,0.9981631016307682,1626051150000,4439,6.29783821105957,1
2,generation,1626051180000,0.8041206856554793,1626051180000,4440,1.4122506380081177,0
2,generation,1626051210000,0.18151140888501305,1626051210000,4441,-1.506140947341919,0
2,generation,1626051240000,0.18115216623557334,1626051240000,4442,-1.5085608959197998,0
2,generation,1626051270000,0.1785625303696685,1626051270000,4443,-1.526116967201233,0
2,generation,1626051300000,0.9981454203476187,1626051300000,4444,6.288240909576416,1
2,generation,1626051330000,0.8180931921395039,1626051330000,4445,1.5034817457199097,0
2,generation,1626051360000,0.19095558323556097,1626051360000,4446,-1.4438129663467407,0
2,generation,1626051390000,0.180390112296395,1626051390000,4447,-1.5137066841125488,0
2,generation,1626051420000,0.1813044139224145,1626051420000,4448,-1.5075348615646362,0
2,generation,1626051450000,0.18180913223284445,1626051450000,4449,-1.5041382312774658,0
2,generation,1626051480000,0.1803657205325504,1626051480000,4450,-1.513871669769287,0
2,generation,1626051510000,0.1799908625960631,1626051510000,4451,-1.5164093971252441,0
2,generation,1626051540000,0.17977412875313703,1626051540000,4452,-1.517878532409668,0
2,generation,1626051570000,0.1807309139856541,1626051570000,4453,-1.5114033222198486,0
2,generation,1626051600000,0.9981494762993863,1626051600000,4454,6.29043436050415,1
2,generation,1626051630000,0.8300008990563456,1626051630000,4455,1.585633635520935,0
2,generation,1626051660000,0.18067879646503973,1626051660000,4456,-1.511755347251892,0
2,generation,1626051690000,0.17969358263239688,1626051690000,4457,-1.5184248685836792,0
2,generation,1626051720000,0.18221638617974767,1626051720000,4458,-1.5014028549194336,0
2,generation,1626051750000,0.18378415340448315,1626051750000,4459,-1.4909168481826782,0
2,generation,1626051780000,0.1824663138486505,1626051780000,4460,-1.4997265338897705,0
2,generation,1626051810000,0.9981693910102858,1626051810000,4461,6.301274299621582,1
2,generation,1626051840000,0.8702279431590794,1626051840000,4462,1.9029756784439087,0
2,generation,1626051870000,0.17830471445089344,1626051870000,4463,-1.5278756618499756,0
2,generation,1626051900000,0.1786194348731514,1626051900000,4464,-1.5257290601730347,0
2,generation,1626051930000,0.18235557133490443,1626051930000,4465,-1.5004690885543823,0
2,generation,1626051960000,0.18328677922987474,1626051960000,4466,-1.4942359924316406,0
2,generation,1626051990000,0.1841823681655706,1626051990000,4467,-1.4882644414901733,0
2,generation,1626052020000,0.18304451808247366,1626052020000,4468,-1.4958552122116089,0
2,generation,1626052050000,0.18420225164421922,1626052050000,4469,-1.488132119178772,0
2,generation,1626052080000,0.18081323516791808,1626052080000,4470,-1.5108474493026733,0
2,generation,1626052110000,0.1820309344251357,1626052110000,4471,-1.502647876739502,0
2,generation,1626052140000,0.18205752505657946,1626052140000,4472,-1.5024693012237549,0
2,generation,1626052170000,0.17949182271856562,1626052170000,4473,-1.519794225692749,0
2,generation,1626052200000,0.17938185763931702,1626052200000,4474,-1.5205410718917847,0
2,generation,1626052230000,0.1801492683127004,1626052230000,4475,-1.515336513519287,0
2,generation,1626052260000,0.18149830360889566,1626052260000,4476,-1.5062291622161865,0
2,generation,1626052290000,0.1822396046190255,1626052290000,4477,-1.5012470483779907,0
2,generation,1626052320000,0.18251063259413886,1626052320000,4478,-1.49942946434021,0
2,generation,1626052350000,0.1848932918072649,1626052350000,4479,-1.4835401773452759,0
2,generation,1626052380000,0.18038085933747672,1626052380000,4480,-1.513769268989563,0
2,generation,1626052410000,0.18279792881930546,1626052410000,4481,-1.4975050687789917,0
2,generation,1626052440000,0.17934722033285302,1626052440000,4482,-1.520776391029358,0
2,generation,1626052470000,0.18240527366666442,1626052470000,4483,-1.5001357793807983,0
2,generation,1626052500000,0.18030603853364713,1626052500000,4484,-1.5142754316329956,0
2,generation,1626052530000,0.18115655166988862,1626052530000,4485,-1.5085313320159912,0
2,generation,1626052560000,0.18177982154272218,1626052560000,4486,-1.5043352842330933,0
2,generation,1626052590000,0.9978439018492663,1626052590000,4487,6.137296676635742,1
2,generation,1626052620000,0.8204322153540952,1626052620000,4488,1.5192785263061523,0
2,generation,1626052650000,0.17957512580178298,1626052650000,4489,-1.5192286968231201,0
2,generation,1626052680000,0.18091319676802464,1626052680000,4490,-1.510172724723816,0
2,generation,1626052710000,0.9982185678349568,1626052710000,4491,6.328554630279541,1
2,generation,1626052740000,0.8354306873347153,1626052740000,4492,1.6246155500411987,0
2,generation,1626052770000,0.17965046522501654,1626052770000,4493,-1.5187174081802368,0
2,generation,1626052800000,0.17935423861504216,1626052800000,4494,-1.5207287073135376,0
2,generation,1626052830000,0.18362232025732128,1626052830000,4495,-1.4919960498809814,0
2,generation,1626052860000,0.18394700966507999,1626052860000,4496,-1.489831566810608,0
2,generation,1626052890000,0.9983452049538825,1626052890000,4497,6.402421951293945,1
2,generation,1626052920000,0.8228052499769758,1626052920000,4498,1.5354701280593872,0
2,generation,1626052950000,0.1862576751673543,1626052950000,4499,-1.4745126962661743,0
2,generation,1626052980000,0.1818685273490067,1626052980000,4500,-1.5037389993667603,0
2,generation,1626053010000,0.9981245001571377,1626053010000,4501,6.277002811431885,1
2,generation,1626053040000,0.8621285660405346,1626053040000,4502,1.8330827951431274,0
2,generation,1626053070000,0.17765557212194513,1626053070000,4503,-1.5323126316070557,0
2,generation,1626053100000,0.9982047534271727,1626053100000,4504,6.3208160400390625,1
2,generation,1626053130000,0.8460152395817517,1626053130000,4505,1.7036837339401245,0
2,generation,1626053160000,0.18070226819559385,1626053160000,4506,-1.5115967988967896,0
2,generation,1626053190000,0.18066466162959366,1626053190000,4507,-1.5118508338928223,0
2,generation,1626053220000,0.17919965803587018,1626053220000,4508,-1.5217792987823486,0
2,generation,1626053250000,0.1813753978072878,1626053250000,4509,-1.507056713104248,0
2,generation,1626053280000,0.17850861184681233,1626053280000,4510,-1.5264846086502075,0
2,generation,1626053310000,0.9982179953837934,1626053310000,4511,6.328232765197754,1
2,generation,1626053340000,0.8479765334553115,1626053340000,4512,1.7188180685043335,0
2,generation,1626053370000,0.18053168463988345,1626053370000,4513,-1.512749433517456,0
2,generation,1626053400000,0.18057763051337922,1626053400000,4514,-1.5124388933181763,0
2,generation,1626053430000,0.1835275741329864,1626053430000,4515,-1.4926282167434692,0
2,generation,1626053460000,0.18059495297438735,1626053460000,4516,-1.5123218297958374,0
2,generation,1626053490000,0.1842522542920929,1626053490000,4517,-1.4877994060516357,0
2,generation,1626053520000,0.18703871488261967,1626053520000,4518,-1.4693678617477417,0
2,generation,1626053550000,0.18820237655379676,1626053550000,4519,-1.4617332220077515,0
2,generation,1626053580000,0.18180874210878026,1626053580000,4520,-1.504140853881836,0
2,generation,1626053610000,0.18462821028420143,1626053610000,4521,-1.485300064086914,0
2,generation,1626053640000,0.998165423160279,1626053640000,4522,6.299105167388916,1
2,generation,1626053670000,0.8557590135205031,1626053670000,4523,1.7805033922195435,0
2,generation,1626053700000,0.18065252153524206,1626053700000,4524,-1.5119328498840332,0
2,generation,1626053730000,0.1806862083337309,1626053730000,4525,-1.5117052793502808,0
2,generation,1626053760000,0.18244061920808843,1626053760000,4526,-1.4998987913131714,0
2,generation,1626053790000,0.18310741823292534,1626053790000,4527,-1.4954346418380737,0
2,generation,1626053820000,0.1849191639086861,1626053820000,4528,-1.4833685159683228,0
2,generation,1626053850000,0.18222636964923278,1626053850000,4529,-1.501335859298706,0
2,generation,1626053880000,0.1803241688137126,1626053880000,4530,-1.5141527652740479,0
2,generation,1626053910000,0.18271659673472623,1626053910000,4531,-1.4980496168136597,0
2,generation,1626053940000,0.17805547702223476,1626053940000,4532,-1.5295777320861816,0
2,generation,1626053970000,0.18305268274449005,1626053970000,4533,-1.4958006143569946,0
2,generation,1626054000000,0.17763831375083663,1626054000000,4534,-1.5324307680130005,0
2,generation,1626054030000,0.18195873958620923,1626054030000,4535,-1.5031328201293945,0
2,generation,1626054060000,0.1842982172627376,1626054060000,4536,-1.487493634223938,0
2,generation,1626054090000,0.17935144882217244,1626054090000,4537,-1.5207476615905762,0
2,generation,1626054120000,0.18296491852593014,1626054120000,4538,-1.4963876008987427,0
2,generation,1626054150000,0.17945955615692324,1626054150000,4539,-1.5200133323669434,0
2,generation,1626054180000,0.18207563255503187,1626054180000,4540,-1.502347707748413,0
2,generation,1626054210000,0.18112071024132406,1626054210000,4541,-1.5087729692459106,0
2,generation,1626054240000,0.18540015708981725,1626054240000,4542,-1.4801805019378662,0
2,generation,1626054270000,0.19776086531683354,1626054270000,4543,-1.40034818649292,0
2,generation,1626054300000,0.18628633278783258,1626054300000,4544,-1.4743236303329468,0
2,generation,1626054330000,0.1791607530508794,1626054330000,4545,-1.5220438241958618,0
2,generation,1626054360000,0.18415700570760063,1626054360000,4546,-1.4884332418441772,0
2,generation,1626054390000,0.18390007685455734,1626054390000,4547,-1.4901442527770996,0
2,generation,1626054420000,0.1799332299093871,1626054420000,4548,-1.5167999267578125,0
2,generation,1626054450000,0.998260058554002,1626054450000,4549,6.3521623611450195,1
2,generation,1626054480000,0.9072953777946123,1626054480000,4550,2.2810497283935547,0
2,generation,1626054510000,0.18058011767100415,1626054510000,4551,-1.5124220848083496,0
2,generation,1626054540000,0.179293256913608,1626054540000,4552,-1.5211430788040161,0
2,generation,1626054570000,0.9981451617007372,1626054570000,4553,6.2881011962890625,1
2,generation,1626054600000,0.8705707958883935,1626054600000,4554,1.9060150384902954,0
2,generation,1626054630000,0.9981158243495502,1626054630000,4555,6.272378921508789,1
2,generation,1626054660000,0.8683373452535273,1626054660000,4556,1.8863372802734375,0
2,generation,1626054690000,0.17701717554106267,1626054690000,4557,-1.5366885662078857,0
2,generation,1626054720000,0.17734416597437003,1626054720000,4558,-1.5344456434249878,0
2,generation,1626054750000,0.18203948995970823,1626054750000,4559,-1.5025904178619385,0
2,generation,1626054780000,0.18027085680954344,1626054780000,4560,-1.5145134925842285,0
2,generation,1626054810000,0.9982542995215881,1626054810000,4561,6.348852157592773,1
2,generation,1626054840000,0.8536802426540198,1626054840000,4562,1.763762354850769,0
2,generation,1626054870000,0.178819132507566,1626054870000,4563,-1.5243685245513916,0
2,generation,1626054900000,0.17927526023408266,1626054900000,4564,-1.5212653875350952,0
2,generation,1626054930000,0.18580526015716436,1626054930000,4565,-1.4775004386901855,0
2,generation,1626054960000,0.17814555362044635,1626054960000,4566,-1.5289623737335205,0
2,generation,1626054990000,0.18225456369889537,1626054990000,4567,-1.501146674156189,0
2,generation,1626055020000,0.18461240052100486,1626055020000,4568,-1.4854050874710083,0
2,generation,1626055050000,0.18291652315579157,1626055050000,4569,-1.4967113733291626,0
2,generation,1626055080000,0.1817993615943856,1626055080000,4570,-1.5042039155960083,0
2,generation,1626055110000,0.1862438173737618,1626055110000,4571,-1.4746041297912598,0
2,generation,1626055140000,0.9982149986837552,1626055140000,4572,6.326549530029297,1
2,generation,1626055170000,0.8576633431365626,1626055170000,4573,1.7960165739059448,0
2,generation,1626055200000,0.1789165862796926,1626055200000,4574,-1.523705005645752,0
2,generation,1626055230000,0.178501287323991,1626055230000,4575,-1.5265345573425293,0
2,generation,1626055260000,0.18285271205414147,1626055260000,4576,-1.4971383810043335,0
2,generation,1626055290000,0.18282177470155048,1626055290000,4577,-1.4973454475402832,0
2,generation,1626055320000,0.17984601662937022,1626055320000,4578,-1.5173910856246948,0
2,generation,1626055350000,0.18360495116847056,1626055350000,4579,-1.4921119213104248,0
2,generation,1626055380000,0.1822757247869456,1626055380000,4580,-1.501004695892334,0
2,generation,1626055410000,0.9982420625432868,1626055410000,4581,6.341854572296143,1
2,generation,1626055440000,0.8450518316589628,1626055440000,4582,1.6963073015213013,0
2,generation,1626055470000,0.17792620045786392,1626055470000,4583,-1.530461311340332,0
2,generation,1626055500000,0.17972162909732764,1626055500000,4584,-1.5182346105575562,0
2,generation,1626055530000,0.17989356742916024,1626055530000,4585,-1.5170687437057495,0
2,generation,1626055560000,0.9983002051242938,1626055560000,4586,6.375546455383301,1
2,generation,1626055590000,0.8680499046569343,1626055590000,4587,1.883825421333313,0
2,generation,1626055620000,0.18054616410225868,1626055620000,4588,-1.5126515626907349,0
2,generation,1626055650000,0.18210657831477695,1626055650000,4589,-1.502139925956726,0
2,generation,1626055680000,0.18179647126600884,1626055680000,4590,-1.504223346710205,0
2,generation,1626055710000,0.1825249686166019,1626055710000,4591,-1.499333381652832,0
2,generation,1626055740000,0.18410331643287944,1626055740000,4592,-1.4887906312942505,0
2,generation,1626055770000,0.18327380644203442,1626055770000,4593,-1.494322657585144,0
2,generation,1626055800000,0.17877206632301348,1626055800000,4594,-1.5246890783309937,0
2,generation,1626055830000,0.17550569303216926,1626055830000,4595,-1.5470987558364868,0
2,generation,1626055860000,0.18264198396051873,1626055860000,4596,-1.4985493421554565,0
2,generation,1626055890000,0.1845369551831272,1626055890000,4597,-1.4859063625335693,0
2,generation,1626055920000,0.18395268231054682,1626055920000,4598,-1.4897937774658203,0
2,generation,1626055950000,0.18108361920677615,1626055950000,4599,-1.5090230703353882,0
2,generation,1626055980000,0.9981410980793972,1626055980000,4600,6.2859086990356445,1
2,generation,1626056010000,0.8460691823968546,1626056010000,4601,1.704097867012024,0
2,generation,1626056040000,0.18023749461421776,1626056040000,4602,-1.5147392749786377,0
2,generation,1626056070000,0.18134564600676728,1626056070000,4603,-1.507257103919983,0
2,generation,1626056100000,0.18032127915001295,1626056100000,4604,-1.5141723155975342,0
2,generation,1626056130000,0.18186952064732245,1626056130000,4605,-1.5037323236465454,0
2,generation,1626056160000,0.1825264449564274,1626056160000,4606,-1.4993234872817993,0
2,generation,1626056190000,0.17925044256837946,1626056190000,4607,-1.5214340686798096,0
2,generation,1626056220000,0.18176744583964277,1626056220000,4608,-1.5044184923171997,0
2,generation,1626056250000,0.18200040684994026,1626056250000,4609,-1.5028529167175293,0
2,generation,1626056280000,0.181213163022942,1626056280000,4610,-1.5081497430801392,0
2,generation,1626056310000,0.1820450103979452,1626056310000,4611,-1.5025533437728882,0
2,generation,1626056340000,0.18115998226888183,1626056340000,4612,-1.5085082054138184,0
2,generation,1626056370000,0.17980781076502214,1626056370000,4613,-1.5176501274108887,0
2,generation,1626056400000,0.1821705778092217,1626056400000,4614,-1.501710295677185,0
2,generation,1626056430000,0.9981695269287424,1626056430000,4615,6.301348686218262,1
2,generation,1626056460000,0.9444491470995766,1626056460000,4616,2.8333029747009277,0
2,generation,1626056490000,0.9778078422352608,1626056490000,4617,3.785574197769165,0
2,generation,1626056520000,0.8146032456069255,1626056520000,4618,1.4802030324935913,0
2,generation,1626056550000,0.17799175394715397,1626056550000,4619,-1.5300132036209106,0
2,generation,1626056580000,0.18285271205414147,1626056580000,4620,-1.4971383810043335,0
2,generation,1626056610000,0.18831619819634046,1626056610000,4621,-1.4609884023666382,0
2,generation,1626056640000,0.18560655146115707,1626056640000,4622,-1.4788144826889038,0
2,generation,1626056670000,0.18193895555735556,1626056670000,4623,-1.5032657384872437,0
2,generation,1626056700000,0.18311000377358816,1626056700000,4624,-1.4954173564910889,0
2,generation,1626056730000,0.18320875695741204,1626056730000,4625,-1.4947572946548462,0
2,generation,1626056760000,0.18157715889585394,1626056760000,4626,-1.5056984424591064,0
2,generation,1626056790000,0.1821586786892245,1626056790000,4627,-1.501790165901184,0
2,generation,1626056820000,0.9981723301763823,1626056820000,4628,6.302884101867676,1
2,generation,1626056850000,0.9845844248703202,1626056850000,4629,4.156841278076172,1
2,generation,1626056880000,0.9734118107796289,1626056880000,4630,3.6003401279449463,0
2,generation,1626056910000,0.9877536556731347,1626056910000,4631,4.3902058601379395,1
2,generation,1626056940000,0.9920129423748958,1626056940000,4632,4.821913719177246,1
2,generation,1626056970000,0.8134239188707313,1626056970000,4633,1.4724133014678955,0
2,generation,1626057000000,0.1808874781517878,1626057000000,4634,-1.5103462934494019,0
2,generation,1626057030000,0.182721118402668,1626057030000,4635,-1.4980193376541138,0
2,generation,1626057060000,0.18545660568311637,1626057060000,4636,-1.4798067808151245,0
2,generation,1626057090000,0.1829177881512899,1626057090000,4637,-1.4967029094696045,0
2,generation,1626057120000,0.18150719386452072,1626057120000,4638,-1.506169319152832,0
2,generation,1626057150000,0.1797111552055135,1626057150000,4639,-1.5183056592941284,0
2,generation,1626057180000,0.1811354210030594,1626057180000,4640,-1.5086737871170044,0
2,generation,1626057210000,0.18236781817847134,1626057210000,4641,-1.5003869533538818,0
2,generation,1626057240000,0.1797860645601193,1626057240000,4642,-1.517797589302063,0
2,generation,1626057270000,0.998056385770135,1626057270000,4643,6.241260528564453,1
2,generation,1626057300000,0.821892229847786,1626057300000,4644,1.529220461845398,0
2,generation,1626057330000,0.18004180457114743,1626057330000,4645,-1.5160642862319946,0
2,generation,1626057360000,0.18094252229240082,1626057360000,4646,-1.5099748373031616,0
2,generation,1626057390000,0.19370884316377232,1626057390000,4647,-1.4260886907577515,0
2,generation,1626057420000,0.180138757365947,1626057420000,4648,-1.515407681465149,0
2,generation,1626057450000,0.18531621998562675,1626057450000,4649,-1.4807363748550415,0
2,generation,1626057480000,0.17908765969898283,1626057480000,4650,-1.5225409269332886,0
2,generation,1626057510000,0.18186350770955273,1626057510000,4651,-1.5037727355957031,0
2,generation,1626057540000,0.17797082499923833,1626057540000,4652,-1.5301562547683716,0
2,generation,1626057570000,0.18361479706969838,1626057570000,4653,-1.4920462369918823,0
2,generation,1626057600000,0.17981628478162406,1626057600000,4654,-1.5175926685333252,0
2,generation,1626057630000,0.1800846432490955,1626057630000,4655,-1.515774130821228,0
2,generation,1626057660000,0.17884166259373405,1626057660000,4656,-1.5242151021957397,0
2,generation,1626057690000,0.1808147536970079,1626057690000,4657,-1.510837197303772,0
2,generation,1626057720000,0.1822842359559955,1626057720000,4658,-1.5009475946426392,0
2,generation,1626057750000,0.18252528878589688,1626057750000,4659,-1.4993312358856201,0
2,generation,1626057780000,0.18346334771398706,1626057780000,4660,-1.4930568933486938,0
2,generation,1626057810000,0.1813171720836589,1626057810000,4661,-1.5074489116668701,0
2,generation,1626057840000,0.1827432829529111,1626057840000,4662,-1.497870922088623,0
2,generation,1626057870000,0.18170724331736388,1626057870000,4663,-1.5048233270645142,0
2,generation,1626057900000,0.9981793975534756,1626057900000,4664,6.306765556335449,1
2,generation,1626057930000,0.9952528766618551,1626057930000,4665,5.345458030700684,1
2,generation,1626057960000,0.8512837578852456,1626057960000,4666,1.7447054386138916,0
2,generation,1626057990000,0.18036824066065812,1626057990000,4667,-1.5138546228408813,0
2,generation,1626058020000,0.17921970044940153,1626058020000,4668,-1.521643042564392,0
2,generation,1626058050000,0.17949684392943155,1626058050000,4669,-1.5197601318359375,0
2,generation,1626058080000,0.1856171650572054,1626058080000,4670,-1.4787442684173584,0
2,generation,1626058110000,0.18050027737170832,1626058110000,4671,-1.512961745262146,0
2,generation,1626058140000,0.18335158245323963,1626058140000,4672,-1.4938031435012817,0
2,generation,1626058170000,0.18111814656195638,1626058170000,4673,-1.5087902545928955,0
2,generation,1626058200000,0.18394734966209503,1626058200000,4674,-1.4898293018341064,0
2,generation,1626058230000,0.18058031170570074,1626058230000,4675,-1.5124207735061646,0
2,generation,1626058260000,0.18466178931652494,1626058260000,4676,-1.4850770235061646,0
2,generation,1626058290000,0.9983057597433324,1626058290000,4677,6.3788251876831055,1
2,generation,1626058320000,0.8562454294426648,1626058320000,4678,1.784449577331543,0
2,generation,1626058350000,0.18159087095815835,1626058350000,4679,-1.5056061744689941,0
2,generation,1626058380000,0.17966304469314756,1626058380000,4680,-1.5186320543289185,0
2,generation,1626058410000,0.1808619213329994,1626058410000,4681,-1.5105187892913818,0
2,generation,1626058440000,0.9983812337264047,1626058440000,4682,6.424470901489258,1
2,generation,1626058470000,0.8424256218796193,1626058470000,4683,1.6763877868652344,0
2,generation,1626058500000,0.17873647119213798,1626058500000,4684,-1.52493155002594,0
2,generation,1626058530000,0.1853493917034845,1626058530000,4685,-1.4805166721343994,0
2,generation,1626058560000,0.18039957713448226,1626058560000,4686,-1.51364266872406,0
2,generation,1626058590000,0.1794515516615796,1626058590000,4687,-1.5200676918029785,0
2,generation,1626058620000,0.18213798986683438,1626058620000,4688,-1.5019290447235107,0
2,generation,1626058650000,0.183180840771959,1626058650000,4689,-1.4949438571929932,0
2,generation,1626058680000,0.19146988558034644,1626058680000,4690,-1.4404873847961426,0
2,generation,1626058710000,0.18016629459687356,1626058710000,4691,-1.5152212381362915,0
2,generation,1626058740000,0.18194188313330378,1626058740000,4692,-1.5032460689544678,0
2,generation,1626058770000,0.1805921304891423,1626058770000,4693,-1.5123409032821655,0
2,generation,1626058800000,0.998137341203563,1626058800000,4694,6.283885955810547,1
2,generation,1626058830000,0.8328552243380083,1626058830000,4695,1.60599946975708,0
2,generation,1626058860000,0.1837277057266713,1626058860000,4696,-1.49129319190979,0
2,generation,1626058890000,0.18737423023505884,1626058890000,4697,-1.467162847518921,0
2,generation,1626058920000,0.9982357696467667,1626058920000,4698,6.338274955749512,1
2,generation,1626058950000,0.994483327544866,1626058950000,4699,5.194448471069336,1
2,generation,1626058980000,0.9568928493048392,1626058980000,4700,3.1000025272369385,0
2,generation,1626059010000,0.7723594273266429,1626059010000,4701,1.221682071685791,0
2,generation,1626059040000,0.18592770729483857,1626059040000,4702,-1.4766912460327148,0
2,generation,1626059070000,0.17911717468692437,1626059070000,4703,-1.522340178489685,0
2,generation,1626059100000,0.18150568851851998,1626059100000,4704,-1.5061794519424438,0
2,generation,1626059130000,0.17891161278565856,1626059130000,4705,-1.5237388610839844,0
2,generation,1626059160000,0.997937566624912,1626059160000,4706,6.181804180145264,1
2,generation,1626059190000,0.8002990004339938,1626059190000,4707,1.3881641626358032,0
2,generation,1626059220000,0.187145883641022,1626059220000,4708,-1.468663215637207,0
2,generation,1626059250000,0.18106633093699923,1626059250000,4709,-1.5091396570205688,0
2,generation,1626059280000,0.1817078282495646,1626059280000,4710,-1.504819393157959,0
2,generation,1626059310000,0.1856557131099749,1626059310000,4711,-1.4784892797470093,0
2,generation,1626059340000,0.18377340639042639,1626059340000,4712,-1.4909884929656982,0
2,generation,1626059370000,0.19137447452224626,1626059370000,4713,-1.4411038160324097,0
2,generation,1626059400000,0.18269916954388335,1626059400000,4714,-1.4981663227081299,0
2,generation,1626059430000,0.18200342393299992,1626059430000,4715,-1.5028326511383057,0
2,generation,1626059460000,0.9980518183906412,1626059460000,4716,6.238908767700195,1
2,generation,1626059490000,0.8485569146490151,1626059490000,4717,1.7233272790908813,0
2,generation,1626059520000,0.18090946951182374,1626059520000,4718,-1.5101978778839111,0
2,generation,1626059550000,0.1816955095323478,1626059550000,4719,-1.5049022436141968,0
2,generation,1626059580000,0.18448038235238437,1626059580000,4720,-1.4862823486328125,0
2,generation,1626059610000,0.9982816889713472,1626059610000,4721,6.364693641662598,1
2,generation,1626059640000,0.891311085394884,1626059640000,4722,2.104203701019287,0
2,generation,1626059670000,0.18082365318355173,1626059670000,4723,-1.5107771158218384,0
2,generation,1626059700000,0.1811218594860768,1626059700000,4724,-1.5087652206420898,0
2,generation,1626059730000,0.18202498833524972,1626059730000,4725,-1.5026878118515015,0
2,generation,1626059760000,0.1840125486106195,1626059760000,4726,-1.489395022392273,0
2,generation,1626059790000,0.18718135709845918,1626059790000,4727,-1.4684300422668457,0
2,generation,1626059820000,0.17904763475832355,1626059820000,4728,-1.5228132009506226,0
2,generation,1626059850000,0.9982911534897011,1626059850000,4729,6.3702263832092285,1
2,generation,1626059880000,0.8713428835343543,1626059880000,4730,1.9128847122192383,0
2,generation,1626059910000,0.18154697393920535,1626059910000,4731,-1.505901575088501,0
2,generation,1626059940000,0.18338810567302846,1626059940000,4732,-1.4935592412948608,0
2,generation,1626059970000,0.18837116046613273,1626059970000,4733,-1.460628867149353,0
2,generation,1626060000000,0.9982745153955247,1626060000000,4734,6.360520362854004,1
2,generation,1626060030000,0.8733427765046418,1626060030000,4735,1.930843710899353,0
2,generation,1626060060000,0.1778558025436831,1626060060000,4736,-1.530942678451538,0
2,generation,1626060090000,0.18219151817536408,1626060090000,4737,-1.5015697479248047,0
2,generation,1626060120000,0.18372128759861653,1626060120000,4738,-1.4913359880447388,0
2,generation,1626060150000,0.18523972473931882,1626060150000,4739,-1.4812431335449219,0
2,generation,1626060180000,0.1849669448183337,1626060180000,4740,-1.4830515384674072,0
2,generation,1626060210000,0.18488256648591098,1626060210000,4741,-1.4836113452911377,0
2,generation,1626060240000,0.1824003314043006,1626060240000,4742,-1.5001689195632935,0
2,generation,1626060270000,0.18244118819391436,1626060270000,4743,-1.4998949766159058,0
2,generation,1626060300000,0.1865533588306101,1626060300000,4744,-1.4725630283355713,0
2,generation,1626060330000,0.1868631517091303,1626060330000,4745,-1.4705228805541992,0
2,generation,1626060360000,0.18946841651931481,1626060360000,4746,-1.4534679651260376,0
2,generation,1626060390000,0.1895352826736154,1626060390000,4747,-1.4530326128005981,0
2,generation,1626060420000,0.18647496880348371,1626060420000,4748,-1.4730796813964844,0
2,generation,1626060450000,0.18183564446178652,1626060450000,4749,-1.5039600133895874,0
2,generation,1626060480000,0.17986648477954703,1626060480000,4750,-1.5172523260116577,0
2,generation,1626060510000,0.18162297521634227,1626060510000,4751,-1.5053901672363281,0
2,generation,1626060540000,0.1856548299858388,1626060540000,4752,-1.4784951210021973,0
2,generation,1626060570000,0.9983301061008945,1626060570000,4753,6.39332389831543,1
2,generation,1626060600000,0.8492792272005693,1626060600000,4754,1.728959083557129,0
2,generation,1626060630000,0.17866213130930458,1626060630000,4755,-1.5254380702972412,0
2,generation,1626060660000,0.18038378499494484,1626060660000,4756,-1.5137494802474976,0
2,generation,1626060690000,0.9981732581330695,1626060690000,4757,6.3033928871154785,1
2,generation,1626060720000,0.8177364817160049,1626060720000,4758,1.5010865926742554,0
2,generation,1626060750000,0.18069148502276194,1626060750000,4759,-1.511669635772705,0
2,generation,1626060780000,0.998236382569953,1626060780000,4760,6.338623046875,1
2,generation,1626060810000,0.8313773938976161,1626060810000,4761,1.5954207181930542,0
2,generation,1626060840000,0.1818455939737087,1626060840000,4762,-1.5038931369781494,0
2,generation,1626060870000,0.9981627099060623,1626060870000,4763,6.297624588012695,1
2,generation,1626060900000,0.8278361215621028,1626060900000,4764,1.5703684091567993,0
2,generation,1626060930000,0.996666703671112,1626060930000,4765,5.7004547119140625,1
2,generation,1626060960000,0.8223015984522869,1626060960000,4766,1.5320194959640503,0
2,generation,1626060990000,0.17992909625028505,1626060990000,4767,-1.516827940940857,0
2,generation,1626061020000,0.9982149086201091,1626061020000,4768,6.326498985290527,1
2,generation,1626061050000,0.8125577469048911,1626061050000,4769,1.4667161703109741,0
2,generation,1626061080000,0.18532577685774104,1626061080000,4770,-1.48067307472229,0
2,generation,1626061110000,0.1803330670903724,1626061110000,4771,-1.5140925645828247,0
2,generation,1626061140000,0.18057464948730143,1626061140000,4772,-1.5124590396881104,0
2,generation,1626061170000,0.18257685952229707,1626061170000,4773,-1.4989856481552124,0
2,generation,1626061200000,0.17972626869167815,1626061200000,4774,-1.5182031393051147,0
2,generation,1626061230000,0.18167278807796633,1626061230000,4775,-1.5050550699234009,0
2,generation,1626061260000,0.17933914957365266,1626061260000,4776,-1.5208312273025513,0
2,generation,1626061290000,0.17953124041835514,1626061290000,4777,-1.5195266008377075,0
2,generation,1626061320000,0.18103260660214118,1626061320000,4778,-1.5093671083450317,0
2,generation,1626061350000,0.18196667141099365,1626061350000,4779,-1.5030795335769653,0
2,generation,1626061380000,0.17984527812186088,1626061380000,4780,-1.517396092414856,0
2,generation,1626061410000,0.180614570196922,1626061410000,4781,-1.512189269065857,0
2,generation,1626061440000,0.1807960376367602,1626061440000,4782,-1.5109635591506958,0
2,generation,1626061470000,0.18078985813710371,1626061470000,4783,-1.5110052824020386,0
2,generation,1626061500000,0.17976918937338385,1626061500000,4784,-1.5179120302200317,0
2,generation,1626061530000,0.18581386261464725,1626061530000,4785,-1.4774435758590698,0
2,generation,1626061560000,0.18271054424433017,1626061560000,4786,-1.498090147972107,0
2,generation,1626061590000,0.17912637698982695,1626061590000,4787,-1.522277593612671,0
2,generation,1626061620000,0.18367261202217194,1626061620000,4788,-1.4916605949401855,0
2,generation,1626061650000,0.9981531217224233,1626061650000,4789,6.292409896850586,1
2,generation,1626061680000,0.8696872911881183,1626061680000,4790,1.8981966972351074,0
2,generation,1626061710000,0.18097232859235218,1626061710000,4791,-1.5097737312316895,0
2,generation,1626061740000,0.1838485920537819,1626061740000,4792,-1.4904873371124268,0
2,generation,1626061770000,0.180784208452889,1626061770000,4793,-1.5110434293746948,0
2,generation,1626061800000,0.18211115927373975,1626061800000,4794,-1.502109169960022,0
2,generation,1626061830000,0.17932271066595287,1626061830000,4795,-1.5209429264068604,0
2,generation,1626061860000,0.1818091499657719,1626061860000,4796,-1.5041381120681763,0
2,generation,1626061890000,0.1814528127648029,1626061890000,4797,-1.5065354108810425,0
2,generation,1626061920000,0.1818018618459232,1626061920000,4798,-1.5041871070861816,0
2,generation,1626061950000,0.18000240493856928,1626061950000,4799,-1.5163311958312988,0
2,generation,1626061980000,0.1819312198359781,1626061980000,4800,-1.5033177137374878,0
2,generation,1626062010000,0.18070396248765597,1626062010000,4801,-1.5115853548049927,0
2,generation,1626062040000,0.9981950234604177,1626062040000,4802,6.315401077270508,1
2,generation,1626062070000,0.8676638883732531,1626062070000,4803,1.8804594278335571,0
2,generation,1626062100000,0.18141596973945776,1626062100000,4804,-1.5067834854125977,0
2,generation,1626062130000,0.18266529791052924,1626062130000,4805,-1.498393177986145,0
2,generation,1626062160000,0.9980830629560054,1626062160000,4806,6.255107879638672,1
2,generation,1626062190000,0.8471325378780236,1626062190000,4807,1.7122858762741089,0
2,generation,1626062220000,0.1834056195402501,1626062220000,4808,-1.4934422969818115,0
2,generation,1626062250000,0.18075435568749204,1626062250000,4809,-1.5112450122833252,0
2,generation,1626062280000,0.1799796902995169,1626062280000,4810,-1.5164850950241089,0
2,generation,1626062310000,0.18329637990828326,1626062310000,4811,-1.4941718578338623,0
2,generation,1626062340000,0.1855209570580882,1626062340000,4812,-1.4793808460235596,0
2,generation,1626062370000,0.1821147992468579,1626062370000,4813,-1.502084732055664,0
2,generation,1626062400000,0.18889764241531862,1626062400000,4814,-1.4571889638900757,0
2,generation,1626062430000,0.17966889543434109,1626062430000,4815,-1.518592357635498,0
2,generation,1626062460000,0.18414894617068847,1626062460000,4816,-1.488486886024475,0
2,generation,1626062490000,0.180250370371178,1626062490000,4817,-1.514652132987976,0
2,generation,1626062520000,0.17939889746228574,1626062520000,4818,-1.5204253196716309,0
2,generation,1626062550000,0.18128526914444365,1626062550000,4819,-1.5076638460159302,0
2,generation,1626062580000,0.1825975514802418,1626062580000,4820,-1.4988470077514648,0
2,generation,1626062610000,0.18872422549532164,1626062610000,4821,-1.458321213722229,0
2,generation,1626062640000,0.9981381406828089,1626062640000,4822,6.284316062927246,1
2,generation,1626062670000,0.8421379743002508,1626062670000,4823,1.674222469329834,0
2,generation,1626062700000,0.18840453382109174,1626062700000,4824,-1.4604105949401855,0
2,generation,1626062730000,0.17917388427914865,1626062730000,4825,-1.5219545364379883,0
2,generation,1626062760000,0.18201712552886476,1626062760000,4826,-1.5027406215667725,0
2,generation,1626062790000,0.17916290939588242,1626062790000,4827,-1.522029161453247,0
2,generation,1626062820000,0.18177916550762763,1626062820000,4828,-1.5043396949768066,0
2,generation,1626062850000,0.18577020426417482,1626062850000,4829,-1.4777321815490723,0
2,generation,1626062880000,0.18344745454434616,1626062880000,4830,-1.493162989616394,0
2,generation,1626062910000,0.1832594426316278,1626062910000,4831,-1.4944186210632324,0
2,generation,1626062940000,0.18110200487142705,1626062940000,4832,-1.5088990926742554,0
2,generation,1626062970000,0.18064341688180155,1626062970000,4833,-1.5119943618774414,0
2,generation,1626063000000,0.18082918021902925,1626063000000,4834,-1.510739803314209,0
2,generation,1626063030000,0.18080209370612052,1626063030000,4835,-1.5109226703643799,0
2,generation,1626063060000,0.9980029822355265,1626063060000,4836,6.214101314544678,1
2,generation,1626063090000,0.8211050756488462,1626063090000,4837,1.5238524675369263,0
2,generation,1626063120000,0.9979680868039225,1626063120000,4838,6.196743488311768,1
2,generation,1626063150000,0.8069915249654792,1626063150000,4839,1.4305790662765503,0
2,generation,1626063180000,0.1825913241302242,1626063180000,4840,-1.4988887310028076,0
2,generation,1626063210000,0.18347981344922792,1626063210000,4841,-1.492946982383728,0
2,generation,1626063240000,0.9977039043506641,1626063240000,4842,6.074246406555176,1
2,generation,1626063270000,0.9946991712722576,1626063270000,4843,5.234577178955078,1
2,generation,1626063300000,0.8077324749227567,1626063300000,4844,1.4353431463241577,0
2,generation,1626063330000,0.9975089304435741,1626063330000,4845,5.992548942565918,1
2,generation,1626063360000,0.8250993383980816,1626063360000,4846,1.5512856245040894,0
2,generation,1626063390000,0.18003594435161896,1626063390000,4847,-1.516103982925415,0
2,generation,1626063420000,0.1813218083708669,1626063420000,4848,-1.5074176788330078,0
2,generation,1626063450000,0.18121183645127173,1626063450000,4849,-1.5081586837768555,0
2,generation,1626063480000,0.182478566469747,1626063480000,4850,-1.49964439868927,0
2,generation,1626063510000,0.18948317239090542,1626063510000,4851,-1.4533718824386597,0
2,generation,1626063540000,0.18426284380377803,1626063540000,4852,-1.4877289533615112,0
2,generation,1626063570000,0.18267718713494355,1626063570000,4853,-1.498313546180725,0
2,generation,1626063600000,0.18255835750816077,1626063600000,4854,-1.4991096258163452,0
2,generation,1626063630000,0.18038933679610222,1626063630000,4855,-1.513711929321289,0
2,generation,1626063660000,0.9980597627382248,1626063660000,4856,6.243002891540527,1
2,generation,1626063690000,0.8220765021928697,1626063690000,4857,1.5304797887802124,0
2,generation,1626063720000,0.9981308636336292,1626063720000,4858,6.280407905578613,1
2,generation,1626063750000,0.8726091374967337,1626063750000,4859,1.9242277145385742,0
2,generation,1626063780000,0.18258559511388248,1626063780000,4860,-1.498927116394043,0
2,generation,1626063810000,0.1824187676393672,1626063810000,4861,-1.5000452995300293,0
2,generation,1626063840000,0.1827626185542716,1626063840000,4862,-1.497741460800171,0
2,generation,1626063870000,0.18131140339714097,1626063870000,4863,-1.5074877738952637,0
2,generation,1626063900000,0.1867415152256587,1626063900000,4864,-1.4713236093521118,0
2,generation,1626063930000,0.18058297528933018,1626063930000,4865,-1.5124027729034424,0
2,generation,1626063960000,0.18191569593748122,1626063960000,4866,-1.5034220218658447,0
2,generation,1626063990000,0.18032704089330157,1626063990000,4867,-1.514133334159851,0
2,generation,1626064020000,0.9979823365293138,1626064020000,4868,6.203795433044434,1
2,generation,1626064050000,0.8068798349239701,1626064050000,4869,1.429862141609192,0
2,generation,1626064080000,0.18136215858332613,1626064080000,4870,-1.507145881652832,0
2,generation,1626064110000,0.1823819854985647,1626064110000,4871,-1.5002919435501099,0
2,generation,1626064140000,0.1860596763942179,1626064140000,4872,-1.4758195877075195,0
2,generation,1626064170000,0.18124969093337054,1626064170000,4873,-1.5079035758972168,0
2,generation,1626064200000,0.18237658155163347,1626064200000,4874,-1.5003281831741333,0
2,generation,1626064230000,0.1796319837906582,1626064230000,4875,-1.5188428163528442,0
2,generation,1626064260000,0.18241533629214904,1626064260000,4876,-1.5000683069229126,0
2,generation,1626064290000,0.1824223590513017,1626064290000,4877,-1.50002121925354,0
2,generation,1626064320000,0.9977499754158491,1626064320000,4878,6.094561576843262,1
2,generation,1626064350000,0.8098087953222605,1626064350000,4879,1.4487682580947876,0
2,generation,1626064380000,0.9980641899238032,1626064380000,4880,6.245291709899902,1
2,generation,1626064410000,0.8395607046824913,1626064410000,4881,1.6549631357192993,0
2,generation,1626064440000,0.187574686174215,1626064440000,4882,-1.4658468961715698,0
2,generation,1626064470000,0.18200913874985067,1626064470000,4883,-1.5027942657470703,0
2,generation,1626064500000,0.18207692853752722,1626064500000,4884,-1.5023390054702759,0
2,generation,1626064530000,0.183416706970575,1626064530000,4885,-1.4933682680130005,0
2,generation,1626064560000,0.18457565270080456,1626064560000,4886,-1.4856492280960083,0
2,generation,1626064590000,0.18067096131868976,1626064590000,4887,-1.5118082761764526,0
2,generation,1626064620000,0.9981964541986408,1626064620000,4888,6.316195487976074,1
2,generation,1626064650000,0.8261280321190777,1626064650000,4889,1.558430552482605,0
2,generation,1626064680000,0.1871238332209637,1626064680000,4890,-1.4688081741333008,0
2,generation,1626064710000,0.9982174405670778,1626064710000,4891,6.327920913696289,1
2,generation,1626064740000,0.8681790192624134,1626064740000,4892,1.8849531412124634,0
2,generation,1626064770000,0.18173642081217944,1626064770000,4893,-1.5046271085739136,0
2,generation,1626064800000,0.1792807678398763,1626064800000,4894,-1.5212279558181763,0
2,generation,1626064830000,0.18515523225352304,1626064830000,4895,-1.481803059577942,0
2,generation,1626064860000,0.180973848162387,1626064860000,4896,-1.509763479232788,0
2,generation,1626064890000,0.18419247091461927,1626064890000,4897,-1.4881972074508667,0
2,generation,1626064920000,0.18226476200341013,1626064920000,4898,-1.5010782480239868,0
2,generation,1626064950000,0.998204180818712,1626064950000,4899,6.320496559143066,1
2,generation,1626064980000,0.8292675557229009,1626064980000,4900,1.5804451704025269,0
2,generation,1626065010000,0.17915009434269386,1626065010000,4901,-1.5221163034439087,0
2,generation,1626065040000,0.18522828224186663,1626065040000,4902,-1.4813189506530762,0
2,generation,1626065070000,0.18227067864465515,1626065070000,4903,-1.5010385513305664,0
2,generation,1626065100000,0.18103918140292513,1626065100000,4904,-1.5093227624893188,0
2,generation,1626065130000,0.18007983802190697,1626065130000,4905,-1.5158066749572754,0
2,generation,1626065160000,0.99811126424654,1626065160000,4906,6.269957065582275,1
2,generation,1626065190000,0.8413415608882227,1626065190000,4907,1.6682440042495728,0
2,generation,1626065220000,0.9976982565374668,1626065220000,4908,6.071784019470215,1
2,generation,1626065250000,0.7989693258643775,1626065250000,4909,1.379865050315857,0
2,generation,1626065280000,0.9980292330223066,1626065280000,4910,6.227359771728516,1
2,generation,1626065310000,0.94169294682048,1626065310000,4911,2.781956195831299,0
2,generation,1626065340000,0.9841729208268117,1626065340000,4912,4.13007926940918,1
2,generation,1626065370000,0.760288843583311,1626065370000,4913,1.1542637348175049,0
2,generation,1626065400000,0.18185547296325283,1626065400000,4914,-1.5038267374038696,0
2,generation,1626065430000,0.18229095271242385,1626065430000,4915,-1.500902533531189,0
2,generation,1626065460000,0.17978486919369036,1626065460000,4916,-1.5178056955337524,0
2,generation,1626065490000,0.9984196349503083,1626065490000,4917,6.448517799377441,1
2,generation,1626065520000,0.8650113088168282,1626065520000,4918,1.8575515747070312,0
2,generation,1626065550000,0.20307009454280425,1626065550000,4919,-1.3672155141830444,0
2,generation,1626065580000,0.1844533203896216,1626065580000,4920,-1.4864622354507446,0
2,generation,1626065610000,0.18122119336488612,1626065610000,4921,-1.508095622062683,0
2,generation,1626065640000,0.18196225297878477,1626065640000,4922,-1.5031092166900635,0
2,generation,1626065670000,0.18349035069223052,1626065670000,4923,-1.492876648902893,0
2,generation,1626065700000,0.18332564832337306,1626065700000,4924,-1.493976354598999,0
2,generation,1626065730000,0.18075984576582924,1626065730000,4925,-1.511207938194275,0
2,generation,1626065760000,0.18081139882043423,1626065760000,4926,-1.5108598470687866,0
2,generation,1626065790000,0.18320369077196583,1626065790000,4927,-1.4947911500930786,0
2,generation,1626065820000,0.18062346200313084,1626065820000,4928,-1.5121291875839233,0
2,generation,1626065850000,0.18249466123193284,1626065850000,4929,-1.4995365142822266,0
2,generation,1626065880000,0.18065172751053027,1626065880000,4930,-1.511938214302063,0
2,generation,1626065910000,0.18187480648432233,1626065910000,4931,-1.5036967992782593,0
2,generation,1626065940000,0.9978764135230433,1626065940000,4932,6.152523040771484,1
2,generation,1626065970000,0.8293630302065951,1626065970000,4933,1.5811196565628052,0
2,generation,1626066000000,0.18140662269957267,1626066000000,4934,-1.5068464279174805,0
2,generation,1626066030000,0.1802932477630007,1626066030000,4935,-1.5143619775772095,0
2,generation,1626066060000,0.18054552917384384,1626066060000,4936,-1.5126558542251587,0
2,generation,1626066090000,0.18202731350465806,1626066090000,4937,-1.5026721954345703,0
2,generation,1626066120000,0.18270961858305318,1626066120000,4938,-1.4980963468551636,0
2,generation,1626066150000,0.1802881739343653,1626066150000,4939,-1.5143963098526,0
2,generation,1626066180000,0.1830097233902442,1626066180000,4940,-1.496087908744812,0
2,generation,1626066210000,0.18510156972312578,1626066210000,4941,-1.4821587800979614,0
2,generation,1626066240000,0.18282448178030145,1626066240000,4942,-1.4973273277282715,0
2,generation,1626066270000,0.1876895427324595,1626066270000,4943,-1.4650933742523193,0
2,generation,1626066300000,0.178895519720318,1626066300000,4944,-1.5238484144210815,0
2,generation,1626066330000,0.9980785105934278,1626066330000,4945,6.2527313232421875,1
2,generation,1626066360000,0.8281578629463995,1626066360000,4946,1.5726275444030762,0
2,generation,1626066390000,0.9980427856032085,1626066390000,4947,6.234273910522461,1
2,generation,1626066420000,0.8450807688587916,1626066420000,4948,1.6965283155441284,0
2,generation,1626066450000,0.9977230182123157,1626066450000,4949,6.082624912261963,1
2,generation,1626066480000,0.9886070762493706,1626066480000,4950,4.46330451965332,1
2,generation,1626066510000,0.8172856996696627,1626066510000,4951,1.4980649948120117,0
2,generation,1626066540000,0.18096607372269088,1626066540000,4952,-1.5098159313201904,0
2,generation,1626066570000,0.1797688905530971,1626066570000,4953,-1.517914056777954,0
2,generation,1626066600000,0.18079541967938748,1626066600000,4954,-1.51096773147583,0
2,generation,1626066630000,0.180416851021696,1626066630000,4955,-1.5135258436203003,0
2,generation,1626066660000,0.18199424857168472,1626066660000,4956,-1.5028942823410034,0
2,generation,1626066690000,0.1805525134821576,1626066690000,4957,-1.5126086473464966,0
2,generation,1626066720000,0.17860950091975145,1626066720000,4958,-1.5257967710494995,0
2,generation,1626066750000,0.9981109334156685,1626066750000,4959,6.269781589508057,1
2,generation,1626066780000,0.8435090982721348,1626066780000,4960,1.6845728158950806,0
2,generation,1626066810000,0.1784668355050253,1626066810000,4961,-1.5267695188522339,0
2,generation,1626066840000,0.17840549583885162,1626066840000,4962,-1.5271879434585571,0
2,generation,1626066870000,0.1804428524163458,1626066870000,4963,-1.513350009918213,0
2,generation,1626066900000,0.17886668111825718,1626066900000,4964,-1.5240447521209717,0
2,generation,1626066930000,0.18488120115288587,1626066930000,4965,-1.4836204051971436,0
2,generation,1626066960000,0.1805362876351147,1626066960000,4966,-1.5127183198928833,0
2,generation,1626066990000,0.1816951904950658,1626066990000,4967,-1.5049043893814087,0
2,generation,1626067020000,0.18317381319155765,1626067020000,4968,-1.4949908256530762,0
2,generation,1626067050000,0.1817688287653394,1626067050000,4969,-1.5044091939926147,0
2,generation,1626067080000,0.1791830011951795,1626067080000,4970,-1.5218925476074219,0
2,generation,1626067110000,0.18434813252562895,1626067110000,4971,-1.487161636352539,0
2,generation,1626067140000,0.18182585498096474,1626067140000,4972,-1.5040258169174194,0
2,generation,1626067170000,0.18159875487297283,1626067170000,4973,-1.505553126335144,0
2,generation,1626067200000,0.9980644773416454,1626067200000,4974,6.245440483093262,1
2,generation,1626067230000,0.8527497984315421,1626067230000,4975,1.7563329935073853,0
2,generation,1626067260000,0.18058429827271646,1626067260000,4976,-1.512393832206726,0
2,generation,1626067290000,0.17973509120864767,1626067290000,4977,-1.5181432962417603,0
2,generation,1626067320000,0.9980207165526539,1626067320000,4978,6.223039150238037,1
2,generation,1626067350000,0.8794911549097713,1626067350000,4979,1.9876203536987305,0
2,generation,1626067380000,0.17855011609146437,1626067380000,4980,-1.526201605796814,0
2,generation,1626067410000,0.17902773003700753,1626067410000,4981,-1.5229486227035522,0
2,generation,1626067440000,0.1812918157028851,1626067440000,4982,-1.5076197385787964,0
2,generation,1626067470000,0.18144280915704133,1626067470000,4983,-1.5066027641296387,0
2,generation,1626067500000,0.9982041073065145,1626067500000,4984,6.320455551147461,1
2,generation,1626067530000,0.8382039368961505,1626067530000,4985,1.6449247598648071,0
2,generation,1626067560000,0.1996562118733278,1626067560000,4986,-1.388444423675537,0
2,generation,1626067590000,0.18179716281371736,1626067590000,4987,-1.5042186975479126,0
2,generation,1626067620000,0.1850930646684062,1626067620000,4988,-1.482215166091919,0
2,generation,1626067650000,0.18237649267196726,1626067650000,4989,-1.500328779220581,0
2,generation,1626067680000,0.182798213744645,1626067680000,4990,-1.4975031614303589,0
2,generation,1626067710000,0.18115656935325886,1626067710000,4991,-1.5085312128067017,0
2,generation,1626067740000,0.1794085498283466,1626067740000,4992,-1.520359754562378,0
2,generation,1626067770000,0.1827305358561332,1626067770000,4993,-1.4979562759399414,0
2,generation,1626067800000,0.9980827563938348,1626067800000,4994,6.254947662353516,1
2,generation,1626067830000,0.8443468332872612,1626067830000,4995,1.690933108329773,0
2,generation,1626067860000,0.9980781337920315,1626067860000,4996,6.252534866333008,1
2,generation,1626067890000,0.8206241437273288,1626067890000,4997,1.520581841468811,0
2,generation,1626067920000,0.1805434127583675,1626067920000,4998,-1.5126701593399048,0
2,generation,1626067950000,0.18090300436571694,1626067950000,4999,-1.5102415084838867,0
2,generation,1626067980000,0.1812273312800304,1626067980000,5000,-1.508054256439209,0
2,generation,1626068010000,0.18357845325309513,1626068010000,5001,-1.4922887086868286,0
2,generation,1626068040000,0.9982264979034132,1626068040000,5002,6.333024024963379,1
2,generation,1626068070000,0.8582337845118656,1626068070000,5003,1.8006972074508667,0
2,generation,1626068100000,0.1785773934221504,1626068100000,5004,-1.5260156393051147,0
2,generation,1626068130000,0.18277132543480462,1626068130000,5005,-1.4976831674575806,0
2,generation,1626068160000,0.17939949414223882,1626068160000,5006,-1.5204212665557861,0
2,generation,1626068190000,0.9981295429902524,1626068190000,5007,6.27970027923584,1
2,generation,1626068220000,0.8536848437482077,1626068220000,5008,1.7637991905212402,0
2,generation,1626068250000,0.1810239818766993,1626068250000,5009,-1.5094252824783325,0
2,generation,1626068280000,0.1816221778716898,1626068280000,5010,-1.505395531654358,0
2,generation,1626068310000,0.9982895803702362,1626068310000,5011,6.369304656982422,1
2,generation,1626068340000,0.8451441218534654,1626068340000,5012,1.6970123052597046,0
2,generation,1626068370000,0.18026009371650548,1626068370000,5013,-1.514586329460144,0
2,generation,1626068400000,0.18085854811377744,1626068400000,5014,-1.510541558265686,0
2,generation,1626068430000,0.18074639442213009,1626068430000,5015,-1.5112987756729126,0
2,generation,1626068460000,0.1802574866924681,1626068460000,5016,-1.5146039724349976,0
2,generation,1626068490000,0.1810849627253385,1626068490000,5017,-1.5090140104293823,0
2,generation,1626068520000,0.17903666592144996,1626068520000,5018,-1.5228878259658813,0
2,generation,1626068550000,0.18184215327463518,1626068550000,5019,-1.5039162635803223,0
2,generation,1626068580000,0.18331870567021286,1626068580000,5020,-1.4940227270126343,0
2,generation,1626068610000,0.18038796205197336,1626068610000,5021,-1.513721227645874,0
2,generation,1626068640000,0.1809840790147325,1626068640000,5022,-1.5096944570541382,0
2,generation,1626068670000,0.1805744907355094,1626068670000,5023,-1.5124601125717163,0
2,generation,1626068700000,0.18468476433140088,1626068700000,5024,-1.4849244356155396,0
2,generation,1626068730000,0.1808204924141261,1626068730000,5025,-1.510798454284668,0
2,generation,1626068760000,0.9979437001916004,1626068760000,5026,6.184788703918457,1
2,generation,1626068790000,0.8140050177052555,1626068790000,5027,1.4762468338012695,0
2,generation,1626068820000,0.18059086038200187,1626068820000,5028,-1.5123494863510132,0
2,generation,1626068850000,0.18148980328300682,1626068850000,5029,-1.506286382675171,0
2,generation,1626068880000,0.1824286174845458,1626068880000,5030,-1.4999792575836182,0
2,generation,1626068910000,0.17863213277405812,1626068910000,5031,-1.5256425142288208,0
2,generation,1626068940000,0.9980562553427178,1626068940000,5032,6.2411932945251465,1
2,generation,1626068970000,0.9539163600114744,1626068970000,5033,3.030117988586426,0
2,generation,1626069000000,0.8169500982638247,1626069000000,5034,1.4958192110061646,0
2,generation,1626069030000,0.1806875142589618,1626069030000,5035,-1.511696457862854,0
2,generation,1626069060000,0.17941026974707444,1626069060000,5036,-1.520348072052002,0
2,generation,1626069090000,0.9981674609273417,1626069090000,5037,6.30021858215332,1
2,generation,1626069120000,0.9732812515557611,1626069120000,5038,3.5953075885772705,0
2,generation,1626069150000,0.8138459409103844,1626069150000,5039,1.4751964807510376,0
2,generation,1626069180000,0.9979133020714407,1626069180000,5040,6.170083522796631,1
2,generation,1626069210000,0.8226210824862943,1626069210000,5041,1.5342074632644653,0
2,generation,1626069240000,0.9982185805540086,1626069240000,5042,6.328561782836914,1
2,generation,1626069270000,0.8256615288039414,1626069270000,5043,1.5551862716674805,0
2,generation,1626069300000,0.9980560712494416,1626069300000,5044,6.241098403930664,1
2,generation,1626069330000,0.8392309026435455,1626069330000,5045,1.6525167226791382,0
2,generation,1626069360000,0.17950555230356366,1626069360000,5046,-1.5197010040283203,0
2,generation,1626069390000,0.1815630579253892,1626069390000,5047,-1.5057933330535889,0
2,generation,1626069420000,0.18606140951056588,1626069420000,5048,-1.4758081436157227,0
2,generation,1626069450000,0.18490209519429213,1626069450000,5049,-1.483481764793396,0
2,generation,1626069480000,0.18243123114098472,1626069480000,5050,-1.4999617338180542,0
2,generation,1626069510000,0.18134532744766654,1626069510000,5051,-1.5072592496871948,0
2,generation,1626069540000,0.1797561822610849,1626069540000,5052,-1.5180002450942993,0
2,generation,1626069570000,0.18181673978223672,1626069570000,5053,-1.5040870904922485,0
2,generation,1626069600000,0.1807042978177611,1626069600000,5054,-1.5115830898284912,0
2,generation,1626069630000,0.1816181203155432,1626069630000,5055,-1.505422830581665,0
2,generation,1626069660000,0.9981818413200454,1626069660000,5056,6.308111190795898,1
2,generation,1626069690000,0.8975200350947057,1626069690000,5057,2.1699681282043457,0
2,generation,1626069720000,0.1806828729634917,1626069720000,5058,-1.5117278099060059,0
2,generation,1626069750000,0.18157175578511128,1626069750000,5059,-1.5057348012924194,0
2,generation,1626069780000,0.1810874022920494,1626069780000,5060,-1.5089975595474243,0
2,generation,1626069810000,0.9983473368412702,1626069810000,5061,6.403713226318359,1
2,generation,1626069840000,0.8519356302901543,1626069840000,5062,1.749863862991333,0
2,generation,1626069870000,0.182144080892635,1626069870000,5063,-1.5018881559371948,0
2,generation,1626069900000,0.18135357472918073,1626069900000,5064,-1.5072036981582642,0
2,generation,1626069930000,0.1826339402941229,1626069930000,5065,-1.4986032247543335,0
2,generation,1626069960000,0.18111305464812913,1626069960000,5066,-1.5088245868682861,0
2,generation,1626069990000,0.1816298679314278,1626069990000,5067,-1.5053437948226929,0
2,generation,1626070020000,0.1833429076788401,1626070020000,5068,-1.4938610792160034,0
2,generation,1626070050000,0.18688427272799019,1626070050000,5069,-1.470383882522583,0
2,generation,1626070080000,0.17895893540769214,1626070080000,5070,-1.5234167575836182,0
2,generation,1626070110000,0.18280765209137925,1626070110000,5071,-1.497439980506897,0
2,generation,1626070140000,0.18929573212975964,1626070140000,5072,-1.4545928239822388,0
2,generation,1626070170000,0.18138755802469836,1626070170000,5073,-1.5069748163223267,0
2,generation,1626070200000,0.1830952754863711,1626070200000,5074,-1.4955158233642578,0
2,generation,1626070230000,0.18140952590667453,1626070230000,5075,-1.5068268775939941,0
2,generation,1626070260000,0.17849443500011494,1626070260000,5076,-1.5265812873840332,0
2,generation,1626070290000,0.18164881065677463,1626070290000,5077,-1.505216360092163,0
2,generation,1626070320000,0.18001454613562076,1626070320000,5078,-1.5162489414215088,0
2,generation,1626070350000,0.18420298611084077,1626070350000,5079,-1.4881272315979004,0
2,generation,1626070380000,0.9980576479670363,1626070380000,5080,6.2419114112854,1
2,generation,1626070410000,0.8574258525750467,1626070410000,5081,1.7940725088119507,0
2,generation,1626070440000,0.1793207984255126,1626070440000,5082,-1.5209559202194214,0
2,generation,1626070470000,0.1827146563605577,1626070470000,5083,-1.4980626106262207,0
2,generation,1626070500000,0.18023744177401235,1626070500000,5084,-1.5147396326065063,0
2,generation,1626070530000,0.18074288166688415,1626070530000,5085,-1.5113224983215332,0
2,generation,1626070560000,0.1819710189457952,1626070560000,5086,-1.5030503273010254,0
2,generation,1626070590000,0.18110407334967935,1626070590000,5087,-1.508885145187378,0
2,generation,1626070620000,0.18282596000091186,1626070620000,5088,-1.4973174333572388,0
2,generation,1626070650000,0.9981721257365738,1626070650000,5089,6.302772045135498,1
2,generation,1626070680000,0.8562276590712218,1626070680000,5090,1.784305214881897,0
2,generation,1626070710000,0.18152894277090745,1626070710000,5091,-1.5060229301452637,0
2,generation,1626070740000,0.9982339346449279,1626070740000,5092,6.337233543395996,1
2,generation,1626070770000,0.989888830595719,1626070770000,5093,4.583951950073242,1
2,generation,1626070800000,0.8447178765219047,1626070800000,5094,1.6937590837478638,0
2,generation,1626070830000,0.1794326474148883,1626070830000,5095,-1.5201960802078247,0
2,generation,1626070860000,0.18082474798523546,1626070860000,5096,-1.5107697248458862,0
2,generation,1626070890000,0.18129372662491736,1626070890000,5097,-1.507606863975525,0
2,generation,1626070920000,0.18273034002623212,1626070920000,5098,-1.4979575872421265,0
2,generation,1626070950000,0.17960493189748225,1626070950000,5099,-1.5190263986587524,0
2,generation,1626070980000,0.1820155636484252,1626070980000,5100,-1.502751111984253,0
2,generation,1626071010000,0.18120157788571242,1626071010000,5101,-1.508227825164795,0
2,generation,1626071040000,0.17880904983157547,1626071040000,5102,-1.5244371891021729,0
2,generation,1626071070000,0.1821857101000764,1626071070000,5103,-1.5016087293624878,0
2,generation,1626071100000,0.18119766913747815,1626071100000,5104,-1.5082541704177856,0
2,generation,1626071130000,0.1812003044401627,1626071130000,5105,-1.5082364082336426,0
2,generation,1626071160000,0.1829429469367937,1626071160000,5106,-1.4965345859527588,0
2,generation,1626071190000,0.1782630453220358,1626071190000,5107,-1.5281600952148438,0
2,generation,1626071220000,0.18310048199134732,1626071220000,5108,-1.495481014251709,0
2,generation,1626071250000,0.1819154653044694,1626071250000,5109,-1.5034235715866089,0
2,generation,1626071280000,0.17911274018530843,1626071280000,5110,-1.5223703384399414,0
2,generation,1626071310000,0.18165873449401843,1626071310000,5111,-1.5051496028900146,0
2,generation,1626071340000,0.19936669322859696,1626071340000,5112,-1.3902572393417358,0
2,generation,1626071370000,0.1815825089845155,1626071370000,5113,-1.505662441253662,0
2,generation,1626071400000,0.18370593127877366,1626071400000,5114,-1.491438388824463,0
2,generation,1626071430000,0.17928289023282065,1626071430000,5115,-1.5212135314941406,0
2,generation,1626071460000,0.17814663573370582,1626071460000,5116,-1.5289549827575684,0
2,generation,1626071490000,0.18126994737854604,1626071490000,5117,-1.5077670812606812,0
2,generation,1626071520000,0.1917901309804968,1626071520000,5118,-1.438420057296753,0
2,generation,1626071550000,0.18052212622179245,1626071550000,5119,-1.5128140449523926,0
2,generation,1626071580000,0.18405375684409367,1626071580000,5120,-1.489120602607727,0
2,generation,1626071610000,0.18038829692479044,1626071610000,5121,-1.5137189626693726,0
2,generation,1626071640000,0.18260852981037545,1626071640000,5122,-1.498773455619812,0
2,generation,1626071670000,0.19367434488090504,1626071670000,5123,-1.426309585571289,0
2,generation,1626071700000,0.18132232155336847,1626071700000,5124,-1.5074142217636108,0
2,generation,1626071730000,0.1822608709603428,1626071730000,5125,-1.5011043548583984,0
2,generation,1626071760000,0.9982199977362614,1626071760000,5126,6.32935905456543,1
2,generation,1626071790000,0.86577677848565,1626071790000,5127,1.8641228675842285,0
2,generation,1626071820000,0.18189692670227448,1626071820000,5128,-1.5035481452941895,0
2,generation,1626071850000,0.18134476112145195,1626071850000,5129,-1.5072630643844604,0
2,generation,1626071880000,0.17947844506305277,1626071880000,5130,-1.5198850631713867,0
2,generation,1626071910000,0.18055184326161663,1626071910000,5131,-1.5126131772994995,0
2,generation,1626071940000,0.1794623121551819,1626071940000,5132,-1.5199946165084839,0
2,generation,1626071970000,0.18158266842612603,1626071970000,5133,-1.5056613683700562,0
2,generation,1626072000000,0.18087403706909444,1626072000000,5134,-1.51043701171875,0
2,generation,1626072030000,0.18652571865483936,1626072030000,5135,-1.4727451801300049,0
2,generation,1626072060000,0.18574483520527874,1626072060000,5136,-1.4778999090194702,0
2,generation,1626072090000,0.1824439975816368,1626072090000,5137,-1.4998761415481567,0
2,generation,1626072120000,0.18481170522312362,1626072120000,5138,-1.4840816259384155,0
2,generation,1626072150000,0.18331499348689173,1626072150000,5139,-1.4940475225448608,0
2,generation,1626072180000,0.18125250373172638,1626072180000,5140,-1.5078846216201782,0
2,generation,1626072210000,0.1814826136658946,1626072210000,5141,-1.5063347816467285,0
2,generation,1626072240000,0.1783689620199393,1626072240000,5142,-1.5274372100830078,0
2,generation,1626072270000,0.9981679588982195,1626072270000,5143,6.300490856170654,1
2,generation,1626072300000,0.9666591035459573,1626072300000,5144,3.367061138153076,0
2,generation,1626072330000,0.8668837160197657,1626072330000,5145,1.8736817836761475,0
2,generation,1626072360000,0.18061892784502406,1626072360000,5146,-1.512159824371338,0
2,generation,1626072390000,0.18779116161283388,1626072390000,5147,-1.4644269943237305,0
2,generation,1626072420000,0.1874145478707987,1626072420000,5148,-1.4668980836868286,0
2,generation,1626072450000,0.18569203214607563,1626072450000,5149,-1.4782490730285645,0
2,generation,1626072480000,0.18415113117371107,1626072480000,5150,-1.48847234249115,0
2,generation,1626072510000,0.17968629040855771,1626072510000,5151,-1.5184743404388428,0
2,generation,1626072540000,0.1826045618944658,1626072540000,5152,-1.4988000392913818,0
2,generation,1626072570000,0.1821164328141548,1626072570000,5153,-1.5020737648010254,0
2,generation,1626072600000,0.1841954265872134,1626072600000,5154,-1.4881775379180908,0
2,generation,1626072630000,0.18450897201675973,1626072630000,5155,-1.4860923290252686,0
2,generation,1626072660000,0.17872943682254674,1626072660000,5156,-1.5249794721603394,0
2,generation,1626072690000,0.18437254731837452,1626072690000,5157,-1.486999273300171,0
2,generation,1626072720000,0.18127705966642646,1626072720000,5158,-1.5077191591262817,0
2,generation,1626072750000,0.1819700252164344,1626072750000,5159,-1.5030570030212402,0
2,generation,1626072780000,0.18015231428787037,1626072780000,5160,-1.5153158903121948,0
2,generation,1626072810000,0.18033019493591956,1626072810000,5161,-1.5141119956970215,0
2,generation,1626072840000,0.18013016585872477,1626072840000,5162,-1.5154658555984497,0
2,generation,1626072870000,0.181451042183492,1626072870000,5163,-1.5065473318099976,0
2,generation,1626072900000,0.18403016237635794,1626072900000,5164,-1.489277720451355,0
2,generation,1626072930000,0.18179209151137052,1626072930000,5165,-1.5042527914047241,0
2,generation,1626072960000,0.18132343640200957,1626072960000,5166,-1.5074067115783691,0
2,generation,1626072990000,0.9983345645190972,1626072990000,5167,6.396001815795898,1
2,generation,1626073020000,0.8436615177251812,1626073020000,5168,1.6857279539108276,0
2,generation,1626073050000,0.18024025993516607,1626073050000,5169,-1.5147205591201782,0
2,generation,1626073080000,0.18160490273967317,1626073080000,5170,-1.50551176071167,0
2,generation,1626073110000,0.18357688098176736,1626073110000,5171,-1.492299199104309,0
2,generation,1626073140000,0.18301170184422333,1626073140000,5172,-1.4960746765136719,0
2,generation,1626073170000,0.17723759659906782,1626073170000,5173,-1.5351762771606445,0
2,generation,1626073200000,0.17935153655099154,1626073200000,5174,-1.5207470655441284,0
2,generation,1626073230000,0.17840154689889479,1626073230000,5175,-1.5272148847579956,0
2,generation,1626073260000,0.1821390908568596,1626073260000,5176,-1.5019216537475586,0
2,generation,1626073290000,0.998268454690194,1626073290000,5177,6.35700798034668,1
2,generation,1626073320000,0.8757340073475539,1626073320000,5178,1.952638030052185,0
2,generation,1626073350000,0.17730531597305765,1626073350000,5179,-1.5347119569778442,0
2,generation,1626073380000,0.18076104618612376,1626073380000,5180,-1.5111998319625854,0
2,generation,1626073410000,0.19627178205445756,1626073410000,5181,-1.40976083278656,0
2,generation,1626073440000,0.18333369777290123,1626073440000,5182,-1.4939225912094116,0
2,generation,1626073470000,0.18522896589775728,1626073470000,5183,-1.4813144207000732,0
2,generation,1626073500000,0.17988762304249775,1626073500000,5184,-1.5171090364456177,0
2,generation,1626073530000,0.1790396095832757,1626073530000,5185,-1.5228677988052368,0
2,generation,1626073560000,0.18260009584499645,1626073560000,5186,-1.498829960823059,0
2,generation,1626073590000,0.1823800834372665,1626073590000,5187,-1.5003046989440918,0
2,generation,1626073620000,0.18118260073162035,1626073620000,5188,-1.508355736732483,0
2,generation,1626073650000,0.1791045024061877,1626073650000,5189,-1.5224263668060303,0
2,generation,1626073680000,0.18531749781276682,1626073680000,5190,-1.4807279109954834,0
2,generation,1626073710000,0.18530027471517738,1626073710000,5191,-1.4808419942855835,0
2,generation,1626073740000,0.9981977396941469,1626073740000,5192,6.3169097900390625,1
2,generation,1626073770000,0.8692415935331376,1626073770000,5193,1.8942697048187256,0
2,generation,1626073800000,0.1834743664143379,1626073800000,5194,-1.492983341217041,0
2,generation,1626073830000,0.18845745566000183,1626073830000,5195,-1.4600645303726196,0
2,generation,1626073860000,0.9983364820380246,1626073860000,5196,6.39715576171875,1
2,generation,1626073890000,0.8448480850933917,1626073890000,5197,1.6947520971298218,0
2,generation,1626073920000,0.18064216413771517,1626073920000,5198,-1.5120028257369995,0
2,generation,1626073950000,0.9982756747604821,1626073950000,5199,6.361193656921387,1
2,generation,1626073980000,0.8266857658798015,1626073980000,5200,1.5623183250427246,0
2,generation,1626074010000,0.1794025302142543,1626074010000,5201,-1.5204006433486938,0
2,generation,1626074040000,0.1790138363054795,1626074040000,5202,-1.523043155670166,0
2,generation,1626074070000,0.1825279568803195,1626074070000,5203,-1.4993133544921875,0
2,generation,1626074100000,0.1873041758414224,1626074100000,5204,-1.467622995376587,0
2,generation,1626074130000,0.17992021353153348,1626074130000,5205,-1.51688814163208,0
2,generation,1626074160000,0.9978393297521122,1626074160000,5206,6.135173797607422,1
2,generation,1626074190000,0.8391503698247755,1626074190000,5207,1.651919960975647,0
2,generation,1626074220000,0.1816423426684848,1626074220000,5208,-1.5052598714828491,0
2,generation,1626074250000,0.17973447608195536,1626074250000,5209,-1.5181474685668945,0
2,generation,1626074280000,0.18251493686632425,1626074280000,5210,-1.4994006156921387,0
2,generation,1626074310000,0.18211574032227942,1626074310000,5211,-1.5020784139633179,0
2,generation,1626074340000,0.1811508930604515,1626074340000,5212,-1.5085694789886475,0
2,generation,1626074370000,0.9981146187298562,1626074370000,5213,6.271738052368164,1
2,generation,1626074400000,0.8490484534521111,1626074400000,5214,1.7271573543548584,0
2,generation,1626074430000,0.19156322831112302,1626074430000,5215,-1.4398845434188843,0
2,generation,1626074460000,0.18212712230736622,1626074460000,5216,-1.5020020008087158,0
2,generation,1626074490000,0.18331674248907803,1626074490000,5217,-1.4940358400344849,0
2,generation,1626074520000,0.19188344490067613,1626074520000,5218,-1.437818169593811,0
2,generation,1626074550000,0.9982324258967977,1626074550000,5219,6.33637809753418,1
2,generation,1626074580000,0.852583791682481,1626074580000,5220,1.7550115585327148,0
2,generation,1626074610000,0.9980282226640029,1626074610000,5221,6.226846218109131,1
2,generation,1626074640000,0.8174146717623577,1626074640000,5222,1.4989289045333862,0
2,generation,1626074670000,0.18090740276521416,1626074670000,5223,-1.5102118253707886,0
2,generation,1626074700000,0.18013301792198025,1626074700000,5224,-1.5154465436935425,0
2,generation,1626074730000,0.18487166200413402,1626074730000,5225,-1.483683705329895,0
2,generation,1626074760000,0.17944044062055214,1626074760000,5226,-1.5201431512832642,0
2,generation,1626074790000,0.179507957698946,1626074790000,5227,-1.5196846723556519,0
2,generation,1626074820000,0.1805539597541445,1626074820000,5228,-1.5125988721847534,0
2,generation,1626074850000,0.18109175114836878,1626074850000,5229,-1.5089682340621948,0
2,generation,1626074880000,0.18109376649961106,1626074880000,5230,-1.508954644203186,0
2,generation,1626074910000,0.1838939045294009,1626074910000,5231,-1.4901853799819946,0
2,generation,1626074940000,0.9981453744470457,1626074940000,5232,6.2882161140441895,1
2,generation,1626074970000,0.9023126386424045,1626074970000,5233,2.223188877105713,0
2,generation,1626075000000,0.18168918204098086,1626075000000,5234,-1.5049448013305664,0
2,generation,1626075030000,0.18074289931878754,1626075030000,5235,-1.5113223791122437,0
2,generation,1626075060000,0.17941191947714305,1626075060000,5236,-1.5203368663787842,0
2,generation,1626075090000,0.17960020692572778,1626075090000,5237,-1.5190584659576416,0
2,generation,1626075120000,0.18282323509543244,1626075120000,5238,-1.49733567237854,0
2,generation,1626075150000,0.18418612977731758,1626075150000,5239,-1.4882394075393677,0
2,generation,1626075180000,0.19921283823344535,1626075180000,5240,-1.3912214040756226,0
2,generation,1626075210000,0.998267503261623,1626075210000,5241,6.356457710266113,1
2,generation,1626075240000,0.8411936913475276,1626075240000,5242,1.6671366691589355,0
2,generation,1626075270000,0.1789940221143945,1626075270000,5243,-1.523177981376648,0
2,generation,1626075300000,0.18637062685159056,1626075300000,5244,-1.473767638206482,0
2,generation,1626075330000,0.18247310695005609,1626075330000,5245,-1.499680995941162,0
2,generation,1626075360000,0.18335265343511495,1626075360000,5246,-1.4937959909439087,0
2,generation,1626075390000,0.17982579644550922,1626075390000,5247,-1.5175281763076782,0
2,generation,1626075420000,0.17951649091048777,1626075420000,5248,-1.5196267366409302,0
2,generation,1626075450000,0.18486138673671024,1626075450000,5249,-1.483751893043518,0
2,generation,1626075480000,0.18176820822074533,1626075480000,5250,-1.504413366317749,0
2,generation,1626075510000,0.18146885484429504,1626075510000,5251,-1.5064274072647095,0
2,generation,1626075540000,0.1807542674236285,1626075540000,5252,-1.511245608329773,0
2,generation,1626075570000,0.18135667195966892,1626075570000,5253,-1.5071828365325928,0
2,generation,1626075600000,0.18405228883466648,1626075600000,5254,-1.4891303777694702,0
2,generation,1626075630000,0.1813716277377569,1626075630000,5255,-1.5070821046829224,0
2,generation,1626075660000,0.18128893165580884,1626075660000,5256,-1.5076391696929932,0
2,generation,1626075690000,0.18215747105111302,1626075690000,5257,-1.5017982721328735,0
2,generation,1626075720000,0.1805344534804545,1626075720000,5258,-1.5127307176589966,0
2,generation,1626075750000,0.17949947747550388,1626075750000,5259,-1.5197422504425049,0
2,generation,1626075780000,0.1826823488116363,1626075780000,5260,-1.4982789754867554,0
2,generation,1626075810000,0.18025466832119078,1626075810000,5261,-1.5146230459213257,0
2,generation,1626075840000,0.18180317404537497,1626075840000,5262,-1.5041782855987549,0
2,generation,1626075870000,0.1812388469408372,1626075870000,5263,-1.5079766511917114,0
2,generation,1626075900000,0.17994830520067742,1626075900000,5264,-1.5166977643966675,0
2,generation,1626075930000,0.1809612501670434,1626075930000,5265,-1.5098484754562378,0
2,generation,1626075960000,0.18273112334681413,1626075960000,5266,-1.4979523420333862,0
2,generation,1626075990000,0.9982328818526136,1626075990000,5267,6.336636543273926,1
2,generation,1626076020000,0.8451991718337613,1626076020000,5268,1.6974329948425293,0
2,generation,1626076050000,0.18019911819508772,1626076050000,5269,-1.5149990320205688,0
2,generation,1626076080000,0.18156203050105,1626076080000,5270,-1.5058002471923828,0
2,generation,1626076110000,0.998137990917322,1626076110000,5271,6.28423547744751,1
2,generation,1626076140000,0.7956433501208923,1626076140000,5272,1.3592842817306519,0
2,generation,1626076170000,0.17957324658405466,1626076170000,5273,-1.519241452217102,0
2,generation,1626076200000,0.17895000255719248,1626076200000,5274,-1.523477554321289,0
2,generation,1626076230000,0.17889646530982276,1626076230000,5275,-1.5238419771194458,0
2,generation,1626076260000,0.18304000803007578,1626076260000,5276,-1.4958853721618652,0
2,generation,1626076290000,0.18360018025282251,1626076290000,5277,-1.4921437501907349,0
2,generation,1626076320000,0.1813569020412911,1626076320000,5278,-1.5071812868118286,0
2,generation,1626076350000,0.18151403002860628,1626076350000,5279,-1.5061233043670654,0
2,generation,1626076380000,0.18864048213974005,1626076380000,5280,-1.4588682651519775,0
2,generation,1626076410000,0.1815347876924429,1626076410000,5281,-1.505983591079712,0
2,generation,1626076440000,0.18398170976520495,1626076440000,5282,-1.489600419998169,0
2,generation,1626076470000,0.1829467601882056,1626076470000,5283,-1.496509075164795,0
2,generation,1626076500000,0.18180508916049873,1626076500000,5284,-1.5041654109954834,0
2,generation,1626076530000,0.18008302389395647,1626076530000,5285,-1.5157850980758667,0
2,generation,1626076560000,0.9981350188227234,1626076560000,5286,6.282637596130371,1
2,generation,1626076590000,0.851374603082124,1626076590000,5287,1.7454231977462769,0
2,generation,1626076620000,0.18811029040831675,1626076620000,5288,-1.4623360633850098,0
2,generation,1626076650000,0.18919977941294627,1626076650000,5289,-1.4552181959152222,0
2,generation,1626076680000,0.17936227481170058,1626076680000,5290,-1.5206741094589233,0
2,generation,1626076710000,0.998279275974879,1626076710000,5291,6.363287925720215,1
2,generation,1626076740000,0.8377840954368008,1626076740000,5292,1.6418322324752808,0
2,generation,1626076770000,0.9980461136267552,1626076770000,5293,6.235979080200195,1
2,generation,1626076800000,0.9447909520285914,1626076800000,5294,2.839836835861206,0
2,generation,1626076830000,0.8099060131793512,1626076830000,5295,1.4493995904922485,0
2,generation,1626076860000,0.18102295682815392,1626076860000,5296,-1.5094321966171265,0
2,generation,1626076890000,0.18195730230444995,1626076890000,5297,-1.5031424760818481,0
2,generation,1626076920000,0.1801792544302211,1626076920000,5298,-1.5151335000991821,0
2,generation,1626076950000,0.18201430350248382,1626076950000,5299,-1.502759575843811,0
2,generation,1626076980000,0.17986546484585328,1626076980000,5300,-1.5172592401504517,0
2,generation,1626077010000,0.9981356737816571,1626077010000,5301,6.282989501953125,1
2,generation,1626077040000,0.8374993113869865,1626077040000,5302,1.6397382020950317,0
2,generation,1626077070000,0.9978576112678826,1626077070000,5303,6.143689155578613,1
2,generation,1626077100000,0.8299743212356254,1626077100000,5304,1.5854452848434448,0
2,generation,1626077130000,0.9981644624007743,1626077130000,5305,6.298580646514893,1
2,generation,1626077160000,0.8218153124947933,1626077160000,5306,1.5286951065063477,0
2,generation,1626077190000,0.18106067452255908,1626077190000,5307,-1.509177803993225,0
2,generation,1626077220000,0.998401246739872,1626077220000,5308,6.436931133270264,1
2,generation,1626077250000,0.8224638337570546,1626077250000,5309,1.533130168914795,0
2,generation,1626077280000,0.18175592177711145,1626077280000,5310,-1.5044959783554077,0
2,generation,1626077310000,0.17950888826011896,1626077310000,5311,-1.5196783542633057,0
2,generation,1626077340000,0.18258105825900128,1626077340000,5312,-1.4989575147628784,0
2,generation,1626077370000,0.18151553542844642,1626077370000,5313,-1.5061131715774536,0
2,generation,1626077400000,0.19386405937525705,1626077400000,5314,-1.4250952005386353,0
2,generation,1626077430000,0.18151172767117396,1626077430000,5315,-1.506138801574707,0
2,generation,1626077460000,0.18062159187269344,1626077460000,5316,-1.5121418237686157,0
2,generation,1626077490000,0.18137322071744028,1626077490000,5317,-1.5070713758468628,0
2,generation,1626077520000,0.18048035245401725,1626077520000,5318,-1.5130964517593384,0
2,generation,1626077550000,0.1838119083454796,1626077550000,5319,-1.4907318353652954,0
2,generation,1626077580000,0.18015426866304418,1626077580000,5320,-1.5153026580810547,0
2,generation,1626077610000,0.1805774012023188,1626077610000,5321,-1.5124404430389404,0
2,generation,1626077640000,0.18275344907937704,1626077640000,5322,-1.4978028535842896,0
2,generation,1626077670000,0.1837342670566731,1626077670000,5323,-1.491249442100525,0
2,generation,1626077700000,0.998285276014292,1626077700000,5324,6.366786956787109,1
2,generation,1626077730000,0.9876121790234302,1626077730000,5325,4.378576278686523,1
2,generation,1626077760000,0.8130239581098262,1626077760000,5326,1.4697800874710083,0
2,generation,1626077790000,0.18951768552827294,1626077790000,5327,-1.4531471729278564,0
2,generation,1626077820000,0.9981221099583536,1626077820000,5328,6.275726795196533,1
2,generation,1626077850000,0.7949811347417738,1626077850000,5329,1.355216383934021,0
2,generation,1626077880000,0.17951571834331054,1626077880000,5330,-1.5196319818496704,0
2,generation,1626077910000,0.18171227732727618,1626077910000,5331,-1.5047894716262817,0
2,generation,1626077940000,0.18404364208509585,1626077940000,5332,-1.4891879558563232,0
2,generation,1626077970000,0.20066947787673592,1626077970000,5333,-1.382115364074707,0
2,generation,1626078000000,0.17992900830089678,1626078000000,5334,-1.5168285369873047,0
2,generation,1626078030000,0.18263002533479164,1626078030000,5335,-1.4986294507980347,0
2,generation,1626078060000,0.1800821966190861,1626078060000,5336,-1.5157907009124756,0
2,generation,1626078090000,0.17964491361150903,1626078090000,5337,-1.5187550783157349,0
2,generation,1626078120000,0.17946378671559993,1626078120000,5338,-1.5199846029281616,0
2,generation,1626078150000,0.18075345539765972,1626078150000,5339,-1.5112510919570923,0
2,generation,1626078180000,0.18043923848835136,1626078180000,5340,-1.5133744478225708,0
2,generation,1626078210000,0.18161859871369188,1626078210000,5341,-1.5054196119308472,0
2,generation,1626078240000,0.19190416754173803,1626078240000,5342,-1.4376845359802246,0
2,generation,1626078270000,0.17912103084505607,1626078270000,5343,-1.5223139524459839,0
2,generation,1626078300000,0.18177521160537985,1626078300000,5344,-1.5043662786483765,0
2,generation,1626078330000,0.1831037093688813,1626078330000,5345,-1.4954594373703003,0
2,generation,1626078360000,0.1804244836704862,1626078360000,5346,-1.5134742259979248,0
2,generation,1626078390000,0.17973519665910279,1626078390000,5347,-1.518142580986023,0
2,generation,1626078420000,0.18428658680695256,1626078420000,5348,-1.4875710010528564,0
2,generation,1626078450000,0.1802554785994121,1626078450000,5349,-1.5146175622940063,0
2,generation,1626078480000,0.1943891107906076,1626078480000,5350,-1.4217389822006226,0
2,generation,1626078510000,0.18038653444171882,1626078510000,5351,-1.5137308835983276,0
2,generation,1626078540000,0.1803327322975254,1626078540000,5352,-1.5140948295593262,0
2,generation,1626078570000,0.18092941367862148,1626078570000,5353,-1.5100632905960083,0
2,generation,1626078600000,0.18091793099959946,1626078600000,5354,-1.5101407766342163,0
2,generation,1626078630000,0.18250111723091395,1626078630000,5355,-1.4994932413101196,0
2,generation,1626078660000,0.1821139114433217,1626078660000,5356,-1.5020906925201416,0
2,generation,1626078690000,0.18202726025624535,1626078690000,5357,-1.502672553062439,0
2,generation,1626078720000,0.18044727735138896,1626078720000,5358,-1.5133200883865356,0
2,generation,1626078750000,0.9981144311796519,1626078750000,5359,6.2716383934021,1
2,generation,1626078780000,0.8348172580806765,1626078780000,5360,1.620160460472107,0
2,generation,1626078810000,0.9981136430858686,1626078810000,5361,6.271219730377197,1
2,generation,1626078840000,0.815904007148275,1626078840000,5362,1.4888393878936768,0
2,generation,1626078870000,0.19002172221654456,1626078870000,5363,-1.4498690366744995,0
2,generation,1626078900000,0.18444044506713264,1626078900000,5364,-1.486547827720642,0
2,generation,1626078930000,0.1813317183018345,1626078930000,5365,-1.5073509216308594,0
2,generation,1626078960000,0.1838193125961927,1626078960000,5366,-1.4906824827194214,0
2,generation,1626078990000,0.1883289171487559,1626078990000,5367,-1.4609051942825317,0
2,generation,1626079020000,0.9981753236900691,1626079020000,5368,6.304526329040527,1
2,generation,1626079050000,0.8363947762259624,1626079050000,5369,1.631644368171692,0
2,generation,1626079080000,0.19025354617782067,1626079080000,5370,-1.4483635425567627,0
2,generation,1626079110000,0.18139501023282043,1626079110000,5371,-1.5069246292114258,0
2,generation,1626079140000,0.18130083963919272,1626079140000,5372,-1.5075589418411255,0
2,generation,1626079170000,0.182548182021119,1626079170000,5373,-1.4991778135299683,0
2,generation,1626079200000,0.1802207448743999,1626079200000,5374,-1.5148526430130005,0
2,generation,1626079230000,0.18255358991742762,1626079230000,5375,-1.4991415739059448,0
2,generation,1626079260000,0.1864574457570679,1626079260000,5376,-1.473195195198059,0
2,generation,1626079290000,0.18229580382278474,1626079290000,5377,-1.5008699893951416,0
2,generation,1626079320000,0.18426221666221218,1626079320000,5378,-1.4877331256866455,0
2,generation,1626079350000,0.18096075544905066,1626079350000,5379,-1.5098518133163452,0
2,generation,1626079380000,0.9980456170157525,1626079380000,5380,6.235724449157715,1
2,generation,1626079410000,0.8297989931133843,1626079410000,5381,1.5842033624649048,0
2,generation,1626079440000,0.18219451995875469,1626079440000,5382,-1.5015496015548706,0
2,generation,1626079470000,0.17990547425059283,1626079470000,5383,-1.5169880390167236,0
2,generation,1626079500000,0.9981472818954781,1626079500000,5384,6.289247035980225,1
2,generation,1626079530000,0.8412013987967067,1626079530000,5385,1.6671943664550781,0
2,generation,1626079560000,0.9978155298158704,1626079560000,5386,6.124195098876953,1
2,generation,1626079590000,0.8228339604559578,1626079590000,5387,1.535667061805725,0
2,generation,1626079620000,0.1852285161239256,1626079620000,5388,-1.481317400932312,0
2,generation,1626079650000,0.18230173901732502,1626079650000,5389,-1.5008301734924316,0
2,generation,1626079680000,0.1801478069631549,1626079680000,5390,-1.5153464078903198,0
2,generation,1626079710000,0.18512322031622655,1626079710000,5391,-1.4820152521133423,0
2,generation,1626079740000,0.18128390677568929,1626079740000,5392,-1.5076730251312256,0
2,generation,1626079770000,0.1806280668226054,1626079770000,5393,-1.5120980739593506,0
2,generation,1626079800000,0.18165671425010044,1626079800000,5394,-1.5051631927490234,0
2,generation,1626079830000,0.18078221344102305,1626079830000,5395,-1.511056900024414,0
2,generation,1626079860000,0.1821519657209255,1626079860000,5396,-1.5018352270126343,0
2,generation,1626079890000,0.1809274527501558,1626079890000,5397,-1.5100765228271484,0
2,generation,1626079920000,0.181362105486349,1626079920000,5398,-1.5071462392807007,0
2,generation,1626079950000,0.18036831115414692,1626079950000,5399,-1.5138541460037231,0
2,generation,1626079980000,0.17866555996431804,1626079980000,5400,-1.5254147052764893,0
2,generation,1626080010000,0.18057420851036998,1626080010000,5401,-1.5124620199203491,0
2,generation,1626080040000,0.18130218441258134,1626080040000,5402,-1.5075498819351196,0
2,generation,1626080070000,0.18141531472634256,1626080070000,5403,-1.506787896156311,0
2,generation,1626080100000,0.18151897131859399,1626080100000,5404,-1.5060900449752808,0
2,generation,1626080130000,0.18124275638072718,1626080130000,5405,-1.5079503059387207,0
2,generation,1626080160000,0.18090298670162994,1626080160000,5406,-1.5102416276931763,0
2,generation,1626080190000,0.18075749790291876,1626080190000,5407,-1.5112237930297852,0
2,generation,1626080220000,0.18222670717609243,1626080220000,5408,-1.5013335943222046,0
2,generation,1626080250000,0.18414178236715537,1626080250000,5409,-1.4885345697402954,0
2,generation,1626080280000,0.18014164474753389,1626080280000,5410,-1.5153881311416626,0
2,generation,1626080310000,0.18088177310310288,1626080310000,5411,-1.5103847980499268,0
2,generation,1626080340000,0.18115282050883277,1626080340000,5412,-1.5085564851760864,0
2,generation,1626080370000,0.17930122080719985,1626080370000,5413,-1.52108895778656,0
2,generation,1626080400000,0.18270159040433526,1626080400000,5414,-1.498150110244751,0
2,generation,1626080430000,0.18237288418593792,1626080430000,5415,-1.5003529787063599,0
2,generation,1626080460000,0.1797915844208833,1626080460000,5416,-1.517760157585144,0
2,generation,1626080490000,0.18435015803364938,1626080490000,5417,-1.4871481657028198,0
2,generation,1626080520000,0.9981411316994339,1626080520000,5418,6.285926818847656,1
2,generation,1626080550000,0.8361150870276033,1626080550000,5419,1.6296018362045288,0
2,generation,1626080580000,0.18189419482195257,1626080580000,5420,-1.5035665035247803,0
2,generation,1626080610000,0.18196017687679633,1626080610000,5421,-1.503123164176941,0
2,generation,1626080640000,0.18519843716552103,1626080640000,5422,-1.481516718864441,0
2,generation,1626080670000,0.998058245953306,1626080670000,5423,6.242219924926758,1
2,generation,1626080700000,0.8504676807430149,1626080700000,5424,1.7382738590240479,0
2,generation,1626080730000,0.18261290705089125,1626080730000,5425,-1.4987441301345825,0
2,generation,1626080760000,0.1822539773987015,1626080760000,5426,-1.5011506080627441,0
2,generation,1626080790000,0.18345334739283106,1626080790000,5427,-1.4931236505508423,0
2,generation,1626080820000,0.1857306823438876,1626080820000,5428,-1.4779934883117676,0
2,generation,1626080850000,0.18333653567078842,1626080850000,5429,-1.493903636932373,0
2,generation,1626080880000,0.18056861699569773,1626080880000,5430,-1.5124998092651367,0
2,generation,1626080910000,0.18301993666881658,1626080910000,5431,-1.4960196018218994,0
2,generation,1626080940000,0.19563278070664705,1626080940000,5432,-1.4138165712356567,0
2,generation,1626080970000,0.18482711508682467,1626080970000,5433,-1.483979344367981,0
2,generation,1626081000000,0.18142575974943395,1626081000000,5434,-1.506717562675476,0
2,generation,1626081030000,0.9981191573216863,1626081030000,5435,6.274152755737305,1
2,generation,1626081060000,0.8414018291473491,1626081060000,5436,1.6686955690383911,0
2,generation,1626081090000,0.9982112223196075,1626081090000,5437,6.324432373046875,1
2,generation,1626081120000,0.8372876758834028,1626081120000,5438,1.6381839513778687,0
2,generation,1626081150000,0.17821722856342917,1626081150000,5439,-1.528472900390625,0
2,generation,1626081180000,0.1795860677203864,1626081180000,5440,-1.51915442943573,0
2,generation,1626081210000,0.18178145277310204,1626081210000,5441,-1.5043243169784546,0
2,generation,1626081240000,0.9982490899570329,1626081240000,5442,6.345867156982422,1
2,generation,1626081270000,0.8750115328461552,1626081270000,5443,1.9460155963897705,0
2,generation,1626081300000,0.18182945505035086,1626081300000,5444,-1.5040016174316406,0
2,generation,1626081330000,0.18362371412829137,1626081330000,5445,-1.4919867515563965,0
2,generation,1626081360000,0.1819503466952414,1626081360000,5446,-1.503189206123352,0
2,generation,1626081390000,0.18356339203738184,1626081390000,5447,-1.49238920211792,0
2,generation,1626081420000,0.18291155232375178,1626081420000,5448,-1.4967446327209473,0
2,generation,1626081450000,0.18104782436754813,1626081450000,5449,-1.5092644691467285,0
2,generation,1626081480000,0.18579884007473993,1626081480000,5450,-1.4775428771972656,0
2,generation,1626081510000,0.18171357129805585,1626081510000,5451,-1.5047807693481445,0
2,generation,1626081540000,0.18336452380908053,1626081540000,5452,-1.4937167167663574,0
2,generation,1626081570000,0.18314896862607427,1626081570000,5453,-1.4951568841934204,0
2,generation,1626081600000,0.18147053702473692,1626081600000,5454,-1.5064160823822021,0
2,generation,1626081630000,0.18105839431941403,1626081630000,5455,-1.5091931819915771,0
2,generation,1626081660000,0.9981058702546425,1626081660000,5456,6.267099857330322,1
2,generation,1626081690000,0.852502671439986,1626081690000,5457,1.7543662786483765,0
2,generation,1626081720000,0.18005919252498062,1626081720000,5458,-1.5159465074539185,0
2,generation,1626081750000,0.18795682372033531,1626081750000,5459,-1.463341236114502,0
2,generation,1626081780000,0.1814616658730655,1626081780000,5460,-1.506475806236267,0
2,generation,1626081810000,0.18482763595039187,1626081810000,5461,-1.483975887298584,0
2,generation,1626081840000,0.18027520798944688,1626081840000,5462,-1.5144840478897095,0
2,generation,1626081870000,0.18074233445854537,1626081870000,5463,-1.5113261938095093,0
2,generation,1626081900000,0.1801367150934583,1626081900000,5464,-1.5154215097427368,0
2,generation,1626081930000,0.17924365544831278,1626081930000,5465,-1.5214802026748657,0
2,generation,1626081960000,0.1825676617043951,1626081960000,5466,-1.4990472793579102,0
2,generation,1626081990000,0.18171855226617842,1626081990000,5467,-1.5047472715377808,0
2,generation,1626082020000,0.18233580709494285,1626082020000,5468,-1.5006016492843628,0
2,generation,1626082050000,0.9981788576126878,1626082050000,5469,6.306468486785889,1
2,generation,1626082080000,0.8977123697194834,1626082080000,5470,2.172060966491699,0
2,generation,1626082110000,0.17939312378637035,1626082110000,5471,-1.520464539527893,0
2,generation,1626082140000,0.18155018001977347,1626082140000,5472,-1.5058799982070923,0
2,generation,1626082170000,0.181365609912798,1626082170000,5473,-1.5071226358413696,0
2,generation,1626082200000,0.18030605615227666,1626082200000,5474,-1.514275312423706,0
2,generation,1626082230000,0.18101539281660534,1626082230000,5475,-1.5094832181930542,0
2,generation,1626082260000,0.18132037500504206,1626082260000,5476,-1.5074273347854614,0
2,generation,1626082290000,0.1804452499802085,1626082290000,5477,-1.513333797454834,0
2,generation,1626082320000,0.179892090111647,1626082320000,5478,-1.5170787572860718,0
2,generation,1626082350000,0.18061097122951958,1626082350000,5479,-1.5122135877609253,0
2,generation,1626082380000,0.18490938967475737,1626082380000,5480,-1.4834333658218384,0
2,generation,1626082410000,0.18364231772980266,1626082410000,5481,-1.4918626546859741,0
2,generation,1626082440000,0.1821067736251526,1626082440000,5482,-1.502138614654541,0
2,generation,1626082470000,0.1811440321811442,1626082470000,5483,-1.5086157321929932,0
2,generation,1626082500000,0.18146835904605943,1626082500000,5484,-1.506430745124817,0
2,generation,1626082530000,0.1829701756168582,1626082530000,5485,-1.4963524341583252,0
2,generation,1626082560000,0.18330826530321478,1626082560000,5486,-1.4940924644470215,0
2,generation,1626082590000,0.18473677141646527,1626082590000,5487,-1.484579086303711,0
2,generation,1626082620000,0.1856358165691128,1626082620000,5488,-1.4786208868026733,0
2,generation,1626082650000,0.18058258721563689,1626082650000,5489,-1.5124053955078125,0
2,generation,1626082680000,0.18487913520326313,1626082680000,5490,-1.483634114265442,0
2,generation,1626082710000,0.18135807015149366,1626082710000,5491,-1.5071734189987183,0
2,generation,1626082740000,0.18251673330076337,1626082740000,5492,-1.499388575553894,0
2,generation,1626082770000,0.9979890789966483,1626082770000,5493,6.207149505615234,1
2,generation,1626082800000,0.8306807704238574,1626082800000,5494,1.5904597043991089,0
2,generation,1626082830000,0.1809367982244901,1626082830000,5495,-1.510013461112976,0
2,generation,1626082860000,0.18449912487582962,1626082860000,5496,-1.486157774925232,0
2,generation,1626082890000,0.18298676740815584,1626082890000,5497,-1.4962414503097534,0
2,generation,1626082920000,0.18462600295583553,1626082920000,5498,-1.4853147268295288,0
2,generation,1626082950000,0.18026754503521447,1626082950000,5499,-1.514535903930664,0
2,generation,1626082980000,0.18163539642582857,1626082980000,5500,-1.505306601524353,0
2,generation,1626083010000,0.1836759365874107,1626083010000,5501,-1.491638422012329,0
2,generation,1626083040000,0.9983363909661583,1626083040000,5502,6.397100925445557,1
2,generation,1626083070000,0.8697283160058921,1626083070000,5503,1.8985587358474731,0
2,generation,1626083100000,0.18075068393913413,1626083100000,5504,-1.5112698078155518,0
2,generation,1626083130000,0.9982100435530765,1626083130000,5505,6.323772430419922,1
2,generation,1626083160000,0.8607838718125541,1626083160000,5506,1.821815848350525,0
2,generation,1626083190000,0.17920693482507158,1626083190000,5507,-1.521729826927185,0
2,generation,1626083220000,0.18140637486649555,1626083220000,5508,-1.5068480968475342,0
2,generation,1626083250000,0.18271775384620345,1626083250000,5509,-1.4980418682098389,0
2,generation,1626083280000,0.18395660134665087,1626083280000,5510,-1.4897676706314087,0
2,generation,1626083310000,0.18452988732990935,1626083310000,5511,-1.4859533309936523,0
2,generation,1626083340000,0.9982807079738822,1626083340000,5512,6.364121913909912,1
2,generation,1626083370000,0.8946792971193265,1626083370000,5513,2.1394553184509277,0
2,generation,1626083400000,0.17969915299280398,1626083400000,5514,-1.5183870792388916,0
2,generation,1626083430000,0.18075472639608584,1626083430000,5515,-1.5112425088882446,0
2,generation,1626083460000,0.18070987495799187,1626083460000,5516,-1.5115454196929932,0
2,generation,1626083490000,0.18393147768894388,1626083490000,5517,-1.489935040473938,0
2,generation,1626083520000,0.18903152243812565,1626083520000,5518,-1.4563153982162476,0
2,generation,1626083550000,0.18172257611513726,1626083550000,5519,-1.5047202110290527,0
2,generation,1626083580000,0.998294151674595,1626083580000,5520,6.37198543548584,1
2,generation,1626083610000,0.8559906440567906,1626083610000,5521,1.7823811769485474,0
2,generation,1626083640000,0.1833774123184128,1626083640000,5522,-1.4936306476593018,0
2,generation,1626083670000,0.1819489449520911,1626083670000,5523,-1.5031986236572266,0
2,generation,1626083700000,0.18059622310396742,1626083700000,5524,-1.5123132467269897,0
2,generation,1626083730000,0.17988153811912186,1626083730000,5525,-1.5171502828598022,0
2,generation,1626083760000,0.9979320515696222,1626083760000,5526,6.179128170013428,1
2,generation,1626083790000,0.8406842486706364,1626083790000,5527,1.6633280515670776,0
2,generation,1626083820000,0.17976563871034665,1626083820000,5528,-1.517936110496521,0
2,generation,1626083850000,0.18059851641112554,1626083850000,5529,-1.5122977495193481,0
2,generation,1626083880000,0.18264568556314356,1626083880000,5530,-1.49852454662323,0
2,generation,1626083910000,0.18329225763613152,1626083910000,5531,-1.4941993951797485,0
2,generation,1626083940000,0.18275601293541363,1626083940000,5532,-1.4977856874465942,0
2,generation,1626083970000,0.18174464647526833,1626083970000,5533,-1.504571795463562,0
2,generation,1626084000000,0.1817393281255251,1626084000000,5534,-1.5046075582504272,0
2,generation,1626084030000,0.18237156879103397,1626084030000,5535,-1.5003618001937866,0
2,generation,1626084060000,0.1829413432513553,1626084060000,5536,-1.4965453147888184,0
2,generation,1626084090000,0.1808269199457995,1626084090000,5537,-1.5107550621032715,0
2,generation,1626084120000,0.17981166095383164,1626084120000,5538,-1.517624020576477,0
2,generation,1626084150000,0.1813173313439025,1626084150000,5539,-1.5074478387832642,0
2,generation,1626084180000,0.18074134595643218,1626084180000,5540,-1.5113328695297241,0
2,generation,1626084210000,0.18398169186802407,1626084210000,5541,-1.4896005392074585,0
2,generation,1626084240000,0.18452868545692477,1626084240000,5542,-1.4859613180160522,0
2,generation,1626084270000,0.17976862688846032,1626084270000,5543,-1.5179158449172974,0
2,generation,1626084300000,0.9982065965006299,1626084300000,5544,6.321845054626465,1
2,generation,1626084330000,0.8289763821690456,1626084330000,5545,1.5783900022506714,0
2,generation,1626084360000,0.17934967670720672,1626084360000,5546,-1.5207597017288208,0
2,generation,1626084390000,0.9984128059025104,1626084390000,5547,6.444199085235596,1
2,generation,1626084420000,0.8515417193337205,1626084420000,5548,1.7467445135116577,0
2,generation,1626084450000,0.1811460303029429,1626084450000,5549,-1.508602261543274,0
2,generation,1626084480000,0.9982337042950292,1626084480000,5550,6.337102890014648,1
2,generation,1626084510000,0.8388915788791252,1626084510000,5551,1.6500039100646973,0
2,generation,1626084540000,0.18045931853929817,1626084540000,5552,-1.5132386684417725,0
2,generation,1626084570000,0.18099386854222935,1626084570000,5553,-1.509628415107727,0
2,generation,1626084600000,0.18175108184032787,1626084600000,5554,-1.504528522491455,0
2,generation,1626084630000,0.17780403792154667,1626084630000,5555,-1.531296730041504,0
2,generation,1626084660000,0.18102055328377828,1626084660000,5556,-1.5094484090805054,0
2,generation,1626084690000,0.18067544355467857,1626084690000,5557,-1.5117779970169067,0
2,generation,1626084720000,0.179795065165443,1626084720000,5558,-1.517736554145813,0
2,generation,1626084750000,0.9982600759466438,1626084750000,5559,6.352172374725342,1
2,generation,1626084780000,0.8604718707816119,1626084780000,5560,1.8192147016525269,0
2,generation,1626084810000,0.18123099287998215,1626084810000,5561,-1.508029580116272,0
2,generation,1626084840000,0.1788228611097612,1626084840000,5562,-1.5243431329727173,0
2,generation,1626084870000,0.18170522265375938,1626084870000,5563,-1.504836916923523,0
2,generation,1626084900000,0.19385003127930717,1626084900000,5564,-1.425184965133667,0
2,generation,1626084930000,0.18817817258937317,1626084930000,5565,-1.4618916511535645,0
2,generation,1626084960000,0.17987599851647737,1626084960000,5566,-1.5171878337860107,0
2,generation,1626084990000,0.1810219494572645,1626084990000,5567,-1.5094389915466309,0
2,generation,1626085020000,0.9981869460084969,1626085020000,5568,6.310927867889404,1
2,generation,1626085050000,0.8549808113241302,1626085050000,5569,1.7742129564285278,0
2,generation,1626085080000,0.18629562104370154,1626085080000,5570,-1.4742623567581177,0
2,generation,1626085110000,0.17977208970808245,1626085110000,5571,-1.5178923606872559,0
2,generation,1626085140000,0.18493053773884488,1626085140000,5572,-1.483293056488037,0
2,generation,1626085170000,0.1809018385388558,1626085170000,5573,-1.510249376296997,0
2,generation,1626085200000,0.1833338405594024,1626085200000,5574,-1.4939216375350952,0
2,generation,1626085230000,0.18252349228605128,1626085230000,5575,-1.4993432760238647,0
2,generation,1626085260000,0.18232078951837435,1626085260000,5576,-1.5007023811340332,0
2,generation,1626085290000,0.1809353318964593,1626085290000,5577,-1.5100233554840088,0
2,generation,1626085320000,0.1793704692146056,1626085320000,5578,-1.5206184387207031,0
2,generation,1626085350000,0.18092100476879214,1626085350000,5579,-1.5101200342178345,0
2,generation,1626085380000,0.9980053158851317,1626085380000,5580,6.215272903442383,1
2,generation,1626085410000,0.995713005291829,1626085410000,5581,5.447873115539551,1
2,generation,1626085440000,0.845049864892972,1626085440000,5582,1.6962922811508179,0
2,generation,1626085470000,0.18093572056081872,1626085470000,5583,-1.5100207328796387,0
2,generation,1626085500000,0.18101853856720423,1626085500000,5584,-1.5094619989395142,0
2,generation,1626085530000,0.1810201998234668,1626085530000,5585,-1.5094507932662964,0
2,generation,1626085560000,0.18259904606878916,1626085560000,5586,-1.4988369941711426,0
2,generation,1626085590000,0.18020588071760807,1626085590000,5587,-1.5149532556533813,0
2,generation,1626085620000,0.1806342596551563,1626085620000,5588,-1.5120562314987183,0
2,generation,1626085650000,0.18215454077862386,1626085650000,5589,-1.5018179416656494,0
2,generation,1626085680000,0.9982484564304246,1626085680000,5590,6.3455047607421875,1
2,generation,1626085710000,0.9882188657264595,1626085710000,5591,4.4294047355651855,1
2,generation,1626085740000,0.8329019998895043,1626085740000,5592,1.6063355207443237,0
2,generation,1626085770000,0.1785745431382334,1626085770000,5593,-1.5260350704193115,0
2,generation,1626085800000,0.9982558128786202,1626085800000,5594,6.3497209548950195,1
2,generation,1626085830000,0.8536332718772809,1626085830000,5595,1.7633863687515259,0
2,generation,1626085860000,0.18360332511526456,1626085860000,5596,-1.492122769355774,0
2,generation,1626085890000,0.180165484631439,1626085890000,5597,-1.5152267217636108,0
2,generation,1626085920000,0.17662542925012417,1626085920000,5598,-1.5393799543380737,0
2,generation,1626085950000,0.18284019057507903,1626085950000,5599,-1.4972221851348877,0
2,generation,1626085980000,0.1837452626080355,1626085980000,5600,-1.4911761283874512,0
2,generation,1626086010000,0.17887177619875894,1626086010000,5601,-1.5240100622177124,0
2,generation,1626086040000,0.1801807335878783,1626086040000,5602,-1.5151234865188599,0
2,generation,1626086070000,0.18117202513286576,1626086070000,5603,-1.5084270238876343,0
2,generation,1626086100000,0.1780273550282206,1626086100000,5604,-1.5297698974609375,0
2,generation,1626086130000,0.9983109489311274,1626086130000,5605,6.381897926330566,1
2,generation,1626086160000,0.8523680140440356,1626086160000,5606,1.7532957792282104,0
2,generation,1626086190000,0.1799974254730084,1626086190000,5607,-1.5163649320602417,0
2,generation,1626086220000,0.18004110063300682,1626086220000,5608,-1.5160690546035767,0
2,generation,1626086250000,0.1798493575262556,1626086250000,5609,-1.5173684358596802,0
2,generation,1626086280000,0.1854565876750693,1626086280000,5610,-1.479806900024414,0
2,generation,1626086310000,0.18083866301149282,1626086310000,5611,-1.5106757879257202,0
2,generation,1626086340000,0.18239343374442699,1626086340000,5612,-1.5002151727676392,0
2,generation,1626086370000,0.1798021147133357,1626086370000,5613,-1.5176887512207031,0
2,generation,1626086400000,0.18067637883532275,1626086400000,5614,-1.5117716789245605,0
2,generation,1626086430000,0.9981655130966002,1626086430000,5615,6.299154281616211,1
2,generation,1626086460000,0.8590365627385571,1626086460000,5616,1.807310938835144,0
2,generation,1626086490000,0.1785364436822588,1626086490000,5617,-1.5262948274612427,0
2,generation,1626086520000,0.1806693554993266,1626086520000,5618,-1.5118191242218018,0
2,generation,1626086550000,0.9981545838565247,1626086550000,5619,6.293203353881836,1
2,generation,1626086580000,0.8490611341523194,1626086580000,5620,1.7272562980651855,0
2,generation,1626086610000,0.18365908188027066,1626086610000,5621,-1.4917508363723755,0
2,generation,1626086640000,0.18016812583354647,1626086640000,5622,-1.5152088403701782,0
2,generation,1626086670000,0.18372541734910597,1626086670000,5623,-1.4913084506988525,0
2,generation,1626086700000,0.18354722418271635,1626086700000,5624,-1.4924970865249634,0
2,generation,1626086730000,0.9982010136551385,1626086730000,5625,6.318731307983398,1
2,generation,1626086760000,0.9848424170305135,1626086760000,5626,4.173980712890625,1
2,generation,1626086790000,0.9668903076988994,1626086790000,5627,3.3742589950561523,0
2,generation,1626086820000,0.995298685684534,1626086820000,5628,5.35520076751709,1
2,generation,1626086850000,0.8179234620332948,1626086850000,5629,1.502341628074646,0
2,generation,1626086880000,0.17970834350363704,1626086880000,5630,-1.5183247327804565,0
2,generation,1626086910000,0.17886401981549946,1626086910000,5631,-1.5240628719329834,0
2,generation,1626086940000,0.18320955970803748,1626086940000,5632,-1.4947519302368164,0
2,generation,1626086970000,0.18235546468885558,1626086970000,5633,-1.5004698038101196,0
2,generation,1626087000000,0.1797574829392446,1626087000000,5634,-1.5179914236068726,0
2,generation,1626087030000,0.1805515610640744,1626087030000,5635,-1.5126150846481323,0
2,generation,1626087060000,0.18064477549924035,1626087060000,5636,-1.511985182762146,0
2,generation,1626087090000,0.18145414070961077,1626087090000,5637,-1.5065264701843262,0
2,generation,1626087120000,0.9982154336442957,1626087120000,5638,6.326793670654297,1
2,generation,1626087150000,0.8725713391615686,1626087150000,5639,1.9238877296447754,0
2,generation,1626087180000,0.18402382556635977,1626087180000,5640,-1.489319920539856,0
2,generation,1626087210000,0.1844543246222848,1626087210000,5641,-1.4864555597305298,0
2,generation,1626087240000,0.18165515477552194,1626087240000,5642,-1.505173683166504,0
2,generation,1626087270000,0.18132828517087313,1626087270000,5643,-1.5073740482330322,0
2,generation,1626087300000,0.18329188288768314,1626087300000,5644,-1.494201898574829,0
2,generation,1626087330000,0.1802485560966039,1626087330000,5645,-1.5146644115447998,0
2,generation,1626087360000,0.17953966913359742,1626087360000,5646,-1.5194693803787231,0
2,generation,1626087390000,0.18036774720683846,1626087390000,5647,-1.5138579607009888,0
2,generation,1626087420000,0.18126028775339953,1626087420000,5648,-1.5078321695327759,0
2,generation,1626087450000,0.18239515814039645,1626087450000,5649,-1.5002036094665527,0
2,generation,1626087480000,0.9982928535669271,1626087480000,5650,6.371223449707031,1
2,generation,1626087510000,0.8527438706793339,1626087510000,5651,1.7562857866287231,0
2,generation,1626087540000,0.1805374868979403,1626087540000,5652,-1.5127102136611938,0
2,generation,1626087570000,0.998266812035821,1626087570000,5653,6.356058120727539,1
2,generation,1626087600000,0.9625808454678357,1626087600000,5654,3.2474353313446045,0
2,generation,1626087630000,0.822478889958383,1626087630000,5655,1.5332332849502563,0
2,generation,1626087660000,0.1817238524165107,1626087660000,5656,-1.504711627960205,0
2,generation,1626087690000,0.18326677609529662,1626087690000,5657,-1.494369626045227,0
2,generation,1626087720000,0.18235788201119518,1626087720000,5658,-1.5004535913467407,0
2,generation,1626087750000,0.9982603600018894,1626087750000,5659,6.3523359298706055,1
2,generation,1626087780000,0.8568130437004852,1626087780000,5660,1.789068579673767,0
2,generation,1626087810000,0.1787645583339635,1626087810000,5661,-1.524740219116211,0
2,generation,1626087840000,0.17830551787030205,1626087840000,5662,-1.5278701782226562,0
2,generation,1626087870000,0.17774813842393447,1626087870000,5663,-1.5316791534423828,0
2,generation,1626087900000,0.1823211271811312,1626087900000,5664,-1.5007001161575317,0
2,generation,1626087930000,0.18442448637091094,1626087930000,5665,-1.4866539239883423,0
2,generation,1626087960000,0.9982384313795003,1626087960000,5666,6.339787483215332,1
2,generation,1626087990000,0.8458550280972915,1626087990000,5667,1.7024544477462769,0
2,generation,1626088020000,0.18137295522007002,1626088020000,5668,-1.507073163986206,0
2,generation,1626088050000,0.1785501860291678,1626088050000,5669,-1.5262011289596558,0
2,generation,1626088080000,0.17843286072745285,1626088080000,5670,-1.5270012617111206,0
2,generation,1626088110000,0.18474163700094612,1626088110000,5671,-1.4845467805862427,0
2,generation,1626088140000,0.17886321442734865,1626088140000,5672,-1.5240683555603027,0
2,generation,1626088170000,0.1807788413803297,1626088170000,5673,-1.5110796689987183,0
2,generation,1626088200000,0.18188825220547625,1626088200000,5674,-1.5036064386367798,0
2,generation,1626088230000,0.190314599068568,1626088230000,5675,-1.447967290878296,0
2,generation,1626088260000,0.9983337493021135,1626088260000,5676,6.395511627197266,1
2,generation,1626088290000,0.8681695099308939,1626088290000,5677,1.8848700523376465,0
2,generation,1626088320000,0.17825131088338075,1626088320000,5678,-1.5282402038574219,0
2,generation,1626088350000,0.17963939726751663,1626088350000,5679,-1.5187925100326538,0
2,generation,1626088380000,0.17982027576466453,1626088380000,5680,-1.5175656080245972,0
2,generation,1626088410000,0.181725837788063,1626088410000,5681,-1.5046982765197754,0
2,generation,1626088440000,0.18437496742313086,1626088440000,5682,-1.4869831800460815,0
2,generation,1626088470000,0.17966063767465673,1626088470000,5683,-1.518648386001587,0
2,generation,1626088500000,0.18279502616205592,1626088500000,5684,-1.4975244998931885,0
2,generation,1626088530000,0.18032633608519083,1626088530000,5685,-1.514138102531433,0
2,generation,1626088560000,0.1816902809207382,1626088560000,5686,-1.5049374103546143,0
2,generation,1626088590000,0.18205115226031152,1626088590000,5687,-1.5025120973587036,0
2,generation,1626088620000,0.18101581696026972,1626088620000,5688,-1.509480357170105,0
2,generation,1626088650000,0.1835422400611916,1626088650000,5689,-1.492530345916748,0
2,generation,1626088680000,0.1789668001078553,1626088680000,5690,-1.5233632326126099,0
2,generation,1626088710000,0.17893572823566642,1626088710000,5691,-1.523574709892273,0
2,generation,1626088740000,0.18230346273968415,1626088740000,5692,-1.5008186101913452,0
2,generation,1626088770000,0.18297830206263246,1626088770000,5693,-1.49629807472229,0
2,generation,1626088800000,0.18210270765183117,1626088800000,5694,-1.5021659135818481,0
2,generation,1626088830000,0.9981839213928034,1626088830000,5695,6.309257984161377,1
2,generation,1626088860000,0.8517140102416632,1626088860000,5696,1.7481080293655396,0
2,generation,1626088890000,0.17953313685233355,1626088890000,5697,-1.519513726234436,0
2,generation,1626088920000,0.9983751628596308,1626088920000,5698,6.420721530914307,1
2,generation,1626088950000,0.8721602018765405,1626088950000,5699,1.92019522190094,0
2,generation,1626088980000,0.1809389889004827,1626088980000,5700,-1.5099986791610718,0
2,generation,1626089010000,0.9983262015861444,1626089010000,5701,6.390984535217285,1
2,generation,1626089040000,0.8395971514401726,1626089040000,5702,1.6552337408065796,0
2,generation,1626089070000,0.1798416559526469,1626089070000,5703,-1.5174206495285034,0
2,generation,1626089100000,0.18353420137658438,1626089100000,5704,-1.492583990097046,0
2,generation,1626089130000,0.9981688916848765,1626089130000,5705,6.301001071929932,1
2,generation,1626089160000,0.8655833700139864,1626089160000,5706,1.8624595403671265,0
2,generation,1626089190000,0.17905711463965615,1626089190000,5707,-1.5227487087249756,0
2,generation,1626089220000,0.18181705898552533,1626089220000,5708,-1.5040849447250366,0
2,generation,1626089250000,0.18409302050906678,1626089250000,5709,-1.4888591766357422,0
2,generation,1626089280000,0.1848420230099729,1626089280000,5710,-1.4838804006576538,0
2,generation,1626089310000,0.18120304589409075,1626089310000,5711,-1.5082179307937622,0
2,generation,1626089340000,0.18039196293259976,1626089340000,5712,-1.513694167137146,0
2,generation,1626089370000,0.18348449264160033,1626089370000,5713,-1.4929157495498657,0
2,generation,1626089400000,0.1837870861185138,1626089400000,5714,-1.490897297859192,0
2,generation,1626089430000,0.18124387084846935,1626089430000,5715,-1.507942795753479,0
2,generation,1626089460000,0.1770876778270308,1626089460000,5716,-1.5362046957015991,0
2,generation,1626089490000,0.18528526625299568,1626089490000,5717,-1.4809414148330688,0
2,generation,1626089520000,0.18304398328914567,1626089520000,5718,-1.4958587884902954,0
2,generation,1626089550000,0.18067687294737533,1626089550000,5719,-1.5117683410644531,0
2,generation,1626089580000,0.1871070247459175,1626089580000,5720,-1.4689186811447144,0
2,generation,1626089610000,0.9982791342659147,1626089610000,5721,6.363205432891846,1
2,generation,1626089640000,0.8827718735981291,1626089640000,5722,2.0189449787139893,0
2,generation,1626089670000,0.18762039700414654,1626089670000,5723,-1.46554696559906,0
2,generation,1626089700000,0.17862758523524808,1626089700000,5724,-1.525673508644104,0
2,generation,1626089730000,0.18023346117995295,1626089730000,5725,-1.5147665739059448,0
2,generation,1626089760000,0.1807867861042446,1626089760000,5726,-1.5110260248184204,0
2,generation,1626089790000,0.1834060301765499,1626089790000,5727,-1.4934395551681519,0
2,generation,1626089820000,0.18101896271661036,1626089820000,5728,-1.509459137916565,0
2,generation,1626089850000,0.17988122156681155,1626089850000,5729,-1.5171524286270142,0
2,generation,1626089880000,0.1892634632724718,1626089880000,5730,-1.4548031091690063,0
2,generation,1626089910000,0.1872461512256881,1626089910000,5731,-1.4680042266845703,0
2,generation,1626089940000,0.1809619392402891,1626089940000,5732,-1.5098438262939453,0
2,generation,1626089970000,0.9981355202685276,1626089970000,5733,6.282907009124756,1
2,generation,1626090000000,0.8668131715735087,1626090000000,5734,1.8730705976486206,0
2,generation,1626090030000,0.17953552497664108,1626090030000,5735,-1.5194975137710571,0
2,generation,1626090060000,0.9983457114074745,1626090060000,5736,6.40272855758667,1
2,generation,1626090090000,0.9852489356158067,1626090090000,5737,4.2015790939331055,1
2,generation,1626090120000,0.8596651023791463,1626090120000,5738,1.8125112056732178,0
2,generation,1626090150000,0.18498577947989464,1626090150000,5739,-1.482926607131958,0
2,generation,1626090180000,0.17968462113681302,1626090180000,5740,-1.51848566532135,0
2,generation,1626090210000,0.17878701303086925,1626090210000,5741,-1.5245872735977173,0
2,generation,1626090240000,0.18501566996754587,1626090240000,5742,-1.482728362083435,0
2,generation,1626090270000,0.9982888001922898,1626090270000,5743,6.368847846984863,1
2,generation,1626090300000,0.8554004593408085,1626090300000,5744,1.7776015996932983,0
2,generation,1626090330000,0.18617860427688196,1626090330000,5745,-1.475034475326538,0
2,generation,1626090360000,0.18102931927149815,1626090360000,5746,-1.5093892812728882,0
2,generation,1626090390000,0.1806910614713827,1626090390000,5747,-1.5116724967956543,0
2,generation,1626090420000,0.18502807300952542,1626090420000,5748,-1.482646107673645,0
2,generation,1626090450000,0.18460278238067332,1626090450000,5749,-1.4854689836502075,0
2,generation,1626090480000,0.18126614363216123,1626090480000,5750,-1.5077927112579346,0
2,generation,1626090510000,0.1803061266268082,1626090510000,5751,-1.5142748355865479,0
2,generation,1626090540000,0.18298584066077872,1626090540000,5752,-1.49624764919281,0
2,generation,1626090570000,0.1812908602477497,1626090570000,5753,-1.5076261758804321,0
2,generation,1626090600000,0.17824940758650665,1626090600000,5754,-1.528253197669983,0
2,generation,1626090630000,0.18058385727741477,1626090630000,5755,-1.5123968124389648,0
2,generation,1626090660000,0.18093317658772565,1626090660000,5756,-1.510037899017334,0
2,generation,1626090690000,0.9981278864211325,1626090690000,5757,6.278813362121582,1
2,generation,1626090720000,0.8568028643111987,1626090720000,5758,1.7889856100082397,0
2,generation,1626090750000,0.17946717472956317,1626090750000,5759,-1.5199615955352783,0
2,generation,1626090780000,0.9983271495021906,1626090780000,5760,6.391551971435547,1
2,generation,1626090810000,0.8330257494590486,1626090810000,5761,1.607224941253662,0
2,generation,1626090840000,0.18133815998307015,1626090840000,5762,-1.507307529449463,0
2,generation,1626090870000,0.18120232073216808,1626090870000,5763,-1.5082228183746338,0
2,generation,1626090900000,0.1826263061837913,1626090900000,5764,-1.4986543655395508,0
2,generation,1626090930000,0.18035190437416604,1626090930000,5765,-1.513965129852295,0
2,generation,1626090960000,0.17756133757389939,1626090960000,5766,-1.5329577922821045,0
2,generation,1626090990000,0.9981216013366493,1626090990000,5767,6.275455474853516,1
2,generation,1626091020000,0.8365051487692331,1626091020000,5768,1.6324511766433716,0
2,generation,1626091050000,0.18013896863654594,1626091050000,5769,-1.5154062509536743,0
2,generation,1626091080000,0.1794565193308939,1626091080000,5770,-1.5200339555740356,0
2,generation,1626091110000,0.17784248553292004,1626091110000,5771,-1.5310337543487549,0
2,generation,1626091140000,0.18346666934272995,1626091140000,5772,-1.4930347204208374,0
2,generation,1626091170000,0.18184944265070624,1626091170000,5773,-1.503867268562317,0
2,generation,1626091200000,0.1817775520237431,1626091200000,5774,-1.5043505430221558,0
2,generation,1626091230000,0.18031643375840867,1626091230000,5775,-1.5142050981521606,0
2,generation,1626091260000,0.18997281149375822,1626091260000,5776,-1.450186848640442,0
2,generation,1626091290000,0.18279401113084834,1626091290000,5777,-1.4975312948226929,0
2,generation,1626091320000,0.18066175006644,1626091320000,5778,-1.5118705034255981,0
2,generation,1626091350000,0.18118047849933605,1626091350000,5779,-1.508370041847229,0
2,generation,1626091380000,0.18322356368566142,1626091380000,5780,-1.494658350944519,0
2,generation,1626091410000,0.18267729392710716,1626091410000,5781,-1.4983128309249878,0
2,generation,1626091440000,0.1794125337413672,1626091440000,5782,-1.52033269405365,0
2,generation,1626091470000,0.18165394973411803,1626091470000,5783,-1.5051817893981934,0
2,generation,1626091500000,0.18068991435695,1626091500000,5784,-1.511680245399475,0
2,generation,1626091530000,0.1805336951322924,1626091530000,5785,-1.5127358436584473,0
2,generation,1626091560000,0.9979573878296654,1626091560000,5786,6.191481113433838,1
2,generation,1626091590000,0.8073993308002521,1626091590000,5787,1.433199405670166,0
2,generation,1626091620000,0.18015250796395094,1626091620000,5788,-1.5153145790100098,0
2,generation,1626091650000,0.17927173473418725,1626091650000,5789,-1.521289348602295,0
2,generation,1626091680000,0.18186897078523345,1626091680000,5790,-1.5037360191345215,0
2,generation,1626091710000,0.1811175100666307,1626091710000,5791,-1.5087945461273193,0
2,generation,1626091740000,0.18132577229265687,1626091740000,5792,-1.5073909759521484,0
2,generation,1626091770000,0.18204939489017632,1626091770000,5793,-1.5025238990783691,0
2,generation,1626091800000,0.18076305866937992,1626091800000,5794,-1.5111862421035767,0
2,generation,1626091830000,0.18129339044305268,1626091830000,5795,-1.5076091289520264,0
2,generation,1626091860000,0.17996623148000257,1626091860000,5796,-1.5165762901306152,0
2,generation,1626091890000,0.1824123494607808,1626091890000,5797,-1.5000883340835571,0
2,generation,1626091920000,0.18264611267488742,1626091920000,5798,-1.4985216856002808,0
2,generation,1626091950000,0.18102062397590507,1626091950000,5799,-1.5094479322433472,0
2,generation,1626091980000,0.1808621862475799,1626091980000,5800,-1.5105170011520386,0
2,generation,1626092010000,0.17810082495983176,1626092010000,5801,-1.5292679071426392,0
2,generation,1626092040000,0.998123685901529,1626092040000,5802,6.2765679359436035,1
2,generation,1626092070000,0.9515172519892702,1626092070000,5803,2.9768497943878174,0
2,generation,1626092100000,0.7908006497252008,1626092100000,5804,1.3297582864761353,0
2,generation,1626092130000,0.1794945439905543,1626092130000,5805,-1.5197757482528687,0
2,generation,1626092160000,0.1827393661737234,1626092160000,5806,-1.4978971481323242,0
2,generation,1626092190000,0.1821486981022357,1626092190000,5807,-1.5018571615219116,0
2,generation,1626092220000,0.9982408077687848,1626092220000,5808,6.341139793395996,1
2,generation,1626092250000,0.8494791365438754,1626092250000,5809,1.7305216789245605,0
2,generation,1626092280000,0.9980731387908698,1626092280000,5810,6.249934196472168,1
2,generation,1626092310000,0.8548739149184468,1626092310000,5811,1.7733510732650757,0
2,generation,1626092340000,0.18128818853290227,1626092340000,5812,-1.5076441764831543,0
2,generation,1626092370000,0.18018946785479922,1626092370000,5813,-1.5150643587112427,0
2,generation,1626092400000,0.9977554998149375,1626092400000,5814,6.097025394439697,1
2,generation,1626092430000,0.810667676763298,1626092430000,5815,1.4543544054031372,0
2,generation,1626092460000,0.18243636963879745,1626092460000,5816,-1.499927282333374,0
2,generation,1626092490000,0.18229459547822166,1626092490000,5817,-1.500878095626831,0
2,generation,1626092520000,0.1834805992613305,1626092520000,5818,-1.4929417371749878,0
2,generation,1626092550000,0.9981831008912153,1626092550000,5819,6.308805465698242,1
2,generation,1626092580000,0.8493897472539151,1626092580000,5820,1.7298227548599243,0
2,generation,1626092610000,0.9782104502961928,1626092610000,5821,3.8042943477630615,0
2,generation,1626092640000,0.9938046792072905,1626092640000,5822,5.077746391296387,1
2,generation,1626092670000,0.48273999679962953,1626092670000,5823,-0.06906745582818985,0
2,generation,1626092700000,0.18268033752414822,1626092700000,5824,-1.4982924461364746,0
2,generation,1626092730000,0.1796678588056857,1626092730000,5825,-1.5185993909835815,0
2,generation,1626092760000,0.18438866388665656,1626092760000,5826,-1.4868921041488647,0
2,generation,1626092790000,0.17950149654793518,1626092790000,5827,-1.5197285413742065,0
2,generation,1626092820000,0.18240760261053204,1626092820000,5828,-1.5001201629638672,0
2,generation,1626092850000,0.1809609674709185,1626092850000,5829,-1.5098503828048706,0
2,generation,1626092880000,0.18066238531346307,1626092880000,5830,-1.5118662118911743,0
2,generation,1626092910000,0.18069619708405024,1626092910000,5831,-1.511637806892395,0
2,generation,1626092940000,0.1812011003428146,1626092940000,5832,-1.5082310438156128,0
2,generation,1626092970000,0.18340767272887837,1626092970000,5833,-1.4934285879135132,0
2,generation,1626093000000,0.18181562257415892,1626093000000,5834,-1.5040946006774902,0
2,generation,1626093030000,0.18109092026302995,1626093030000,5835,-1.5089738368988037,0
2,generation,1626093060000,0.18060469081247202,1626093060000,5836,-1.5122560262680054,0
2,generation,1626093090000,0.18056186149716072,1626093090000,5837,-1.5125454664230347,0
2,generation,1626093120000,0.1806377001892022,1626093120000,5838,-1.5120329856872559,0
2,generation,1626093150000,0.1818800924407961,1626093150000,5839,-1.5036612749099731,0
2,generation,1626093180000,0.1821180841491946,1626093180000,5840,-1.5020626783370972,0
2,generation,1626093210000,0.18216302978990376,1626093210000,5841,-1.5017609596252441,0
2,generation,1626093240000,0.18315929494420077,1626093240000,5842,-1.4950878620147705,0
2,generation,1626093270000,0.1822853731710726,1626093270000,5843,-1.500939965248108,0
2,generation,1626093300000,0.18110439157873595,1626093300000,5844,-1.508882999420166,0
2,generation,1626093330000,0.1830499730436713,1626093330000,5845,-1.4958187341690063,0
2,generation,1626093360000,0.18148951994414658,1626093360000,5846,-1.5062882900238037,0
2,generation,1626093390000,0.18085724122526523,1626093390000,5847,-1.5105503797531128,0
2,generation,1626093420000,0.17917083369975473,1626093420000,5848,-1.5219752788543701,0
2,generation,1626093450000,0.18163302199232118,1626093450000,5849,-1.5053225755691528,0
2,generation,1626093480000,0.18177283575010678,1626093480000,5850,-1.5043822526931763,0
2,generation,1626093510000,0.9980602280671325,1626093510000,5851,6.243243217468262,1
2,generation,1626093540000,0.8393300518776011,1626093540000,5852,1.6532517671585083,0
2,generation,1626093570000,0.17915288168726215,1626093570000,5853,-1.5220973491668701,0
2,generation,1626093600000,0.179753211820952,1626093600000,5854,-1.5180203914642334,0
2,generation,1626093630000,0.1792476014239086,1626093630000,5855,-1.5214533805847168,0
2,generation,1626093660000,0.18128066897024467,1626093660000,5856,-1.5076948404312134,0
2,generation,1626093690000,0.9980885536128002,1626093690000,5857,6.257981777191162,1
2,generation,1626093720000,0.813633205334614,1626093720000,5858,1.4737929105758667,0
2,generation,1626093750000,0.17907558488859474,1626093750000,5859,-1.522623062133789,0
2,generation,1626093780000,0.18029754651053118,1626093780000,5860,-1.514332890510559,0
2,generation,1626093810000,0.9981315476170545,1626093810000,5861,6.2807745933532715,1
2,generation,1626093840000,0.8408602451393735,1626093840000,5862,1.6646426916122437,0
2,generation,1626093870000,0.17939965208719186,1626093870000,5863,-1.5204201936721802,0
2,generation,1626093900000,0.9981882650014178,1626093900000,5864,6.311656951904297,1
2,generation,1626093930000,0.8685103495486051,1626093930000,5865,1.887851357460022,0
2,generation,1626093960000,0.9975366906633523,1626093960000,5866,6.003783226013184,1
2,generation,1626093990000,0.8107643387098299,1626093990000,5867,1.4549843072891235,0
2,generation,1626094020000,0.9980010501909636,1626094020000,5868,6.213132381439209,1
2,generation,1626094050000,0.8245116597873405,1626094050000,5869,1.547218680381775,0
2,generation,1626094080000,0.9978247202500448,1626094080000,5870,6.128420352935791,1
2,generation,1626094110000,0.8350992506665144,1626094110000,5871,1.6222068071365356,0
2,generation,1626094140000,0.9976905587997515,1626094140000,5872,6.068437576293945,1
2,generation,1626094170000,0.8352950673959672,1626094170000,5873,1.6236294507980347,0
2,generation,1626094200000,0.18188395942422128,1626094200000,5874,-1.503635287284851,0
2,generation,1626094230000,0.9981986916408963,1626094230000,5875,6.317439079284668,1
2,generation,1626094260000,0.9892022441350555,1626094260000,5876,4.5175604820251465,1
2,generation,1626094290000,0.809515553243099,1626094290000,5877,1.446865439414978,0
2,generation,1626094320000,0.1813006096129435,1626094320000,5878,-1.5075604915618896,0
2,generation,1626094350000,0.18045496389389518,1626094350000,5879,-1.5132681131362915,0
2,generation,1626094380000,0.18117694148854627,1626094380000,5880,-1.5083938837051392,0
2,generation,1626094410000,0.9983245338655223,1626094410000,5881,6.389986991882324,1
2,generation,1626094440000,0.98652301018281,1626094440000,5882,4.293202877044678,1
2,generation,1626094470000,0.8011175301588982,1626094470000,5883,1.3932936191558838,0
2,generation,1626094500000,0.9979309383265512,1626094500000,5884,6.1785888671875,1
2,generation,1626094530000,0.8068847017263795,1626094530000,5885,1.4298933744430542,0
2,generation,1626094560000,0.18192172795852943,1626094560000,5886,-1.5033814907073975,0
2,generation,1626094590000,0.18326848905390822,1626094590000,5887,-1.4943581819534302,0
2,generation,1626094620000,0.9980299288088268,1626094620000,5888,6.227713584899902,1
2,generation,1626094650000,0.9709549118733172,1626094650000,5889,3.5094306468963623,0
2,generation,1626094680000,0.774636935143209,1626094680000,5890,1.2346817255020142,0
2,generation,1626094710000,0.18183798548532404,1626094710000,5891,-1.5039442777633667,0
2,generation,1626094740000,0.179074077772622,1626094740000,5892,-1.5226333141326904,0
2,generation,1626094770000,0.18155563577196174,1626094770000,5893,-1.5058432817459106,0
2,generation,1626094800000,0.18034341066613682,1626094800000,5894,-1.5140225887298584,0
2,generation,1626094830000,0.9979330806151672,1626094830000,5895,6.179626941680908,1
2,generation,1626094860000,0.9927972975311017,1626094860000,5896,4.926070213317871,1
2,generation,1626094890000,0.8486955486217732,1626094890000,5897,1.7244064807891846,0
2,generation,1626094920000,0.18032779856441714,1626094920000,5898,-1.5141282081604004,0
2,generation,1626094950000,0.183620980004507,1626094950000,5899,-1.4920049905776978,0
2,generation,1626094980000,0.18427741187140365,1626094980000,5900,-1.4876320362091064,0
2,generation,1626095010000,0.9983455137278316,1626095010000,5901,6.402608871459961,1
2,generation,1626095040000,0.854483713999044,1626095040000,5902,1.7702094316482544,0
2,generation,1626095070000,0.998068607027087,1626095070000,5903,6.247580528259277,1
2,generation,1626095100000,0.9006879262592353,1626095100000,5904,2.2048916816711426,0
2,generation,1626095130000,0.17986736403635528,1626095130000,5905,-1.5172463655471802,0
2,generation,1626095160000,0.9984087346430252,1626095160000,5906,6.441633224487305,1
2,generation,1626095190000,0.8604090566940434,1626095190000,5907,1.818691611289978,0
2,generation,1626095220000,0.18072399490011307,1626095220000,5908,-1.5114500522613525,0
2,generation,1626095250000,0.18367202218482323,1626095250000,5909,-1.4916645288467407,0
2,generation,1626095280000,0.18211337876281486,1626095280000,5910,-1.5020942687988281,0
2,generation,1626095310000,0.9976662211451699,1626095310000,5911,6.057929992675781,1
2,generation,1626095340000,0.7945541148324283,1626095340000,5912,1.3525984287261963,0
2,generation,1626095370000,0.18177077905907738,1626095370000,5913,-1.5043960809707642,0
2,generation,1626095400000,0.18068899666949087,1626095400000,5914,-1.5116864442825317,0
2,generation,1626095430000,0.18208605387755683,1626095430000,5915,-1.5022777318954468,0
2,generation,1626095460000,0.18266017220274103,1626095460000,5916,-1.4984275102615356,0
2,generation,1626095490000,0.18331558243516233,1626095490000,5917,-1.4940435886383057,0
2,generation,1626095520000,0.1793921761452285,1626095520000,5918,-1.5204709768295288,0
2,generation,1626095550000,0.9979428173920155,1626095550000,5919,6.184358596801758,1
2,generation,1626095580000,0.8253090831423247,1626095580000,5920,1.5527397394180298,0
2,generation,1626095610000,0.9980907656501768,1626095610000,5921,6.25914192199707,1
2,generation,1626095640000,0.8313355767566398,1626095640000,5922,1.5951224565505981,0
2,generation,1626095670000,0.18167282352313135,1626095670000,5923,-1.5050548315048218,0
2,generation,1626095700000,0.18308737679574935,1626095700000,5924,-1.4955686330795288,0
2,generation,1626095730000,0.18129135566844165,1626095730000,5925,-1.5076228380203247,0
2,generation,1626095760000,0.1824476960673495,1626095760000,5926,-1.4998513460159302,0
2,generation,1626095790000,0.18232745400473957,1626095790000,5927,-1.5006576776504517,0
2,generation,1626095820000,0.1798149661900921,1626095820000,5928,-1.5176016092300415,0
2,generation,1626095850000,0.18007306158951478,1626095850000,5929,-1.5158525705337524,0
2,generation,1626095880000,0.1823025564510917,1626095880000,5930,-1.5008246898651123,0
2,generation,1626095910000,0.18163830248179363,1626095910000,5931,-1.5052870512008667,0
2,generation,1626095940000,0.18350772923815437,1626095940000,5932,-1.4927606582641602,0
2,generation,1626095970000,0.1832268819472538,1626095970000,5933,-1.4946361780166626,0
2,generation,1626096000000,0.1822121229059369,1626096000000,5934,-1.5014314651489258,0
2,generation,1626096030000,0.9981848391552028,1626096030000,5935,6.309764385223389,1
2,generation,1626096060000,0.8676026362523284,1626096060000,5936,1.879926085472107,0
2,generation,1626096090000,0.18060511420602204,1626096090000,5937,-1.5122531652450562,0
2,generation,1626096120000,0.1808472102179104,1626096120000,5938,-1.5106180906295776,0
2,generation,1626096150000,0.179524603022666,1626096150000,5939,-1.5195716619491577,0
2,generation,1626096180000,0.1839470991379315,1626096180000,5940,-1.4898309707641602,0
2,generation,1626096210000,0.9981675699517806,1626096210000,5941,6.300278186798096,1
2,generation,1626096240000,0.8482721532650658,1626096240000,5942,1.7211130857467651,0
2,generation,1626096270000,0.18307937139489616,1626096270000,5943,-1.495622158050537,0
2,generation,1626096300000,0.18093693955780152,1626096300000,5944,-1.5100125074386597,0
2,generation,1626096330000,0.17963644590212877,1626096330000,5945,-1.5188125371932983,0
2,generation,1626096360000,0.1856758636397966,1626096360000,5946,-1.4783560037612915,0
2,generation,1626096390000,0.9984106440823922,1626096390000,5947,6.442835807800293,1
2,generation,1626096420000,0.8557191616416199,1626096420000,5948,1.78018057346344,0
2,generation,1626096450000,0.18111920739137044,1626096450000,5949,-1.5087831020355225,0
2,generation,1626096480000,0.18008452003689202,1626096480000,5950,-1.5157749652862549,0
2,generation,1626096510000,0.9979319876063274,1626096510000,5951,6.1790971755981445,1
2,generation,1626096540000,0.9655076614630357,1626096540000,5952,3.3319168090820312,0
2,generation,1626096570000,0.7926529650733788,1626096570000,5953,1.3409916162490845,0
2,generation,1626096600000,0.1806557329518282,1626096600000,5954,-1.511911153793335,0
2,generation,1626096630000,0.18568139722028135,1626096630000,5955,-1.4783194065093994,0
2,generation,1626096660000,0.1807746043054973,1626096660000,5956,-1.5111082792282104,0
2,generation,1626096690000,0.18347372349390195,1626096690000,5957,-1.4929876327514648,0
2,generation,1626096720000,0.9983451041172766,1626096720000,5958,6.402360916137695,1
2,generation,1626096750000,0.8589905942238123,1626096750000,5959,1.8069313764572144,0
2,generation,1626096780000,0.18027996443367347,1626096780000,5960,-1.5144518613815308,0
2,generation,1626096810000,0.18102041189958915,1626096810000,5961,-1.5094493627548218,0
2,generation,1626096840000,0.1804368938725736,1626096840000,5962,-1.513390302658081,0
2,generation,1626096870000,0.18115444735842756,1626096870000,5963,-1.5085455179214478,0
2,generation,1626096900000,0.17890651681766298,1626096900000,5964,-1.5237735509872437,0
2,generation,1626096930000,0.9980349561152787,1626096930000,5965,6.230273723602295,1
2,generation,1626096960000,0.8372329047544158,1626096960000,5966,1.6377819776535034,0
2,generation,1626096990000,0.1792136156469543,1626096990000,5967,-1.5216844081878662,0
2,generation,1626097020000,0.18238562967774608,1626097020000,5968,-1.500267505645752,0
2,generation,1626097050000,0.18079702637198025,1626097050000,5969,-1.510956883430481,0
2,generation,1626097080000,0.9982855265823323,1626097080000,5970,6.366933345794678,1
2,generation,1626097110000,0.8078468611107912,1626097110000,5971,1.4360798597335815,0
2,generation,1626097140000,0.17998150246202044,1626097140000,5972,-1.5164728164672852,0
2,generation,1626097170000,0.1860113527381033,1626097170000,5973,-1.476138710975647,0
2,generation,1626097200000,0.18555105845463737,1626097200000,5974,-1.4791816473007202,0
2,generation,1626097230000,0.18125016857597864,1626097230000,5975,-1.507900357246399,0
2,generation,1626097260000,0.18600496325970672,1626097260000,5976,-1.476180911064148,0
2,generation,1626097290000,0.18785035273350065,1626097290000,5977,-1.4640389680862427,0
2,generation,1626097320000,0.18068788486070533,1626097320000,5978,-1.5116939544677734,0
2,generation,1626097350000,0.18229655015635945,1626097350000,5979,-1.5008649826049805,0
2,generation,1626097380000,0.1823375666135577,1626097380000,5980,-1.5005898475646973,0
2,generation,1626097410000,0.9981108704793362,1626097410000,5981,6.269748210906982,1
2,generation,1626097440000,0.8354237380101036,1626097440000,5982,1.6245650053024292,0
2,generation,1626097470000,0.18368732268300528,1626097470000,5983,-1.4915624856948853,0
2,generation,1626097500000,0.1834431332154007,1626097500000,5984,-1.4931918382644653,0
2,generation,1626097530000,0.18324577551842397,1626097530000,5985,-1.4945099353790283,0
2,generation,1626097560000,0.9982155355728671,1626097560000,5986,6.326850891113281,1
2,generation,1626097590000,0.8968135211740792,1626097590000,5987,2.1623101234436035,0
2,generation,1626097620000,0.1808770925951023,1626097620000,5988,-1.5104163885116577,0
2,generation,1626097650000,0.1832634394303216,1626097650000,5989,-1.494391918182373,0
2,generation,1626097680000,0.1858226998407171,1626097680000,5990,-1.47738516330719,0
2,generation,1626097710000,0.18014511317437762,1626097710000,5991,-1.515364646911621,0
2,generation,1626097740000,0.18292135155539258,1626097740000,5992,-1.4966790676116943,0
2,generation,1626097770000,0.9975560645498353,1626097770000,5993,6.0116987228393555,1
2,generation,1626097800000,0.7912644335756991,1626097800000,5994,1.3325639963150024,0
2,generation,1626097830000,0.18479582943300535,1626097830000,5995,-1.4841870069503784,0
2,generation,1626097860000,0.18046753440922816,1626097860000,5996,-1.5131831169128418,0
2,generation,1626097890000,0.9979919764808676,1626097890000,5997,6.20859432220459,1
2,generation,1626097920000,0.9757975705552917,1626097920000,5998,3.6968021392822266,0
2,generation,1626097950000,0.8016693387492521,1626097950000,5999,1.3967605829238892,0
2,generation,1626097980000,0.18864849209203127,1626097980000,6000,-1.4588159322738647,0
2,generation,1626098010000,0.17909850829353005,1626098010000,6001,-1.5224671363830566,0
2,generation,1626098040000,0.18297970996218627,1626098040000,6002,-1.4962886571884155,0
2,generation,1626098070000,0.18079663793978412,1626098070000,6003,-1.510959506034851,0
2,generation,1626098100000,0.9981993671326835,1626098100000,6004,6.317814826965332,1
2,generation,1626098130000,0.8847891240900322,1626098130000,6005,2.0385851860046387,0
2,generation,1626098160000,0.18459711216614824,1626098160000,6006,-1.4855066537857056,0
2,generation,1626098190000,0.17934236029820733,1626098190000,6007,-1.5208094120025635,0
2,generation,1626098220000,0.9980231537051448,1626098220000,6008,6.224273681640625,1
2,generation,1626098250000,0.820976194633385,1626098250000,6009,1.5229753255844116,0
2,generation,1626098280000,0.9983149916406772,1626098280000,6010,6.384298324584961,1
2,generation,1626098310000,0.8338293187917946,1626098310000,6011,1.6130132675170898,0
2,generation,1626098340000,0.9983080237128045,1626098340000,6012,6.380164623260498,1
2,generation,1626098370000,0.8060363804760772,1626098370000,6013,1.4244582653045654,0
2,generation,1626098400000,0.18469688095227227,1626098400000,6014,-1.4848439693450928,0
2,generation,1626098430000,0.17812382517771866,1626098430000,6015,-1.5291107892990112,0
2,generation,1626098460000,0.1793402548999865,1626098460000,6016,-1.5208237171173096,0
2,generation,1626098490000,0.17874142337825613,1626098490000,6017,-1.524897813796997,0
2,generation,1626098520000,0.17991036378823635,1626098520000,6018,-1.5169548988342285,0
2,generation,1626098550000,0.180764594523613,1626098550000,6019,-1.5111758708953857,0
2,generation,1626098580000,0.9981752993723033,1626098580000,6020,6.304512977600098,1
2,generation,1626098610000,0.8495983406721872,1626098610000,6021,1.7314542531967163,0
2,generation,1626098640000,0.1802262046982364,1626098640000,6022,-1.5148156881332397,0
2,generation,1626098670000,0.9983505059751093,1626098670000,6023,6.405635833740234,1
2,generation,1626098700000,0.8136343802851971,1626098700000,6024,1.4738006591796875,0
2,generation,1626098730000,0.17964461495255513,1626098730000,6025,-1.5187571048736572,0
2,generation,1626098760000,0.18148966161353366,1626098760000,6026,-1.5062873363494873,0
2,generation,1626098790000,0.1817037337549209,1626098790000,6027,-1.5048469305038452,0
2,generation,1626098820000,0.1792789787304993,1626098820000,6028,-1.5212401151657104,0
2,generation,1626098850000,0.9979401196740465,1626098850000,6029,6.183045387268066,1
2,generation,1626098880000,0.793507698088701,1626098880000,6030,1.3462001085281372,0
2,generation,1626098910000,0.17985273363969667,1626098910000,6031,-1.5173455476760864,0
2,generation,1626098940000,0.18144930702685383,1626098940000,6032,-1.5065590143203735,0
2,generation,1626098970000,0.18079317739074327,1626098970000,6033,-1.510982871055603,0
2,generation,1626099000000,0.17976825775847607,1626099000000,6034,-1.517918348312378,0
2,generation,1626099030000,0.9982359619428166,1626099030000,6035,6.33838415145874,1
2,generation,1626099060000,0.9937869184426109,1626099060000,6036,5.074865818023682,1
2,generation,1626099090000,0.9865473899960785,1626099090000,6037,4.295038223266602,1
2,generation,1626099120000,0.7933973744192597,1626099120000,6038,1.345526933670044,0
2,generation,1626099150000,0.1840059974821211,1626099150000,6039,-1.4894386529922485,0
2,generation,1626099180000,0.18140787957137863,1626099180000,6040,-1.5068379640579224,0
2,generation,1626099210000,0.18189101949466296,1626099210000,6041,-1.5035878419876099,0
2,generation,1626099240000,0.18120339963243404,1626099240000,6042,-1.5082155466079712,0
2,generation,1626099270000,0.18065859150292726,1626099270000,6043,-1.5118918418884277,0
2,generation,1626099300000,0.18036520946096896,1626099300000,6044,-1.513875126838684,0
2,generation,1626099330000,0.17916876493913142,1626099330000,6045,-1.521989345550537,0
2,generation,1626099360000,0.18442168922636115,1626099360000,6046,-1.4866725206375122,0
2,generation,1626099390000,0.9978416406290177,1626099390000,6047,6.136246204376221,1
2,generation,1626099420000,0.826332183929862,1626099420000,6048,1.5598524808883667,0
2,generation,1626099450000,0.18242403032112817,1626099450000,6049,-1.5000100135803223,0
2,generation,1626099480000,0.18408268922155943,1626099480000,6050,-1.488927960395813,0
2,generation,1626099510000,0.9982272406193985,1626099510000,6051,6.333443641662598,1
2,generation,1626099540000,0.8214917727401897,1626099540000,6052,1.5264872312545776,0
2,generation,1626099570000,0.180724789172402,1626099570000,6053,-1.5114446878433228,0
2,generation,1626099600000,0.18135106157813244,1626099600000,6054,-1.5072206258773804,0
2,generation,1626099630000,0.18052598833952668,1626099630000,6055,-1.512787938117981,0
2,generation,1626099660000,0.18303999020395278,1626099660000,6056,-1.4958854913711548,0
2,generation,1626099690000,0.17997254735107093,1626099690000,6057,-1.5165334939956665,0
2,generation,1626099720000,0.17934916788464597,1626099720000,6058,-1.5207631587982178,0
2,generation,1626099750000,0.18859536489356954,1626099750000,6059,-1.4591630697250366,0
2,generation,1626099780000,0.1841407436335563,1626099780000,6060,-1.4885414838790894,0
2,generation,1626099810000,0.17985711211050698,1626099810000,6061,-1.5173158645629883,0
2,generation,1626099840000,0.9981371975800887,1626099840000,6062,6.283808708190918,1
2,generation,1626099870000,0.8317047590199371,1626099870000,6063,1.5977576971054077,0
2,generation,1626099900000,0.18478372574958798,1626099900000,6064,-1.4842673540115356,0
2,generation,1626099930000,0.9984005029469261,1626099930000,6065,6.436465263366699,1
2,generation,1626099960000,0.8154830100654236,1626099960000,6066,1.4860390424728394,0
2,generation,1626099990000,0.9979476886225284,1626099990000,6067,6.186734199523926,1
2,generation,1626100020000,0.8054300965750072,1626100020000,6068,1.4205849170684814,0
2,generation,1626100050000,0.18416049825841233,1626100050000,6069,-1.4884099960327148,0
2,generation,1626100080000,0.17892073677825648,1626100080000,6070,-1.5236767530441284,0
2,generation,1626100110000,0.9981843198380678,1626100110000,6071,6.309477806091309,1
2,generation,1626100140000,0.8139180268356978,1626100140000,6072,1.4756723642349243,0
2,generation,1626100170000,0.18034304061541104,1626100170000,6073,-1.514025092124939,0
2,generation,1626100200000,0.18331413683748135,1626100200000,6074,-1.4940532445907593,0
2,generation,1626100230000,0.18104227445149557,1626100230000,6075,-1.5093019008636475,0
2,generation,1626100260000,0.18118286601201697,1626100260000,6076,-1.5083539485931396,0
2,generation,1626100290000,0.1805341183960766,1626100290000,6077,-1.512732982635498,0
2,generation,1626100320000,0.1789737191655566,1626100320000,6078,-1.5233161449432373,0
2,generation,1626100350000,0.18733390112469667,1626100350000,6079,-1.4674277305603027,0
2,generation,1626100380000,0.18171369537782225,1626100380000,6080,-1.5047799348831177,0
2,generation,1626100410000,0.18489142337497386,1626100410000,6081,-1.4835525751113892,0
2,generation,1626100440000,0.18302933042367758,1626100440000,6082,-1.4959567785263062,0
2,generation,1626100470000,0.9982847494574593,1626100470000,6083,6.366479396820068,1
2,generation,1626100500000,0.8102064575931276,1626100500000,6084,1.4513522386550903,0
2,generation,1626100530000,0.18007842991568024,1626100530000,6085,-1.5158162117004395,0
2,generation,1626100560000,0.18568159549425733,1626100560000,6086,-1.4783180952072144,0
2,generation,1626100590000,0.1802416866423565,1626100590000,6087,-1.5147109031677246,0
2,generation,1626100620000,0.17832352568817145,1626100620000,6088,-1.5277472734451294,0
2,generation,1626100650000,0.18016583678997447,1626100650000,6089,-1.5152243375778198,0
2,generation,1626100680000,0.17919522193794749,1626100680000,6090,-1.521809458732605,0
2,generation,1626100710000,0.18326784669297366,1626100710000,6091,-1.494362473487854,0
2,generation,1626100740000,0.18285930257363164,1626100740000,6092,-1.4970942735671997,0
2,generation,1626100770000,0.18555637297673871,1626100770000,6093,-1.4791464805603027,0
2,generation,1626100800000,0.18014201447583297,1626100800000,6094,-1.515385627746582,0
2,generation,1626100830000,0.17792477066443618,1626100830000,6095,-1.5304710865020752,0
2,generation,1626100860000,0.997694699328843,1626100860000,6096,6.0702362060546875,1
2,generation,1626100890000,0.8193786551245378,1626100890000,6097,1.5121434926986694,0
2,generation,1626100920000,0.18203901069950618,1626100920000,6098,-1.5025936365127563,0
2,generation,1626100950000,0.1934770143893898,1626100950000,6099,-1.4275736808776855,0
2,generation,1626100980000,0.17957465160520622,1626100980000,6100,-1.519231915473938,0
2,generation,1626101010000,0.17970433688781973,1626101010000,6101,-1.5183519124984741,0
2,generation,1626101040000,0.18067770235211716,1626101040000,6102,-1.5117627382278442,0
2,generation,1626101070000,0.9973993490404378,1626101070000,6103,5.949389457702637,1
2,generation,1626101100000,0.7900212210565544,1626101100000,6104,1.325053334236145,0
2,generation,1626101130000,0.18193210694700562,1626101130000,6105,-1.5033117532730103,0
2,generation,1626101160000,0.18098467980417815,1626101160000,6106,-1.5096904039382935,0
2,generation,1626101190000,0.17994311581177386,1626101190000,6107,-1.516732931137085,0
2,generation,1626101220000,0.1835009241262435,1626101220000,6108,-1.492806077003479,0
2,generation,1626101250000,0.18034291726530072,1626101250000,6109,-1.5140259265899658,0
2,generation,1626101280000,0.18180439758933845,1626101280000,6110,-1.5041700601577759,0
2,generation,1626101310000,0.18496527349345734,1626101310000,6111,-1.4830626249313354,0
2,generation,1626101340000,0.9981622201329207,1626101340000,6112,6.297357559204102,1
2,generation,1626101370000,0.8231951533957871,1626101370000,6113,1.538146734237671,0
2,generation,1626101400000,0.18605476596552692,1626101400000,6114,-1.4758520126342773,0
2,generation,1626101430000,0.9982912144972946,1626101430000,6115,6.370262145996094,1
2,generation,1626101460000,0.8104644243352227,1626101460000,6116,1.4530307054519653,0
2,generation,1626101490000,0.18027695200762997,1626101490000,6117,-1.514472246170044,0
2,generation,1626101520000,0.9983201781894058,1626101520000,6118,6.387386322021484,1
2,generation,1626101550000,0.7988639579764307,1626101550000,6119,1.3792091608047485,0
2,generation,1626101580000,0.1785341883379936,1626101580000,6120,-1.5263102054595947,0
2,generation,1626101610000,0.17809292026282117,1626101610000,6121,-1.5293219089508057,0
2,generation,1626101640000,0.997732112572333,1626101640000,6122,6.086636066436768,1
2,generation,1626101670000,0.9979414895447716,1626101670000,6123,6.183712005615234,1
2,generation,1626101700000,0.8632585025863418,1626101700000,6124,1.842621922492981,0
2,generation,1626101730000,0.195029956834778,1626101730000,6125,-1.417651891708374,0
2,generation,1626101760000,0.18419569528654278,1626101760000,6126,-1.4881757497787476,0
2,generation,1626101790000,0.19127314350048363,1626101790000,6127,-1.4417587518692017,0
2,generation,1626101820000,0.9982338556231596,1626101820000,6128,6.337188720703125,1
2,generation,1626101850000,0.9506949403063834,1626101850000,6129,2.9591665267944336,0
2,generation,1626101880000,0.7586478655835637,1626101880000,6130,1.1452807188034058,0
2,generation,1626101910000,0.18474630518253476,1626101910000,6131,-1.4845157861709595,0
2,generation,1626101940000,0.18171351812103323,1626101940000,6132,-1.5047811269760132,0
2,generation,1626101970000,0.17859906024109198,1626101970000,6133,-1.5258679389953613,0
2,generation,1626102000000,0.1810334019310567,1626102000000,6134,-1.509361743927002,0
2,generation,1626102030000,0.17950953789939805,1626102030000,6135,-1.5196739435195923,0
2,generation,1626102060000,0.19612595134672062,1626102060000,6136,-1.4106855392456055,0
2,generation,1626102090000,0.20198298980309976,1626102090000,6137,-1.3739464282989502,0
2,generation,1626102120000,0.17987128556257587,1626102120000,6138,-1.5172197818756104,0
2,generation,1626102150000,0.9980063863436635,1626102150000,6139,6.215810775756836,1
2,generation,1626102180000,0.8301592545202571,1626102180000,6140,1.5867563486099243,0
2,generation,1626102210000,0.1828658576515822,1626102210000,6141,-1.497050404548645,0
2,generation,1626102240000,0.17992582455563594,1626102240000,6142,-1.5168501138687134,0
2,generation,1626102270000,0.17859374389813287,1626102270000,6143,-1.5259041786193848,0
2,generation,1626102300000,0.18137130914312716,1626102300000,6144,-1.5070842504501343,0
2,generation,1626102330000,0.1800371234228646,1626102330000,6145,-1.5160959959030151,0
2,generation,1626102360000,0.18030181010139648,1626102360000,6146,-1.5143040418624878,0
2,generation,1626102390000,0.9977965587425165,1626102390000,6147,6.1155290603637695,1
2,generation,1626102420000,0.8339424981680085,1626102420000,6148,1.613830327987671,0
2,generation,1626102450000,0.18349528013985514,1626102450000,6149,-1.492843747138977,0
2,generation,1626102480000,0.18065949142445917,1626102480000,6150,-1.5118857622146606,0
2,generation,1626102510000,0.9978021060147344,1626102510000,6151,6.11805534362793,1
2,generation,1626102540000,0.9614386340869117,1626102540000,6152,3.216179847717285,0
2,generation,1626102570000,0.7985117811665202,1626102570000,6153,1.3770188093185425,0
2,generation,1626102600000,0.18523736782804462,1626102600000,6154,-1.481258749961853,0
2,generation,1626102630000,0.18353814922980763,1626102630000,6155,-1.4925576448440552,0
2,generation,1626102660000,0.19561572947908934,1626102660000,6156,-1.4139249324798584,0
2,generation,1626102690000,0.17905064865216716,1626102690000,6157,-1.5227926969528198,0
2,generation,1626102720000,0.9982681859686181,1626102720000,6158,6.3568525314331055,1
2,generation,1626102750000,0.8013777826266838,1626102750000,6159,1.3949278593063354,0
2,generation,1626102780000,0.1920182373035898,1626102780000,6160,-1.4369491338729858,0
2,generation,1626102810000,0.18118168109525376,1626102810000,6161,-1.5083619356155396,0
2,generation,1626102840000,0.18159466229069146,1626102840000,6162,-1.5055806636810303,0
2,generation,1626102870000,0.17936034469512643,1626102870000,6163,-1.520687222480774,0
2,generation,1626102900000,0.18321407300123396,1626102900000,6164,-1.49472177028656,0
2,generation,1626102930000,0.1811010501953628,1626102930000,6165,-1.5089055299758911,0
2,generation,1626102960000,0.18521383596933844,1626102960000,6166,-1.4814146757125854,0
2,generation,1626102990000,0.18700038057920895,1626102990000,6167,-1.4696199893951416,0
2,generation,1626103020000,0.18195396642525297,1626103020000,6168,-1.5031648874282837,0
2,generation,1626103050000,0.18023907982599946,1626103050000,6169,-1.5147285461425781,0
2,generation,1626103080000,0.1799977245898125,1626103080000,6170,-1.5163629055023193,0
2,generation,1626103110000,0.17923302795840385,1626103110000,6171,-1.5215524435043335,0
2,generation,1626103140000,0.18074357009211214,1626103140000,6172,-1.5113178491592407,0
2,generation,1626103170000,0.17953745656592476,1626103170000,6173,-1.5194844007492065,0
2,generation,1626103200000,0.18012562375665386,1626103200000,6174,-1.5154966115951538,0
2,generation,1626103230000,0.17972517908157126,1626103230000,6175,-1.518210530281067,0
2,generation,1626103260000,0.1813758226076787,1626103260000,6176,-1.5070538520812988,0
2,generation,1626103290000,0.17977254673385204,1626103290000,6177,-1.5178892612457275,0
2,generation,1626103320000,0.18109546365104842,1626103320000,6178,-1.5089432001113892,0
2,generation,1626103350000,0.18590244792810323,1626103350000,6179,-1.476858139038086,0
2,generation,1626103380000,0.17825354596791723,1626103380000,6180,-1.5282249450683594,0
2,generation,1626103410000,0.18224056396130758,1626103410000,6181,-1.501240611076355,0
2,generation,1626103440000,0.9981156781732929,1626103440000,6182,6.272301197052002,1
2,generation,1626103470000,0.830005978744722,1626103470000,6183,1.5856696367263794,0
2,generation,1626103500000,0.18435211185859207,1626103500000,6184,-1.4871351718902588,0
2,generation,1626103530000,0.19986352538855376,1626103530000,6185,-1.3871475458145142,0
2,generation,1626103560000,0.18615741832764596,1626103560000,6186,-1.4751743078231812,0
2,generation,1626103590000,0.18207378623619117,1626103590000,6187,-1.5023601055145264,0
2,generation,1626103620000,0.18385304599585967,1626103620000,6188,-1.4904576539993286,0
2,generation,1626103650000,0.17990751447670988,1626103650000,6189,-1.5169742107391357,0
2,generation,1626103680000,0.181216842087941,1626103680000,6190,-1.5081249475479126,0
2,generation,1626103710000,0.18248048711270734,1626103710000,6191,-1.4996315240859985,0
2,generation,1626103740000,0.17947063301296762,1626103740000,6192,-1.5199381113052368,0
2,generation,1626103770000,0.18172449056981235,1626103770000,6193,-1.5047073364257812,0
2,generation,1626103800000,0.9979616320521878,1626103800000,6194,6.193565368652344,1
2,generation,1626103830000,0.8066338657024306,1626103830000,6195,1.4282844066619873,0
2,generation,1626103860000,0.18400284727699695,1626103860000,6196,-1.4894596338272095,0
2,generation,1626103890000,0.1806193159795994,1626103890000,6197,-1.5121572017669678,0
2,generation,1626103920000,0.17975041718150175,1626103920000,6198,-1.518039345741272,0
2,generation,1626103950000,0.1812746888796589,1626103950000,6199,-1.5077351331710815,0
2,generation,1626103980000,0.1821843602316289,1626103980000,6200,-1.5016177892684937,0
2,generation,1626104010000,0.20104072654031674,1626104010000,6201,-1.3798024654388428,0
2,generation,1626104040000,0.9974658314206231,1626104040000,6202,5.9753522872924805,1
2,generation,1626104070000,0.7903362072204744,1626104070000,6203,1.3269531726837158,0
2,generation,1626104100000,0.17799613182926427,1626104100000,6204,-1.5299832820892334,0
2,generation,1626104130000,0.18040669805008486,1626104130000,6205,-1.5135945081710815,0
2,generation,1626104160000,0.17691298229874777,1626104160000,6206,-1.53740394115448,0
2,generation,1626104190000,0.18045870147929846,1626104190000,6207,-1.5132428407669067,0
2,generation,1626104220000,0.18068246707515076,1626104220000,6208,-1.5117305517196655,0
2,generation,1626104250000,0.1803276752224384,1626104250000,6209,-1.5141290426254272,0
2,generation,1626104280000,0.1809088512523625,1626104280000,6210,-1.5102020502090454,0
2,generation,1626104310000,0.17955282205885442,1626104310000,6211,-1.5193800926208496,0
2,generation,1626104340000,0.18835322712515323,1626104340000,6212,-1.460746169090271,0
2,generation,1626104370000,0.998130256822842,1626104370000,6213,6.280082702636719,1
2,generation,1626104400000,0.8221734973342765,1626104400000,6214,1.531143069267273,0
2,generation,1626104430000,0.18405388216239169,1626104430000,6215,-1.4891197681427002,0
2,generation,1626104460000,0.180950737636398,1626104460000,6216,-1.5099194049835205,0
2,generation,1626104490000,0.18205569663210985,1626104490000,6217,-1.5024815797805786,0
2,generation,1626104520000,0.18092337195210975,1626104520000,6218,-1.5101040601730347,0
2,generation,1626104550000,0.18129600913567478,1626104550000,6219,-1.5075914859771729,0
2,generation,1626104580000,0.9977986492456654,1626104580000,6220,6.116480350494385,1
2,generation,1626104610000,0.8162348725911573,1626104610000,6221,1.4910436868667603,0
2,generation,1626104640000,0.9899975742951606,1626104640000,6222,4.594874858856201,1
2,generation,1626104670000,0.7980930710968684,1626104670000,6223,1.3744183778762817,0
2,generation,1626104700000,0.18382855929172148,1626104700000,6224,-1.4906208515167236,0
2,generation,1626104730000,0.17965657918226485,1626104730000,6225,-1.5186759233474731,0
2,generation,1626104760000,0.9981550932230178,1626104760000,6226,6.293479919433594,1
2,generation,1626104790000,0.790731734853909,1626104790000,6227,1.3293417692184448,0
2,generation,1626104820000,0.18053554691706067,1626104820000,6228,-1.5127233266830444,0
2,generation,1626104850000,0.18043172875020919,1626104850000,6229,-1.5134252309799194,0
2,generation,1626104880000,0.1823959047900034,1626104880000,6230,-1.5001986026763916,0
2,generation,1626104910000,0.18085284377606647,1626104910000,6231,-1.510580062866211,0
2,generation,1626104940000,0.9975946275440415,1626104940000,6232,6.027642250061035,1
2,generation,1626104970000,0.8260063547201338,1626104970000,6233,1.5575836896896362,0
2,generation,1626105000000,0.18295034184968245,1626105000000,6234,-1.4964851140975952,0
2,generation,1626105030000,0.18179686136959283,1626105030000,6235,-1.504220724105835,0
2,generation,1626105060000,0.9981951368615434,1626105060000,6236,6.315464019775391,1
2,generation,1626105090000,0.79980574274,1626105090000,6237,1.3850806951522827,0
2,generation,1626105120000,0.17947551331873327,1626105120000,6238,-1.5199049711227417,0
2,generation,1626105150000,0.18569864766763672,1626105150000,6239,-1.4782053232192993,0
2,generation,1626105180000,0.18292642949932872,1626105180000,6240,-1.4966450929641724,0
2,generation,1626105210000,0.18936222219472287,1626105210000,6241,-1.4541596174240112,0
2,generation,1626105240000,0.1814989057270635,1626105240000,6242,-1.5062251091003418,0
2,generation,1626105270000,0.1798406888782668,1626105270000,6243,-1.5174272060394287,0
2,generation,1626105300000,0.18017390136741082,1626105300000,6244,-1.5151697397232056,0
2,generation,1626105330000,0.18036073322711035,1626105330000,6245,-1.51390540599823,0
2,generation,1626105360000,0.18247211109044092,1626105360000,6246,-1.499687671661377,0
2,generation,1626105390000,0.17911019871121775,1626105390000,6247,-1.5223876237869263,0
2,generation,1626105420000,0.1792064087843724,1626105420000,6248,-1.5217334032058716,0
2,generation,1626105450000,0.1819174523040302,1626105450000,6249,-1.5034102201461792,0
2,generation,1626105480000,0.18079995729042728,1626105480000,6250,-1.5109370946884155,0
2,generation,1626105510000,0.9978876282078143,1626105510000,6251,6.157829284667969,1
2,generation,1626105540000,0.828706628171716,1626105540000,6252,1.5764884948730469,0
2,generation,1626105570000,0.18120679554788952,1626105570000,6253,-1.5081926584243774,0
2,generation,1626105600000,0.1813142346364727,1626105600000,6254,-1.5074687004089355,0
2,generation,1626105630000,0.16896865660340443,1626105630000,6255,-1.5929542779922485,0
2,generation,1626105660000,0.9984371387633755,1626105660000,6256,6.459672927856445,1
2,generation,1626105690000,0.907060324330891,1626105690000,6257,2.2782583236694336,0
2,generation,1626105720000,0.32888144011142034,1626105720000,6258,-0.7132484912872314,0
2,generation,1626105750000,0.2763331183862678,1626105750000,6259,-0.9627240896224976,0
2,generation,1626105780000,0.2577725802281532,1626105780000,6260,-1.0575779676437378,0
2,generation,1626105810000,0.998101212005026,1626105810000,6261,6.264638900756836,1
2,generation,1626105840000,0.8685901053863955,1626105840000,6262,1.8885499238967896,0
2,generation,1626105870000,0.22703129269161101,1626105870000,6263,-1.22515070438385,0
2,generation,1626105900000,0.2512302571909744,1626105900000,6264,-1.0920616388320923,0
2,generation,1626105930000,0.3077105330264633,1626105930000,6265,-0.8108446598052979,0
2,generation,1626105960000,0.33010056941713184,1626105960000,6266,-0.707730233669281,0
2,generation,1626105990000,0.9984765219650025,1626105990000,6267,6.48523473739624,1
2,generation,1626106020000,0.8657095633891375,1626106020000,6268,1.8635445833206177,0
2,generation,1626106050000,0.6624397447729796,1626106050000,6269,0.674185574054718,0
2,generation,1626106080000,0.3699865292297394,1626106080000,6270,-0.532274603843689,0
2,generation,1626106110000,0.9982432035363841,1626106110000,6271,6.342504978179932,1
2,generation,1626106140000,0.8945039354842429,1626106140000,6272,2.1375956535339355,0
2,generation,1626106170000,0.2331638709704442,1626106170000,6273,-1.190531611442566,0
2,generation,1626106200000,0.3518077389189032,1626106200000,6274,-0.6111025214195251,0
2,generation,1626106230000,0.9976457347155835,1626106230000,6275,6.049169540405273,1
2,generation,1626106260000,0.8849752571335554,1626106260000,6276,2.040412425994873,0
2,generation,1626106290000,0.38601471459058156,1626106290000,6277,-0.46409547328948975,0
2,generation,1626106320000,0.9978136540052314,1626106320000,6278,6.123334884643555,1
2,generation,1626106350000,0.8828672254273527,1626106350000,6279,2.019866704940796,0
2,generation,1626106380000,0.24312978542096397,1626106380000,6280,-1.1355963945388794,0
2,generation,1626106410000,0.2228876085047235,1626106410000,6281,-1.2489173412322998,0
2,generation,1626106440000,0.21078004865421404,1626106440000,6282,-1.3202298879623413,0
2,generation,1626106470000,0.3029510413187137,1626106470000,6283,-0.8332844376564026,0
2,generation,1626106500000,0.2838324444431965,1626106500000,6284,-0.9255300760269165,0
2,generation,1626106530000,0.2226948767665034,1626106530000,6285,-1.2500303983688354,0
2,generation,1626106560000,0.23286072508760242,1626106560000,6286,-1.192227840423584,0
2,generation,1626106590000,0.22454388227619368,1626106590000,6287,-1.2393802404403687,0
2,generation,1626106620000,0.204832327734668,1626106620000,6288,-1.3563612699508667,0
2,generation,1626106650000,0.1994828473726548,1626106650000,6289,-1.3895297050476074,0
2,generation,1626106680000,0.9983456279281114,1626106680000,6290,6.4026780128479,1
2,generation,1626106710000,0.9207114582842042,1626106710000,6291,2.4520530700683594,0
2,generation,1626106740000,0.37624996843986713,1626106740000,6292,-0.5054959654808044,0
2,generation,1626106770000,0.2872122155719325,1626106770000,6293,-0.9089623689651489,0
2,generation,1626106800000,0.2472506603243155,1626106800000,6294,-1.1133296489715576,0
2,generation,1626106830000,0.4733400682357563,1626106830000,6295,-0.10674095898866653,0
2,generation,1626106860000,0.9983309795094057,1626106860000,6296,6.393847942352295,1
2,generation,1626106890000,0.902694554607224,1626106890000,6297,2.227529287338257,0
2,generation,1626106920000,0.27378904509837876,1626106920000,6298,-0.9754826426506042,0
2,generation,1626106950000,0.2251372219337547,1626106950000,6299,-1.2359758615493774,0
2,generation,1626106980000,0.9983639555372191,1626106980000,6300,6.413836479187012,1
2,generation,1626107010000,0.8533045891508374,1626107010000,6301,1.7607581615447998,0
2,generation,1626107040000,0.9984510353801543,1626107040000,6302,6.468618392944336,1
2,generation,1626107070000,0.906018509756518,1626107070000,6303,2.2659618854522705,0
2,generation,1626107100000,0.31900714094659544,1626107100000,6304,-0.7583383321762085,0
2,generation,1626107130000,0.39863980351123474,1626107130000,6305,-0.41113582253456116,0
2,generation,1626107160000,0.3368618027067763,1626107160000,6306,-0.6773106455802917,0
2,generation,1626107190000,0.5335745190450136,1626107190000,6307,0.13450047373771667,0
2,generation,1626107220000,0.3134922786181543,1626107220000,6308,-0.7838427424430847,0
2,generation,1626107250000,0.2409950006819845,1626107250000,6309,-1.147232174873352,0
2,generation,1626107280000,0.3467299753928873,1626107280000,6310,-0.6334442496299744,0
2,generation,1626107310000,0.9979154715095367,1626107310000,6311,6.171125888824463,1
2,generation,1626107340000,0.8775006110699181,1626107340000,6312,1.968971610069275,0
2,generation,1626107370000,0.22980023715137382,1626107370000,6313,-1.2094395160675049,0
2,generation,1626107400000,0.2348770910209943,1626107400000,6314,-1.1809741258621216,0
2,generation,1626107430000,0.2215775813810442,1626107430000,6315,-1.256496548652649,0
2,generation,1626107460000,0.2236151214160263,1626107460000,6316,-1.2447220087051392,0
2,generation,1626107490000,0.3377730492380709,1626107490000,6317,-0.6732341051101685,0
2,generation,1626107520000,0.9978275015836303,1626107520000,6318,6.129702568054199,1
2,generation,1626107550000,0.8587634843713075,1626107550000,6319,1.8050576448440552,0
2,generation,1626107580000,0.21178399795266978,1626107580000,6320,-1.314205288887024,0
2,generation,1626107610000,0.2839075692145487,1626107610000,6321,-0.9251605272293091,0
2,generation,1626107640000,0.4079195946595868,1626107640000,6322,-0.3725723624229431,0
2,generation,1626107670000,0.40049013876788525,1626107670000,6323,-0.4034232795238495,0
2,generation,1626107700000,0.3968062900505748,1626107700000,6324,-0.41879016160964966,0
2,generation,1626107730000,0.30167043408020944,1626107730000,6325,-0.839356005191803,0
2,generation,1626107760000,0.22220362676863156,1626107760000,6326,-1.2528705596923828,0
2,generation,1626107790000,0.3637142683317917,1626107790000,6327,-0.5592791438102722,0
2,generation,1626107820000,0.25959972127995146,1626107820000,6328,-1.048050045967102,0
2,generation,1626107850000,0.36306737997865896,1626107850000,6329,-0.5620754361152649,0
2,generation,1626107880000,0.9982955234447677,1626107880000,6330,6.372791290283203,1
2,generation,1626107910000,0.9051513580280378,1626107910000,6331,2.255819797515869,0
2,generation,1626107940000,0.30230974998281257,1626107940000,6332,-0.836323082447052,0
2,generation,1626107970000,0.23250715732932664,1626107970000,6333,-1.1942081451416016,0
2,generation,1626108000000,0.22965173316331286,1626108000000,6334,-1.2102787494659424,0
2,generation,1626108030000,0.38436956657523064,1626108030000,6335,-0.47104233503341675,0
2,generation,1626108060000,0.3477416572006961,1626108060000,6336,-0.6289808750152588,0
2,generation,1626108090000,0.28274720484688387,1626108090000,6337,-0.9308751225471497,0
2,generation,1626108120000,0.3467139634435544,1626108120000,6338,-0.633514940738678,0
2,generation,1626108150000,0.4041705079139811,1626108150000,6339,-0.3881177008152008,0
2,generation,1626108180000,0.34348957998860097,1626108180000,6340,-0.6477817893028259,0
2,generation,1626108210000,0.3452187468896009,1626108210000,6341,-0.6401229500770569,0
2,generation,1626108240000,0.9983572835992723,1626108240000,6342,6.409759998321533,1
2,generation,1626108270000,0.884586153945702,1626108270000,6343,2.036595582962036,0
2,generation,1626108300000,0.6715717376864625,1626108300000,6344,0.7153024077415466,0
2,generation,1626108330000,0.35270183451644194,1626108330000,6345,-0.6071839928627014,0
2,generation,1626108360000,0.896239445435572,1626108360000,6346,2.1561217308044434,0
2,generation,1626108390000,0.3869622156194484,1626108390000,6347,-0.4600995182991028,0
2,generation,1626108420000,0.9983771349231523,1626108420000,6348,6.421937942504883,1
2,generation,1626108450000,0.8680213921908402,1626108450000,6349,1.883576512336731,0
2,generation,1626108480000,0.9982340909967494,1626108480000,6350,6.337322235107422,1
2,generation,1626108510000,0.9828509202197877,1626108510000,6351,4.048512935638428,1
2,generation,1626108540000,0.9061821305930363,1626108540000,6352,2.2678849697113037,0
2,generation,1626108570000,0.3091739002728982,1626108570000,6353,-0.8039842247962952,0
2,generation,1626108600000,0.31700162602429155,1626108600000,6354,-0.7675855755805969,0
2,generation,1626108630000,0.3930609939618645,1626108630000,6355,-0.4344635009765625,0
2,generation,1626108660000,0.2935041769335684,1626108660000,6356,-0.8784254193305969,0
2,generation,1626108690000,0.1806617147749898,1626108690000,6357,-1.5118707418441772,0
2,generation,1626108720000,0.22395190301095713,1626108720000,6358,-1.2427831888198853,0
2,generation,1626108750000,0.2408634082080639,1626108750000,6359,-1.1479517221450806,0
2,generation,1626108780000,0.22667618701620265,1626108780000,6360,-1.2271753549575806,0
2,generation,1626108810000,0.5348905747785307,1626108810000,6361,0.13978949189186096,0
2,generation,1626108840000,0.338662606768674,1626108840000,6362,-0.669259786605835,0
2,generation,1626108870000,0.9983829952188915,1626108870000,6363,6.425561428070068,1
2,generation,1626108900000,0.8816210244614618,1626108900000,6364,2.007871150970459,0
2,generation,1626108930000,0.9983203916839909,1626108930000,6365,6.387513637542725,1
2,generation,1626108960000,0.8899638218923872,1626108960000,6366,2.090371608734131,0
2,generation,1626108990000,0.24554773182377887,1626108990000,6367,-1.1225006580352783,0
2,generation,1626109020000,0.2189876801607037,1626109020000,6368,-1.2715754508972168,0
2,generation,1626109050000,0.396745552295278,1626109050000,6369,-0.4190439283847809,0
2,generation,1626109080000,0.31336010322456415,1626109080000,6370,-0.7844569683074951,0
2,generation,1626109110000,0.27401199725903014,1626109110000,6371,-0.9743615984916687,0
2,generation,1626109140000,0.24067632881457662,1626109140000,6372,-1.148975133895874,0
2,generation,1626109170000,0.19547649176624596,1626109170000,6373,-1.414810061454773,0
2,generation,1626109200000,0.9985535220210479,1626109200000,6374,6.537176132202148,1
2,generation,1626109230000,0.8773900328781495,1626109230000,6375,1.9679433107376099,0
2,generation,1626109260000,0.5918307154918282,1626109260000,6376,0.3715386390686035,0
2,generation,1626109290000,0.3485123346044429,1626109290000,6377,-0.6255848407745361,0
2,generation,1626109320000,0.3461582563520972,1626109320000,6378,-0.6359692811965942,0
2,generation,1626109350000,0.3850096043954279,1626109350000,6379,-0.46833837032318115,0
2,generation,1626109380000,0.30441986284757017,1626109380000,6380,-0.8263383507728577,0
2,generation,1626109410000,0.5072923025587825,1626109410000,6381,0.029171278700232506,0
2,generation,1626109440000,0.2775802304818413,1626109440000,6382,-0.9564963579177856,0
2,generation,1626109470000,0.1934857016033367,1626109470000,6383,-1.4275180101394653,0
2,generation,1626109500000,0.9984547234506634,1626109500000,6384,6.471005916595459,1
2,generation,1626109530000,0.9348396675863834,1626109530000,6385,2.6635241508483887,0
2,generation,1626109560000,0.9029046096619482,1626109560000,6386,2.2299230098724365,0
2,generation,1626109590000,0.30889758543895063,1626109590000,6387,-0.8052782416343689,0
2,generation,1626109620000,0.3790266447962077,1626109620000,6388,-0.4936816692352295,0
2,generation,1626109650000,0.39343883510857536,1626109650000,6389,-0.4328799545764923,0
2,generation,1626109680000,0.3778249332487902,1626109680000,6390,-0.49879056215286255,0
2,generation,1626109710000,0.3653820702709828,1626109710000,6391,-0.5520795583724976,0
2,generation,1626109740000,0.2568906085122202,1626109740000,6392,-1.0621929168701172,0
2,generation,1626109770000,0.2577312774227722,1626109770000,6393,-1.0577938556671143,0
2,generation,1626109800000,0.2754227200219441,1626109800000,6394,-0.9672813415527344,0
2,generation,1626109830000,0.19920739939568496,1626109830000,6395,-1.391255497932434,0
2,generation,1626109860000,0.7208153065601062,1626109860000,6396,0.9485093951225281,0
2,generation,1626109890000,0.30831531591062894,1626109890000,6397,-0.8080071806907654,0
2,generation,1626109920000,0.25898669810553,1626109920000,6398,-1.0512418746948242,0
2,generation,1626109950000,0.23399614377086717,1626109950000,6399,-1.185882568359375,0
2,generation,1626109980000,0.41923903842269133,1626109980000,6400,-0.3258979916572571,0
2,generation,1626110010000,0.3842951271924711,1626110010000,6401,-0.47135692834854126,0
2,generation,1626110040000,0.3598673169752607,1626110040000,6402,-0.5759400725364685,0
2,generation,1626110070000,0.302610575561152,1626110070000,6403,-0.8348972201347351,0
2,generation,1626110100000,0.19029843438990116,1626110100000,6404,-1.4480721950531006,0
2,generation,1626110130000,0.5825638456531794,1626110130000,6405,0.3333071768283844,0
2,generation,1626110160000,0.36108336580246986,1626110160000,6406,-0.5706651210784912,0
2,generation,1626110190000,0.3057806159050155,1626110190000,6407,-0.8199201226234436,0
2,generation,1626110220000,0.32034834843978927,1626110220000,6408,-0.7521713972091675,0
2,generation,1626110250000,0.9982449136400638,1626110250000,6409,6.343480587005615,1
2,generation,1626110280000,0.899210524075897,1626110280000,6410,2.188483238220215,0
2,generation,1626110310000,0.23831206005501673,1626110310000,6411,-1.1619559526443481,0
2,generation,1626110340000,0.21360336400819305,1626110340000,6412,-1.3033404350280762,0
2,generation,1626110370000,0.3934696810009072,1626110370000,6413,-0.4327507019042969,0
2,generation,1626110400000,0.30085473001780993,1626110400000,6414,-0.8432310223579407,0
2,generation,1626110430000,0.20654543625780564,1626110430000,6415,-1.345875859260559,0
2,generation,1626110460000,0.1939264779123174,1626110460000,6416,-1.4246958494186401,0
2,generation,1626110490000,0.9985084060741929,1626110490000,6417,6.506417274475098,1
2,generation,1626110520000,0.8806391707236688,1626110520000,6418,1.9984968900680542,0
2,generation,1626110550000,0.21078228953003833,1626110550000,6419,-1.320216417312622,0
2,generation,1626110580000,0.2243662714230889,1626110580000,6420,-1.2404005527496338,0
2,generation,1626110610000,0.19512663825295135,1626110610000,6421,-1.4170361757278442,0
2,generation,1626110640000,0.19713152496172515,1626110640000,6422,-1.4043197631835938,0
2,generation,1626110670000,0.2134852637748777,1626110670000,6423,-1.3040436506271362,0
2,generation,1626110700000,0.2246581504961668,1626110700000,6424,-1.2387241125106812,0
2,generation,1626110730000,0.9985029076584137,1626110730000,6425,6.502732276916504,1
2,generation,1626110760000,0.8580982048427448,1626110760000,6426,1.7995833158493042,0
2,generation,1626110790000,0.9984207104965,1626110790000,6427,6.449199676513672,1
2,generation,1626110820000,0.9009796299942908,1626110820000,6428,2.2081570625305176,0
2,generation,1626110850000,0.3355278820381605,1626110850000,6429,-0.6832878589630127,0
2,generation,1626110880000,0.25213969047540113,1626110880000,6430,-1.0872329473495483,0
2,generation,1626110910000,0.22110363573713146,1626110910000,6431,-1.2592464685440063,0
2,generation,1626110940000,0.44937451230345216,1626110940000,6432,-0.20319823920726776,0
2,generation,1626110970000,0.29485649831221533,1626110970000,6433,-0.8719125390052795,0
2,generation,1626111000000,0.23131397056082248,1626111000000,6434,-1.2009066343307495,0
2,generation,1626111030000,0.21612390296478612,1626111030000,6435,-1.28839910030365,0
2,generation,1626111060000,0.21728644578238912,1626111060000,6436,-1.2815502882003784,0
2,generation,1626111090000,0.2462061643439944,1626111090000,6437,-1.1189496517181396,0
2,generation,1626111120000,0.21900713151843243,1626111120000,6438,-1.2714617252349854,0
2,generation,1626111150000,0.24139703617175662,1626111150000,6439,-1.1450355052947998,0
2,generation,1626111180000,0.2232121583157478,1626111180000,6440,-1.247044563293457,0
2,generation,1626111210000,0.2292934286310411,1626111210000,6441,-1.2123051881790161,0
2,generation,1626111240000,0.30972820088014935,1626111240000,6442,-0.8013902902603149,0
2,generation,1626111270000,0.23110338835367167,1626111270000,6443,-1.2020913362503052,0
2,generation,1626111300000,0.1723624986894961,1626111300000,6444,-1.5689754486083984,0
2,generation,1626111330000,0.9982784730765163,1626111330000,6445,6.362820625305176,1
2,generation,1626111360000,0.8828199278866918,1626111360000,6446,2.019409418106079,0
2,generation,1626111390000,0.20145983441980253,1626111390000,6447,-1.3771952390670776,0
2,generation,1626111420000,0.9984739193889388,1626111420000,6448,6.483525276184082,1
2,generation,1626111450000,0.8956024862323982,1626111450000,6449,2.1492908000946045,0
2,generation,1626111480000,0.3557601803952372,1626111480000,6450,-0.5938141942024231,0
2,generation,1626111510000,0.29779084115202564,1626111510000,6451,-0.8578399419784546,0
2,generation,1626111540000,0.3927251864937702,1626111540000,6452,-0.43587133288383484,0
2,generation,1626111570000,0.9983357255945896,1626111570000,6453,6.396700382232666,1
2,generation,1626111600000,0.9908895101954242,1626111600000,6454,4.689176559448242,1
2,generation,1626111630000,0.9597642486926687,1626111630000,6455,3.171931743621826,0
2,generation,1626111660000,0.8731707662119425,1626111660000,6456,1.9292895793914795,0
2,generation,1626111690000,0.26139932256353243,1626111690000,6457,-1.038708209991455,0
2,generation,1626111720000,0.9976578171467294,1626111720000,6458,6.054327011108398,1
2,generation,1626111750000,0.8109895290226659,1626111750000,6459,1.45645272731781,0
2,generation,1626111780000,0.24708713433419596,1626111780000,6460,-1.114208459854126,0
2,generation,1626111810000,0.99834920510143,1626111810000,6461,6.40484619140625,1
2,generation,1626111840000,0.9044725774403267,1626111840000,6462,2.247938632965088,0
2,generation,1626111870000,0.2922565615162159,1626111870000,6463,-0.8844496011734009,0
2,generation,1626111900000,0.9980762093094308,1626111900000,6464,6.251532077789307,1
2,generation,1626111930000,0.909108683190855,1626111930000,6465,2.302800178527832,0
2,generation,1626111960000,0.30366570535664555,1626111960000,6466,-0.8299024105072021,0
2,generation,1626111990000,0.998487325257332,1626111990000,6467,6.492362022399902,1
2,generation,1626112020000,0.8776433280977782,1626112020000,6468,1.9702999591827393,0
2,generation,1626112050000,0.2546536603283432,1626112050000,6469,-1.0739445686340332,0
2,generation,1626112080000,0.26694936214339754,1626112080000,6470,-1.0101557970046997,0
2,generation,1626112110000,0.23018195215915996,1626112110000,6471,-1.2072840929031372,0
2,generation,1626112140000,0.21724320383692955,1626112140000,6472,-1.2818045616149902,0
2,generation,1626112170000,0.9984154122049459,1626112170000,6473,6.445845127105713,1
2,generation,1626112200000,0.8708616462994115,1626112200000,6474,1.908598780632019,0
2,generation,1626112230000,0.8346018978686813,1626112230000,6475,1.618599534034729,0
2,generation,1626112260000,0.9955486227974868,1626112260000,6476,5.410080432891846,1
2,generation,1626112290000,0.8607400097056092,1626112290000,6477,1.821449875831604,0
2,generation,1626112320000,0.22833244933461855,1626112320000,6478,-1.217751145362854,0
2,generation,1626112350000,0.2575652203681577,1626112350000,6479,-1.0586620569229126,0
2,generation,1626112380000,0.2531727952628269,1626112380000,6480,-1.0817615985870361,0
2,generation,1626112410000,0.24022145536912703,1626112410000,6481,-1.1514657735824585,0
2,generation,1626112440000,0.3520381609638947,1626112440000,6482,-0.6100922226905823,0
2,generation,1626112470000,0.2625525972807912,1626112470000,6483,-1.0327433347702026,0
2,generation,1626112500000,0.998459984355508,1626112500000,6484,6.474421501159668,1
2,generation,1626112530000,0.993917896150639,1626112530000,6485,5.096303939819336,1
2,generation,1626112560000,0.8886573950604855,1626112560000,6486,2.0770998001098633,0
2,generation,1626112590000,0.9984785566483371,1626112590000,6487,6.486573219299316,1
2,generation,1626112620000,0.9618021099347249,1626112620000,6488,3.2260284423828125,0
2,generation,1626112650000,0.863978029801643,1626112650000,6489,1.8487309217453003,0
2,generation,1626112680000,0.5748365191661976,1626112680000,6490,0.30161193013191223,0
2,generation,1626112710000,0.9969440607536415,1626112710000,6491,5.787607669830322,1
2,generation,1626112740000,0.8598977346738584,1626112740000,6492,1.8144408464431763,0
2,generation,1626112770000,0.4020854117367306,1626112770000,6493,-0.39678338170051575,0
2,generation,1626112800000,0.9978857004970546,1626112800000,6494,6.156915187835693,1
2,generation,1626112830000,0.8725505937196193,1626112830000,6495,1.9237011671066284,0
2,generation,1626112860000,0.21606536118385694,1626112860000,6496,-1.2887446880340576,0
2,generation,1626112890000,0.17987972674233296,1626112890000,6497,-1.517162561416626,0
2,generation,1626112920000,0.21887393297066837,1626112920000,6498,-1.2722406387329102,0
2,generation,1626112950000,0.22172506178786316,1626112950000,6499,-1.2556416988372803,0
2,generation,1626112980000,0.23339623625407413,1626112980000,6500,-1.1892324686050415,0
2,generation,1626113010000,0.21586353167642897,1626113010000,6501,-1.2899366617202759,0
2,generation,1626113040000,0.5488569576730354,1626113040000,6502,0.1960534006357193,0
2,generation,1626113070000,0.3121408548392875,1626113070000,6503,-0.790129542350769,0
2,generation,1626113100000,0.35741592554134316,1626113100000,6504,-0.5865975022315979,0
2,generation,1626113130000,0.33090405424289954,1626113130000,6505,-0.7040989995002747,0
2,generation,1626113160000,0.2607207913661202,1626113160000,6506,-1.0422255992889404,0
2,generation,1626113190000,0.23827696369519358,1626113190000,6507,-1.1621493101119995,0
2,generation,1626113220000,0.22712490154707968,1626113220000,6508,-1.2246173620224,0
2,generation,1626113250000,0.9984161845154504,1626113250000,6509,6.446333408355713,1
2,generation,1626113280000,0.9070839783134806,1626113280000,6510,2.278538942337036,0
2,generation,1626113310000,0.30607092297278937,1626113310000,6511,-0.8185529112815857,0
2,generation,1626113340000,0.5686593076047011,1626113340000,6512,0.27638325095176697,0
2,generation,1626113370000,0.3719315671644208,1626113370000,6513,-0.5239392518997192,0
2,generation,1626113400000,0.39215123128612095,1626113400000,6514,-0.43827855587005615,0
2,generation,1626113430000,0.2717307119898654,1626113430000,6515,-0.9858593344688416,0
2,generation,1626113460000,0.22162434137968318,1626113460000,6516,-1.2562254667282104,0
2,generation,1626113490000,0.2076113451823271,1626113490000,6517,-1.3393841981887817,0
2,generation,1626113520000,0.17636754120199372,1626113520000,6518,-1.5411542654037476,0
2,generation,1626113550000,0.3198943732716515,1626113550000,6519,-0.7542572617530823,0
2,generation,1626113580000,0.9981215655759968,1626113580000,6520,6.2754364013671875,1
2,generation,1626113610000,0.8686193570436653,1626113610000,6521,1.8888062238693237,0
2,generation,1626113640000,0.5559746718405675,1626113640000,6522,0.2248411327600479,0
2,generation,1626113670000,0.9975755355508977,1626113670000,6523,6.019717216491699,1
2,generation,1626113700000,0.9967403867686083,1626113700000,6524,5.72288179397583,1
2,generation,1626113730000,0.8770415602848531,1626113730000,6525,1.9647079706192017,0
2,generation,1626113760000,0.9982633484684218,1626113760000,6526,6.354058265686035,1
2,generation,1626113790000,0.8934120937769988,1626113790000,6527,2.126077890396118,0
2,generation,1626113820000,0.9977947411739837,1626113820000,6528,6.1147027015686035,1
2,generation,1626113850000,0.8861897197707668,1626113850000,6529,2.052398204803467,0
2,generation,1626113880000,0.3585587156372756,1626113880000,6530,-0.58162522315979,0
2,generation,1626113910000,0.26934006509532643,1626113910000,6531,-0.9979733824729919,0
2,generation,1626113940000,0.2577747925930725,1626113940000,6532,-1.0575664043426514,0
2,generation,1626113970000,0.44245362227886,1626113970000,6533,-0.23121003806591034,0
2,generation,1626114000000,0.34978427002527285,1626114000000,6534,-0.6199876070022583,0
2,generation,1626114030000,0.225840387932715,1626114030000,6535,-1.2319495677947998,0
2,generation,1626114060000,0.24674946559087102,1626114060000,6536,-1.116024374961853,0
2,generation,1626114090000,0.2620081539040876,1626114090000,6537,-1.0355571508407593,0
2,generation,1626114120000,0.19654211525394982,1626114120000,6538,-1.4080480337142944,0
2,generation,1626114150000,0.3095871250820832,1626114150000,6539,-0.8020502328872681,0
2,generation,1626114180000,0.23566745083977114,1626114180000,6540,-1.1765812635421753,0
2,generation,1626114210000,0.23154511257499183,1626114210000,6541,-1.1996071338653564,0
2,generation,1626114240000,0.9984278207354985,1626114240000,6542,6.453719139099121,1
2,generation,1626114270000,0.8725918166573499,1626114270000,6543,1.9240719079971313,0
2,generation,1626114300000,0.3589227776044312,1626114300000,6544,-0.5800426602363586,0
2,generation,1626114330000,0.25634996135625576,1626114330000,6545,-1.0650269985198975,0
2,generation,1626114360000,0.9981892564185663,1626114360000,6546,6.3122053146362305,1
2,generation,1626114390000,0.8894394572161909,1626114390000,6547,2.0850281715393066,0
2,generation,1626114420000,0.9982044064653002,1626114420000,6548,6.320622444152832,1
2,generation,1626114450000,0.8874663971950587,1626114450000,6549,2.0651187896728516,0
2,generation,1626114480000,0.26565192545127236,1626114480000,6550,-1.0167962312698364,0
2,generation,1626114510000,0.9985452453330931,1626114510000,6551,6.5314621925354,1
2,generation,1626114540000,0.8730828699192863,1626114540000,6552,1.9284961223602295,0
2,generation,1626114570000,0.21439517418338455,1626114570000,6553,-1.2986329793930054,0
2,generation,1626114600000,0.5319655127904949,1626114600000,6554,0.12803667783737183,0
2,generation,1626114630000,0.3156321800644491,1626114630000,6555,-0.7739179730415344,0
2,generation,1626114660000,0.25591278702990444,1626114660000,6556,-1.067321538925171,0
2,generation,1626114690000,0.27770089502312917,1626114690000,6557,-0.9558947086334229,0
2,generation,1626114720000,0.22157363363039587,1626114720000,6558,-1.2565194368362427,0
2,generation,1626114750000,0.24094188688038481,1626114750000,6559,-1.1475225687026978,0
2,generation,1626114780000,0.3512124415691271,1626114780000,6560,-0.6137140393257141,0
2,generation,1626114810000,0.29960843020285777,1626114810000,6561,-0.8491631746292114,0
2,generation,1626114840000,0.19704431582525553,1626114840000,6562,-1.404870867729187,0
2,generation,1626114870000,0.20011700273939756,1626114870000,6563,-1.3855632543563843,0
2,generation,1626114900000,0.9981954280636685,1626114900000,6564,6.3156256675720215,1
2,generation,1626114930000,0.8752533469089785,1626114930000,6565,1.9482284784317017,0
2,generation,1626114960000,0.9977372609272902,1626114960000,6566,6.088913917541504,1
2,generation,1626114990000,0.8531472251763024,1626114990000,6567,1.759501576423645,0
2,generation,1626115020000,0.7204399524629014,1626115020000,6568,0.9466449618339539,0
2,generation,1626115050000,0.3308901053110934,1626115050000,6569,-0.7041620016098022,0
2,generation,1626115080000,0.2633431296062858,1626115080000,6570,-1.0286643505096436,0
2,generation,1626115110000,0.3194114288973954,1626115110000,6571,-0.756477952003479,0
2,generation,1626115140000,0.23446323585027407,1626115140000,6572,-1.1832784414291382,0
2,generation,1626115170000,0.19686670529080116,1626115170000,6573,-1.4059938192367554,0
2,generation,1626115200000,0.2187831695919475,1626115200000,6574,-1.2727715969085693,0
2,generation,1626115230000,0.33332171672829664,1626115230000,6575,-0.6931994557380676,0
2,generation,1626115260000,0.2763724538962516,1626115260000,6576,-0.9625273942947388,0
2,generation,1626115290000,0.25479960640495314,1626115290000,6577,-1.0731757879257202,0
2,generation,1626115320000,0.5375646551154687,1626115320000,6578,0.15054228901863098,0
2,generation,1626115350000,0.3300272365553152,1626115350000,6579,-0.7080618739128113,0
2,generation,1626115380000,0.9983259896257105,1626115380000,6580,6.390857696533203,1
2,generation,1626115410000,0.8685718305000392,1626115410000,6581,1.8883898258209229,0
2,generation,1626115440000,0.9982861932254126,1626115440000,6582,6.36732292175293,1
2,generation,1626115470000,0.8801314923667636,1626115470000,6583,1.993675947189331,0
2,generation,1626115500000,0.3116549174029761,1626115500000,6584,-0.7923937439918518,0
2,generation,1626115530000,0.33042135935943356,1626115530000,6585,-0.7062799334526062,0
2,generation,1626115560000,0.5774687508982548,1626115560000,6586,0.31239092350006104,0
2,generation,1626115590000,0.344088845505739,1626115590000,6587,-0.6451254487037659,0
2,generation,1626115620000,0.2593651615949942,1626115620000,6588,-1.049270749092102,0
2,generation,1626115650000,0.2775069198926749,1626115650000,6589,-0.9568619728088379,0
2,generation,1626115680000,0.25068868097171776,1626115680000,6590,-1.0949426889419556,0
2,generation,1626115710000,0.2603304398444075,1626115710000,6591,-1.044251799583435,0
2,generation,1626115740000,0.9983530105693766,1626115740000,6592,6.407157897949219,1
2,generation,1626115770000,0.8958256615231409,1626115770000,6593,2.1516799926757812,0
2,generation,1626115800000,0.2804961136412112,1626115800000,6594,-0.9420020580291748,0
2,generation,1626115830000,0.2171402226356317,1626115830000,6595,-1.2824102640151978,0
2,generation,1626115860000,0.33803877735450927,1626115860000,6596,-0.6720463633537292,0
2,generation,1626115890000,0.3087942347702127,1626115890000,6597,-0.8057624101638794,0
2,generation,1626115920000,0.39988231329146195,1626115920000,6598,-0.4059554934501648,0
2,generation,1626115950000,0.36104468536324186,1626115950000,6599,-0.5708327889442444,0
2,generation,1626115980000,0.9983597380961744,1626115980000,6600,6.411257743835449,1
2,generation,1626116010000,0.897446724419572,1626116010000,6601,2.1691713333129883,0
2,generation,1626116040000,0.9981921293274485,1626116040000,6602,6.313796043395996,1
2,generation,1626116070000,0.8853115691308591,1626116070000,6603,2.0437204837799072,0
2,generation,1626116100000,0.2673517719296831,1626116100000,6604,-1.0081003904342651,0
2,generation,1626116130000,0.2079122600326531,1626116130000,6605,-1.337556004524231,0
2,generation,1626116160000,0.19980310024176434,1626116160000,6606,-1.3875254392623901,0
2,generation,1626116190000,0.392808711260266,1626116190000,6607,-0.43552112579345703,0
2,generation,1626116220000,0.9984885138549439,1626116220000,6608,6.493149280548096,1
2,generation,1626116250000,0.9694760833756875,1626116250000,6609,3.458245277404785,0
2,generation,1626116280000,0.9051813201163891,1626116280000,6610,2.256168842315674,0
2,generation,1626116310000,0.24192053824371096,1626116310000,6611,-1.1421788930892944,0
2,generation,1626116340000,0.22577745089521173,1626116340000,6612,-1.2323095798492432,0
2,generation,1626116370000,0.2434092352327779,1626116370000,6613,-1.1340783834457397,0
2,generation,1626116400000,0.2330417188783815,1626116400000,6614,-1.191214919090271,0
2,generation,1626116430000,0.2110124986243504,1626116430000,6615,-1.3188331127166748,0
2,generation,1626116460000,0.4284571705524432,1626116460000,6616,-0.2881486415863037,0
2,generation,1626116490000,0.2579520729373209,1626116490000,6617,-1.0566400289535522,0
2,generation,1626116520000,0.998401350249684,1626116520000,6618,6.436995983123779,1
2,generation,1626116550000,0.9176639119757012,1626116550000,6619,2.4110217094421387,0
2,generation,1626116580000,0.25769741280221586,1626116580000,6620,-1.0579708814620972,0
2,generation,1626116610000,0.4880728553464832,1626116610000,6621,-0.0477176308631897,0
2,generation,1626116640000,0.9984259993433908,1626116640000,6622,6.452559471130371,1
2,generation,1626116670000,0.9040071642656748,1626116670000,6623,2.2425637245178223,0
2,generation,1626116700000,0.2900876410473628,1626116700000,6624,-0.8949584364891052,0
2,generation,1626116730000,0.9985158027584854,1626116730000,6625,6.5113959312438965,1
2,generation,1626116760000,0.9835481515894006,1626116760000,6626,4.090728759765625,1
2,generation,1626116790000,0.8765196677345118,1626116790000,6627,1.9598772525787354,0
2,generation,1626116820000,0.4176960626488467,1626116820000,6628,-0.33223849534988403,0
2,generation,1626116850000,0.27479704407439787,1626116850000,6629,-0.9704187512397766,0
2,generation,1626116880000,0.3810568607640128,1626116880000,6630,-0.4850648045539856,0
2,generation,1626116910000,0.27980312424677967,1626116910000,6631,-0.9454383850097656,0
2,generation,1626116940000,0.21170850799178714,1626116940000,6632,-1.3146575689315796,0
2,generation,1626116970000,0.25044083021700725,1626116970000,6633,-1.0962625741958618,0
2,generation,1626117000000,0.22006677800645386,1626117000000,6634,-1.2652772665023804,0
2,generation,1626117030000,0.9982677555976743,1626117030000,6635,6.356603622436523,1
2,generation,1626117060000,0.9005625422768628,1626117060000,6636,2.203490734100342,0
2,generation,1626117090000,0.9977265480469686,1626117090000,6637,6.084179878234863,1
2,generation,1626117120000,0.8543905882990009,1626117120000,6638,1.769460678100586,0
2,generation,1626117150000,0.27439787825687245,1626117150000,6639,-0.9724226593971252,0
2,generation,1626117180000,0.2490479959052675,1626117180000,6640,-1.1036961078643799,0
2,generation,1626117210000,0.2611122575566562,1626117210000,6641,-1.0401955842971802,0
2,generation,1626117240000,0.9983574947315215,1626117240000,6642,6.409888744354248,1
2,generation,1626117270000,0.8989331049878091,1626117270000,6643,2.1854259967803955,0
2,generation,1626117300000,0.9982660619342585,1626117300000,6644,6.355624675750732,1
2,generation,1626117330000,0.8622823470421531,1626117330000,6645,1.8343771696090698,0
2,generation,1626117360000,0.2006990219412501,1626117360000,6646,-1.381931185722351,0
2,generation,1626117390000,0.2599966098581459,1626117390000,6647,-1.0459861755371094,0
2,generation,1626117420000,0.3265826741018832,1626117420000,6648,-0.7236821055412292,0
2,generation,1626117450000,0.28423719361075117,1626117450000,6649,-0.9235397577285767,0
2,generation,1626117480000,0.21371287794937527,1626117480000,6650,-1.3026885986328125,0
2,generation,1626117510000,0.2887417474112845,1626117510000,6651,-0.9015029072761536,0
2,generation,1626117540000,0.23222150352727036,1626117540000,6652,-1.1958096027374268,0
2,generation,1626117570000,0.2755978132725135,1626117570000,6653,-0.966404139995575,0
2,generation,1626117600000,0.3160440964886337,1626117600000,6654,-0.7720116972923279,0
2,generation,1626117630000,0.3441747164653097,1626117630000,6655,-0.6447449922561646,0
2,generation,1626117660000,0.25535832558149596,1626117660000,6656,-1.0702353715896606,0
2,generation,1626117690000,0.9981645515105044,1626117690000,6657,6.298629283905029,1
2,generation,1626117720000,0.8862116481566593,1626117720000,6658,2.0526156425476074,0
2,generation,1626117750000,0.2949134586741145,1626117750000,6659,-0.8716385960578918,0
2,generation,1626117780000,0.28031227065139686,1626117780000,6660,-0.9429131746292114,0
2,generation,1626117810000,0.23908811457658255,1626117810000,6661,-1.157685399055481,0
2,generation,1626117840000,0.21137474985771879,1626117840000,6662,-1.316658616065979,0
2,generation,1626117870000,0.18111406241389127,1626117870000,6663,-1.5088177919387817,0
2,generation,1626117900000,0.17747225825945293,1626117900000,6664,-1.5335679054260254,0
2,generation,1626117930000,0.2716642384961429,1626117930000,6665,-0.9861952662467957,0
2,generation,1626117960000,0.25936305484715017,1626117960000,6666,-1.0492817163467407,0
2,generation,1626117990000,0.23989813561275844,1626117990000,6667,-1.15323805809021,0
2,generation,1626118020000,0.3379895498585889,1626118020000,6668,-0.6722663640975952,0
2,generation,1626118050000,0.3330811470334152,1626118050000,6669,-0.6942822337150574,0
2,generation,1626118080000,0.2538869523772721,1626118080000,6670,-1.0779880285263062,0
2,generation,1626118110000,0.23401148584539472,1626118110000,6671,-1.1857969760894775,0
2,generation,1626118140000,0.37455038853336947,1626118140000,6672,-0.5127444267272949,0
2,generation,1626118170000,0.26613135677372196,1626118170000,6673,-1.0143400430679321,0
2,generation,1626118200000,0.20722836832878325,1626118200000,6674,-1.341713786125183,0
2,generation,1626118230000,0.9984166263131204,1626118230000,6675,6.44661283493042,1
2,generation,1626118260000,0.8839340698116943,1626118260000,6676,2.030224084854126,0
2,generation,1626118290000,0.5489446202416127,1626118290000,6677,0.19640743732452393,0
2,generation,1626118320000,0.4130340746445083,1626118320000,6678,-0.35143667459487915,0
2,generation,1626118350000,0.3996201263699142,1626118350000,6679,-0.40704816579818726,0
2,generation,1626118380000,0.3283006873465654,1626118380000,6680,-0.7158808708190918,0
2,generation,1626118410000,0.2469407723671828,1626118410000,6681,-1.1149953603744507,0
2,generation,1626118440000,0.4851819189427521,1626118440000,6682,-0.059289686381816864,0
2,generation,1626118470000,0.31537451569013963,1626118470000,6683,-0.7751110792160034,0
2,generation,1626118500000,0.31731566449511545,1626118500000,6684,-0.7661355137825012,0
2,generation,1626118530000,0.38794276993499194,1626118530000,6685,-0.4559679627418518,0
2,generation,1626118560000,0.4460437440498089,1626118560000,6686,-0.21666869521141052,0
2,generation,1626118590000,0.9981981128141819,1626118590000,6687,6.317117214202881,1
2,generation,1626118620000,0.8805258857547408,1626118620000,6688,1.9974195957183838,0
2,generation,1626118650000,0.2606543931675961,1626118650000,6689,-1.0425701141357422,0
2,generation,1626118680000,0.9984548860332926,1626118680000,6690,6.471111297607422,1
2,generation,1626118710000,0.9159346086634974,1626118710000,6691,2.388350009918213,0
2,generation,1626118740000,0.342505316368362,1626118740000,6692,-0.652149498462677,0
2,generation,1626118770000,0.2666290077722337,1626118770000,6693,-1.0117934942245483,0
2,generation,1626118800000,0.8008998902432414,1626118800000,6694,1.3919281959533691,0
2,generation,1626118830000,0.3499274912255151,1626118830000,6695,-0.6193579435348511,0
2,generation,1626118860000,0.3375137140521816,1626118860000,6696,-0.6743937134742737,0
2,generation,1626118890000,0.4544772236934324,1626118890000,6697,-0.18259675800800323,0
2,generation,1626118920000,0.998388929495185,1626118920000,6698,6.429244041442871,1
2,generation,1626118950000,0.8813010580507984,1626118950000,6699,2.0048089027404785,0
2,generation,1626118980000,0.3811215573589621,1626118980000,6700,-0.48479050397872925,0
2,generation,1626119010000,0.9967714108946971,1626119010000,6701,5.732476234436035,1
2,generation,1626119040000,0.9229718984893248,1626119040000,6702,2.483428478240967,0
2,generation,1626119070000,0.998096609357471,1626119070000,6703,6.262213230133057,1
2,generation,1626119100000,0.9915475100181919,1626119100000,6704,4.764805793762207,1
2,generation,1626119130000,0.9167334143279015,1626119130000,6705,2.3987693786621094,0
2,generation,1626119160000,0.2680335385647495,1626119160000,6706,-1.0046225786209106,0
2,generation,1626119190000,0.19897209590455658,1626119190000,6707,-1.3927311897277832,0
2,generation,1626119220000,0.2694604314120825,1626119220000,6708,-0.9973618388175964,0
2,generation,1626119250000,0.9983344630351872,1626119250000,6709,6.395940780639648,1
2,generation,1626119280000,0.9811846693067692,1626119280000,6710,3.9540886878967285,0
2,generation,1626119310000,0.8763631413171624,1626119310000,6711,1.9584318399429321,0
2,generation,1626119340000,0.2513862993383391,1626119340000,6712,-1.0912322998046875,0
2,generation,1626119370000,0.9985367743594505,1626119370000,6713,6.5256476402282715,1
2,generation,1626119400000,0.8550451246311359,1626119400000,6714,1.7747317552566528,0
2,generation,1626119430000,0.3607125588584611,1626119430000,6715,-0.572272777557373,0
2,generation,1626119460000,0.298055282922945,1626119460000,6716,-0.8565756678581238,0
2,generation,1626119490000,0.20487296912220404,1626119490000,6717,-1.356111764907837,0
2,generation,1626119520000,0.2867180673798081,1626119520000,6718,-0.9113773703575134,0
2,generation,1626119550000,0.311166736878877,1626119550000,6719,-0.7946703433990479,0
2,generation,1626119580000,0.5056449863599777,1626119580000,6720,0.022580904886126518,0
2,generation,1626119610000,0.2833423927131762,1626119610000,6721,-0.927942156791687,0
2,generation,1626119640000,0.2259035250116172,1626119640000,6722,-1.2315884828567505,0
2,generation,1626119670000,0.26581628100105775,1626119670000,6723,-1.0159538984298706,0
2,generation,1626119700000,0.9983738426928291,1626119700000,6724,6.419908046722412,1
2,generation,1626119730000,0.9869904006419702,1626119730000,6725,4.328972816467285,1
2,generation,1626119760000,0.8907190627222601,1626119760000,6726,2.098107099533081,0
2,generation,1626119790000,0.26178787590566016,1626119790000,6727,-1.0366966724395752,0
2,generation,1626119820000,0.2881196178388389,1626119820000,6728,-0.9045341610908508,0
2,generation,1626119850000,0.37915717819256434,1626119850000,6729,-0.49312710762023926,0
2,generation,1626119880000,0.4146145558805514,1626119880000,6730,-0.34492120146751404,0
2,generation,1626119910000,0.2797104317303284,1626119910000,6731,-0.9458984136581421,0
2,generation,1626119940000,0.9982338547824836,1626119940000,6732,6.337188243865967,1
2,generation,1626119970000,0.8884226428616222,1626119970000,6733,2.0747294425964355,0
2,generation,1626120000000,0.33205897643220955,1626120000000,6734,-0.698887288570404,0
2,generation,1626120030000,0.5021252592625827,1626120030000,6735,0.008501088246703148,0
2,generation,1626120060000,0.5573857623714373,1626120060000,6736,0.23055897653102875,0
2,generation,1626120090000,0.5813619740604626,1626120090000,6737,0.3283669352531433,0
2,generation,1626120120000,0.5212851027332241,1626120120000,6738,0.08519189804792404,0
2,generation,1626120150000,0.5585620965923274,1626120150000,6739,0.23532843589782715,0
2,generation,1626120180000,0.9981702255300193,1626120180000,6740,6.301731109619141,1
2,generation,1626120210000,0.9386109044412062,1626120210000,6741,2.7271687984466553,0
2,generation,1626120240000,0.4797952382090908,1626120240000,6742,-0.08086308091878891,0
2,generation,1626120270000,0.42821217827395763,1626120270000,6743,-0.2891491651535034,0
2,generation,1626120300000,0.7378775927771639,1626120300000,6744,1.0349663496017456,0
2,generation,1626120330000,0.6677319548934851,1626120330000,6745,0.6979448199272156,0
2,generation,1626120360000,0.6878790707546626,1626120360000,6746,0.7902223467826843,0
2,generation,1626120390000,0.6446795435131282,1626120390000,6747,0.5957332849502563,0
2,generation,1626120420000,0.9976913727815646,1626120420000,6748,6.068790912628174,1
2,generation,1626120450000,0.9796246708553,1626120450000,6749,3.872844696044922,0
2,generation,1626120480000,0.9694912345856475,1626120480000,6750,3.4587574005126953,0
2,generation,1626120510000,0.9225031748311845,1626120510000,6751,2.476853847503662,0
2,generation,1626120540000,0.5505012698466464,1626120540000,6752,0.20269623398780823,0
2,generation,1626120570000,0.6360629971102069,1626120570000,6753,0.5583168268203735,0
2,generation,1626120600000,0.9980624221049685,1626120600000,6754,6.244377136230469,1
2,generation,1626120630000,0.891148769192855,1626120630000,6755,2.102529287338257,0
2,generation,1626120660000,0.23628957417529425,1626120660000,6756,-1.1731306314468384,0
2,generation,1626120690000,0.29805563209382346,1626120690000,6757,-0.8565739989280701,0
2,generation,1626120720000,0.9984287919821867,1626120720000,6758,6.454338073730469,1
2,generation,1626120750000,0.8526250345037076,1626120750000,6759,1.7553397417068481,0
2,generation,1626120780000,0.3636005024142989,1626120780000,6760,-0.5597707629203796,0
2,generation,1626120810000,0.2522592736381972,1626120810000,6761,-1.0865988731384277,0
2,generation,1626120840000,0.30598931312557687,1626120840000,6762,-0.8189371824264526,0
2,generation,1626120870000,0.38827720888319023,1626120870000,6763,-0.45455968379974365,0
2,generation,1626120900000,0.34179589051410775,1626120900000,6764,-0.6553013324737549,0
2,generation,1626120930000,0.1974905336753897,1626120930000,6765,-1.4020529985427856,0
2,generation,1626120960000,0.998465091458393,1626120960000,6766,6.477748394012451,1
2,generation,1626120990000,0.891182761563136,1626120990000,6767,2.102879762649536,0
2,generation,1626121020000,0.24383587371482848,1626121020000,6768,-1.1317631006240845,0
2,generation,1626121050000,0.20807778632570667,1626121050000,6769,-1.3365511894226074,0
2,generation,1626121080000,0.9984049650841172,1626121080000,6770,6.439263343811035,1
2,generation,1626121110000,0.8926347493274429,1626121110000,6771,2.117940902709961,0
2,generation,1626121140000,0.2958047481720847,1626121140000,6772,-0.8673560619354248,0
2,generation,1626121170000,0.25045783787709225,1626121170000,6773,-1.0961719751358032,0
2,generation,1626121200000,0.18672190915906725,1626121200000,6774,-1.4714527130126953,0
2,generation,1626121230000,0.9984657439046752,1626121230000,6775,6.478174209594727,1
2,generation,1626121260000,0.8842608770148825,1626121260000,6776,2.0334134101867676,0
2,generation,1626121290000,0.21379089250048372,1626121290000,6777,-1.3022243976593018,0
2,generation,1626121320000,0.9983586367217524,1626121320000,6778,6.410585403442383,1
2,generation,1626121350000,0.8860883974608548,1626121350000,6779,2.051393985748291,0
2,generation,1626121380000,0.2605074141130753,1626121380000,6780,-1.0433329343795776,0
2,generation,1626121410000,0.2859614113786371,1626121410000,6781,-0.9150801301002502,0
2,generation,1626121440000,0.24581210700849904,1626121440000,6782,-1.1210740804672241,0
2,generation,1626121470000,0.5626815496566038,1626121470000,6783,0.2520521879196167,0
2,generation,1626121500000,0.39611682754334465,1626121500000,6784,-0.4216715693473816,0
2,generation,1626121530000,0.31368699906749775,1626121530000,6785,-0.7829381227493286,0
2,generation,1626121560000,0.21081572626435757,1626121560000,6786,-1.3200154304504395,0
2,generation,1626121590000,0.19828618054533934,1626121590000,6787,-1.3970403671264648,0
2,generation,1626121620000,0.499922155868891,1626121620000,6788,-0.00031137652695178986,0
2,generation,1626121650000,0.9982792546783219,1626121650000,6789,6.363275527954102,1
2,generation,1626121680000,0.8651265500728089,1626121680000,6790,1.8585388660430908,0
2,generation,1626121710000,0.9982860529010085,1626121710000,6791,6.367240905761719,1
2,generation,1626121740000,0.8688352807789742,1626121740000,6792,1.8906996250152588,0
2,generation,1626121770000,0.5208161000815091,1626121770000,6793,0.08331255614757538,0
2,generation,1626121800000,0.38883147916940997,1626121800000,6794,-0.4522266983985901,0
2,generation,1626121830000,0.32779802209255277,1626121830000,6795,-0.7181612253189087,0
2,generation,1626121860000,0.8193396439417578,1626121860000,6796,1.5118799209594727,0
2,generation,1626121890000,0.3514860248161418,1626121890000,6797,-0.6125136017799377,0
2,generation,1626121920000,0.4373324720224681,1626121920000,6798,-0.2519952058792114,0
2,generation,1626121950000,0.3500911359971129,1626121950000,6799,-0.6186386346817017,0
2,generation,1626121980000,0.42000010049151304,1626121980000,6800,-0.3227729797363281,0
2,generation,1626122010000,0.2842338952547949,1626122010000,6801,-0.9235559701919556,0
2,generation,1626122040000,0.5012869252344518,1626122040000,6802,0.005147712305188179,0
2,generation,1626122070000,0.3312393270393022,1626122070000,6803,-0.7025851011276245,0
2,generation,1626122100000,0.4002920343463724,1626122100000,6804,-0.40424844622612,0
2,generation,1626122130000,0.9978732788073745,1626122130000,6805,6.151044845581055,1
2,generation,1626122160000,0.9055188300325149,1626122160000,6806,2.2601075172424316,0
2,generation,1626122190000,0.997359329402488,1626122190000,6807,5.934078216552734,1
2,generation,1626122220000,0.9758932306895265,1626122220000,6808,3.7008605003356934,0
2,generation,1626122250000,0.8768752035697049,1626122250000,6809,1.9631662368774414,0
2,generation,1626122280000,0.3581350481288002,1626122280000,6810,-0.5834677815437317,0
2,generation,1626122310000,0.36566179754605843,1626122310000,6811,-0.5508733987808228,0
2,generation,1626122340000,0.3098786043671905,1626122340000,6812,-0.8006868958473206,0
2,generation,1626122370000,0.34211892787389436,1626122370000,6813,-0.6538657546043396,0
2,generation,1626122400000,0.2550248002985827,1626122400000,6814,-1.0719901323318481,0
2,generation,1626122430000,0.21720566359942026,1626122430000,6815,-1.2820253372192383,0
2,generation,1626122460000,0.25593698598439474,1626122460000,6816,-1.0671944618225098,0
2,generation,1626122490000,0.3494726230562269,1626122490000,6817,-0.6213581562042236,0
2,generation,1626122520000,0.24830916397342875,1626122520000,6818,-1.1076505184173584,0
2,generation,1626122550000,0.23864192717547728,1626122550000,6819,-1.160139560699463,0
2,generation,1626122580000,0.32307099613875756,1626122580000,6820,-0.7396942973136902,0
2,generation,1626122610000,0.9983995249085815,1626122610000,6821,6.435853004455566,1
2,generation,1626122640000,0.8767570943552511,1626122640000,6822,1.962072730064392,0
2,generation,1626122670000,0.22726542873030692,1626122670000,6823,-1.223816990852356,0
2,generation,1626122700000,0.49649429245371696,1626122700000,6824,-0.014023059979081154,0
2,generation,1626122730000,0.9981494648493985,1626122730000,6825,6.290428161621094,1
2,generation,1626122760000,0.8832675047187325,1626122760000,6826,2.023743152618408,0
2,generation,1626122790000,0.2809305881869413,1626122790000,6827,-0.9398502707481384,0
2,generation,1626122820000,0.25855095533855604,1626122820000,6828,-1.0535136461257935,0
2,generation,1626122850000,0.25249709019201066,1626122850000,6829,-1.0853384733200073,0
2,generation,1626122880000,0.30757084263870127,1626122880000,6830,-0.8115004897117615,0
2,generation,1626122910000,0.9979791520679437,1626122910000,6831,6.202215194702148,1
2,generation,1626122940000,0.996291154657982,1626122940000,6832,5.593318939208984,1
2,generation,1626122970000,0.8723778107893221,1626122970000,6833,1.92214834690094,0
2,generation,1626123000000,0.2768268388515622,1626123000000,6834,-0.9602565169334412,0
2,generation,1626123030000,0.2681008307809835,1626123030000,6835,-1.004279613494873,0
2,generation,1626123060000,0.2941202842041401,1626123060000,6836,-0.8754560351371765,0
2,generation,1626123090000,0.21832381868861545,1626123090000,6837,-1.275461196899414,0
2,generation,1626123120000,0.39313861394117183,1626123120000,6838,-0.43413814902305603,0
2,generation,1626123150000,0.39582923838076434,1626123150000,6839,-0.42287397384643555,0
2,generation,1626123180000,0.9983492663974448,1626123180000,6840,6.40488338470459,1
2,generation,1626123210000,0.8862417215641121,1626123210000,6841,2.0529139041900635,0
2,generation,1626123240000,0.9983560929320101,1626123240000,6842,6.409034252166748,1
2,generation,1626123270000,0.8699678424148212,1626123270000,6843,1.9006744623184204,0
2,generation,1626123300000,0.23733238806107723,1626123300000,6844,-1.1673606634140015,0
2,generation,1626123330000,0.2994561969576545,1626123330000,6845,-0.8498887419700623,0
2,generation,1626123360000,0.39921783313240056,1626123360000,6846,-0.40872520208358765,0
2,generation,1626123390000,0.38381348971619217,1626123390000,6847,-0.47339296340942383,0
2,generation,1626123420000,0.2937221731998476,1626123420000,6848,-0.8773743510246277,0
2,generation,1626123450000,0.30823155602538355,1626123450000,6849,-0.8083999752998352,0
2,generation,1626123480000,0.2405491671753078,1626123480000,6850,-1.1496710777282715,0
2,generation,1626123510000,0.3480807325109368,1626123510000,6851,-0.6274862885475159,0
2,generation,1626123540000,0.35499263547153825,1626123540000,6852,-0.5971646904945374,0
2,generation,1626123570000,0.2566166895897886,1626123570000,6853,-1.0636283159255981,0
2,generation,1626123600000,0.9982814722018386,1626123600000,6854,6.364567279815674,1
2,generation,1626123630000,0.8789565895104244,1626123630000,6855,1.9825862646102905,0
2,generation,1626123660000,0.5132935320195682,1626123660000,6856,0.05318666249513626,0
2,generation,1626123690000,0.3065170233985584,1626123690000,6857,-0.8164533972740173,0
2,generation,1626123720000,0.23541210418376327,1626123720000,6858,-1.1779993772506714,0
2,generation,1626123750000,0.53436795822133,1626123750000,6859,0.13768894970417023,0
2,generation,1626123780000,0.38545654773848215,1626123780000,6860,-0.46645116806030273,0
2,generation,1626123810000,0.29638867898828736,1626123810000,6861,-0.8645544052124023,0
2,generation,1626123840000,0.22110069998332232,1626123840000,6862,-1.259263515472412,0
2,generation,1626123870000,0.5253838968278299,1626123870000,6863,0.10162295401096344,0
2,generation,1626123900000,0.3994854511214897,1626123900000,6864,-0.4076095223426819,0
2,generation,1626123930000,0.3306968699600665,1626123930000,6865,-0.7050349116325378,0
2,generation,1626123960000,0.21744434280263916,1626123960000,6866,-1.280622124671936,0
2,generation,1626123990000,0.20668476656891024,1626123990000,6867,-1.345025897026062,0
2,generation,1626124020000,0.22901622807296657,1626124020000,6868,-1.2138744592666626,0
2,generation,1626124050000,0.31952687673566044,1626124050000,6869,-0.755946934223175,0
2,generation,1626124080000,0.45209743439287287,1626124080000,6870,-0.19219975173473358,0
2,generation,1626124110000,0.31022498731683334,1626124110000,6871,-0.7990676760673523,0
2,generation,1626124140000,0.23831889798364855,1626124140000,6872,-1.16191828250885,0
2,generation,1626124170000,0.31847129524653284,1626124170000,6873,-0.7608060240745544,0
2,generation,1626124200000,0.33875181497416124,1626124200000,6874,-0.6688615083694458,0
2,generation,1626124230000,0.9984577728893761,1626124230000,6875,6.472984313964844,1
2,generation,1626124260000,0.9478110254933575,1626124260000,6876,2.8992838859558105,0
2,generation,1626124290000,0.8901578330143406,1626124290000,6877,2.0923542976379395,0
2,generation,1626124320000,0.3637289729445661,1626124320000,6878,-0.5592156052589417,0
2,generation,1626124350000,0.25634378009024555,1626124350000,6879,-1.0650594234466553,0
2,generation,1626124380000,0.6412943134747657,1626124380000,6880,0.5809862613677979,0
2,generation,1626124410000,0.4103425410024005,1626124410000,6881,-0.3625495135784149,0
2,generation,1626124440000,0.3189047262025242,1626124440000,6882,-0.7588098049163818,0
2,generation,1626124470000,0.2081865339088863,1626124470000,6883,-1.3358913660049438,0
2,generation,1626124500000,0.2612531992437693,1626124500000,6884,-1.0394651889801025,0
2,generation,1626124530000,0.31682367861341576,1626124530000,6885,-0.7684075832366943,0
2,generation,1626124560000,0.22646714208124938,1626124560000,6886,-1.2283682823181152,0
2,generation,1626124590000,0.32685712343252804,1626124590000,6887,-0.7224344611167908,0
2,generation,1626124620000,0.9981586338274314,1626124620000,6888,6.295404434204102,1
2,generation,1626124650000,0.9942216660656976,1626124650000,6889,5.1478447914123535,1
2,generation,1626124680000,0.8913871202913156,1626124680000,6890,2.1049888134002686,0
2,generation,1626124710000,0.32069106260203917,1626124710000,6891,-0.7505977749824524,0
2,generation,1626124740000,0.3362260352899618,1626124740000,6892,-0.6801580190658569,0
2,generation,1626124770000,0.9983609323699213,1626124770000,6893,6.4119873046875,1
2,generation,1626124800000,0.8926322358512013,1626124800000,6894,2.1179146766662598,0
2,generation,1626124830000,0.3035481646758497,1626124830000,6895,-0.8304583430290222,0
2,generation,1626124860000,0.9983595873842639,1626124860000,6896,6.411165714263916,1
2,generation,1626124890000,0.8934066901357817,1626124890000,6897,2.126021146774292,0
2,generation,1626124920000,0.34305032403465413,1626124920000,6898,-0.6497302651405334,0
2,generation,1626124950000,0.37727385261331053,1626124950000,6899,-0.501135528087616,0
2,generation,1626124980000,0.31705561050669107,1626124980000,6900,-0.7673362493515015,0
2,generation,1626125010000,0.6405262477004975,1626125010000,6901,0.577648937702179,0
2,generation,1626125040000,0.323108551993405,1626125040000,6902,-0.7395225763320923,0
2,generation,1626125070000,0.998231288019089,1626125070000,6903,6.335733413696289,1
2,generation,1626125100000,0.8882904844924806,1626125100000,6904,2.073396921157837,0
2,generation,1626125130000,0.2490202398011939,1626125130000,6905,-1.1038445234298706,0
2,generation,1626125160000,0.3947878686796003,1626125160000,6906,-0.42723044753074646,0
2,generation,1626125190000,0.35392262121672846,1626125190000,6907,-0.6018409729003906,0
2,generation,1626125220000,0.9984173912517637,1626125220000,6908,6.447096824645996,1
2,generation,1626125250000,0.8761039081628575,1626125250000,6909,1.9560414552688599,0
2,generation,1626125280000,0.2435175492905834,1626125280000,6910,-1.1334903240203857,0
2,generation,1626125310000,0.23546004220202227,1626125310000,6911,-1.177733063697815,0
2,generation,1626125340000,0.7625051593376877,1626125340000,6912,1.1664633750915527,0
2,generation,1626125370000,0.39010372703871476,1626125370000,6913,-0.4468762278556824,0
2,generation,1626125400000,0.4728310783086982,1626125400000,6914,-0.10878283530473709,0
2,generation,1626125430000,0.3274353597918987,1626125430000,6915,-0.7198075652122498,0
2,generation,1626125460000,0.9983717627697677,1626125460000,6916,6.418627738952637,1
2,generation,1626125490000,0.9093009545452271,1626125490000,6917,2.305129289627075,0
2,generation,1626125520000,0.25911011988387034,1626125520000,6918,-1.0505988597869873,0
2,generation,1626125550000,0.19354389683850326,1626125550000,6919,-1.4271451234817505,0
2,generation,1626125580000,0.24507142694860723,1626125580000,6920,-1.1250734329223633,0
2,generation,1626125610000,0.402029620257149,1626125610000,6921,-0.39701545238494873,0
2,generation,1626125640000,0.2836841325047227,1626125640000,6922,-0.9262598156929016,0
2,generation,1626125670000,0.1986731504148709,1626125670000,6923,-1.3946079015731812,0
2,generation,1626125700000,0.19631428520831254,1626125700000,6924,-1.4094914197921753,0
2,generation,1626125730000,0.9984632509892499,1626125730000,6925,6.476548194885254,1
2,generation,1626125760000,0.9038525436134788,1626125760000,6926,2.240783214569092,0
2,generation,1626125790000,0.9978596124008694,1626125790000,6927,6.144625663757324,1
2,generation,1626125820000,0.8673601578643472,1626125820000,6928,1.8778167963027954,0
2,generation,1626125850000,0.26280453658649394,1626125850000,6929,-1.0314425230026245,0
2,generation,1626125880000,0.4466121722120642,1626125880000,6930,-0.21436847746372223,0
2,generation,1626125910000,0.3682379938863585,1626125910000,6931,-0.5397832989692688,0
2,generation,1626125940000,0.5226509288455735,1626125940000,6932,0.0906657725572586,0
2,generation,1626125970000,0.3457894382161034,1626125970000,6933,-0.6375992298126221,0
2,generation,1626126000000,0.43949573460647084,1626126000000,6934,-0.2432088404893875,0
2,generation,1626126030000,0.9982917561493524,1626126030000,6935,6.370579719543457,1
2,generation,1626126060000,0.8874999184602924,1626126060000,6936,2.0654544830322266,0
2,generation,1626126090000,0.3857856818266116,1626126090000,6937,-0.4650619328022003,0
2,generation,1626126120000,0.3157760513316252,1626126120000,6938,-0.773252010345459,0
2,generation,1626126150000,0.3335433730084935,1626126150000,6939,-0.6922021508216858,0
2,generation,1626126180000,0.34875884399983414,1626126180000,6940,-0.6244993209838867,0
2,generation,1626126210000,0.22825608673502137,1626126210000,6941,-1.2181845903396606,0
2,generation,1626126240000,0.6520904132986335,1626126240000,6942,0.6282405853271484,0
2,generation,1626126270000,0.3562379014673441,1626126270000,6943,-0.5917304754257202,0
2,generation,1626126300000,0.9983028522138537,1626126300000,6944,6.377107620239258,1
2,generation,1626126330000,0.8818829120018626,1626126330000,6945,2.010382890701294,0
2,generation,1626126360000,0.2797156315257609,1626126360000,6946,-0.9458726048469543,0
2,generation,1626126390000,0.27167777769241924,1626126390000,6947,-0.9861268401145935,0
2,generation,1626126420000,0.9985367994404154,1626126420000,6948,6.525664806365967,1
2,generation,1626126450000,0.9016216936756623,1626126450000,6949,2.215374708175659,0
2,generation,1626126480000,0.9977364857028225,1626126480000,6950,6.088570594787598,1
2,generation,1626126510000,0.874419790117171,1626126510000,6951,1.9406158924102783,0
2,generation,1626126540000,0.2725753485655693,1626126540000,6952,-0.9815953373908997,0
2,generation,1626126570000,0.28710515192252317,1626126570000,6953,-0.909485399723053,0
2,generation,1626126600000,0.4526330309555665,1626126600000,6954,-0.19003774225711823,0
2,generation,1626126630000,0.34080101191923295,1626126630000,6955,-0.6597266793251038,0
2,generation,1626126660000,0.4035128962989969,1626126660000,6956,-0.39084917306900024,0
2,generation,1626126690000,0.30110109543788005,1626126690000,6957,-0.8420600295066833,0
2,generation,1626126720000,0.5442402767248921,1626126720000,6958,0.1774250864982605,0
2,generation,1626126750000,0.42832875904196877,1626126750000,6959,-0.2886730432510376,0
2,generation,1626126780000,0.3813812718500941,1626126780000,6960,-0.483689546585083,0
2,generation,1626126810000,0.35895251196923134,1626126810000,6961,-0.5799134373664856,0
2,generation,1626126840000,0.5157126346283382,1626126840000,6962,0.06287124007940292,0
2,generation,1626126870000,0.9980999771591321,1626126870000,6963,6.2639875411987305,1
2,generation,1626126900000,0.8954292634277333,1626126900000,6964,2.147439479827881,0
2,generation,1626126930000,0.37121749942618487,1626126930000,6965,-0.5269972681999207,0
2,generation,1626126960000,0.39965226019996286,1626126960000,6966,-0.40691423416137695,0
2,generation,1626126990000,0.41079241738828043,1626126990000,6967,-0.36069053411483765,0
2,generation,1626127020000,0.3330183769626986,1626127020000,6968,-0.6945648193359375,0
2,generation,1626127050000,0.6408674677546069,1626127050000,6969,0.5791311860084534,0
2,generation,1626127080000,0.38759809420897856,1626127080000,6970,-0.45741981267929077,0
2,generation,1626127110000,0.2913052347801043,1626127110000,6971,-0.8890532851219177,0
2,generation,1626127140000,0.2599673220734214,1626127140000,6972,-1.0461384057998657,0
2,generation,1626127170000,0.3032389160996094,1626127170000,6973,-0.8319215774536133,0
2,generation,1626127200000,0.3245044101634285,1626127200000,6974,-0.7331475019454956,0
2,generation,1626127230000,0.9984756825109208,1626127230000,6975,6.484683036804199,1
2,generation,1626127260000,0.8961671438561563,1626127260000,6976,2.1553444862365723,0
2,generation,1626127290000,0.9981833758739515,1626127290000,6977,6.308957099914551,1
2,generation,1626127320000,0.8646472714983379,1626127320000,6978,1.8544374704360962,0
2,generation,1626127350000,0.21999061201830616,1626127350000,6979,-1.265721082687378,0
2,generation,1626127380000,0.3560183347302269,1626127380000,6980,-0.5926880240440369,0
2,generation,1626127410000,0.9982511348522468,1626127410000,6981,6.3470377922058105,1
2,generation,1626127440000,0.8699159822302871,1626127440000,6982,1.9002161026000977,0
2,generation,1626127470000,0.21965897997993572,1626127470000,6983,-1.2676547765731812,0
2,generation,1626127500000,0.6391901499296494,1626127500000,6984,0.5718508958816528,0
2,generation,1626127530000,0.2887513934173273,1626127530000,6985,-0.9014559388160706,0
2,generation,1626127560000,0.22500139000038766,1626127560000,6986,-1.2367546558380127,0
2,generation,1626127590000,0.27808676219750234,1626127590000,6987,-0.953971803188324,0
2,generation,1626127620000,0.3660637150479777,1626127620000,6988,-0.5491410493850708,0
2,generation,1626127650000,0.25581600622404743,1626127650000,6989,-1.0678298473358154,0
2,generation,1626127680000,0.25503506008401905,1626127680000,6990,-1.0719361305236816,0
2,generation,1626127710000,0.9983516724337375,1626127710000,6991,6.406344413757324,1
2,generation,1626127740000,0.8909357697063736,1626127740000,6992,2.1003353595733643,0
2,generation,1626127770000,0.27759548211248514,1626127770000,6993,-0.9564203023910522,0
2,generation,1626127800000,0.998385781808615,1626127800000,6994,6.427289009094238,1
2,generation,1626127830000,0.977339778471151,1626127830000,6995,3.764223337173462,0
2,generation,1626127860000,0.8738024894324398,1626127860000,6996,1.9350061416625977,0
2,generation,1626127890000,0.2388561826658454,1626127890000,6997,-1.1589607000350952,0
2,generation,1626127920000,0.3383369647087749,1626127920000,6998,-0.6707140803337097,0
2,generation,1626127950000,0.27847942597048103,1626127950000,6999,-0.9520167112350464,0
2,generation,1626127980000,0.7627654738670152,1626127980000,7000,1.1679013967514038,0
2,generation,1626128010000,0.3785101828838571,1626128010000,7001,-0.4958765506744385,0
2,generation,1626128040000,0.3073216001269497,1626128040000,7002,-0.8126710653305054,0
2,generation,1626128070000,0.4396047952301776,1626128070000,7003,-0.2427661269903183,0
2,generation,1626128100000,0.29576823430624416,1626128100000,7004,-0.8675313591957092,0
2,generation,1626128130000,0.23320799476595844,1626128130000,7005,-1.1902848482131958,0
2,generation,1626128160000,0.28695558337096067,1626128160000,7006,-0.9102162718772888,0
2,generation,1626128190000,0.22241990813837068,1626128190000,7007,-1.251619577407837,0
2,generation,1626128220000,0.9983044946675573,1626128220000,7008,6.378077507019043,1
2,generation,1626128250000,0.916755851276148,1626128250000,7009,2.3990633487701416,0
2,generation,1626128280000,0.2672497210335203,1626128280000,7010,-1.0086214542388916,0
2,generation,1626128310000,0.3896886986652547,1626128310000,7011,-0.4486209452152252,0
2,generation,1626128340000,0.9983332122150098,1626128340000,7012,6.395188808441162,1
2,generation,1626128370000,0.9531855750389263,1626128370000,7013,3.013618230819702,0
2,generation,1626128400000,0.8623859382718366,1626128400000,7014,1.8352497816085815,0
2,generation,1626128430000,0.587299753825655,1626128430000,7015,0.35281381011009216,0
2,generation,1626128460000,0.33419735073086365,1626128460000,7016,-0.6892616152763367,0
2,generation,1626128490000,0.3113958783684252,1626128490000,7017,-0.7936015129089355,0
2,generation,1626128520000,0.2274006137246905,1626128520000,7018,-1.2230473756790161,0
2,generation,1626128550000,0.8541938552847947,1626128550000,7019,1.7678802013397217,0
2,generation,1626128580000,0.3262799893344531,1626128580000,7020,-0.7250587344169617,0
2,generation,1626128610000,0.26574709769198107,1626128610000,7021,-1.0163084268569946,0
2,generation,1626128640000,0.2893998031623473,1626128640000,7022,-0.89830082654953,0
2,generation,1626128670000,0.25317858799798904,1626128670000,7023,-1.0817309617996216,0
2,generation,1626128700000,0.2089930014209162,1626128700000,7024,-1.3310060501098633,0
2,generation,1626128730000,0.20183540238899086,1626128730000,7025,-1.3748623132705688,0
2,generation,1626128760000,0.9984255369200649,1626128760000,7026,6.45226526260376,1
2,generation,1626128790000,0.886596668922049,1626128790000,7027,2.0564393997192383,0
2,generation,1626128820000,0.26718527198845293,1626128820000,7028,-1.0089505910873413,0
2,generation,1626128850000,0.2162490621662146,1626128850000,7029,-1.2876604795455933,0
2,generation,1626128880000,0.9985196730891625,1626128880000,7030,6.514010906219482,1
2,generation,1626128910000,0.8788164369343444,1626128910000,7031,1.9812695980072021,0
2,generation,1626128940000,0.23001471639399543,1626128940000,7032,-1.2082281112670898,0
2,generation,1626128970000,0.4772415597697668,1626128970000,7033,-0.09109670668840408,0
2,generation,1626129000000,0.33202531901570864,1626129000000,7034,-0.6990390419960022,0
2,generation,1626129030000,0.23640285427641014,1626129030000,7035,-1.1725029945373535,0
2,generation,1626129060000,0.9984423192853384,1626129060000,7036,6.462998390197754,1
2,generation,1626129090000,0.8763252653910419,1626129090000,7037,1.9580823183059692,0
2,generation,1626129120000,0.23625799582838602,1626129120000,7038,-1.173305630683899,0
2,generation,1626129150000,0.50326852268313,1626129150000,7039,0.013074276968836784,0
2,generation,1626129180000,0.29348108975429565,1626129180000,7040,-0.8785367608070374,0
2,generation,1626129210000,0.379685593240964,1626129210000,7041,-0.490882933139801,0
2,generation,1626129240000,0.31504035321586843,1626129240000,7042,-0.7766591906547546,0
2,generation,1626129270000,0.45470893955849967,1626129270000,7043,-0.1816621869802475,0
2,generation,1626129300000,0.998312818099435,1626129300000,7044,6.383007049560547,1
2,generation,1626129330000,0.8761128621392436,1626129330000,7045,1.956123948097229,0
2,generation,1626129360000,0.41716281414122414,1626129360000,7046,-0.3344312906265259,0
2,generation,1626129390000,0.30674823292415987,1626129390000,7047,-0.8153659105300903,0
2,generation,1626129420000,0.2184203056863274,1626129420000,7048,-1.2748959064483643,0
2,generation,1626129450000,0.30043080078754125,1626129450000,7049,-0.8452472686767578,0
2,generation,1626129480000,0.413930790488029,1626129480000,7050,-0.3477391004562378,0
2,generation,1626129510000,0.9982042671489691,1626129510000,7051,6.320544719696045,1
2,generation,1626129540000,0.8917193879903262,1626129540000,7052,2.1084253787994385,0
2,generation,1626129570000,0.23685790097400566,1626129570000,7053,-1.1699838638305664,0
2,generation,1626129600000,0.19561175289690147,1626129600000,7054,-1.4139502048492432,0
2,generation,1626129630000,0.19469900693470243,1626129630000,7055,-1.419761300086975,0
2,generation,1626129660000,0.27906589969806056,1626129660000,7056,-0.9490997791290283,0
2,generation,1626129690000,0.2799978660937448,1626129690000,7057,-0.9444721937179565,0
2,generation,1626129720000,0.2445260184133923,1626129720000,7058,-1.128023624420166,0
2,generation,1626129750000,0.2339757386122273,1626129750000,7059,-1.185996413230896,0
2,generation,1626129780000,0.21782776887601124,1626129780000,7060,-1.2783702611923218,0
2,generation,1626129810000,0.2157486191925005,1626129810000,7061,-1.2906156778335571,0
2,generation,1626129840000,0.20619374621892508,1626129840000,7062,-1.3480231761932373,0
2,generation,1626129870000,0.36187912689492485,1626129870000,7063,-0.5672174692153931,0
2,generation,1626129900000,0.31844463262444317,1626129900000,7064,-0.7609288692474365,0
2,generation,1626129930000,0.33755241817651843,1626129930000,7065,-0.674220621585846,0
2,generation,1626129960000,0.998345217558027,1626129960000,7066,6.402429580688477,1
2,generation,1626129990000,0.8977059330699998,1626129990000,7067,2.1719908714294434,0
2,generation,1626130020000,0.2554631551610205,1626130020000,7068,-1.0696841478347778,0
2,generation,1626130050000,0.21379333705095802,1626130050000,7069,-1.3022098541259766,0
2,generation,1626130080000,0.21454608192791194,1626130080000,7070,-1.2977372407913208,0
2,generation,1626130110000,0.20630615757708717,1626130110000,7071,-1.3473365306854248,0
2,generation,1626130140000,0.21031868172061385,1626130140000,7072,-1.3230055570602417,0
2,generation,1626130170000,0.19018613724872765,1626130170000,7073,-1.4488011598587036,0
2,generation,1626130200000,0.21227279040297853,1626130200000,7074,-1.3112796545028687,0
2,generation,1626130230000,0.3761728257099827,1626130230000,7075,-0.5058246850967407,0
2,generation,1626130260000,0.3540645421570057,1626130260000,7076,-0.6012203693389893,0
2,generation,1626130290000,0.9983815434934487,1626130290000,7077,6.4246625900268555,1
2,generation,1626130320000,0.8772546482009977,1626130320000,7078,1.96668541431427,0
2,generation,1626130350000,0.2886660059875337,1626130350000,7079,-0.9018717408180237,0
2,generation,1626130380000,0.24431667286157643,1626130380000,7080,-1.1291571855545044,0
2,generation,1626130410000,0.9985251697106216,1626130410000,7081,6.517736434936523,1
2,generation,1626130440000,0.8874044742084565,1626130440000,7082,2.0644989013671875,0
2,generation,1626130470000,0.3142291925407745,1626130470000,7083,-0.7804208397865295,0
2,generation,1626130500000,0.9982878697038879,1626130500000,7084,6.368303298950195,1
2,generation,1626130530000,0.8769753134646576,1626130530000,7085,1.964093804359436,0
2,generation,1626130560000,0.30390494904816856,1626130560000,7086,-0.8287712335586548,0
2,generation,1626130590000,0.27599404689611856,1626130590000,7087,-0.9644203186035156,0
2,generation,1626130620000,0.1834349371926045,1626130620000,7088,-1.4932465553283691,0
2,generation,1626130650000,0.21051319210409744,1626130650000,7089,-1.3218348026275635,0
2,generation,1626130680000,0.21785137087781759,1626130680000,7090,-1.2782317399978638,0
2,generation,1626130710000,0.2900440920261637,1626130710000,7091,-0.8951699137687683,0
2,generation,1626130740000,0.2791715352525533,1626130740000,7092,-0.9485747814178467,0
2,generation,1626130770000,0.21694246640312162,1626130770000,7093,-1.2835739850997925,0
2,generation,1626130800000,0.23413939926028993,1626130800000,7094,-1.1850835084915161,0
2,generation,1626130830000,0.2443974114072844,1626130830000,7095,-1.1287199258804321,0
2,generation,1626130860000,0.22290226899158078,1626130860000,7096,-1.2488327026367188,0
2,generation,1626130890000,0.24602923813247463,1626130890000,7097,-1.1199032068252563,0
2,generation,1626130920000,0.48278291322374073,1626130920000,7098,-0.06889558583498001,0
2,generation,1626130950000,0.3812575436140778,1626130950000,7099,-0.48421400785446167,0
2,generation,1626130980000,0.9982907361394567,1626130980000,7100,6.36998176574707,1
2,generation,1626131010000,0.885245465181191,1626131010000,7101,2.04306960105896,0
2,generation,1626131040000,0.25865769180128484,1626131040000,7102,-1.0529569387435913,0
2,generation,1626131070000,0.25531476070383974,1626131070000,7103,-1.0704644918441772,0
2,generation,1626131100000,0.18463870883269776,1626131100000,7104,-1.4852303266525269,0
2,generation,1626131130000,0.9983070577245569,1626131130000,7105,6.3795928955078125,1
2,generation,1626131160000,0.9081263595480765,1626131160000,7106,2.2909693717956543,0
2,generation,1626131190000,0.33018870103826214,1626131190000,7107,-0.7073317170143127,0
2,generation,1626131220000,0.34080734566462967,1626131220000,7108,-0.659698486328125,0
2,generation,1626131250000,0.9984701481458644,1626131250000,7109,6.481053352355957,1
2,generation,1626131280000,0.9579226904405351,1626131280000,7110,3.125258445739746,0
2,generation,1626131310000,0.8657890517654377,1626131310000,7111,1.8642284870147705,0
2,generation,1626131340000,0.24271244340334536,1626131340000,7112,-1.137865662574768,0
2,generation,1626131370000,0.27303144197676565,1626131370000,7113,-0.9792962670326233,0
2,generation,1626131400000,0.36718958748624947,1626131400000,7114,-0.5442925691604614,0
2,generation,1626131430000,0.9979862693376744,1626131430000,7115,6.205750465393066,1
2,generation,1626131460000,0.877542750731377,1626131460000,7116,1.9693636894226074,0
2,generation,1626131490000,0.9983739216543465,1626131490000,7117,6.419956684112549,1
2,generation,1626131520000,0.8770920734348485,1626131520000,7118,1.9651764631271362,0
2,generation,1626131550000,0.998514344183115,1626131550000,7119,6.510412216186523,1
2,generation,1626131580000,0.8818669670149137,1626131580000,7120,2.0102298259735107,0
2,generation,1626131610000,0.31482279310738936,1626131610000,7121,-0.7776675820350647,0
2,generation,1626131640000,0.2608455300991365,1626131640000,7122,-1.0415785312652588,0
2,generation,1626131670000,0.1916971472170611,1626131670000,7123,-1.439020037651062,0
2,generation,1626131700000,0.21874835087360003,1626131700000,7124,-1.2729753255844116,0
2,generation,1626131730000,0.44742562425957677,1626131730000,7125,-0.2110777199268341,0
2,generation,1626131760000,0.34122150571801524,1626131760000,7126,-0.6578555107116699,0
2,generation,1626131790000,0.22255382476063298,1626131790000,7127,-1.2508454322814941,0
2,generation,1626131820000,0.26002342255698974,1626131820000,7128,-1.0458468198776245,0
2,generation,1626131850000,0.22906649581955538,1626131850000,7129,-1.2135897874832153,0
2,generation,1626131880000,0.27521604485163575,1626131880000,7130,-0.9683172106742859,0
2,generation,1626131910000,0.9983023641784445,1626131910000,7131,6.376819610595703,1
2,generation,1626131940000,0.8701748379878589,1626131940000,7132,1.9025055170059204,0
2,generation,1626131970000,0.22735673938934975,1626131970000,7133,-1.223297119140625,0
2,generation,1626132000000,0.20958528317390995,1626132000000,7134,-1.3274270296096802,0
2,generation,1626132030000,0.22002780271467545,1626132030000,7135,-1.2655043601989746,0
2,generation,1626132060000,0.20627711363202014,1626132060000,7136,-1.3475139141082764,0
2,generation,1626132090000,0.2763691281237544,1626132090000,7137,-0.9625440239906311,0
2,generation,1626132120000,0.9983774392937451,1626132120000,7138,6.422125816345215,1
2,generation,1626132150000,0.9749454290745633,1626132150000,7139,3.661325216293335,0
2,generation,1626132180000,0.9193241425196116,1626132180000,7140,2.433199405670166,0
2,generation,1626132210000,0.30966582602232473,1626132210000,7141,-0.8016820549964905,0
2,generation,1626132240000,0.19392703695323402,1626132240000,7142,-1.4246922731399536,0
2,generation,1626132270000,0.20560251977657712,1626132270000,7143,-1.3516391515731812,0
2,generation,1626132300000,0.243176162434226,1626132300000,7144,-1.135344386100769,0
2,generation,1626132330000,0.9984898223204267,1626132330000,7145,6.494016647338867,1
2,generation,1626132360000,0.8759025170415343,1626132360000,7146,1.9541873931884766,0
2,generation,1626132390000,0.30925684681081667,1626132390000,7147,-0.8035959005355835,0
2,generation,1626132420000,0.9983856819035548,1626132420000,7148,6.427227020263672,1
2,generation,1626132450000,0.8751177626683039,1626132450000,7149,1.946987271308899,0
2,generation,1626132480000,0.22433872257269574,1626132480000,7150,-1.2405588626861572,0
2,generation,1626132510000,0.25264561802909674,1626132510000,7151,-1.0845516920089722,0
2,generation,1626132540000,0.9983974442126944,1626132540000,7152,6.43455171585083,1
2,generation,1626132570000,0.9015172591244557,1626132570000,7153,2.214197874069214,0
2,generation,1626132600000,0.3446652893685657,1626132600000,7154,-0.6425723433494568,0
2,generation,1626132630000,0.23947809385430596,1626132630000,7155,-1.1555429697036743,0
2,generation,1626132660000,0.18418360411715512,1626132660000,7156,-1.4882562160491943,0
2,generation,1626132690000,0.9982457046063246,1626132690000,7157,6.343932151794434,1
2,generation,1626132720000,0.8960783694071953,1626132720000,7158,2.154390811920166,0
2,generation,1626132750000,0.24810533760614167,1626132750000,7159,-1.1087428331375122,0
2,generation,1626132780000,0.5521426883539636,1626132780000,7160,0.20933182537555695,0
2,generation,1626132810000,0.2883726745529535,1626132810000,7161,-0.9033007025718689,0
2,generation,1626132840000,0.3135791807180652,1626132840000,7162,-0.7834389805793762,0
2,generation,1626132870000,0.2746010729497813,1626132870000,7163,-0.9714023470878601,0
2,generation,1626132900000,0.19220912241077634,1626132900000,7164,-1.4357192516326904,0
2,generation,1626132930000,0.2058852970769582,1626132930000,7165,-1.349908709526062,0
2,generation,1626132960000,0.20492880496219792,1626132960000,7166,-1.3557690382003784,0
2,generation,1626132990000,0.4874114106996268,1626132990000,7167,-0.05036500096321106,0
2,generation,1626133020000,0.2815796258106546,1626133020000,7168,-0.9366396069526672,0
2,generation,1626133050000,0.9981771969221238,1626133050000,7169,6.30555534362793,1
2,generation,1626133080000,0.8849501357183523,1626133080000,7170,2.040165662765503,0
2,generation,1626133110000,0.22600779420441797,1626133110000,7171,-1.230992317199707,0
2,generation,1626133140000,0.3867081585027765,1626133140000,7172,-0.46117061376571655,0
2,generation,1626133170000,0.39737560317078435,1626133170000,7173,-0.4164121747016907,0
2,generation,1626133200000,0.3614245274014452,1626133200000,7174,-0.5691866278648376,0
2,generation,1626133230000,0.9985030680299551,1626133230000,7175,6.5028395652771,1
2,generation,1626133260000,0.8913563009646703,1626133260000,7176,2.104670524597168,0
2,generation,1626133290000,0.33679358087180894,1626133290000,7177,-0.6776160597801208,0
2,generation,1626133320000,0.3064520310580566,1626133320000,7178,-0.8167591691017151,0
2,generation,1626133350000,0.39966679721637444,1626133350000,7179,-0.40685364603996277,0
2,generation,1626133380000,0.37969348282590576,1626133380000,7180,-0.49084943532943726,0
2,generation,1626133410000,0.2609820331659858,1626133410000,7181,-1.0408706665039062,0
2,generation,1626133440000,0.1882232313979122,1626133440000,7182,-1.4615967273712158,0
2,generation,1626133470000,0.9981618737146831,1626133470000,7183,6.297168731689453,1
2,generation,1626133500000,0.8857823185369987,1626133500000,7184,2.0483651161193848,0
2,generation,1626133530000,0.9982982653024226,1626133530000,7185,6.374403953552246,1
2,generation,1626133560000,0.8630479639739187,1626133560000,7186,1.8408395051956177,0
2,generation,1626133590000,0.277366534850559,1626133590000,7187,-0.957562267780304,0
2,generation,1626133620000,0.9983472101698637,1626133620000,7188,6.403636455535889,1
2,generation,1626133650000,0.851998865661757,1626133650000,7189,1.7503652572631836,0
2,generation,1626133680000,0.20620445847140448,1626133680000,7190,-1.347957730293274,0
2,generation,1626133710000,0.19589837342448888,1626133710000,7191,-1.4121296405792236,0
2,generation,1626133740000,0.33582882031206923,1626133740000,7192,-0.6819383502006531,0
2,generation,1626133770000,0.2813670875105879,1626133770000,7193,-0.9376904964447021,0
2,generation,1626133800000,0.9983569293054099,1626133800000,7194,6.409543991088867,1
2,generation,1626133830000,0.8791488953337027,1626133830000,7195,1.9843950271606445,0
2,generation,1626133860000,0.25169040402708304,1626133860000,7196,-1.0896170139312744,0
2,generation,1626133890000,0.2778529730436667,1626133890000,7197,-0.9551366567611694,0
2,generation,1626133920000,0.25479933478415445,1626133920000,7198,-1.0731772184371948,0
2,generation,1626133950000,0.32955010293785747,1626133950000,7199,-0.7102205753326416,0
2,generation,1626133980000,0.25544816805923093,1626133980000,7200,-1.069762945175171,0
2,generation,1626134010000,0.9984121755805929,1626134010000,7201,6.443801403045654,1
2,generation,1626134040000,0.8906102424462288,1626134040000,7202,2.096989631652832,0
2,generation,1626134070000,0.24158611383004916,1626134070000,7203,-1.1440032720565796,0
2,generation,1626134100000,0.30776962925058876,1626134100000,7204,-0.8105672597885132,0
2,generation,1626134130000,0.23861543877630756,1626134130000,7205,-1.1602853536605835,0
2,generation,1626134160000,0.19053070038138792,1626134160000,7206,-1.4465655088424683,0
2,generation,1626134190000,0.18409348605425754,1626134190000,7207,-1.4888560771942139,0
2,generation,1626134220000,0.17697916312836665,1626134220000,7208,-1.5369495153427124,0
2,generation,1626134250000,0.3240319999442124,1626134250000,7209,-0.7353034615516663,0
2,generation,1626134280000,0.25407858253372934,1626134280000,7210,-1.0769766569137573,0
2,generation,1626134310000,0.19833803436408587,1626134310000,7211,-1.396714210510254,0
2,generation,1626134340000,0.1935237651404811,1626134340000,7212,-1.4272741079330444,0
2,generation,1626134370000,0.998358395258107,1626134370000,7213,6.410438060760498,1
2,generation,1626134400000,0.8810993879163154,1626134400000,7214,2.002882480621338,0
2,generation,1626134430000,0.38762992085051684,1626134430000,7215,-0.45728573203086853,0
2,generation,1626134460000,0.5506465556923573,1626134460000,7216,0.2032833844423294,0
2,generation,1626134490000,0.9977870948263372,1626134490000,7217,6.111233711242676,1
2,generation,1626134520000,0.9161618930061926,1626134520000,7218,2.391305446624756,0
2,generation,1626134550000,0.4114724588189052,1626134550000,7219,-0.357881635427475,0
2,generation,1626134580000,0.3661879760732125,1626134580000,7220,-0.5486056208610535,0
2,generation,1626134610000,0.5859534338479008,1626134610000,7221,0.34726187586784363,0
2,generation,1626134640000,0.6154670793812863,1626134640000,7222,0.47035205364227295,0
2,generation,1626134670000,0.5579589111528804,1626134670000,7223,0.23288248479366302,0
2,generation,1626134700000,0.7211329759358676,1626134700000,7224,0.9500885009765625,0
2,generation,1626134730000,0.4623853117796628,1626134730000,7225,-0.15074355900287628,0
2,generation,1626134760000,0.9983453593480478,1626134760000,7226,6.402515411376953,1
2,generation,1626134790000,0.9447575887765823,1626134790000,7227,2.8391973972320557,0
2,generation,1626134820000,0.5424615067190912,1626134820000,7228,0.170256108045578,0
2,generation,1626134850000,0.47738909360745074,1626134850000,7229,-0.09050535410642624,0
2,generation,1626134880000,0.6926813308719985,1626134880000,7230,0.8126848340034485,0
2,generation,1626134910000,0.9979625892063512,1626134910000,7231,6.19403600692749,1
2,generation,1626134940000,0.9265317851049115,1626134940000,7232,2.534595489501953,0
2,generation,1626134970000,0.5492477574827977,1626134970000,7233,0.19763179123401642,0
2,generation,1626135000000,0.4283738216555818,1626135000000,7234,-0.2884890139102936,0
2,generation,1626135030000,0.3673741834804652,1626135030000,7235,-0.5434982180595398,0
2,generation,1626135060000,0.32959971418262535,1626135060000,7236,-0.7099960446357727,0
2,generation,1626135090000,0.2137725189486811,1626135090000,7237,-1.3023337125778198,0
2,generation,1626135120000,0.1993159880763624,1626135120000,7238,-1.3905749320983887,0
2,generation,1626135150000,0.1882836567170947,1626135150000,7239,-1.4612013101577759,0
2,generation,1626135180000,0.1911058175900223,1626135180000,7240,-1.442840814590454,0
2,generation,1626135210000,0.2694350413834586,1626135210000,7241,-0.9974908232688904,0
2,generation,1626135240000,0.998267519755296,1626135240000,7242,6.356467247009277,1
2,generation,1626135270000,0.8591215945523873,1626135270000,7243,1.8080133199691772,0
2,generation,1626135300000,0.21746692077274987,1626135300000,7244,-1.280489444732666,0
2,generation,1626135330000,0.21034919336145946,1626135330000,7245,-1.322821855545044,0
2,generation,1626135360000,0.20602065121692234,1626135360000,7246,-1.349081039428711,0
2,generation,1626135390000,0.1925203394886063,1626135390000,7247,-1.433716058731079,0
2,generation,1626135420000,0.17170122099870747,1626135420000,7248,-1.5736180543899536,0
2,generation,1626135450000,0.17801585950790272,1626135450000,7249,-1.5298484563827515,0
2,generation,1626135480000,0.9983901661608248,1626135480000,7250,6.430013179779053,1
2,generation,1626135510000,0.9730377386518435,1626135510000,7251,3.585984706878662,0
2,generation,1626135540000,0.8966132377637269,1626135540000,7252,2.1601476669311523,0
2,generation,1626135570000,0.9982127627452894,1626135570000,7253,6.325295448303223,1
2,generation,1626135600000,0.8495477916432717,1626135600000,7254,1.7310587167739868,0
2,generation,1626135630000,0.9982303970693175,1626135630000,7255,6.33522891998291,1
2,generation,1626135660000,0.8853068969369933,1626135660000,7256,2.0436744689941406,0
2,generation,1626135690000,0.27031972299994045,1626135690000,7257,-0.9930010437965393,0
2,generation,1626135720000,0.19017548864035858,1626135720000,7258,-1.448870301246643,0
2,generation,1626135750000,0.1851938680846236,1626135750000,7259,-1.4815469980239868,0
2,generation,1626135780000,0.21341013203502204,1626135780000,7260,-1.3044911623001099,0
2,generation,1626135810000,0.2400208432991311,1626135810000,7261,-1.1525652408599854,0
2,generation,1626135840000,0.21868461178727638,1626135840000,7262,-1.273348331451416,0
2,generation,1626135870000,0.18877690589885962,1626135870000,7263,-1.4579771757125854,0
2,generation,1626135900000,0.2252008436245023,1626135900000,7264,-1.2356112003326416,0
2,generation,1626135930000,0.23378290149132808,1626135930000,7265,-1.1870726346969604,0
2,generation,1626135960000,0.2023108784339973,1626135960000,7266,-1.3719134330749512,0
2,generation,1626135990000,0.9982815212841181,1626135990000,7267,6.364595890045166,1
2,generation,1626136020000,0.8759036054865584,1626136020000,7268,1.9541974067687988,0
2,generation,1626136050000,0.26698545173282634,1626136050000,7269,-1.0099713802337646,0
2,generation,1626136080000,0.9984982358283222,1626136080000,7270,6.499611854553223,1
2,generation,1626136110000,0.881296144615532,1626136110000,7271,2.0047619342803955,0
2,generation,1626136140000,0.9984165840988657,1626136140000,7272,6.4465861320495605,1
2,generation,1626136170000,0.9037788197502048,1626136170000,7273,2.2399351596832275,0
2,generation,1626136200000,0.9983666357041158,1626136200000,7274,6.415478706359863,1
2,generation,1626136230000,0.8805480686909072,1626136230000,7275,1.9976304769515991,0
2,generation,1626136260000,0.23136497289363747,1626136260000,7276,-1.2006198167800903,0
2,generation,1626136290000,0.20602063171712728,1626136290000,7277,-1.3490811586380005,0
2,generation,1626136320000,0.17761090507410568,1626136320000,7278,-1.5326184034347534,0
2,generation,1626136350000,0.19171831633538194,1626136350000,7279,-1.4388834238052368,0
2,generation,1626136380000,0.9982605264384066,1626136380000,7280,6.352431774139404,1
2,generation,1626136410000,0.9862337466267216,1626136410000,7281,4.271673202514648,1
2,generation,1626136440000,0.838123441730877,1626136440000,7282,1.6443313360214233,0
2,generation,1626136470000,0.9983356915267549,1626136470000,7283,6.396679878234863,1
2,generation,1626136500000,0.8674357893986893,1626136500000,7284,1.8784743547439575,0
2,generation,1626136530000,0.9984280213193476,1626136530000,7285,6.4538469314575195,1
2,generation,1626136560000,0.8553910222476545,1626136560000,7286,1.7775253057479858,0
2,generation,1626136590000,0.1970867377448739,1626136590000,7287,-1.4046027660369873,0
2,generation,1626136620000,0.21096481094153538,1626136620000,7288,-1.3191195726394653,0
2,generation,1626136650000,0.6227049599876083,1626136650000,7289,0.5010453462600708,0
2,generation,1626136680000,0.3353700163021445,1626136680000,7290,-0.6839960217475891,0
2,generation,1626136710000,0.20446566116262213,1626136710000,7291,-1.3586139678955078,0
2,generation,1626136740000,0.19949817216875992,1626136740000,7292,-1.389433741569519,0
2,generation,1626136770000,0.2864332887177577,1626136770000,7293,-0.9127702713012695,0
2,generation,1626136800000,0.25062497903081943,1626136800000,7294,-1.0952818393707275,0
2,generation,1626136830000,0.20468082483793157,1626136830000,7295,-1.3572916984558105,0
2,generation,1626136860000,0.2032503216510364,1626136860000,7296,-1.3661022186279297,0
2,generation,1626136890000,0.5453366751218576,1626136890000,7297,0.18184615671634674,0
2,generation,1626136920000,0.3247095839345237,1626136920000,7298,-0.7322116494178772,0
2,generation,1626136950000,0.19940821587881094,1626136950000,7299,-1.389997124671936,0
2,generation,1626136980000,0.1776851634474485,1626136980000,7300,-1.5321100950241089,0
2,generation,1626137010000,0.17515598252197237,1626137010000,7301,-1.5495173931121826,0
2,generation,1626137040000,0.23725402726172176,1626137040000,7302,-1.16779363155365,0
2,generation,1626137070000,0.9983317460480222,1626137070000,7303,6.394308090209961,1
2,generation,1626137100000,0.9810400741789669,1626137100000,7304,3.9462857246398926,0
2,generation,1626137130000,0.8667096161021307,1626137130000,7305,1.8721739053726196,0
2,generation,1626137160000,0.9982508409672903,1626137160000,7306,6.346869468688965,1
2,generation,1626137190000,0.9110737954693154,1626137190000,7307,2.326817035675049,0
2,generation,1626137220000,0.2643408554747272,1626137220000,7308,-1.0235275030136108,0
2,generation,1626137250000,0.24099574206416377,1626137250000,7309,-1.1472281217575073,0
2,generation,1626137280000,0.23777455831413022,1626137280000,7310,-1.164919376373291,0
2,generation,1626137310000,0.24839779878077817,1626137310000,7311,-1.1071757078170776,0
2,generation,1626137340000,0.21473626242129895,1626137340000,7312,-1.2966090440750122,0
2,generation,1626137370000,0.22570902617923191,1626137370000,7313,-1.232701063156128,0
2,generation,1626137400000,0.9984390884881463,1626137400000,7314,6.460923194885254,1
2,generation,1626137430000,0.8796318331136761,1626137430000,7315,1.9889483451843262,0
2,generation,1626137460000,0.2349882093372186,1626137460000,7316,-1.1803559064865112,0
2,generation,1626137490000,0.26180347278888033,1626137490000,7317,-1.0366159677505493,0
2,generation,1626137520000,0.26354858469466247,1626137520000,7318,-1.0276055335998535,0
2,generation,1626137550000,0.2348632091476975,1626137550000,7319,-1.1810513734817505,0
2,generation,1626137580000,0.2014180112165226,1626137580000,7320,-1.377455234527588,0
2,generation,1626137610000,0.9983209696625633,1626137610000,7321,6.3878583908081055,1
2,generation,1626137640000,0.8993827179497547,1626137640000,7322,2.19038462638855,0
2,generation,1626137670000,0.9982214231055433,1626137670000,7323,6.3301615715026855,1
2,generation,1626137700000,0.8817535846766378,1626137700000,7324,2.0091419219970703,0
2,generation,1626137730000,0.19823071811239995,1626137730000,7325,-1.39738929271698,0
2,generation,1626137760000,0.9982510499387115,1626137760000,7326,6.346989154815674,1
2,generation,1626137790000,0.8922744296432202,1626137790000,7327,2.1141867637634277,0
2,generation,1626137820000,0.31369413377745164,1626137820000,7328,-0.7829049825668335,0
2,generation,1626137850000,0.267906374527389,1626137850000,7329,-1.0052708387374878,0
2,generation,1626137880000,0.25394736295444914,1626137880000,7330,-1.0776691436767578,0
2,generation,1626137910000,0.22379609875831036,1626137910000,7331,-1.2436798810958862,0
2,generation,1626137940000,0.1861385638549231,1626137940000,7332,-1.4752987623214722,0
2,generation,1626137970000,0.2383452339238597,1626137970000,7333,-1.1617732048034668,0
2,generation,1626138000000,0.3132103154339614,1626138000000,7334,-0.7851532101631165,0
2,generation,1626138030000,0.23050784075583683,1626138030000,7335,-1.2054458856582642,0
2,generation,1626138060000,0.19007407433700627,1626138060000,7336,-1.4495289325714111,0
2,generation,1626138090000,0.9984370234289557,1626138090000,7337,6.459599018096924,1
2,generation,1626138120000,0.8949644732790035,1626138120000,7338,2.1424853801727295,0
2,generation,1626138150000,0.9980652942231905,1626138150000,7339,6.245863437652588,1
2,generation,1626138180000,0.8900050008451963,1626138180000,7340,2.090792179107666,0
2,generation,1626138210000,0.997275494201595,1626138210000,7341,5.902740001678467,1
2,generation,1626138240000,0.8596842574825643,1626138240000,7342,1.8126699924468994,0
2,generation,1626138270000,0.18485506371470867,1626138270000,7343,-1.48379385471344,0
2,generation,1626138300000,0.20963005569041512,1626138300000,7344,-1.3271567821502686,0
2,generation,1626138330000,0.9984832087249191,1626138330000,7345,6.489640235900879,1
2,generation,1626138360000,0.8948025929165615,1626138360000,7346,2.1407644748687744,0
2,generation,1626138390000,0.27085244947751796,1626138390000,7347,-0.9903019070625305,0
2,generation,1626138420000,0.18731312208025583,1626138420000,7348,-1.4675642251968384,0
2,generation,1626138450000,0.19089827663845788,1626138450000,7349,-1.4441839456558228,0
2,generation,1626138480000,0.20569659755516925,1626138480000,7350,-1.3510632514953613,0
2,generation,1626138510000,0.24072138440801574,1626138510000,7351,-1.148728609085083,0
2,generation,1626138540000,0.2554648103529127,1626138540000,7352,-1.0696754455566406,0
2,generation,1626138570000,0.6836255125482511,1626138570000,7353,0.770483672618866,0
2,generation,1626138600000,0.9981825646418748,1626138600000,7354,6.308509826660156,1
2,generation,1626138630000,0.8845494670124798,1626138630000,7355,2.03623628616333,0
2,generation,1626138660000,0.9983951606556511,1626138660000,7356,6.4331254959106445,1
2,generation,1626138690000,0.9004093985266304,1626138690000,7357,2.201781749725342,0
2,generation,1626138720000,0.21530635032047868,1626138720000,7358,-1.29323148727417,0
2,generation,1626138750000,0.2885922710360764,1626138750000,7359,-0.9022308588027954,0
2,generation,1626138780000,0.4830532322300787,1626138780000,7360,-0.06781304627656937,0
2,generation,1626138810000,0.9980883270824907,1626138810000,7361,6.2578630447387695,1
2,generation,1626138840000,0.8869214814003586,1626138840000,7362,2.059674024581909,0
2,generation,1626138870000,0.26438608604880887,1626138870000,7363,-1.0232949256896973,0
2,generation,1626138900000,0.20670791033566982,1626138900000,7364,-1.3448847532272339,0
2,generation,1626138930000,0.25365023435467904,1626138930000,7365,-1.0792380571365356,0
2,generation,1626138960000,0.9985497027708681,1626138960000,7366,6.5345354080200195,1
2,generation,1626138990000,0.8745973839833804,1626138990000,7367,1.9422341585159302,0
2,generation,1626139020000,0.21305886594410853,1626139020000,7368,-1.3065849542617798,0
2,generation,1626139050000,0.19420383783684694,1626139050000,7369,-1.4229224920272827,0
2,generation,1626139080000,0.6991301748449728,1626139080000,7370,0.8431592583656311,0
2,generation,1626139110000,0.36476424454628176,1626139110000,7371,-0.5547449588775635,0
2,generation,1626139140000,0.26008834010924425,1626139140000,7372,-1.0455094575881958,0
2,generation,1626139170000,0.4527428807920512,1626139170000,7373,-0.18959437310695648,0
2,generation,1626139200000,0.3236139983249,1626139200000,7374,-0.7372124791145325,0
2,generation,1626139230000,0.4624448611504282,1626139230000,7375,-0.150504007935524,0
2,generation,1626139260000,0.3435081558489071,1626139260000,7376,-0.6476994156837463,0
2,generation,1626139290000,0.9983981017267008,1626139290000,7377,6.434962749481201,1
2,generation,1626139320000,0.8851961925509184,1626139320000,7378,2.0425846576690674,0
2,generation,1626139350000,0.21730191546117006,1626139350000,7379,-1.2814593315124512,0
2,generation,1626139380000,0.21951814364738267,1626139380000,7380,-1.2684766054153442,0
2,generation,1626139410000,0.25861629658991087,1626139410000,7381,-1.0531728267669678,0
2,generation,1626139440000,0.22749537753803395,1626139440000,7382,-1.2225080728530884,0
2,generation,1626139470000,0.19924981007276976,1626139470000,7383,-1.3909896612167358,0
2,generation,1626139500000,0.9984250511171173,1626139500000,7384,6.451956272125244,1
2,generation,1626139530000,0.8886042583279982,1626139530000,7385,2.0765628814697266,0
2,generation,1626139560000,0.9983920350754156,1626139560000,7386,6.431176662445068,1
2,generation,1626139590000,0.877586517156167,1626139590000,7387,1.9697710275650024,0
2,generation,1626139620000,0.23118376585468114,1626139620000,7388,-1.2016390562057495,0
2,generation,1626139650000,0.2105508577050246,1626139650000,7389,-1.3216081857681274,0
2,generation,1626139680000,0.217428358704462,1626139680000,7390,-1.280716061592102,0
2,generation,1626139710000,0.4102387352132269,1626139710000,7391,-0.3629785478115082,0
2,generation,1626139740000,0.2828432651417392,1626139740000,7392,-0.9304015040397644,0
2,generation,1626139770000,0.9983738318546751,1626139770000,7393,6.419901371002197,1
2,generation,1626139800000,0.9908684363835419,1626139800000,7394,4.686844825744629,1
2,generation,1626139830000,0.8799458511061163,1626139830000,7395,1.9919174909591675,0
2,generation,1626139860000,0.22484870314589225,1626139860000,7396,-1.2376304864883423,0
2,generation,1626139890000,0.27252320938241686,1626139890000,7397,-0.9818583130836487,0
2,generation,1626139920000,0.3072898294352925,1626139920000,7398,-0.812820315361023,0
2,generation,1626139950000,0.9983039199086026,1626139950000,7399,6.377737998962402,1
2,generation,1626139980000,0.9023626856418688,1626139980000,7400,2.223756790161133,0
2,generation,1626140010000,0.2835112639962118,1626140010000,7401,-0.9271106719970703,0
2,generation,1626140040000,0.9985364210902617,1626140040000,7402,6.5254058837890625,1
2,generation,1626140070000,0.8811354756751119,1626140070000,7403,2.0032269954681396,0
2,generation,1626140100000,0.3957886997009853,1626140100000,7404,-0.42304348945617676,0
2,generation,1626140130000,0.32636084924996106,1626140130000,7405,-0.7246909141540527,0
2,generation,1626140160000,0.4707714878494893,1626140160000,7406,-0.1170474961400032,0
2,generation,1626140190000,0.31859353678934427,1626140190000,7407,-0.7602428793907166,0
2,generation,1626140220000,0.4659922542753601,1626140220000,7408,-0.13624133169651031,0
2,generation,1626140250000,0.3076943188561219,1626140250000,7409,-0.810920774936676,0
2,generation,1626140280000,0.5314212270812667,1626140280000,7410,0.12585075199604034,0
2,generation,1626140310000,0.9983814171279715,1626140310000,7411,6.42458438873291,1
2,generation,1626140340000,0.9143625118400012,1626140340000,7412,2.3681039810180664,0
2,generation,1626140370000,0.9984087672180749,1626140370000,7413,6.441653728485107,1
2,generation,1626140400000,0.9008359182108611,1626140400000,7414,2.206547260284424,0
2,generation,1626140430000,0.3556841874475619,1626140430000,7415,-0.5941457748413086,0
2,generation,1626140460000,0.6626582157536743,1626140460000,7416,0.6751627326011658,0
2,generation,1626140490000,0.4097653652380973,1626140490000,7417,-0.36493542790412903,0
2,generation,1626140520000,0.505992335657908,1626140520000,7418,0.02397049032151699,0
2,generation,1626140550000,0.334346359301123,1626140550000,7419,-0.6885920166969299,0
2,generation,1626140580000,0.2123668112840901,1626140580000,7420,-1.3107174634933472,0
2,generation,1626140610000,0.2117810527987511,1626140610000,7421,-1.3142229318618774,0
2,generation,1626140640000,0.23232587889803136,1626140640000,7422,-1.1952242851257324,0
2,generation,1626140670000,0.22926039815353008,1626140670000,7423,-1.2124921083450317,0
2,generation,1626140700000,0.9983475358767555,1626140700000,7424,6.403833866119385,1
2,generation,1626140730000,0.9205708513080845,1626140730000,7425,2.4501285552978516,0
2,generation,1626140760000,0.48037892442014885,1626140760000,7426,-0.0785246267914772,0
2,generation,1626140790000,0.33842922710493306,1626140790000,7427,-0.6703019738197327,0
2,generation,1626140820000,0.3869148420918424,1626140820000,7428,-0.46029922366142273,0
2,generation,1626140850000,0.44695418391315356,1626140850000,7429,-0.21298475563526154,0
2,generation,1626140880000,0.33716261099497985,1626140880000,7430,-0.67596435546875,0
2,generation,1626140910000,0.6673268252762401,1626140910000,7431,0.6961193680763245,0
2,generation,1626140940000,0.4390822017045751,1626140940000,7432,-0.24488772451877594,0
2,generation,1626140970000,0.46632179665131773,1626140970000,7433,-0.13491709530353546,0
2,generation,1626141000000,0.35611863225289714,1626141000000,7434,-0.5922505855560303,0
2,generation,1626141030000,0.26234318964450243,1626141030000,7435,-1.033825159072876,0
2,generation,1626141060000,0.4789832592051783,1626141060000,7436,-0.08411652594804764,0
2,generation,1626141090000,0.3127649909101652,1626141090000,7437,-0.7872242331504822,0
2,generation,1626141120000,0.38264582697291966,1626141120000,7438,-0.478333055973053,0
2,generation,1626141150000,0.998393947700188,1626141150000,7439,6.432368755340576,1
2,generation,1626141180000,0.8915771069141085,1626141180000,7440,2.106952667236328,0
2,generation,1626141210000,0.8316055877659542,1626141210000,7441,1.597049355506897,0
2,generation,1626141240000,0.9978442116461421,1626141240000,7442,6.1374406814575195,1
2,generation,1626141270000,0.8955857884790989,1626141270000,7443,2.1491122245788574,0
2,generation,1626141300000,0.6760708820952401,1626141300000,7444,0.7357732057571411,0
2,generation,1626141330000,0.3447281372205756,1626141330000,7445,-0.6422941088676453,0
2,generation,1626141360000,0.36232335595276904,1626141360000,7446,-0.5652942657470703,0
2,generation,1626141390000,0.9984159243551695,1626141390000,7447,6.446168899536133,1
2,generation,1626141420000,0.8959766180514184,1626141420000,7448,2.1532986164093018,0
2,generation,1626141450000,0.9984860586016793,1626141450000,7449,6.491523742675781,1
2,generation,1626141480000,0.8970324893576481,1626141480000,7450,2.1646785736083984,0
2,generation,1626141510000,0.9984351329665776,1626141510000,7451,6.458388328552246,1
2,generation,1626141540000,0.9310854163337884,1626141540000,7452,2.603483200073242,0
2,generation,1626141570000,0.3017964799808026,1626141570000,7453,-0.8387577533721924,0
2,generation,1626141600000,0.6981146533204738,1626141600000,7454,0.8383360505104065,0
2,generation,1626141630000,0.4250854308647727,1626141630000,7455,-0.3019312918186188,0
2,generation,1626141660000,0.9983220259785793,1626141660000,7456,6.38848876953125,1
2,generation,1626141690000,0.898969251282773,1626141690000,7457,2.185823917388916,0
2,generation,1626141720000,0.2666420615440538,1626141720000,7458,-1.0117267370224,0
2,generation,1626141750000,0.6187855797679945,1626141750000,7459,0.4843968152999878,0
2,generation,1626141780000,0.4560867126660938,1626141780000,7460,-0.17610688507556915,0
2,generation,1626141810000,0.997187613163997,1626141810000,7461,5.87090539932251,1
2,generation,1626141840000,0.9250133712672663,1626141840000,7462,2.512498378753662,0
2,generation,1626141870000,0.4221432559387356,1626141870000,7463,-0.3139812648296356,0
2,generation,1626141900000,0.3936297348150819,1626141900000,7464,-0.43208009004592896,0
2,generation,1626141930000,0.3576419826919901,1626141930000,7465,-0.5856133699417114,0
2,generation,1626141960000,0.31152549180688,1626141960000,7466,-0.7929971218109131,0
2,generation,1626141990000,0.7946939347562332,1626141990000,7467,1.3534551858901978,0
2,generation,1626142020000,0.997782254817989,1626142020000,7468,6.109044075012207,1
2,generation,1626142050000,0.8850576994937395,1626142050000,7469,2.04122257232666,0
2,generation,1626142080000,0.21994771944449668,1626142080000,7470,-1.265971064567566,0
2,generation,1626142110000,0.46501299613220864,1626142110000,7471,-0.14017710089683533,0
2,generation,1626142140000,0.5428286002389969,1626142140000,7472,0.1717352420091629,0
2,generation,1626142170000,0.4876743776561494,1626142170000,7473,-0.04931247979402542,0
2,generation,1626142200000,0.38589898772348374,1626142200000,7474,-0.46458378434181213,0
2,generation,1626142230000,0.9983384867331714,1626142230000,7475,6.3983635902404785,1
2,generation,1626142260000,0.9421674002890368,1626142260000,7476,2.790630340576172,0
2,generation,1626142290000,0.31923988547228377,1626142290000,7477,-0.75726717710495,0
2,generation,1626142320000,0.42214561866733696,1626142320000,7478,-0.3139715790748596,0
2,generation,1626142350000,0.3836179613096345,1626142350000,7479,-0.47421979904174805,0
2,generation,1626142380000,0.503578465333372,1626142380000,7480,0.014314105734229088,0
2,generation,1626142410000,0.5804602419534973,1626142410000,7481,0.3246630132198334,0
2,generation,1626142440000,0.4602804939561715,1626142440000,7482,-0.15921349823474884,0
2,generation,1626142470000,0.27902523750117064,1626142470000,7483,-0.9493018984794617,0
2,generation,1626142500000,0.853096407740604,1626142500000,7484,1.7590960264205933,0
2,generation,1626142530000,0.8077627978678917,1626142530000,7485,1.435538411140442,0
2,generation,1626142560000,0.5696689753920614,1626142560000,7486,0.28050071001052856,0
2,generation,1626142590000,0.4008747565005079,1626142590000,7487,-0.4018216133117676,0
2,generation,1626142620000,0.37882383649305607,1626142620000,7488,-0.4945434331893921,0
2,generation,1626142650000,0.5447125942642136,1626142650000,7489,0.17932942509651184,0
2,generation,1626142680000,0.5154339257360641,1626142680000,7490,0.06175532191991806,0
2,generation,1626142710000,0.4210183133730414,1626142710000,7491,-0.3185945153236389,0
2,generation,1626142740000,0.5280795298698908,1626142740000,7492,0.11243642121553421,0
2,generation,1626142770000,0.3794929919919349,1626142770000,7493,-0.49170076847076416,0
2,generation,1626142800000,0.5490696685382014,1626142800000,7494,0.196912482380867,0
2,generation,1626142830000,0.9982242340816665,1626142830000,7495,6.3317461013793945,1
2,generation,1626142860000,0.9333567581167189,1626142860000,7496,2.6394338607788086,0
2,generation,1626142890000,0.32052094698149525,1626142890000,7497,-0.7513787746429443,0
2,generation,1626142920000,0.661536875321184,1626142920000,7498,0.6701505780220032,0
2,generation,1626142950000,0.42995044896701395,1626142950000,7499,-0.2820533215999603,0
2,generation,1626142980000,0.9980658171413513,1626142980000,7500,6.246134281158447,1
2,generation,1626143010000,0.916903746455963,1626143010000,7501,2.401002883911133,0
2,generation,1626143040000,0.9977901670487518,1626143040000,7502,6.112626075744629,1
2,generation,1626143070000,0.8868177360713333,1626143070000,7503,2.0586400032043457,0
2,generation,1626143100000,0.31283625347564037,1626143100000,7504,-0.7868927121162415,0
2,generation,1626143130000,0.2871194012984916,1626143130000,7505,-0.9094157814979553,0
2,generation,1626143160000,0.3888103812941815,1626143160000,7506,-0.45231547951698303,0
2,generation,1626143190000,0.301488946385371,1626143190000,7507,-0.840217649936676,0
2,generation,1626143220000,0.22840439700188359,1626143220000,7508,-1.2173428535461426,0
2,generation,1626143250000,0.5118782890963377,1626143250000,7509,0.04752209782600403,0
2,generation,1626143280000,0.3472761281753256,1626143280000,7510,-0.6310339570045471,0
2,generation,1626143310000,0.3241006627056654,1626143310000,7511,-0.7349900007247925,0
2,generation,1626143340000,0.2866792322672001,1626143340000,7512,-0.9115672707557678,0
2,generation,1626143370000,0.24581990840365442,1626143370000,7513,-1.1210319995880127,0
2,generation,1626143400000,0.21244586338650884,1626143400000,7514,-1.3102449178695679,0
2,generation,1626143430000,0.522346534565997,1626143430000,7515,0.08944572508335114,0
2,generation,1626143460000,0.49976134814271667,1626143460000,7516,-0.0009546075016260147,0
2,generation,1626143490000,0.33849275305008597,1626143490000,7517,-0.6700182557106018,0
2,generation,1626143520000,0.2394858883300713,1626143520000,7518,-1.1555001735687256,0
2,generation,1626143550000,0.4596348925116578,1626143550000,7519,-0.16181257367134094,0
2,generation,1626143580000,0.424207590525435,1626143580000,7520,-0.3055242598056793,0
2,generation,1626143610000,0.5502597001176576,1626143610000,7521,0.20172004401683807,0
2,generation,1626143640000,0.44214694556231504,1626143640000,7522,-0.23245330154895782,0
2,generation,1626143670000,0.3608035405027932,1626143670000,7523,-0.5718782544136047,0
2,generation,1626143700000,0.4725395677610904,1626143700000,7524,-0.10995236784219742,0
2,generation,1626143730000,0.4608266356532588,1626143730000,7525,-0.15701524913311005,0
2,generation,1626143760000,0.392580513223468,1626143760000,7526,-0.43647798895835876,0
2,generation,1626143790000,0.3660570757529057,1626143790000,7527,-0.549169659614563,0
2,generation,1626143820000,0.46864883296988114,1626143820000,7528,-0.1255694031715393,0
2,generation,1626143850000,0.3288672714229485,1626143850000,7529,-0.7133126854896545,0
2,generation,1626143880000,0.23418630231709286,1626143880000,7530,-1.1848219633102417,0
2,generation,1626143910000,0.4111296647082418,1626143910000,7531,-0.35929736495018005,0
2,generation,1626143940000,0.36345256609842647,1626143940000,7532,-0.5604101419448853,0
2,generation,1626143970000,0.2795935059911173,1626143970000,7533,-0.9464788436889648,0
2,generation,1626144000000,0.21665647520674997,1626144000000,7534,-1.2852582931518555,0
2,generation,1626144030000,0.23906499684272114,1626144030000,7535,-1.157812476158142,0
2,generation,1626144060000,0.6108614390986368,1626144060000,7536,0.45093467831611633,0
2,generation,1626144090000,0.35151469286077874,1626144090000,7537,-0.6123878359794617,0
2,generation,1626144120000,0.3196167726507105,1626144120000,7538,-0.7555335164070129,0
2,generation,1626144150000,0.2594565868408883,1626144150000,7539,-1.0487948656082153,0
2,generation,1626144180000,0.23326892499466698,1626144180000,7540,-1.1899441480636597,0
2,generation,1626144210000,0.24936877894964687,1626144210000,7541,-1.1019816398620605,0
2,generation,1626144240000,0.4088180543199551,1626144240000,7542,-0.3688536286354065,0
2,generation,1626144270000,0.3259472242227762,1626144270000,7543,-0.7265729308128357,0
2,generation,1626144300000,0.6327540003849536,1626144300000,7544,0.5440497994422913,0
2,generation,1626144330000,0.3348232255854095,1626144330000,7545,-0.6864501237869263,0
2,generation,1626144360000,0.36800116066352556,1626144360000,7546,-0.540801465511322,0
2,generation,1626144390000,0.4708514163057007,1626144390000,7547,-0.11672668904066086,0
2,generation,1626144420000,0.4478024901807635,1626144420000,7548,-0.209553524851799,0
2,generation,1626144450000,0.3800777487934045,1626144450000,7549,-0.48921823501586914,0
2,generation,1626144480000,0.48988037744076685,1626144480000,7550,-0.04048401862382889,0
2,generation,1626144510000,0.9977032696079057,1626144510000,7551,6.07396936416626,1
2,generation,1626144540000,0.893038562277374,1626144540000,7552,2.122161388397217,0
2,generation,1626144570000,0.9976742122617356,1626144570000,7553,6.061367988586426,1
2,generation,1626144600000,0.9056398010189626,1626144600000,7554,2.2615222930908203,0
2,generation,1626144630000,0.42295040335487744,1626144630000,7555,-0.3106732964515686,0
2,generation,1626144660000,0.4981455268624191,1626144660000,7556,-0.00741792656481266,0
2,generation,1626144690000,0.39738860632792594,1626144690000,7557,-0.4163578748703003,0
2,generation,1626144720000,0.4401787092558611,1626144720000,7558,-0.24043680727481842,0
2,generation,1626144750000,0.4277648729251128,1626144750000,7559,-0.29097628593444824,0
2,generation,1626144780000,0.4717662011691602,1626144780000,7560,-0.11305546015501022,0
2,generation,1626144810000,0.38217809017628823,1626144810000,7561,-0.4803135395050049,0
2,generation,1626144840000,0.39725982294336776,1626144840000,7562,-0.41689568758010864,0
2,generation,1626144870000,0.9976754069136057,1626144870000,7563,6.061882972717285,1
2,generation,1626144900000,0.9105849674559974,1626144900000,7564,2.320798397064209,0
2,generation,1626144930000,0.39406777665915965,1626144930000,7565,-0.43024522066116333,0
2,generation,1626144960000,0.9980131809786099,1626144960000,7566,6.219231605529785,1
2,generation,1626144990000,0.892394959448355,1626144990000,7567,2.11544132232666,0
2,generation,1626145020000,0.4215365310077995,1626145020000,7568,-0.3164689540863037,0
2,generation,1626145050000,0.4070033650668982,1626145050000,7569,-0.3763672709465027,0
2,generation,1626145080000,0.3985465156844547,1626145080000,7570,-0.4115249812602997,0
2,generation,1626145110000,0.9978431743701025,1626145110000,7571,6.136958599090576,1
2,generation,1626145140000,0.9130490689201424,1626145140000,7572,2.3514456748962402,0
2,generation,1626145170000,0.3977591000960765,1626145170000,7573,-0.41481098532676697,0
2,generation,1626145200000,0.36445849446751377,1626145200000,7574,-0.5560647249221802,0
2,generation,1626145230000,0.47125620483585756,1626145230000,7575,-0.11510208994150162,0
2,generation,1626145260000,0.4290825222189625,1626145260000,7576,-0.2855954170227051,0
2,generation,1626145290000,0.4577329665632882,1626145290000,7577,-0.1694725900888443,0
2,generation,1626145320000,0.4103339815537685,1626145320000,7578,-0.3625848889350891,0
2,generation,1626145350000,0.39094719701235187,1626145350000,7579,-0.4433324635028839,0
2,generation,1626145380000,0.4388996351747192,1626145380000,7580,-0.24562902748584747,0
2,generation,1626145410000,0.4612245451931795,1626145410000,7581,-0.15541388094425201,0
2,generation,1626145440000,0.3777694214550929,1626145440000,7582,-0.49902671575546265,0
2,generation,1626145470000,0.4276474554743707,1626145470000,7583,-0.2914559841156006,0
2,generation,1626145500000,0.42810019497685775,1626145500000,7584,-0.2896065413951874,0
2,generation,1626145530000,0.44586051383048897,1626145530000,7585,-0.21741028130054474,0
2,generation,1626145560000,0.4581577597698363,1626145560000,7586,-0.16776131093502045,0
2,generation,1626145590000,0.3908282719170703,1626145590000,7587,-0.4438319504261017,0
2,generation,1626145620000,0.4118047777701193,1626145620000,7588,-0.3565095067024231,0
2,generation,1626145650000,0.4706771861535617,1626145650000,7589,-0.11742600053548813,0
2,generation,1626145680000,0.4359323277014517,1626145680000,7590,-0.25768721103668213,0
2,generation,1626145710000,0.40848816399109794,1626145710000,7591,-0.37021875381469727,0
2,generation,1626145740000,0.4202008048969642,1626145740000,7592,-0.3219491243362427,0
2,generation,1626145770000,0.3946057647542541,1626145770000,7593,-0.42799267172813416,0
2,generation,1626145800000,0.5057870075269258,1626145800000,7594,0.02314906381070614,0
2,generation,1626145830000,0.4123500831137841,1626145830000,7595,-0.3542586863040924,0
2,generation,1626145860000,0.46762455047435975,1626145860000,7596,-0.1296832412481308,0
2,generation,1626145890000,0.4059925335636867,1626145890000,7597,-0.380557119846344,0
2,generation,1626145920000,0.4017182032891312,1626145920000,7598,-0.3983110189437866,0
2,generation,1626145950000,0.48037263837775407,1626145950000,7599,-0.0785498097538948,0
2,generation,1626145980000,0.4218190143760834,1626145980000,7600,-0.31531059741973877,0
2,generation,1626146010000,0.39384144891128736,1626146010000,7601,-0.43119317293167114,0
2,generation,1626146040000,0.4340149645771965,1626146040000,7602,-0.2654886245727539,0
2,generation,1626146070000,0.47740279324590107,1626146070000,7603,-0.09045044332742691,0
2,generation,1626146100000,0.3943272186160971,1626146100000,7604,-0.4291588068008423,0
2,generation,1626146130000,0.9974848258667598,1626146130000,7605,5.9828948974609375,1
2,generation,1626146160000,0.9231717927160175,1626146160000,7606,2.486243486404419,0
2,generation,1626146190000,0.3910029458375384,1626146190000,7607,-0.4430983364582062,0
2,generation,1626146220000,0.9980384766645656,1626146220000,7608,6.232070446014404,1
2,generation,1626146250000,0.9263511598329344,1626146250000,7609,2.531944990158081,0
2,generation,1626146280000,0.3769494205602767,1626146280000,7610,-0.5025166869163513,0
2,generation,1626146310000,0.4293321145271579,1626146310000,7611,-0.2845766246318817,0
2,generation,1626146340000,0.4746791160854171,1626146340000,7612,-0.10137025266885757,0
2,generation,1626146370000,0.9979321401309249,1626146370000,7613,6.179171085357666,1
2,generation,1626146400000,0.9059523885493954,1626146400000,7614,2.265185594558716,0
2,generation,1626146430000,0.3661869938668102,1626146430000,7615,-0.5486098527908325,0
2,generation,1626146460000,0.4428756547204417,1626146460000,7616,-0.22949941456317902,0
2,generation,1626146490000,0.42272947423793616,1626146490000,7617,-0.31157857179641724,0
2,generation,1626146520000,0.4566240578683548,1626146520000,7618,-0.1739410012960434,0
2,generation,1626146550000,0.39457810568650004,1626146550000,7619,-0.42810845375061035,0
2,generation,1626146580000,0.9979557960406519,1626146580000,7620,6.190700531005859,1
2,generation,1626146610000,0.901739402606745,1626146610000,7621,2.216702461242676,0
2,generation,1626146640000,0.4333228662201886,1626146640000,7622,-0.2683066129684448,0
2,generation,1626146670000,0.3615723135147338,1626146670000,7623,-0.5685463547706604,0
2,generation,1626146700000,0.4187151884926898,1626146700000,7624,-0.328049898147583,0
2,generation,1626146730000,0.997783089291312,1626146730000,7625,6.109421253204346,1
2,generation,1626146760000,0.9223542428223659,1626146760000,7626,2.4747724533081055,0
2,generation,1626146790000,0.3676339746691583,1626146790000,7627,-0.5423805713653564,0
2,generation,1626146820000,0.3999254397558969,1626146820000,7628,-0.405775785446167,0
2,generation,1626146850000,0.9976471152201706,1626146850000,7629,6.049757480621338,1
2,generation,1626146880000,0.9900013935267038,1626146880000,7630,4.5952606201171875,1
2,generation,1626146910000,0.8902175669691591,1626146910000,7631,2.0929653644561768,0
2,generation,1626146940000,0.9979406312772321,1626146940000,7632,6.183294296264648,1
2,generation,1626146970000,0.8987076738531897,1626146970000,7633,2.1829471588134766,0
2,generation,1626147000000,0.4096727898934817,1626147000000,7634,-0.3653182089328766,0
2,generation,1626147030000,0.45569750708168183,1626147030000,7635,-0.17767591774463654,0
2,generation,1626147060000,0.41151973830809313,1626147060000,7636,-0.3576864004135132,0
2,generation,1626147090000,0.42340627968140426,1626147090000,7637,-0.3088057041168213,0
2,generation,1626147120000,0.37820941432074556,1626147120000,7638,-0.4971553087234497,0
2,generation,1626147150000,0.9983112013814623,1626147150000,7639,6.382047653198242,1
2,generation,1626147180000,0.9675458027534812,1626147180000,7640,3.394932985305786,0
2,generation,1626147210000,0.8977679201619727,1626147210000,7641,2.172666072845459,0
2,generation,1626147240000,0.3991198254798857,1626147240000,7642,-0.4091338515281677,0
2,generation,1626147270000,0.4477927699861354,1626147270000,7643,-0.20959283411502838,0
2,generation,1626147300000,0.9977332333358688,1626147300000,7644,6.087131500244141,1
2,generation,1626147330000,0.8965766108156645,1626147330000,7645,2.159752607345581,0
2,generation,1626147360000,0.4556448463476018,1626147360000,7646,-0.17788822948932648,0
2,generation,1626147390000,0.997937256474003,1626147390000,7647,6.1816534996032715,1
2,generation,1626147420000,0.9022663952335421,1626147420000,7648,2.2226643562316895,0
2,generation,1626147450000,0.4142824632269473,1626147450000,7649,-0.34628963470458984,0
2,generation,1626147480000,0.3854351080524681,1626147480000,7650,-0.46654167771339417,0
2,generation,1626147510000,0.4253304675585675,1626147510000,7651,-0.3009287118911743,0
2,generation,1626147540000,0.5346350688444229,1626147540000,7652,0.13876250386238098,0
2,generation,1626147570000,0.4529649462741397,1626147570000,7653,-0.18869814276695251,0
2,generation,1626147600000,0.37523133870905473,1626147600000,7654,-0.5098387002944946,0
2,generation,1626147630000,0.4525884336960119,1626147630000,7655,-0.1902177482843399,0
2,generation,1626147660000,0.4405233960368814,1626147660000,7656,-0.2390381544828415,0
2,generation,1626147690000,0.4359754915910408,1626147690000,7657,-0.2575116753578186,0
2,generation,1626147720000,0.40914827894573647,1626147720000,7658,-0.36748746037483215,0
2,generation,1626147750000,0.3936921279901609,1626147750000,7659,-0.4318186938762665,0
2,generation,1626147780000,0.4220502835809287,1626147780000,7660,-0.31436240673065186,0
2,generation,1626147810000,0.44521133189216144,1626147810000,7661,-0.22003819048404694,0
2,generation,1626147840000,0.9979709005377102,1626147840000,7662,6.198132038116455,1
2,generation,1626147870000,0.9895426394984466,1626147870000,7663,4.549936771392822,1
2,generation,1626147900000,0.9500183070292442,1626147900000,7664,2.944824457168579,0
2,generation,1626147930000,0.9909016197818645,1626147930000,7665,4.690518856048584,1
2,generation,1626147960000,0.906002856442977,1626147960000,7666,2.265778064727783,0
2,generation,1626147990000,0.36230729869646333,1626147990000,7667,-0.5653637647628784,0
2,generation,1626148020000,0.3354885084932619,1626148020000,7668,-0.6834644675254822,0
2,generation,1626148050000,0.29534910205655507,1626148050000,7669,-0.8695444464683533,0
2,generation,1626148080000,0.25746800808907283,1626148080000,7670,-1.0591704845428467,0
2,generation,1626148110000,0.23665797386020052,1626148110000,7671,-1.1710902452468872,0
2,generation,1626148140000,0.2729697376910612,1626148140000,7672,-0.9796071648597717,0
2,generation,1626148170000,0.2788721782910963,1626148170000,7673,-0.9500628709793091,0
2,generation,1626148200000,0.26791867301864797,1626148200000,7674,-1.005208134651184,0
2,generation,1626148230000,0.24604044969005723,1626148230000,7675,-1.119842767715454,0
2,generation,1626148260000,0.9985255277977263,1626148260000,7676,6.517979621887207,1
2,generation,1626148290000,0.8937749466932408,1626148290000,7677,2.1298940181732178,0
2,generation,1626148320000,0.3146806731981707,1626148320000,7678,-0.7783265113830566,0
2,generation,1626148350000,0.3267339133640758,1626148350000,7679,-0.7229945063591003,0
2,generation,1626148380000,0.2384658161650672,1626148380000,7680,-1.1611090898513794,0
2,generation,1626148410000,0.5667637778577215,1626148410000,7681,0.26865947246551514,0
2,generation,1626148440000,0.3347139418169193,1626148440000,7682,-0.6869408488273621,0
2,generation,1626148470000,0.9985583475203771,1626148470000,7683,6.540522575378418,1
2,generation,1626148500000,0.8868987157286973,1626148500000,7684,2.0594470500946045,0
2,generation,1626148530000,0.25361336046264854,1626148530000,7685,-1.0794328451156616,0
2,generation,1626148560000,0.46521270421713484,1626148560000,7686,-0.13937436044216156,0
2,generation,1626148590000,0.9984032928608857,1626148590000,7687,6.43821382522583,1
2,generation,1626148620000,0.9073437154647293,1626148620000,7688,2.2816245555877686,0
2,generation,1626148650000,0.9983704840631417,1626148650000,7689,6.41784143447876,1
2,generation,1626148680000,0.87764295685811,1626148680000,7690,1.9702965021133423,0
2,generation,1626148710000,0.2716151093913248,1626148710000,7691,-0.9864435791969299,0
2,generation,1626148740000,0.35673410006307305,1626148740000,7692,-0.5895674824714661,0
2,generation,1626148770000,0.4054041229701456,1626148770000,7693,-0.3829975724220276,0
2,generation,1626148800000,0.33366114625477616,1626148800000,7694,-0.6916723847389221,0
2,generation,1626148830000,0.2528659056852055,1626148830000,7695,-1.0833853483200073,0
2,generation,1626148860000,0.25123299303750224,1626148860000,7696,-1.092047095298767,0
2,generation,1626148890000,0.31207271141566806,1626148890000,7697,-0.790446937084198,0
2,generation,1626148920000,0.36889322750616904,1626148920000,7698,-0.5369678139686584,0
2,generation,1626148950000,0.23796430430703577,1626148950000,7699,-1.1638727188110352,0
2,generation,1626148980000,0.24264402178457745,1626148980000,7700,-1.1382379531860352,0
2,generation,1626149010000,0.9984170679877482,1626149010000,7701,6.446892261505127,1
2,generation,1626149040000,0.887293796199999,1626149040000,7702,2.06339168548584,0
2,generation,1626149070000,0.2914987468011271,1626149070000,7703,-0.8881161212921143,0
2,generation,1626149100000,0.3309411384680918,1626149100000,7704,-0.7039315104484558,0
2,generation,1626149130000,0.34191252114065324,1626149130000,7705,-0.6547829508781433,0
2,generation,1626149160000,0.30547331515510084,1626149160000,7706,-0.8213681578636169,0
2,generation,1626149190000,0.5642478948570746,1626149190000,7707,0.2584201693534851,0
2,generation,1626149220000,0.4066913053548255,1626149220000,7708,-0.3776603937149048,0
2,generation,1626149250000,0.28657300639890204,1626149250000,7709,-0.9120867848396301,0
2,generation,1626149280000,0.5517981626078248,1626149280000,7710,0.20793867111206055,0
2,generation,1626149310000,0.3458651801207985,1626149310000,7711,-0.6372644305229187,0
2,generation,1626149340000,0.2573710020583618,1626149340000,7712,-1.0596779584884644,0
2,generation,1626149370000,0.4356896606719316,1626149370000,7713,-0.25867414474487305,0
2,generation,1626149400000,0.3735751143721337,1626149400000,7714,-0.5169097781181335,0
2,generation,1626149430000,0.9981751274017263,1626149430000,7715,6.304418563842773,1
2,generation,1626149460000,0.8726361550505878,1626149460000,7716,1.9244707822799683,0
2,generation,1626149490000,0.21518122456096625,1626149490000,7717,-1.2939722537994385,0
2,generation,1626149520000,0.5625881628004749,1626149520000,7718,0.2516726851463318,0
2,generation,1626149550000,0.37390635246352133,1626149550000,7719,-0.5154945850372314,0
2,generation,1626149580000,0.26060346466992257,1626149580000,7720,-1.0428344011306763,0
2,generation,1626149610000,0.37181304365205603,1626149610000,7721,-0.5244466662406921,0
2,generation,1626149640000,0.3213535425676126,1626149640000,7722,-0.7475584149360657,0
2,generation,1626149670000,0.24054579163548268,1626149670000,7723,-1.1496895551681519,0
2,generation,1626149700000,0.20680631227704632,1626149700000,7724,-1.3442847728729248,0
2,generation,1626149730000,0.18142625545707916,1626149730000,7725,-1.5067142248153687,0
2,generation,1626149760000,0.19261905928471884,1626149760000,7726,-1.4330811500549316,0
2,generation,1626149790000,0.4264955561206972,1626149790000,7727,-0.29616373777389526,0
2,generation,1626149820000,0.2885420397758198,1626149820000,7728,-0.9024755358695984,0
2,generation,1626149850000,0.9982711840569108,1626149850000,7729,6.358588218688965,1
2,generation,1626149880000,0.8865142293944969,1626149880000,7730,2.055619716644287,0
2,generation,1626149910000,0.9985093517431775,1626149910000,7731,6.507052421569824,1
2,generation,1626149940000,0.8833053316980213,1626149940000,7732,2.0241100788116455,0
2,generation,1626149970000,0.2303159669591164,1626149970000,7733,-1.2065279483795166,0
2,generation,1626150000000,0.22171831453403787,1626150000000,7734,-1.255680799484253,0
2,generation,1626150030000,0.2105941168288913,1626150030000,7735,-1.321347951889038,0
2,generation,1626150060000,0.2409109075196113,1626150060000,7736,-1.1476919651031494,0
2,generation,1626150090000,0.22324667831416484,1626150090000,7737,-1.2468454837799072,0
2,generation,1626150120000,0.2218489246583317,1626150120000,7738,-1.2549240589141846,0
2,generation,1626150150000,0.18785931902927597,1626150150000,7739,-1.4639801979064941,0
2,generation,1626150180000,0.1822123893582789,1626150180000,7740,-1.5014296770095825,0
2,generation,1626150210000,0.9985474152420752,1626150210000,7741,6.532957077026367,1
2,generation,1626150240000,0.8913348729685525,1626150240000,7742,2.1044492721557617,0
2,generation,1626150270000,0.9982832750566251,1626150270000,7743,6.365618705749512,1
2,generation,1626150300000,0.8618449016594475,1626150300000,7744,1.8306983709335327,0
2,generation,1626150330000,0.20044352101501622,1626150330000,7745,-1.3835246562957764,0
2,generation,1626150360000,0.9983460909492796,1626150360000,7746,6.402958393096924,1
2,generation,1626150390000,0.9211742538523767,1626150390000,7747,2.458409547805786,0
2,generation,1626150420000,0.2856556277433739,1626150420000,7748,-0.9165781736373901,0
2,generation,1626150450000,0.20087662264021983,1626150450000,7749,-1.3808244466781616,0
2,generation,1626150480000,0.19149157077937667,1626150480000,7750,-1.4403473138809204,0
2,generation,1626150510000,0.3192981537053789,1626150510000,7751,-0.7569990754127502,0
2,generation,1626150540000,0.3850965301628751,1626150540000,7752,-0.4679712653160095,0
2,generation,1626150570000,0.22218185032568413,1626150570000,7753,-1.252996563911438,0
2,generation,1626150600000,0.21354123483147813,1626150600000,7754,-1.3037103414535522,0
2,generation,1626150630000,0.20655751010373563,1626150630000,7755,-1.3458021879196167,0
2,generation,1626150660000,0.3797162675180458,1626150660000,7756,-0.4907526969909668,0
2,generation,1626150690000,0.9982557348340726,1626150690000,7757,6.349676132202148,1
2,generation,1626150720000,0.995068163560078,1626150720000,7758,5.30709981918335,1
2,generation,1626150750000,0.9135476256244426,1626150750000,7759,2.3577418327331543,0
2,generation,1626150780000,0.23334502871399962,1626150780000,7760,-1.189518690109253,0
2,generation,1626150810000,0.7688265737279704,1626150810000,7761,1.2016972303390503,0
2,generation,1626150840000,0.3615229751877686,1626150840000,7762,-0.568760097026825,0
2,generation,1626150870000,0.27441121753329123,1626150870000,7763,-0.9723556637763977,0
2,generation,1626150900000,0.4589034011255752,1626150900000,7764,-0.1647580862045288,0
2,generation,1626150930000,0.3127658364766668,1626150930000,7765,-0.787220299243927,0
2,generation,1626150960000,0.2403666513771632,1626150960000,7766,-1.1506704092025757,0
2,generation,1626150990000,0.9984498446632921,1626150990000,7767,6.467848777770996,1
2,generation,1626151020000,0.9817379274229372,1626151020000,7768,3.9844980239868164,0
2,generation,1626151050000,0.91203923006216,1626151050000,7769,2.338792085647583,0
2,generation,1626151080000,0.2647790191133721,1626151080000,7770,-1.021275520324707,0
2,generation,1626151110000,0.3092185612867501,1626151110000,7771,-0.8037751317024231,0
2,generation,1626151140000,0.387316273311559,1626151140000,7772,-0.4586072564125061,0
2,generation,1626151170000,0.34807226558469545,1626151170000,7773,-0.6275236010551453,0
2,generation,1626151200000,0.23950519071870474,1626151200000,7774,-1.155394196510315,0
2,generation,1626151230000,0.23143201284964915,1626151230000,7775,-1.2002428770065308,0
2,generation,1626151260000,0.20072686709600726,1626151260000,7776,-1.3817576169967651,0
2,generation,1626151290000,0.23577431707727686,1626151290000,7777,-1.1759880781173706,0
2,generation,1626151320000,0.9985420715215394,1626151320000,7778,6.529279708862305,1
2,generation,1626151350000,0.8791604584798551,1626151350000,7779,1.9845038652420044,0
2,generation,1626151380000,0.3287187491616778,1626151380000,7780,-0.7139856815338135,0
2,generation,1626151410000,0.9982493508034584,1626151410000,7781,6.3460164070129395,1
2,generation,1626151440000,0.903200028805439,1626151440000,7782,2.233297348022461,0
2,generation,1626151470000,0.32459899786717106,1626151470000,7783,-0.7327160239219666,0
2,generation,1626151500000,0.2513807357118746,1626151500000,7784,-1.091261863708496,0
2,generation,1626151530000,0.9983281494103968,1626151530000,7785,6.39215087890625,1
2,generation,1626151560000,0.8969253711464447,1626151560000,7786,2.1635193824768066,0
2,generation,1626151590000,0.2889421371897303,1626151590000,7787,-0.9005273580551147,0
2,generation,1626151620000,0.27501470675029865,1626151620000,7788,-0.9693267941474915,0
2,generation,1626151650000,0.3322515282325128,1626151650000,7789,-0.69801926612854,0
2,generation,1626151680000,0.3113046042695681,1626151680000,7790,-0.7940272092819214,0
2,generation,1626151710000,0.22541778144443297,1626151710000,7791,-1.2343683242797852,0
2,generation,1626151740000,0.23280685271640586,1626151740000,7792,-1.1925294399261475,0
2,generation,1626151770000,0.9983085769543298,1626151770000,7793,6.380492210388184,1
2,generation,1626151800000,0.9875566001835596,1626151800000,7794,4.3740434646606445,1
2,generation,1626151830000,0.9043168529549245,1626151830000,7795,2.2461376190185547,0
2,generation,1626151860000,0.9980342162610424,1626151860000,7796,6.229896545410156,1
2,generation,1626151890000,0.8722754210131143,1626151890000,7797,1.9212290048599243,0
2,generation,1626151920000,0.24303849685128281,1626151920000,7798,-1.1360925436019897,0
2,generation,1626151950000,0.20480060326306826,1626151950000,7799,-1.3565560579299927,0
2,generation,1626151980000,0.2870386197599836,1626151980000,7800,-0.909810483455658,0
2,generation,1626152010000,0.31030571649295247,1626152010000,7801,-0.7986904382705688,0
2,generation,1626152040000,0.22490434936786424,1626152040000,7802,-1.2373112440109253,0
2,generation,1626152070000,0.27615597270553155,1626152070000,7803,-0.9636101126670837,0
2,generation,1626152100000,0.9984110087504687,1626152100000,7804,6.443065643310547,1
2,generation,1626152130000,0.8936293108189981,1626152130000,7805,2.1283609867095947,0
2,generation,1626152160000,0.32415242264245564,1626152160000,7806,-0.7347537279129028,0
2,generation,1626152190000,0.26776183563877726,1626152190000,7807,-1.0060079097747803,0
2,generation,1626152220000,0.24975248778329898,1626152220000,7808,-1.0999327898025513,0
2,generation,1626152250000,0.24742085149024604,1626152250000,7809,-1.1124154329299927,0
2,generation,1626152280000,0.17554404306826793,1626152280000,7810,-1.5468337535858154,0
2,generation,1626152310000,0.534363394052439,1626152310000,7811,0.1376706063747406,0
2,generation,1626152340000,0.308408991940903,1626152340000,7812,-0.8075679540634155,0
2,generation,1626152370000,0.2209622175112894,1626152370000,7813,-1.2600678205490112,0
2,generation,1626152400000,0.27885321581842965,1626152400000,7814,-0.9501571655273438,0
2,generation,1626152430000,0.31187385589773564,1626152430000,7815,-0.7913733720779419,0
2,generation,1626152460000,0.9984162561462978,1626152460000,7816,6.446378707885742,1
2,generation,1626152490000,0.8956463706766654,1626152490000,7817,2.1497602462768555,0
2,generation,1626152520000,0.2650378536165901,1626152520000,7818,-1.0199463367462158,0
2,generation,1626152550000,0.19496371406099863,1626152550000,7819,-1.4180738925933838,0
2,generation,1626152580000,0.5927613574403222,1626152580000,7820,0.37539252638816833,0
2,generation,1626152610000,0.3325422536982492,1626152610000,7821,-0.696709156036377,0
2,generation,1626152640000,0.3980252669814861,1626152640000,7822,-0.4136999845504761,0
2,generation,1626152670000,0.3127572911876711,1626152670000,7823,-0.7872600555419922,0
2,generation,1626152700000,0.24072482699679193,1626152700000,7824,-1.148709774017334,0
2,generation,1626152730000,0.22086195042985507,1626152730000,7825,-1.260650396347046,0
2,generation,1626152760000,0.49551475484557234,1626152760000,7826,-0.017941461876034737,0
2,generation,1626152790000,0.29777331704523313,1626152790000,7827,-0.8579237461090088,0
2,generation,1626152820000,0.4282967598348453,1626152820000,7828,-0.28880372643470764,0
2,generation,1626152850000,0.288826340100996,1626152850000,7829,-0.9010910391807556,0
2,generation,1626152880000,0.31426326909196517,1626152880000,7830,-0.7802627086639404,0
2,generation,1626152910000,0.26669379111362607,1626152910000,7831,-1.0114622116088867,0
2,generation,1626152940000,0.23023290641370814,1626152940000,7832,-1.2069965600967407,0
2,generation,1626152970000,0.44987970803607935,1626152970000,7833,-0.20115673542022705,0
2,generation,1626153000000,0.9980078743526439,1626153000000,7834,6.216558933258057,1
2,generation,1626153030000,0.8814608108436194,1626153030000,7835,2.0063369274139404,0
2,generation,1626153060000,0.24635730177455917,1626153060000,7836,-1.1181354522705078,0
2,generation,1626153090000,0.2551174652901718,1626153090000,7837,-1.071502447128296,0
2,generation,1626153120000,0.23975602319092718,1626153120000,7838,-1.1540175676345825,0
2,generation,1626153150000,0.23958514739279152,1626153150000,7839,-1.154955267906189,0
2,generation,1626153180000,0.37874887070264035,1626153180000,7840,-0.49486202001571655,0
2,generation,1626153210000,0.3297740487175754,1626153210000,7841,-0.7092071771621704,0
2,generation,1626153240000,0.9985347364913059,1626153240000,7842,6.524253845214844,1
2,generation,1626153270000,0.9030364400321061,1626153270000,7843,2.2314276695251465,0
2,generation,1626153300000,0.2962901550859143,1626153300000,7844,-0.8650268912315369,0
2,generation,1626153330000,0.4269825845194001,1626153330000,7845,-0.29417288303375244,0
2,generation,1626153360000,0.4572169996307301,1626153360000,7846,-0.17155149579048157,0
2,generation,1626153390000,0.997943189349245,1626153390000,7847,6.184539794921875,1
2,generation,1626153420000,0.8770280356704486,1626153420000,7848,1.9645825624465942,0
2,generation,1626153450000,0.22040653302175556,1626153450000,7849,-1.2632988691329956,0
2,generation,1626153480000,0.23001651099646675,1626153480000,7850,-1.208217978477478,0
2,generation,1626153510000,0.4954744262649171,1626153510000,7851,-0.01810278929769993,0
2,generation,1626153540000,0.9982463107449755,1626153540000,7852,6.344278335571289,1
2,generation,1626153570000,0.8933919083552331,1626153570000,7853,2.125865936279297,0
2,generation,1626153600000,0.28252583132175824,1626153600000,7854,-0.9319669604301453,0
2,generation,1626153630000,0.3069899631022627,1626153630000,7855,-0.814229428768158,0
2,generation,1626153660000,0.41352845138320377,1626153660000,7856,-0.34939783811569214,0
2,generation,1626153690000,0.35306996203712643,1626153690000,7857,-0.6055719256401062,0
2,generation,1626153720000,0.3774750327758547,1626153720000,7858,-0.5002793073654175,0
2,generation,1626153750000,0.3659791508313993,1626153750000,7859,-0.5495054721832275,0
2,generation,1626153780000,0.9984016204092115,1626153780000,7860,6.437165260314941,1
2,generation,1626153810000,0.8674567063907185,1626153810000,7861,1.878656268119812,0
2,generation,1626153840000,0.26757188073952454,1626153840000,7862,-1.0069769620895386,0
2,generation,1626153870000,0.28753187666244984,1626153870000,7863,-0.907401442527771,0
2,generation,1626153900000,0.36089027033597626,1626153900000,7864,-0.5715022087097168,0
2,generation,1626153930000,0.4042662729011113,1626153930000,7865,-0.3877200484275818,0
2,generation,1626153960000,0.47969297945611294,1626153960000,7866,-0.08127278834581375,0
2,generation,1626153990000,0.3478536330402,1626153990000,7867,-0.628487229347229,0
2,generation,1626154020000,0.9984201449857266,1626154020000,7868,6.448841094970703,1
2,generation,1626154050000,0.8761227082839468,1626154050000,7869,1.9562146663665771,0
2,generation,1626154080000,0.2195005589871513,1626154080000,7870,-1.2685792446136475,0
2,generation,1626154110000,0.5929109222342177,1626154110000,7871,0.3760121464729309,0
2,generation,1626154140000,0.372139093487742,1626154140000,7872,-0.5230509638786316,0
2,generation,1626154170000,0.2865477330836479,1626154170000,7873,-0.9122104048728943,0
2,generation,1626154200000,0.21875939300759406,1626154200000,7874,-1.272910714149475,0
2,generation,1626154230000,0.6019514327785539,1626154230000,7875,0.413602739572525,0
2,generation,1626154260000,0.37089141846547996,1626154260000,7876,-0.5283945202827454,0
2,generation,1626154290000,0.3179243612583818,1626154290000,7877,-0.7633270621299744,0
2,generation,1626154320000,0.23301214653109384,1626154320000,7878,-1.1913803815841675,0
2,generation,1626154350000,0.24577657188671473,1626154350000,7879,-1.1212657690048218,0
2,generation,1626154380000,0.9982888026359902,1626154380000,7880,6.368849277496338,1
2,generation,1626154410000,0.8857173679576432,1626154410000,7881,2.0477232933044434,0
2,generation,1626154440000,0.23608944087917155,1626154440000,7882,-1.174239993095398,0
2,generation,1626154470000,0.9982360526253962,1626154470000,7883,6.338435649871826,1
2,generation,1626154500000,0.8807598497416432,1626154500000,7884,1.999645471572876,0
2,generation,1626154530000,0.343288905227108,1626154530000,7885,-0.6486718058586121,0
2,generation,1626154560000,0.30654069113560584,1626154560000,7886,-0.8163420557975769,0
2,generation,1626154590000,0.9983544243935523,1626154590000,7887,6.408018112182617,1
2,generation,1626154620000,0.8604942822896653,1626154620000,7888,1.8194013833999634,0
2,generation,1626154650000,0.38289414934169763,1626154650000,7889,-0.47728198766708374,0
2,generation,1626154680000,0.3303796630330785,1626154680000,7890,-0.706468403339386,0
2,generation,1626154710000,0.416712061572184,1626154710000,7891,-0.33628547191619873,0
2,generation,1626154740000,0.31257596120997866,1626154740000,7892,-0.7881038188934326,0
2,generation,1626154770000,0.253809392326173,1626154770000,7893,-1.078397512435913,0
2,generation,1626154800000,0.2553617257513982,1626154800000,7894,-1.070217490196228,0
2,generation,1626154830000,0.42162024301119855,1626154830000,7895,-0.31612566113471985,0
2,generation,1626154860000,0.44425351630591525,1626154860000,7896,-0.22391684353351593,0
2,generation,1626154890000,0.3158180875151216,1626154890000,7897,-0.7730574607849121,0
2,generation,1626154920000,0.23882959126086215,1626154920000,7898,-1.159106969833374,0
2,generation,1626154950000,0.3136224442139484,1626154950000,7899,-0.7832379937171936,0
2,generation,1626154980000,0.47851557580702503,1626154980000,7900,-0.08599064499139786,0
2,generation,1626155010000,0.3080045399775003,1626155010000,7901,-0.8094648718833923,0
2,generation,1626155040000,0.9984194799512343,1626155040000,7902,6.448419570922852,1
2,generation,1626155070000,0.9475144526909047,1626155070000,7903,2.8933043479919434,0
2,generation,1626155100000,0.995175684049789,1626155100000,7904,5.329250335693359,1
2,generation,1626155130000,0.9809060164844526,1626155130000,7905,3.939103364944458,0
2,generation,1626155160000,0.9808453395577232,1626155160000,7906,3.935868740081787,0
2,generation,1626155190000,0.8896264359101235,1626155190000,7907,2.086930990219116,0
2,generation,1626155220000,0.3251964497719346,1626155220000,7908,-0.729992151260376,0
2,generation,1626155250000,0.9984494254080206,1626155250000,7909,6.467577934265137,1
2,generation,1626155280000,0.8808780590979385,1626155280000,7910,2.0007715225219727,0
2,generation,1626155310000,0.9984492105696485,1626155310000,7911,6.4674391746521,1
2,generation,1626155340000,0.9005813716555675,1626155340000,7912,2.2037010192871094,0
2,generation,1626155370000,0.9980635209596979,1626155370000,7913,6.244945526123047,1
2,generation,1626155400000,0.8728432020599719,1626155400000,7914,1.9263349771499634,0
2,generation,1626155430000,0.23342797562859868,1626155430000,7915,-1.18905508518219,0
2,generation,1626155460000,0.25700372606772925,1626155460000,7916,-1.0616004467010498,0
2,generation,1626155490000,0.3357958104080825,1626155490000,7917,-0.6820863485336304,0
2,generation,1626155520000,0.49243927221292555,1626155520000,7918,-0.030245216563344002,0
2,generation,1626155550000,0.36277640445948806,1626155550000,7919,-0.5633339285850525,0
2,generation,1626155580000,0.26725042136712973,1626155580000,7920,-1.008617877960205,0
2,generation,1626155610000,0.498853248226436,1626155610000,7921,-0.004587015137076378,0
2,generation,1626155640000,0.4748807880849929,1626155640000,7922,-0.10056150704622269,0
2,generation,1626155670000,0.32504021715807746,1626155670000,7923,-0.7307041883468628,0
2,generation,1626155700000,0.20723823897494864,1626155700000,7924,-1.3416537046432495,0
2,generation,1626155730000,0.218369311471321,1626155730000,7925,-1.2751946449279785,0
2,generation,1626155760000,0.9984900394492846,1626155760000,7926,6.4941606521606445,1
2,generation,1626155790000,0.8967466068941147,1626155790000,7927,2.1615872383117676,0
2,generation,1626155820000,0.9982020477449846,1626155820000,7928,6.319307327270508,1
2,generation,1626155850000,0.9138470214600509,1626155850000,7929,2.3615386486053467,0
2,generation,1626155880000,0.2440880923309176,1626155880000,7930,-1.1303956508636475,0
2,generation,1626155910000,0.9985400333734584,1626155910000,7931,6.527880668640137,1
2,generation,1626155940000,0.8676238458406087,1626155940000,7932,1.880110740661621,0
2,generation,1626155970000,0.22125031524166863,1626155970000,7933,-1.2583949565887451,0
2,generation,1626156000000,0.32372956406133924,1626156000000,7934,-0.7366845607757568,0
2,generation,1626156030000,0.28020789800543094,1626156030000,7935,-0.9434306025505066,0
2,generation,1626156060000,0.209269843243598,1626156060000,7936,-1.3293322324752808,0
2,generation,1626156090000,0.5753625702999958,1626156090000,7937,0.3037647008895874,0
2,generation,1626156120000,0.36193802538646513,1626156120000,7938,-0.5669624209403992,0
2,generation,1626156150000,0.36209563606472395,1626156150000,7939,-0.5662800073623657,0
2,generation,1626156180000,0.33476894651740946,1626156180000,7940,-0.6866938471794128,0
2,generation,1626156210000,0.3004954578184811,1626156210000,7941,-0.844939649105072,0
2,generation,1626156240000,0.3005880410585581,1626156240000,7942,-0.8444992303848267,0
2,generation,1626156270000,0.3712781048345394,1626156270000,7943,-0.526737630367279,0
2,generation,1626156300000,0.3294789390973735,1626156300000,7944,-0.7105426788330078,0
2,generation,1626156330000,0.29878503898642317,1626156330000,7945,-0.8530901074409485,0
2,generation,1626156360000,0.47820017381643,1626156360000,7946,-0.08725462108850479,0
2,generation,1626156390000,0.3305331165458162,1626156390000,7947,-0.7057748436927795,0
2,generation,1626156420000,0.3301328627482064,1626156420000,7948,-0.7075842022895813,0
2,generation,1626156450000,0.39777504884437276,1626156450000,7949,-0.41474440693855286,0
2,generation,1626156480000,0.3168756082771205,1626156480000,7950,-0.7681676745414734,0
2,generation,1626156510000,0.8677606051893618,1626156510000,7951,1.881301999092102,0
2,generation,1626156540000,0.3603162958351099,1626156540000,7952,-0.573991596698761,0
2,generation,1626156570000,0.3618521084798512,1626156570000,7953,-0.5673344731330872,0
2,generation,1626156600000,0.9983094624089616,1626156600000,7954,6.381016731262207,1
2,generation,1626156630000,0.8991433462190719,1626156630000,7955,2.187742233276367,0
2,generation,1626156660000,0.4771429334654722,1626156660000,7956,-0.09149203449487686,0
2,generation,1626156690000,0.3427771909817646,1626156690000,7957,-0.6509424448013306,0
2,generation,1626156720000,0.4370833161539594,1626156720000,7958,-0.25300779938697815,0
2,generation,1626156750000,0.4689061057952289,1626156750000,7959,-0.12453628331422806,0
2,generation,1626156780000,0.46098431098260195,1626156780000,7960,-0.15638066828250885,0
2,generation,1626156810000,0.9978265369489687,1626156810000,7961,6.129257678985596,1
2,generation,1626156840000,0.8951535033055584,1626156840000,7962,2.144497871398926,0
2,generation,1626156870000,0.3515899957339752,1626156870000,7963,-0.6120575070381165,0
2,generation,1626156900000,0.43505375513089006,1626156900000,7964,-0.261260986328125,0
2,generation,1626156930000,0.484355072935806,1626156930000,7965,-0.06260014325380325,0
2,generation,1626156960000,0.5026357539783793,1626156960000,7966,0.010543113574385643,0
2,generation,1626156990000,0.3124129080045109,1626156990000,7967,-0.7888627648353577,0
2,generation,1626157020000,0.998386011566828,1626157020000,7968,6.427431583404541,1
2,generation,1626157050000,0.9016271285089326,1626157050000,7969,2.2154359817504883,0
2,generation,1626157080000,0.3332595729321488,1626157080000,7970,-0.6934791207313538,0
2,generation,1626157110000,0.4300893392428731,1626157110000,7971,-0.2814866602420807,0
2,generation,1626157140000,0.3503044777215443,1626157140000,7972,-0.6177011132240295,0
2,generation,1626157170000,0.9985182705193435,1626157170000,7973,6.513062477111816,1
2,generation,1626157200000,0.9627049012161212,1626157200000,7974,3.250885009765625,0
2,generation,1626157230000,0.8945771465349042,1626157230000,7975,2.138371706008911,0
2,generation,1626157260000,0.3327467770502881,1626157260000,7976,-0.6957878470420837,0
2,generation,1626157290000,0.3058706100572159,1626157290000,7977,-0.819496214389801,0
2,generation,1626157320000,0.5722062821042078,1626157320000,7978,0.2908584475517273,0
2,generation,1626157350000,0.3769889395976853,1626157350000,7979,-0.5023484230041504,0
2,generation,1626157380000,0.2429082283342231,1626157380000,7980,-1.136800765991211,0
2,generation,1626157410000,0.9986211510202094,1626157410000,7981,6.5851263999938965,1
2,generation,1626157440000,0.8934320942319185,1626157440000,7982,2.1262879371643066,0
2,generation,1626157470000,0.9984266346731645,1626157470000,7983,6.452963829040527,1
2,generation,1626157500000,0.9032539202498489,1626157500000,7984,2.2339138984680176,0
2,generation,1626157530000,0.3433665639705656,1626157530000,7985,-0.6483273506164551,0
2,generation,1626157560000,0.428837031878279,1626157560000,7986,-0.2865976095199585,0
2,generation,1626157590000,0.9983979972442193,1626157590000,7987,6.434897422790527,1
2,generation,1626157620000,0.9208122442751215,1626157620000,7988,2.453434467315674,0
2,generation,1626157650000,0.3151483403868188,1626157650000,7989,-0.7761588096618652,0
2,generation,1626157680000,0.41291740004210065,1626157680000,7990,-0.35191795229911804,0
2,generation,1626157710000,0.36228399831876706,1626157710000,7991,-0.5654646158218384,0
2,generation,1626157740000,0.3709153120550412,1626157740000,7992,-0.5282921195030212,0
2,generation,1626157770000,0.7870622713381814,1626157770000,7993,1.3073076009750366,0
2,generation,1626157800000,0.3969811811868334,1626157800000,7994,-0.4180595278739929,0
2,generation,1626157830000,0.998365605090583,1626157830000,7995,6.414846897125244,1
2,generation,1626157860000,0.9868424963678358,1626157860000,7996,4.31751823425293,1
2,generation,1626157890000,0.9018774748050837,1626157890000,7997,2.21826171875,0
2,generation,1626157920000,0.9983275269262051,1626157920000,7998,6.391777992248535,1
2,generation,1626157950000,0.9191713014900205,1626157950000,7999,2.431140422821045,0
2,generation,1626157980000,0.9980405199503684,1626157980000,8000,6.233114719390869,1
2,generation,1626158010000,0.9223497520315611,1626158010000,8001,2.4747097492218018,0
2,generation,1626158040000,0.3311901322283762,1626158040000,8002,-0.7028071880340576,0
2,generation,1626158070000,0.2532899292152562,1626158070000,8003,-1.0811421871185303,0
2,generation,1626158100000,0.8093442836436275,1626158100000,8004,1.445755124092102,0
2,generation,1626158130000,0.9979342261303497,1626158130000,8005,6.180182456970215,1
2,generation,1626158160000,0.89862469191814,1626158160000,8006,2.1820359230041504,0
2,generation,1626158190000,0.3618716117514009,1626158190000,8007,-0.5672500133514404,0
2,generation,1626158220000,0.2857949598602724,1626158220000,8008,-0.9158954620361328,0
2,generation,1626158250000,0.24419234264416012,1626158250000,8009,-1.1298307180404663,0
2,generation,1626158280000,0.2731392797617738,1626158280000,8010,-0.9787530303001404,0
2,generation,1626158310000,0.2532900870411148,1626158310000,8011,-1.0811413526535034,0
2,generation,1626158340000,0.5548553036616494,1626158340000,8012,0.22030797600746155,0
2,generation,1626158370000,0.299204039753121,1626158370000,8013,-0.8510910272598267,0
2,generation,1626158400000,0.9985920195179272,1626158400000,8014,6.564189910888672,1
2,generation,1626158430000,0.8883581768803699,1626158430000,8015,2.0740792751312256,0
2,generation,1626158460000,0.9985887010023787,1626158460000,8016,6.561832427978516,1
2,generation,1626158490000,0.8860150991220471,1626158490000,8017,2.0506680011749268,0
2,generation,1626158520000,0.2275771347501338,1626158520000,8018,-1.2220429182052612,0
2,generation,1626158550000,0.23064816525086443,1626158550000,8019,-1.2046549320220947,0
2,generation,1626158580000,0.36176198918188757,1626158580000,8020,-0.5677247643470764,0
2,generation,1626158610000,0.4935010434305218,1626158610000,8021,-0.025997290387749672,0
2,generation,1626158640000,0.30160672553433543,1626158640000,8022,-0.8396584391593933,0
2,generation,1626158670000,0.5763778926496136,1626158670000,8023,0.30792170763015747,0
2,generation,1626158700000,0.33492756145550784,1626158700000,8024,-0.6859816908836365,0
2,generation,1626158730000,0.24729789940766106,1626158730000,8025,-1.113075852394104,0
2,generation,1626158760000,0.3382205933782033,1626158760000,8026,-0.6712339520454407,0
2,generation,1626158790000,0.2822135759777571,1626158790000,8027,-0.9335079193115234,0
2,generation,1626158820000,0.3657997040020769,1626158820000,8028,-0.550278902053833,0
2,generation,1626158850000,0.2886288005630991,1626158850000,8029,-0.9020529389381409,0
2,generation,1626158880000,0.26259557664970146,1626158880000,8030,-1.032521367073059,0
2,generation,1626158910000,0.36499405010321745,1626158910000,8031,-0.5537533164024353,0
2,generation,1626158940000,0.3019421789080635,1626158940000,8032,-0.8380663990974426,0
2,generation,1626158970000,0.5911626924566042,1626158970000,8033,0.3687739670276642,0
2,generation,1626159000000,0.9975469019835237,1626159000000,8034,6.0079474449157715,1
2,generation,1626159030000,0.905091981872425,1626159030000,8035,2.2551283836364746,0
2,generation,1626159060000,0.36130763233176094,1626159060000,8036,-0.5696931481361389,0
2,generation,1626159090000,0.33355996177271846,1626159090000,8037,-0.692127525806427,0
2,generation,1626159120000,0.23561813100448578,1626159120000,8038,-1.1768550872802734,0
2,generation,1626159150000,0.7220540904217541,1626159150000,8039,0.9546735286712646,0
2,generation,1626159180000,0.46020848032576994,1626159180000,8040,-0.15950338542461395,0
2,generation,1626159210000,0.359134452821953,1626159210000,8041,-0.5791228413581848,0
2,generation,1626159240000,0.4388703368185345,1626159240000,8042,-0.24574799835681915,0
2,generation,1626159270000,0.3608703776225119,1626159270000,8043,-0.5715884566307068,0
2,generation,1626159300000,0.3536509959226057,1626159300000,8044,-0.6030290722846985,0
2,generation,1626159330000,0.3018316731854142,1626159330000,8045,-0.8385907411575317,0
2,generation,1626159360000,0.687005558674772,1626159360000,8046,0.786156952381134,0
2,generation,1626159390000,0.4228846654263367,1626159390000,8047,-0.3109426498413086,0
2,generation,1626159420000,0.9980199770014312,1626159420000,8048,6.222664833068848,1
2,generation,1626159450000,0.8902205727243454,1626159450000,8049,2.092996120452881,0
2,generation,1626159480000,0.9984827515254319,1626159480000,8050,6.489338397979736,1
2,generation,1626159510000,0.9789803767197592,1626159510000,8051,3.841055154800415,0
2,generation,1626159540000,0.9102117110464512,1626159540000,8052,2.316222667694092,0
2,generation,1626159570000,0.3233004731156998,1626159570000,8053,-0.7386451959609985,0
2,generation,1626159600000,0.39352500232397347,1626159600000,8054,-0.4325188994407654,0
2,generation,1626159630000,0.6037608686124182,1626159630000,8055,0.4211603105068207,0
2,generation,1626159660000,0.38144366911896443,1626159660000,8056,-0.4834250807762146,0
2,generation,1626159690000,0.348302123929406,1626159690000,8057,-0.6265107989311218,0
2,generation,1626159720000,0.5545614078508235,1626159720000,8058,0.2191181480884552,0
2,generation,1626159750000,0.3841720560021856,1626159750000,8059,-0.4718770980834961,0
2,generation,1626159780000,0.8491618458499024,1626159780000,8060,1.7280423641204834,0
2,generation,1626159810000,0.40832060727898933,1626159810000,8061,-0.37091225385665894,0
2,generation,1626159840000,0.498992989735659,1626159840000,8062,-0.004028046503663063,0
2,generation,1626159870000,0.3155663533245101,1626159870000,8063,-0.774222731590271,0
2,generation,1626159900000,0.3967142324018159,1626159900000,8064,-0.41917479038238525,0
2,generation,1626159930000,0.4606238233803312,1626159930000,8065,-0.15783153474330902,0
2,generation,1626159960000,0.572398375679702,1626159960000,8066,0.2916432321071625,0
2,generation,1626159990000,0.31106530626251966,1626159990000,8067,-0.7951436042785645,0
2,generation,1626160020000,0.4608864155492018,1626160020000,8068,-0.15677465498447418,0
2,generation,1626160050000,0.3171513569920752,1626160050000,8069,-0.7668941020965576,0
2,generation,1626160080000,0.24982788268615694,1626160080000,8070,-1.0995304584503174,0
2,generation,1626160110000,0.5918578276299652,1626160110000,8071,0.3716508746147156,0
2,generation,1626160140000,0.297453239013657,1626160140000,8072,-0.8594549298286438,0
2,generation,1626160170000,0.17021801216503815,1626160170000,8073,-1.5840829610824585,0
2,generation,1626160200000,0.4731574014758592,1626160200000,8074,-0.10747372359037399,0
2,generation,1626160230000,0.29999684848606767,1626160230000,8075,-0.847312867641449,0
2,generation,1626160260000,0.4992199336919649,1626160260000,8076,-0.003120267763733864,0
2,generation,1626160290000,0.36049485657243313,1626160290000,8077,-0.57321697473526,0
2,generation,1626160320000,0.43345351329148296,1626160320000,8078,-0.2677745819091797,0
2,generation,1626160350000,0.42486112720154506,1626160350000,8079,-0.3028491735458374,0
2,generation,1626160380000,0.9966637098887371,1626160380000,8080,5.699553966522217,1
2,generation,1626160410000,0.9128787540230748,1626160410000,8081,2.349302291870117,0
2,generation,1626160440000,0.3648453884194421,1626160440000,8082,-0.5543947815895081,0
2,generation,1626160470000,0.2882108761699955,1626160470000,8083,-0.9040892720222473,0
2,generation,1626160500000,0.7231179103785161,1626160500000,8084,0.9599805474281311,0
2,generation,1626160530000,0.4256770821710783,1626160530000,8085,-0.29951077699661255,0
2,generation,1626160560000,0.4038844909137515,1626160560000,8086,-0.3893055319786072,0
2,generation,1626160590000,0.31995650473440906,1626160590000,8087,-0.7539716958999634,0
2,generation,1626160620000,0.25864281097188846,1626160620000,8088,-1.0530345439910889,0
2,generation,1626160650000,0.9984176918507442,1626160650000,8089,6.447287082672119,1
2,generation,1626160680000,0.8851967013594461,1626160680000,8090,2.0425896644592285,0
2,generation,1626160710000,0.23209024109945708,1626160710000,8091,-1.196545958518982,0
2,generation,1626160740000,0.8177185537513898,1626160740000,8092,1.5009663105010986,0
2,generation,1626160770000,0.32498085216945244,1626160770000,8093,-0.7309747934341431,0
2,generation,1626160800000,0.5932824324582692,1626160800000,8094,0.3775515556335449,0
2,generation,1626160830000,0.3682538016685575,1626160830000,8095,-0.5397153496742249,0
2,generation,1626160860000,0.31665740538794424,1626160860000,8096,-0.7691758871078491,0
2,generation,1626160890000,0.5316973141578902,1626160890000,8097,0.12695951759815216,0
2,generation,1626160920000,0.4222582849710589,1626160920000,8098,-0.3135097324848175,0
2,generation,1626160950000,0.3715174912515588,1626160950000,8099,-0.525712251663208,0
2,generation,1626160980000,0.3298421091936924,1626160980000,8100,-0.7088992595672607,0
2,generation,1626161010000,0.5691379664496502,1626161010000,8101,0.27833494544029236,0
2,generation,1626161040000,0.38546014812447793,1626161040000,8102,-0.466435968875885,0
2,generation,1626161070000,0.30480358186078593,1626161070000,8103,-0.824526846408844,0
2,generation,1626161100000,0.3824647004029096,1626161100000,8104,-0.4790998697280884,0
2,generation,1626161130000,0.998500098020705,1626161130000,8105,6.5008544921875,1
2,generation,1626161160000,0.9003269286464065,1626161160000,8106,2.200862407684326,0
2,generation,1626161190000,0.39151431978483914,1626161190000,8107,-0.44095128774642944,0
2,generation,1626161220000,0.5640488752401219,1626161220000,8108,0.2576107680797577,0
2,generation,1626161250000,0.44679348444060474,1626161250000,8109,-0.2136348932981491,0
2,generation,1626161280000,0.998101052948324,1626161280000,8110,6.264554977416992,1
2,generation,1626161310000,0.9191418037569635,1626161310000,8111,2.430743455886841,0
2,generation,1626161340000,0.2985348537056483,1626161340000,8112,-0.8542845249176025,0
2,generation,1626161370000,0.44060763199602565,1626161370000,8113,-0.2386963814496994,0
2,generation,1626161400000,0.9982324696467288,1626161400000,8114,6.336402893066406,1
2,generation,1626161430000,0.9165763110689326,1626161430000,8115,2.3967130184173584,0
2,generation,1626161460000,0.35695382250588953,1626161460000,8116,-0.5886101126670837,0
2,generation,1626161490000,0.33563147608098254,1626161490000,8117,-0.6828232407569885,0
2,generation,1626161520000,0.998501338676893,1626161520000,8118,6.501683235168457,1
2,generation,1626161550000,0.9281544092779743,1626161550000,8119,2.5586788654327393,0
2,generation,1626161580000,0.4061754034706135,1626161580000,8120,-0.37979888916015625,0
2,generation,1626161610000,0.49539303173592575,1626161610000,8121,-0.018428394570946693,0
2,generation,1626161640000,0.40498697930612254,1626161640000,8122,-0.3847283720970154,0
2,generation,1626161670000,0.3240920712858481,1626161670000,8123,-0.7350292205810547,0
2,generation,1626161700000,0.9985374409491489,1626161700000,8124,6.526103973388672,1
2,generation,1626161730000,0.8913505517911685,1626161730000,8125,2.1046111583709717,0
2,generation,1626161760000,0.36387964781761245,1626161760000,8126,-0.5585646033287048,0
2,generation,1626161790000,0.3601992273488272,1626161790000,8127,-0.5744995474815369,0
2,generation,1626161820000,0.5103618473094581,1626161820000,8128,0.041453324258327484,0
2,generation,1626161850000,0.37076383906295446,1626161850000,8129,-0.5289413332939148,0
2,generation,1626161880000,0.31352776142016264,1626161880000,8130,-0.783677875995636,0
2,generation,1626161910000,0.29215752192402106,1626161910000,8131,-0.8849284648895264,0
2,generation,1626161940000,0.46101389865570624,1626161940000,8132,-0.1562615931034088,0
2,generation,1626161970000,0.4548434455865876,1626161970000,8133,-0.18111972510814667,0
2,generation,1626162000000,0.3766249028499565,1626162000000,8134,-0.5038986802101135,0
2,generation,1626162030000,0.37780069373228714,1626162030000,8135,-0.498893678188324,0
2,generation,1626162060000,0.4484705373638703,1626162060000,8136,-0.2068522721529007,0
2,generation,1626162090000,0.45486625063571967,1626162090000,8137,-0.18102775514125824,0
2,generation,1626162120000,0.3654473770026715,1626162120000,8138,-0.5517979264259338,0
2,generation,1626162150000,0.3831184158151387,1626162150000,8139,-0.47633296251296997,0
2,generation,1626162180000,0.3765101318545918,1626162180000,8140,-0.5043875575065613,0
2,generation,1626162210000,0.27796649694902553,1626162210000,8141,-0.9545709490776062,0
2,generation,1626162240000,0.5954959159230098,1626162240000,8142,0.38673269748687744,0
2,generation,1626162270000,0.42028250562707353,1626162270000,8143,-0.32161378860473633,0
2,generation,1626162300000,0.35326625185500715,1626162300000,8144,-0.6047126650810242,0
2,generation,1626162330000,0.3302361989897616,1626162330000,8145,-0.707116961479187,0
2,generation,1626162360000,0.2634292592460011,1626162360000,8146,-1.0282204151153564,0
2,generation,1626162390000,0.6056430927089329,1626162390000,8147,0.4290345013141632,0
2,generation,1626162420000,0.4160935903342555,1626162420000,8148,-0.33883050084114075,0
2,generation,1626162450000,0.3726145080739024,1626162450000,8149,-0.5210167765617371,0
2,generation,1626162480000,0.33808955563753573,1626162480000,8150,-0.6718194484710693,0
2,generation,1626162510000,0.3121528847570859,1626162510000,8151,-0.7900735139846802,0
2,generation,1626162540000,0.343254533259975,1626162540000,8152,-0.6488242745399475,0
2,generation,1626162570000,0.477413730675009,1626162570000,8153,-0.09040660411119461,0
2,generation,1626162600000,0.37971802236845414,1626162600000,8154,-0.4907452464103699,0
2,generation,1626162630000,0.4017742026433074,1626162630000,8155,-0.3980780243873596,0
2,generation,1626162660000,0.9981824746749012,1626162660000,8156,6.308460235595703,1
2,generation,1626162690000,0.8957256734505578,1626162690000,8157,2.150609016418457,0
2,generation,1626162720000,0.30846138569589626,1626162720000,8158,-0.8073223233222961,0
2,generation,1626162750000,0.35282608491180306,1626162750000,8159,-0.6066398024559021,0
2,generation,1626162780000,0.34133363317429577,1626162780000,8160,-0.6573567390441895,0
2,generation,1626162810000,0.42992728705060723,1626162810000,8161,-0.2821478247642517,0
2,generation,1626162840000,0.29541250694210874,1626162840000,8162,-0.8692398071289062,0
2,generation,1626162870000,0.9984709622518618,1626162870000,8163,6.481586456298828,1
2,generation,1626162900000,0.8714620691068637,1626162900000,8164,1.9139482975006104,0
2,generation,1626162930000,0.2192790708580255,1626162930000,8165,-1.2698725461959839,0
2,generation,1626162960000,0.2913323192007649,1626162960000,8166,-0.8889220952987671,0
2,generation,1626162990000,0.32634959297272453,1626162990000,8167,-0.7247421145439148,0
2,generation,1626163020000,0.4362925303682363,1626163020000,8168,-0.2562224864959717,0
2,generation,1626163050000,0.35649135648246094,1626163050000,8169,-0.5906254649162292,0
2,generation,1626163080000,0.3499041027257429,1626163080000,8170,-0.6194607615470886,0
2,generation,1626163110000,0.9983798961173318,1626163110000,8171,6.423643589019775,1
2,generation,1626163140000,0.870181086614587,1626163140000,8172,1.902560830116272,0
2,generation,1626163170000,0.40548012369409053,1626163170000,8173,-0.38268229365348816,0
2,generation,1626163200000,0.2727375493222822,1626163200000,8174,-0.9807774424552917,0
2,generation,1626163230000,0.2249991034154232,1626163230000,8175,-1.2367677688598633,0
2,generation,1626163260000,0.3165829265619398,1626163260000,8176,-0.769520103931427,0
2,generation,1626163290000,0.2548749432604987,1626163290000,8177,-1.0727790594100952,0
2,generation,1626163320000,0.30007934133840036,1626163320000,8178,-0.8469200730323792,0
2,generation,1626163350000,0.3157021604681244,1626163350000,8179,-0.7735940217971802,0
2,generation,1626163380000,0.3769722946460352,1626163380000,8180,-0.5024192929267883,0
2,generation,1626163410000,0.5535896668712373,1626163410000,8181,0.21518518030643463,0
2,generation,1626163440000,0.37632571849630264,1626163440000,8182,-0.5051732063293457,0
2,generation,1626163470000,0.30859489063256007,1626163470000,8183,-0.8066965341567993,0
2,generation,1626163500000,0.3542111108207792,1626163500000,8184,-0.600579559803009,0
2,generation,1626163530000,0.31227053533945975,1626163530000,8185,-0.7895256280899048,0
2,generation,1626163560000,0.33224153102960896,1626163560000,8186,-0.6980643272399902,0
2,generation,1626163590000,0.28042656553205825,1626163590000,8187,-0.9423466920852661,0
2,generation,1626163620000,0.9984832498877896,1626163620000,8188,6.4896674156188965,1
2,generation,1626163650000,0.9142278494040991,1626163650000,8189,2.3663854598999023,0
2,generation,1626163680000,0.3238258091416314,1626163680000,8190,-0.7362449765205383,0
2,generation,1626163710000,0.26795804930301315,1626163710000,8191,-1.0050073862075806,0
2,generation,1626163740000,0.7852811450679021,1626163740000,8192,1.2967122793197632,0
2,generation,1626163770000,0.9978276297558574,1626163770000,8193,6.129761695861816,1
2,generation,1626163800000,0.8935686491088258,1626163800000,8194,2.127722978591919,0
2,generation,1626163830000,0.2500331677325727,1626163830000,8195,-1.098435401916504,0
2,generation,1626163860000,0.8340863848604192,1626163860000,8196,1.6148697137832642,0
2,generation,1626163890000,0.37122314796839573,1626163890000,8197,-0.5269730687141418,0
2,generation,1626163920000,0.30321318804870884,1626163920000,8198,-0.8320433497428894,0
2,generation,1626163950000,0.24845168431705558,1626163950000,8199,-1.1068871021270752,0
2,generation,1626163980000,0.4701259303201558,1626163980000,8200,-0.11963877826929092,0
2,generation,1626164010000,0.33848673385052996,1626164010000,8201,-0.6700451374053955,0
2,generation,1626164040000,0.37375999209965094,1626164040000,8202,-0.5161198377609253,0
2,generation,1626164070000,0.41031231997355605,1626164070000,8203,-0.36267441511154175,0
2,generation,1626164100000,0.3203553822521249,1626164100000,8204,-0.7521390914916992,0
2,generation,1626164130000,0.21495124695804485,1626164130000,8205,-1.2953345775604248,0
2,generation,1626164160000,0.9985256787300008,1626164160000,8206,6.518082141876221,1
2,generation,1626164190000,0.967425052523301,1626164190000,8207,3.391094446182251,0
2,generation,1626164220000,0.9927120471503501,1626164220000,8208,4.914217948913574,1
2,generation,1626164250000,0.9266686429240653,1626164250000,8209,2.5366077423095703,0
2,generation,1626164280000,0.27734861498079344,1626164280000,8210,-0.957651674747467,0
2,generation,1626164310000,0.9984894052305496,1626164310000,8211,6.493740081787109,1
2,generation,1626164340000,0.8868463299377844,1626164340000,8212,2.058924913406372,0
2,generation,1626164370000,0.32254326587909454,1626164370000,8213,-0.7421084046363831,0
2,generation,1626164400000,0.9984260413070284,1626164400000,8214,6.4525861740112305,1
2,generation,1626164430000,0.9738958303566372,1626164430000,8215,3.6192092895507812,0
2,generation,1626164460000,0.8722369403502803,1626164460000,8216,1.9208836555480957,0
2,generation,1626164490000,0.3838361008173481,1626164490000,8217,-0.4732973575592041,0
2,generation,1626164520000,0.3614853198744128,1626164520000,8218,-0.5689232349395752,0
2,generation,1626164550000,0.9984058836440661,1626164550000,8219,6.439840316772461,1
2,generation,1626164580000,0.8899603430061258,1626164580000,8220,2.0903360843658447,0
2,generation,1626164610000,0.9982177349637773,1626164610000,8221,6.3280863761901855,1
2,generation,1626164640000,0.9311710981668192,1626164640000,8222,2.6048192977905273,0
2,generation,1626164670000,0.9975194241048227,1626164670000,8223,5.996780872344971,1
2,generation,1626164700000,0.8723130021665852,1626164700000,8224,1.921566367149353,0
2,generation,1626164730000,0.5965888360262008,1626164730000,8225,0.3912718594074249,0
2,generation,1626164760000,0.41223575509257615,1626164760000,8226,-0.3547305166721344,0
2,generation,1626164790000,0.3760783186904054,1626164790000,8227,-0.506227433681488,0
2,generation,1626164820000,0.7012022356670814,1626164820000,8228,0.8530293703079224,0
2,generation,1626164850000,0.3209893440163124,1626164850000,8229,-0.7492288947105408,0
2,generation,1626164880000,0.9984583499076147,1626164880000,8230,6.473359107971191,1
2,generation,1626164910000,0.9011234962559524,1626164910000,8231,2.209770679473877,0
2,generation,1626164940000,0.3311099972125207,1626164940000,8232,-0.7031689882278442,0
2,generation,1626164970000,0.3436002491853731,1626164970000,8233,-0.6472910642623901,0
2,generation,1626165000000,0.558089995350607,1626165000000,8234,0.23341397941112518,0
2,generation,1626165030000,0.38856029097999273,1626165030000,8235,-0.45336800813674927,0
2,generation,1626165060000,0.9980986238753601,1626165060000,8236,6.263274192810059,1
2,generation,1626165090000,0.9877176631352572,1626165090000,8237,4.387234687805176,1
2,generation,1626165120000,0.9890631572290061,1626165120000,8238,4.5046210289001465,1
2,generation,1626165150000,0.9136482748902167,1626165150000,8239,2.3590168952941895,0
2,generation,1626165180000,0.39597710836114947,1626165180000,8240,-0.4222556948661804,0
2,generation,1626165210000,0.33707909539266573,1626165210000,8241,-0.6763380765914917,0
2,generation,1626165240000,0.5049383724750174,1626165240000,8242,0.019754132255911827,0
2,generation,1626165270000,0.4773392398508935,1626165270000,8243,-0.09070517867803574,0
2,generation,1626165300000,0.9981663947633238,1626165300000,8244,6.299635887145996,1
2,generation,1626165330000,0.8727213760045717,1626165330000,8245,1.925237774848938,0
2,generation,1626165360000,0.7531183900133385,1626165360000,8246,1.1153135299682617,0
2,generation,1626165390000,0.37674156310082596,1626165390000,8247,-0.5034018158912659,0
2,generation,1626165420000,0.3643628647270222,1626165420000,8248,-0.5564776062965393,0
2,generation,1626165450000,0.9983189958827822,1626165450000,8249,6.38668155670166,1
2,generation,1626165480000,0.9171359681144546,1626165480000,8250,2.404054641723633,0
2,generation,1626165510000,0.34139408591958886,1626165510000,8251,-0.6570878624916077,0
2,generation,1626165540000,0.3782907446618269,1626165540000,8252,-0.4968094825744629,0
2,generation,1626165570000,0.5530994046828231,1626165570000,8253,0.21320155262947083,0
2,generation,1626165600000,0.3765878477397967,1626165600000,8254,-0.5040565133094788,0
2,generation,1626165630000,0.5130390887136447,1626165630000,8255,0.05216818302869797,0
2,generation,1626165660000,0.446746451651971,1626165660000,8256,-0.21382518112659454,0
2,generation,1626165690000,0.3333289221809574,1626165690000,8257,-0.6931670308113098,0
2,generation,1626165720000,0.9985014542669646,1626165720000,8258,6.501760482788086,1
2,generation,1626165750000,0.9149945751428844,1626165750000,8259,2.3762030601501465,0
2,generation,1626165780000,0.9978412102880492,1626165780000,8260,6.136046409606934,1
2,generation,1626165810000,0.8857621998419745,1626165810000,8261,2.048166275024414,0
2,generation,1626165840000,0.6236921319232487,1626165840000,8262,0.5052492618560791,0
2,generation,1626165870000,0.9979631281959838,1626165870000,8263,6.194301128387451,1
2,generation,1626165900000,0.9050303593148816,1626165900000,8264,2.254411220550537,0
2,generation,1626165930000,0.428881005571492,1626165930000,8265,-0.286418080329895,0
2,generation,1626165960000,0.375387125773828,1626165960000,8266,-0.5091742277145386,0
2,generation,1626165990000,0.5050727637524594,1626165990000,8267,0.020291751250624657,0
2,generation,1626166020000,0.3308778326083837,1626166020000,8268,-0.7042174339294434,0
2,generation,1626166050000,0.438161992851759,1626166050000,8269,-0.24862487614154816,0
2,generation,1626166080000,0.48452891276793764,1626166080000,8270,-0.06190411001443863,0
2,generation,1626166110000,0.9971831029313024,1626166110000,8271,5.869298458099365,1
2,generation,1626166140000,0.9960163282827547,1626166140000,8272,5.521559715270996,1
2,generation,1626166170000,0.8946482229211976,1626166170000,8273,2.1391255855560303,0
2,generation,1626166200000,0.3110103190334597,1626166200000,8274,-0.7954002022743225,0
2,generation,1626166230000,0.5621156310724347,1626166230000,8275,0.2497527003288269,0
2,generation,1626166260000,0.3990923802107081,1626166260000,8276,-0.4092482924461365,0
2,generation,1626166290000,0.30814122642704495,1626166290000,8277,-0.8088236451148987,0
2,generation,1626166320000,0.2840438301130103,1626166320000,8278,-0.9244903922080994,0
2,generation,1626166350000,0.49457072339673264,1626166350000,8279,-0.021717960014939308,0
2,generation,1626166380000,0.3616960711742131,1626166380000,8280,-0.5680102705955505,0
2,generation,1626166410000,0.2749332845819263,1626166410000,8281,-0.9697352051734924,0
2,generation,1626166440000,0.277494240545716,1626166440000,8282,-0.9569252133369446,0
2,generation,1626166470000,0.3970182515604792,1626166470000,8283,-0.41790467500686646,0
2,generation,1626166500000,0.39511472644328277,1626166500000,8284,-0.4258626401424408,0
2,generation,1626166530000,0.3849681976233326,1626166530000,8285,-0.46851325035095215,0
2,generation,1626166560000,0.3676620490802548,1626166560000,8286,-0.5422598123550415,0
2,generation,1626166590000,0.3045734466282479,1626166590000,8287,-0.8256131410598755,0
2,generation,1626166620000,0.24812521925441325,1626166620000,8288,-1.1086362600326538,0
2,generation,1626166650000,0.2537822556461308,1626166650000,8289,-1.0785408020019531,0
2,generation,1626166680000,0.26284798135672544,1626166680000,8290,-1.0312182903289795,0
2,generation,1626166710000,0.9984540420363431,1626166710000,8291,6.470564365386963,1
2,generation,1626166740000,0.8857082694136921,1626166740000,8292,2.047633409500122,0
2,generation,1626166770000,0.2395277513289915,1626166770000,8293,-1.1552703380584717,0
2,generation,1626166800000,0.4885943689096156,1626166800000,8294,-0.04563044011592865,0
2,generation,1626166830000,0.5545002557296254,1626166830000,8295,0.2188705950975418,0
2,generation,1626166860000,0.36204268746041784,1626166860000,8296,-0.5665092468261719,0
2,generation,1626166890000,0.7423028608394514,1626166890000,8297,1.0579723119735718,0
2,generation,1626166920000,0.33415769673287954,1626166920000,8298,-0.6894398331642151,0
2,generation,1626166950000,0.23994735267398928,1626166950000,8299,-1.152968168258667,0
2,generation,1626166980000,0.5825296446600584,1626166980000,8300,0.33316653966903687,0
2,generation,1626167010000,0.46001430278984395,1626167010000,8301,-0.1602850705385208,0
2,generation,1626167040000,0.30624663997887885,1626167040000,8302,-0.8177257180213928,0
2,generation,1626167070000,0.18210865571529944,1626167070000,8303,-1.5021259784698486,0
2,generation,1626167100000,0.8510695224009808,1626167100000,8304,1.7430142164230347,0
2,generation,1626167130000,0.35174672601197765,1626167130000,8305,-0.6113700866699219,0
2,generation,1626167160000,0.4868626849907134,1626167160000,8306,-0.052561357617378235,0
2,generation,1626167190000,0.3811326920095314,1626167190000,8307,-0.48474329710006714,0
2,generation,1626167220000,0.3478077833759194,1626167220000,8308,-0.6286893486976624,0
2,generation,1626167250000,0.9985888327102123,1626167250000,8309,6.561925888061523,1
2,generation,1626167280000,0.9912829230028977,1626167280000,8310,4.733716011047363,1
2,generation,1626167310000,0.898992072330184,1626167310000,8311,2.186075210571289,0
2,generation,1626167340000,0.4533956134854499,1626167340000,8312,-0.18696023523807526,0
2,generation,1626167370000,0.40434993596870894,1626167370000,8313,-0.3873726725578308,0
2,generation,1626167400000,0.9977600943847146,1626167400000,8314,6.099079132080078,1
2,generation,1626167430000,0.8910868884132446,1626167430000,8315,2.10189151763916,0
2,generation,1626167460000,0.9983038319016527,1626167460000,8316,6.377686023712158,1
2,generation,1626167490000,0.9040839570498937,1626167490000,8317,2.2434489727020264,0
2,generation,1626167520000,0.31671107466033327,1626167520000,8318,-0.7689278721809387,0
2,generation,1626167550000,0.24892325458890532,1626167550000,8319,-1.104363203048706,0
2,generation,1626167580000,0.2342169617137479,1626167580000,8320,-1.1846510171890259,0
2,generation,1626167610000,0.22347197848983244,1626167610000,8321,-1.2455466985702515,0
2,generation,1626167640000,0.9985910463852491,1626167640000,8322,6.563498020172119,1
2,generation,1626167670000,0.9793969687797619,1626167670000,8323,3.8614988327026367,0
2,generation,1626167700000,0.9651974919279834,1626167700000,8324,3.322643280029297,0
2,generation,1626167730000,0.8738174481514431,1626167730000,8325,1.9351418018341064,0
2,generation,1626167760000,0.35257489649899376,1626167760000,8326,-0.607740044593811,0
2,generation,1626167790000,0.391960024005312,1626167790000,8327,-0.43908077478408813,0
2,generation,1626167820000,0.3551292895293327,1626167820000,8328,-0.5965679287910461,0
2,generation,1626167850000,0.9985192691665845,1626167850000,8329,6.513737678527832,1
2,generation,1626167880000,0.9101005841531682,1626167880000,8330,2.314863681793213,0
2,generation,1626167910000,0.9983187533993334,1626167910000,8331,6.386537075042725,1
2,generation,1626167940000,0.8972557717591096,1626167940000,8332,2.1670982837677,0
2,generation,1626167970000,0.3034056430851194,1626167970000,8333,-0.8311325907707214,0
2,generation,1626168000000,0.24111979285306065,1626168000000,8334,-1.1465500593185425,0
2,generation,1626168030000,0.7591823193688081,1626168030000,8335,1.148201823234558,0
2,generation,1626168060000,0.35840937272127393,1626168060000,8336,-0.5822746157646179,0
2,generation,1626168090000,0.23805582154811364,1626168090000,8337,-1.1633681058883667,0
2,generation,1626168120000,0.38195379412738567,1626168120000,8338,-0.48126357793807983,0
2,generation,1626168150000,0.3487791373931769,1626168150000,8339,-0.6244099736213684,0
2,generation,1626168180000,0.41922306035513657,1626168180000,8340,-0.3259636163711548,0
2,generation,1626168210000,0.3435335337750869,1626168210000,8341,-0.6475868821144104,0
2,generation,1626168240000,0.9985138057821512,1626168240000,8342,6.510049343109131,1
2,generation,1626168270000,0.9637937074539963,1626168270000,8343,3.281644344329834,0
2,generation,1626168300000,0.913674191628856,1626168300000,8344,2.3593454360961914,0
2,generation,1626168330000,0.30263711750945954,1626168330000,8345,-0.834771454334259,0
2,generation,1626168360000,0.26160214171880125,1626168360000,8346,-1.0376579761505127,0
2,generation,1626168390000,0.9984704831613649,1626168390000,8347,6.4812726974487305,1
2,generation,1626168420000,0.9192555064285606,1626168420000,8348,2.432274341583252,0
2,generation,1626168450000,0.30425759131437513,1626168450000,8349,-0.8271048069000244,0
2,generation,1626168480000,0.9986019250560001,1626168480000,8350,6.57125997543335,1
2,generation,1626168510000,0.9144601378831754,1626168510000,8351,2.369351387023926,0
2,generation,1626168540000,0.3243321272393289,1626168540000,8352,-0.7339335680007935,0
2,generation,1626168570000,0.32023105673128005,1626168570000,8353,-0.7527101635932922,0
2,generation,1626168600000,0.30462483187048256,1626168600000,8354,-0.8253705501556396,0
2,generation,1626168630000,0.479613490675579,1626168630000,8355,-0.08159127086400986,0
2,generation,1626168660000,0.3622800048201828,1626168660000,8356,-0.5654819011688232,0
2,generation,1626168690000,0.3310411047704318,1626168690000,8357,-0.703480064868927,0
2,generation,1626168720000,0.3232099159554012,1626168720000,8358,-0.7390591502189636,0
2,generation,1626168750000,0.4531667284491839,1626168750000,8359,-0.18788383901119232,0
2,generation,1626168780000,0.3735792012873071,1626168780000,8360,-0.5168923139572144,0
2,generation,1626168810000,0.9984503184035862,1626168810000,8361,6.4681549072265625,1
2,generation,1626168840000,0.8877328737992012,1626168840000,8362,2.0677897930145264,0
2,generation,1626168870000,0.2537934983977359,1626168870000,8363,-1.0784814357757568,0
2,generation,1626168900000,0.4656090801292342,1626168900000,8364,-0.13778123259544373,0
2,generation,1626168930000,0.29778266482345084,1626168930000,8365,-0.8578790426254272,0
2,generation,1626168960000,0.6068996243674373,1626168960000,8366,0.43429842591285706,0
2,generation,1626168990000,0.5169336214270738,1626168990000,8367,0.0677604004740715,0
2,generation,1626169020000,0.37231748432098033,1626169020000,8368,-0.5222875475883484,0
2,generation,1626169050000,0.42701148172904546,1626169050000,8369,-0.29405477643013,0
2,generation,1626169080000,0.9982256383285492,1626169080000,8370,6.332538604736328,1
2,generation,1626169110000,0.8981686080577013,1626169110000,8371,2.177039384841919,0
2,generation,1626169140000,0.4098406324669892,1626169140000,8372,-0.3646242320537567,0
2,generation,1626169170000,0.3398354145004422,1626169170000,8373,-0.664027750492096,0
2,generation,1626169200000,0.26145433383481154,1626169200000,8374,-1.0384232997894287,0
2,generation,1626169230000,0.5193340237480106,1626169230000,8375,0.07737467437982559,0
2,generation,1626169260000,0.4623549077871224,1626169260000,8376,-0.15086586773395538,0
2,generation,1626169290000,0.4471916880367909,1626169290000,8377,-0.21202397346496582,0
2,generation,1626169320000,0.9982755138752946,1626169320000,8378,6.361100196838379,1
2,generation,1626169350000,0.9201905885749516,1626169350000,8379,2.444939374923706,0
2,generation,1626169380000,0.9983448393919989,1626169380000,8380,6.402200698852539,1
2,generation,1626169410000,0.8899128897815697,1626169410000,8381,2.0898516178131104,0
2,generation,1626169440000,0.9983320612991671,1626169440000,8382,6.394497394561768,1
2,generation,1626169470000,0.9890369180664391,1626169470000,8383,4.502198219299316,1
2,generation,1626169500000,0.9130358561546985,1626169500000,8384,2.3512792587280273,0
2,generation,1626169530000,0.3369973611815265,1626169530000,8385,-0.6767038702964783,0
2,generation,1626169560000,0.3402712410383234,1626169560000,8386,-0.6620857119560242,0
2,generation,1626169590000,0.7841829147692324,1626169590000,8387,1.2902110815048218,0
2,generation,1626169620000,0.9975337244721347,1626169620000,8388,6.00257682800293,1
2,generation,1626169650000,0.9862426130473948,1626169650000,8389,4.272326469421387,1
2,generation,1626169680000,0.8975494822908384,1626169680000,8390,2.170288324356079,0
2,generation,1626169710000,0.36549268688790687,1626169710000,8391,-0.5516025424003601,0
2,generation,1626169740000,0.2632137378917163,1626169740000,8392,-1.0293314456939697,0
2,generation,1626169770000,0.9985719609824587,1626169770000,8393,6.550024032592773,1
2,generation,1626169800000,0.8839410164034249,1626169800000,8394,2.030291795730591,0
2,generation,1626169830000,0.4713047374542671,1626169830000,8395,-0.11490731686353683,0
2,generation,1626169860000,0.4351989763254337,1626169860000,8396,-0.26067015528678894,0
2,generation,1626169890000,0.3726907578311356,1626169890000,8397,-0.5206906199455261,0
2,generation,1626169920000,0.5417561992498358,1626169920000,8398,0.16741472482681274,0
2,generation,1626169950000,0.49586103392339426,1626169950000,8399,-0.01655624248087406,0
2,generation,1626169980000,0.34371316728462387,1626169980000,8400,-0.6467904448509216,0
2,generation,1626170010000,0.4746745977519534,1626170010000,8401,-0.1013883724808693,0
2,generation,1626170040000,0.39596197551133133,1626170040000,8402,-0.4223189651966095,0
2,generation,1626170070000,0.9983455767358557,1626170070000,8403,6.402647018432617,1
2,generation,1626170100000,0.9164826497957492,1626170100000,8404,2.395488739013672,0
2,generation,1626170130000,0.9982646557560545,1626170130000,8405,6.3548126220703125,1
2,generation,1626170160000,0.9003847238128485,1626170160000,8406,2.2015066146850586,0
2,generation,1626170190000,0.43232457105197875,1626170190000,8407,-0.2723731994628906,0
2,generation,1626170220000,0.4611667473692018,1626170220000,8408,-0.15564647316932678,0
2,generation,1626170250000,0.4073771731238277,1626170250000,8409,-0.37481868267059326,0
2,generation,1626170280000,0.6038721367698625,1626170280000,8410,0.42162543535232544,0
2,generation,1626170310000,0.3447342634263733,1626170310000,8411,-0.6422669887542725,0
2,generation,1626170340000,0.9983216632943416,1626170340000,8412,6.388272285461426,1
2,generation,1626170370000,0.9064898533160054,1626170370000,8413,2.271509885787964,0
2,generation,1626170400000,0.4974970183801759,1626170400000,8414,-0.010012010112404823,0
2,generation,1626170430000,0.3439838043202569,1626170430000,8415,-0.6455909013748169,0
2,generation,1626170460000,0.9984069488153362,1626170460000,8416,6.440509796142578,1
2,generation,1626170490000,0.9199312225516506,1626170490000,8417,2.441412925720215,0
2,generation,1626170520000,0.9979354564841708,1626170520000,8418,6.180779457092285,1
2,generation,1626170550000,0.9256992282480243,1626170550000,8419,2.522428035736084,0
2,generation,1626170580000,0.37216226784358725,1626170580000,8420,-0.5229517817497253,0
2,generation,1626170610000,0.4059180259695122,1626170610000,8421,-0.38086608052253723,0
2,generation,1626170640000,0.34094919359972425,1626170640000,8422,-0.6590671539306641,0
2,generation,1626170670000,0.8262181164011123,1626170670000,8423,1.5590578317642212,0
2,generation,1626170700000,0.9970488761148377,1626170700000,8424,5.822613716125488,1
2,generation,1626170730000,0.8772187533125116,1626170730000,8425,1.966352105140686,0
2,generation,1626170760000,0.6525790207624437,1626170760000,8426,0.6303949952125549,0
2,generation,1626170790000,0.453523960511032,1626170790000,8427,-0.18644236028194427,0
2,generation,1626170820000,0.9974947309649688,1626170820000,8428,5.986850738525391,1
2,generation,1626170850000,0.8903692558188414,1626170850000,8429,2.0945184230804443,0
2,generation,1626170880000,0.3135891110203329,1626170880000,8430,-0.7833928465843201,0
2,generation,1626170910000,0.6358796750287793,1626170910000,8431,0.5575249791145325,0
2,generation,1626170940000,0.37598731722062395,1626170940000,8432,-0.5066152811050415,0
2,generation,1626170970000,0.3135427967289984,1626170970000,8433,-0.7836080193519592,0
2,generation,1626171000000,0.4895766114167808,1626171000000,8434,-0.041699595749378204,0
2,generation,1626171030000,0.3822029306165037,1626171030000,8435,-0.4802083373069763,0
2,generation,1626171060000,0.9984072331959446,1626171060000,8436,6.440688610076904,1
2,generation,1626171090000,0.9199730086790607,1626171090000,8437,2.4419803619384766,0
2,generation,1626171120000,0.32087144783704064,1626171120000,8438,-0.7497698664665222,0
2,generation,1626171150000,0.9982341750511567,1626171150000,8439,6.337369918823242,1
2,generation,1626171180000,0.9965927485824407,1626171180000,8440,5.678436279296875,1
2,generation,1626171210000,0.8949206047605218,1626171210000,8441,2.1420187950134277,0
2,generation,1626171240000,0.2987996001053358,1626171240000,8442,-0.8530206084251404,0
2,generation,1626171270000,0.9983955441474028,1626171270000,8443,6.4333648681640625,1
2,generation,1626171300000,0.8818666937979599,1626171300000,8444,2.0102272033691406,0
2,generation,1626171330000,0.3471590248689496,1626171330000,8445,-0.6315506100654602,0
2,generation,1626171360000,0.445068125854966,1626171360000,8446,-0.22061799466609955,0
2,generation,1626171390000,0.998394417093303,1626171390000,8447,6.432661533355713,1
2,generation,1626171420000,0.9621803792237015,1626171420000,8448,3.2363739013671875,0
2,generation,1626171450000,0.902676354494677,1626171450000,8449,2.2273221015930176,0
2,generation,1626171480000,0.2957455029207266,1626171480000,8450,-0.867640495300293,0
2,generation,1626171510000,0.998385529728602,1626171510000,8451,6.427132606506348,1
2,generation,1626171540000,0.8978854990133374,1626171540000,8452,2.173947811126709,0
2,generation,1626171570000,0.293550564609337,1626171570000,8453,-0.8782017230987549,0
2,generation,1626171600000,0.43146023097538566,1626171600000,8454,-0.2758959233760834,0
2,generation,1626171630000,0.46439946960234074,1626171630000,8455,-0.1426434963941574,0
2,generation,1626171660000,0.4317885791156966,1626171660000,8456,-0.274557501077652,0
2,generation,1626171690000,0.36527631842335284,1626171690000,8457,-0.5525356531143188,0
2,generation,1626171720000,0.548257595197108,1626171720000,8458,0.19363312423229218,0
2,generation,1626171750000,0.4266667019516213,1626171750000,8459,-0.29546406865119934,0
2,generation,1626171780000,0.3521462315657995,1626171780000,8460,-0.6096184849739075,0
2,generation,1626171810000,0.37704372019655535,1626171810000,8461,-0.5021151900291443,0
2,generation,1626171840000,0.3897716731492838,1626171840000,8462,-0.44827207922935486,0
2,generation,1626171870000,0.9981957750397606,1626171870000,8463,6.3158183097839355,1
2,generation,1626171900000,0.939811406348109,1626171900000,8464,2.7481963634490967,0
2,generation,1626171930000,0.3397506803671765,1626171930000,8465,-0.6644054651260376,0
2,generation,1626171960000,0.2718081671755293,1626171960000,8466,-0.9854679703712463,0
2,generation,1626171990000,0.5943738034038473,1626171990000,8467,0.3820763826370239,0
2,generation,1626172020000,0.4095485829253738,1626172020000,8468,-0.36583182215690613,0
2,generation,1626172050000,0.41914484137966473,1626172050000,8469,-0.32628488540649414,0
2,generation,1626172080000,0.41104553803139515,1626172080000,8470,-0.3596448600292206,0
2,generation,1626172110000,0.438481117264404,1626172110000,8471,-0.24732865393161774,0
2,generation,1626172140000,0.40126694998141244,1626172140000,8472,-0.4001889228820801,0
2,generation,1626172170000,0.38815721234756845,1626172170000,8473,-0.45506492257118225,0
2,generation,1626172200000,0.9983415907058564,1626172200000,8474,6.4002366065979,1
2,generation,1626172230000,0.8919005888899736,1626172230000,8475,2.1103034019470215,0
2,generation,1626172260000,0.27546139236156236,1626172260000,8476,-0.9670875668525696,0
2,generation,1626172290000,0.22915248258371898,1626172290000,8477,-1.21310293674469,0
2,generation,1626172320000,0.22695067785557285,1626172320000,8478,-1.2256101369857788,0
2,generation,1626172350000,0.24254297983003192,1626172350000,8479,-1.138787865638733,0
2,generation,1626172380000,0.9984682604948643,1626172380000,8480,6.479818344116211,1
2,generation,1626172410000,0.928421730389307,1626172410000,8481,2.562694549560547,0
2,generation,1626172440000,0.3037839398345544,1626172440000,8482,-0.829343318939209,0
2,generation,1626172470000,0.2923559660901763,1626172470000,8483,-0.8839690685272217,0
2,generation,1626172500000,0.24669449884810307,1626172500000,8484,-1.1163201332092285,0
2,generation,1626172530000,0.22670571539054515,1626172530000,8485,-1.2270069122314453,0
2,generation,1626172560000,0.9985023045078811,1626172560000,8486,6.502328872680664,1
2,generation,1626172590000,0.9287137240205772,1626172590000,8487,2.567096710205078,0
2,generation,1626172620000,0.33148709992582964,1626172620000,8488,-0.7014667987823486,0
2,generation,1626172650000,0.24741892033720145,1626172650000,8489,-1.1124258041381836,0
2,generation,1626172680000,0.9983333066342714,1626172680000,8490,6.395245552062988,1
2,generation,1626172710000,0.8935283951790977,1626172710000,8491,2.1272997856140137,0
2,generation,1626172740000,0.9982019527499001,1626172740000,8492,6.319254398345947,1
2,generation,1626172770000,0.8935824117424239,1626172770000,8493,2.1278676986694336,0
2,generation,1626172800000,0.21885112749829397,1626172800000,8494,-1.2723740339279175,0
2,generation,1626172830000,0.22272746168614038,1626172830000,8495,-1.2498421669006348,0
2,generation,1626172860000,0.23005096926799626,1626172860000,8496,-1.2080234289169312,0
2,generation,1626172890000,0.19876458505508507,1626172890000,8497,-1.394033670425415,0
2,generation,1626172920000,0.22628720160370866,1626172920000,8498,-1.2293957471847534,0
2,generation,1626172950000,0.21038564922826863,1626172950000,8499,-1.322602391242981,0
2,generation,1626172980000,0.22032573650223558,1626172980000,8500,-1.2637691497802734,0
2,generation,1626173010000,0.2205693784772305,1626173010000,8501,-1.262351393699646,0
2,generation,1626173040000,0.21494197351906089,1626173040000,8502,-1.2953895330429077,0
2,generation,1626173070000,0.26620006827159676,1626173070000,8503,-1.0139882564544678,0
2,generation,1626173100000,0.24320455321812423,1626173100000,8504,-1.1351901292800903,0
2,generation,1626173130000,0.21705559004007197,1626173130000,8505,-1.2829082012176514,0
2,generation,1626173160000,0.22362687701600234,1626173160000,8506,-1.2446542978286743,0
2,generation,1626173190000,0.9984778161552302,1626173190000,8507,6.486085891723633,1
2,generation,1626173220000,0.8867014053684816,1626173220000,8508,2.057481527328491,0
2,generation,1626173250000,0.3355851724384497,1626173250000,8509,-0.683030903339386,0
2,generation,1626173280000,0.998305812165541,1626173280000,8510,6.378856182098389,1
2,generation,1626173310000,0.8887271092691248,1626173310000,8511,2.0778045654296875,0
2,generation,1626173340000,0.9983881991644078,1626173340000,8512,6.428790092468262,1
2,generation,1626173370000,0.8835033378087666,1626173370000,8513,2.0260324478149414,0
2,generation,1626173400000,0.9984048215588617,1626173400000,8514,6.439173221588135,1
2,generation,1626173430000,0.8933807810931136,1626173430000,8515,2.125749111175537,0
2,generation,1626173460000,0.24732233120279112,1626173460000,8516,-1.1129446029663086,0
2,generation,1626173490000,0.2430386284374671,1626173490000,8517,-1.1360918283462524,0
2,generation,1626173520000,0.23247599441281946,1626173520000,8518,-1.1943827867507935,0
2,generation,1626173550000,0.29767542480344283,1626173550000,8519,-0.8583919405937195,0
2,generation,1626173580000,0.31927719307264263,1626173580000,8520,-0.7570955157279968,0
2,generation,1626173610000,0.2660083748974135,1626173610000,8521,-1.014969825744629,0
2,generation,1626173640000,0.2145141024821043,1626173640000,8522,-1.2979270219802856,0
2,generation,1626173670000,0.23252866463049088,1626173670000,8523,-1.1940876245498657,0
2,generation,1626173700000,0.25782385553985854,1626173700000,8524,-1.0573099851608276,0
2,generation,1626173730000,0.25895206267857374,1626173730000,8525,-1.051422357559204,0
2,generation,1626173760000,0.998565232543165,1626173760000,8526,6.545316696166992,1
2,generation,1626173790000,0.8831634810064861,1626173790000,8527,2.0227346420288086,0
2,generation,1626173820000,0.2615071194600663,1626173820000,8528,-1.0381499528884888,0
2,generation,1626173850000,0.36696216150417765,1626173850000,8529,-0.5452714562416077,0
2,generation,1626173880000,0.351879101208271,1626173880000,8530,-0.6107895970344543,0
2,generation,1626173910000,0.3641103471498764,1626173910000,8531,-0.5575680732727051,0
2,generation,1626173940000,0.36475169037640703,1626173940000,8532,-0.5547991394996643,0
2,generation,1626173970000,0.35222830082380485,1626173970000,8533,-0.609258770942688,0
2,generation,1626174000000,0.2991202101655725,1626174000000,8534,-0.85149085521698,0
2,generation,1626174030000,0.23250541297993918,1626174030000,8535,-1.1942179203033447,0
2,generation,1626174060000,0.27888587922960967,1626174060000,8536,-0.9499947428703308,0
2,generation,1626174090000,0.9984211810999886,1626174090000,8537,6.449498176574707,1
2,generation,1626174120000,0.9738471750254915,1626174120000,8538,3.6172971725463867,0
2,generation,1626174150000,0.850057545810201,1626174150000,8539,1.735052466392517,0
2,generation,1626174180000,0.577670920943007,1626174180000,8540,0.3132195472717285,0
2,generation,1626174210000,0.2887879226674369,1626174210000,8541,-0.9012780785560608,0
2,generation,1626174240000,0.30543596108460286,1626174240000,8542,-0.8215442299842834,0
2,generation,1626174270000,0.2409501717585552,1626174270000,8543,-1.1474772691726685,0
2,generation,1626174300000,0.2169649054467193,1626174300000,8544,-1.2834419012069702,0
2,generation,1626174330000,0.233549756394179,1626174330000,8545,-1.188374638557434,0
2,generation,1626174360000,0.19113235516534283,1626174360000,8546,-1.442669153213501,0
2,generation,1626174390000,0.235190998715109,1626174390000,8547,-1.1792281866073608,0
2,generation,1626174420000,0.31662904429012717,1626174420000,8548,-0.7693069577217102,0
2,generation,1626174450000,0.9983867567115357,1626174450000,8549,6.427894115447998,1
2,generation,1626174480000,0.9728052477134251,1626174480000,8550,3.577159881591797,0
2,generation,1626174510000,0.865607640413916,1626174510000,8551,1.8626681566238403,0
2,generation,1626174540000,0.3460234718168362,1626174540000,8552,-0.6365648508071899,0
2,generation,1626174570000,0.3334481148426554,1626174570000,8553,-0.6926307082176208,0
2,generation,1626174600000,0.3038904865266496,1626174600000,8554,-0.8288396000862122,0
2,generation,1626174630000,0.19922270829734823,1626174630000,8555,-1.3911595344543457,0
2,generation,1626174660000,0.9983949505367125,1626174660000,8556,6.432994365692139,1
2,generation,1626174690000,0.8783589460713735,1626174690000,8557,1.9769808053970337,0
2,generation,1626174720000,0.24327643978696756,1626174720000,8558,-1.134799599647522,0
2,generation,1626174750000,0.21971840647344945,1626174750000,8559,-1.2673081159591675,0
2,generation,1626174780000,0.20113244098504438,1626174780000,8560,-1.379231572151184,0
2,generation,1626174810000,0.9983740996907795,1626174810000,8561,6.4200663566589355,1
2,generation,1626174840000,0.9750432050531368,1626174840000,8562,3.6653356552124023,0
2,generation,1626174870000,0.8846979050147852,1626174870000,8563,2.0376906394958496,0
2,generation,1626174900000,0.2977349181455991,1626174900000,8564,-0.8581073880195618,0
2,generation,1626174930000,0.25283955634024385,1626174930000,8565,-1.0835248231887817,0
2,generation,1626174960000,0.234073203084199,1626174960000,8566,-1.1854526996612549,0
2,generation,1626174990000,0.2496433875302315,1626174990000,8567,-1.1005151271820068,0
2,generation,1626175020000,0.19473082095308805,1626175020000,8568,-1.4195584058761597,0
2,generation,1626175050000,0.30965874159401996,1626175050000,8569,-0.8017151951789856,0
2,generation,1626175080000,0.23870929434054353,1626175080000,8570,-1.15976881980896,0
2,generation,1626175110000,0.19555243030664995,1626175110000,8571,-1.4143272638320923,0
2,generation,1626175140000,0.2185156223425008,1626175140000,8572,-1.274337649345398,0
2,generation,1626175170000,0.23416319201958408,1626175170000,8573,-1.184950828552246,0
2,generation,1626175200000,0.9985938512884467,1626175200000,8574,6.565493583679199,1
2,generation,1626175230000,0.8968061518912372,1626175230000,8575,2.1622304916381836,0
2,generation,1626175260000,0.33136716364351193,1626175260000,8576,-0.702008068561554,0
2,generation,1626175290000,0.26206075808053136,1626175290000,8577,-1.0352851152420044,0
2,generation,1626175320000,0.23927853633896726,1626175320000,8578,-1.1566389799118042,0
2,generation,1626175350000,0.4692424149631931,1626175350000,8579,-0.12318588048219681,0
2,generation,1626175380000,0.997958411093896,1626175380000,8580,6.191983222961426,1
2,generation,1626175410000,0.8639477664995511,1626175410000,8581,1.8484734296798706,0
2,generation,1626175440000,0.20441368009401675,1626175440000,8582,-1.3589335680007935,0
2,generation,1626175470000,0.9984376424147553,1626175470000,8583,6.459995746612549,1
2,generation,1626175500000,0.9010221205235941,1626175500000,8584,2.2086334228515625,0
2,generation,1626175530000,0.3781140190019644,1626175530000,8585,-0.497560977935791,0
2,generation,1626175560000,0.33318024603073015,1626175560000,8586,-0.6938361525535583,0
2,generation,1626175590000,0.9985542863171555,1626175590000,8587,6.537705421447754,1
2,generation,1626175620000,0.8739075232833614,1626175620000,8588,1.935958981513977,0
2,generation,1626175650000,0.22080931659853598,1626175650000,8589,-1.2609562873840332,0
2,generation,1626175680000,0.9985298425774575,1626175680000,8590,6.520914554595947,1
2,generation,1626175710000,0.8778491143375088,1626175710000,8591,1.9722176790237427,0
2,generation,1626175740000,0.9984154438891373,1626175740000,8592,6.445865154266357,1
2,generation,1626175770000,0.8659978429730933,1626175770000,8593,1.866026520729065,0
2,generation,1626175800000,0.19799435221289505,1626175800000,8594,-1.3988771438598633,0
2,generation,1626175830000,0.2144149319975278,1626175830000,8595,-1.2985156774520874,0
2,generation,1626175860000,0.2416102935225883,1626175860000,8596,-1.1438713073730469,0
2,generation,1626175890000,0.23379819114237999,1626175890000,8597,-1.186987280845642,0
2,generation,1626175920000,0.23347870513498997,1626175920000,8598,-1.1887716054916382,0
2,generation,1626175950000,0.311358750968603,1626175950000,8599,-0.7937746644020081,0
2,generation,1626175980000,0.2828856317620704,1626175980000,8600,-0.9301926493644714,0
2,generation,1626176010000,0.2482020872084946,1626176010000,8601,-1.1082242727279663,0
2,generation,1626176040000,0.9984628155941823,1626176040000,8602,6.476264476776123,1
2,generation,1626176070000,0.8880494149636515,1626176070000,8603,2.070969820022583,0
2,generation,1626176100000,0.9984190231424032,1626176100000,8604,6.448130130767822,1
2,generation,1626176130000,0.894437725809683,1626176130000,8605,2.1368942260742188,0
2,generation,1626176160000,0.48615168956908306,1626176160000,8606,-0.055407412350177765,0
2,generation,1626176190000,0.7297539507670523,1626176190000,8607,0.9933745861053467,0
2,generation,1626176220000,0.3918202728600208,1626176220000,8608,-0.4396671950817108,0
2,generation,1626176250000,0.20337355211303812,1626176250000,8609,-1.3653414249420166,0
2,generation,1626176280000,0.22172971089575583,1626176280000,8610,-1.2556147575378418,0
2,generation,1626176310000,0.998432853041623,1626176310000,8611,6.456930160522461,1
2,generation,1626176340000,0.8790593848297084,1626176340000,8612,1.9835528135299683,0
2,generation,1626176370000,0.37867629474917847,1626176370000,8613,-0.4951704740524292,0
2,generation,1626176400000,0.5694553663544293,1626176400000,8614,0.2796294093132019,0
2,generation,1626176430000,0.4020002746847127,1626176430000,8615,-0.39713752269744873,0
2,generation,1626176460000,0.3307826148128921,1626176460000,8616,-0.7046475410461426,0
2,generation,1626176490000,0.9983239611011036,1626176490000,8617,6.389644622802734,1
2,generation,1626176520000,0.8790340606619677,1626176520000,8618,1.9833146333694458,0
2,generation,1626176550000,0.2756499607673775,1626176550000,8619,-0.9661429524421692,0
2,generation,1626176580000,0.5747613207998605,1626176580000,8620,0.30130425095558167,0
2,generation,1626176610000,0.3658696749868187,1626176610000,8621,-0.5499773025512695,0
2,generation,1626176640000,0.29086255776228737,1626176640000,8622,-0.8911985158920288,0
2,generation,1626176670000,0.22412592239807755,1626176670000,8623,-1.2417821884155273,0
2,generation,1626176700000,0.22835620605494683,1626176700000,8624,-1.217616319656372,0
2,generation,1626176730000,0.35139438936470313,1626176730000,8625,-0.6129156351089478,0
2,generation,1626176760000,0.36071801555093047,1626176760000,8626,-0.5722491145133972,0
2,generation,1626176790000,0.3190411708518215,1626176790000,8627,-0.7581816911697388,0
2,generation,1626176820000,0.22705918000782235,1626176820000,8628,-1.224991798400879,0
2,generation,1626176850000,0.459733522339094,1626176850000,8629,-0.1614154726266861,0
2,generation,1626176880000,0.36609678779452065,1626176880000,8630,-0.5489985346794128,0
2,generation,1626176910000,0.3278636018851924,1626176910000,8631,-0.7178636193275452,0
2,generation,1626176940000,0.2575399177959234,1626176940000,8632,-1.058794379234314,0
2,generation,1626176970000,0.2138132749232459,1626176970000,8633,-1.3020912408828735,0
2,generation,1626177000000,0.23607335960137918,1626177000000,8634,-1.174329161643982,0
2,generation,1626177030000,0.9983869709730537,1626177030000,8635,6.428027153015137,1
2,generation,1626177060000,0.888124649933465,1626177060000,8636,2.0717267990112305,0
2,generation,1626177090000,0.24516261410451667,1626177090000,8637,-1.1245806217193604,0
2,generation,1626177120000,0.20627660617063426,1626177120000,8638,-1.3475170135498047,0
2,generation,1626177150000,0.21324428603800855,1626177150000,8639,-1.3054794073104858,0
2,generation,1626177180000,0.2574947647170546,1626177180000,8640,-1.059030532836914,0
2,generation,1626177210000,0.2926573341352369,1626177210000,8641,-0.8825128078460693,0
2,generation,1626177240000,0.3664151307840429,1626177240000,8642,-0.5476270318031311,0
2,generation,1626177270000,0.27621830233828787,1626177270000,8643,-0.9632983207702637,0
2,generation,1626177300000,0.2379898134134635,1626177300000,8644,-1.1637320518493652,0
2,generation,1626177330000,0.29653623306319105,1626177330000,8645,-0.8638469576835632,0
2,generation,1626177360000,0.2429628647318786,1626177360000,8646,-1.1365036964416504,0
2,generation,1626177390000,0.2301560344340314,1626177390000,8647,-1.207430362701416,0
2,generation,1626177420000,0.2266860713002161,1626177420000,8648,-1.227118968963623,0
2,generation,1626177450000,0.7327904995036999,1626177450000,8649,1.0088268518447876,0
2,generation,1626177480000,0.34749295585728784,1626177480000,8650,-0.6300775408744812,0
2,generation,1626177510000,0.9985193692763273,1626177510000,8651,6.513805389404297,1
2,generation,1626177540000,0.8965010881686769,1626177540000,8652,2.158938407897949,0
2,generation,1626177570000,0.22896508418092446,1626177570000,8653,-1.214164137840271,0
2,generation,1626177600000,0.19756987842250695,1626177600000,8654,-1.401552438735962,0
2,generation,1626177630000,0.19674147020172275,1626177630000,8655,-1.4067860841751099,0
2,generation,1626177660000,0.9983578285779638,1626177660000,8656,6.410092353820801,1
2,generation,1626177690000,0.8989109654013322,1626177690000,8657,2.1851823329925537,0
2,generation,1626177720000,0.9983873671668082,1626177720000,8658,6.4282732009887695,1
2,generation,1626177750000,0.9203605971113017,1626177750000,8659,2.447256565093994,0
2,generation,1626177780000,0.29860258499248893,1626177780000,8660,-0.8539611101150513,0
2,generation,1626177810000,0.3656972883106567,1626177810000,8661,-0.5507203936576843,0
2,generation,1626177840000,0.33951724324734384,1626177840000,8662,-0.6654462814331055,0
2,generation,1626177870000,0.21083938817617273,1626177870000,8663,-1.3198732137680054,0
2,generation,1626177900000,0.24336166466769088,1626177900000,8664,-1.1343367099761963,0
2,generation,1626177930000,0.3794289637462451,1626177930000,8665,-0.4919726848602295,0
2,generation,1626177960000,0.33080418802995887,1626177960000,8666,-0.7045500874519348,0
2,generation,1626177990000,0.9983876911135102,1626177990000,8667,6.428474426269531,1
2,generation,1626178020000,0.889356081494912,1626178020000,8668,2.0841805934906006,0
2,generation,1626178050000,0.9984468867938382,1626178050000,8669,6.465939521789551,1
2,generation,1626178080000,0.8968403026089633,1626178080000,8670,2.162599563598633,0
2,generation,1626178110000,0.2800464383117879,1626178110000,8671,-0.9442312717437744,0
2,generation,1626178140000,0.9984315916212675,1626178140000,8672,6.456124305725098,1
2,generation,1626178170000,0.889304128546838,1626178170000,8673,2.0836527347564697,0
2,generation,1626178200000,0.2301669124476807,1626178200000,8674,-1.2073689699172974,0
2,generation,1626178230000,0.9984266661333137,1626178230000,8675,6.452983856201172,1
2,generation,1626178260000,0.8703717082345017,1626178260000,8676,1.9042493104934692,0
2,generation,1626178290000,0.7761572840492174,1626178290000,8677,1.2434115409851074,0
2,generation,1626178320000,0.2927130958300546,1626178320000,8678,-0.8822434544563293,0
2,generation,1626178350000,0.22190795180561598,1626178350000,8679,-1.254582166671753,0
2,generation,1626178380000,0.23596207984806836,1626178380000,8680,-1.1749463081359863,0
2,generation,1626178410000,0.6351138226613109,1626178410000,8681,0.5542187690734863,0
2,generation,1626178440000,0.31332195051067174,1626178440000,8682,-0.7846342921257019,0
2,generation,1626178470000,0.252677491535374,1626178470000,8683,-1.0843828916549683,0
2,generation,1626178500000,0.38879105433463707,1626178500000,8684,-0.45239681005477905,0
2,generation,1626178530000,0.3242396956644615,1626178530000,8685,-0.7343553900718689,0
2,generation,1626178560000,0.254252677243914,1626178560000,8686,-1.076058268547058,0
2,generation,1626178590000,0.26968043983191475,1626178590000,8687,-0.996244490146637,0
2,generation,1626178620000,0.2115149783648272,1626178620000,8688,-1.3158175945281982,0
2,generation,1626178650000,0.767433891062312,1626178650000,8689,1.1938778162002563,0
2,generation,1626178680000,0.34215721653939407,1626178680000,8690,-0.6536956429481506,0
2,generation,1626178710000,0.24913558052313922,1626178710000,8691,-1.1032278537750244,0
2,generation,1626178740000,0.35680556959340853,1626178740000,8692,-0.5892560482025146,0
2,generation,1626178770000,0.9983578395226019,1626178770000,8693,6.410099029541016,1
2,generation,1626178800000,0.8812338259929118,1626178800000,8694,2.0041663646698,0
2,generation,1626178830000,0.9984156988484136,1626178830000,8695,6.44602632522583,1
2,generation,1626178860000,0.9665116707411284,1626178860000,8696,3.3624963760375977,0
2,generation,1626178890000,0.9108074123988337,1626178890000,8697,2.323533535003662,0
2,generation,1626178920000,0.40927602968204496,1626178920000,8698,-0.3669590353965759,0
2,generation,1626178950000,0.31547234451015466,1626178950000,8699,-0.7746580243110657,0
2,generation,1626178980000,0.24991880119639828,1626178980000,8700,-1.0990453958511353,0
2,generation,1626179010000,0.19662736761069782,1626179010000,8701,-1.4075082540512085,0
