source_tree,source_head,source_path,bytes,sha256
Ada-MGAD-e2e-v2-c0budget,4c1abff3602dbda3b5f8ead0062e04d131483855,experiments/p6/c0_causal_comparison/nn-vs-xgb-v1/comparison.json,59375,194a78013eaf73f575d5ba543954e463d426ab12bed5d9416be22b2de14c0497
Ada-MGAD-e2e-v2-c0budget,4c1abff3602dbda3b5f8ead0062e04d131483855,experiments/p6/c0_causal_comparison/nn-vs-xgb-v1/reference_records/checkpoint_impact/checkpoint_audit.json,2442,1ec753291ba1387a8faaeefa27be1d3082661d5b4e5afd46093170cb34f65192
Ada-MGAD-e2e-v2-c0budget,4c1abff3602dbda3b5f8ead0062e04d131483855,experiments/p6/c0_causal_comparison/nn-vs-xgb-v1/reference_records/checkpoint_impact/completion_manifest.json,1381,b64a4afa2cfba8899a96445a5cbf8715caccdeab08f812746cddfeb0dc35e031
Ada-MGAD-e2e-v2-c0budget,4c1abff3602dbda3b5f8ead0062e04d131483855,experiments/p6/c0_causal_comparison/nn-vs-xgb-v1/reference_records/checkpoint_impact/development_input_lock.json,4693,4cba75bf00e68482994c91109659f1b62143b26451ee5147acb6a520c795175b
Ada-MGAD-e2e-v2-c0budget,4c1abff3602dbda3b5f8ead0062e04d131483855,experiments/p6/c0_causal_comparison/nn-vs-xgb-v1/reference_records/checkpoint_impact/real_window_causality_gate.json,673,5cfcd0a8bed2684db3ab472a3c706e278b531a0514ba4da61bb0a6f8dc9ad309
Ada-MGAD-e2e-v2-c0budget,4c1abff3602dbda3b5f8ead0062e04d131483855,experiments/p6/c0_causal_comparison/nn-vs-xgb-v1/reference_records/nn/completion_manifest.json,1361,05ed46d33516b5b58fb5ed02f29dadfc965c5b1efb5083455578a3ac3279d43c
Ada-MGAD-e2e-v2-c0budget,4c1abff3602dbda3b5f8ead0062e04d131483855,experiments/p6/c0_causal_comparison/nn-vs-xgb-v1/reference_records/nn/development_input_lock.json,4693,4cba75bf00e68482994c91109659f1b62143b26451ee5147acb6a520c795175b
Ada-MGAD-e2e-v2-c0budget,4c1abff3602dbda3b5f8ead0062e04d131483855,experiments/p6/c0_causal_comparison/nn-vs-xgb-v1/reference_records/nn/real_window_causality_gate.json,653,3e7d3504ec2ef49fd6b359bced1312e177b04cf07d663cd9ce3fb675ef54e231
Ada-MGAD-e2e-v2-c0budget,4c1abff3602dbda3b5f8ead0062e04d131483855,experiments/p6/c0_causal_comparison/nn-vs-xgb-v1/reference_records/nn/training_log.json,16022,df3dc210652c2a2eecc2bdf9162db6d5c4a2b13f748ac5b212137bc6e001b840
Ada-MGAD-e2e-v2-c0budget,4c1abff3602dbda3b5f8ead0062e04d131483855,experiments/p6/c0_causal_comparison/nn-vs-xgb-v1/reference_records/nn/validation_selection.json,19192,196582641cbbba0234ab18e6f96d2ca1d2b297646ce884888b4bb809f768a133
Ada-MGAD-e2e-v2-c0budget,4c1abff3602dbda3b5f8ead0062e04d131483855,experiments/p6/c0_causal_comparison/nn-vs-xgb-v1/reference_records/xgb_original_fit/development_input_lock.json,5091,1031cfb1ba9801b837744d055a4fbe967ceb4cc372f90dd0616876456c708629
Ada-MGAD-e2e-v2-c0budget,4c1abff3602dbda3b5f8ead0062e04d131483855,experiments/p6/c0_causal_comparison/nn-vs-xgb-v1/reference_records/xgb_original_fit/failure_record.json,367,da36a5d1ce1c57fcdf8706ccaa714cb4ae7c936bfba1d9c02175728e801dac2d
Ada-MGAD-e2e-v2-c0budget,4c1abff3602dbda3b5f8ead0062e04d131483855,experiments/p6/c0_causal_comparison/nn-vs-xgb-v1/reference_records/xgb_original_fit/feature_lock.json,669,692a85d45b08e4024da5622cf4a7b81cac2a475440a889ced0bdc086a231875f
Ada-MGAD-e2e-v2-c0budget,4c1abff3602dbda3b5f8ead0062e04d131483855,experiments/p6/c0_causal_comparison/nn-vs-xgb-v1/reference_records/xgb_original_fit/fit_report.json,1617,2f658dfff15c1639efdceef7616a1468ffc54dfda0a0e26ef1f6be7bed8fd118
Ada-MGAD-e2e-v2-c0budget,4c1abff3602dbda3b5f8ead0062e04d131483855,experiments/p6/c0_causal_comparison/nn-vs-xgb-v1/reference_records/xgb_original_fit/validation_prediction_lock.json,402,7ffd8934c8023941444523263c1489009da8c8f056440d777bca665e1d946717
Ada-MGAD-e2e-v2-c0budget,4c1abff3602dbda3b5f8ead0062e04d131483855,experiments/p6/c0_causal_comparison/nn-vs-xgb-v1/research_manifest.json,4788,44c8b0130db6947a07a778a79ba09c8d5691bfd607ffad907b417ac28fe42b6a
Ada-MGAD-e2e-v2-c0budget,4c1abff3602dbda3b5f8ead0062e04d131483855,experiments/p6/c0_flat_xgb/finalized-v1-seed42/completion_manifest.json,1327,a30d583f4945a94a8af79de5af34caea0daf7cfe3fd0688a92554192738bb180
Ada-MGAD-e2e-v2-c0budget,4c1abff3602dbda3b5f8ead0062e04d131483855,experiments/p6/c0_flat_xgb/finalized-v1-seed42/finalization_input_lock.json,6678,83443fac0726f04910c4e1a889f463f4f23b2111154f9af0179708e69c4af4a0
Ada-MGAD-e2e-v2-c0budget,4c1abff3602dbda3b5f8ead0062e04d131483855,experiments/p6/c0_flat_xgb/finalized-v1-seed42/fit_report.json,1617,2f658dfff15c1639efdceef7616a1468ffc54dfda0a0e26ef1f6be7bed8fd118
Ada-MGAD-e2e-v2-c0budget,4c1abff3602dbda3b5f8ead0062e04d131483855,experiments/p6/c0_flat_xgb/finalized-v1-seed42/validation_prediction_lock.json,346,5c3bce054f7113128eb55410a19c23f2be4a51a23a37928e44d47344931321af
Ada-MGAD-e2e-v2-c0budget,4c1abff3602dbda3b5f8ead0062e04d131483855,experiments/p6/c0_flat_xgb/finalized-v1-seed42/validation_selection.json,4132,98363249a2b7a755b3622947b03c13b5b12f80fa01de7a6268bcb18be357261d
Ada-MGAD-e2e-v2-c0budget,4c1abff3602dbda3b5f8ead0062e04d131483855,experiments/p6/c0_long_weight/development_comparison_v1.json,25913,2666db85e9422a7063b23b377efcc6a5fc205706ed7e38fafb27267eb5519f77
Ada-MGAD-e2e-v2-c0budget,4c1abff3602dbda3b5f8ead0062e04d131483855,experiments/p6/c0_long_weight/gpu-control-v1-seed42/development_manifest.json,3907,54c217f08b951c75fbb45650e8bb599f79bec2d36e582104ed9f9c0a82fa96dd
Ada-MGAD-e2e-v2-c0budget,4c1abff3602dbda3b5f8ead0062e04d131483855,experiments/p6/c0_long_weight/gpu-control-v1-seed42/p6_c0.log,2590,8eedf228216f7e2ec31260ec44fa2906d98b1aa853e1f7d2248e5091fa7c28c1
Ada-MGAD-e2e-v2-c0budget,4c1abff3602dbda3b5f8ead0062e04d131483855,experiments/p6/c0_long_weight/gpu-control-v1-seed42/split_audit.json,12327,8715dd6f2cc8b5e3dc4458a00c060450ab0acd2291989c37571941e35e3d516f
Ada-MGAD-e2e-v2-c0budget,4c1abff3602dbda3b5f8ead0062e04d131483855,experiments/p6/c0_long_weight/gpu-control-v1-seed42/split_manifest.json,8130,d1e01a7d582135d860def8389e0c57f842964c5842cb8b389fdfbbf95582a6dd
Ada-MGAD-e2e-v2-c0budget,4c1abff3602dbda3b5f8ead0062e04d131483855,experiments/p6/c0_long_weight/gpu-control-v1-seed42/training_log.json,10778,91c12d57d43d39dc6e70e8a42ace6f4fa695b53afcc55998c9e2b82547c9aa3f
Ada-MGAD-e2e-v2-c0budget,4c1abff3602dbda3b5f8ead0062e04d131483855,experiments/p6/c0_long_weight/gpu-control-v1-seed42/validation_episodes.csv,214650,38871d4b941cc49ac665907fb97dd2e86f6369bb8841d03980869c3ad46e3379
Ada-MGAD-e2e-v2-c0budget,4c1abff3602dbda3b5f8ead0062e04d131483855,experiments/p6/c0_long_weight/gpu-control-v1-seed42/validation_matching.csv,522796,8bf838043e19e4e250e19ce72fa67cbea712ea0873074a1523408e3f3957586b
Ada-MGAD-e2e-v2-c0budget,4c1abff3602dbda3b5f8ead0062e04d131483855,experiments/p6/c0_long_weight/gpu-control-v1-seed42/validation_predictions.csv,2251307,dfbd8ff19fb3fe171a117ee062ae05a080ff47e69f8b845b173b00ea9ede27a7
Ada-MGAD-e2e-v2-c0budget,4c1abff3602dbda3b5f8ead0062e04d131483855,experiments/p6/c0_long_weight/gpu-control-v1-seed42/validation_selection.json,13913,888d68732bfdb086a0536e6321b8420ad1d4fba11921eb63f2a9577be73b0928
Ada-MGAD-e2e-v2-c0budget,4c1abff3602dbda3b5f8ead0062e04d131483855,experiments/p6/c0_long_weight/weighted-v1-seed42/development_manifest.json,3907,97a866e7b277a7f747e5080cd7f03ad46860ed4ad774c44e46a02d905963935e
Ada-MGAD-e2e-v2-c0budget,4c1abff3602dbda3b5f8ead0062e04d131483855,experiments/p6/c0_long_weight/weighted-v1-seed42/p6_c0.log,2815,1e93a4a8cd06d75fa0bea51c7450b0ad6aea6eed0d4187373600216e03c7a8b8
Ada-MGAD-e2e-v2-c0budget,4c1abff3602dbda3b5f8ead0062e04d131483855,experiments/p6/c0_long_weight/weighted-v1-seed42/split_audit.json,12328,b1365b9be5117c686528a047bb586ea559b05530153ab52dff925307494e6426
Ada-MGAD-e2e-v2-c0budget,4c1abff3602dbda3b5f8ead0062e04d131483855,experiments/p6/c0_long_weight/weighted-v1-seed42/split_manifest.json,8130,e15e678cd2c4e186abf24a877b3c6a98c44cb946580f25b2137a129752b45020
Ada-MGAD-e2e-v2-c0budget,4c1abff3602dbda3b5f8ead0062e04d131483855,experiments/p6/c0_long_weight/weighted-v1-seed42/training_log.json,12860,5a1bec9c01c5915c049f4098248968f00387afaedc223ada5519095f96479bd7
Ada-MGAD-e2e-v2-c0budget,4c1abff3602dbda3b5f8ead0062e04d131483855,experiments/p6/c0_long_weight/weighted-v1-seed42/validation_episodes.csv,215345,c0aa0b05371f3b470def96b533c553dc0a295f811b738d3384acfc11b90c16b4
Ada-MGAD-e2e-v2-c0budget,4c1abff3602dbda3b5f8ead0062e04d131483855,experiments/p6/c0_long_weight/weighted-v1-seed42/validation_matching.csv,523619,db378b68a2e4bb8e2a41ded337ae56567bcc6c303511b9f9946d047eb57cbdb8
Ada-MGAD-e2e-v2-c0budget,4c1abff3602dbda3b5f8ead0062e04d131483855,experiments/p6/c0_long_weight/weighted-v1-seed42/validation_predictions.csv,2252354,19c6d75fdcb7c5c9dab3aace09d70ae3c73b7396e9419afb3a7fb93e2d4794e1
Ada-MGAD-e2e-v2-c0budget,4c1abff3602dbda3b5f8ead0062e04d131483855,experiments/p6/c0_long_weight/weighted-v1-seed42/validation_selection.json,16606,a34856d67c7889833e6106bc4c40537aa344f051c43d0b6c71ec8e640e9cb9c2
Ada-MGAD-e2e-v2-c0budget,4c1abff3602dbda3b5f8ead0062e04d131483855,experiments/p6/c0_raw_onset_observability/raw-onset-v1/fit_clean_events.csv,519986,b42d0a714339ffb1f8bf07294a5fa822c48893f58bfe0475d60ab86a7aa0404a
Ada-MGAD-e2e-v2-c0budget,4c1abff3602dbda3b5f8ead0062e04d131483855,experiments/p6/c0_raw_onset_observability/raw-onset-v1/fit_pseudo_onsets.csv,70246,b36db52779b7a745a4e47c5cf4d686b1dea0a53be2a453debdbba61e1d45f531
Ada-MGAD-e2e-v2-c0budget,4c1abff3602dbda3b5f8ead0062e04d131483855,experiments/p6/c0_raw_onset_observability/raw-onset-v1/results.json,20440,2d8b1882fdb9a9310f9b74f848adc54033654d3a27a7ef707f609d84957d1378
Ada-MGAD-e2e-v2-c0budget,4c1abff3602dbda3b5f8ead0062e04d131483855,experiments/p6/c0_raw_onset_observability/raw-onset-v1/validation_clean_events.csv,171016,e9715164e6b527b0570aa2ed35a4281f0847910a8356e7bcad8b53e3796181a1
Ada-MGAD-e2e-v2-c0budget,4c1abff3602dbda3b5f8ead0062e04d131483855,experiments/p6/c0_raw_onset_observability/raw-onset-v1/validation_pseudo_onsets.csv,47187,53eb1bdcf265069cca9079495d92aae7f88415475312bdaf6da8d8e0a39dff10
Ada-MGAD-e2e-v2-c0budget,4c1abff3602dbda3b5f8ead0062e04d131483855,experiments/p6/c0_training_budget/determinism-probe-v1/default.json,591,f40f15635f49f6dbe2ba112d09367992f9b6bbf21cdeb19381eebb0e9c224239
Ada-MGAD-e2e-v2-c0budget,4c1abff3602dbda3b5f8ead0062e04d131483855,experiments/p6/c0_training_budget/determinism-probe-v1/deterministic.json,425,72c010625c7f20bf612cad9d01dd4f7e5df113348a58672085b36bfc01cbc1e7
Ada-MGAD-e2e-v2-c0budget,4c1abff3602dbda3b5f8ead0062e04d131483855,experiments/p6/c0_training_budget/early-replay-failure-archive-v1/failure_archive.json,2339,2458b339a07921bc39a3389e689f6aa34960b1837014135eac91d9a3da2bc7f7
Ada-MGAD-e2e-v2-c0budget,4c1abff3602dbda3b5f8ead0062e04d131483855,experiments/p6/c0_training_budget/preflight-seed17-v2/completion_manifest.json,595,0ef5cfd657aeed81613d915bb9d512b935bc5ebee7714e5189c48f540d10af4e
Ada-MGAD-e2e-v2-c0budget,4c1abff3602dbda3b5f8ead0062e04d131483855,experiments/p6/c0_training_budget/preflight-seed17-v2/development_input_lock.json,8684,034f1b2aae152e1d3ebf7121ee45a3089448225647ac2436ef7f2c2a4cbd22fd
Ada-MGAD-e2e-v2-c0budget,4c1abff3602dbda3b5f8ead0062e04d131483855,experiments/p6/c0_training_budget/preflight-seed17-v2/fit_gt.csv,610575,dd366f9246ef30c38963833535b251051975de023809905e2d087d230ac1b3c2
Ada-MGAD-e2e-v2-c0budget,4c1abff3602dbda3b5f8ead0062e04d131483855,experiments/p6/c0_training_budget/preflight-seed17-v2/p6_c0.log,0,e3b0c44298fc1c149afbf4c8996fb92427ae41e4649b934ca495991b7852b855
Ada-MGAD-e2e-v2-c0budget,4c1abff3602dbda3b5f8ead0062e04d131483855,experiments/p6/c0_training_budget/preflight-seed17-v2/validation_gt.csv,259687,c522cd913b07508598bc0506ff7111ce9ffdb22a7704227f924f06d2dbd1b7bc
Ada-MGAD-e2e-v2-c0budget,4c1abff3602dbda3b5f8ead0062e04d131483855,experiments/p6/c0_training_budget/preflight-seed2026-v1/completion_manifest.json,595,56f81c2cea90197375ea2fd6249653943d0a6987341278b414d3357bc8a11935
Ada-MGAD-e2e-v2-c0budget,4c1abff3602dbda3b5f8ead0062e04d131483855,experiments/p6/c0_training_budget/preflight-seed2026-v1/development_input_lock.json,8698,3a7d16d0208b2c45395a95253eaba5b9d21db90147b7d44adfcedf8ed506670a
Ada-MGAD-e2e-v2-c0budget,4c1abff3602dbda3b5f8ead0062e04d131483855,experiments/p6/c0_training_budget/preflight-seed2026-v1/fit_gt.csv,610575,dd366f9246ef30c38963833535b251051975de023809905e2d087d230ac1b3c2
Ada-MGAD-e2e-v2-c0budget,4c1abff3602dbda3b5f8ead0062e04d131483855,experiments/p6/c0_training_budget/preflight-seed2026-v1/p6_c0.log,0,e3b0c44298fc1c149afbf4c8996fb92427ae41e4649b934ca495991b7852b855
Ada-MGAD-e2e-v2-c0budget,4c1abff3602dbda3b5f8ead0062e04d131483855,experiments/p6/c0_training_budget/preflight-seed2026-v1/validation_gt.csv,259687,c522cd913b07508598bc0506ff7111ce9ffdb22a7704227f924f06d2dbd1b7bc
Ada-MGAD-e2e-v2-c0budget,4c1abff3602dbda3b5f8ead0062e04d131483855,experiments/p6/c0_training_budget/preflight-seed42-v1/completion_manifest.json,595,20d1ab4d7ade84b5dc30a0a0630aca7f2939eb6af812440ac7a4a7a342c3f5d8
Ada-MGAD-e2e-v2-c0budget,4c1abff3602dbda3b5f8ead0062e04d131483855,experiments/p6/c0_training_budget/preflight-seed42-v1/development_input_lock.json,8643,2b956e24811a68f06a0a01d40dca08e8ef9ddad99e63e2f19ce303e2fe067626
Ada-MGAD-e2e-v2-c0budget,4c1abff3602dbda3b5f8ead0062e04d131483855,experiments/p6/c0_training_budget/preflight-seed42-v1/fit_gt.csv,610575,dd366f9246ef30c38963833535b251051975de023809905e2d087d230ac1b3c2
Ada-MGAD-e2e-v2-c0budget,4c1abff3602dbda3b5f8ead0062e04d131483855,experiments/p6/c0_training_budget/preflight-seed42-v1/p6_c0.log,0,e3b0c44298fc1c149afbf4c8996fb92427ae41e4649b934ca495991b7852b855
Ada-MGAD-e2e-v2-c0budget,4c1abff3602dbda3b5f8ead0062e04d131483855,experiments/p6/c0_training_budget/preflight-seed42-v1/validation_gt.csv,259687,c522cd913b07508598bc0506ff7111ce9ffdb22a7704227f924f06d2dbd1b7bc
Ada-MGAD-e2e-v2-c0budget,4c1abff3602dbda3b5f8ead0062e04d131483855,experiments/p6/c0_training_budget/seed17-budget-deterministic-v1-20261002/development_input_lock.json,9534,513cf46e40ec760fd22e7e65856adb94315683a394d9a45a8416424dbb74971f
Ada-MGAD-e2e-v2-c0budget,4c1abff3602dbda3b5f8ead0062e04d131483855,experiments/p6/c0_training_budget/seed17-budget-deterministic-v1-20261002/fit_gt.csv,610575,dd366f9246ef30c38963833535b251051975de023809905e2d087d230ac1b3c2
Ada-MGAD-e2e-v2-c0budget,4c1abff3602dbda3b5f8ead0062e04d131483855,experiments/p6/c0_training_budget/seed17-budget-deterministic-v1-20261002/p6_c0.log,170,7f8730ff009ee6a414970406995ae59ce3cebf2de12e18d473bd18b029bc5564
Ada-MGAD-e2e-v2-c0budget,4c1abff3602dbda3b5f8ead0062e04d131483855,experiments/p6/c0_training_budget/seed17-budget-deterministic-v1-20261002/validation_gt.csv,259687,c522cd913b07508598bc0506ff7111ce9ffdb22a7704227f924f06d2dbd1b7bc
Ada-MGAD-e2e-v2-c0budget,4c1abff3602dbda3b5f8ead0062e04d131483855,experiments/p6/c0_training_budget/seed17-control-deterministic-v1-20261002/development_input_lock.json,9513,60d39c1792df378b8760f2d8ee70992ae803d46c6e63b2e526f3540317113975
Ada-MGAD-e2e-v2-c0budget,4c1abff3602dbda3b5f8ead0062e04d131483855,experiments/p6/c0_training_budget/seed17-control-deterministic-v1-20261002/fit_gt.csv,610575,dd366f9246ef30c38963833535b251051975de023809905e2d087d230ac1b3c2
Ada-MGAD-e2e-v2-c0budget,4c1abff3602dbda3b5f8ead0062e04d131483855,experiments/p6/c0_training_budget/seed17-control-deterministic-v1-20261002/p6_c0.log,170,e1bdcadc80d7a145584147b8d8256c828a91cb09465ac4cdde794da4279816c2
Ada-MGAD-e2e-v2-c0budget,4c1abff3602dbda3b5f8ead0062e04d131483855,experiments/p6/c0_training_budget/seed17-control-deterministic-v1-20261002/validation_gt.csv,259687,c522cd913b07508598bc0506ff7111ce9ffdb22a7704227f924f06d2dbd1b7bc
Ada-MGAD-e2e-v2-c0budget,4c1abff3602dbda3b5f8ead0062e04d131483855,experiments/p6/c0_training_budget/seed17-patience30-v1-20261002/development_input_lock.json,8684,cef10bf38823053299497445ec010fc18f65e9997cccdcde33429f3f4c25016e
Ada-MGAD-e2e-v2-c0budget,4c1abff3602dbda3b5f8ead0062e04d131483855,experiments/p6/c0_training_budget/seed17-patience30-v1-20261002/epoch_progress.json,3195,cf0d81a7684a2c1f2b5ec8c7abe469f7f476534487373d6eb0d850f6b62114aa
Ada-MGAD-e2e-v2-c0budget,4c1abff3602dbda3b5f8ead0062e04d131483855,experiments/p6/c0_training_budget/seed17-patience30-v1-20261002/epochs/epoch-00/epoch_audit.json,2784,616789add3d2475e3f36a1d5bee09c34f44bc114936598b08bace769bb10e558
Ada-MGAD-e2e-v2-c0budget,4c1abff3602dbda3b5f8ead0062e04d131483855,experiments/p6/c0_training_budget/seed17-patience30-v1-20261002/epochs/epoch-00/model_state.pt,221973,3f6b9ac16a60549958673a4c2bc9ce0e2d67b7f0999d5ec6f4af7eb95c806bb8
Ada-MGAD-e2e-v2-c0budget,4c1abff3602dbda3b5f8ead0062e04d131483855,experiments/p6/c0_training_budget/seed17-patience30-v1-20261002/epochs/epoch-00/validation_outputs.npz,558566,3499c5d8674a88ff9978c8ec9c243f74570114773226bd2c1a1b7707f35ee03a
Ada-MGAD-e2e-v2-c0budget,4c1abff3602dbda3b5f8ead0062e04d131483855,experiments/p6/c0_training_budget/seed17-patience30-v1-20261002/fit_gt.csv,610575,dd366f9246ef30c38963833535b251051975de023809905e2d087d230ac1b3c2
Ada-MGAD-e2e-v2-c0budget,4c1abff3602dbda3b5f8ead0062e04d131483855,experiments/p6/c0_training_budget/seed17-patience30-v1-20261002/p6_c0.log,392,80744557ba0346617506d54acca4e6c4fe2c8a6a8454c7c267b182e7ade81622
Ada-MGAD-e2e-v2-c0budget,4c1abff3602dbda3b5f8ead0062e04d131483855,experiments/p6/c0_training_budget/seed17-patience30-v1-20261002/validation_gt.csv,259687,c522cd913b07508598bc0506ff7111ce9ffdb22a7704227f924f06d2dbd1b7bc
Ada-MGAD-e2e-v2-c0budget,4c1abff3602dbda3b5f8ead0062e04d131483855,experiments/p6/c0_training_budget/seed2026-patience30-v1-20261002/development_input_lock.json,8698,3a7d16d0208b2c45395a95253eaba5b9d21db90147b7d44adfcedf8ed506670a
Ada-MGAD-e2e-v2-c0budget,4c1abff3602dbda3b5f8ead0062e04d131483855,experiments/p6/c0_training_budget/seed2026-patience30-v1-20261002/epoch_progress.json,3205,99110d037acfbe27122fcac3218cfaee852e610e7573e82b4091a817b1d10744
Ada-MGAD-e2e-v2-c0budget,4c1abff3602dbda3b5f8ead0062e04d131483855,experiments/p6/c0_training_budget/seed2026-patience30-v1-20261002/epochs/epoch-00/epoch_audit.json,2794,75f06a9596efb6d9111d6eacb72c2e0af21662969d30e0b9be9fdba97866cb61
Ada-MGAD-e2e-v2-c0budget,4c1abff3602dbda3b5f8ead0062e04d131483855,experiments/p6/c0_training_budget/seed2026-patience30-v1-20261002/epochs/epoch-00/model_state.pt,221973,4e2c852ec6527eb250a4a0aee93a09f96a74cd3879b96ebf42bf08c6a9fc8aaa
Ada-MGAD-e2e-v2-c0budget,4c1abff3602dbda3b5f8ead0062e04d131483855,experiments/p6/c0_training_budget/seed2026-patience30-v1-20261002/epochs/epoch-00/validation_outputs.npz,558566,c26397f110e45bb5084d1b9c70ab10f1a12291cc991d9f8abef8f235cd42f0d5
Ada-MGAD-e2e-v2-c0budget,4c1abff3602dbda3b5f8ead0062e04d131483855,experiments/p6/c0_training_budget/seed2026-patience30-v1-20261002/fit_gt.csv,610575,dd366f9246ef30c38963833535b251051975de023809905e2d087d230ac1b3c2
Ada-MGAD-e2e-v2-c0budget,4c1abff3602dbda3b5f8ead0062e04d131483855,experiments/p6/c0_training_budget/seed2026-patience30-v1-20261002/p6_c0.log,391,17c05e52614c99cece8cfd91e56b8627b5ba9018e38386c190b7eced4950ad43
Ada-MGAD-e2e-v2-c0budget,4c1abff3602dbda3b5f8ead0062e04d131483855,experiments/p6/c0_training_budget/seed2026-patience30-v1-20261002/validation_gt.csv,259687,c522cd913b07508598bc0506ff7111ce9ffdb22a7704227f924f06d2dbd1b7bc
Ada-MGAD-e2e-v2-c0budget,4c1abff3602dbda3b5f8ead0062e04d131483855,experiments/p6/c0_training_budget/seed42-patience30-v1-20261002/development_input_lock.json,8643,2b956e24811a68f06a0a01d40dca08e8ef9ddad99e63e2f19ce303e2fe067626
Ada-MGAD-e2e-v2-c0budget,4c1abff3602dbda3b5f8ead0062e04d131483855,experiments/p6/c0_training_budget/seed42-patience30-v1-20261002/epoch_progress.json,3206,e0852f14f6cfa46996b046a8f64312ea5070f8f12efc67167706db2e2f891624
Ada-MGAD-e2e-v2-c0budget,4c1abff3602dbda3b5f8ead0062e04d131483855,experiments/p6/c0_training_budget/seed42-patience30-v1-20261002/epochs/epoch-00/epoch_audit.json,2795,cdd775e51c74b8435b27ced2d3eb643f9150d36eb1d19d8cc939f576057d1402
Ada-MGAD-e2e-v2-c0budget,4c1abff3602dbda3b5f8ead0062e04d131483855,experiments/p6/c0_training_budget/seed42-patience30-v1-20261002/epochs/epoch-00/model_state.pt,221973,60def309b79fd68ceecd4b3454e5ec327b11dad13d6b164057a8395a764474c7
Ada-MGAD-e2e-v2-c0budget,4c1abff3602dbda3b5f8ead0062e04d131483855,experiments/p6/c0_training_budget/seed42-patience30-v1-20261002/epochs/epoch-00/validation_outputs.npz,558566,dbae0ab4bdfda78f87656a1b88559ece4b1f46fb83b8dffda2bbf3e7f60d643c
Ada-MGAD-e2e-v2-c0budget,4c1abff3602dbda3b5f8ead0062e04d131483855,experiments/p6/c0_training_budget/seed42-patience30-v1-20261002/fit_gt.csv,610575,dd366f9246ef30c38963833535b251051975de023809905e2d087d230ac1b3c2
Ada-MGAD-e2e-v2-c0budget,4c1abff3602dbda3b5f8ead0062e04d131483855,experiments/p6/c0_training_budget/seed42-patience30-v1-20261002/p6_c0.log,391,9b238608a52c0c6248b105aa6d9f80b99378683640eafbe710a603b5edcecd27
Ada-MGAD-e2e-v2-c0budget,4c1abff3602dbda3b5f8ead0062e04d131483855,experiments/p6/c0_training_budget/seed42-patience30-v1-20261002/validation_gt.csv,259687,c522cd913b07508598bc0506ff7111ce9ffdb22a7704227f924f06d2dbd1b7bc
Ada-MGAD-e2e-v2-c0budget,4c1abff3602dbda3b5f8ead0062e04d131483855,experiments/p6/c0f_failure_audit/c0f-correction-20260923T0755Z/analysis_validation.json,296,ad7a15071946ca8749cbfc26c134304b3771c8e610fe1b8b2bbb81c01767fdde
Ada-MGAD-e2e-v2-c0budget,4c1abff3602dbda3b5f8ead0062e04d131483855,experiments/p6/c0f_failure_audit/c0f-correction-20260923T0755Z/audit_config.json,3064,6e66534cd7adb078d7342fd189a891d59e8dd1b9c893868cbf06f92c34c6c820
Ada-MGAD-e2e-v2-c0budget,4c1abff3602dbda3b5f8ead0062e04d131483855,experiments/p6/c0f_failure_audit/c0f-correction-20260923T0755Z/capacity_summary.json,13508,aaa4fe3bc740aad3c1b97dac8a8c9224fcdc766b59e693f2b07a678139eccbda
Ada-MGAD-e2e-v2-c0budget,4c1abff3602dbda3b5f8ead0062e04d131483855,experiments/p6/c0f_failure_audit/c0f-correction-20260923T0755Z/completion_manifest.json,76920,faabd0a5e6486a89c6e6e3cab1af8f146af6cdab9fe5e728c027f5d18f80745a
Ada-MGAD-e2e-v2-c0budget,4c1abff3602dbda3b5f8ead0062e04d131483855,experiments/p6/c0f_failure_audit/c0f-correction-20260923T0755Z/confounding_tables.json,196447,676bf2913aefd265292b4d25c6c8fc11d9bec5813f5aebf9a3d7a6e49933487d
Ada-MGAD-e2e-v2-c0budget,4c1abff3602dbda3b5f8ead0062e04d131483855,experiments/p6/c0f_failure_audit/c0f-correction-20260923T0755Z/correction_summary.json,1427,95cdd9d0c51a29a47d84b851a8dda40c3d56e877203793781c4701a6852db181
Ada-MGAD-e2e-v2-c0budget,4c1abff3602dbda3b5f8ead0062e04d131483855,experiments/p6/c0f_failure_audit/c0f-correction-20260923T0755Z/decision.json,21910,3cdf539f1bfe2367c9e0e34430118a565645a293138e121970832cce7984c552
Ada-MGAD-e2e-v2-c0budget,4c1abff3602dbda3b5f8ead0062e04d131483855,experiments/p6/c0f_failure_audit/c0f-correction-20260923T0755Z/evidence_ledger.json,7998,eaf1b0a9bb641e3dd59c540512f03a61a793b4ebb83c7115b19f86ac7318e1fe
Ada-MGAD-e2e-v2-c0budget,4c1abff3602dbda3b5f8ead0062e04d131483855,experiments/p6/c0f_failure_audit/c0f-correction-20260923T0755Z/final_report.md,12767,cfac59ff1f3d4ac489a3c11b9670e43e3e8216999019e821d1711970fdfea656
Ada-MGAD-e2e-v2-c0budget,4c1abff3602dbda3b5f8ead0062e04d131483855,experiments/p6/c0f_failure_audit/c0f-correction-20260923T0755Z/input_integrity_after.json,227,bc834dc3b45aa4814b8e27a6d7b15d88994488d574057dcf8e18c5647782c7e4
Ada-MGAD-e2e-v2-c0budget,4c1abff3602dbda3b5f8ead0062e04d131483855,experiments/p6/c0f_failure_audit/c0f-correction-20260923T0755Z/input_manifest.json,1272,8a22a55fe1b951a78aa30fa6a185339f45235779a9b0c4a92852cc97f11fa972
Ada-MGAD-e2e-v2-c0budget,4c1abff3602dbda3b5f8ead0062e04d131483855,experiments/p6/c0f_failure_audit/c0f-correction-20260923T0755Z/input_snapshot.json,254827,1fdc4e0e3b82c9849e7e965471ee4431621aa3b8b7d9ec86f7afbc0fa5b9b87f
Ada-MGAD-e2e-v2-c0budget,4c1abff3602dbda3b5f8ead0062e04d131483855,experiments/p6/c0f_failure_audit/c0f-correction-20260923T0755Z/isolation_summary.json,46108,439b4311ae6cdeeb896971b52602928cd8f8f00581b1762b7dc199338eb8cdd9
Ada-MGAD-e2e-v2-c0budget,4c1abff3602dbda3b5f8ead0062e04d131483855,experiments/p6/c0f_failure_audit/c0f-correction-20260923T0755Z/ledger_invariants.json,520,a497cd0e28dc4627d27a343038ecda70ff3e2cd2c7579674175c7b0c1ebe8ab3
Ada-MGAD-e2e-v2-c0budget,4c1abff3602dbda3b5f8ead0062e04d131483855,experiments/p6/c0f_failure_audit/c0f-correction-20260923T0755Z/reuse_provenance.json,1297,5d40d373429d92073ad1f677ed930107abdcfec9973afa3fd940c00d79a6ad82
Ada-MGAD-e2e-v2-c0budget,4c1abff3602dbda3b5f8ead0062e04d131483855,experiments/p6/c0f_failure_audit/c0f-correction-20260923T0755Z/run_state.json,70344,4f58cdf5cf3c06bcc2b8ea3b12a608c6c9287a8a996a4ae0007f2a3cede3fb78
Ada-MGAD-e2e-v2-c0budget,4c1abff3602dbda3b5f8ead0062e04d131483855,experiments/p6/c0f_failure_audit/c0f-correction-20260923T0755Z/source_integrity.json,8617,ae61ded34933922feea8dad052f115aa50abf7c311593f0a49f47b5e73270e73
Ada-MGAD-e2e-v2-c0budget,4c1abff3602dbda3b5f8ead0062e04d131483855,experiments/p6/c0f_failure_audit/c0f-correction-20260923T0755Z/source_snapshot.json,27487,808bb33502694359a809657c56db3bc4ecf1a67887e45ba4c7949e67009d17fe
Ada-MGAD-e2e-v2-c0budget,4c1abff3602dbda3b5f8ead0062e04d131483855,experiments/p6/c0f_failure_audit/c0f-correction-20260923T0755Z/split_population_checks.json,968,e5cad5ac9211384da9c73c83304625bb4274585228b1b733edd92f4352dfd820
Ada-MGAD-e2e-v2-c0budget,4c1abff3602dbda3b5f8ead0062e04d131483855,experiments/p6/c0f_failure_audit/c0f-correction-20260923T0755Z/stratified_summary.json,38692,c3d3148227ad27756001b6d6b7ba1fadb603e390741e29fad34fcb8292c4962e
Ada-MGAD-e2e-v2-c0budget,4c1abff3602dbda3b5f8ead0062e04d131483855,experiments/p6/c0f_failure_audit/c0f-correction-20260923T0755Z/test_artifact_verification.json,1286,0385232d6ff22eb82747264c9bdf7a4d0f6b4112b40a5edc9675ec12ddd72282
Ada-MGAD-e2e-v2-c0budget,4c1abff3602dbda3b5f8ead0062e04d131483855,experiments/p6/c0f_failure_audit/c0f-correction-20260923T0755Z/test_results.json,1478,001ef8cbe1e1997d6a608df763aefb994e5d99b6e932f97de0c4cf88b4aa504e
Ada-MGAD-e2e-v2-c0budget,4c1abff3602dbda3b5f8ead0062e04d131483855,experiments/p6/c0f_failure_audit/c0f-correction-20260923T0755Z/validation_replay.json,1781,e802370c18a4bc38e497d3ab398705a0434f91bbe8c02dbf1710c7f1ad904360
Ada-MGAD-e2e-v2-c0budget,4c1abff3602dbda3b5f8ead0062e04d131483855,experiments/p6/c0f_failure_audit/c0f-seed42-20260919T0700/audit_config.json,2705,078c633bc1097b558439d0bc247118bf079cdbc177eac2bbe26a83b628bbbf40
Ada-MGAD-e2e-v2-c0budget,4c1abff3602dbda3b5f8ead0062e04d131483855,experiments/p6/c0f_failure_audit/c0f-seed42-20260919T0700/capacity_summary.json,12933,e479dfa5b2af41d141b4fd08ecbfa76a107148e57ade5e17eaa818b880821124
Ada-MGAD-e2e-v2-c0budget,4c1abff3602dbda3b5f8ead0062e04d131483855,experiments/p6/c0f_failure_audit/c0f-seed42-20260919T0700/completion_manifest.json,16950,97e1fd3e34da06e7b64808b9f38372628c7007b9a2533c46582b50e5b7ace53a
Ada-MGAD-e2e-v2-c0budget,4c1abff3602dbda3b5f8ead0062e04d131483855,experiments/p6/c0f_failure_audit/c0f-seed42-20260919T0700/confounding_tables.json,27744,bab17cda93dcb9747e23cd4519396edc2975e38bc31ed96e2ad3fc2d8fe5c9c6
Ada-MGAD-e2e-v2-c0budget,4c1abff3602dbda3b5f8ead0062e04d131483855,experiments/p6/c0f_failure_audit/c0f-seed42-20260919T0700/decision.json,20118,9eb7ca1ee3c04c4b8fdc1d0a9a75b873add03bfce61b026f0e4abc9f55ba9493
Ada-MGAD-e2e-v2-c0budget,4c1abff3602dbda3b5f8ead0062e04d131483855,experiments/p6/c0f_failure_audit/c0f-seed42-20260919T0700/evidence_ledger.json,5830,1eaca4aac0c592a5110acadb7681366ceba696f0fedc1803ec1c03379d16f90b
Ada-MGAD-e2e-v2-c0budget,4c1abff3602dbda3b5f8ead0062e04d131483855,experiments/p6/c0f_failure_audit/c0f-seed42-20260919T0700/final_report.md,9472,563ac665ce2641c94e80a4bd12e124473956db1c49113eb60859ba4f6f2a291f
Ada-MGAD-e2e-v2-c0budget,4c1abff3602dbda3b5f8ead0062e04d131483855,experiments/p6/c0f_failure_audit/c0f-seed42-20260919T0700/input_manifest.json,1267,cd5a7b02c8e78bb6021343dd2e76ca8d87819503afdecefc8cb80c5fcfdc48ef
Ada-MGAD-e2e-v2-c0budget,4c1abff3602dbda3b5f8ead0062e04d131483855,experiments/p6/c0f_failure_audit/c0f-seed42-20260919T0700/ledger_invariants.json,520,a497cd0e28dc4627d27a343038ecda70ff3e2cd2c7579674175c7b0c1ebe8ab3
Ada-MGAD-e2e-v2-c0budget,4c1abff3602dbda3b5f8ead0062e04d131483855,experiments/p6/c0f_failure_audit/c0f-seed42-20260919T0700/run_state.json,1983,5c81eb7dfb89d713ac40de4da60d8f9803b89ac1c6260ff9ca7a07e59fe40edc
Ada-MGAD-e2e-v2-c0budget,4c1abff3602dbda3b5f8ead0062e04d131483855,experiments/p6/c0f_failure_audit/c0f-seed42-20260919T0700/source_integrity.json,4603,7507a5bb490607692a0c7e4065f1ba79e8cde8d67305f4d8f20638feb6228c8d
Ada-MGAD-e2e-v2-c0budget,4c1abff3602dbda3b5f8ead0062e04d131483855,experiments/p6/c0f_failure_audit/c0f-seed42-20260919T0700/split_population_checks.json,968,e5cad5ac9211384da9c73c83304625bb4274585228b1b733edd92f4352dfd820
Ada-MGAD-e2e-v2-c0budget,4c1abff3602dbda3b5f8ead0062e04d131483855,experiments/p6/c0f_failure_audit/c0f-seed42-20260919T0700/stratified_summary.json,35445,babde167b0390f10a20108026516463a250f74340fcd46c8729e386610f39b57
Ada-MGAD-e2e-v2-c0budget,4c1abff3602dbda3b5f8ead0062e04d131483855,experiments/p6/c0f_failure_audit/c0f-seed42-20260919T0700/test_artifact_verification.json,1190,ccec4113e1846fd3509fc626a6cc14a7b64fe05ae31fa81c31bcf9ab68e22e28
Ada-MGAD-e2e-v2-c0budget,4c1abff3602dbda3b5f8ead0062e04d131483855,experiments/p6/c0f_failure_audit/c0f-seed42-20260919T0700/validation_replay.json,1781,24ea8a62815c7c6172bac2e3e3a0f3bfc639b803fc8bbd28c17d9e33c98fb93f
Ada-MGAD-e2e-v2-c0budget,4c1abff3602dbda3b5f8ead0062e04d131483855,experiments/p6/c0f_failure_audit/code-checks-20260923T075346Z/test_results.json,1175,51017a28cf2e25a31b463a4d5ead6ec19bc3062006a0f72ce40da0a60dbc43df
Ada-MGAD-e2e-v2-c0budget,4c1abff3602dbda3b5f8ead0062e04d131483855,experiments/p6/c0r2_trainval_dev/positive-logit-rise-v2/results.json,4986,773f05832dcefb568cc867f3eb716c3db2be234cf57d539ede7ca6a59b5dc9f0
Ada-MGAD-e2e-v2-c0budget,4c1abff3602dbda3b5f8ead0062e04d131483855,experiments/p6/c1_feasibility/c1-g1-20260923T105441Z/feasibility_ledger.json,25618,80718e06a801f4a4cfac085eec999285a162b4e1ebf5afff082f17925a99b3da
Ada-MGAD-e2e-v2-c0budget,4c1abff3602dbda3b5f8ead0062e04d131483855,experiments/p6/c1_feasibility/c1-g1-20260923T105441Z/final_report.md,8811,48c72507b5cc43f5254906be5e983547d584ca0a1a979a919e6e970112efbfc4
Ada-MGAD-e2e-v2-c0budget,4c1abff3602dbda3b5f8ead0062e04d131483855,experiments/p6/c1_prefix_metric_audit/c1-fold1-metric-audit-v1-20260929/candidate_ledger.csv,729152,0b25bf30626055af55d6b35ab3fe9f8ff3a375b9023b9ade6bcc8f592923edf5
Ada-MGAD-e2e-v2-c0budget,4c1abff3602dbda3b5f8ead0062e04d131483855,experiments/p6/c1_prefix_metric_audit/c1-fold1-metric-audit-v1-20260929/completion_manifest.json,2015,322e3bf69bd9aaa16b4b0b667a3fd98802175bdd91ec655585f7c97c765ef847
Ada-MGAD-e2e-v2-c0budget,4c1abff3602dbda3b5f8ead0062e04d131483855,experiments/p6/c1_prefix_metric_audit/c1-fold1-metric-audit-v1-20260929/summary.json,2334,f951ebf8419d6499dfe3864e04b4c7f3ab04f258eb3c3d40a3f2ecc43623ae1a
Ada-MGAD-e2e-v2-c0budget,4c1abff3602dbda3b5f8ead0062e04d131483855,experiments/p6/c1_protocol/c1-g2-py38-correction-20260924T0831Z/correction_manifest.json,2340,36a6406c80c0545f81e37f2cb4df0a1bbf5e341d5f92094631be487417f88a34
Ada-MGAD-e2e-v2-c0budget,4c1abff3602dbda3b5f8ead0062e04d131483855,experiments/p6/c1_protocol/c1-g2-py38-correction-20260924T0831Z/correction_report.md,3511,757d796360596b4155d91f40ed3b29cb78cc547dba0ecff819ff1a5496a58857
Ada-MGAD-e2e-v2-c0budget,4c1abff3602dbda3b5f8ead0062e04d131483855,experiments/p6/c1_protocol/c1-g2-v1-20260924/design_lock_report.md,2211,105b44683c01ffc8ef6eded385ec1dc3d6032415e40c58cdfd2815595c02a23f
Ada-MGAD-e2e-v2-c0budget,4c1abff3602dbda3b5f8ead0062e04d131483855,experiments/p6/c1_protocol/c1-g2-v1-20260924/raw_content_manifest.json,1584322,03bdefc1ad817802a9f015a5cc07c71f5e8d625c66c5d5e9fbff31d0d5671718
Ada-MGAD-e2e-v2-c0budget,4c1abff3602dbda3b5f8ead0062e04d131483855,experiments/p6/c1_supervision_oos/c1-supervision-oos-v1-seed42/evaluation/c1_results.json,1947819,d94b67c6631229c8994b491156d616a29062537fda6955bb9a44908609786b6c
Ada-MGAD-e2e-v2-c0budget,4c1abff3602dbda3b5f8ead0062e04d131483855,experiments/p6/c1_supervision_oos/c1-supervision-oos-v1-seed42/evaluation/c2_failure_ledger.csv,1266920,2d7dd0703147a7f67d8e77b17f9be03be43b63baa733f7891b6f653852acef5c
Ada-MGAD-e2e-v2-c0budget,4c1abff3602dbda3b5f8ead0062e04d131483855,experiments/p6/c1_supervision_oos/c1-supervision-oos-v1-seed42/evaluation/c2_failure_summary.json,669,382829e8258b95882ef741004ae2715a98cc01dcd53cc11229cc12abb48c2b95
Ada-MGAD-e2e-v2-c0budget,4c1abff3602dbda3b5f8ead0062e04d131483855,experiments/p6/c1_supervision_oos/c1-supervision-oos-v1-seed42/evaluation/c2_full_diagnosis.json,17914,3b6635e497916cc0be7ba06f466772d1d884544d5819fa519714e3b1e2157beb
Ada-MGAD-e2e-v2-c0budget,4c1abff3602dbda3b5f8ead0062e04d131483855,experiments/p6/c1_supervision_oos/c1-supervision-oos-v1-seed42/evaluation/c2_raw_matching.csv,1155905,986a55d59a6f809a0a6961d76eca5402624ae776bcbd170afb935a24862a09ab
Ada-MGAD-e2e-v2-c0budget,4c1abff3602dbda3b5f8ead0062e04d131483855,experiments/p6/c1_supervision_oos/c1-supervision-oos-v1-seed42/evaluation/c2_stage1_reference.json,1754,104ca7578bd204131f5785fa27b9b97eb08470343f149742c74b83195f8e10c9
Ada-MGAD-e2e-v2-c0budget,4c1abff3602dbda3b5f8ead0062e04d131483855,experiments/p6/c1_supervision_oos/c1-supervision-oos-v1-seed42/evaluation/completion_manifest.json,4210,c113bd2b18967e9f0fac4a227bed7c19e5659f6f13833ba4b21040a9a1b9730e
Ada-MGAD-e2e-v2-c0budget,4c1abff3602dbda3b5f8ead0062e04d131483855,experiments/p6/c1_supervision_oos/c1-supervision-oos-v1-seed42/evaluation/oracle_a_diagnostic.json,269,d1838b5efefa11087fbbb6ecc9949740d6fbb0ece02316ec243e06cb1e4dc1ae
Ada-MGAD-e2e-v2-c0budget,4c1abff3602dbda3b5f8ead0062e04d131483855,experiments/p6/c1_supervision_oos/c1-supervision-oos-v1-seed42/evaluation/oracle_a_rankings.csv,990811,5a7c9576a448ce7a2a9688a214626cc3176919305643f4e89e1dada7c899eec4
Ada-MGAD-e2e-v2-c0budget,4c1abff3602dbda3b5f8ead0062e04d131483855,experiments/p6/c1_supervision_oos/c1-supervision-oos-v1-seed42/folds/fold_01/completion_manifest.json,9087,e5ee5d1ee7f825b18e7ef69f4764182284547d3940c77771855a40468c9b3d3c
Ada-MGAD-e2e-v2-c0budget,4c1abff3602dbda3b5f8ead0062e04d131483855,experiments/p6/c1_supervision_oos/c1-supervision-oos-v1-seed42/folds/fold_01/detector/completion_manifest.json,4312,77f0e0bc4f07aad21799db077c09c3d657dc5c2c106d24460257742c33df5220
Ada-MGAD-e2e-v2-c0budget,4c1abff3602dbda3b5f8ead0062e04d131483855,experiments/p6/c1_supervision_oos/c1-supervision-oos-v1-seed42/folds/fold_01/detector/generation_episodes.csv,106723,856797f52561e1fdc0a9a0e5ab00885ad5a0267d5ccf58f0d943e2bfde31f664
Ada-MGAD-e2e-v2-c0budget,4c1abff3602dbda3b5f8ead0062e04d131483855,experiments/p6/c1_supervision_oos/c1-supervision-oos-v1-seed42/folds/fold_01/detector/generation_scores.csv,750379,6e6a1343939cfbe52c5ea0cf33aa8c7d44cd656c9e5e8641a4fc1f01f0ecb9bc
Ada-MGAD-e2e-v2-c0budget,4c1abff3602dbda3b5f8ead0062e04d131483855,experiments/p6/c1_supervision_oos/c1-supervision-oos-v1-seed42/folds/fold_01/detector/selection.json,773,e96b42fda9f874a04866e984d36f9b32feb24cfabb9d0baf9dda72285fa85f45
Ada-MGAD-e2e-v2-c0budget,4c1abff3602dbda3b5f8ead0062e04d131483855,experiments/p6/c1_supervision_oos/c1-supervision-oos-v1-seed42/folds/fold_01/detector/training_log.json,19221,64dd055eb00531ae43fcead33e103fc1ec55fb6f364518eaec53daae4829a026
Ada-MGAD-e2e-v2-c0budget,4c1abff3602dbda3b5f8ead0062e04d131483855,experiments/p6/c1_supervision_oos/c1-supervision-oos-v1-seed42/folds/fold_02/completion_manifest.json,9096,51006c83a351a1794832be0f82fcee35bceeec0a2a1382df1c61b9e2dc7f252c
Ada-MGAD-e2e-v2-c0budget,4c1abff3602dbda3b5f8ead0062e04d131483855,experiments/p6/c1_supervision_oos/c1-supervision-oos-v1-seed42/folds/fold_02/detector/completion_manifest.json,4281,1ac2392e356f0da8e56fd1c944fbc86f5492d882424d942eeb12523f81a4642b
Ada-MGAD-e2e-v2-c0budget,4c1abff3602dbda3b5f8ead0062e04d131483855,experiments/p6/c1_supervision_oos/c1-supervision-oos-v1-seed42/folds/fold_02/detector/generation_episodes.csv,130039,237fa6eb7af28143ba38568ab9c19f5ee2cfb23c2fed25de2d680fd11ee7383a
Ada-MGAD-e2e-v2-c0budget,4c1abff3602dbda3b5f8ead0062e04d131483855,experiments/p6/c1_supervision_oos/c1-supervision-oos-v1-seed42/folds/fold_02/detector/generation_scores.csv,753899,7abb1f0398658ada10897f17b4f271ff084f6b1daf1e9c1adeddfb667eb3b02f
Ada-MGAD-e2e-v2-c0budget,4c1abff3602dbda3b5f8ead0062e04d131483855,experiments/p6/c1_supervision_oos/c1-supervision-oos-v1-seed42/folds/fold_02/detector/selection.json,741,3449a63b37f5184f9fbd86888843d6e9d8605c3b0b6502635528ff139fd3db3f
Ada-MGAD-e2e-v2-c0budget,4c1abff3602dbda3b5f8ead0062e04d131483855,experiments/p6/c1_supervision_oos/c1-supervision-oos-v1-seed42/folds/fold_02/detector/training_log.json,12434,9cb70fe0d388f2f964a539d9c9d21608b6aa8c710a5b097f0f71fbf27162458b
Ada-MGAD-e2e-v2-c0budget,4c1abff3602dbda3b5f8ead0062e04d131483855,experiments/p6/c1_supervision_oos/c1-supervision-oos-v1-seed42/folds/fold_03/completion_manifest.json,9096,a965256b6152dc4310918aa48ce7fe893ed5207d7c5022101ae3dfa818034934
Ada-MGAD-e2e-v2-c0budget,4c1abff3602dbda3b5f8ead0062e04d131483855,experiments/p6/c1_supervision_oos/c1-supervision-oos-v1-seed42/folds/fold_03/detector/completion_manifest.json,4300,1e94bc29015731fe875de21506a2ad16589ef7a5dce77bf00d3fb16d66c15d56
Ada-MGAD-e2e-v2-c0budget,4c1abff3602dbda3b5f8ead0062e04d131483855,experiments/p6/c1_supervision_oos/c1-supervision-oos-v1-seed42/folds/fold_03/detector/generation_episodes.csv,125838,6519b6f514e75972054b3d458c4dcb9320e6c4e3bfcf65a68bb8a3af7282fb05
Ada-MGAD-e2e-v2-c0budget,4c1abff3602dbda3b5f8ead0062e04d131483855,experiments/p6/c1_supervision_oos/c1-supervision-oos-v1-seed42/folds/fold_03/detector/generation_scores.csv,753500,3756b817680de25addd174fc2a60ebc9c934ac3ec5fdac1bbc8484de080d117f
Ada-MGAD-e2e-v2-c0budget,4c1abff3602dbda3b5f8ead0062e04d131483855,experiments/p6/c1_supervision_oos/c1-supervision-oos-v1-seed42/folds/fold_03/detector/selection.json,760,f73355c10d70746fffafaf12a3f8bf8bccdbfa4c85d0ea3110e630e73f3b40e8
Ada-MGAD-e2e-v2-c0budget,4c1abff3602dbda3b5f8ead0062e04d131483855,experiments/p6/c1_supervision_oos/c1-supervision-oos-v1-seed42/folds/fold_03/detector/training_log.json,12517,971f380db43fd6bb6f0d62044007ee0e865a6d94815d31dedca0e533c645006d
Ada-MGAD-e2e-v2-c0budget,4c1abff3602dbda3b5f8ead0062e04d131483855,experiments/p6/c1_supervision_oos/c1-supervision-oos-v1-seed42/g1_static/completion_manifest.json,5866,935abdc91db5fa1ddba7cb26455508433dace34c11ffa92087243f2ee7afab23
Ada-MGAD-e2e-v2-c0budget,4c1abff3602dbda3b5f8ead0062e04d131483855,experiments/p6/c1_supervision_oos/c1-supervision-oos-v1-seed42/g1_static/fold_manifest.json,11117,017d4b2e87d737ee7d1f3f729a63fed4775e9e8181ec04214ddda6883310d4e5
Ada-MGAD-e2e-v2-c0budget,4c1abff3602dbda3b5f8ead0062e04d131483855,experiments/p6/c1_supervision_oos/c1-supervision-oos-v1-seed42/g1_static/input_manifest.json,7333,a316f306e8b117b8aa9739b468c39f4cd6523310b48ad02f83f2c2f346abd3a1
Ada-MGAD-e2e-v2-c0budget,4c1abff3602dbda3b5f8ead0062e04d131483855,experiments/p6/c1_supervision_oos/c1-supervision-oos-v1-seed42/g1_static/integrity_report.md,1692,2afcab0765547b1e0d75aa464eff2e98e3029e857eceef1435718078395ace22
Ada-MGAD-e2e-v2-c0budget,4c1abff3602dbda3b5f8ead0062e04d131483855,experiments/p6/c1_supervision_oos/c1-supervision-oos-v1-seed42/g1_static/static_population.json,1545,83a5e20726f20866060bd7014784687d3860b0ccc63a76c6c0820817b311f7eb
Ada-MGAD-e2e-v2-c0budget,4c1abff3602dbda3b5f8ead0062e04d131483855,experiments/p6/c1_supervision_oos/c1-supervision-oos-v1-seed42/predictions/completion_manifest.json,3671,19777b7f4656f3e8b360e1ecb618dc5d0dc8a0e63a15df59596a1d87be746216
Ada-MGAD-e2e-v2-c0budget,4c1abff3602dbda3b5f8ead0062e04d131483855,experiments/p6/c1_supervision_oos/c1-supervision-oos-v1-seed42/predictions/prediction_lock.json,6883,ee9500730e7b982557de31d9fd138c13e09e5af397b11354e88b305f0233c967
Ada-MGAD-e2e-v2-c0budget,4c1abff3602dbda3b5f8ead0062e04d131483855,experiments/p6/c1_supervision_oos/c1-supervision-oos-v1-seed42/predictions/scope_rankings.csv,1596904,b444a4d92c601430b79a3fee5e6fcddc97c3a8573cd20bd0c16a828d5bf6a650
Ada-MGAD-e2e-v2-c0budget,4c1abff3602dbda3b5f8ead0062e04d131483855,experiments/p6/c1_supervision_oos/c1-supervision-oos-v1-seed42/rca/arm_b.json,753,2ba84aa9ec52b488db82b2dadce049c9c0105f2147176ff5716ba4d15ee8a4c7
Ada-MGAD-e2e-v2-c0budget,4c1abff3602dbda3b5f8ead0062e04d131483855,experiments/p6/c1_supervision_oos/c1-supervision-oos-v1-seed42/rca/arm_c.json,752,6132941dd09f098a4c711c954ddec473eac11de63f5b094586413d95d7e6ca27
Ada-MGAD-e2e-v2-c0budget,4c1abff3602dbda3b5f8ead0062e04d131483855,experiments/p6/c1_supervision_oos/c1-supervision-oos-v1-seed42/rca/completion_manifest.json,3538,2e446855d9e9cff34c684e8472d7510d1deb3cf5849aa9d8461e7d456127e9b0
Ada-MGAD-e2e-v2-c0budget,4c1abff3602dbda3b5f8ead0062e04d131483855,experiments/p6/c1_supervision_oos/c1-supervision-oos-v1-seed42/run_lock.json,6331,0b5a2b649c31305eec88d631f2d57ef2a45a7d4d643d861478b3a11d620c9c56
Ada-MGAD-e2e-v2-c0budget,4c1abff3602dbda3b5f8ead0062e04d131483855,experiments/p6/c1_supervision_oos/c1-supervision-oos-v1-seed42/train_cohort/cases.csv,325878,83ee698981272bfb1f89d1c2d9b1c2c622b63c419a08c251abde2bf7965821dd
Ada-MGAD-e2e-v2-c0budget,4c1abff3602dbda3b5f8ead0062e04d131483855,experiments/p6/c1_supervision_oos/c1-supervision-oos-v1-seed42/train_cohort/completion_manifest.json,4746,b36dfaa5ba38bc741e318d8cb9e59e5f225324ff9cd3422b6040faff04634550
Ada-MGAD-e2e-v2-c0budget,4c1abff3602dbda3b5f8ead0062e04d131483855,experiments/p6/c1_supervision_oos/c1-supervision-oos-v1-seed42/train_cohort/exclusions.csv,1760,3f5dc5665be94d84e76d3e1e3f84756ae4fdd00e2f42dc96eed7ac3de3941cd6
Ada-MGAD-e2e-v2-c0budget,4c1abff3602dbda3b5f8ead0062e04d131483855,experiments/p6/c1_supervision_oos/c1-supervision-oos-v1-seed42/train_cohort/matching.csv,811460,5c3aa3085f03c2061af4e89e06f6a2f138e0bf69395e2deba438a61a643d8db4
Ada-MGAD-e2e-v2-c0budget,4c1abff3602dbda3b5f8ead0062e04d131483855,experiments/p6/score_decomposition/classification/diagnosis_metrics.json,2093,60fe8440d8c42b2d3a842f7a7c7e4ae861c226ca622ae7eb1923b979c9d44a8e
Ada-MGAD-e2e-v2-c0budget,4c1abff3602dbda3b5f8ead0062e04d131483855,experiments/p6/score_decomposition/classification/event_metrics.json,5147,f40cd2d1f1940bf80eeb298a9350fec848e7b4e64b8730999fb0ed37decd3827
Ada-MGAD-e2e-v2-c0budget,4c1abff3602dbda3b5f8ead0062e04d131483855,experiments/p6/score_decomposition/classification/localization_metrics.json,28925,ceab500c6dee1d5d0fe39a18534c887edfc8355b6491b3535e12a44a423cd4f8
Ada-MGAD-e2e-v2-c0budget,4c1abff3602dbda3b5f8ead0062e04d131483855,experiments/p6/score_decomposition/classification/rca_metrics.json,5581,d8416b903e9babb73045ae016fa7ef8fc20adf7e9c100a25c25d54b767eba99f
Ada-MGAD-e2e-v2-c0budget,4c1abff3602dbda3b5f8ead0062e04d131483855,experiments/p6/score_decomposition/classification/threshold.json,1217,db3862ddb8e2b5d78cee4a4693cc7a5bc56919af20ef592134dbdd571bc6c56d
Ada-MGAD-e2e-v2-c0budget,4c1abff3602dbda3b5f8ead0062e04d131483855,experiments/p6/score_decomposition/common_cases.csv,783153,0bb6bf3e435baf179c4cb1e1deda4bdc42c749d513865a3fcc50d4abf1bdb396
Ada-MGAD-e2e-v2-c0budget,4c1abff3602dbda3b5f8ead0062e04d131483855,experiments/p6/score_decomposition/comparison.json,92985,ce6965fe10c1773e4c0021f8eb5cb1121e8c96a655067520d20d6dec3efb5190
Ada-MGAD-e2e-v2-c0budget,4c1abff3602dbda3b5f8ead0062e04d131483855,experiments/p6/score_decomposition/fused/diagnosis_metrics.json,2085,77d6d3adbb2e76b49b41d16eafb56d4d020faae6d04e25be52ab2a0d209d101c
Ada-MGAD-e2e-v2-c0budget,4c1abff3602dbda3b5f8ead0062e04d131483855,experiments/p6/score_decomposition/fused/event_metrics.json,5105,930173c6cec6c10880f6b375fbf363c1dc62988b836ba86c8c6c1ea4604e0bb6
Ada-MGAD-e2e-v2-c0budget,4c1abff3602dbda3b5f8ead0062e04d131483855,experiments/p6/score_decomposition/fused/localization_metrics.json,29146,9b230dbaee9901ce3b9d9b8308a1e69e40b782e557611e8bee24239bdbb1c095
Ada-MGAD-e2e-v2-c0budget,4c1abff3602dbda3b5f8ead0062e04d131483855,experiments/p6/score_decomposition/fused/rca_metrics.json,5617,d6489f7ed8c2c7563f990e58fdaa17e07feeccd7514f809a3a25c235b8abfb73
Ada-MGAD-e2e-v2-c0budget,4c1abff3602dbda3b5f8ead0062e04d131483855,experiments/p6/score_decomposition/fused/threshold.json,1212,8b3b74d8d838c3303c9b2e6c32c25fe5549df0e78a93790caa59ac383ee5d741
Ada-MGAD-e2e-v2-c0budget,4c1abff3602dbda3b5f8ead0062e04d131483855,experiments/p6/score_decomposition/label_identity_audit.json,1024,6652840bdf55c317b10d2ae4bf5223d6cde67a541688f5a13261b81d7b710010
Ada-MGAD-e2e-v2-c0budget,4c1abff3602dbda3b5f8ead0062e04d131483855,experiments/p6/score_decomposition/manifest.json,7530,65ef6b0a85b907dbc378bafaf712732144a35e5280ae1ab44babb8125f1067ba
Ada-MGAD-e2e-v2-c0budget,4c1abff3602dbda3b5f8ead0062e04d131483855,experiments/p6/score_decomposition/prediction_artifacts.json,1626,f552fde50da06bebf0b8aecd020e5e3825a52b279aef900154a419d04be38afc
Ada-MGAD-e2e-v2-c0budget,4c1abff3602dbda3b5f8ead0062e04d131483855,experiments/p6/score_decomposition/rca/rca_feature_health.json,1806,015b06395de0fe6b2d6ae799629230ce37068ab119564842e319b9a333035493
Ada-MGAD-e2e-v2-c0budget,4c1abff3602dbda3b5f8ead0062e04d131483855,experiments/p6/score_decomposition/rca/rca_feature_manifest.json,2831,7cb9ee84f4e2ce06db7a695027957b25ed69bbd9ccd3865bd2f17f0524c6669e
Ada-MGAD-e2e-v2-c0budget,4c1abff3602dbda3b5f8ead0062e04d131483855,experiments/p6/score_decomposition/reconstruction/diagnosis_metrics.json,2069,1f5f35c7ef97acbf3b740dadc011627b5767f60e7933f7df2bbf53ff1888b4c9
Ada-MGAD-e2e-v2-c0budget,4c1abff3602dbda3b5f8ead0062e04d131483855,experiments/p6/score_decomposition/reconstruction/event_metrics.json,5142,b54a64b01f5e3f9555d094b85787c1bfe94580121162f2a330781550375c61e4
Ada-MGAD-e2e-v2-c0budget,4c1abff3602dbda3b5f8ead0062e04d131483855,experiments/p6/score_decomposition/reconstruction/localization_metrics.json,28269,d35901afceaeac0715266af6d0110c10e444bea83774f7228be90f7a35462b82
Ada-MGAD-e2e-v2-c0budget,4c1abff3602dbda3b5f8ead0062e04d131483855,experiments/p6/score_decomposition/reconstruction/rca_metrics.json,5395,6f573174833b1afac5eba0d2eb9b10da85d498e0736d975e1324588575799b7f
Ada-MGAD-e2e-v2-c0budget,4c1abff3602dbda3b5f8ead0062e04d131483855,experiments/p6/score_decomposition/reconstruction/threshold.json,1219,001fd77e80047ef147b1b4969420c9063280ea04a25df7a59c36328bcb367140
Ada-MGAD-e2e-v2-c0budget,4c1abff3602dbda3b5f8ead0062e04d131483855,experiments/p6/score_decomposition/score_range.json,946,065dbfa7e5b3a6e53e2bc3493fd80448d9613d0b7043d15a314aa1e3f30a20b5
Ada-MGAD-e2e-v2-c0budget,4c1abff3602dbda3b5f8ead0062e04d131483855,experiments/p6/score_decomposition/score_replay.json,4465,b292ac3e2b5640703cbda942a161ec5ac048fa0c0263ca15b72089b96385ac3d
Ada-MGAD-e2e-v2-c0budget,4c1abff3602dbda3b5f8ead0062e04d131483855,experiments/p6/system_event_trigger/manifest.json,28509,cb222bb5c21d20d8a7546e8b1ee1b4882daaac5d4a397d0e07655fe646cf9794
Ada-MGAD-e2e-v2-c0budget,4c1abff3602dbda3b5f8ead0062e04d131483855,experiments/p6/system_event_trigger/split_audit.json,12293,e5c60574f4c36ba5c7ebddbc869ede70f6f9aa83cf35c46fd611dbfba310463e
Ada-MGAD-e2e-v2-c0budget,4c1abff3602dbda3b5f8ead0062e04d131483855,experiments/p6/system_event_trigger/split_manifest.json,8121,1cad441a2d207379ffd8838bc2d655e9c68f3e03b6f4f7e666413a0b33aca193
Ada-MGAD-e2e-v2-c0budget,4c1abff3602dbda3b5f8ead0062e04d131483855,experiments/p6/system_event_trigger/test_metrics.json,14261,2968632cc4da1b807d976d8bb1c449f9d755cb1c15d2ee43bcd440b74946ce5b
Ada-MGAD-e2e-v2-c0budget,4c1abff3602dbda3b5f8ead0062e04d131483855,experiments/p6/system_event_trigger/training_log.json,18166,fcd54effee28206a6cdc964458bedb98c17a26906b58497140e42b567150b48a
Ada-MGAD-e2e-v2-c0budget,4c1abff3602dbda3b5f8ead0062e04d131483855,experiments/p6/system_event_trigger/validation_selection.json,21174,b5167c8d5df9cd9eebd7812cb76733799aa3f7829f3fe1a2c5cdb0ec51715a24
Ada-MGAD-e2e-v2-c0budgetprefix,fd25bffe1bccdbe54309fceb7f0ecf1454bb3a03,experiments/p6/c0_causal_comparison/nn-vs-xgb-v1/comparison.json,59375,194a78013eaf73f575d5ba543954e463d426ab12bed5d9416be22b2de14c0497
Ada-MGAD-e2e-v2-c0budgetprefix,fd25bffe1bccdbe54309fceb7f0ecf1454bb3a03,experiments/p6/c0_causal_comparison/nn-vs-xgb-v1/reference_records/checkpoint_impact/checkpoint_audit.json,2442,1ec753291ba1387a8faaeefa27be1d3082661d5b4e5afd46093170cb34f65192
Ada-MGAD-e2e-v2-c0budgetprefix,fd25bffe1bccdbe54309fceb7f0ecf1454bb3a03,experiments/p6/c0_causal_comparison/nn-vs-xgb-v1/reference_records/checkpoint_impact/completion_manifest.json,1381,b64a4afa2cfba8899a96445a5cbf8715caccdeab08f812746cddfeb0dc35e031
Ada-MGAD-e2e-v2-c0budgetprefix,fd25bffe1bccdbe54309fceb7f0ecf1454bb3a03,experiments/p6/c0_causal_comparison/nn-vs-xgb-v1/reference_records/checkpoint_impact/development_input_lock.json,4693,4cba75bf00e68482994c91109659f1b62143b26451ee5147acb6a520c795175b
Ada-MGAD-e2e-v2-c0budgetprefix,fd25bffe1bccdbe54309fceb7f0ecf1454bb3a03,experiments/p6/c0_causal_comparison/nn-vs-xgb-v1/reference_records/checkpoint_impact/real_window_causality_gate.json,673,5cfcd0a8bed2684db3ab472a3c706e278b531a0514ba4da61bb0a6f8dc9ad309
Ada-MGAD-e2e-v2-c0budgetprefix,fd25bffe1bccdbe54309fceb7f0ecf1454bb3a03,experiments/p6/c0_causal_comparison/nn-vs-xgb-v1/reference_records/nn/completion_manifest.json,1361,05ed46d33516b5b58fb5ed02f29dadfc965c5b1efb5083455578a3ac3279d43c
Ada-MGAD-e2e-v2-c0budgetprefix,fd25bffe1bccdbe54309fceb7f0ecf1454bb3a03,experiments/p6/c0_causal_comparison/nn-vs-xgb-v1/reference_records/nn/development_input_lock.json,4693,4cba75bf00e68482994c91109659f1b62143b26451ee5147acb6a520c795175b
Ada-MGAD-e2e-v2-c0budgetprefix,fd25bffe1bccdbe54309fceb7f0ecf1454bb3a03,experiments/p6/c0_causal_comparison/nn-vs-xgb-v1/reference_records/nn/real_window_causality_gate.json,653,3e7d3504ec2ef49fd6b359bced1312e177b04cf07d663cd9ce3fb675ef54e231
Ada-MGAD-e2e-v2-c0budgetprefix,fd25bffe1bccdbe54309fceb7f0ecf1454bb3a03,experiments/p6/c0_causal_comparison/nn-vs-xgb-v1/reference_records/nn/training_log.json,16022,df3dc210652c2a2eecc2bdf9162db6d5c4a2b13f748ac5b212137bc6e001b840
Ada-MGAD-e2e-v2-c0budgetprefix,fd25bffe1bccdbe54309fceb7f0ecf1454bb3a03,experiments/p6/c0_causal_comparison/nn-vs-xgb-v1/reference_records/nn/validation_selection.json,19192,196582641cbbba0234ab18e6f96d2ca1d2b297646ce884888b4bb809f768a133
Ada-MGAD-e2e-v2-c0budgetprefix,fd25bffe1bccdbe54309fceb7f0ecf1454bb3a03,experiments/p6/c0_causal_comparison/nn-vs-xgb-v1/reference_records/xgb_original_fit/development_input_lock.json,5091,1031cfb1ba9801b837744d055a4fbe967ceb4cc372f90dd0616876456c708629
Ada-MGAD-e2e-v2-c0budgetprefix,fd25bffe1bccdbe54309fceb7f0ecf1454bb3a03,experiments/p6/c0_causal_comparison/nn-vs-xgb-v1/reference_records/xgb_original_fit/failure_record.json,367,da36a5d1ce1c57fcdf8706ccaa714cb4ae7c936bfba1d9c02175728e801dac2d
Ada-MGAD-e2e-v2-c0budgetprefix,fd25bffe1bccdbe54309fceb7f0ecf1454bb3a03,experiments/p6/c0_causal_comparison/nn-vs-xgb-v1/reference_records/xgb_original_fit/feature_lock.json,669,692a85d45b08e4024da5622cf4a7b81cac2a475440a889ced0bdc086a231875f
Ada-MGAD-e2e-v2-c0budgetprefix,fd25bffe1bccdbe54309fceb7f0ecf1454bb3a03,experiments/p6/c0_causal_comparison/nn-vs-xgb-v1/reference_records/xgb_original_fit/fit_report.json,1617,2f658dfff15c1639efdceef7616a1468ffc54dfda0a0e26ef1f6be7bed8fd118
Ada-MGAD-e2e-v2-c0budgetprefix,fd25bffe1bccdbe54309fceb7f0ecf1454bb3a03,experiments/p6/c0_causal_comparison/nn-vs-xgb-v1/reference_records/xgb_original_fit/validation_prediction_lock.json,402,7ffd8934c8023941444523263c1489009da8c8f056440d777bca665e1d946717
Ada-MGAD-e2e-v2-c0budgetprefix,fd25bffe1bccdbe54309fceb7f0ecf1454bb3a03,experiments/p6/c0_causal_comparison/nn-vs-xgb-v1/research_manifest.json,4788,44c8b0130db6947a07a778a79ba09c8d5691bfd607ffad907b417ac28fe42b6a
Ada-MGAD-e2e-v2-c0budgetprefix,fd25bffe1bccdbe54309fceb7f0ecf1454bb3a03,experiments/p6/c0_flat_xgb/finalized-v1-seed42/completion_manifest.json,1327,a30d583f4945a94a8af79de5af34caea0daf7cfe3fd0688a92554192738bb180
Ada-MGAD-e2e-v2-c0budgetprefix,fd25bffe1bccdbe54309fceb7f0ecf1454bb3a03,experiments/p6/c0_flat_xgb/finalized-v1-seed42/finalization_input_lock.json,6678,83443fac0726f04910c4e1a889f463f4f23b2111154f9af0179708e69c4af4a0
Ada-MGAD-e2e-v2-c0budgetprefix,fd25bffe1bccdbe54309fceb7f0ecf1454bb3a03,experiments/p6/c0_flat_xgb/finalized-v1-seed42/fit_report.json,1617,2f658dfff15c1639efdceef7616a1468ffc54dfda0a0e26ef1f6be7bed8fd118
Ada-MGAD-e2e-v2-c0budgetprefix,fd25bffe1bccdbe54309fceb7f0ecf1454bb3a03,experiments/p6/c0_flat_xgb/finalized-v1-seed42/validation_prediction_lock.json,346,5c3bce054f7113128eb55410a19c23f2be4a51a23a37928e44d47344931321af
Ada-MGAD-e2e-v2-c0budgetprefix,fd25bffe1bccdbe54309fceb7f0ecf1454bb3a03,experiments/p6/c0_flat_xgb/finalized-v1-seed42/validation_selection.json,4132,98363249a2b7a755b3622947b03c13b5b12f80fa01de7a6268bcb18be357261d
Ada-MGAD-e2e-v2-c0budgetprefix,fd25bffe1bccdbe54309fceb7f0ecf1454bb3a03,experiments/p6/c0_long_weight/development_comparison_v1.json,25913,2666db85e9422a7063b23b377efcc6a5fc205706ed7e38fafb27267eb5519f77
Ada-MGAD-e2e-v2-c0budgetprefix,fd25bffe1bccdbe54309fceb7f0ecf1454bb3a03,experiments/p6/c0_long_weight/gpu-control-v1-seed42/development_manifest.json,3907,54c217f08b951c75fbb45650e8bb599f79bec2d36e582104ed9f9c0a82fa96dd
Ada-MGAD-e2e-v2-c0budgetprefix,fd25bffe1bccdbe54309fceb7f0ecf1454bb3a03,experiments/p6/c0_long_weight/gpu-control-v1-seed42/p6_c0.log,2590,8eedf228216f7e2ec31260ec44fa2906d98b1aa853e1f7d2248e5091fa7c28c1
Ada-MGAD-e2e-v2-c0budgetprefix,fd25bffe1bccdbe54309fceb7f0ecf1454bb3a03,experiments/p6/c0_long_weight/gpu-control-v1-seed42/split_audit.json,12327,8715dd6f2cc8b5e3dc4458a00c060450ab0acd2291989c37571941e35e3d516f
Ada-MGAD-e2e-v2-c0budgetprefix,fd25bffe1bccdbe54309fceb7f0ecf1454bb3a03,experiments/p6/c0_long_weight/gpu-control-v1-seed42/split_manifest.json,8130,d1e01a7d582135d860def8389e0c57f842964c5842cb8b389fdfbbf95582a6dd
Ada-MGAD-e2e-v2-c0budgetprefix,fd25bffe1bccdbe54309fceb7f0ecf1454bb3a03,experiments/p6/c0_long_weight/gpu-control-v1-seed42/training_log.json,10778,91c12d57d43d39dc6e70e8a42ace6f4fa695b53afcc55998c9e2b82547c9aa3f
Ada-MGAD-e2e-v2-c0budgetprefix,fd25bffe1bccdbe54309fceb7f0ecf1454bb3a03,experiments/p6/c0_long_weight/gpu-control-v1-seed42/validation_episodes.csv,214650,38871d4b941cc49ac665907fb97dd2e86f6369bb8841d03980869c3ad46e3379
Ada-MGAD-e2e-v2-c0budgetprefix,fd25bffe1bccdbe54309fceb7f0ecf1454bb3a03,experiments/p6/c0_long_weight/gpu-control-v1-seed42/validation_matching.csv,522796,8bf838043e19e4e250e19ce72fa67cbea712ea0873074a1523408e3f3957586b
Ada-MGAD-e2e-v2-c0budgetprefix,fd25bffe1bccdbe54309fceb7f0ecf1454bb3a03,experiments/p6/c0_long_weight/gpu-control-v1-seed42/validation_predictions.csv,2251307,dfbd8ff19fb3fe171a117ee062ae05a080ff47e69f8b845b173b00ea9ede27a7
Ada-MGAD-e2e-v2-c0budgetprefix,fd25bffe1bccdbe54309fceb7f0ecf1454bb3a03,experiments/p6/c0_long_weight/gpu-control-v1-seed42/validation_selection.json,13913,888d68732bfdb086a0536e6321b8420ad1d4fba11921eb63f2a9577be73b0928
Ada-MGAD-e2e-v2-c0budgetprefix,fd25bffe1bccdbe54309fceb7f0ecf1454bb3a03,experiments/p6/c0_long_weight/weighted-v1-seed42/development_manifest.json,3907,97a866e7b277a7f747e5080cd7f03ad46860ed4ad774c44e46a02d905963935e
Ada-MGAD-e2e-v2-c0budgetprefix,fd25bffe1bccdbe54309fceb7f0ecf1454bb3a03,experiments/p6/c0_long_weight/weighted-v1-seed42/p6_c0.log,2815,1e93a4a8cd06d75fa0bea51c7450b0ad6aea6eed0d4187373600216e03c7a8b8
Ada-MGAD-e2e-v2-c0budgetprefix,fd25bffe1bccdbe54309fceb7f0ecf1454bb3a03,experiments/p6/c0_long_weight/weighted-v1-seed42/split_audit.json,12328,b1365b9be5117c686528a047bb586ea559b05530153ab52dff925307494e6426
Ada-MGAD-e2e-v2-c0budgetprefix,fd25bffe1bccdbe54309fceb7f0ecf1454bb3a03,experiments/p6/c0_long_weight/weighted-v1-seed42/split_manifest.json,8130,e15e678cd2c4e186abf24a877b3c6a98c44cb946580f25b2137a129752b45020
Ada-MGAD-e2e-v2-c0budgetprefix,fd25bffe1bccdbe54309fceb7f0ecf1454bb3a03,experiments/p6/c0_long_weight/weighted-v1-seed42/training_log.json,12860,5a1bec9c01c5915c049f4098248968f00387afaedc223ada5519095f96479bd7
Ada-MGAD-e2e-v2-c0budgetprefix,fd25bffe1bccdbe54309fceb7f0ecf1454bb3a03,experiments/p6/c0_long_weight/weighted-v1-seed42/validation_episodes.csv,215345,c0aa0b05371f3b470def96b533c553dc0a295f811b738d3384acfc11b90c16b4
Ada-MGAD-e2e-v2-c0budgetprefix,fd25bffe1bccdbe54309fceb7f0ecf1454bb3a03,experiments/p6/c0_long_weight/weighted-v1-seed42/validation_matching.csv,523619,db378b68a2e4bb8e2a41ded337ae56567bcc6c303511b9f9946d047eb57cbdb8
Ada-MGAD-e2e-v2-c0budgetprefix,fd25bffe1bccdbe54309fceb7f0ecf1454bb3a03,experiments/p6/c0_long_weight/weighted-v1-seed42/validation_predictions.csv,2252354,19c6d75fdcb7c5c9dab3aace09d70ae3c73b7396e9419afb3a7fb93e2d4794e1
Ada-MGAD-e2e-v2-c0budgetprefix,fd25bffe1bccdbe54309fceb7f0ecf1454bb3a03,experiments/p6/c0_long_weight/weighted-v1-seed42/validation_selection.json,16606,a34856d67c7889833e6106bc4c40537aa344f051c43d0b6c71ec8e640e9cb9c2
Ada-MGAD-e2e-v2-c0budgetprefix,fd25bffe1bccdbe54309fceb7f0ecf1454bb3a03,experiments/p6/c0_raw_onset_observability/raw-onset-v1/fit_clean_events.csv,519986,b42d0a714339ffb1f8bf07294a5fa822c48893f58bfe0475d60ab86a7aa0404a
Ada-MGAD-e2e-v2-c0budgetprefix,fd25bffe1bccdbe54309fceb7f0ecf1454bb3a03,experiments/p6/c0_raw_onset_observability/raw-onset-v1/fit_pseudo_onsets.csv,70246,b36db52779b7a745a4e47c5cf4d686b1dea0a53be2a453debdbba61e1d45f531
Ada-MGAD-e2e-v2-c0budgetprefix,fd25bffe1bccdbe54309fceb7f0ecf1454bb3a03,experiments/p6/c0_raw_onset_observability/raw-onset-v1/results.json,20440,2d8b1882fdb9a9310f9b74f848adc54033654d3a27a7ef707f609d84957d1378
Ada-MGAD-e2e-v2-c0budgetprefix,fd25bffe1bccdbe54309fceb7f0ecf1454bb3a03,experiments/p6/c0_raw_onset_observability/raw-onset-v1/validation_clean_events.csv,171016,e9715164e6b527b0570aa2ed35a4281f0847910a8356e7bcad8b53e3796181a1
Ada-MGAD-e2e-v2-c0budgetprefix,fd25bffe1bccdbe54309fceb7f0ecf1454bb3a03,experiments/p6/c0_raw_onset_observability/raw-onset-v1/validation_pseudo_onsets.csv,47187,53eb1bdcf265069cca9079495d92aae7f88415475312bdaf6da8d8e0a39dff10
Ada-MGAD-e2e-v2-c0budgetprefix,fd25bffe1bccdbe54309fceb7f0ecf1454bb3a03,experiments/p6/c0_training_budget/seed17-prefix-budget-v1-20261002/checkpoint/best_validation_event_f1.pt,222677,021878a8887289767e311ac3d32baacecc41fed8b186b11feb27bdd1f6e9d082
Ada-MGAD-e2e-v2-c0budgetprefix,fd25bffe1bccdbe54309fceb7f0ecf1454bb3a03,experiments/p6/c0_training_budget/seed17-prefix-budget-v1-20261002/completion_manifest.json,11355,81e6a162ba74a59492a1020406ca10e0038bd8897f2ffc22b2cf507e5b9d6b1e
Ada-MGAD-e2e-v2-c0budgetprefix,fd25bffe1bccdbe54309fceb7f0ecf1454bb3a03,experiments/p6/c0_training_budget/seed17-prefix-budget-v1-20261002/development_input_lock.json,9852,d10d5c46604aa5fcfb520b30a1d52ed2065097c817237918ca830a9e7c88f0e2
Ada-MGAD-e2e-v2-c0budgetprefix,fd25bffe1bccdbe54309fceb7f0ecf1454bb3a03,experiments/p6/c0_training_budget/seed17-prefix-budget-v1-20261002/epoch_progress.json,89236,174c7a0bb210f724b899ceb88b1b1a3b95457707203505c232678c90f97c96d7
Ada-MGAD-e2e-v2-c0budgetprefix,fd25bffe1bccdbe54309fceb7f0ecf1454bb3a03,experiments/p6/c0_training_budget/seed17-prefix-budget-v1-20261002/epochs/epoch-00/epoch_audit.json,2788,680ff3adb6502ad06f91ecdcf372a0561930c523451fe73c2f4e8a798b54ef74
Ada-MGAD-e2e-v2-c0budgetprefix,fd25bffe1bccdbe54309fceb7f0ecf1454bb3a03,experiments/p6/c0_training_budget/seed17-prefix-budget-v1-20261002/epochs/epoch-00/model_state.pt,221973,fcb8b9aa1f18060d73766667a69ec10b3f44f41e9d570c5101e2255b72560e09
Ada-MGAD-e2e-v2-c0budgetprefix,fd25bffe1bccdbe54309fceb7f0ecf1454bb3a03,experiments/p6/c0_training_budget/seed17-prefix-budget-v1-20261002/epochs/epoch-00/validation_outputs.npz,558566,02a1371eedf7194ee24d3a700c5f8291c1cea9c7dba1745f05414da5c10ea067
Ada-MGAD-e2e-v2-c0budgetprefix,fd25bffe1bccdbe54309fceb7f0ecf1454bb3a03,experiments/p6/c0_training_budget/seed17-prefix-budget-v1-20261002/epochs/epoch-01/epoch_audit.json,2780,5e97036cad200dfc2eec4140275745dda1dfe7f3f26c64f34384d5f984ea24a8
Ada-MGAD-e2e-v2-c0budgetprefix,fd25bffe1bccdbe54309fceb7f0ecf1454bb3a03,experiments/p6/c0_training_budget/seed17-prefix-budget-v1-20261002/epochs/epoch-01/model_state.pt,221973,a186c654e2c5568fcad601298e58ed0165329a86d4ccf4de2b8d7778da27a423
Ada-MGAD-e2e-v2-c0budgetprefix,fd25bffe1bccdbe54309fceb7f0ecf1454bb3a03,experiments/p6/c0_training_budget/seed17-prefix-budget-v1-20261002/epochs/epoch-01/validation_outputs.npz,558566,e75782d668734b56740b56752e572cbc18a365581e30c151e93063b50fe1ccbb
Ada-MGAD-e2e-v2-c0budgetprefix,fd25bffe1bccdbe54309fceb7f0ecf1454bb3a03,experiments/p6/c0_training_budget/seed17-prefix-budget-v1-20261002/epochs/epoch-02/epoch_audit.json,2925,00de083e34755126d57075de11d4f1c1301da315b56b576ad2e2988916b12327
Ada-MGAD-e2e-v2-c0budgetprefix,fd25bffe1bccdbe54309fceb7f0ecf1454bb3a03,experiments/p6/c0_training_budget/seed17-prefix-budget-v1-20261002/epochs/epoch-02/model_state.pt,221973,b63bc967a5a6dd245e36f4698ad4bd10999dc2ac9798141f409dec277975d0e4
Ada-MGAD-e2e-v2-c0budgetprefix,fd25bffe1bccdbe54309fceb7f0ecf1454bb3a03,experiments/p6/c0_training_budget/seed17-prefix-budget-v1-20261002/epochs/epoch-02/validation_outputs.npz,558566,91058ddad7badb798777f137d848261dac454a54db88ab654f4c6c99b50cc64f
Ada-MGAD-e2e-v2-c0budgetprefix,fd25bffe1bccdbe54309fceb7f0ecf1454bb3a03,experiments/p6/c0_training_budget/seed17-prefix-budget-v1-20261002/epochs/epoch-03/epoch_audit.json,2795,55c4c2ccbe82d351f1e8d9c53b36e5a95486c68adf450b2dae00e34baffaaf50
Ada-MGAD-e2e-v2-c0budgetprefix,fd25bffe1bccdbe54309fceb7f0ecf1454bb3a03,experiments/p6/c0_training_budget/seed17-prefix-budget-v1-20261002/epochs/epoch-03/model_state.pt,221973,31f8ec74ee1b4d0308514bc1e888141bfc3ca7614ab63281c2b9bed18f225d14
Ada-MGAD-e2e-v2-c0budgetprefix,fd25bffe1bccdbe54309fceb7f0ecf1454bb3a03,experiments/p6/c0_training_budget/seed17-prefix-budget-v1-20261002/epochs/epoch-03/validation_outputs.npz,558566,5f7dda149e09a2bd6721e8f00d4a39a084a1c08b3cf52dc2c986469a0bf03d72
Ada-MGAD-e2e-v2-c0budgetprefix,fd25bffe1bccdbe54309fceb7f0ecf1454bb3a03,experiments/p6/c0_training_budget/seed17-prefix-budget-v1-20261002/epochs/epoch-04/epoch_audit.json,2800,75c3d49ab4af455db51e035ede4a531081fd498f0fafdbf14e39081b0fd6d21a
Ada-MGAD-e2e-v2-c0budgetprefix,fd25bffe1bccdbe54309fceb7f0ecf1454bb3a03,experiments/p6/c0_training_budget/seed17-prefix-budget-v1-20261002/epochs/epoch-04/model_state.pt,221973,3e1aabcbf3f63ac956e70ef088e5a954698fa14ff10b610416ee0624fab343df
Ada-MGAD-e2e-v2-c0budgetprefix,fd25bffe1bccdbe54309fceb7f0ecf1454bb3a03,experiments/p6/c0_training_budget/seed17-prefix-budget-v1-20261002/epochs/epoch-04/validation_outputs.npz,558566,380c116e046f1fa3f50624a435bb0d245b02842d6de1245be03516f3330c2cfb
Ada-MGAD-e2e-v2-c0budgetprefix,fd25bffe1bccdbe54309fceb7f0ecf1454bb3a03,experiments/p6/c0_training_budget/seed17-prefix-budget-v1-20261002/epochs/epoch-05/epoch_audit.json,2796,94da19496dc6e32ff068f284460b78ae8daffdb6c5f6b966af739f1e64824719
Ada-MGAD-e2e-v2-c0budgetprefix,fd25bffe1bccdbe54309fceb7f0ecf1454bb3a03,experiments/p6/c0_training_budget/seed17-prefix-budget-v1-20261002/epochs/epoch-05/model_state.pt,221973,6dd8d9da37c731ecc9e908c848cfde793285a82f695ff020d9a5918d8e540cd3
Ada-MGAD-e2e-v2-c0budgetprefix,fd25bffe1bccdbe54309fceb7f0ecf1454bb3a03,experiments/p6/c0_training_budget/seed17-prefix-budget-v1-20261002/epochs/epoch-05/validation_outputs.npz,558566,d13c7af17b5305279f4848cda49a7ce76a2e80c763f1a4f95348dc2211b74093
Ada-MGAD-e2e-v2-c0budgetprefix,fd25bffe1bccdbe54309fceb7f0ecf1454bb3a03,experiments/p6/c0_training_budget/seed17-prefix-budget-v1-20261002/epochs/epoch-06/epoch_audit.json,2782,e6495c91434306e59662ce59a440e474625899dbff81f49651413b44d6f1e888
Ada-MGAD-e2e-v2-c0budgetprefix,fd25bffe1bccdbe54309fceb7f0ecf1454bb3a03,experiments/p6/c0_training_budget/seed17-prefix-budget-v1-20261002/epochs/epoch-06/model_state.pt,221973,7ac5df2f75d89687980f50b0eb8c4e0d711e64db88e19f36fc5c151f5169b1f4
Ada-MGAD-e2e-v2-c0budgetprefix,fd25bffe1bccdbe54309fceb7f0ecf1454bb3a03,experiments/p6/c0_training_budget/seed17-prefix-budget-v1-20261002/epochs/epoch-06/validation_outputs.npz,558566,379bee9f86a4e8b99a7c18a38bd10930e0338ba398ff5122c3105c5ce588b216
Ada-MGAD-e2e-v2-c0budgetprefix,fd25bffe1bccdbe54309fceb7f0ecf1454bb3a03,experiments/p6/c0_training_budget/seed17-prefix-budget-v1-20261002/epochs/epoch-07/epoch_audit.json,2796,e35e96c63294e7e638e3bc5476c6a9363d85be2557dc3a830117caf9400d96ef
Ada-MGAD-e2e-v2-c0budgetprefix,fd25bffe1bccdbe54309fceb7f0ecf1454bb3a03,experiments/p6/c0_training_budget/seed17-prefix-budget-v1-20261002/epochs/epoch-07/model_state.pt,221973,26bb6465bf39b2f398819321def7d2b49d13a7eaaaea550ce9032f298aa07775
Ada-MGAD-e2e-v2-c0budgetprefix,fd25bffe1bccdbe54309fceb7f0ecf1454bb3a03,experiments/p6/c0_training_budget/seed17-prefix-budget-v1-20261002/epochs/epoch-07/validation_outputs.npz,558566,859abd67960dea525a280de23c79a8b5639f65c527a6e2ba49935e9a96c3f4fa
Ada-MGAD-e2e-v2-c0budgetprefix,fd25bffe1bccdbe54309fceb7f0ecf1454bb3a03,experiments/p6/c0_training_budget/seed17-prefix-budget-v1-20261002/epochs/epoch-08/epoch_audit.json,2813,1aa6f1463bc47b3110fb5bd998d249648ee6ee5a1f47c69190adcb3393232bdf
Ada-MGAD-e2e-v2-c0budgetprefix,fd25bffe1bccdbe54309fceb7f0ecf1454bb3a03,experiments/p6/c0_training_budget/seed17-prefix-budget-v1-20261002/epochs/epoch-08/model_state.pt,221973,7cd4676c427c8b587c7084d26b3c868891fc06ad96648476b0199fba8f2f4562
Ada-MGAD-e2e-v2-c0budgetprefix,fd25bffe1bccdbe54309fceb7f0ecf1454bb3a03,experiments/p6/c0_training_budget/seed17-prefix-budget-v1-20261002/epochs/epoch-08/validation_outputs.npz,558566,1ab9600a796121b17db4bb8cef8fe37cbb69ea4399fb18913bed4158d839bdea
Ada-MGAD-e2e-v2-c0budgetprefix,fd25bffe1bccdbe54309fceb7f0ecf1454bb3a03,experiments/p6/c0_training_budget/seed17-prefix-budget-v1-20261002/epochs/epoch-09/epoch_audit.json,2821,527e9bb53bc3c9eefbf5421862536c06b19d100bfaa9892cf146f918cf573a1a
Ada-MGAD-e2e-v2-c0budgetprefix,fd25bffe1bccdbe54309fceb7f0ecf1454bb3a03,experiments/p6/c0_training_budget/seed17-prefix-budget-v1-20261002/epochs/epoch-09/model_state.pt,221973,1911aae7fa86c61943ba5e280987a95a273d1f4071df4f34f7b9205986af8714
Ada-MGAD-e2e-v2-c0budgetprefix,fd25bffe1bccdbe54309fceb7f0ecf1454bb3a03,experiments/p6/c0_training_budget/seed17-prefix-budget-v1-20261002/epochs/epoch-09/validation_outputs.npz,558566,96398efe44dba3b9966396a9295a1d705332edef21e787e2adc69308a37474cc
Ada-MGAD-e2e-v2-c0budgetprefix,fd25bffe1bccdbe54309fceb7f0ecf1454bb3a03,experiments/p6/c0_training_budget/seed17-prefix-budget-v1-20261002/epochs/epoch-10/epoch_audit.json,2787,c3325a5402197da1d2712d92be60bb39cc438a83ed82fc9becfc2e604b84f0be
Ada-MGAD-e2e-v2-c0budgetprefix,fd25bffe1bccdbe54309fceb7f0ecf1454bb3a03,experiments/p6/c0_training_budget/seed17-prefix-budget-v1-20261002/epochs/epoch-10/model_state.pt,221973,e01a13b9418e6b7489f0d6077a78595e53a0c7f64b25f18e41af5fa194d08a7a
Ada-MGAD-e2e-v2-c0budgetprefix,fd25bffe1bccdbe54309fceb7f0ecf1454bb3a03,experiments/p6/c0_training_budget/seed17-prefix-budget-v1-20261002/epochs/epoch-10/validation_outputs.npz,558566,11158460c2f3b5a4b1eb7bfa98d8282471973b6d396dc71a6f832ba98b67eb94
Ada-MGAD-e2e-v2-c0budgetprefix,fd25bffe1bccdbe54309fceb7f0ecf1454bb3a03,experiments/p6/c0_training_budget/seed17-prefix-budget-v1-20261002/epochs/epoch-11/epoch_audit.json,2491,3ecab12b91ddd36e8364995ee51aaed330c1399d7600d8257b18ea5a8732e78d
Ada-MGAD-e2e-v2-c0budgetprefix,fd25bffe1bccdbe54309fceb7f0ecf1454bb3a03,experiments/p6/c0_training_budget/seed17-prefix-budget-v1-20261002/epochs/epoch-11/model_state.pt,221973,e32b7db4627a1ce65ec2a0ef02370a08986c6a41f285cb3897770405f2d85230
Ada-MGAD-e2e-v2-c0budgetprefix,fd25bffe1bccdbe54309fceb7f0ecf1454bb3a03,experiments/p6/c0_training_budget/seed17-prefix-budget-v1-20261002/epochs/epoch-11/validation_outputs.npz,558566,9672d1c302a1398ef17e3997a3501d9b92a3d2655a95550f7f92d7955063a957
Ada-MGAD-e2e-v2-c0budgetprefix,fd25bffe1bccdbe54309fceb7f0ecf1454bb3a03,experiments/p6/c0_training_budget/seed17-prefix-budget-v1-20261002/epochs/epoch-12/epoch_audit.json,2483,0968e006024dbdaa524762238ad469e747462eae86b26443c9dcbf0adb35a2a1
Ada-MGAD-e2e-v2-c0budgetprefix,fd25bffe1bccdbe54309fceb7f0ecf1454bb3a03,experiments/p6/c0_training_budget/seed17-prefix-budget-v1-20261002/epochs/epoch-12/model_state.pt,221973,549a648c520cd6a04d0c7e1252936051ca68f930274d69b8841ccbc7193f653c
Ada-MGAD-e2e-v2-c0budgetprefix,fd25bffe1bccdbe54309fceb7f0ecf1454bb3a03,experiments/p6/c0_training_budget/seed17-prefix-budget-v1-20261002/epochs/epoch-12/validation_outputs.npz,558566,6679be1d37da9f0fb720477f90ae958f1722f5ab036ccce57e363e9f6ebda874
Ada-MGAD-e2e-v2-c0budgetprefix,fd25bffe1bccdbe54309fceb7f0ecf1454bb3a03,experiments/p6/c0_training_budget/seed17-prefix-budget-v1-20261002/epochs/epoch-13/epoch_audit.json,2480,b05324b5af6d9250c54289e5bdb53d1ae2e03a9c36447055bd5877cde1660b1c
Ada-MGAD-e2e-v2-c0budgetprefix,fd25bffe1bccdbe54309fceb7f0ecf1454bb3a03,experiments/p6/c0_training_budget/seed17-prefix-budget-v1-20261002/epochs/epoch-13/model_state.pt,221973,62057f1285bfcc89c0e4495180bc93e876dda83eb8233a97cba80b4976c6cc0b
Ada-MGAD-e2e-v2-c0budgetprefix,fd25bffe1bccdbe54309fceb7f0ecf1454bb3a03,experiments/p6/c0_training_budget/seed17-prefix-budget-v1-20261002/epochs/epoch-13/validation_outputs.npz,558566,13e6c27ec5747a2096a69cc4725723b1c94da4087324c7744bf7078587592668
Ada-MGAD-e2e-v2-c0budgetprefix,fd25bffe1bccdbe54309fceb7f0ecf1454bb3a03,experiments/p6/c0_training_budget/seed17-prefix-budget-v1-20261002/epochs/epoch-14/epoch_audit.json,2495,fe3094c1041f8ebebb3d50e446b6c2bc6dc86749f74ef67d06ca611dd0a95e16
Ada-MGAD-e2e-v2-c0budgetprefix,fd25bffe1bccdbe54309fceb7f0ecf1454bb3a03,experiments/p6/c0_training_budget/seed17-prefix-budget-v1-20261002/epochs/epoch-14/model_state.pt,221973,90faa35d33d31d688f9602b68ea853ec4f48434c51783db92afccd0c8621a0c2
Ada-MGAD-e2e-v2-c0budgetprefix,fd25bffe1bccdbe54309fceb7f0ecf1454bb3a03,experiments/p6/c0_training_budget/seed17-prefix-budget-v1-20261002/epochs/epoch-14/validation_outputs.npz,558566,e99396cbc76fcc52877c5581b14a48776859a20d8ada49b2e92757e7b5d7fcc4
Ada-MGAD-e2e-v2-c0budgetprefix,fd25bffe1bccdbe54309fceb7f0ecf1454bb3a03,experiments/p6/c0_training_budget/seed17-prefix-budget-v1-20261002/epochs/epoch-15/epoch_audit.json,2483,8e912b7c3825ada8f175e1e7c80bc356a7c1fe7a5b9a8263bad1507843cafb0f
Ada-MGAD-e2e-v2-c0budgetprefix,fd25bffe1bccdbe54309fceb7f0ecf1454bb3a03,experiments/p6/c0_training_budget/seed17-prefix-budget-v1-20261002/epochs/epoch-15/model_state.pt,221973,bcb30d1f909ff086c205505c28376001cbbbfd9c993c1bf9e55c24d26f9b36e6
Ada-MGAD-e2e-v2-c0budgetprefix,fd25bffe1bccdbe54309fceb7f0ecf1454bb3a03,experiments/p6/c0_training_budget/seed17-prefix-budget-v1-20261002/epochs/epoch-15/validation_outputs.npz,558566,ca8923cf8b6511db0b6837f3e3b0506b897eb6595cc0481ac1831cb56db32981
Ada-MGAD-e2e-v2-c0budgetprefix,fd25bffe1bccdbe54309fceb7f0ecf1454bb3a03,experiments/p6/c0_training_budget/seed17-prefix-budget-v1-20261002/epochs/epoch-16/epoch_audit.json,2518,c3ebe74a24bd1e720095d477de1fa843278e4544a970c0f7265c6e17d528253c
Ada-MGAD-e2e-v2-c0budgetprefix,fd25bffe1bccdbe54309fceb7f0ecf1454bb3a03,experiments/p6/c0_training_budget/seed17-prefix-budget-v1-20261002/epochs/epoch-16/model_state.pt,221973,43c5027212891e02a96652fc8717742be3139ebc5a13cda14af472538d418d3e
Ada-MGAD-e2e-v2-c0budgetprefix,fd25bffe1bccdbe54309fceb7f0ecf1454bb3a03,experiments/p6/c0_training_budget/seed17-prefix-budget-v1-20261002/epochs/epoch-16/validation_outputs.npz,558566,d5ca2d676128d3e52d64f13d5c8f8ea2acfaa3cd5b102b52232c2b8ea96bb3d6
Ada-MGAD-e2e-v2-c0budgetprefix,fd25bffe1bccdbe54309fceb7f0ecf1454bb3a03,experiments/p6/c0_training_budget/seed17-prefix-budget-v1-20261002/epochs/epoch-17/epoch_audit.json,2491,bfd0fa7297cdf27b23523a4fa65fd4073a8b31bef71ebd5a4e296f4948724d78
Ada-MGAD-e2e-v2-c0budgetprefix,fd25bffe1bccdbe54309fceb7f0ecf1454bb3a03,experiments/p6/c0_training_budget/seed17-prefix-budget-v1-20261002/epochs/epoch-17/model_state.pt,221973,439fbaf63e9e9efc334260d770fecc9d4c35a99eda3dff6b6d6633fe557e2fe4
Ada-MGAD-e2e-v2-c0budgetprefix,fd25bffe1bccdbe54309fceb7f0ecf1454bb3a03,experiments/p6/c0_training_budget/seed17-prefix-budget-v1-20261002/epochs/epoch-17/validation_outputs.npz,558566,538b0aed12697dc22a889779ea9857114011a74dc6ae5af55346d2732f938c8a
Ada-MGAD-e2e-v2-c0budgetprefix,fd25bffe1bccdbe54309fceb7f0ecf1454bb3a03,experiments/p6/c0_training_budget/seed17-prefix-budget-v1-20261002/epochs/epoch-18/epoch_audit.json,2505,f3b49c0c022afe8b4f40be8e2ea4199210def595616887d2f241da2639d3fe08
Ada-MGAD-e2e-v2-c0budgetprefix,fd25bffe1bccdbe54309fceb7f0ecf1454bb3a03,experiments/p6/c0_training_budget/seed17-prefix-budget-v1-20261002/epochs/epoch-18/model_state.pt,221973,73378591e8a9f1cfbba45f5a2210ee293fa3942bbaa4c302331657498f2bee45
Ada-MGAD-e2e-v2-c0budgetprefix,fd25bffe1bccdbe54309fceb7f0ecf1454bb3a03,experiments/p6/c0_training_budget/seed17-prefix-budget-v1-20261002/epochs/epoch-18/validation_outputs.npz,558566,7b55624775412a8df22939aeed1699042890ef0ecc99119a1a61037dd9b7aef4
Ada-MGAD-e2e-v2-c0budgetprefix,fd25bffe1bccdbe54309fceb7f0ecf1454bb3a03,experiments/p6/c0_training_budget/seed17-prefix-budget-v1-20261002/epochs/epoch-19/epoch_audit.json,2484,543c80596a617388484bcfec93b75c0f040189e4b017b8d435f3d704337e848c
Ada-MGAD-e2e-v2-c0budgetprefix,fd25bffe1bccdbe54309fceb7f0ecf1454bb3a03,experiments/p6/c0_training_budget/seed17-prefix-budget-v1-20261002/epochs/epoch-19/model_state.pt,221973,e3ce7335f35341aef657b9d0abbf189ba314252cdc6bb337f30d0646f9a339ec
Ada-MGAD-e2e-v2-c0budgetprefix,fd25bffe1bccdbe54309fceb7f0ecf1454bb3a03,experiments/p6/c0_training_budget/seed17-prefix-budget-v1-20261002/epochs/epoch-19/validation_outputs.npz,558566,732423494ce90a7538a79cd122fa574bf02525f22b69e05bd9982be1cdd1efff
Ada-MGAD-e2e-v2-c0budgetprefix,fd25bffe1bccdbe54309fceb7f0ecf1454bb3a03,experiments/p6/c0_training_budget/seed17-prefix-budget-v1-20261002/epochs/epoch-20/epoch_audit.json,2508,8961fbad20e30389345cab6e44b57cacd4264a88cc344ae8f93e80af510d5130
Ada-MGAD-e2e-v2-c0budgetprefix,fd25bffe1bccdbe54309fceb7f0ecf1454bb3a03,experiments/p6/c0_training_budget/seed17-prefix-budget-v1-20261002/epochs/epoch-20/model_state.pt,221973,6792fed3d7a7bf6716f57300db35cae4905998a628fe242771500f3d581dfc0d
Ada-MGAD-e2e-v2-c0budgetprefix,fd25bffe1bccdbe54309fceb7f0ecf1454bb3a03,experiments/p6/c0_training_budget/seed17-prefix-budget-v1-20261002/epochs/epoch-20/validation_outputs.npz,558566,74fc928c310a0692f9bedd3c5ed8adaec2ad2c5280701d409568d066cd17b52a
Ada-MGAD-e2e-v2-c0budgetprefix,fd25bffe1bccdbe54309fceb7f0ecf1454bb3a03,experiments/p6/c0_training_budget/seed17-prefix-budget-v1-20261002/epochs/epoch-21/epoch_audit.json,2496,9e23d32871e30799d5f9472ee7e783f4841406a861b789936e2ac9ba6651eaeb
Ada-MGAD-e2e-v2-c0budgetprefix,fd25bffe1bccdbe54309fceb7f0ecf1454bb3a03,experiments/p6/c0_training_budget/seed17-prefix-budget-v1-20261002/epochs/epoch-21/model_state.pt,221973,70b4246bb61b65b70cb0a9d6ffb7a210faf21a1c6435a742528cbc8f75781492
Ada-MGAD-e2e-v2-c0budgetprefix,fd25bffe1bccdbe54309fceb7f0ecf1454bb3a03,experiments/p6/c0_training_budget/seed17-prefix-budget-v1-20261002/epochs/epoch-21/validation_outputs.npz,558566,def455a98df488b2e0ecc42d6a500eb15ce3ef380f61fff343bd48a695bd0426
Ada-MGAD-e2e-v2-c0budgetprefix,fd25bffe1bccdbe54309fceb7f0ecf1454bb3a03,experiments/p6/c0_training_budget/seed17-prefix-budget-v1-20261002/epochs/epoch-22/epoch_audit.json,2495,00898850a4450edb4f04b8e45716ebf69912f76074205b9a15a25e06f3ffd8cb
Ada-MGAD-e2e-v2-c0budgetprefix,fd25bffe1bccdbe54309fceb7f0ecf1454bb3a03,experiments/p6/c0_training_budget/seed17-prefix-budget-v1-20261002/epochs/epoch-22/model_state.pt,221973,2e7f56dd342d86a01af344b171321810afe8792241022859dde547dfd517d0a1
Ada-MGAD-e2e-v2-c0budgetprefix,fd25bffe1bccdbe54309fceb7f0ecf1454bb3a03,experiments/p6/c0_training_budget/seed17-prefix-budget-v1-20261002/epochs/epoch-22/validation_outputs.npz,558566,e216c698a2d57b1b3989705f4e903c84be70ae9990d350d7a15de407e3213140
Ada-MGAD-e2e-v2-c0budgetprefix,fd25bffe1bccdbe54309fceb7f0ecf1454bb3a03,experiments/p6/c0_training_budget/seed17-prefix-budget-v1-20261002/epochs/epoch-23/epoch_audit.json,2485,2e542e7efc413b0e6e10ad3369e2537ccf91afede9c5d8ca1487dcd51c8b18d1
Ada-MGAD-e2e-v2-c0budgetprefix,fd25bffe1bccdbe54309fceb7f0ecf1454bb3a03,experiments/p6/c0_training_budget/seed17-prefix-budget-v1-20261002/epochs/epoch-23/model_state.pt,221973,383169591d6d76172da6128a07d80d4164894854850bb3ff85b8a0f7cd36f099
Ada-MGAD-e2e-v2-c0budgetprefix,fd25bffe1bccdbe54309fceb7f0ecf1454bb3a03,experiments/p6/c0_training_budget/seed17-prefix-budget-v1-20261002/epochs/epoch-23/validation_outputs.npz,558566,706d0814713f2879eb2141067d28bbc5ef9bdd4c2d622f2922f5192f02b93dc6
Ada-MGAD-e2e-v2-c0budgetprefix,fd25bffe1bccdbe54309fceb7f0ecf1454bb3a03,experiments/p6/c0_training_budget/seed17-prefix-budget-v1-20261002/epochs/epoch-24/epoch_audit.json,2504,8b61db1708ec77a3873ee9774a1c7b4b5da18e736e5f9ead61d38798316aa08b
Ada-MGAD-e2e-v2-c0budgetprefix,fd25bffe1bccdbe54309fceb7f0ecf1454bb3a03,experiments/p6/c0_training_budget/seed17-prefix-budget-v1-20261002/epochs/epoch-24/model_state.pt,221973,e060166829bbb5711e78d37489c63cbb3df81e439a53db5fab6e43f77561ecd2
Ada-MGAD-e2e-v2-c0budgetprefix,fd25bffe1bccdbe54309fceb7f0ecf1454bb3a03,experiments/p6/c0_training_budget/seed17-prefix-budget-v1-20261002/epochs/epoch-24/validation_outputs.npz,558566,a9637bc9d9863c80162a95cb10ad1a1f9c123b8e65f16907930c8fd1f1462b2a
Ada-MGAD-e2e-v2-c0budgetprefix,fd25bffe1bccdbe54309fceb7f0ecf1454bb3a03,experiments/p6/c0_training_budget/seed17-prefix-budget-v1-20261002/epochs/epoch-25/epoch_audit.json,2483,6d0dcceff6c21e5398e200bbc55b54d18ca795e412c7c392393ca7d4db150b7e
Ada-MGAD-e2e-v2-c0budgetprefix,fd25bffe1bccdbe54309fceb7f0ecf1454bb3a03,experiments/p6/c0_training_budget/seed17-prefix-budget-v1-20261002/epochs/epoch-25/model_state.pt,221973,b6f67d7143a141b0b20e03eb0bb427ee9e2fa7a58cf9d14b379bd3101ea7a7ef
Ada-MGAD-e2e-v2-c0budgetprefix,fd25bffe1bccdbe54309fceb7f0ecf1454bb3a03,experiments/p6/c0_training_budget/seed17-prefix-budget-v1-20261002/epochs/epoch-25/validation_outputs.npz,558566,df6113e2318318bc306bb212f75679f61c28c800b5930576b3e60484466936a3
Ada-MGAD-e2e-v2-c0budgetprefix,fd25bffe1bccdbe54309fceb7f0ecf1454bb3a03,experiments/p6/c0_training_budget/seed17-prefix-budget-v1-20261002/epochs/epoch-26/epoch_audit.json,2483,7759e7acc48cfed01fe02e10584df878d38b1651878241f41097206380c69584
Ada-MGAD-e2e-v2-c0budgetprefix,fd25bffe1bccdbe54309fceb7f0ecf1454bb3a03,experiments/p6/c0_training_budget/seed17-prefix-budget-v1-20261002/epochs/epoch-26/model_state.pt,221973,c68a880f33457dd863c692dfa9d16c2c4c6b966f81af4fc299054085f2621ca9
Ada-MGAD-e2e-v2-c0budgetprefix,fd25bffe1bccdbe54309fceb7f0ecf1454bb3a03,experiments/p6/c0_training_budget/seed17-prefix-budget-v1-20261002/epochs/epoch-26/validation_outputs.npz,558566,8c524adacb4a1193fc4d87834e6ed696abf658578498a038b67b1872e1a3cbd9
Ada-MGAD-e2e-v2-c0budgetprefix,fd25bffe1bccdbe54309fceb7f0ecf1454bb3a03,experiments/p6/c0_training_budget/seed17-prefix-budget-v1-20261002/epochs/epoch-27/epoch_audit.json,2486,662a0a22b0a72fff4c8f25fcb9695f6edcdc9f2af466dc5bbd5f3a66e8d93bfd
Ada-MGAD-e2e-v2-c0budgetprefix,fd25bffe1bccdbe54309fceb7f0ecf1454bb3a03,experiments/p6/c0_training_budget/seed17-prefix-budget-v1-20261002/epochs/epoch-27/model_state.pt,221973,6e6dd5e13ab1e31a6d863149439503e6e19691434695433ef9d5e4a691b817e0
Ada-MGAD-e2e-v2-c0budgetprefix,fd25bffe1bccdbe54309fceb7f0ecf1454bb3a03,experiments/p6/c0_training_budget/seed17-prefix-budget-v1-20261002/epochs/epoch-27/validation_outputs.npz,558566,560f1d9e976f17dc23ba9e879f9deceed2f746d7e47d5b8b7456c9c5b0feba15
Ada-MGAD-e2e-v2-c0budgetprefix,fd25bffe1bccdbe54309fceb7f0ecf1454bb3a03,experiments/p6/c0_training_budget/seed17-prefix-budget-v1-20261002/epochs/epoch-28/epoch_audit.json,2478,2d129724cc85fe601048b416f9abf1f9a414ade04ca7355b883eb8efee0619d6
Ada-MGAD-e2e-v2-c0budgetprefix,fd25bffe1bccdbe54309fceb7f0ecf1454bb3a03,experiments/p6/c0_training_budget/seed17-prefix-budget-v1-20261002/epochs/epoch-28/model_state.pt,221973,5357613138a736cf50f6d7dc3a7aaf6958501e2a30a3e091e407a2dc9b37c934
Ada-MGAD-e2e-v2-c0budgetprefix,fd25bffe1bccdbe54309fceb7f0ecf1454bb3a03,experiments/p6/c0_training_budget/seed17-prefix-budget-v1-20261002/epochs/epoch-28/validation_outputs.npz,558566,3be342af042dbf8f9c0e1f96ea3c3b050aa90e979a555ef497dc42efbbfe12c4
Ada-MGAD-e2e-v2-c0budgetprefix,fd25bffe1bccdbe54309fceb7f0ecf1454bb3a03,experiments/p6/c0_training_budget/seed17-prefix-budget-v1-20261002/epochs/epoch-29/epoch_audit.json,2485,8916e062c47c619562463fc0bf98b0f51d09c15c02aeadab5b69c2309e11d8cd
Ada-MGAD-e2e-v2-c0budgetprefix,fd25bffe1bccdbe54309fceb7f0ecf1454bb3a03,experiments/p6/c0_training_budget/seed17-prefix-budget-v1-20261002/epochs/epoch-29/model_state.pt,221973,3fc13d539c9da3bc8b8d99ff3774b20bdb52290442e788c744c5120c6ade1a29
Ada-MGAD-e2e-v2-c0budgetprefix,fd25bffe1bccdbe54309fceb7f0ecf1454bb3a03,experiments/p6/c0_training_budget/seed17-prefix-budget-v1-20261002/epochs/epoch-29/validation_outputs.npz,558566,6f78a3b9e2ba2187b0f13d189ee00336d1a3044b4c0652b6338106d58d16de87
Ada-MGAD-e2e-v2-c0budgetprefix,fd25bffe1bccdbe54309fceb7f0ecf1454bb3a03,experiments/p6/c0_training_budget/seed17-prefix-budget-v1-20261002/fit_gt.csv,610575,dd366f9246ef30c38963833535b251051975de023809905e2d087d230ac1b3c2
Ada-MGAD-e2e-v2-c0budgetprefix,fd25bffe1bccdbe54309fceb7f0ecf1454bb3a03,experiments/p6/c0_training_budget/seed17-prefix-budget-v1-20261002/p6_c0.log,6949,dc9df294211ad93d84bc3497e6dfcef01d49cd4274eddaaaf110a06a70a1a0d2
Ada-MGAD-e2e-v2-c0budgetprefix,fd25bffe1bccdbe54309fceb7f0ecf1454bb3a03,experiments/p6/c0_training_budget/seed17-prefix-budget-v1-20261002/prefix_control_selection.json,38382,c13c37cb0672a0fd8929bc1806c3750c5cac43d08b70d29dec4b6d1ff7b968a0
Ada-MGAD-e2e-v2-c0budgetprefix,fd25bffe1bccdbe54309fceb7f0ecf1454bb3a03,experiments/p6/c0_training_budget/seed17-prefix-budget-v1-20261002/real_window_causality_gate.json,639,833bbef252e885e1eb98ce48208c6d9f75b99708c43f9a7f509b422f50bc8332
Ada-MGAD-e2e-v2-c0budgetprefix,fd25bffe1bccdbe54309fceb7f0ecf1454bb3a03,experiments/p6/c0_training_budget/seed17-prefix-budget-v1-20261002/training_log.json,31872,90014f1937398ebde9c9db9d03b87cb8197383282bd59a0239a8e58bf563ed80
Ada-MGAD-e2e-v2-c0budgetprefix,fd25bffe1bccdbe54309fceb7f0ecf1454bb3a03,experiments/p6/c0_training_budget/seed17-prefix-budget-v1-20261002/validation_episodes.csv,227687,49a57e682e207e5be3f537bd267d04aad0ce43b5ea05c8acff4f20da7dcd65dc
Ada-MGAD-e2e-v2-c0budgetprefix,fd25bffe1bccdbe54309fceb7f0ecf1454bb3a03,experiments/p6/c0_training_budget/seed17-prefix-budget-v1-20261002/validation_gt.csv,259687,c522cd913b07508598bc0506ff7111ce9ffdb22a7704227f924f06d2dbd1b7bc
Ada-MGAD-e2e-v2-c0budgetprefix,fd25bffe1bccdbe54309fceb7f0ecf1454bb3a03,experiments/p6/c0_training_budget/seed17-prefix-budget-v1-20261002/validation_matching.csv,538617,5248e2e7ae4c6c7c428d63533db057c5bd81bf359839742ffaab06c45befc2ca
Ada-MGAD-e2e-v2-c0budgetprefix,fd25bffe1bccdbe54309fceb7f0ecf1454bb3a03,experiments/p6/c0_training_budget/seed17-prefix-budget-v1-20261002/validation_predictions.csv,2259576,79eb92a5da645b8e783fb13d15e5254ceb5b9e66ea46e6d7711f6e25cbb6a7d0
Ada-MGAD-e2e-v2-c0budgetprefix,fd25bffe1bccdbe54309fceb7f0ecf1454bb3a03,experiments/p6/c0_training_budget/seed17-prefix-budget-v1-20261002/validation_selection.json,36014,7738766814a04e195214748ef405019fe28f531fb5bbf72ed091c36ab5096310
Ada-MGAD-e2e-v2-c0budgetprefix,fd25bffe1bccdbe54309fceb7f0ecf1454bb3a03,experiments/p6/c0_training_budget/seed2026-prefix-budget-v1-20261002/checkpoint/best_validation_event_f1.pt,222677,4ec1b29b20b7cd71eeb9ba2c8d8d0de85b7d0220fdb9d10c8c90f07fcc4d3910
Ada-MGAD-e2e-v2-c0budgetprefix,fd25bffe1bccdbe54309fceb7f0ecf1454bb3a03,experiments/p6/c0_training_budget/seed2026-prefix-budget-v1-20261002/completion_manifest.json,11355,b52edee9a32df50e302b2026dc4cca8429124f7c77ff5e9462f380a48fb3c4e2
Ada-MGAD-e2e-v2-c0budgetprefix,fd25bffe1bccdbe54309fceb7f0ecf1454bb3a03,experiments/p6/c0_training_budget/seed2026-prefix-budget-v1-20261002/development_input_lock.json,9870,9628c540a6d045bb67f0df82ec98ce4a3b1cb3e6e836195819c7954c173ed7ab
Ada-MGAD-e2e-v2-c0budgetprefix,fd25bffe1bccdbe54309fceb7f0ecf1454bb3a03,experiments/p6/c0_training_budget/seed2026-prefix-budget-v1-20261002/epoch_progress.json,89336,f1ec3528e791064b73a5e178edb9d72c4d57313cc99f959225c661f5b7a831fa
Ada-MGAD-e2e-v2-c0budgetprefix,fd25bffe1bccdbe54309fceb7f0ecf1454bb3a03,experiments/p6/c0_training_budget/seed2026-prefix-budget-v1-20261002/epochs/epoch-00/epoch_audit.json,2815,955a11924f468231d70a2212d884b3e00224baacc7fc0b54b717af047651415c
Ada-MGAD-e2e-v2-c0budgetprefix,fd25bffe1bccdbe54309fceb7f0ecf1454bb3a03,experiments/p6/c0_training_budget/seed2026-prefix-budget-v1-20261002/epochs/epoch-00/model_state.pt,221973,26db9030f6dc12d1a326fb11d1c0e1e49b1590257860bff9e100fd6ff3d5433c
Ada-MGAD-e2e-v2-c0budgetprefix,fd25bffe1bccdbe54309fceb7f0ecf1454bb3a03,experiments/p6/c0_training_budget/seed2026-prefix-budget-v1-20261002/epochs/epoch-00/validation_outputs.npz,558566,5d558e1bc0d45a62c97971e19e3aa8032400ad4c827686ba14c56eec594495d7
Ada-MGAD-e2e-v2-c0budgetprefix,fd25bffe1bccdbe54309fceb7f0ecf1454bb3a03,experiments/p6/c0_training_budget/seed2026-prefix-budget-v1-20261002/epochs/epoch-01/epoch_audit.json,2783,75115bcf0b732acbe1dfe21b8065b71076c74db50e0a350e67b7ebd8fee4d7e9
Ada-MGAD-e2e-v2-c0budgetprefix,fd25bffe1bccdbe54309fceb7f0ecf1454bb3a03,experiments/p6/c0_training_budget/seed2026-prefix-budget-v1-20261002/epochs/epoch-01/model_state.pt,221973,119d5b1410eb07ae24e3c8a4dff7ede736d51bdd0370a5d3311e5f1211abb9c2
Ada-MGAD-e2e-v2-c0budgetprefix,fd25bffe1bccdbe54309fceb7f0ecf1454bb3a03,experiments/p6/c0_training_budget/seed2026-prefix-budget-v1-20261002/epochs/epoch-01/validation_outputs.npz,558566,ec41951de536d55d3f8985d14508ba9811f4404e1d4f85200238ba7197a7db8d
Ada-MGAD-e2e-v2-c0budgetprefix,fd25bffe1bccdbe54309fceb7f0ecf1454bb3a03,experiments/p6/c0_training_budget/seed2026-prefix-budget-v1-20261002/epochs/epoch-02/epoch_audit.json,2936,81ca23f58710af830863e8cc8fd8288e5c2d47596610ef0f67302be9160fed14
Ada-MGAD-e2e-v2-c0budgetprefix,fd25bffe1bccdbe54309fceb7f0ecf1454bb3a03,experiments/p6/c0_training_budget/seed2026-prefix-budget-v1-20261002/epochs/epoch-02/model_state.pt,221973,a8fef36af50cec754ade4ae1a4dfbf0fe5c66e3327e8a8815920abeb8069b1ed
Ada-MGAD-e2e-v2-c0budgetprefix,fd25bffe1bccdbe54309fceb7f0ecf1454bb3a03,experiments/p6/c0_training_budget/seed2026-prefix-budget-v1-20261002/epochs/epoch-02/validation_outputs.npz,558566,7b930c9b77b18671a246664ad19893e7e3203485f57d40ea7dbbadb125cf43b7
Ada-MGAD-e2e-v2-c0budgetprefix,fd25bffe1bccdbe54309fceb7f0ecf1454bb3a03,experiments/p6/c0_training_budget/seed2026-prefix-budget-v1-20261002/epochs/epoch-03/epoch_audit.json,2801,22914d561bedf1bb736fa06336c9e0cad49b858413e2e1502c63f8b3a2f3cd56
Ada-MGAD-e2e-v2-c0budgetprefix,fd25bffe1bccdbe54309fceb7f0ecf1454bb3a03,experiments/p6/c0_training_budget/seed2026-prefix-budget-v1-20261002/epochs/epoch-03/model_state.pt,221973,abb9f7ee30c36898a73127100978eee1833cc9fa9b080580e293235db0f1a85a
Ada-MGAD-e2e-v2-c0budgetprefix,fd25bffe1bccdbe54309fceb7f0ecf1454bb3a03,experiments/p6/c0_training_budget/seed2026-prefix-budget-v1-20261002/epochs/epoch-03/validation_outputs.npz,558566,1b008592f39eb5d5ebe8742bd321723e93b68969016c65ba95e9cc68cd0a0ad1
Ada-MGAD-e2e-v2-c0budgetprefix,fd25bffe1bccdbe54309fceb7f0ecf1454bb3a03,experiments/p6/c0_training_budget/seed2026-prefix-budget-v1-20261002/epochs/epoch-04/epoch_audit.json,2799,196bb9b388724e03350a6aac8464d7fb9a444d228b1a86d1be1f1e5ed3225b6d
Ada-MGAD-e2e-v2-c0budgetprefix,fd25bffe1bccdbe54309fceb7f0ecf1454bb3a03,experiments/p6/c0_training_budget/seed2026-prefix-budget-v1-20261002/epochs/epoch-04/model_state.pt,221973,aad13ef029dce58090e5e5862f5ba1378c0158c72f0239a8674a4efa557d9eaa
Ada-MGAD-e2e-v2-c0budgetprefix,fd25bffe1bccdbe54309fceb7f0ecf1454bb3a03,experiments/p6/c0_training_budget/seed2026-prefix-budget-v1-20261002/epochs/epoch-04/validation_outputs.npz,558566,37112fec42b921fec4e08f2fb54e96be46ef5414d8b2d5dc5d32e789ea0658fa
Ada-MGAD-e2e-v2-c0budgetprefix,fd25bffe1bccdbe54309fceb7f0ecf1454bb3a03,experiments/p6/c0_training_budget/seed2026-prefix-budget-v1-20261002/epochs/epoch-05/epoch_audit.json,2787,1aa2d93dbab5867f5a3c9a3a7e09619d4b79836965cfd268a305c648b8500a36
Ada-MGAD-e2e-v2-c0budgetprefix,fd25bffe1bccdbe54309fceb7f0ecf1454bb3a03,experiments/p6/c0_training_budget/seed2026-prefix-budget-v1-20261002/epochs/epoch-05/model_state.pt,221973,6b72e395399e83cbcfead55f2f119678e5eafd6df61c31fbbef7065f519ec3b1
Ada-MGAD-e2e-v2-c0budgetprefix,fd25bffe1bccdbe54309fceb7f0ecf1454bb3a03,experiments/p6/c0_training_budget/seed2026-prefix-budget-v1-20261002/epochs/epoch-05/validation_outputs.npz,558566,e01c621c252172e3c825da2b3381938bc231b6d19a80a61ae2b35e24c29096ce
Ada-MGAD-e2e-v2-c0budgetprefix,fd25bffe1bccdbe54309fceb7f0ecf1454bb3a03,experiments/p6/c0_training_budget/seed2026-prefix-budget-v1-20261002/epochs/epoch-06/epoch_audit.json,2795,c7efc684e8a5522d62f1fea577d6b5189e02c495bd474132e260865aa8be2d66
Ada-MGAD-e2e-v2-c0budgetprefix,fd25bffe1bccdbe54309fceb7f0ecf1454bb3a03,experiments/p6/c0_training_budget/seed2026-prefix-budget-v1-20261002/epochs/epoch-06/model_state.pt,221973,6340ce8ab72965a1b9e9331416ee2aa44a9a7e9d82cfdc9fe8e49c518f5d7a6b
Ada-MGAD-e2e-v2-c0budgetprefix,fd25bffe1bccdbe54309fceb7f0ecf1454bb3a03,experiments/p6/c0_training_budget/seed2026-prefix-budget-v1-20261002/epochs/epoch-06/validation_outputs.npz,558566,d7ade31550622a2e114f5931251d480b49fb42e33089104e347a827d7a77f2b7
Ada-MGAD-e2e-v2-c0budgetprefix,fd25bffe1bccdbe54309fceb7f0ecf1454bb3a03,experiments/p6/c0_training_budget/seed2026-prefix-budget-v1-20261002/epochs/epoch-07/epoch_audit.json,2794,176414b2e5405dbaea2c8660fb771720a3a8c031258bce094947257825205beb
Ada-MGAD-e2e-v2-c0budgetprefix,fd25bffe1bccdbe54309fceb7f0ecf1454bb3a03,experiments/p6/c0_training_budget/seed2026-prefix-budget-v1-20261002/epochs/epoch-07/model_state.pt,221973,2b82ae489fc7b4aa6cad5ad58bb31959f2200ac18af37514da13b1d7bc3afd05
Ada-MGAD-e2e-v2-c0budgetprefix,fd25bffe1bccdbe54309fceb7f0ecf1454bb3a03,experiments/p6/c0_training_budget/seed2026-prefix-budget-v1-20261002/epochs/epoch-07/validation_outputs.npz,558566,78695b03f6e735619474a912831e04e73bd9699b08c081f399a88d7adb0fd0a3
Ada-MGAD-e2e-v2-c0budgetprefix,fd25bffe1bccdbe54309fceb7f0ecf1454bb3a03,experiments/p6/c0_training_budget/seed2026-prefix-budget-v1-20261002/epochs/epoch-08/epoch_audit.json,2797,7dcc39f1fe1b84eeb577059bd67e15742133bfb9eb9463c3052ae8c641b4ec24
Ada-MGAD-e2e-v2-c0budgetprefix,fd25bffe1bccdbe54309fceb7f0ecf1454bb3a03,experiments/p6/c0_training_budget/seed2026-prefix-budget-v1-20261002/epochs/epoch-08/model_state.pt,221973,ac36381ec6fb6837e9d85074af05e0dbd146d161448b50e33dffaa999d70604f
Ada-MGAD-e2e-v2-c0budgetprefix,fd25bffe1bccdbe54309fceb7f0ecf1454bb3a03,experiments/p6/c0_training_budget/seed2026-prefix-budget-v1-20261002/epochs/epoch-08/validation_outputs.npz,558566,3f6fcdd7c4f8c138fa8ac25605850582627eeee9ed44b87861914ca5215e40c1
Ada-MGAD-e2e-v2-c0budgetprefix,fd25bffe1bccdbe54309fceb7f0ecf1454bb3a03,experiments/p6/c0_training_budget/seed2026-prefix-budget-v1-20261002/epochs/epoch-09/epoch_audit.json,2797,b79fa1e5140e3ace885dc74f74bc65fc9143801ff1d9b8b563a8c93ee38084ca
Ada-MGAD-e2e-v2-c0budgetprefix,fd25bffe1bccdbe54309fceb7f0ecf1454bb3a03,experiments/p6/c0_training_budget/seed2026-prefix-budget-v1-20261002/epochs/epoch-09/model_state.pt,221973,c0732d7abf818c5fdd0fe2694c1c1ab9dfb77eeb3b181a19dc1194f7bf78fedb
Ada-MGAD-e2e-v2-c0budgetprefix,fd25bffe1bccdbe54309fceb7f0ecf1454bb3a03,experiments/p6/c0_training_budget/seed2026-prefix-budget-v1-20261002/epochs/epoch-09/validation_outputs.npz,558566,d06f3ce0ce89e74535c05739c877efc8035d54c1f6b5448d4c67aa8910c9293a
Ada-MGAD-e2e-v2-c0budgetprefix,fd25bffe1bccdbe54309fceb7f0ecf1454bb3a03,experiments/p6/c0_training_budget/seed2026-prefix-budget-v1-20261002/epochs/epoch-10/epoch_audit.json,2796,bfd38d74c70c6ee8b238e54152b270b235c9d397fd2caa5816bd7a95626ca1e4
Ada-MGAD-e2e-v2-c0budgetprefix,fd25bffe1bccdbe54309fceb7f0ecf1454bb3a03,experiments/p6/c0_training_budget/seed2026-prefix-budget-v1-20261002/epochs/epoch-10/model_state.pt,221973,118ae2390ce055c7daf7ef0c15f6338dc700db6613dee043038d922371429cde
Ada-MGAD-e2e-v2-c0budgetprefix,fd25bffe1bccdbe54309fceb7f0ecf1454bb3a03,experiments/p6/c0_training_budget/seed2026-prefix-budget-v1-20261002/epochs/epoch-10/validation_outputs.npz,558566,e76c902744c0930c5f386a1f7f0a6093d60f11d259f45aaa9dde98b1438dbb3b
Ada-MGAD-e2e-v2-c0budgetprefix,fd25bffe1bccdbe54309fceb7f0ecf1454bb3a03,experiments/p6/c0_training_budget/seed2026-prefix-budget-v1-20261002/epochs/epoch-11/epoch_audit.json,2489,57ad5ec70f7841a466213c309a4f43c7419e8fcc957d461a1b239ed1d0be0385
Ada-MGAD-e2e-v2-c0budgetprefix,fd25bffe1bccdbe54309fceb7f0ecf1454bb3a03,experiments/p6/c0_training_budget/seed2026-prefix-budget-v1-20261002/epochs/epoch-11/model_state.pt,221973,1d718d588b8f4e2869ba5e15e6fb5b4323368546b9bb84c93e8e3835617e8140
Ada-MGAD-e2e-v2-c0budgetprefix,fd25bffe1bccdbe54309fceb7f0ecf1454bb3a03,experiments/p6/c0_training_budget/seed2026-prefix-budget-v1-20261002/epochs/epoch-11/validation_outputs.npz,558566,977eabf68c2f5b069118b0e70c2c60b5986b7ed62e64d0371643e3ca50f31e21
Ada-MGAD-e2e-v2-c0budgetprefix,fd25bffe1bccdbe54309fceb7f0ecf1454bb3a03,experiments/p6/c0_training_budget/seed2026-prefix-budget-v1-20261002/epochs/epoch-12/epoch_audit.json,2496,734eccdcb3490b27140daa0a0d18cb92b554c3aa8b21181fea526b355786c284
Ada-MGAD-e2e-v2-c0budgetprefix,fd25bffe1bccdbe54309fceb7f0ecf1454bb3a03,experiments/p6/c0_training_budget/seed2026-prefix-budget-v1-20261002/epochs/epoch-12/model_state.pt,221973,6d6722c60489f6a9f8892bd6d057b09a87145c9668d12aa5b2796f223965c7d3
Ada-MGAD-e2e-v2-c0budgetprefix,fd25bffe1bccdbe54309fceb7f0ecf1454bb3a03,experiments/p6/c0_training_budget/seed2026-prefix-budget-v1-20261002/epochs/epoch-12/validation_outputs.npz,558566,8d8fd27592f582b2636b97ce76b9ab48f0413f8e7f2cf9af217eca81a329db29
Ada-MGAD-e2e-v2-c0budgetprefix,fd25bffe1bccdbe54309fceb7f0ecf1454bb3a03,experiments/p6/c0_training_budget/seed2026-prefix-budget-v1-20261002/epochs/epoch-13/epoch_audit.json,2498,2ed4ebeee07b5510cdefde7ca3deb5f90f8622e0480e43567ec4dbb0946213e0
Ada-MGAD-e2e-v2-c0budgetprefix,fd25bffe1bccdbe54309fceb7f0ecf1454bb3a03,experiments/p6/c0_training_budget/seed2026-prefix-budget-v1-20261002/epochs/epoch-13/model_state.pt,221973,77fb30971f3cc386844815548db4a08f7fa7f9623e4d7790bf9315552591ec4a
Ada-MGAD-e2e-v2-c0budgetprefix,fd25bffe1bccdbe54309fceb7f0ecf1454bb3a03,experiments/p6/c0_training_budget/seed2026-prefix-budget-v1-20261002/epochs/epoch-13/validation_outputs.npz,558566,e9c1c7dc352661696ea3cc8f7eeb68c3d74c731b19879e1f6a5096504b9b3a3a
Ada-MGAD-e2e-v2-c0budgetprefix,fd25bffe1bccdbe54309fceb7f0ecf1454bb3a03,experiments/p6/c0_training_budget/seed2026-prefix-budget-v1-20261002/epochs/epoch-14/epoch_audit.json,2495,1b8303129fd1be8d2c1cf198c4c181868d11516337678a346f1d54715b20c238
Ada-MGAD-e2e-v2-c0budgetprefix,fd25bffe1bccdbe54309fceb7f0ecf1454bb3a03,experiments/p6/c0_training_budget/seed2026-prefix-budget-v1-20261002/epochs/epoch-14/model_state.pt,221973,bf53227e891d7b6e4c8064de58f40945adfc7fd1a4ea475d5e7db6e649d37f32
Ada-MGAD-e2e-v2-c0budgetprefix,fd25bffe1bccdbe54309fceb7f0ecf1454bb3a03,experiments/p6/c0_training_budget/seed2026-prefix-budget-v1-20261002/epochs/epoch-14/validation_outputs.npz,558566,51eeb5a5d8cefb128c723f631db849ab381eaa69649475f218e0a291f02a78f0
Ada-MGAD-e2e-v2-c0budgetprefix,fd25bffe1bccdbe54309fceb7f0ecf1454bb3a03,experiments/p6/c0_training_budget/seed2026-prefix-budget-v1-20261002/epochs/epoch-15/epoch_audit.json,2505,6295e850ec6deae0e2be6a0652c3ea3f58524bd723cf9c3c66cf0694d0f91b7c
Ada-MGAD-e2e-v2-c0budgetprefix,fd25bffe1bccdbe54309fceb7f0ecf1454bb3a03,experiments/p6/c0_training_budget/seed2026-prefix-budget-v1-20261002/epochs/epoch-15/model_state.pt,221973,77b5668d4a055421f18768eb188364b52634a11fb5d01ed5d5cc005a631ef12d
Ada-MGAD-e2e-v2-c0budgetprefix,fd25bffe1bccdbe54309fceb7f0ecf1454bb3a03,experiments/p6/c0_training_budget/seed2026-prefix-budget-v1-20261002/epochs/epoch-15/validation_outputs.npz,558566,3ac74c7fe464fdd26e824f956142bad83a9cf02d2b7b4256aefbf871a70cdeea
Ada-MGAD-e2e-v2-c0budgetprefix,fd25bffe1bccdbe54309fceb7f0ecf1454bb3a03,experiments/p6/c0_training_budget/seed2026-prefix-budget-v1-20261002/epochs/epoch-16/epoch_audit.json,2476,a709f0931bd0c06fc94b83cd44f6f385c0042d6593d71643e6533b4f01d8a549
Ada-MGAD-e2e-v2-c0budgetprefix,fd25bffe1bccdbe54309fceb7f0ecf1454bb3a03,experiments/p6/c0_training_budget/seed2026-prefix-budget-v1-20261002/epochs/epoch-16/model_state.pt,221973,e05275ecb61bbdc35bc94287aa5f8045b35325463a745aa1f405215a4de0ec33
Ada-MGAD-e2e-v2-c0budgetprefix,fd25bffe1bccdbe54309fceb7f0ecf1454bb3a03,experiments/p6/c0_training_budget/seed2026-prefix-budget-v1-20261002/epochs/epoch-16/validation_outputs.npz,558566,b6403bbc937f7e8081d93f3183cb9de3b3815d1314fca33abdf553b477918ed0
Ada-MGAD-e2e-v2-c0budgetprefix,fd25bffe1bccdbe54309fceb7f0ecf1454bb3a03,experiments/p6/c0_training_budget/seed2026-prefix-budget-v1-20261002/epochs/epoch-17/epoch_audit.json,2493,b321a43e3de157c7093ad016cbd51fab6b363c91dcccea2c2699475b6e844f73
Ada-MGAD-e2e-v2-c0budgetprefix,fd25bffe1bccdbe54309fceb7f0ecf1454bb3a03,experiments/p6/c0_training_budget/seed2026-prefix-budget-v1-20261002/epochs/epoch-17/model_state.pt,221973,59333bd958263104770cb73118adc55b09c6897f43c80331cbb2ccf81d841634
Ada-MGAD-e2e-v2-c0budgetprefix,fd25bffe1bccdbe54309fceb7f0ecf1454bb3a03,experiments/p6/c0_training_budget/seed2026-prefix-budget-v1-20261002/epochs/epoch-17/validation_outputs.npz,558566,c2522bfcc234e74588ecfa77918eb26506b3472f7a5aa70737351768c2a331a5
Ada-MGAD-e2e-v2-c0budgetprefix,fd25bffe1bccdbe54309fceb7f0ecf1454bb3a03,experiments/p6/c0_training_budget/seed2026-prefix-budget-v1-20261002/epochs/epoch-18/epoch_audit.json,2484,14c0247c143abced69288b75be8042a19be9677fc6e890c2accd6e85c142d574
Ada-MGAD-e2e-v2-c0budgetprefix,fd25bffe1bccdbe54309fceb7f0ecf1454bb3a03,experiments/p6/c0_training_budget/seed2026-prefix-budget-v1-20261002/epochs/epoch-18/model_state.pt,221973,b2ba31fa9f9c9a8fdf58305c6ea491a5b39828040eaf6a8e4610d030eacaf815
Ada-MGAD-e2e-v2-c0budgetprefix,fd25bffe1bccdbe54309fceb7f0ecf1454bb3a03,experiments/p6/c0_training_budget/seed2026-prefix-budget-v1-20261002/epochs/epoch-18/validation_outputs.npz,558566,0e746e1308af4fd35881cda1833008d1b50e91b1baa8e45d44a60924a2ce0ece
Ada-MGAD-e2e-v2-c0budgetprefix,fd25bffe1bccdbe54309fceb7f0ecf1454bb3a03,experiments/p6/c0_training_budget/seed2026-prefix-budget-v1-20261002/epochs/epoch-19/epoch_audit.json,2506,3fcb02ae4d8d0824820f11708e6fb05f44a3267147c79ffb2b1c3e548f9e781e
Ada-MGAD-e2e-v2-c0budgetprefix,fd25bffe1bccdbe54309fceb7f0ecf1454bb3a03,experiments/p6/c0_training_budget/seed2026-prefix-budget-v1-20261002/epochs/epoch-19/model_state.pt,221973,2dd00f6a3f334ed9af45df80682b1cc399b3d98b27983b1274150165cd2e0a7b
Ada-MGAD-e2e-v2-c0budgetprefix,fd25bffe1bccdbe54309fceb7f0ecf1454bb3a03,experiments/p6/c0_training_budget/seed2026-prefix-budget-v1-20261002/epochs/epoch-19/validation_outputs.npz,558566,67c676ce23e8a9b7d264b7eb742c168cca34ac51f797c9df68e23a22f11b0b3a
Ada-MGAD-e2e-v2-c0budgetprefix,fd25bffe1bccdbe54309fceb7f0ecf1454bb3a03,experiments/p6/c0_training_budget/seed2026-prefix-budget-v1-20261002/epochs/epoch-20/epoch_audit.json,2499,ed1c46622312b87828707aba9fd52fab462966887a34bfff717bdd6cfb441099
Ada-MGAD-e2e-v2-c0budgetprefix,fd25bffe1bccdbe54309fceb7f0ecf1454bb3a03,experiments/p6/c0_training_budget/seed2026-prefix-budget-v1-20261002/epochs/epoch-20/model_state.pt,221973,90f00e1bba593df2fd2e56d35f9e4c528123b50199ee1c8008ea60191420735e
Ada-MGAD-e2e-v2-c0budgetprefix,fd25bffe1bccdbe54309fceb7f0ecf1454bb3a03,experiments/p6/c0_training_budget/seed2026-prefix-budget-v1-20261002/epochs/epoch-20/validation_outputs.npz,558566,bb8ee3c6ffea8f192dfea4de7df61cc392403e977eba168f48740211f1d83b80
Ada-MGAD-e2e-v2-c0budgetprefix,fd25bffe1bccdbe54309fceb7f0ecf1454bb3a03,experiments/p6/c0_training_budget/seed2026-prefix-budget-v1-20261002/epochs/epoch-21/epoch_audit.json,2498,988be299906f72d9cbbad3f6e5a57d9d20232886a1f71670fbfd35b2396dac52
Ada-MGAD-e2e-v2-c0budgetprefix,fd25bffe1bccdbe54309fceb7f0ecf1454bb3a03,experiments/p6/c0_training_budget/seed2026-prefix-budget-v1-20261002/epochs/epoch-21/model_state.pt,221973,d9da91f593f002c6705d85f5af71eec7ce59be18f2d6f06177fb41d5dc809e4c
Ada-MGAD-e2e-v2-c0budgetprefix,fd25bffe1bccdbe54309fceb7f0ecf1454bb3a03,experiments/p6/c0_training_budget/seed2026-prefix-budget-v1-20261002/epochs/epoch-21/validation_outputs.npz,558566,9dfa3557ee62b0104dc27c2e5851b4247f8fec23f96b379d4f777d584286ea45
Ada-MGAD-e2e-v2-c0budgetprefix,fd25bffe1bccdbe54309fceb7f0ecf1454bb3a03,experiments/p6/c0_training_budget/seed2026-prefix-budget-v1-20261002/epochs/epoch-22/epoch_audit.json,2499,4a55043fcc96ff450caea596bac7c859385d41ff348e98175be337a865307ee3
Ada-MGAD-e2e-v2-c0budgetprefix,fd25bffe1bccdbe54309fceb7f0ecf1454bb3a03,experiments/p6/c0_training_budget/seed2026-prefix-budget-v1-20261002/epochs/epoch-22/model_state.pt,221973,c81f05e7d209f39e3db01d5a867efb65b6dc6153ce5fc1277ad1767d3cefa61b
Ada-MGAD-e2e-v2-c0budgetprefix,fd25bffe1bccdbe54309fceb7f0ecf1454bb3a03,experiments/p6/c0_training_budget/seed2026-prefix-budget-v1-20261002/epochs/epoch-22/validation_outputs.npz,558566,578b4d2cd55965d51a34831681ef6a566147cb16e0c34070d77b46d10c1c75b7
Ada-MGAD-e2e-v2-c0budgetprefix,fd25bffe1bccdbe54309fceb7f0ecf1454bb3a03,experiments/p6/c0_training_budget/seed2026-prefix-budget-v1-20261002/epochs/epoch-23/epoch_audit.json,2507,bd38c585b6211de88c82f280102a89b26389b2a9699ed7d0c334ba54a1114805
Ada-MGAD-e2e-v2-c0budgetprefix,fd25bffe1bccdbe54309fceb7f0ecf1454bb3a03,experiments/p6/c0_training_budget/seed2026-prefix-budget-v1-20261002/epochs/epoch-23/model_state.pt,221973,cd9f97e54fe1a6ab6b1c165a8e6c9ebb6b05e10805e04506d683aab2a0bda28e
Ada-MGAD-e2e-v2-c0budgetprefix,fd25bffe1bccdbe54309fceb7f0ecf1454bb3a03,experiments/p6/c0_training_budget/seed2026-prefix-budget-v1-20261002/epochs/epoch-23/validation_outputs.npz,558566,fb07eba448690fd5899099df52e278fe1dd104319ac05cbf65b6d46b6124e151
Ada-MGAD-e2e-v2-c0budgetprefix,fd25bffe1bccdbe54309fceb7f0ecf1454bb3a03,experiments/p6/c0_training_budget/seed2026-prefix-budget-v1-20261002/epochs/epoch-24/epoch_audit.json,2494,0f2b153385262935bef66b220034d608c1c871f5a6c880821f2a57de283f9cc4
Ada-MGAD-e2e-v2-c0budgetprefix,fd25bffe1bccdbe54309fceb7f0ecf1454bb3a03,experiments/p6/c0_training_budget/seed2026-prefix-budget-v1-20261002/epochs/epoch-24/model_state.pt,221973,33c947169c846513964c1a09c99b66b30ce8d3cb30c2da588353be08d695149e
Ada-MGAD-e2e-v2-c0budgetprefix,fd25bffe1bccdbe54309fceb7f0ecf1454bb3a03,experiments/p6/c0_training_budget/seed2026-prefix-budget-v1-20261002/epochs/epoch-24/validation_outputs.npz,558566,d42ebe93f0efcfed2d58b53d5c0ab177cbf687bc99278870709d6c50ef4e84b3
Ada-MGAD-e2e-v2-c0budgetprefix,fd25bffe1bccdbe54309fceb7f0ecf1454bb3a03,experiments/p6/c0_training_budget/seed2026-prefix-budget-v1-20261002/epochs/epoch-25/epoch_audit.json,2498,ee3e59c8d2cab9605596c90b1ceb8fafca2a125b0687a85b4117afe644b9e34a
Ada-MGAD-e2e-v2-c0budgetprefix,fd25bffe1bccdbe54309fceb7f0ecf1454bb3a03,experiments/p6/c0_training_budget/seed2026-prefix-budget-v1-20261002/epochs/epoch-25/model_state.pt,221973,40c8e78fd175de73bc7b3768e16466f21a79ac76eac2a11faa24685fdfef3541
Ada-MGAD-e2e-v2-c0budgetprefix,fd25bffe1bccdbe54309fceb7f0ecf1454bb3a03,experiments/p6/c0_training_budget/seed2026-prefix-budget-v1-20261002/epochs/epoch-25/validation_outputs.npz,558566,f9d0c8a78437b2e92c0ee7b6e36b70a8420db443d107686d9595d167602a5625
Ada-MGAD-e2e-v2-c0budgetprefix,fd25bffe1bccdbe54309fceb7f0ecf1454bb3a03,experiments/p6/c0_training_budget/seed2026-prefix-budget-v1-20261002/epochs/epoch-26/epoch_audit.json,2487,94aafc3fa1a87a6ef9e1bb32bc3fcbd05006996483894987953cf8e806e89451
Ada-MGAD-e2e-v2-c0budgetprefix,fd25bffe1bccdbe54309fceb7f0ecf1454bb3a03,experiments/p6/c0_training_budget/seed2026-prefix-budget-v1-20261002/epochs/epoch-26/model_state.pt,221973,74cb75672776ad2848a47e78e112f1e9e237cbf56f2803d1387847979f72eae5
Ada-MGAD-e2e-v2-c0budgetprefix,fd25bffe1bccdbe54309fceb7f0ecf1454bb3a03,experiments/p6/c0_training_budget/seed2026-prefix-budget-v1-20261002/epochs/epoch-26/validation_outputs.npz,558566,cf39f312f8295af62727b1a64848852c1dcc5a63011d762b1f18d59ea2937069
Ada-MGAD-e2e-v2-c0budgetprefix,fd25bffe1bccdbe54309fceb7f0ecf1454bb3a03,experiments/p6/c0_training_budget/seed2026-prefix-budget-v1-20261002/epochs/epoch-27/epoch_audit.json,2498,9a8b37ebd008f574a1853082d28b576fea310521b10a8a910b537915352783b2
Ada-MGAD-e2e-v2-c0budgetprefix,fd25bffe1bccdbe54309fceb7f0ecf1454bb3a03,experiments/p6/c0_training_budget/seed2026-prefix-budget-v1-20261002/epochs/epoch-27/model_state.pt,221973,d9cd847ca8ed67219d4c2af9d2f8ae16efa4d0763f41de616edbcba551daa89f
Ada-MGAD-e2e-v2-c0budgetprefix,fd25bffe1bccdbe54309fceb7f0ecf1454bb3a03,experiments/p6/c0_training_budget/seed2026-prefix-budget-v1-20261002/epochs/epoch-27/validation_outputs.npz,558566,85a476d7f98220165f8cf4fca14ee834330981399c99e8771cef329e59636f4d
Ada-MGAD-e2e-v2-c0budgetprefix,fd25bffe1bccdbe54309fceb7f0ecf1454bb3a03,experiments/p6/c0_training_budget/seed2026-prefix-budget-v1-20261002/epochs/epoch-28/epoch_audit.json,2496,2af1fc12eb8f5cbe870b87cf772350f52eccf930d4ebe5d98a62db130bd74867
Ada-MGAD-e2e-v2-c0budgetprefix,fd25bffe1bccdbe54309fceb7f0ecf1454bb3a03,experiments/p6/c0_training_budget/seed2026-prefix-budget-v1-20261002/epochs/epoch-28/model_state.pt,221973,6a7feae0c7533a2d736d1d82668bafe2dece133ee943f3e5e424611d9126e43f
Ada-MGAD-e2e-v2-c0budgetprefix,fd25bffe1bccdbe54309fceb7f0ecf1454bb3a03,experiments/p6/c0_training_budget/seed2026-prefix-budget-v1-20261002/epochs/epoch-28/validation_outputs.npz,558566,952ef34dfaba8eb2d3c4d5c3a1439c0339fcbc499184011e9eaa5c0aebcd9948
Ada-MGAD-e2e-v2-c0budgetprefix,fd25bffe1bccdbe54309fceb7f0ecf1454bb3a03,experiments/p6/c0_training_budget/seed2026-prefix-budget-v1-20261002/epochs/epoch-29/epoch_audit.json,2498,22096f1fab16773e8de605e09fb588246aefd03290f4a8d016db661d0a9aa7d7
Ada-MGAD-e2e-v2-c0budgetprefix,fd25bffe1bccdbe54309fceb7f0ecf1454bb3a03,experiments/p6/c0_training_budget/seed2026-prefix-budget-v1-20261002/epochs/epoch-29/model_state.pt,221973,40079fad874d0bc4b55a2dfb5ff7cc801e775cf0107ae92fca2bcca47dcd6eeb
Ada-MGAD-e2e-v2-c0budgetprefix,fd25bffe1bccdbe54309fceb7f0ecf1454bb3a03,experiments/p6/c0_training_budget/seed2026-prefix-budget-v1-20261002/epochs/epoch-29/validation_outputs.npz,558566,091897f7ffa045e841a0075d9bdc872340bbff3385031599c63b1fef8512816a
Ada-MGAD-e2e-v2-c0budgetprefix,fd25bffe1bccdbe54309fceb7f0ecf1454bb3a03,experiments/p6/c0_training_budget/seed2026-prefix-budget-v1-20261002/fit_gt.csv,610575,dd366f9246ef30c38963833535b251051975de023809905e2d087d230ac1b3c2
Ada-MGAD-e2e-v2-c0budgetprefix,fd25bffe1bccdbe54309fceb7f0ecf1454bb3a03,experiments/p6/c0_training_budget/seed2026-prefix-budget-v1-20261002/p6_c0.log,6946,96600f4d3cd616a33e85098a9185ecf27a26352f6748d3519fd777bb8938eac2
Ada-MGAD-e2e-v2-c0budgetprefix,fd25bffe1bccdbe54309fceb7f0ecf1454bb3a03,experiments/p6/c0_training_budget/seed2026-prefix-budget-v1-20261002/prefix_control_selection.json,35210,d3d51d8a9caecc6360dae916731f3c00724ca606848220aebaaa48b04e42f87a
Ada-MGAD-e2e-v2-c0budgetprefix,fd25bffe1bccdbe54309fceb7f0ecf1454bb3a03,experiments/p6/c0_training_budget/seed2026-prefix-budget-v1-20261002/real_window_causality_gate.json,640,3b66255f7d02cb8da06f040895258a15f8ab4c9d163db6957dc72b683cdb1b8e
Ada-MGAD-e2e-v2-c0budgetprefix,fd25bffe1bccdbe54309fceb7f0ecf1454bb3a03,experiments/p6/c0_training_budget/seed2026-prefix-budget-v1-20261002/training_log.json,31953,86e2885b5d3365c383acdf4dda393cec5e498fb1f109a2d1d2f74105ebbff264
Ada-MGAD-e2e-v2-c0budgetprefix,fd25bffe1bccdbe54309fceb7f0ecf1454bb3a03,experiments/p6/c0_training_budget/seed2026-prefix-budget-v1-20261002/validation_episodes.csv,219451,a45290f2f62588c21a78e321db8ce8cdf6eaba373871b019fb7c462f0c114824
Ada-MGAD-e2e-v2-c0budgetprefix,fd25bffe1bccdbe54309fceb7f0ecf1454bb3a03,experiments/p6/c0_training_budget/seed2026-prefix-budget-v1-20261002/validation_gt.csv,259687,c522cd913b07508598bc0506ff7111ce9ffdb22a7704227f924f06d2dbd1b7bc
Ada-MGAD-e2e-v2-c0budgetprefix,fd25bffe1bccdbe54309fceb7f0ecf1454bb3a03,experiments/p6/c0_training_budget/seed2026-prefix-budget-v1-20261002/validation_matching.csv,528819,4c3a8f34e28d18a8003e643886d473ddfc2dbab26aedab14c40f8359069689aa
Ada-MGAD-e2e-v2-c0budgetprefix,fd25bffe1bccdbe54309fceb7f0ecf1454bb3a03,experiments/p6/c0_training_budget/seed2026-prefix-budget-v1-20261002/validation_predictions.csv,2258886,1e93e575e8b2f3d704d9f681f18a0b5ad17635e2b36c1a0faad5f8c7ca81af4a
Ada-MGAD-e2e-v2-c0budgetprefix,fd25bffe1bccdbe54309fceb7f0ecf1454bb3a03,experiments/p6/c0_training_budget/seed2026-prefix-budget-v1-20261002/validation_selection.json,36089,8408feb3ad4474d75e3fb5e638b910a22d4cf169cd10a672dcdad5e91199887f
Ada-MGAD-e2e-v2-c0budgetprefix,fd25bffe1bccdbe54309fceb7f0ecf1454bb3a03,experiments/p6/c0_training_budget/seed42-prefix-budget-v1-20261002/checkpoint/best_validation_event_f1.pt,222677,e9b332eaeafbbee30c744885c01f187b340df89cda0ca57dbbae8f21acfd0869
Ada-MGAD-e2e-v2-c0budgetprefix,fd25bffe1bccdbe54309fceb7f0ecf1454bb3a03,experiments/p6/c0_training_budget/seed42-prefix-budget-v1-20261002/completion_manifest.json,11355,3714844941b27078a70753e74b4ad73e72748f17fe635be8a241046af067c732
Ada-MGAD-e2e-v2-c0budgetprefix,fd25bffe1bccdbe54309fceb7f0ecf1454bb3a03,experiments/p6/c0_training_budget/seed42-prefix-budget-v1-20261002/development_input_lock.json,9811,e29fc64b006d3621d4f1dbd0aeeabdb654a0cb09d3e5a1d9aa0cfb9add66e203
Ada-MGAD-e2e-v2-c0budgetprefix,fd25bffe1bccdbe54309fceb7f0ecf1454bb3a03,experiments/p6/c0_training_budget/seed42-prefix-budget-v1-20261002/epoch_progress.json,89031,54c9ff00d53495174ea013f3346233ec7cfa2d37bdc39e19e24a1cce9604dcfd
Ada-MGAD-e2e-v2-c0budgetprefix,fd25bffe1bccdbe54309fceb7f0ecf1454bb3a03,experiments/p6/c0_training_budget/seed42-prefix-budget-v1-20261002/epochs/epoch-00/epoch_audit.json,2807,3dbb48bfe1b279f1096289e42520f25d5663f86d08c33ae39c95a485b9d7a593
Ada-MGAD-e2e-v2-c0budgetprefix,fd25bffe1bccdbe54309fceb7f0ecf1454bb3a03,experiments/p6/c0_training_budget/seed42-prefix-budget-v1-20261002/epochs/epoch-00/model_state.pt,221973,bde68ec46abc91c4ca40618581ce33ea2eb59f4053e3f76b91415d7aac4b7230
Ada-MGAD-e2e-v2-c0budgetprefix,fd25bffe1bccdbe54309fceb7f0ecf1454bb3a03,experiments/p6/c0_training_budget/seed42-prefix-budget-v1-20261002/epochs/epoch-00/validation_outputs.npz,558566,5c97310ff7a9a7f7f20035c643618c3299a08cc4f6a08636f37511c6bf1addfd
Ada-MGAD-e2e-v2-c0budgetprefix,fd25bffe1bccdbe54309fceb7f0ecf1454bb3a03,experiments/p6/c0_training_budget/seed42-prefix-budget-v1-20261002/epochs/epoch-01/epoch_audit.json,2912,e306afca31daa58326c580d897a35198372809cee17639433422729885a30afd
Ada-MGAD-e2e-v2-c0budgetprefix,fd25bffe1bccdbe54309fceb7f0ecf1454bb3a03,experiments/p6/c0_training_budget/seed42-prefix-budget-v1-20261002/epochs/epoch-01/model_state.pt,221973,9d07c4a07b27695f57dca5dfadea40f7aa857afa3a4acc6a5199ddf2ebaf655a
Ada-MGAD-e2e-v2-c0budgetprefix,fd25bffe1bccdbe54309fceb7f0ecf1454bb3a03,experiments/p6/c0_training_budget/seed42-prefix-budget-v1-20261002/epochs/epoch-01/validation_outputs.npz,558566,84e4faad6e6908a52a0f9237f849a076e7caa8ce23791a9b95d87b0a9fce57c2
Ada-MGAD-e2e-v2-c0budgetprefix,fd25bffe1bccdbe54309fceb7f0ecf1454bb3a03,experiments/p6/c0_training_budget/seed42-prefix-budget-v1-20261002/epochs/epoch-02/epoch_audit.json,2794,13a71297872662a34cec6c858551bbc74b872c70be9c94604c662582b355da4b
Ada-MGAD-e2e-v2-c0budgetprefix,fd25bffe1bccdbe54309fceb7f0ecf1454bb3a03,experiments/p6/c0_training_budget/seed42-prefix-budget-v1-20261002/epochs/epoch-02/model_state.pt,221973,6ae227d8a53633b87729b07c6173ba44aad09a3708f0633fa8eba80f9ee8bf2b
Ada-MGAD-e2e-v2-c0budgetprefix,fd25bffe1bccdbe54309fceb7f0ecf1454bb3a03,experiments/p6/c0_training_budget/seed42-prefix-budget-v1-20261002/epochs/epoch-02/validation_outputs.npz,558566,9fd340fd170fab3cc604e44301748912a0bb2313d4731aa58ba923ad0b442c79
Ada-MGAD-e2e-v2-c0budgetprefix,fd25bffe1bccdbe54309fceb7f0ecf1454bb3a03,experiments/p6/c0_training_budget/seed42-prefix-budget-v1-20261002/epochs/epoch-03/epoch_audit.json,2818,8c40eb9876c7e11e3727c279b0f3a779ec6da881dc7a9207b52c6c8ed1cacc88
Ada-MGAD-e2e-v2-c0budgetprefix,fd25bffe1bccdbe54309fceb7f0ecf1454bb3a03,experiments/p6/c0_training_budget/seed42-prefix-budget-v1-20261002/epochs/epoch-03/model_state.pt,221973,88d85546159d16ffb9335da922f6636f6076fb6d2d6a8a5197b3137ae045df4e
Ada-MGAD-e2e-v2-c0budgetprefix,fd25bffe1bccdbe54309fceb7f0ecf1454bb3a03,experiments/p6/c0_training_budget/seed42-prefix-budget-v1-20261002/epochs/epoch-03/validation_outputs.npz,558566,acb85d2a501019a573f6937c61c71f2368c14f672f26f1cec3f9b839706898e5
Ada-MGAD-e2e-v2-c0budgetprefix,fd25bffe1bccdbe54309fceb7f0ecf1454bb3a03,experiments/p6/c0_training_budget/seed42-prefix-budget-v1-20261002/epochs/epoch-04/epoch_audit.json,2791,3b04964ee5d5cf054e3475211f3a5bcc9a033853c4e9460374278f89516c60d0
Ada-MGAD-e2e-v2-c0budgetprefix,fd25bffe1bccdbe54309fceb7f0ecf1454bb3a03,experiments/p6/c0_training_budget/seed42-prefix-budget-v1-20261002/epochs/epoch-04/model_state.pt,221973,0a7a10954f1684ecdbe3646515946e4b4ba9dd72e36cfe769cdd6a84c0a13e64
Ada-MGAD-e2e-v2-c0budgetprefix,fd25bffe1bccdbe54309fceb7f0ecf1454bb3a03,experiments/p6/c0_training_budget/seed42-prefix-budget-v1-20261002/epochs/epoch-04/validation_outputs.npz,558566,d8ae67bc296f23dbe58ca1a45a75bdd1177ba347ca1dc86d5547252ed80658af
Ada-MGAD-e2e-v2-c0budgetprefix,fd25bffe1bccdbe54309fceb7f0ecf1454bb3a03,experiments/p6/c0_training_budget/seed42-prefix-budget-v1-20261002/epochs/epoch-05/epoch_audit.json,2798,76aea8ecf856a6935fc6cbeb09d9ab948d2054917f4fbf061b0746ff1f7fbfe8
Ada-MGAD-e2e-v2-c0budgetprefix,fd25bffe1bccdbe54309fceb7f0ecf1454bb3a03,experiments/p6/c0_training_budget/seed42-prefix-budget-v1-20261002/epochs/epoch-05/model_state.pt,221973,45d427ae9ca6bc099bd4f23636ddf760fe9f7693aff9b095c292a8df86f05f60
Ada-MGAD-e2e-v2-c0budgetprefix,fd25bffe1bccdbe54309fceb7f0ecf1454bb3a03,experiments/p6/c0_training_budget/seed42-prefix-budget-v1-20261002/epochs/epoch-05/validation_outputs.npz,558566,65f8026b1cbe9f290911f289546273093616d7ae80f2ff546f488da2f0cdcb0f
Ada-MGAD-e2e-v2-c0budgetprefix,fd25bffe1bccdbe54309fceb7f0ecf1454bb3a03,experiments/p6/c0_training_budget/seed42-prefix-budget-v1-20261002/epochs/epoch-06/epoch_audit.json,2811,54cf94e1f59fb68281bfdb9f797e52912414101e06ed2d6f3ddbf4d14d3f2bee
Ada-MGAD-e2e-v2-c0budgetprefix,fd25bffe1bccdbe54309fceb7f0ecf1454bb3a03,experiments/p6/c0_training_budget/seed42-prefix-budget-v1-20261002/epochs/epoch-06/model_state.pt,221973,47e701113e4169809d335c5f23cc9bcdaf41d14f3773f465b588a00ae62ad569
Ada-MGAD-e2e-v2-c0budgetprefix,fd25bffe1bccdbe54309fceb7f0ecf1454bb3a03,experiments/p6/c0_training_budget/seed42-prefix-budget-v1-20261002/epochs/epoch-06/validation_outputs.npz,558566,1eaff034516b5b0d8bdaed93ebab3cd87197ea0aac91477367505800186f8bce
Ada-MGAD-e2e-v2-c0budgetprefix,fd25bffe1bccdbe54309fceb7f0ecf1454bb3a03,experiments/p6/c0_training_budget/seed42-prefix-budget-v1-20261002/epochs/epoch-07/epoch_audit.json,2811,1fb48951933facefa9770e7acea52c0f0072bfababe98f9d6d6c9c10d152975a
Ada-MGAD-e2e-v2-c0budgetprefix,fd25bffe1bccdbe54309fceb7f0ecf1454bb3a03,experiments/p6/c0_training_budget/seed42-prefix-budget-v1-20261002/epochs/epoch-07/model_state.pt,221973,d5bf6e42fa09bf82e5c32e26564b4ccf8deffe8256a474a38abd741783ec1a49
Ada-MGAD-e2e-v2-c0budgetprefix,fd25bffe1bccdbe54309fceb7f0ecf1454bb3a03,experiments/p6/c0_training_budget/seed42-prefix-budget-v1-20261002/epochs/epoch-07/validation_outputs.npz,558566,e8ae9dee1e8f964df252fcffdcfc887c7f727255e06154104f05154ee6d51b1e
Ada-MGAD-e2e-v2-c0budgetprefix,fd25bffe1bccdbe54309fceb7f0ecf1454bb3a03,experiments/p6/c0_training_budget/seed42-prefix-budget-v1-20261002/epochs/epoch-08/epoch_audit.json,2811,314381e4f6adac37a1bcdf1be72cbe4b5c483e510d0749c7236d6fa59d5469c2
Ada-MGAD-e2e-v2-c0budgetprefix,fd25bffe1bccdbe54309fceb7f0ecf1454bb3a03,experiments/p6/c0_training_budget/seed42-prefix-budget-v1-20261002/epochs/epoch-08/model_state.pt,221973,0c7004d7245eae5dd1ed3d32c03b3818e1a0dc5e34716587ede003f398a503bd
Ada-MGAD-e2e-v2-c0budgetprefix,fd25bffe1bccdbe54309fceb7f0ecf1454bb3a03,experiments/p6/c0_training_budget/seed42-prefix-budget-v1-20261002/epochs/epoch-08/validation_outputs.npz,558566,0a21bb05ca753fa1b3fe49e4c033cabcc7d537ed695393a1e2265bb61c62ef06
Ada-MGAD-e2e-v2-c0budgetprefix,fd25bffe1bccdbe54309fceb7f0ecf1454bb3a03,experiments/p6/c0_training_budget/seed42-prefix-budget-v1-20261002/epochs/epoch-09/epoch_audit.json,2791,a50f556d7454f88a7f9cdada66f8e63a9e18ebb0ff337184b6c01dd5191ce7f6
Ada-MGAD-e2e-v2-c0budgetprefix,fd25bffe1bccdbe54309fceb7f0ecf1454bb3a03,experiments/p6/c0_training_budget/seed42-prefix-budget-v1-20261002/epochs/epoch-09/model_state.pt,221973,ef5a0e5d854a7f8b4e6688da9334bf23a81a503d670b1bb66e172bd06530c78c
Ada-MGAD-e2e-v2-c0budgetprefix,fd25bffe1bccdbe54309fceb7f0ecf1454bb3a03,experiments/p6/c0_training_budget/seed42-prefix-budget-v1-20261002/epochs/epoch-09/validation_outputs.npz,558566,ede7fcb35c4eb93f1d3b06fa688963ef14e76a1e7c374c0158026711c646603f
Ada-MGAD-e2e-v2-c0budgetprefix,fd25bffe1bccdbe54309fceb7f0ecf1454bb3a03,experiments/p6/c0_training_budget/seed42-prefix-budget-v1-20261002/epochs/epoch-10/epoch_audit.json,2483,709a103b48336dea6c9a17716a874725fa796f4aaca6aa9fc96451491394db3c
Ada-MGAD-e2e-v2-c0budgetprefix,fd25bffe1bccdbe54309fceb7f0ecf1454bb3a03,experiments/p6/c0_training_budget/seed42-prefix-budget-v1-20261002/epochs/epoch-10/model_state.pt,221973,2696bcaae02e593073d90dac85b323330b796a5936018332c3f2cc59e6feae1b
Ada-MGAD-e2e-v2-c0budgetprefix,fd25bffe1bccdbe54309fceb7f0ecf1454bb3a03,experiments/p6/c0_training_budget/seed42-prefix-budget-v1-20261002/epochs/epoch-10/validation_outputs.npz,558566,f5ceca7a60248a6bc35dab1c9e2488bdf4a947bf11b6291835b96a758c12dade
Ada-MGAD-e2e-v2-c0budgetprefix,fd25bffe1bccdbe54309fceb7f0ecf1454bb3a03,experiments/p6/c0_training_budget/seed42-prefix-budget-v1-20261002/epochs/epoch-11/epoch_audit.json,2508,1da738b13990ecd1d308b4eadd7eff0d740abc5393a8da45ed7c1b647156bd4f
Ada-MGAD-e2e-v2-c0budgetprefix,fd25bffe1bccdbe54309fceb7f0ecf1454bb3a03,experiments/p6/c0_training_budget/seed42-prefix-budget-v1-20261002/epochs/epoch-11/model_state.pt,221973,190318d0a5f194dd122990ed496fd195db082e845e6dd2413cc6eda9cfa91387
Ada-MGAD-e2e-v2-c0budgetprefix,fd25bffe1bccdbe54309fceb7f0ecf1454bb3a03,experiments/p6/c0_training_budget/seed42-prefix-budget-v1-20261002/epochs/epoch-11/validation_outputs.npz,558566,1dec8b1f479a822a6bfd13ce517bdc14cd71652789fb85ad72d876ad6d0c1057
Ada-MGAD-e2e-v2-c0budgetprefix,fd25bffe1bccdbe54309fceb7f0ecf1454bb3a03,experiments/p6/c0_training_budget/seed42-prefix-budget-v1-20261002/epochs/epoch-12/epoch_audit.json,2486,601d3bb19f33fb5d6c64d7af49cc866d73c036cf1fd6b06948dcff713884df31
Ada-MGAD-e2e-v2-c0budgetprefix,fd25bffe1bccdbe54309fceb7f0ecf1454bb3a03,experiments/p6/c0_training_budget/seed42-prefix-budget-v1-20261002/epochs/epoch-12/model_state.pt,221973,be248d3336b05dde94cbb0c0d0d2700ea0912accba7c4edee5eac80f6242f3eb
Ada-MGAD-e2e-v2-c0budgetprefix,fd25bffe1bccdbe54309fceb7f0ecf1454bb3a03,experiments/p6/c0_training_budget/seed42-prefix-budget-v1-20261002/epochs/epoch-12/validation_outputs.npz,558566,c6872b558898004eaf793fabffbb07f4939a6ccca2cee81ce78186a9704dfd94
Ada-MGAD-e2e-v2-c0budgetprefix,fd25bffe1bccdbe54309fceb7f0ecf1454bb3a03,experiments/p6/c0_training_budget/seed42-prefix-budget-v1-20261002/epochs/epoch-13/epoch_audit.json,2495,c6d4d5ec8747935a3444dfa5dfffd4715a48d312d8337e49daa5d80e6c28e840
Ada-MGAD-e2e-v2-c0budgetprefix,fd25bffe1bccdbe54309fceb7f0ecf1454bb3a03,experiments/p6/c0_training_budget/seed42-prefix-budget-v1-20261002/epochs/epoch-13/model_state.pt,221973,db19b4612503d44649840950f171f3752961c35bf8eac13f582dfce1e1596710
Ada-MGAD-e2e-v2-c0budgetprefix,fd25bffe1bccdbe54309fceb7f0ecf1454bb3a03,experiments/p6/c0_training_budget/seed42-prefix-budget-v1-20261002/epochs/epoch-13/validation_outputs.npz,558566,f7227a6889482aae5d412310ea57da5f254e776025e5db5ceb50a920062cc9b1
Ada-MGAD-e2e-v2-c0budgetprefix,fd25bffe1bccdbe54309fceb7f0ecf1454bb3a03,experiments/p6/c0_training_budget/seed42-prefix-budget-v1-20261002/epochs/epoch-14/epoch_audit.json,2497,a9887f79d6db71a0be42e1b2d50205587410ba373e357dff626721e526849c15
Ada-MGAD-e2e-v2-c0budgetprefix,fd25bffe1bccdbe54309fceb7f0ecf1454bb3a03,experiments/p6/c0_training_budget/seed42-prefix-budget-v1-20261002/epochs/epoch-14/model_state.pt,221973,3ed2c35e51faefc5e25fb2cd0040e08e9b10f257afaa75c688a3fae42c8361a5
Ada-MGAD-e2e-v2-c0budgetprefix,fd25bffe1bccdbe54309fceb7f0ecf1454bb3a03,experiments/p6/c0_training_budget/seed42-prefix-budget-v1-20261002/epochs/epoch-14/validation_outputs.npz,558566,c82a6e882361dc56cde92681193d65fd01835216abc75563e0f1cb987966a47a
Ada-MGAD-e2e-v2-c0budgetprefix,fd25bffe1bccdbe54309fceb7f0ecf1454bb3a03,experiments/p6/c0_training_budget/seed42-prefix-budget-v1-20261002/epochs/epoch-15/epoch_audit.json,2492,00fe266e00f5247a4bafb39ece50366967b8fd1c73e1a570edd988dec9d5cf94
Ada-MGAD-e2e-v2-c0budgetprefix,fd25bffe1bccdbe54309fceb7f0ecf1454bb3a03,experiments/p6/c0_training_budget/seed42-prefix-budget-v1-20261002/epochs/epoch-15/model_state.pt,221973,e82bdf1bf9593710b90411f1687d94897f77a376346651834f0a8d8dd38d1aff
Ada-MGAD-e2e-v2-c0budgetprefix,fd25bffe1bccdbe54309fceb7f0ecf1454bb3a03,experiments/p6/c0_training_budget/seed42-prefix-budget-v1-20261002/epochs/epoch-15/validation_outputs.npz,558566,b81111e185a86c2851c13b6493338852daa01fdca20c09d4e5dd493c6f23d847
Ada-MGAD-e2e-v2-c0budgetprefix,fd25bffe1bccdbe54309fceb7f0ecf1454bb3a03,experiments/p6/c0_training_budget/seed42-prefix-budget-v1-20261002/epochs/epoch-16/epoch_audit.json,2485,7f58ce698d25ee60bb7a77271ccfabee0da08eb7e321ba3f00b8cd3918d0f8b9
Ada-MGAD-e2e-v2-c0budgetprefix,fd25bffe1bccdbe54309fceb7f0ecf1454bb3a03,experiments/p6/c0_training_budget/seed42-prefix-budget-v1-20261002/epochs/epoch-16/model_state.pt,221973,a5c7509dd98ffb6322182605b236455b9083cf88e53e0f61b52cdc58a5b57be3
Ada-MGAD-e2e-v2-c0budgetprefix,fd25bffe1bccdbe54309fceb7f0ecf1454bb3a03,experiments/p6/c0_training_budget/seed42-prefix-budget-v1-20261002/epochs/epoch-16/validation_outputs.npz,558566,71baac98c643593239ef1f59effd36fab88b988ae6ac6ec46a9dcd96ab18350e
Ada-MGAD-e2e-v2-c0budgetprefix,fd25bffe1bccdbe54309fceb7f0ecf1454bb3a03,experiments/p6/c0_training_budget/seed42-prefix-budget-v1-20261002/epochs/epoch-17/epoch_audit.json,2484,2be4def99103dbe9fff711d8283b4e73e684b396273707f2bacfcada9d5c9034
Ada-MGAD-e2e-v2-c0budgetprefix,fd25bffe1bccdbe54309fceb7f0ecf1454bb3a03,experiments/p6/c0_training_budget/seed42-prefix-budget-v1-20261002/epochs/epoch-17/model_state.pt,221973,2f1d842ffd258b5f8220809dd5409d85ef242addd38b1932a4ba3732aef0df7c
Ada-MGAD-e2e-v2-c0budgetprefix,fd25bffe1bccdbe54309fceb7f0ecf1454bb3a03,experiments/p6/c0_training_budget/seed42-prefix-budget-v1-20261002/epochs/epoch-17/validation_outputs.npz,558566,3e17f040285042ee4880844cda6c9703d8e96c02e7c292346589ba1905300aac
Ada-MGAD-e2e-v2-c0budgetprefix,fd25bffe1bccdbe54309fceb7f0ecf1454bb3a03,experiments/p6/c0_training_budget/seed42-prefix-budget-v1-20261002/epochs/epoch-18/epoch_audit.json,2507,c2ecc25330c81973ec707327843a83dd6d079d1468c2516e3dec3e44dea5e39e
Ada-MGAD-e2e-v2-c0budgetprefix,fd25bffe1bccdbe54309fceb7f0ecf1454bb3a03,experiments/p6/c0_training_budget/seed42-prefix-budget-v1-20261002/epochs/epoch-18/model_state.pt,221973,8c737372fc2f9b792ef6483edf96661743f6419433095a4051ebc3816d73df39
Ada-MGAD-e2e-v2-c0budgetprefix,fd25bffe1bccdbe54309fceb7f0ecf1454bb3a03,experiments/p6/c0_training_budget/seed42-prefix-budget-v1-20261002/epochs/epoch-18/validation_outputs.npz,558566,5deeb55606f7d1df499db5c1edd09abd9f211789745e3269c0020bbc32bdd615
Ada-MGAD-e2e-v2-c0budgetprefix,fd25bffe1bccdbe54309fceb7f0ecf1454bb3a03,experiments/p6/c0_training_budget/seed42-prefix-budget-v1-20261002/epochs/epoch-19/epoch_audit.json,2505,40a93c203a0b2377e92f51c69b2c16bf244066736cea41d24ba98851b6c7d740
Ada-MGAD-e2e-v2-c0budgetprefix,fd25bffe1bccdbe54309fceb7f0ecf1454bb3a03,experiments/p6/c0_training_budget/seed42-prefix-budget-v1-20261002/epochs/epoch-19/model_state.pt,221973,415cb58364250ce28c0a3274fd693efcdecfb3e845f191c8602c89b09c2ede89
Ada-MGAD-e2e-v2-c0budgetprefix,fd25bffe1bccdbe54309fceb7f0ecf1454bb3a03,experiments/p6/c0_training_budget/seed42-prefix-budget-v1-20261002/epochs/epoch-19/validation_outputs.npz,558566,d64b6f184900d24344ea9fc89ecb656630151664e948abb9df1b9357656ab742
Ada-MGAD-e2e-v2-c0budgetprefix,fd25bffe1bccdbe54309fceb7f0ecf1454bb3a03,experiments/p6/c0_training_budget/seed42-prefix-budget-v1-20261002/epochs/epoch-20/epoch_audit.json,2499,7e20b088acc6d744c8763103a7f4b1966fe2e8d52b574718d17f892768c00b80
Ada-MGAD-e2e-v2-c0budgetprefix,fd25bffe1bccdbe54309fceb7f0ecf1454bb3a03,experiments/p6/c0_training_budget/seed42-prefix-budget-v1-20261002/epochs/epoch-20/model_state.pt,221973,091258dc6a709b83247f95b66d93b8416f72566ab57776107044b3a4d7fbc31c
Ada-MGAD-e2e-v2-c0budgetprefix,fd25bffe1bccdbe54309fceb7f0ecf1454bb3a03,experiments/p6/c0_training_budget/seed42-prefix-budget-v1-20261002/epochs/epoch-20/validation_outputs.npz,558566,05fc36358f6107f5d3fd5f7b037b72a6c31f1c04fc72225f672617470556a8f0
Ada-MGAD-e2e-v2-c0budgetprefix,fd25bffe1bccdbe54309fceb7f0ecf1454bb3a03,experiments/p6/c0_training_budget/seed42-prefix-budget-v1-20261002/epochs/epoch-21/epoch_audit.json,2497,2ea190c024b569826a64d22a894149c728cd34737106fdec61727508f85d8127
Ada-MGAD-e2e-v2-c0budgetprefix,fd25bffe1bccdbe54309fceb7f0ecf1454bb3a03,experiments/p6/c0_training_budget/seed42-prefix-budget-v1-20261002/epochs/epoch-21/model_state.pt,221973,cc8ec5d1d8db31664be88a6e7b9748a7705ac2f765c96c3b0c596133c65a465f
Ada-MGAD-e2e-v2-c0budgetprefix,fd25bffe1bccdbe54309fceb7f0ecf1454bb3a03,experiments/p6/c0_training_budget/seed42-prefix-budget-v1-20261002/epochs/epoch-21/validation_outputs.npz,558566,3c96a836d9565b46683aa90e90f43f970ed9e7a951c4eb56519b4e99f8d736d4
Ada-MGAD-e2e-v2-c0budgetprefix,fd25bffe1bccdbe54309fceb7f0ecf1454bb3a03,experiments/p6/c0_training_budget/seed42-prefix-budget-v1-20261002/epochs/epoch-22/epoch_audit.json,2495,c21cb5b65e00eda63b74604c9c62fe7ee661ea7f1ac0f8a0200a8feae6d24c85
Ada-MGAD-e2e-v2-c0budgetprefix,fd25bffe1bccdbe54309fceb7f0ecf1454bb3a03,experiments/p6/c0_training_budget/seed42-prefix-budget-v1-20261002/epochs/epoch-22/model_state.pt,221973,c29cbcbb0bdca54c3408199c2b83572c56e95f2b1e8220d262f2d7f11c0fcb97
Ada-MGAD-e2e-v2-c0budgetprefix,fd25bffe1bccdbe54309fceb7f0ecf1454bb3a03,experiments/p6/c0_training_budget/seed42-prefix-budget-v1-20261002/epochs/epoch-22/validation_outputs.npz,558566,391b59b7e87c321348a276a5a9417720bb34a86ba19cc2a677680fb351206999
Ada-MGAD-e2e-v2-c0budgetprefix,fd25bffe1bccdbe54309fceb7f0ecf1454bb3a03,experiments/p6/c0_training_budget/seed42-prefix-budget-v1-20261002/epochs/epoch-23/epoch_audit.json,2494,8bb148d07cbd5a86645e806ca53496eab0a9facf9282b9d48bcb6f582eb3a9c1
Ada-MGAD-e2e-v2-c0budgetprefix,fd25bffe1bccdbe54309fceb7f0ecf1454bb3a03,experiments/p6/c0_training_budget/seed42-prefix-budget-v1-20261002/epochs/epoch-23/model_state.pt,221973,5d51e520df36d4ef431f9acd6c77c65eda22799fba2bdb050aea64825b67afae
Ada-MGAD-e2e-v2-c0budgetprefix,fd25bffe1bccdbe54309fceb7f0ecf1454bb3a03,experiments/p6/c0_training_budget/seed42-prefix-budget-v1-20261002/epochs/epoch-23/validation_outputs.npz,558566,52a84de5517b6b124da29b56d073b1d3e6e44a0652dad718943bcb19f8ee0dc0
Ada-MGAD-e2e-v2-c0budgetprefix,fd25bffe1bccdbe54309fceb7f0ecf1454bb3a03,experiments/p6/c0_training_budget/seed42-prefix-budget-v1-20261002/epochs/epoch-24/epoch_audit.json,2497,3d7b640e72f556aedfc05313e1f712db800db916f3b5c893e9e9e4811c9b30ac
Ada-MGAD-e2e-v2-c0budgetprefix,fd25bffe1bccdbe54309fceb7f0ecf1454bb3a03,experiments/p6/c0_training_budget/seed42-prefix-budget-v1-20261002/epochs/epoch-24/model_state.pt,221973,d20a3be7d6c2e5802566524775a2c16e980ae31d9cc2399b16e76d6e2cc2d286
Ada-MGAD-e2e-v2-c0budgetprefix,fd25bffe1bccdbe54309fceb7f0ecf1454bb3a03,experiments/p6/c0_training_budget/seed42-prefix-budget-v1-20261002/epochs/epoch-24/validation_outputs.npz,558566,764ac4d4b2b8ffdb84ca92d1f0da75e7340cd4f7603fa1bc63b3f7a977e3fb18
Ada-MGAD-e2e-v2-c0budgetprefix,fd25bffe1bccdbe54309fceb7f0ecf1454bb3a03,experiments/p6/c0_training_budget/seed42-prefix-budget-v1-20261002/epochs/epoch-25/epoch_audit.json,2496,c39bf47af5898270130577f710c5977a4481286c4687c31b803e61e3418136d1
Ada-MGAD-e2e-v2-c0budgetprefix,fd25bffe1bccdbe54309fceb7f0ecf1454bb3a03,experiments/p6/c0_training_budget/seed42-prefix-budget-v1-20261002/epochs/epoch-25/model_state.pt,221973,d89b1a55dac9a13fb773743ecfe1b7c31a8ef2cb28ce4b1e116fe72a85a1809a
Ada-MGAD-e2e-v2-c0budgetprefix,fd25bffe1bccdbe54309fceb7f0ecf1454bb3a03,experiments/p6/c0_training_budget/seed42-prefix-budget-v1-20261002/epochs/epoch-25/validation_outputs.npz,558566,a98a95832566a6536e0bd9c695f8b909258b164d51a2dc32a80f8cf0aaa851f8
Ada-MGAD-e2e-v2-c0budgetprefix,fd25bffe1bccdbe54309fceb7f0ecf1454bb3a03,experiments/p6/c0_training_budget/seed42-prefix-budget-v1-20261002/epochs/epoch-26/epoch_audit.json,2497,9fa5c0ad6c1d606247574e67a78fbb0e97b3129554585e08efe94b400f5b77c6
Ada-MGAD-e2e-v2-c0budgetprefix,fd25bffe1bccdbe54309fceb7f0ecf1454bb3a03,experiments/p6/c0_training_budget/seed42-prefix-budget-v1-20261002/epochs/epoch-26/model_state.pt,221973,00604120c1b4dd5f4e6145ac129838a30a7b5c451d2f3444c5360367f0cb1507
Ada-MGAD-e2e-v2-c0budgetprefix,fd25bffe1bccdbe54309fceb7f0ecf1454bb3a03,experiments/p6/c0_training_budget/seed42-prefix-budget-v1-20261002/epochs/epoch-26/validation_outputs.npz,558566,d1d27ed1a32890830f97b41e431ab31529f58f83a2463b56a5c48a20402c681c
Ada-MGAD-e2e-v2-c0budgetprefix,fd25bffe1bccdbe54309fceb7f0ecf1454bb3a03,experiments/p6/c0_training_budget/seed42-prefix-budget-v1-20261002/epochs/epoch-27/epoch_audit.json,2506,0c76f3c497bc05df627c0badce74633e32a26c71c9282765aabe0bdd3421b284
Ada-MGAD-e2e-v2-c0budgetprefix,fd25bffe1bccdbe54309fceb7f0ecf1454bb3a03,experiments/p6/c0_training_budget/seed42-prefix-budget-v1-20261002/epochs/epoch-27/model_state.pt,221973,5d889e928dee3f67866cbf1104543b998e2fa59f083fa8df3fcea1429b9df3cc
Ada-MGAD-e2e-v2-c0budgetprefix,fd25bffe1bccdbe54309fceb7f0ecf1454bb3a03,experiments/p6/c0_training_budget/seed42-prefix-budget-v1-20261002/epochs/epoch-27/validation_outputs.npz,558566,942161a24486e79eee84d5c7e6ddd2d5da995cdb5414f22f816aaa60ef838d75
Ada-MGAD-e2e-v2-c0budgetprefix,fd25bffe1bccdbe54309fceb7f0ecf1454bb3a03,experiments/p6/c0_training_budget/seed42-prefix-budget-v1-20261002/epochs/epoch-28/epoch_audit.json,2494,da056b21a1825c2677248c49ed1a8ca88580c6a3986dd9cee86eb8b58875e33e
Ada-MGAD-e2e-v2-c0budgetprefix,fd25bffe1bccdbe54309fceb7f0ecf1454bb3a03,experiments/p6/c0_training_budget/seed42-prefix-budget-v1-20261002/epochs/epoch-28/model_state.pt,221973,d81aeba04a70d372b262756f12c568da0da457da6ae251b1cf9ec088c5412050
Ada-MGAD-e2e-v2-c0budgetprefix,fd25bffe1bccdbe54309fceb7f0ecf1454bb3a03,experiments/p6/c0_training_budget/seed42-prefix-budget-v1-20261002/epochs/epoch-28/validation_outputs.npz,558566,79916c455952f3cdbc35be5b8d4ad6b3b5e113dfde5a5982d3708841b5c5a0c0
Ada-MGAD-e2e-v2-c0budgetprefix,fd25bffe1bccdbe54309fceb7f0ecf1454bb3a03,experiments/p6/c0_training_budget/seed42-prefix-budget-v1-20261002/epochs/epoch-29/epoch_audit.json,2486,d6dacc76d191245090f96b6832b6716c1046ce8e3b73cb6aec83b18b80acceb0
Ada-MGAD-e2e-v2-c0budgetprefix,fd25bffe1bccdbe54309fceb7f0ecf1454bb3a03,experiments/p6/c0_training_budget/seed42-prefix-budget-v1-20261002/epochs/epoch-29/model_state.pt,221973,beea5afe832ce8b143371a274f266512ce3ef8ecfad7d92e2944b31bac4b2688
Ada-MGAD-e2e-v2-c0budgetprefix,fd25bffe1bccdbe54309fceb7f0ecf1454bb3a03,experiments/p6/c0_training_budget/seed42-prefix-budget-v1-20261002/epochs/epoch-29/validation_outputs.npz,558566,e9d134b81b4748be770bac5e0281a5b6c43b1a58edb41138f35b4fe796e17326
Ada-MGAD-e2e-v2-c0budgetprefix,fd25bffe1bccdbe54309fceb7f0ecf1454bb3a03,experiments/p6/c0_training_budget/seed42-prefix-budget-v1-20261002/fit_gt.csv,610575,dd366f9246ef30c38963833535b251051975de023809905e2d087d230ac1b3c2
Ada-MGAD-e2e-v2-c0budgetprefix,fd25bffe1bccdbe54309fceb7f0ecf1454bb3a03,experiments/p6/c0_training_budget/seed42-prefix-budget-v1-20261002/p6_c0.log,6948,fbebd8ae7c26ade672a068b23151fed84593ce985a3feb8eed7109320790d89d
Ada-MGAD-e2e-v2-c0budgetprefix,fd25bffe1bccdbe54309fceb7f0ecf1454bb3a03,experiments/p6/c0_training_budget/seed42-prefix-budget-v1-20261002/prefix_control_selection.json,35241,6df13e14da9e4307803fb02421bda11c304a1747885c18522609ee6353018b37
Ada-MGAD-e2e-v2-c0budgetprefix,fd25bffe1bccdbe54309fceb7f0ecf1454bb3a03,experiments/p6/c0_training_budget/seed42-prefix-budget-v1-20261002/real_window_causality_gate.json,640,3b66255f7d02cb8da06f040895258a15f8ab4c9d163db6957dc72b683cdb1b8e
Ada-MGAD-e2e-v2-c0budgetprefix,fd25bffe1bccdbe54309fceb7f0ecf1454bb3a03,experiments/p6/c0_training_budget/seed42-prefix-budget-v1-20261002/training_log.json,31978,88def55974051fc4ea62be06421a566f02da5fe160c21cd1de25dcc943bab91a
Ada-MGAD-e2e-v2-c0budgetprefix,fd25bffe1bccdbe54309fceb7f0ecf1454bb3a03,experiments/p6/c0_training_budget/seed42-prefix-budget-v1-20261002/validation_episodes.csv,212022,fd057d2f644bc7d1ef34c74440c4b796d332390ab53843e216c3d7ae2c90e161
Ada-MGAD-e2e-v2-c0budgetprefix,fd25bffe1bccdbe54309fceb7f0ecf1454bb3a03,experiments/p6/c0_training_budget/seed42-prefix-budget-v1-20261002/validation_gt.csv,259687,c522cd913b07508598bc0506ff7111ce9ffdb22a7704227f924f06d2dbd1b7bc
Ada-MGAD-e2e-v2-c0budgetprefix,fd25bffe1bccdbe54309fceb7f0ecf1454bb3a03,experiments/p6/c0_training_budget/seed42-prefix-budget-v1-20261002/validation_matching.csv,520890,b97d436fe1549f2ee4a18e94c1d13f8372d35947176894c52855eca63b3807ee
Ada-MGAD-e2e-v2-c0budgetprefix,fd25bffe1bccdbe54309fceb7f0ecf1454bb3a03,experiments/p6/c0_training_budget/seed42-prefix-budget-v1-20261002/validation_predictions.csv,2267160,a6289ac294bd16fd200a1a53f4b8ed17df03669b30960e45e07af29e52c836d3
Ada-MGAD-e2e-v2-c0budgetprefix,fd25bffe1bccdbe54309fceb7f0ecf1454bb3a03,experiments/p6/c0_training_budget/seed42-prefix-budget-v1-20261002/validation_selection.json,36107,7147d13089f77e063ff0e2f0aa2609a0b21b5d4b86089077152ed5e9b7acda72
Ada-MGAD-e2e-v2-c0budgetprefix,fd25bffe1bccdbe54309fceb7f0ecf1454bb3a03,experiments/p6/c0f_failure_audit/c0f-correction-20260923T0755Z/analysis_validation.json,296,ad7a15071946ca8749cbfc26c134304b3771c8e610fe1b8b2bbb81c01767fdde
Ada-MGAD-e2e-v2-c0budgetprefix,fd25bffe1bccdbe54309fceb7f0ecf1454bb3a03,experiments/p6/c0f_failure_audit/c0f-correction-20260923T0755Z/audit_config.json,3064,6e66534cd7adb078d7342fd189a891d59e8dd1b9c893868cbf06f92c34c6c820
Ada-MGAD-e2e-v2-c0budgetprefix,fd25bffe1bccdbe54309fceb7f0ecf1454bb3a03,experiments/p6/c0f_failure_audit/c0f-correction-20260923T0755Z/capacity_summary.json,13508,aaa4fe3bc740aad3c1b97dac8a8c9224fcdc766b59e693f2b07a678139eccbda
Ada-MGAD-e2e-v2-c0budgetprefix,fd25bffe1bccdbe54309fceb7f0ecf1454bb3a03,experiments/p6/c0f_failure_audit/c0f-correction-20260923T0755Z/completion_manifest.json,76920,faabd0a5e6486a89c6e6e3cab1af8f146af6cdab9fe5e728c027f5d18f80745a
Ada-MGAD-e2e-v2-c0budgetprefix,fd25bffe1bccdbe54309fceb7f0ecf1454bb3a03,experiments/p6/c0f_failure_audit/c0f-correction-20260923T0755Z/confounding_tables.json,196447,676bf2913aefd265292b4d25c6c8fc11d9bec5813f5aebf9a3d7a6e49933487d
Ada-MGAD-e2e-v2-c0budgetprefix,fd25bffe1bccdbe54309fceb7f0ecf1454bb3a03,experiments/p6/c0f_failure_audit/c0f-correction-20260923T0755Z/correction_summary.json,1427,95cdd9d0c51a29a47d84b851a8dda40c3d56e877203793781c4701a6852db181
Ada-MGAD-e2e-v2-c0budgetprefix,fd25bffe1bccdbe54309fceb7f0ecf1454bb3a03,experiments/p6/c0f_failure_audit/c0f-correction-20260923T0755Z/decision.json,21910,3cdf539f1bfe2367c9e0e34430118a565645a293138e121970832cce7984c552
Ada-MGAD-e2e-v2-c0budgetprefix,fd25bffe1bccdbe54309fceb7f0ecf1454bb3a03,experiments/p6/c0f_failure_audit/c0f-correction-20260923T0755Z/evidence_ledger.json,7998,eaf1b0a9bb641e3dd59c540512f03a61a793b4ebb83c7115b19f86ac7318e1fe
Ada-MGAD-e2e-v2-c0budgetprefix,fd25bffe1bccdbe54309fceb7f0ecf1454bb3a03,experiments/p6/c0f_failure_audit/c0f-correction-20260923T0755Z/final_report.md,12767,cfac59ff1f3d4ac489a3c11b9670e43e3e8216999019e821d1711970fdfea656
Ada-MGAD-e2e-v2-c0budgetprefix,fd25bffe1bccdbe54309fceb7f0ecf1454bb3a03,experiments/p6/c0f_failure_audit/c0f-correction-20260923T0755Z/input_integrity_after.json,227,bc834dc3b45aa4814b8e27a6d7b15d88994488d574057dcf8e18c5647782c7e4
Ada-MGAD-e2e-v2-c0budgetprefix,fd25bffe1bccdbe54309fceb7f0ecf1454bb3a03,experiments/p6/c0f_failure_audit/c0f-correction-20260923T0755Z/input_manifest.json,1272,8a22a55fe1b951a78aa30fa6a185339f45235779a9b0c4a92852cc97f11fa972
Ada-MGAD-e2e-v2-c0budgetprefix,fd25bffe1bccdbe54309fceb7f0ecf1454bb3a03,experiments/p6/c0f_failure_audit/c0f-correction-20260923T0755Z/input_snapshot.json,254827,1fdc4e0e3b82c9849e7e965471ee4431621aa3b8b7d9ec86f7afbc0fa5b9b87f
Ada-MGAD-e2e-v2-c0budgetprefix,fd25bffe1bccdbe54309fceb7f0ecf1454bb3a03,experiments/p6/c0f_failure_audit/c0f-correction-20260923T0755Z/isolation_summary.json,46108,439b4311ae6cdeeb896971b52602928cd8f8f00581b1762b7dc199338eb8cdd9
Ada-MGAD-e2e-v2-c0budgetprefix,fd25bffe1bccdbe54309fceb7f0ecf1454bb3a03,experiments/p6/c0f_failure_audit/c0f-correction-20260923T0755Z/ledger_invariants.json,520,a497cd0e28dc4627d27a343038ecda70ff3e2cd2c7579674175c7b0c1ebe8ab3
Ada-MGAD-e2e-v2-c0budgetprefix,fd25bffe1bccdbe54309fceb7f0ecf1454bb3a03,experiments/p6/c0f_failure_audit/c0f-correction-20260923T0755Z/reuse_provenance.json,1297,5d40d373429d92073ad1f677ed930107abdcfec9973afa3fd940c00d79a6ad82
Ada-MGAD-e2e-v2-c0budgetprefix,fd25bffe1bccdbe54309fceb7f0ecf1454bb3a03,experiments/p6/c0f_failure_audit/c0f-correction-20260923T0755Z/run_state.json,70344,4f58cdf5cf3c06bcc2b8ea3b12a608c6c9287a8a996a4ae0007f2a3cede3fb78
Ada-MGAD-e2e-v2-c0budgetprefix,fd25bffe1bccdbe54309fceb7f0ecf1454bb3a03,experiments/p6/c0f_failure_audit/c0f-correction-20260923T0755Z/source_integrity.json,8617,ae61ded34933922feea8dad052f115aa50abf7c311593f0a49f47b5e73270e73
Ada-MGAD-e2e-v2-c0budgetprefix,fd25bffe1bccdbe54309fceb7f0ecf1454bb3a03,experiments/p6/c0f_failure_audit/c0f-correction-20260923T0755Z/source_snapshot.json,27487,808bb33502694359a809657c56db3bc4ecf1a67887e45ba4c7949e67009d17fe
Ada-MGAD-e2e-v2-c0budgetprefix,fd25bffe1bccdbe54309fceb7f0ecf1454bb3a03,experiments/p6/c0f_failure_audit/c0f-correction-20260923T0755Z/split_population_checks.json,968,e5cad5ac9211384da9c73c83304625bb4274585228b1b733edd92f4352dfd820
Ada-MGAD-e2e-v2-c0budgetprefix,fd25bffe1bccdbe54309fceb7f0ecf1454bb3a03,experiments/p6/c0f_failure_audit/c0f-correction-20260923T0755Z/stratified_summary.json,38692,c3d3148227ad27756001b6d6b7ba1fadb603e390741e29fad34fcb8292c4962e
Ada-MGAD-e2e-v2-c0budgetprefix,fd25bffe1bccdbe54309fceb7f0ecf1454bb3a03,experiments/p6/c0f_failure_audit/c0f-correction-20260923T0755Z/test_artifact_verification.json,1286,0385232d6ff22eb82747264c9bdf7a4d0f6b4112b40a5edc9675ec12ddd72282
Ada-MGAD-e2e-v2-c0budgetprefix,fd25bffe1bccdbe54309fceb7f0ecf1454bb3a03,experiments/p6/c0f_failure_audit/c0f-correction-20260923T0755Z/test_results.json,1478,001ef8cbe1e1997d6a608df763aefb994e5d99b6e932f97de0c4cf88b4aa504e
Ada-MGAD-e2e-v2-c0budgetprefix,fd25bffe1bccdbe54309fceb7f0ecf1454bb3a03,experiments/p6/c0f_failure_audit/c0f-correction-20260923T0755Z/validation_replay.json,1781,e802370c18a4bc38e497d3ab398705a0434f91bbe8c02dbf1710c7f1ad904360
Ada-MGAD-e2e-v2-c0budgetprefix,fd25bffe1bccdbe54309fceb7f0ecf1454bb3a03,experiments/p6/c0f_failure_audit/c0f-seed42-20260919T0700/audit_config.json,2705,078c633bc1097b558439d0bc247118bf079cdbc177eac2bbe26a83b628bbbf40
Ada-MGAD-e2e-v2-c0budgetprefix,fd25bffe1bccdbe54309fceb7f0ecf1454bb3a03,experiments/p6/c0f_failure_audit/c0f-seed42-20260919T0700/capacity_summary.json,12933,e479dfa5b2af41d141b4fd08ecbfa76a107148e57ade5e17eaa818b880821124
Ada-MGAD-e2e-v2-c0budgetprefix,fd25bffe1bccdbe54309fceb7f0ecf1454bb3a03,experiments/p6/c0f_failure_audit/c0f-seed42-20260919T0700/completion_manifest.json,16950,97e1fd3e34da06e7b64808b9f38372628c7007b9a2533c46582b50e5b7ace53a
Ada-MGAD-e2e-v2-c0budgetprefix,fd25bffe1bccdbe54309fceb7f0ecf1454bb3a03,experiments/p6/c0f_failure_audit/c0f-seed42-20260919T0700/confounding_tables.json,27744,bab17cda93dcb9747e23cd4519396edc2975e38bc31ed96e2ad3fc2d8fe5c9c6
Ada-MGAD-e2e-v2-c0budgetprefix,fd25bffe1bccdbe54309fceb7f0ecf1454bb3a03,experiments/p6/c0f_failure_audit/c0f-seed42-20260919T0700/decision.json,20118,9eb7ca1ee3c04c4b8fdc1d0a9a75b873add03bfce61b026f0e4abc9f55ba9493
Ada-MGAD-e2e-v2-c0budgetprefix,fd25bffe1bccdbe54309fceb7f0ecf1454bb3a03,experiments/p6/c0f_failure_audit/c0f-seed42-20260919T0700/evidence_ledger.json,5830,1eaca4aac0c592a5110acadb7681366ceba696f0fedc1803ec1c03379d16f90b
Ada-MGAD-e2e-v2-c0budgetprefix,fd25bffe1bccdbe54309fceb7f0ecf1454bb3a03,experiments/p6/c0f_failure_audit/c0f-seed42-20260919T0700/final_report.md,9472,563ac665ce2641c94e80a4bd12e124473956db1c49113eb60859ba4f6f2a291f
Ada-MGAD-e2e-v2-c0budgetprefix,fd25bffe1bccdbe54309fceb7f0ecf1454bb3a03,experiments/p6/c0f_failure_audit/c0f-seed42-20260919T0700/input_manifest.json,1267,cd5a7b02c8e78bb6021343dd2e76ca8d87819503afdecefc8cb80c5fcfdc48ef
Ada-MGAD-e2e-v2-c0budgetprefix,fd25bffe1bccdbe54309fceb7f0ecf1454bb3a03,experiments/p6/c0f_failure_audit/c0f-seed42-20260919T0700/ledger_invariants.json,520,a497cd0e28dc4627d27a343038ecda70ff3e2cd2c7579674175c7b0c1ebe8ab3
Ada-MGAD-e2e-v2-c0budgetprefix,fd25bffe1bccdbe54309fceb7f0ecf1454bb3a03,experiments/p6/c0f_failure_audit/c0f-seed42-20260919T0700/run_state.json,1983,5c81eb7dfb89d713ac40de4da60d8f9803b89ac1c6260ff9ca7a07e59fe40edc
Ada-MGAD-e2e-v2-c0budgetprefix,fd25bffe1bccdbe54309fceb7f0ecf1454bb3a03,experiments/p6/c0f_failure_audit/c0f-seed42-20260919T0700/source_integrity.json,4603,7507a5bb490607692a0c7e4065f1ba79e8cde8d67305f4d8f20638feb6228c8d
Ada-MGAD-e2e-v2-c0budgetprefix,fd25bffe1bccdbe54309fceb7f0ecf1454bb3a03,experiments/p6/c0f_failure_audit/c0f-seed42-20260919T0700/split_population_checks.json,968,e5cad5ac9211384da9c73c83304625bb4274585228b1b733edd92f4352dfd820
Ada-MGAD-e2e-v2-c0budgetprefix,fd25bffe1bccdbe54309fceb7f0ecf1454bb3a03,experiments/p6/c0f_failure_audit/c0f-seed42-20260919T0700/stratified_summary.json,35445,babde167b0390f10a20108026516463a250f74340fcd46c8729e386610f39b57
Ada-MGAD-e2e-v2-c0budgetprefix,fd25bffe1bccdbe54309fceb7f0ecf1454bb3a03,experiments/p6/c0f_failure_audit/c0f-seed42-20260919T0700/test_artifact_verification.json,1190,ccec4113e1846fd3509fc626a6cc14a7b64fe05ae31fa81c31bcf9ab68e22e28
Ada-MGAD-e2e-v2-c0budgetprefix,fd25bffe1bccdbe54309fceb7f0ecf1454bb3a03,experiments/p6/c0f_failure_audit/c0f-seed42-20260919T0700/validation_replay.json,1781,24ea8a62815c7c6172bac2e3e3a0f3bfc639b803fc8bbd28c17d9e33c98fb93f
Ada-MGAD-e2e-v2-c0budgetprefix,fd25bffe1bccdbe54309fceb7f0ecf1454bb3a03,experiments/p6/c0f_failure_audit/code-checks-20260923T075346Z/test_results.json,1175,51017a28cf2e25a31b463a4d5ead6ec19bc3062006a0f72ce40da0a60dbc43df
Ada-MGAD-e2e-v2-c0budgetprefix,fd25bffe1bccdbe54309fceb7f0ecf1454bb3a03,experiments/p6/c0r2_trainval_dev/positive-logit-rise-v2/results.json,4986,773f05832dcefb568cc867f3eb716c3db2be234cf57d539ede7ca6a59b5dc9f0
Ada-MGAD-e2e-v2-c0budgetprefix,fd25bffe1bccdbe54309fceb7f0ecf1454bb3a03,experiments/p6/c1_feasibility/c1-g1-20260923T105441Z/feasibility_ledger.json,25618,80718e06a801f4a4cfac085eec999285a162b4e1ebf5afff082f17925a99b3da
Ada-MGAD-e2e-v2-c0budgetprefix,fd25bffe1bccdbe54309fceb7f0ecf1454bb3a03,experiments/p6/c1_feasibility/c1-g1-20260923T105441Z/final_report.md,8811,48c72507b5cc43f5254906be5e983547d584ca0a1a979a919e6e970112efbfc4
Ada-MGAD-e2e-v2-c0budgetprefix,fd25bffe1bccdbe54309fceb7f0ecf1454bb3a03,experiments/p6/c1_prefix_metric_audit/c1-fold1-metric-audit-v1-20260929/candidate_ledger.csv,729152,0b25bf30626055af55d6b35ab3fe9f8ff3a375b9023b9ade6bcc8f592923edf5
Ada-MGAD-e2e-v2-c0budgetprefix,fd25bffe1bccdbe54309fceb7f0ecf1454bb3a03,experiments/p6/c1_prefix_metric_audit/c1-fold1-metric-audit-v1-20260929/completion_manifest.json,2015,322e3bf69bd9aaa16b4b0b667a3fd98802175bdd91ec655585f7c97c765ef847
Ada-MGAD-e2e-v2-c0budgetprefix,fd25bffe1bccdbe54309fceb7f0ecf1454bb3a03,experiments/p6/c1_prefix_metric_audit/c1-fold1-metric-audit-v1-20260929/summary.json,2334,f951ebf8419d6499dfe3864e04b4c7f3ab04f258eb3c3d40a3f2ecc43623ae1a
Ada-MGAD-e2e-v2-c0budgetprefix,fd25bffe1bccdbe54309fceb7f0ecf1454bb3a03,experiments/p6/c1_protocol/c1-g2-py38-correction-20260924T0831Z/correction_manifest.json,2340,36a6406c80c0545f81e37f2cb4df0a1bbf5e341d5f92094631be487417f88a34
Ada-MGAD-e2e-v2-c0budgetprefix,fd25bffe1bccdbe54309fceb7f0ecf1454bb3a03,experiments/p6/c1_protocol/c1-g2-py38-correction-20260924T0831Z/correction_report.md,3511,757d796360596b4155d91f40ed3b29cb78cc547dba0ecff819ff1a5496a58857
Ada-MGAD-e2e-v2-c0budgetprefix,fd25bffe1bccdbe54309fceb7f0ecf1454bb3a03,experiments/p6/c1_protocol/c1-g2-v1-20260924/design_lock_report.md,2211,105b44683c01ffc8ef6eded385ec1dc3d6032415e40c58cdfd2815595c02a23f
Ada-MGAD-e2e-v2-c0budgetprefix,fd25bffe1bccdbe54309fceb7f0ecf1454bb3a03,experiments/p6/c1_protocol/c1-g2-v1-20260924/raw_content_manifest.json,1584322,03bdefc1ad817802a9f015a5cc07c71f5e8d625c66c5d5e9fbff31d0d5671718
Ada-MGAD-e2e-v2-c0budgetprefix,fd25bffe1bccdbe54309fceb7f0ecf1454bb3a03,experiments/p6/c1_supervision_oos/c1-supervision-oos-v1-seed42/evaluation/c1_results.json,1947819,d94b67c6631229c8994b491156d616a29062537fda6955bb9a44908609786b6c
Ada-MGAD-e2e-v2-c0budgetprefix,fd25bffe1bccdbe54309fceb7f0ecf1454bb3a03,experiments/p6/c1_supervision_oos/c1-supervision-oos-v1-seed42/evaluation/c2_failure_ledger.csv,1266920,2d7dd0703147a7f67d8e77b17f9be03be43b63baa733f7891b6f653852acef5c
Ada-MGAD-e2e-v2-c0budgetprefix,fd25bffe1bccdbe54309fceb7f0ecf1454bb3a03,experiments/p6/c1_supervision_oos/c1-supervision-oos-v1-seed42/evaluation/c2_failure_summary.json,669,382829e8258b95882ef741004ae2715a98cc01dcd53cc11229cc12abb48c2b95
Ada-MGAD-e2e-v2-c0budgetprefix,fd25bffe1bccdbe54309fceb7f0ecf1454bb3a03,experiments/p6/c1_supervision_oos/c1-supervision-oos-v1-seed42/evaluation/c2_full_diagnosis.json,17914,3b6635e497916cc0be7ba06f466772d1d884544d5819fa519714e3b1e2157beb
Ada-MGAD-e2e-v2-c0budgetprefix,fd25bffe1bccdbe54309fceb7f0ecf1454bb3a03,experiments/p6/c1_supervision_oos/c1-supervision-oos-v1-seed42/evaluation/c2_raw_matching.csv,1155905,986a55d59a6f809a0a6961d76eca5402624ae776bcbd170afb935a24862a09ab
Ada-MGAD-e2e-v2-c0budgetprefix,fd25bffe1bccdbe54309fceb7f0ecf1454bb3a03,experiments/p6/c1_supervision_oos/c1-supervision-oos-v1-seed42/evaluation/c2_stage1_reference.json,1754,104ca7578bd204131f5785fa27b9b97eb08470343f149742c74b83195f8e10c9
Ada-MGAD-e2e-v2-c0budgetprefix,fd25bffe1bccdbe54309fceb7f0ecf1454bb3a03,experiments/p6/c1_supervision_oos/c1-supervision-oos-v1-seed42/evaluation/completion_manifest.json,4210,c113bd2b18967e9f0fac4a227bed7c19e5659f6f13833ba4b21040a9a1b9730e
Ada-MGAD-e2e-v2-c0budgetprefix,fd25bffe1bccdbe54309fceb7f0ecf1454bb3a03,experiments/p6/c1_supervision_oos/c1-supervision-oos-v1-seed42/evaluation/oracle_a_diagnostic.json,269,d1838b5efefa11087fbbb6ecc9949740d6fbb0ece02316ec243e06cb1e4dc1ae
Ada-MGAD-e2e-v2-c0budgetprefix,fd25bffe1bccdbe54309fceb7f0ecf1454bb3a03,experiments/p6/c1_supervision_oos/c1-supervision-oos-v1-seed42/evaluation/oracle_a_rankings.csv,990811,5a7c9576a448ce7a2a9688a214626cc3176919305643f4e89e1dada7c899eec4
Ada-MGAD-e2e-v2-c0budgetprefix,fd25bffe1bccdbe54309fceb7f0ecf1454bb3a03,experiments/p6/c1_supervision_oos/c1-supervision-oos-v1-seed42/folds/fold_01/completion_manifest.json,9087,e5ee5d1ee7f825b18e7ef69f4764182284547d3940c77771855a40468c9b3d3c
Ada-MGAD-e2e-v2-c0budgetprefix,fd25bffe1bccdbe54309fceb7f0ecf1454bb3a03,experiments/p6/c1_supervision_oos/c1-supervision-oos-v1-seed42/folds/fold_01/detector/completion_manifest.json,4312,77f0e0bc4f07aad21799db077c09c3d657dc5c2c106d24460257742c33df5220
Ada-MGAD-e2e-v2-c0budgetprefix,fd25bffe1bccdbe54309fceb7f0ecf1454bb3a03,experiments/p6/c1_supervision_oos/c1-supervision-oos-v1-seed42/folds/fold_01/detector/generation_episodes.csv,106723,856797f52561e1fdc0a9a0e5ab00885ad5a0267d5ccf58f0d943e2bfde31f664
Ada-MGAD-e2e-v2-c0budgetprefix,fd25bffe1bccdbe54309fceb7f0ecf1454bb3a03,experiments/p6/c1_supervision_oos/c1-supervision-oos-v1-seed42/folds/fold_01/detector/generation_scores.csv,750379,6e6a1343939cfbe52c5ea0cf33aa8c7d44cd656c9e5e8641a4fc1f01f0ecb9bc
Ada-MGAD-e2e-v2-c0budgetprefix,fd25bffe1bccdbe54309fceb7f0ecf1454bb3a03,experiments/p6/c1_supervision_oos/c1-supervision-oos-v1-seed42/folds/fold_01/detector/selection.json,773,e96b42fda9f874a04866e984d36f9b32feb24cfabb9d0baf9dda72285fa85f45
Ada-MGAD-e2e-v2-c0budgetprefix,fd25bffe1bccdbe54309fceb7f0ecf1454bb3a03,experiments/p6/c1_supervision_oos/c1-supervision-oos-v1-seed42/folds/fold_01/detector/training_log.json,19221,64dd055eb00531ae43fcead33e103fc1ec55fb6f364518eaec53daae4829a026
Ada-MGAD-e2e-v2-c0budgetprefix,fd25bffe1bccdbe54309fceb7f0ecf1454bb3a03,experiments/p6/c1_supervision_oos/c1-supervision-oos-v1-seed42/folds/fold_02/completion_manifest.json,9096,51006c83a351a1794832be0f82fcee35bceeec0a2a1382df1c61b9e2dc7f252c
Ada-MGAD-e2e-v2-c0budgetprefix,fd25bffe1bccdbe54309fceb7f0ecf1454bb3a03,experiments/p6/c1_supervision_oos/c1-supervision-oos-v1-seed42/folds/fold_02/detector/completion_manifest.json,4281,1ac2392e356f0da8e56fd1c944fbc86f5492d882424d942eeb12523f81a4642b
Ada-MGAD-e2e-v2-c0budgetprefix,fd25bffe1bccdbe54309fceb7f0ecf1454bb3a03,experiments/p6/c1_supervision_oos/c1-supervision-oos-v1-seed42/folds/fold_02/detector/generation_episodes.csv,130039,237fa6eb7af28143ba38568ab9c19f5ee2cfb23c2fed25de2d680fd11ee7383a
Ada-MGAD-e2e-v2-c0budgetprefix,fd25bffe1bccdbe54309fceb7f0ecf1454bb3a03,experiments/p6/c1_supervision_oos/c1-supervision-oos-v1-seed42/folds/fold_02/detector/generation_scores.csv,753899,7abb1f0398658ada10897f17b4f271ff084f6b1daf1e9c1adeddfb667eb3b02f
Ada-MGAD-e2e-v2-c0budgetprefix,fd25bffe1bccdbe54309fceb7f0ecf1454bb3a03,experiments/p6/c1_supervision_oos/c1-supervision-oos-v1-seed42/folds/fold_02/detector/selection.json,741,3449a63b37f5184f9fbd86888843d6e9d8605c3b0b6502635528ff139fd3db3f
Ada-MGAD-e2e-v2-c0budgetprefix,fd25bffe1bccdbe54309fceb7f0ecf1454bb3a03,experiments/p6/c1_supervision_oos/c1-supervision-oos-v1-seed42/folds/fold_02/detector/training_log.json,12434,9cb70fe0d388f2f964a539d9c9d21608b6aa8c710a5b097f0f71fbf27162458b
Ada-MGAD-e2e-v2-c0budgetprefix,fd25bffe1bccdbe54309fceb7f0ecf1454bb3a03,experiments/p6/c1_supervision_oos/c1-supervision-oos-v1-seed42/folds/fold_03/completion_manifest.json,9096,a965256b6152dc4310918aa48ce7fe893ed5207d7c5022101ae3dfa818034934
Ada-MGAD-e2e-v2-c0budgetprefix,fd25bffe1bccdbe54309fceb7f0ecf1454bb3a03,experiments/p6/c1_supervision_oos/c1-supervision-oos-v1-seed42/folds/fold_03/detector/completion_manifest.json,4300,1e94bc29015731fe875de21506a2ad16589ef7a5dce77bf00d3fb16d66c15d56
Ada-MGAD-e2e-v2-c0budgetprefix,fd25bffe1bccdbe54309fceb7f0ecf1454bb3a03,experiments/p6/c1_supervision_oos/c1-supervision-oos-v1-seed42/folds/fold_03/detector/generation_episodes.csv,125838,6519b6f514e75972054b3d458c4dcb9320e6c4e3bfcf65a68bb8a3af7282fb05
Ada-MGAD-e2e-v2-c0budgetprefix,fd25bffe1bccdbe54309fceb7f0ecf1454bb3a03,experiments/p6/c1_supervision_oos/c1-supervision-oos-v1-seed42/folds/fold_03/detector/generation_scores.csv,753500,3756b817680de25addd174fc2a60ebc9c934ac3ec5fdac1bbc8484de080d117f
Ada-MGAD-e2e-v2-c0budgetprefix,fd25bffe1bccdbe54309fceb7f0ecf1454bb3a03,experiments/p6/c1_supervision_oos/c1-supervision-oos-v1-seed42/folds/fold_03/detector/selection.json,760,f73355c10d70746fffafaf12a3f8bf8bccdbfa4c85d0ea3110e630e73f3b40e8
Ada-MGAD-e2e-v2-c0budgetprefix,fd25bffe1bccdbe54309fceb7f0ecf1454bb3a03,experiments/p6/c1_supervision_oos/c1-supervision-oos-v1-seed42/folds/fold_03/detector/training_log.json,12517,971f380db43fd6bb6f0d62044007ee0e865a6d94815d31dedca0e533c645006d
Ada-MGAD-e2e-v2-c0budgetprefix,fd25bffe1bccdbe54309fceb7f0ecf1454bb3a03,experiments/p6/c1_supervision_oos/c1-supervision-oos-v1-seed42/g1_static/completion_manifest.json,5866,935abdc91db5fa1ddba7cb26455508433dace34c11ffa92087243f2ee7afab23
Ada-MGAD-e2e-v2-c0budgetprefix,fd25bffe1bccdbe54309fceb7f0ecf1454bb3a03,experiments/p6/c1_supervision_oos/c1-supervision-oos-v1-seed42/g1_static/fold_manifest.json,11117,017d4b2e87d737ee7d1f3f729a63fed4775e9e8181ec04214ddda6883310d4e5
Ada-MGAD-e2e-v2-c0budgetprefix,fd25bffe1bccdbe54309fceb7f0ecf1454bb3a03,experiments/p6/c1_supervision_oos/c1-supervision-oos-v1-seed42/g1_static/input_manifest.json,7333,a316f306e8b117b8aa9739b468c39f4cd6523310b48ad02f83f2c2f346abd3a1
Ada-MGAD-e2e-v2-c0budgetprefix,fd25bffe1bccdbe54309fceb7f0ecf1454bb3a03,experiments/p6/c1_supervision_oos/c1-supervision-oos-v1-seed42/g1_static/integrity_report.md,1692,2afcab0765547b1e0d75aa464eff2e98e3029e857eceef1435718078395ace22
Ada-MGAD-e2e-v2-c0budgetprefix,fd25bffe1bccdbe54309fceb7f0ecf1454bb3a03,experiments/p6/c1_supervision_oos/c1-supervision-oos-v1-seed42/g1_static/static_population.json,1545,83a5e20726f20866060bd7014784687d3860b0ccc63a76c6c0820817b311f7eb
Ada-MGAD-e2e-v2-c0budgetprefix,fd25bffe1bccdbe54309fceb7f0ecf1454bb3a03,experiments/p6/c1_supervision_oos/c1-supervision-oos-v1-seed42/predictions/completion_manifest.json,3671,19777b7f4656f3e8b360e1ecb618dc5d0dc8a0e63a15df59596a1d87be746216
Ada-MGAD-e2e-v2-c0budgetprefix,fd25bffe1bccdbe54309fceb7f0ecf1454bb3a03,experiments/p6/c1_supervision_oos/c1-supervision-oos-v1-seed42/predictions/prediction_lock.json,6883,ee9500730e7b982557de31d9fd138c13e09e5af397b11354e88b305f0233c967
Ada-MGAD-e2e-v2-c0budgetprefix,fd25bffe1bccdbe54309fceb7f0ecf1454bb3a03,experiments/p6/c1_supervision_oos/c1-supervision-oos-v1-seed42/predictions/scope_rankings.csv,1596904,b444a4d92c601430b79a3fee5e6fcddc97c3a8573cd20bd0c16a828d5bf6a650
Ada-MGAD-e2e-v2-c0budgetprefix,fd25bffe1bccdbe54309fceb7f0ecf1454bb3a03,experiments/p6/c1_supervision_oos/c1-supervision-oos-v1-seed42/rca/arm_b.json,753,2ba84aa9ec52b488db82b2dadce049c9c0105f2147176ff5716ba4d15ee8a4c7
Ada-MGAD-e2e-v2-c0budgetprefix,fd25bffe1bccdbe54309fceb7f0ecf1454bb3a03,experiments/p6/c1_supervision_oos/c1-supervision-oos-v1-seed42/rca/arm_c.json,752,6132941dd09f098a4c711c954ddec473eac11de63f5b094586413d95d7e6ca27
Ada-MGAD-e2e-v2-c0budgetprefix,fd25bffe1bccdbe54309fceb7f0ecf1454bb3a03,experiments/p6/c1_supervision_oos/c1-supervision-oos-v1-seed42/rca/completion_manifest.json,3538,2e446855d9e9cff34c684e8472d7510d1deb3cf5849aa9d8461e7d456127e9b0
Ada-MGAD-e2e-v2-c0budgetprefix,fd25bffe1bccdbe54309fceb7f0ecf1454bb3a03,experiments/p6/c1_supervision_oos/c1-supervision-oos-v1-seed42/run_lock.json,6331,0b5a2b649c31305eec88d631f2d57ef2a45a7d4d643d861478b3a11d620c9c56
Ada-MGAD-e2e-v2-c0budgetprefix,fd25bffe1bccdbe54309fceb7f0ecf1454bb3a03,experiments/p6/c1_supervision_oos/c1-supervision-oos-v1-seed42/train_cohort/cases.csv,325878,83ee698981272bfb1f89d1c2d9b1c2c622b63c419a08c251abde2bf7965821dd
Ada-MGAD-e2e-v2-c0budgetprefix,fd25bffe1bccdbe54309fceb7f0ecf1454bb3a03,experiments/p6/c1_supervision_oos/c1-supervision-oos-v1-seed42/train_cohort/completion_manifest.json,4746,b36dfaa5ba38bc741e318d8cb9e59e5f225324ff9cd3422b6040faff04634550
Ada-MGAD-e2e-v2-c0budgetprefix,fd25bffe1bccdbe54309fceb7f0ecf1454bb3a03,experiments/p6/c1_supervision_oos/c1-supervision-oos-v1-seed42/train_cohort/exclusions.csv,1760,3f5dc5665be94d84e76d3e1e3f84756ae4fdd00e2f42dc96eed7ac3de3941cd6
Ada-MGAD-e2e-v2-c0budgetprefix,fd25bffe1bccdbe54309fceb7f0ecf1454bb3a03,experiments/p6/c1_supervision_oos/c1-supervision-oos-v1-seed42/train_cohort/matching.csv,811460,5c3aa3085f03c2061af4e89e06f6a2f138e0bf69395e2deba438a61a643d8db4
Ada-MGAD-e2e-v2-c0budgetprefix,fd25bffe1bccdbe54309fceb7f0ecf1454bb3a03,experiments/p6/score_decomposition/classification/diagnosis_metrics.json,2093,60fe8440d8c42b2d3a842f7a7c7e4ae861c226ca622ae7eb1923b979c9d44a8e
Ada-MGAD-e2e-v2-c0budgetprefix,fd25bffe1bccdbe54309fceb7f0ecf1454bb3a03,experiments/p6/score_decomposition/classification/event_metrics.json,5147,f40cd2d1f1940bf80eeb298a9350fec848e7b4e64b8730999fb0ed37decd3827
Ada-MGAD-e2e-v2-c0budgetprefix,fd25bffe1bccdbe54309fceb7f0ecf1454bb3a03,experiments/p6/score_decomposition/classification/localization_metrics.json,28925,ceab500c6dee1d5d0fe39a18534c887edfc8355b6491b3535e12a44a423cd4f8
Ada-MGAD-e2e-v2-c0budgetprefix,fd25bffe1bccdbe54309fceb7f0ecf1454bb3a03,experiments/p6/score_decomposition/classification/rca_metrics.json,5581,d8416b903e9babb73045ae016fa7ef8fc20adf7e9c100a25c25d54b767eba99f
Ada-MGAD-e2e-v2-c0budgetprefix,fd25bffe1bccdbe54309fceb7f0ecf1454bb3a03,experiments/p6/score_decomposition/classification/threshold.json,1217,db3862ddb8e2b5d78cee4a4693cc7a5bc56919af20ef592134dbdd571bc6c56d
Ada-MGAD-e2e-v2-c0budgetprefix,fd25bffe1bccdbe54309fceb7f0ecf1454bb3a03,experiments/p6/score_decomposition/common_cases.csv,783153,0bb6bf3e435baf179c4cb1e1deda4bdc42c749d513865a3fcc50d4abf1bdb396
Ada-MGAD-e2e-v2-c0budgetprefix,fd25bffe1bccdbe54309fceb7f0ecf1454bb3a03,experiments/p6/score_decomposition/comparison.json,92985,ce6965fe10c1773e4c0021f8eb5cb1121e8c96a655067520d20d6dec3efb5190
Ada-MGAD-e2e-v2-c0budgetprefix,fd25bffe1bccdbe54309fceb7f0ecf1454bb3a03,experiments/p6/score_decomposition/fused/diagnosis_metrics.json,2085,77d6d3adbb2e76b49b41d16eafb56d4d020faae6d04e25be52ab2a0d209d101c
Ada-MGAD-e2e-v2-c0budgetprefix,fd25bffe1bccdbe54309fceb7f0ecf1454bb3a03,experiments/p6/score_decomposition/fused/event_metrics.json,5105,930173c6cec6c10880f6b375fbf363c1dc62988b836ba86c8c6c1ea4604e0bb6
Ada-MGAD-e2e-v2-c0budgetprefix,fd25bffe1bccdbe54309fceb7f0ecf1454bb3a03,experiments/p6/score_decomposition/fused/localization_metrics.json,29146,9b230dbaee9901ce3b9d9b8308a1e69e40b782e557611e8bee24239bdbb1c095
Ada-MGAD-e2e-v2-c0budgetprefix,fd25bffe1bccdbe54309fceb7f0ecf1454bb3a03,experiments/p6/score_decomposition/fused/rca_metrics.json,5617,d6489f7ed8c2c7563f990e58fdaa17e07feeccd7514f809a3a25c235b8abfb73
Ada-MGAD-e2e-v2-c0budgetprefix,fd25bffe1bccdbe54309fceb7f0ecf1454bb3a03,experiments/p6/score_decomposition/fused/threshold.json,1212,8b3b74d8d838c3303c9b2e6c32c25fe5549df0e78a93790caa59ac383ee5d741
Ada-MGAD-e2e-v2-c0budgetprefix,fd25bffe1bccdbe54309fceb7f0ecf1454bb3a03,experiments/p6/score_decomposition/label_identity_audit.json,1024,6652840bdf55c317b10d2ae4bf5223d6cde67a541688f5a13261b81d7b710010
Ada-MGAD-e2e-v2-c0budgetprefix,fd25bffe1bccdbe54309fceb7f0ecf1454bb3a03,experiments/p6/score_decomposition/manifest.json,7530,65ef6b0a85b907dbc378bafaf712732144a35e5280ae1ab44babb8125f1067ba
Ada-MGAD-e2e-v2-c0budgetprefix,fd25bffe1bccdbe54309fceb7f0ecf1454bb3a03,experiments/p6/score_decomposition/prediction_artifacts.json,1626,f552fde50da06bebf0b8aecd020e5e3825a52b279aef900154a419d04be38afc
Ada-MGAD-e2e-v2-c0budgetprefix,fd25bffe1bccdbe54309fceb7f0ecf1454bb3a03,experiments/p6/score_decomposition/rca/rca_feature_health.json,1806,015b06395de0fe6b2d6ae799629230ce37068ab119564842e319b9a333035493
Ada-MGAD-e2e-v2-c0budgetprefix,fd25bffe1bccdbe54309fceb7f0ecf1454bb3a03,experiments/p6/score_decomposition/rca/rca_feature_manifest.json,2831,7cb9ee84f4e2ce06db7a695027957b25ed69bbd9ccd3865bd2f17f0524c6669e
Ada-MGAD-e2e-v2-c0budgetprefix,fd25bffe1bccdbe54309fceb7f0ecf1454bb3a03,experiments/p6/score_decomposition/reconstruction/diagnosis_metrics.json,2069,1f5f35c7ef97acbf3b740dadc011627b5767f60e7933f7df2bbf53ff1888b4c9
Ada-MGAD-e2e-v2-c0budgetprefix,fd25bffe1bccdbe54309fceb7f0ecf1454bb3a03,experiments/p6/score_decomposition/reconstruction/event_metrics.json,5142,b54a64b01f5e3f9555d094b85787c1bfe94580121162f2a330781550375c61e4
Ada-MGAD-e2e-v2-c0budgetprefix,fd25bffe1bccdbe54309fceb7f0ecf1454bb3a03,experiments/p6/score_decomposition/reconstruction/localization_metrics.json,28269,d35901afceaeac0715266af6d0110c10e444bea83774f7228be90f7a35462b82
Ada-MGAD-e2e-v2-c0budgetprefix,fd25bffe1bccdbe54309fceb7f0ecf1454bb3a03,experiments/p6/score_decomposition/reconstruction/rca_metrics.json,5395,6f573174833b1afac5eba0d2eb9b10da85d498e0736d975e1324588575799b7f
Ada-MGAD-e2e-v2-c0budgetprefix,fd25bffe1bccdbe54309fceb7f0ecf1454bb3a03,experiments/p6/score_decomposition/reconstruction/threshold.json,1219,001fd77e80047ef147b1b4969420c9063280ea04a25df7a59c36328bcb367140
Ada-MGAD-e2e-v2-c0budgetprefix,fd25bffe1bccdbe54309fceb7f0ecf1454bb3a03,experiments/p6/score_decomposition/score_range.json,946,065dbfa7e5b3a6e53e2bc3493fd80448d9613d0b7043d15a314aa1e3f30a20b5
Ada-MGAD-e2e-v2-c0budgetprefix,fd25bffe1bccdbe54309fceb7f0ecf1454bb3a03,experiments/p6/score_decomposition/score_replay.json,4465,b292ac3e2b5640703cbda942a161ec5ac048fa0c0263ca15b72089b96385ac3d
Ada-MGAD-e2e-v2-c0budgetprefix,fd25bffe1bccdbe54309fceb7f0ecf1454bb3a03,experiments/p6/system_event_trigger/manifest.json,28509,cb222bb5c21d20d8a7546e8b1ee1b4882daaac5d4a397d0e07655fe646cf9794
Ada-MGAD-e2e-v2-c0budgetprefix,fd25bffe1bccdbe54309fceb7f0ecf1454bb3a03,experiments/p6/system_event_trigger/split_audit.json,12293,e5c60574f4c36ba5c7ebddbc869ede70f6f9aa83cf35c46fd611dbfba310463e
Ada-MGAD-e2e-v2-c0budgetprefix,fd25bffe1bccdbe54309fceb7f0ecf1454bb3a03,experiments/p6/system_event_trigger/split_manifest.json,8121,1cad441a2d207379ffd8838bc2d655e9c68f3e03b6f4f7e666413a0b33aca193
Ada-MGAD-e2e-v2-c0budgetprefix,fd25bffe1bccdbe54309fceb7f0ecf1454bb3a03,experiments/p6/system_event_trigger/test_metrics.json,14261,2968632cc4da1b807d976d8bb1c449f9d755cb1c15d2ee43bcd440b74946ce5b
Ada-MGAD-e2e-v2-c0budgetprefix,fd25bffe1bccdbe54309fceb7f0ecf1454bb3a03,experiments/p6/system_event_trigger/training_log.json,18166,fcd54effee28206a6cdc964458bedb98c17a26906b58497140e42b567150b48a
Ada-MGAD-e2e-v2-c0budgetprefix,fd25bffe1bccdbe54309fceb7f0ecf1454bb3a03,experiments/p6/system_event_trigger/validation_selection.json,21174,b5167c8d5df9cd9eebd7812cb76733799aa3f7829f3fe1a2c5cdb0ec51715a24
Ada-MGAD-e2e-v2-c0budgetreview,bf423f9085d3a6eb43e827709492fb7be4edc32a,experiments/p6/c0_causal_comparison/nn-vs-xgb-v1/comparison.json,59375,194a78013eaf73f575d5ba543954e463d426ab12bed5d9416be22b2de14c0497
Ada-MGAD-e2e-v2-c0budgetreview,bf423f9085d3a6eb43e827709492fb7be4edc32a,experiments/p6/c0_causal_comparison/nn-vs-xgb-v1/reference_records/checkpoint_impact/checkpoint_audit.json,2442,1ec753291ba1387a8faaeefa27be1d3082661d5b4e5afd46093170cb34f65192
Ada-MGAD-e2e-v2-c0budgetreview,bf423f9085d3a6eb43e827709492fb7be4edc32a,experiments/p6/c0_causal_comparison/nn-vs-xgb-v1/reference_records/checkpoint_impact/completion_manifest.json,1381,b64a4afa2cfba8899a96445a5cbf8715caccdeab08f812746cddfeb0dc35e031
Ada-MGAD-e2e-v2-c0budgetreview,bf423f9085d3a6eb43e827709492fb7be4edc32a,experiments/p6/c0_causal_comparison/nn-vs-xgb-v1/reference_records/checkpoint_impact/development_input_lock.json,4693,4cba75bf00e68482994c91109659f1b62143b26451ee5147acb6a520c795175b
Ada-MGAD-e2e-v2-c0budgetreview,bf423f9085d3a6eb43e827709492fb7be4edc32a,experiments/p6/c0_causal_comparison/nn-vs-xgb-v1/reference_records/checkpoint_impact/real_window_causality_gate.json,673,5cfcd0a8bed2684db3ab472a3c706e278b531a0514ba4da61bb0a6f8dc9ad309
Ada-MGAD-e2e-v2-c0budgetreview,bf423f9085d3a6eb43e827709492fb7be4edc32a,experiments/p6/c0_causal_comparison/nn-vs-xgb-v1/reference_records/nn/completion_manifest.json,1361,05ed46d33516b5b58fb5ed02f29dadfc965c5b1efb5083455578a3ac3279d43c
Ada-MGAD-e2e-v2-c0budgetreview,bf423f9085d3a6eb43e827709492fb7be4edc32a,experiments/p6/c0_causal_comparison/nn-vs-xgb-v1/reference_records/nn/development_input_lock.json,4693,4cba75bf00e68482994c91109659f1b62143b26451ee5147acb6a520c795175b
Ada-MGAD-e2e-v2-c0budgetreview,bf423f9085d3a6eb43e827709492fb7be4edc32a,experiments/p6/c0_causal_comparison/nn-vs-xgb-v1/reference_records/nn/real_window_causality_gate.json,653,3e7d3504ec2ef49fd6b359bced1312e177b04cf07d663cd9ce3fb675ef54e231
Ada-MGAD-e2e-v2-c0budgetreview,bf423f9085d3a6eb43e827709492fb7be4edc32a,experiments/p6/c0_causal_comparison/nn-vs-xgb-v1/reference_records/nn/training_log.json,16022,df3dc210652c2a2eecc2bdf9162db6d5c4a2b13f748ac5b212137bc6e001b840
Ada-MGAD-e2e-v2-c0budgetreview,bf423f9085d3a6eb43e827709492fb7be4edc32a,experiments/p6/c0_causal_comparison/nn-vs-xgb-v1/reference_records/nn/validation_selection.json,19192,196582641cbbba0234ab18e6f96d2ca1d2b297646ce884888b4bb809f768a133
Ada-MGAD-e2e-v2-c0budgetreview,bf423f9085d3a6eb43e827709492fb7be4edc32a,experiments/p6/c0_causal_comparison/nn-vs-xgb-v1/reference_records/xgb_original_fit/development_input_lock.json,5091,1031cfb1ba9801b837744d055a4fbe967ceb4cc372f90dd0616876456c708629
Ada-MGAD-e2e-v2-c0budgetreview,bf423f9085d3a6eb43e827709492fb7be4edc32a,experiments/p6/c0_causal_comparison/nn-vs-xgb-v1/reference_records/xgb_original_fit/failure_record.json,367,da36a5d1ce1c57fcdf8706ccaa714cb4ae7c936bfba1d9c02175728e801dac2d
Ada-MGAD-e2e-v2-c0budgetreview,bf423f9085d3a6eb43e827709492fb7be4edc32a,experiments/p6/c0_causal_comparison/nn-vs-xgb-v1/reference_records/xgb_original_fit/feature_lock.json,669,692a85d45b08e4024da5622cf4a7b81cac2a475440a889ced0bdc086a231875f
Ada-MGAD-e2e-v2-c0budgetreview,bf423f9085d3a6eb43e827709492fb7be4edc32a,experiments/p6/c0_causal_comparison/nn-vs-xgb-v1/reference_records/xgb_original_fit/fit_report.json,1617,2f658dfff15c1639efdceef7616a1468ffc54dfda0a0e26ef1f6be7bed8fd118
Ada-MGAD-e2e-v2-c0budgetreview,bf423f9085d3a6eb43e827709492fb7be4edc32a,experiments/p6/c0_causal_comparison/nn-vs-xgb-v1/reference_records/xgb_original_fit/validation_prediction_lock.json,402,7ffd8934c8023941444523263c1489009da8c8f056440d777bca665e1d946717
Ada-MGAD-e2e-v2-c0budgetreview,bf423f9085d3a6eb43e827709492fb7be4edc32a,experiments/p6/c0_causal_comparison/nn-vs-xgb-v1/research_manifest.json,4788,44c8b0130db6947a07a778a79ba09c8d5691bfd607ffad907b417ac28fe42b6a
Ada-MGAD-e2e-v2-c0budgetreview,bf423f9085d3a6eb43e827709492fb7be4edc32a,experiments/p6/c0_flat_xgb/finalized-v1-seed42/completion_manifest.json,1327,a30d583f4945a94a8af79de5af34caea0daf7cfe3fd0688a92554192738bb180
Ada-MGAD-e2e-v2-c0budgetreview,bf423f9085d3a6eb43e827709492fb7be4edc32a,experiments/p6/c0_flat_xgb/finalized-v1-seed42/finalization_input_lock.json,6678,83443fac0726f04910c4e1a889f463f4f23b2111154f9af0179708e69c4af4a0
Ada-MGAD-e2e-v2-c0budgetreview,bf423f9085d3a6eb43e827709492fb7be4edc32a,experiments/p6/c0_flat_xgb/finalized-v1-seed42/fit_report.json,1617,2f658dfff15c1639efdceef7616a1468ffc54dfda0a0e26ef1f6be7bed8fd118
Ada-MGAD-e2e-v2-c0budgetreview,bf423f9085d3a6eb43e827709492fb7be4edc32a,experiments/p6/c0_flat_xgb/finalized-v1-seed42/validation_prediction_lock.json,346,5c3bce054f7113128eb55410a19c23f2be4a51a23a37928e44d47344931321af
Ada-MGAD-e2e-v2-c0budgetreview,bf423f9085d3a6eb43e827709492fb7be4edc32a,experiments/p6/c0_flat_xgb/finalized-v1-seed42/validation_selection.json,4132,98363249a2b7a755b3622947b03c13b5b12f80fa01de7a6268bcb18be357261d
Ada-MGAD-e2e-v2-c0budgetreview,bf423f9085d3a6eb43e827709492fb7be4edc32a,experiments/p6/c0_long_weight/development_comparison_v1.json,25913,2666db85e9422a7063b23b377efcc6a5fc205706ed7e38fafb27267eb5519f77
Ada-MGAD-e2e-v2-c0budgetreview,bf423f9085d3a6eb43e827709492fb7be4edc32a,experiments/p6/c0_long_weight/gpu-control-v1-seed42/development_manifest.json,3907,54c217f08b951c75fbb45650e8bb599f79bec2d36e582104ed9f9c0a82fa96dd
Ada-MGAD-e2e-v2-c0budgetreview,bf423f9085d3a6eb43e827709492fb7be4edc32a,experiments/p6/c0_long_weight/gpu-control-v1-seed42/p6_c0.log,2590,8eedf228216f7e2ec31260ec44fa2906d98b1aa853e1f7d2248e5091fa7c28c1
Ada-MGAD-e2e-v2-c0budgetreview,bf423f9085d3a6eb43e827709492fb7be4edc32a,experiments/p6/c0_long_weight/gpu-control-v1-seed42/split_audit.json,12327,8715dd6f2cc8b5e3dc4458a00c060450ab0acd2291989c37571941e35e3d516f
Ada-MGAD-e2e-v2-c0budgetreview,bf423f9085d3a6eb43e827709492fb7be4edc32a,experiments/p6/c0_long_weight/gpu-control-v1-seed42/split_manifest.json,8130,d1e01a7d582135d860def8389e0c57f842964c5842cb8b389fdfbbf95582a6dd
Ada-MGAD-e2e-v2-c0budgetreview,bf423f9085d3a6eb43e827709492fb7be4edc32a,experiments/p6/c0_long_weight/gpu-control-v1-seed42/training_log.json,10778,91c12d57d43d39dc6e70e8a42ace6f4fa695b53afcc55998c9e2b82547c9aa3f
Ada-MGAD-e2e-v2-c0budgetreview,bf423f9085d3a6eb43e827709492fb7be4edc32a,experiments/p6/c0_long_weight/gpu-control-v1-seed42/validation_episodes.csv,214650,38871d4b941cc49ac665907fb97dd2e86f6369bb8841d03980869c3ad46e3379
Ada-MGAD-e2e-v2-c0budgetreview,bf423f9085d3a6eb43e827709492fb7be4edc32a,experiments/p6/c0_long_weight/gpu-control-v1-seed42/validation_matching.csv,522796,8bf838043e19e4e250e19ce72fa67cbea712ea0873074a1523408e3f3957586b
Ada-MGAD-e2e-v2-c0budgetreview,bf423f9085d3a6eb43e827709492fb7be4edc32a,experiments/p6/c0_long_weight/gpu-control-v1-seed42/validation_predictions.csv,2251307,dfbd8ff19fb3fe171a117ee062ae05a080ff47e69f8b845b173b00ea9ede27a7
Ada-MGAD-e2e-v2-c0budgetreview,bf423f9085d3a6eb43e827709492fb7be4edc32a,experiments/p6/c0_long_weight/gpu-control-v1-seed42/validation_selection.json,13913,888d68732bfdb086a0536e6321b8420ad1d4fba11921eb63f2a9577be73b0928
Ada-MGAD-e2e-v2-c0budgetreview,bf423f9085d3a6eb43e827709492fb7be4edc32a,experiments/p6/c0_long_weight/weighted-v1-seed42/development_manifest.json,3907,97a866e7b277a7f747e5080cd7f03ad46860ed4ad774c44e46a02d905963935e
Ada-MGAD-e2e-v2-c0budgetreview,bf423f9085d3a6eb43e827709492fb7be4edc32a,experiments/p6/c0_long_weight/weighted-v1-seed42/p6_c0.log,2815,1e93a4a8cd06d75fa0bea51c7450b0ad6aea6eed0d4187373600216e03c7a8b8
Ada-MGAD-e2e-v2-c0budgetreview,bf423f9085d3a6eb43e827709492fb7be4edc32a,experiments/p6/c0_long_weight/weighted-v1-seed42/split_audit.json,12328,b1365b9be5117c686528a047bb586ea559b05530153ab52dff925307494e6426
Ada-MGAD-e2e-v2-c0budgetreview,bf423f9085d3a6eb43e827709492fb7be4edc32a,experiments/p6/c0_long_weight/weighted-v1-seed42/split_manifest.json,8130,e15e678cd2c4e186abf24a877b3c6a98c44cb946580f25b2137a129752b45020
Ada-MGAD-e2e-v2-c0budgetreview,bf423f9085d3a6eb43e827709492fb7be4edc32a,experiments/p6/c0_long_weight/weighted-v1-seed42/training_log.json,12860,5a1bec9c01c5915c049f4098248968f00387afaedc223ada5519095f96479bd7
Ada-MGAD-e2e-v2-c0budgetreview,bf423f9085d3a6eb43e827709492fb7be4edc32a,experiments/p6/c0_long_weight/weighted-v1-seed42/validation_episodes.csv,215345,c0aa0b05371f3b470def96b533c553dc0a295f811b738d3384acfc11b90c16b4
Ada-MGAD-e2e-v2-c0budgetreview,bf423f9085d3a6eb43e827709492fb7be4edc32a,experiments/p6/c0_long_weight/weighted-v1-seed42/validation_matching.csv,523619,db378b68a2e4bb8e2a41ded337ae56567bcc6c303511b9f9946d047eb57cbdb8
Ada-MGAD-e2e-v2-c0budgetreview,bf423f9085d3a6eb43e827709492fb7be4edc32a,experiments/p6/c0_long_weight/weighted-v1-seed42/validation_predictions.csv,2252354,19c6d75fdcb7c5c9dab3aace09d70ae3c73b7396e9419afb3a7fb93e2d4794e1
Ada-MGAD-e2e-v2-c0budgetreview,bf423f9085d3a6eb43e827709492fb7be4edc32a,experiments/p6/c0_long_weight/weighted-v1-seed42/validation_selection.json,16606,a34856d67c7889833e6106bc4c40537aa344f051c43d0b6c71ec8e640e9cb9c2
Ada-MGAD-e2e-v2-c0budgetreview,bf423f9085d3a6eb43e827709492fb7be4edc32a,experiments/p6/c0_raw_onset_observability/raw-onset-v1/fit_clean_events.csv,519986,b42d0a714339ffb1f8bf07294a5fa822c48893f58bfe0475d60ab86a7aa0404a
Ada-MGAD-e2e-v2-c0budgetreview,bf423f9085d3a6eb43e827709492fb7be4edc32a,experiments/p6/c0_raw_onset_observability/raw-onset-v1/fit_pseudo_onsets.csv,70246,b36db52779b7a745a4e47c5cf4d686b1dea0a53be2a453debdbba61e1d45f531
Ada-MGAD-e2e-v2-c0budgetreview,bf423f9085d3a6eb43e827709492fb7be4edc32a,experiments/p6/c0_raw_onset_observability/raw-onset-v1/results.json,20440,2d8b1882fdb9a9310f9b74f848adc54033654d3a27a7ef707f609d84957d1378
Ada-MGAD-e2e-v2-c0budgetreview,bf423f9085d3a6eb43e827709492fb7be4edc32a,experiments/p6/c0_raw_onset_observability/raw-onset-v1/validation_clean_events.csv,171016,e9715164e6b527b0570aa2ed35a4281f0847910a8356e7bcad8b53e3796181a1
Ada-MGAD-e2e-v2-c0budgetreview,bf423f9085d3a6eb43e827709492fb7be4edc32a,experiments/p6/c0_raw_onset_observability/raw-onset-v1/validation_pseudo_onsets.csv,47187,53eb1bdcf265069cca9079495d92aae7f88415475312bdaf6da8d8e0a39dff10
Ada-MGAD-e2e-v2-c0budgetreview,bf423f9085d3a6eb43e827709492fb7be4edc32a,experiments/p6/c0_training_budget_analysis/budget-selector-prefix-v1-20261002/analysis_scope_prediction_lock.json,10190,9f9bea2237975463dc0719fc7b07ab396bcd584b36c4fdccf0627bc19366df53
Ada-MGAD-e2e-v2-c0budgetreview,bf423f9085d3a6eb43e827709492fb7be4edc32a,experiments/p6/c0_training_budget_analysis/budget-selector-prefix-v1-20261002/budget_selector_comparison.json,566240,cec069cc65cc64dc4db5dcc44e543eb2ff547941c5abc2721db8290e2c5a8d39
Ada-MGAD-e2e-v2-c0budgetreview,bf423f9085d3a6eb43e827709492fb7be4edc32a,experiments/p6/c0_training_budget_analysis/budget-selector-prefix-v1-20261002/completion_manifest.json,3319,54dd588b90dd93d9c1efe3dc72eb4dd8128719f4d5624b56a02b985a3626ecdb
Ada-MGAD-e2e-v2-c0budgetreview,bf423f9085d3a6eb43e827709492fb7be4edc32a,experiments/p6/c0_training_budget_analysis/budget-selector-prefix-v1-20261002/seed17-budget-episodes.csv,401166,49a1feb67d9a4bc27459baf690a86adf32dda10707600542349f9d3561206e46
Ada-MGAD-e2e-v2-c0budgetreview,bf423f9085d3a6eb43e827709492fb7be4edc32a,experiments/p6/c0_training_budget_analysis/budget-selector-prefix-v1-20261002/seed17-budget-failure-ledger.csv,1138026,f783293bc88ff20dde77f19a0c60ae8ec0fa459869d81f097acc48be8491aab9
Ada-MGAD-e2e-v2-c0budgetreview,bf423f9085d3a6eb43e827709492fb7be4edc32a,experiments/p6/c0_training_budget_analysis/budget-selector-prefix-v1-20261002/seed17-budget-matching.csv,776659,b82e704b71e45ead3a1672190e02bd8fb84167d1a1bcc3af1d96d60ca2891106
Ada-MGAD-e2e-v2-c0budgetreview,bf423f9085d3a6eb43e827709492fb7be4edc32a,experiments/p6/c0_training_budget_analysis/budget-selector-prefix-v1-20261002/seed17-control-episodes.csv,401166,49a1feb67d9a4bc27459baf690a86adf32dda10707600542349f9d3561206e46
Ada-MGAD-e2e-v2-c0budgetreview,bf423f9085d3a6eb43e827709492fb7be4edc32a,experiments/p6/c0_training_budget_analysis/budget-selector-prefix-v1-20261002/seed17-control-failure-ledger.csv,1138026,f783293bc88ff20dde77f19a0c60ae8ec0fa459869d81f097acc48be8491aab9
Ada-MGAD-e2e-v2-c0budgetreview,bf423f9085d3a6eb43e827709492fb7be4edc32a,experiments/p6/c0_training_budget_analysis/budget-selector-prefix-v1-20261002/seed17-control-matching.csv,776659,b82e704b71e45ead3a1672190e02bd8fb84167d1a1bcc3af1d96d60ca2891106
Ada-MGAD-e2e-v2-c0budgetreview,bf423f9085d3a6eb43e827709492fb7be4edc32a,experiments/p6/c0_training_budget_analysis/budget-selector-prefix-v1-20261002/seed17-selector_candidate-episodes.csv,202629,c4a65d60fc027f1efd02914f13209a5de1ef0142450282e2f873d1cca1d9cb1f
Ada-MGAD-e2e-v2-c0budgetreview,bf423f9085d3a6eb43e827709492fb7be4edc32a,experiments/p6/c0_training_budget_analysis/budget-selector-prefix-v1-20261002/seed17-selector_candidate-failure-ledger.csv,1129862,988bbad6c726086768f33747ad2e1c6bc5d2596296b4966c668cfb079a0f482b
Ada-MGAD-e2e-v2-c0budgetreview,bf423f9085d3a6eb43e827709492fb7be4edc32a,experiments/p6/c0_training_budget_analysis/budget-selector-prefix-v1-20261002/seed17-selector_candidate-matching.csv,515863,15f46d844ebdb866b407f60267bc11a080446187a4f3906508d032e4cbdca229
Ada-MGAD-e2e-v2-c0budgetreview,bf423f9085d3a6eb43e827709492fb7be4edc32a,experiments/p6/c0_training_budget_analysis/budget-selector-prefix-v1-20261002/seed2026-budget-episodes.csv,249563,e5e3022293ed5c8736ac0fe7fcc0d0b570219667f486964964e2f19aa3f698d3
Ada-MGAD-e2e-v2-c0budgetreview,bf423f9085d3a6eb43e827709492fb7be4edc32a,experiments/p6/c0_training_budget_analysis/budget-selector-prefix-v1-20261002/seed2026-budget-failure-ledger.csv,1136875,49b4e73b7678d862aa8fc91ff0747884c786b4cf34f0ce394fd58bd0bae6e03c
Ada-MGAD-e2e-v2-c0budgetreview,bf423f9085d3a6eb43e827709492fb7be4edc32a,experiments/p6/c0_training_budget_analysis/budget-selector-prefix-v1-20261002/seed2026-budget-matching.csv,575640,e8d9b2ff3a9aaca19e42c2342e32e60474880ab91482043900e7f6069e6773c0
Ada-MGAD-e2e-v2-c0budgetreview,bf423f9085d3a6eb43e827709492fb7be4edc32a,experiments/p6/c0_training_budget_analysis/budget-selector-prefix-v1-20261002/seed2026-control-episodes.csv,249563,e5e3022293ed5c8736ac0fe7fcc0d0b570219667f486964964e2f19aa3f698d3
Ada-MGAD-e2e-v2-c0budgetreview,bf423f9085d3a6eb43e827709492fb7be4edc32a,experiments/p6/c0_training_budget_analysis/budget-selector-prefix-v1-20261002/seed2026-control-failure-ledger.csv,1136875,49b4e73b7678d862aa8fc91ff0747884c786b4cf34f0ce394fd58bd0bae6e03c
Ada-MGAD-e2e-v2-c0budgetreview,bf423f9085d3a6eb43e827709492fb7be4edc32a,experiments/p6/c0_training_budget_analysis/budget-selector-prefix-v1-20261002/seed2026-control-matching.csv,575640,e8d9b2ff3a9aaca19e42c2342e32e60474880ab91482043900e7f6069e6773c0
Ada-MGAD-e2e-v2-c0budgetreview,bf423f9085d3a6eb43e827709492fb7be4edc32a,experiments/p6/c0_training_budget_analysis/budget-selector-prefix-v1-20261002/seed2026-selector_candidate-episodes.csv,249563,e5e3022293ed5c8736ac0fe7fcc0d0b570219667f486964964e2f19aa3f698d3
Ada-MGAD-e2e-v2-c0budgetreview,bf423f9085d3a6eb43e827709492fb7be4edc32a,experiments/p6/c0_training_budget_analysis/budget-selector-prefix-v1-20261002/seed2026-selector_candidate-failure-ledger.csv,1136875,49b4e73b7678d862aa8fc91ff0747884c786b4cf34f0ce394fd58bd0bae6e03c
Ada-MGAD-e2e-v2-c0budgetreview,bf423f9085d3a6eb43e827709492fb7be4edc32a,experiments/p6/c0_training_budget_analysis/budget-selector-prefix-v1-20261002/seed2026-selector_candidate-matching.csv,575640,e8d9b2ff3a9aaca19e42c2342e32e60474880ab91482043900e7f6069e6773c0
Ada-MGAD-e2e-v2-c0budgetreview,bf423f9085d3a6eb43e827709492fb7be4edc32a,experiments/p6/c0_training_budget_analysis/budget-selector-prefix-v1-20261002/seed42-budget-episodes.csv,526263,27c5a7cd94fd4ecb1f3532b6b53978c08f40347252ae6b7893104cf9694ac3fb
Ada-MGAD-e2e-v2-c0budgetreview,bf423f9085d3a6eb43e827709492fb7be4edc32a,experiments/p6/c0_training_budget_analysis/budget-selector-prefix-v1-20261002/seed42-budget-failure-ledger.csv,1140484,0228204992a6d14453cf1dc7697b7b2640cccf693d4d5adb16ef7b873045f616
Ada-MGAD-e2e-v2-c0budgetreview,bf423f9085d3a6eb43e827709492fb7be4edc32a,experiments/p6/c0_training_budget_analysis/budget-selector-prefix-v1-20261002/seed42-budget-matching.csv,941022,befbc97d3c9d390ee28b710a17367dd69a210e7bdf63fa5f5a8b08dfb5562f27
Ada-MGAD-e2e-v2-c0budgetreview,bf423f9085d3a6eb43e827709492fb7be4edc32a,experiments/p6/c0_training_budget_analysis/budget-selector-prefix-v1-20261002/seed42-control-episodes.csv,526263,27c5a7cd94fd4ecb1f3532b6b53978c08f40347252ae6b7893104cf9694ac3fb
Ada-MGAD-e2e-v2-c0budgetreview,bf423f9085d3a6eb43e827709492fb7be4edc32a,experiments/p6/c0_training_budget_analysis/budget-selector-prefix-v1-20261002/seed42-control-failure-ledger.csv,1140484,0228204992a6d14453cf1dc7697b7b2640cccf693d4d5adb16ef7b873045f616
Ada-MGAD-e2e-v2-c0budgetreview,bf423f9085d3a6eb43e827709492fb7be4edc32a,experiments/p6/c0_training_budget_analysis/budget-selector-prefix-v1-20261002/seed42-control-matching.csv,941022,befbc97d3c9d390ee28b710a17367dd69a210e7bdf63fa5f5a8b08dfb5562f27
Ada-MGAD-e2e-v2-c0budgetreview,bf423f9085d3a6eb43e827709492fb7be4edc32a,experiments/p6/c0_training_budget_analysis/budget-selector-prefix-v1-20261002/seed42-selector_candidate-episodes.csv,213110,c87178d6d1ef6ca31088fd3b089837151ff504fbe24014654f9ddb2221e64b8a
Ada-MGAD-e2e-v2-c0budgetreview,bf423f9085d3a6eb43e827709492fb7be4edc32a,experiments/p6/c0_training_budget_analysis/budget-selector-prefix-v1-20261002/seed42-selector_candidate-failure-ledger.csv,1124843,25b0218e1dc117def82a80d1d1a3558d4206925cd4bf9b4e891aa8dc247c6415
Ada-MGAD-e2e-v2-c0budgetreview,bf423f9085d3a6eb43e827709492fb7be4edc32a,experiments/p6/c0_training_budget_analysis/budget-selector-prefix-v1-20261002/seed42-selector_candidate-matching.csv,534082,f744941da364d6ec4a2255b49b063aeeae2cdaa3716425406a74fbab2eeae1ba
Ada-MGAD-e2e-v2-c0budgetreview,bf423f9085d3a6eb43e827709492fb7be4edc32a,experiments/p6/c0_training_budget_analysis/budget-selector-prefix-v1-20261002-render-v1/epoch_history.csv,18025,b7bc3dbb64525ae0d21dd8ebcb13fb676c39fde7aac1417ed73298952ca4b315
Ada-MGAD-e2e-v2-c0budgetreview,bf423f9085d3a6eb43e827709492fb7be4edc32a,experiments/p6/c0_training_budget_analysis/budget-selector-prefix-v1-20261002-render-v1/render_manifest.json,2958,f770e99a3753416771bc59ad5b53609572c656b8ef891fbc76e82ae3649bde47
Ada-MGAD-e2e-v2-c0budgetreview,bf423f9085d3a6eb43e827709492fb7be4edc32a,experiments/p6/c0_training_budget_analysis/budget-selector-prefix-v1-20261002-render-v1/selected_bin_results.csv,1358,256bdd5f42f2b5349cb57e46c904339c3acb93ebd33a49168b6533c5394fab55
Ada-MGAD-e2e-v2-c0budgetreview,bf423f9085d3a6eb43e827709492fb7be4edc32a,experiments/p6/c0_training_budget_analysis/budget-selector-prefix-v1-20261002-render-v1/training_budget_curves.png,312670,6c3fb41897cef696fcafa8bc26333cf7d5f6c669c67fb5f5a3eccb788243978a
Ada-MGAD-e2e-v2-c0budgetreview,bf423f9085d3a6eb43e827709492fb7be4edc32a,experiments/p6/c0_training_budget_analysis/budget-selector-prefix-v1-20261002-render-v1/training_budget_curves.svg,165595,2b719d4cf442ab46cd471cf1752b86ddff40cb224e39851285261a4882e63c1a
Ada-MGAD-e2e-v2-c0budgetreview,bf423f9085d3a6eb43e827709492fb7be4edc32a,experiments/p6/c0_training_budget_analysis/diagnostic-attempts-archive-v1-20261002/diagnostic_attempts_archive.json,6317,e1bbe1892a1aa619885ba9a93b34ef4c37cf1a7645b93604a4dec5884dbf1809
Ada-MGAD-e2e-v2-c0budgetreview,bf423f9085d3a6eb43e827709492fb7be4edc32a,experiments/p6/c0f_failure_audit/c0f-correction-20260923T0755Z/analysis_validation.json,296,ad7a15071946ca8749cbfc26c134304b3771c8e610fe1b8b2bbb81c01767fdde
Ada-MGAD-e2e-v2-c0budgetreview,bf423f9085d3a6eb43e827709492fb7be4edc32a,experiments/p6/c0f_failure_audit/c0f-correction-20260923T0755Z/audit_config.json,3064,6e66534cd7adb078d7342fd189a891d59e8dd1b9c893868cbf06f92c34c6c820
Ada-MGAD-e2e-v2-c0budgetreview,bf423f9085d3a6eb43e827709492fb7be4edc32a,experiments/p6/c0f_failure_audit/c0f-correction-20260923T0755Z/capacity_summary.json,13508,aaa4fe3bc740aad3c1b97dac8a8c9224fcdc766b59e693f2b07a678139eccbda
Ada-MGAD-e2e-v2-c0budgetreview,bf423f9085d3a6eb43e827709492fb7be4edc32a,experiments/p6/c0f_failure_audit/c0f-correction-20260923T0755Z/completion_manifest.json,76920,faabd0a5e6486a89c6e6e3cab1af8f146af6cdab9fe5e728c027f5d18f80745a
Ada-MGAD-e2e-v2-c0budgetreview,bf423f9085d3a6eb43e827709492fb7be4edc32a,experiments/p6/c0f_failure_audit/c0f-correction-20260923T0755Z/confounding_tables.json,196447,676bf2913aefd265292b4d25c6c8fc11d9bec5813f5aebf9a3d7a6e49933487d
Ada-MGAD-e2e-v2-c0budgetreview,bf423f9085d3a6eb43e827709492fb7be4edc32a,experiments/p6/c0f_failure_audit/c0f-correction-20260923T0755Z/correction_summary.json,1427,95cdd9d0c51a29a47d84b851a8dda40c3d56e877203793781c4701a6852db181
Ada-MGAD-e2e-v2-c0budgetreview,bf423f9085d3a6eb43e827709492fb7be4edc32a,experiments/p6/c0f_failure_audit/c0f-correction-20260923T0755Z/decision.json,21910,3cdf539f1bfe2367c9e0e34430118a565645a293138e121970832cce7984c552
Ada-MGAD-e2e-v2-c0budgetreview,bf423f9085d3a6eb43e827709492fb7be4edc32a,experiments/p6/c0f_failure_audit/c0f-correction-20260923T0755Z/evidence_ledger.json,7998,eaf1b0a9bb641e3dd59c540512f03a61a793b4ebb83c7115b19f86ac7318e1fe
Ada-MGAD-e2e-v2-c0budgetreview,bf423f9085d3a6eb43e827709492fb7be4edc32a,experiments/p6/c0f_failure_audit/c0f-correction-20260923T0755Z/final_report.md,12767,cfac59ff1f3d4ac489a3c11b9670e43e3e8216999019e821d1711970fdfea656
Ada-MGAD-e2e-v2-c0budgetreview,bf423f9085d3a6eb43e827709492fb7be4edc32a,experiments/p6/c0f_failure_audit/c0f-correction-20260923T0755Z/input_integrity_after.json,227,bc834dc3b45aa4814b8e27a6d7b15d88994488d574057dcf8e18c5647782c7e4
Ada-MGAD-e2e-v2-c0budgetreview,bf423f9085d3a6eb43e827709492fb7be4edc32a,experiments/p6/c0f_failure_audit/c0f-correction-20260923T0755Z/input_manifest.json,1272,8a22a55fe1b951a78aa30fa6a185339f45235779a9b0c4a92852cc97f11fa972
Ada-MGAD-e2e-v2-c0budgetreview,bf423f9085d3a6eb43e827709492fb7be4edc32a,experiments/p6/c0f_failure_audit/c0f-correction-20260923T0755Z/input_snapshot.json,254827,1fdc4e0e3b82c9849e7e965471ee4431621aa3b8b7d9ec86f7afbc0fa5b9b87f
Ada-MGAD-e2e-v2-c0budgetreview,bf423f9085d3a6eb43e827709492fb7be4edc32a,experiments/p6/c0f_failure_audit/c0f-correction-20260923T0755Z/isolation_summary.json,46108,439b4311ae6cdeeb896971b52602928cd8f8f00581b1762b7dc199338eb8cdd9
Ada-MGAD-e2e-v2-c0budgetreview,bf423f9085d3a6eb43e827709492fb7be4edc32a,experiments/p6/c0f_failure_audit/c0f-correction-20260923T0755Z/ledger_invariants.json,520,a497cd0e28dc4627d27a343038ecda70ff3e2cd2c7579674175c7b0c1ebe8ab3
Ada-MGAD-e2e-v2-c0budgetreview,bf423f9085d3a6eb43e827709492fb7be4edc32a,experiments/p6/c0f_failure_audit/c0f-correction-20260923T0755Z/reuse_provenance.json,1297,5d40d373429d92073ad1f677ed930107abdcfec9973afa3fd940c00d79a6ad82
Ada-MGAD-e2e-v2-c0budgetreview,bf423f9085d3a6eb43e827709492fb7be4edc32a,experiments/p6/c0f_failure_audit/c0f-correction-20260923T0755Z/run_state.json,70344,4f58cdf5cf3c06bcc2b8ea3b12a608c6c9287a8a996a4ae0007f2a3cede3fb78
Ada-MGAD-e2e-v2-c0budgetreview,bf423f9085d3a6eb43e827709492fb7be4edc32a,experiments/p6/c0f_failure_audit/c0f-correction-20260923T0755Z/source_integrity.json,8617,ae61ded34933922feea8dad052f115aa50abf7c311593f0a49f47b5e73270e73
Ada-MGAD-e2e-v2-c0budgetreview,bf423f9085d3a6eb43e827709492fb7be4edc32a,experiments/p6/c0f_failure_audit/c0f-correction-20260923T0755Z/source_snapshot.json,27487,808bb33502694359a809657c56db3bc4ecf1a67887e45ba4c7949e67009d17fe
Ada-MGAD-e2e-v2-c0budgetreview,bf423f9085d3a6eb43e827709492fb7be4edc32a,experiments/p6/c0f_failure_audit/c0f-correction-20260923T0755Z/split_population_checks.json,968,e5cad5ac9211384da9c73c83304625bb4274585228b1b733edd92f4352dfd820
Ada-MGAD-e2e-v2-c0budgetreview,bf423f9085d3a6eb43e827709492fb7be4edc32a,experiments/p6/c0f_failure_audit/c0f-correction-20260923T0755Z/stratified_summary.json,38692,c3d3148227ad27756001b6d6b7ba1fadb603e390741e29fad34fcb8292c4962e
Ada-MGAD-e2e-v2-c0budgetreview,bf423f9085d3a6eb43e827709492fb7be4edc32a,experiments/p6/c0f_failure_audit/c0f-correction-20260923T0755Z/test_artifact_verification.json,1286,0385232d6ff22eb82747264c9bdf7a4d0f6b4112b40a5edc9675ec12ddd72282
Ada-MGAD-e2e-v2-c0budgetreview,bf423f9085d3a6eb43e827709492fb7be4edc32a,experiments/p6/c0f_failure_audit/c0f-correction-20260923T0755Z/test_results.json,1478,001ef8cbe1e1997d6a608df763aefb994e5d99b6e932f97de0c4cf88b4aa504e
Ada-MGAD-e2e-v2-c0budgetreview,bf423f9085d3a6eb43e827709492fb7be4edc32a,experiments/p6/c0f_failure_audit/c0f-correction-20260923T0755Z/validation_replay.json,1781,e802370c18a4bc38e497d3ab398705a0434f91bbe8c02dbf1710c7f1ad904360
Ada-MGAD-e2e-v2-c0budgetreview,bf423f9085d3a6eb43e827709492fb7be4edc32a,experiments/p6/c0f_failure_audit/c0f-seed42-20260919T0700/audit_config.json,2705,078c633bc1097b558439d0bc247118bf079cdbc177eac2bbe26a83b628bbbf40
Ada-MGAD-e2e-v2-c0budgetreview,bf423f9085d3a6eb43e827709492fb7be4edc32a,experiments/p6/c0f_failure_audit/c0f-seed42-20260919T0700/capacity_summary.json,12933,e479dfa5b2af41d141b4fd08ecbfa76a107148e57ade5e17eaa818b880821124
Ada-MGAD-e2e-v2-c0budgetreview,bf423f9085d3a6eb43e827709492fb7be4edc32a,experiments/p6/c0f_failure_audit/c0f-seed42-20260919T0700/completion_manifest.json,16950,97e1fd3e34da06e7b64808b9f38372628c7007b9a2533c46582b50e5b7ace53a
Ada-MGAD-e2e-v2-c0budgetreview,bf423f9085d3a6eb43e827709492fb7be4edc32a,experiments/p6/c0f_failure_audit/c0f-seed42-20260919T0700/confounding_tables.json,27744,bab17cda93dcb9747e23cd4519396edc2975e38bc31ed96e2ad3fc2d8fe5c9c6
Ada-MGAD-e2e-v2-c0budgetreview,bf423f9085d3a6eb43e827709492fb7be4edc32a,experiments/p6/c0f_failure_audit/c0f-seed42-20260919T0700/decision.json,20118,9eb7ca1ee3c04c4b8fdc1d0a9a75b873add03bfce61b026f0e4abc9f55ba9493
Ada-MGAD-e2e-v2-c0budgetreview,bf423f9085d3a6eb43e827709492fb7be4edc32a,experiments/p6/c0f_failure_audit/c0f-seed42-20260919T0700/evidence_ledger.json,5830,1eaca4aac0c592a5110acadb7681366ceba696f0fedc1803ec1c03379d16f90b
Ada-MGAD-e2e-v2-c0budgetreview,bf423f9085d3a6eb43e827709492fb7be4edc32a,experiments/p6/c0f_failure_audit/c0f-seed42-20260919T0700/final_report.md,9472,563ac665ce2641c94e80a4bd12e124473956db1c49113eb60859ba4f6f2a291f
Ada-MGAD-e2e-v2-c0budgetreview,bf423f9085d3a6eb43e827709492fb7be4edc32a,experiments/p6/c0f_failure_audit/c0f-seed42-20260919T0700/input_manifest.json,1267,cd5a7b02c8e78bb6021343dd2e76ca8d87819503afdecefc8cb80c5fcfdc48ef
Ada-MGAD-e2e-v2-c0budgetreview,bf423f9085d3a6eb43e827709492fb7be4edc32a,experiments/p6/c0f_failure_audit/c0f-seed42-20260919T0700/ledger_invariants.json,520,a497cd0e28dc4627d27a343038ecda70ff3e2cd2c7579674175c7b0c1ebe8ab3
Ada-MGAD-e2e-v2-c0budgetreview,bf423f9085d3a6eb43e827709492fb7be4edc32a,experiments/p6/c0f_failure_audit/c0f-seed42-20260919T0700/run_state.json,1983,5c81eb7dfb89d713ac40de4da60d8f9803b89ac1c6260ff9ca7a07e59fe40edc
Ada-MGAD-e2e-v2-c0budgetreview,bf423f9085d3a6eb43e827709492fb7be4edc32a,experiments/p6/c0f_failure_audit/c0f-seed42-20260919T0700/source_integrity.json,4603,7507a5bb490607692a0c7e4065f1ba79e8cde8d67305f4d8f20638feb6228c8d
Ada-MGAD-e2e-v2-c0budgetreview,bf423f9085d3a6eb43e827709492fb7be4edc32a,experiments/p6/c0f_failure_audit/c0f-seed42-20260919T0700/split_population_checks.json,968,e5cad5ac9211384da9c73c83304625bb4274585228b1b733edd92f4352dfd820
Ada-MGAD-e2e-v2-c0budgetreview,bf423f9085d3a6eb43e827709492fb7be4edc32a,experiments/p6/c0f_failure_audit/c0f-seed42-20260919T0700/stratified_summary.json,35445,babde167b0390f10a20108026516463a250f74340fcd46c8729e386610f39b57
Ada-MGAD-e2e-v2-c0budgetreview,bf423f9085d3a6eb43e827709492fb7be4edc32a,experiments/p6/c0f_failure_audit/c0f-seed42-20260919T0700/test_artifact_verification.json,1190,ccec4113e1846fd3509fc626a6cc14a7b64fe05ae31fa81c31bcf9ab68e22e28
Ada-MGAD-e2e-v2-c0budgetreview,bf423f9085d3a6eb43e827709492fb7be4edc32a,experiments/p6/c0f_failure_audit/c0f-seed42-20260919T0700/validation_replay.json,1781,24ea8a62815c7c6172bac2e3e3a0f3bfc639b803fc8bbd28c17d9e33c98fb93f
Ada-MGAD-e2e-v2-c0budgetreview,bf423f9085d3a6eb43e827709492fb7be4edc32a,experiments/p6/c0f_failure_audit/code-checks-20260923T075346Z/test_results.json,1175,51017a28cf2e25a31b463a4d5ead6ec19bc3062006a0f72ce40da0a60dbc43df
Ada-MGAD-e2e-v2-c0budgetreview,bf423f9085d3a6eb43e827709492fb7be4edc32a,experiments/p6/c0r2_trainval_dev/positive-logit-rise-v2/results.json,4986,773f05832dcefb568cc867f3eb716c3db2be234cf57d539ede7ca6a59b5dc9f0
Ada-MGAD-e2e-v2-c0budgetreview,bf423f9085d3a6eb43e827709492fb7be4edc32a,experiments/p6/c1_feasibility/c1-g1-20260923T105441Z/feasibility_ledger.json,25618,80718e06a801f4a4cfac085eec999285a162b4e1ebf5afff082f17925a99b3da
Ada-MGAD-e2e-v2-c0budgetreview,bf423f9085d3a6eb43e827709492fb7be4edc32a,experiments/p6/c1_feasibility/c1-g1-20260923T105441Z/final_report.md,8811,48c72507b5cc43f5254906be5e983547d584ca0a1a979a919e6e970112efbfc4
Ada-MGAD-e2e-v2-c0budgetreview,bf423f9085d3a6eb43e827709492fb7be4edc32a,experiments/p6/c1_prefix_metric_audit/c1-fold1-metric-audit-v1-20260929/candidate_ledger.csv,729152,0b25bf30626055af55d6b35ab3fe9f8ff3a375b9023b9ade6bcc8f592923edf5
Ada-MGAD-e2e-v2-c0budgetreview,bf423f9085d3a6eb43e827709492fb7be4edc32a,experiments/p6/c1_prefix_metric_audit/c1-fold1-metric-audit-v1-20260929/completion_manifest.json,2015,322e3bf69bd9aaa16b4b0b667a3fd98802175bdd91ec655585f7c97c765ef847
Ada-MGAD-e2e-v2-c0budgetreview,bf423f9085d3a6eb43e827709492fb7be4edc32a,experiments/p6/c1_prefix_metric_audit/c1-fold1-metric-audit-v1-20260929/summary.json,2334,f951ebf8419d6499dfe3864e04b4c7f3ab04f258eb3c3d40a3f2ecc43623ae1a
Ada-MGAD-e2e-v2-c0budgetreview,bf423f9085d3a6eb43e827709492fb7be4edc32a,experiments/p6/c1_protocol/c1-g2-py38-correction-20260924T0831Z/correction_manifest.json,2340,36a6406c80c0545f81e37f2cb4df0a1bbf5e341d5f92094631be487417f88a34
Ada-MGAD-e2e-v2-c0budgetreview,bf423f9085d3a6eb43e827709492fb7be4edc32a,experiments/p6/c1_protocol/c1-g2-py38-correction-20260924T0831Z/correction_report.md,3511,757d796360596b4155d91f40ed3b29cb78cc547dba0ecff819ff1a5496a58857
Ada-MGAD-e2e-v2-c0budgetreview,bf423f9085d3a6eb43e827709492fb7be4edc32a,experiments/p6/c1_protocol/c1-g2-v1-20260924/design_lock_report.md,2211,105b44683c01ffc8ef6eded385ec1dc3d6032415e40c58cdfd2815595c02a23f
Ada-MGAD-e2e-v2-c0budgetreview,bf423f9085d3a6eb43e827709492fb7be4edc32a,experiments/p6/c1_protocol/c1-g2-v1-20260924/raw_content_manifest.json,1584322,03bdefc1ad817802a9f015a5cc07c71f5e8d625c66c5d5e9fbff31d0d5671718
Ada-MGAD-e2e-v2-c0budgetreview,bf423f9085d3a6eb43e827709492fb7be4edc32a,experiments/p6/c1_supervision_oos/c1-supervision-oos-v1-seed42/evaluation/c1_results.json,1947819,d94b67c6631229c8994b491156d616a29062537fda6955bb9a44908609786b6c
Ada-MGAD-e2e-v2-c0budgetreview,bf423f9085d3a6eb43e827709492fb7be4edc32a,experiments/p6/c1_supervision_oos/c1-supervision-oos-v1-seed42/evaluation/c2_failure_ledger.csv,1266920,2d7dd0703147a7f67d8e77b17f9be03be43b63baa733f7891b6f653852acef5c
Ada-MGAD-e2e-v2-c0budgetreview,bf423f9085d3a6eb43e827709492fb7be4edc32a,experiments/p6/c1_supervision_oos/c1-supervision-oos-v1-seed42/evaluation/c2_failure_summary.json,669,382829e8258b95882ef741004ae2715a98cc01dcd53cc11229cc12abb48c2b95
Ada-MGAD-e2e-v2-c0budgetreview,bf423f9085d3a6eb43e827709492fb7be4edc32a,experiments/p6/c1_supervision_oos/c1-supervision-oos-v1-seed42/evaluation/c2_full_diagnosis.json,17914,3b6635e497916cc0be7ba06f466772d1d884544d5819fa519714e3b1e2157beb
Ada-MGAD-e2e-v2-c0budgetreview,bf423f9085d3a6eb43e827709492fb7be4edc32a,experiments/p6/c1_supervision_oos/c1-supervision-oos-v1-seed42/evaluation/c2_raw_matching.csv,1155905,986a55d59a6f809a0a6961d76eca5402624ae776bcbd170afb935a24862a09ab
Ada-MGAD-e2e-v2-c0budgetreview,bf423f9085d3a6eb43e827709492fb7be4edc32a,experiments/p6/c1_supervision_oos/c1-supervision-oos-v1-seed42/evaluation/c2_stage1_reference.json,1754,104ca7578bd204131f5785fa27b9b97eb08470343f149742c74b83195f8e10c9
Ada-MGAD-e2e-v2-c0budgetreview,bf423f9085d3a6eb43e827709492fb7be4edc32a,experiments/p6/c1_supervision_oos/c1-supervision-oos-v1-seed42/evaluation/completion_manifest.json,4210,c113bd2b18967e9f0fac4a227bed7c19e5659f6f13833ba4b21040a9a1b9730e
Ada-MGAD-e2e-v2-c0budgetreview,bf423f9085d3a6eb43e827709492fb7be4edc32a,experiments/p6/c1_supervision_oos/c1-supervision-oos-v1-seed42/evaluation/oracle_a_diagnostic.json,269,d1838b5efefa11087fbbb6ecc9949740d6fbb0ece02316ec243e06cb1e4dc1ae
Ada-MGAD-e2e-v2-c0budgetreview,bf423f9085d3a6eb43e827709492fb7be4edc32a,experiments/p6/c1_supervision_oos/c1-supervision-oos-v1-seed42/evaluation/oracle_a_rankings.csv,990811,5a7c9576a448ce7a2a9688a214626cc3176919305643f4e89e1dada7c899eec4
Ada-MGAD-e2e-v2-c0budgetreview,bf423f9085d3a6eb43e827709492fb7be4edc32a,experiments/p6/c1_supervision_oos/c1-supervision-oos-v1-seed42/folds/fold_01/completion_manifest.json,9087,e5ee5d1ee7f825b18e7ef69f4764182284547d3940c77771855a40468c9b3d3c
Ada-MGAD-e2e-v2-c0budgetreview,bf423f9085d3a6eb43e827709492fb7be4edc32a,experiments/p6/c1_supervision_oos/c1-supervision-oos-v1-seed42/folds/fold_01/detector/completion_manifest.json,4312,77f0e0bc4f07aad21799db077c09c3d657dc5c2c106d24460257742c33df5220
Ada-MGAD-e2e-v2-c0budgetreview,bf423f9085d3a6eb43e827709492fb7be4edc32a,experiments/p6/c1_supervision_oos/c1-supervision-oos-v1-seed42/folds/fold_01/detector/generation_episodes.csv,106723,856797f52561e1fdc0a9a0e5ab00885ad5a0267d5ccf58f0d943e2bfde31f664
Ada-MGAD-e2e-v2-c0budgetreview,bf423f9085d3a6eb43e827709492fb7be4edc32a,experiments/p6/c1_supervision_oos/c1-supervision-oos-v1-seed42/folds/fold_01/detector/generation_scores.csv,750379,6e6a1343939cfbe52c5ea0cf33aa8c7d44cd656c9e5e8641a4fc1f01f0ecb9bc
Ada-MGAD-e2e-v2-c0budgetreview,bf423f9085d3a6eb43e827709492fb7be4edc32a,experiments/p6/c1_supervision_oos/c1-supervision-oos-v1-seed42/folds/fold_01/detector/selection.json,773,e96b42fda9f874a04866e984d36f9b32feb24cfabb9d0baf9dda72285fa85f45
Ada-MGAD-e2e-v2-c0budgetreview,bf423f9085d3a6eb43e827709492fb7be4edc32a,experiments/p6/c1_supervision_oos/c1-supervision-oos-v1-seed42/folds/fold_01/detector/training_log.json,19221,64dd055eb00531ae43fcead33e103fc1ec55fb6f364518eaec53daae4829a026
Ada-MGAD-e2e-v2-c0budgetreview,bf423f9085d3a6eb43e827709492fb7be4edc32a,experiments/p6/c1_supervision_oos/c1-supervision-oos-v1-seed42/folds/fold_02/completion_manifest.json,9096,51006c83a351a1794832be0f82fcee35bceeec0a2a1382df1c61b9e2dc7f252c
Ada-MGAD-e2e-v2-c0budgetreview,bf423f9085d3a6eb43e827709492fb7be4edc32a,experiments/p6/c1_supervision_oos/c1-supervision-oos-v1-seed42/folds/fold_02/detector/completion_manifest.json,4281,1ac2392e356f0da8e56fd1c944fbc86f5492d882424d942eeb12523f81a4642b
Ada-MGAD-e2e-v2-c0budgetreview,bf423f9085d3a6eb43e827709492fb7be4edc32a,experiments/p6/c1_supervision_oos/c1-supervision-oos-v1-seed42/folds/fold_02/detector/generation_episodes.csv,130039,237fa6eb7af28143ba38568ab9c19f5ee2cfb23c2fed25de2d680fd11ee7383a
Ada-MGAD-e2e-v2-c0budgetreview,bf423f9085d3a6eb43e827709492fb7be4edc32a,experiments/p6/c1_supervision_oos/c1-supervision-oos-v1-seed42/folds/fold_02/detector/generation_scores.csv,753899,7abb1f0398658ada10897f17b4f271ff084f6b1daf1e9c1adeddfb667eb3b02f
Ada-MGAD-e2e-v2-c0budgetreview,bf423f9085d3a6eb43e827709492fb7be4edc32a,experiments/p6/c1_supervision_oos/c1-supervision-oos-v1-seed42/folds/fold_02/detector/selection.json,741,3449a63b37f5184f9fbd86888843d6e9d8605c3b0b6502635528ff139fd3db3f
Ada-MGAD-e2e-v2-c0budgetreview,bf423f9085d3a6eb43e827709492fb7be4edc32a,experiments/p6/c1_supervision_oos/c1-supervision-oos-v1-seed42/folds/fold_02/detector/training_log.json,12434,9cb70fe0d388f2f964a539d9c9d21608b6aa8c710a5b097f0f71fbf27162458b
Ada-MGAD-e2e-v2-c0budgetreview,bf423f9085d3a6eb43e827709492fb7be4edc32a,experiments/p6/c1_supervision_oos/c1-supervision-oos-v1-seed42/folds/fold_03/completion_manifest.json,9096,a965256b6152dc4310918aa48ce7fe893ed5207d7c5022101ae3dfa818034934
Ada-MGAD-e2e-v2-c0budgetreview,bf423f9085d3a6eb43e827709492fb7be4edc32a,experiments/p6/c1_supervision_oos/c1-supervision-oos-v1-seed42/folds/fold_03/detector/completion_manifest.json,4300,1e94bc29015731fe875de21506a2ad16589ef7a5dce77bf00d3fb16d66c15d56
Ada-MGAD-e2e-v2-c0budgetreview,bf423f9085d3a6eb43e827709492fb7be4edc32a,experiments/p6/c1_supervision_oos/c1-supervision-oos-v1-seed42/folds/fold_03/detector/generation_episodes.csv,125838,6519b6f514e75972054b3d458c4dcb9320e6c4e3bfcf65a68bb8a3af7282fb05
Ada-MGAD-e2e-v2-c0budgetreview,bf423f9085d3a6eb43e827709492fb7be4edc32a,experiments/p6/c1_supervision_oos/c1-supervision-oos-v1-seed42/folds/fold_03/detector/generation_scores.csv,753500,3756b817680de25addd174fc2a60ebc9c934ac3ec5fdac1bbc8484de080d117f
Ada-MGAD-e2e-v2-c0budgetreview,bf423f9085d3a6eb43e827709492fb7be4edc32a,experiments/p6/c1_supervision_oos/c1-supervision-oos-v1-seed42/folds/fold_03/detector/selection.json,760,f73355c10d70746fffafaf12a3f8bf8bccdbfa4c85d0ea3110e630e73f3b40e8
Ada-MGAD-e2e-v2-c0budgetreview,bf423f9085d3a6eb43e827709492fb7be4edc32a,experiments/p6/c1_supervision_oos/c1-supervision-oos-v1-seed42/folds/fold_03/detector/training_log.json,12517,971f380db43fd6bb6f0d62044007ee0e865a6d94815d31dedca0e533c645006d
Ada-MGAD-e2e-v2-c0budgetreview,bf423f9085d3a6eb43e827709492fb7be4edc32a,experiments/p6/c1_supervision_oos/c1-supervision-oos-v1-seed42/g1_static/completion_manifest.json,5866,935abdc91db5fa1ddba7cb26455508433dace34c11ffa92087243f2ee7afab23
Ada-MGAD-e2e-v2-c0budgetreview,bf423f9085d3a6eb43e827709492fb7be4edc32a,experiments/p6/c1_supervision_oos/c1-supervision-oos-v1-seed42/g1_static/fold_manifest.json,11117,017d4b2e87d737ee7d1f3f729a63fed4775e9e8181ec04214ddda6883310d4e5
Ada-MGAD-e2e-v2-c0budgetreview,bf423f9085d3a6eb43e827709492fb7be4edc32a,experiments/p6/c1_supervision_oos/c1-supervision-oos-v1-seed42/g1_static/input_manifest.json,7333,a316f306e8b117b8aa9739b468c39f4cd6523310b48ad02f83f2c2f346abd3a1
Ada-MGAD-e2e-v2-c0budgetreview,bf423f9085d3a6eb43e827709492fb7be4edc32a,experiments/p6/c1_supervision_oos/c1-supervision-oos-v1-seed42/g1_static/integrity_report.md,1692,2afcab0765547b1e0d75aa464eff2e98e3029e857eceef1435718078395ace22
Ada-MGAD-e2e-v2-c0budgetreview,bf423f9085d3a6eb43e827709492fb7be4edc32a,experiments/p6/c1_supervision_oos/c1-supervision-oos-v1-seed42/g1_static/static_population.json,1545,83a5e20726f20866060bd7014784687d3860b0ccc63a76c6c0820817b311f7eb
Ada-MGAD-e2e-v2-c0budgetreview,bf423f9085d3a6eb43e827709492fb7be4edc32a,experiments/p6/c1_supervision_oos/c1-supervision-oos-v1-seed42/predictions/completion_manifest.json,3671,19777b7f4656f3e8b360e1ecb618dc5d0dc8a0e63a15df59596a1d87be746216
Ada-MGAD-e2e-v2-c0budgetreview,bf423f9085d3a6eb43e827709492fb7be4edc32a,experiments/p6/c1_supervision_oos/c1-supervision-oos-v1-seed42/predictions/prediction_lock.json,6883,ee9500730e7b982557de31d9fd138c13e09e5af397b11354e88b305f0233c967
Ada-MGAD-e2e-v2-c0budgetreview,bf423f9085d3a6eb43e827709492fb7be4edc32a,experiments/p6/c1_supervision_oos/c1-supervision-oos-v1-seed42/predictions/scope_rankings.csv,1596904,b444a4d92c601430b79a3fee5e6fcddc97c3a8573cd20bd0c16a828d5bf6a650
Ada-MGAD-e2e-v2-c0budgetreview,bf423f9085d3a6eb43e827709492fb7be4edc32a,experiments/p6/c1_supervision_oos/c1-supervision-oos-v1-seed42/rca/arm_b.json,753,2ba84aa9ec52b488db82b2dadce049c9c0105f2147176ff5716ba4d15ee8a4c7
Ada-MGAD-e2e-v2-c0budgetreview,bf423f9085d3a6eb43e827709492fb7be4edc32a,experiments/p6/c1_supervision_oos/c1-supervision-oos-v1-seed42/rca/arm_c.json,752,6132941dd09f098a4c711c954ddec473eac11de63f5b094586413d95d7e6ca27
Ada-MGAD-e2e-v2-c0budgetreview,bf423f9085d3a6eb43e827709492fb7be4edc32a,experiments/p6/c1_supervision_oos/c1-supervision-oos-v1-seed42/rca/completion_manifest.json,3538,2e446855d9e9cff34c684e8472d7510d1deb3cf5849aa9d8461e7d456127e9b0
Ada-MGAD-e2e-v2-c0budgetreview,bf423f9085d3a6eb43e827709492fb7be4edc32a,experiments/p6/c1_supervision_oos/c1-supervision-oos-v1-seed42/run_lock.json,6331,0b5a2b649c31305eec88d631f2d57ef2a45a7d4d643d861478b3a11d620c9c56
Ada-MGAD-e2e-v2-c0budgetreview,bf423f9085d3a6eb43e827709492fb7be4edc32a,experiments/p6/c1_supervision_oos/c1-supervision-oos-v1-seed42/train_cohort/cases.csv,325878,83ee698981272bfb1f89d1c2d9b1c2c622b63c419a08c251abde2bf7965821dd
Ada-MGAD-e2e-v2-c0budgetreview,bf423f9085d3a6eb43e827709492fb7be4edc32a,experiments/p6/c1_supervision_oos/c1-supervision-oos-v1-seed42/train_cohort/completion_manifest.json,4746,b36dfaa5ba38bc741e318d8cb9e59e5f225324ff9cd3422b6040faff04634550
Ada-MGAD-e2e-v2-c0budgetreview,bf423f9085d3a6eb43e827709492fb7be4edc32a,experiments/p6/c1_supervision_oos/c1-supervision-oos-v1-seed42/train_cohort/exclusions.csv,1760,3f5dc5665be94d84e76d3e1e3f84756ae4fdd00e2f42dc96eed7ac3de3941cd6
Ada-MGAD-e2e-v2-c0budgetreview,bf423f9085d3a6eb43e827709492fb7be4edc32a,experiments/p6/c1_supervision_oos/c1-supervision-oos-v1-seed42/train_cohort/matching.csv,811460,5c3aa3085f03c2061af4e89e06f6a2f138e0bf69395e2deba438a61a643d8db4
Ada-MGAD-e2e-v2-c0budgetreview,bf423f9085d3a6eb43e827709492fb7be4edc32a,experiments/p6/score_decomposition/classification/diagnosis_metrics.json,2093,60fe8440d8c42b2d3a842f7a7c7e4ae861c226ca622ae7eb1923b979c9d44a8e
Ada-MGAD-e2e-v2-c0budgetreview,bf423f9085d3a6eb43e827709492fb7be4edc32a,experiments/p6/score_decomposition/classification/event_metrics.json,5147,f40cd2d1f1940bf80eeb298a9350fec848e7b4e64b8730999fb0ed37decd3827
Ada-MGAD-e2e-v2-c0budgetreview,bf423f9085d3a6eb43e827709492fb7be4edc32a,experiments/p6/score_decomposition/classification/localization_metrics.json,28925,ceab500c6dee1d5d0fe39a18534c887edfc8355b6491b3535e12a44a423cd4f8
Ada-MGAD-e2e-v2-c0budgetreview,bf423f9085d3a6eb43e827709492fb7be4edc32a,experiments/p6/score_decomposition/classification/rca_metrics.json,5581,d8416b903e9babb73045ae016fa7ef8fc20adf7e9c100a25c25d54b767eba99f
Ada-MGAD-e2e-v2-c0budgetreview,bf423f9085d3a6eb43e827709492fb7be4edc32a,experiments/p6/score_decomposition/classification/threshold.json,1217,db3862ddb8e2b5d78cee4a4693cc7a5bc56919af20ef592134dbdd571bc6c56d
Ada-MGAD-e2e-v2-c0budgetreview,bf423f9085d3a6eb43e827709492fb7be4edc32a,experiments/p6/score_decomposition/common_cases.csv,783153,0bb6bf3e435baf179c4cb1e1deda4bdc42c749d513865a3fcc50d4abf1bdb396
Ada-MGAD-e2e-v2-c0budgetreview,bf423f9085d3a6eb43e827709492fb7be4edc32a,experiments/p6/score_decomposition/comparison.json,92985,ce6965fe10c1773e4c0021f8eb5cb1121e8c96a655067520d20d6dec3efb5190
Ada-MGAD-e2e-v2-c0budgetreview,bf423f9085d3a6eb43e827709492fb7be4edc32a,experiments/p6/score_decomposition/fused/diagnosis_metrics.json,2085,77d6d3adbb2e76b49b41d16eafb56d4d020faae6d04e25be52ab2a0d209d101c
Ada-MGAD-e2e-v2-c0budgetreview,bf423f9085d3a6eb43e827709492fb7be4edc32a,experiments/p6/score_decomposition/fused/event_metrics.json,5105,930173c6cec6c10880f6b375fbf363c1dc62988b836ba86c8c6c1ea4604e0bb6
Ada-MGAD-e2e-v2-c0budgetreview,bf423f9085d3a6eb43e827709492fb7be4edc32a,experiments/p6/score_decomposition/fused/localization_metrics.json,29146,9b230dbaee9901ce3b9d9b8308a1e69e40b782e557611e8bee24239bdbb1c095
Ada-MGAD-e2e-v2-c0budgetreview,bf423f9085d3a6eb43e827709492fb7be4edc32a,experiments/p6/score_decomposition/fused/rca_metrics.json,5617,d6489f7ed8c2c7563f990e58fdaa17e07feeccd7514f809a3a25c235b8abfb73
Ada-MGAD-e2e-v2-c0budgetreview,bf423f9085d3a6eb43e827709492fb7be4edc32a,experiments/p6/score_decomposition/fused/threshold.json,1212,8b3b74d8d838c3303c9b2e6c32c25fe5549df0e78a93790caa59ac383ee5d741
Ada-MGAD-e2e-v2-c0budgetreview,bf423f9085d3a6eb43e827709492fb7be4edc32a,experiments/p6/score_decomposition/label_identity_audit.json,1024,6652840bdf55c317b10d2ae4bf5223d6cde67a541688f5a13261b81d7b710010
Ada-MGAD-e2e-v2-c0budgetreview,bf423f9085d3a6eb43e827709492fb7be4edc32a,experiments/p6/score_decomposition/manifest.json,7530,65ef6b0a85b907dbc378bafaf712732144a35e5280ae1ab44babb8125f1067ba
Ada-MGAD-e2e-v2-c0budgetreview,bf423f9085d3a6eb43e827709492fb7be4edc32a,experiments/p6/score_decomposition/prediction_artifacts.json,1626,f552fde50da06bebf0b8aecd020e5e3825a52b279aef900154a419d04be38afc
Ada-MGAD-e2e-v2-c0budgetreview,bf423f9085d3a6eb43e827709492fb7be4edc32a,experiments/p6/score_decomposition/rca/rca_feature_health.json,1806,015b06395de0fe6b2d6ae799629230ce37068ab119564842e319b9a333035493
Ada-MGAD-e2e-v2-c0budgetreview,bf423f9085d3a6eb43e827709492fb7be4edc32a,experiments/p6/score_decomposition/rca/rca_feature_manifest.json,2831,7cb9ee84f4e2ce06db7a695027957b25ed69bbd9ccd3865bd2f17f0524c6669e
Ada-MGAD-e2e-v2-c0budgetreview,bf423f9085d3a6eb43e827709492fb7be4edc32a,experiments/p6/score_decomposition/reconstruction/diagnosis_metrics.json,2069,1f5f35c7ef97acbf3b740dadc011627b5767f60e7933f7df2bbf53ff1888b4c9
Ada-MGAD-e2e-v2-c0budgetreview,bf423f9085d3a6eb43e827709492fb7be4edc32a,experiments/p6/score_decomposition/reconstruction/event_metrics.json,5142,b54a64b01f5e3f9555d094b85787c1bfe94580121162f2a330781550375c61e4
Ada-MGAD-e2e-v2-c0budgetreview,bf423f9085d3a6eb43e827709492fb7be4edc32a,experiments/p6/score_decomposition/reconstruction/localization_metrics.json,28269,d35901afceaeac0715266af6d0110c10e444bea83774f7228be90f7a35462b82
Ada-MGAD-e2e-v2-c0budgetreview,bf423f9085d3a6eb43e827709492fb7be4edc32a,experiments/p6/score_decomposition/reconstruction/rca_metrics.json,5395,6f573174833b1afac5eba0d2eb9b10da85d498e0736d975e1324588575799b7f
Ada-MGAD-e2e-v2-c0budgetreview,bf423f9085d3a6eb43e827709492fb7be4edc32a,experiments/p6/score_decomposition/reconstruction/threshold.json,1219,001fd77e80047ef147b1b4969420c9063280ea04a25df7a59c36328bcb367140
Ada-MGAD-e2e-v2-c0budgetreview,bf423f9085d3a6eb43e827709492fb7be4edc32a,experiments/p6/score_decomposition/score_range.json,946,065dbfa7e5b3a6e53e2bc3493fd80448d9613d0b7043d15a314aa1e3f30a20b5
Ada-MGAD-e2e-v2-c0budgetreview,bf423f9085d3a6eb43e827709492fb7be4edc32a,experiments/p6/score_decomposition/score_replay.json,4465,b292ac3e2b5640703cbda942a161ec5ac048fa0c0263ca15b72089b96385ac3d
Ada-MGAD-e2e-v2-c0budgetreview,bf423f9085d3a6eb43e827709492fb7be4edc32a,experiments/p6/system_event_trigger/manifest.json,28509,cb222bb5c21d20d8a7546e8b1ee1b4882daaac5d4a397d0e07655fe646cf9794
Ada-MGAD-e2e-v2-c0budgetreview,bf423f9085d3a6eb43e827709492fb7be4edc32a,experiments/p6/system_event_trigger/split_audit.json,12293,e5c60574f4c36ba5c7ebddbc869ede70f6f9aa83cf35c46fd611dbfba310463e
Ada-MGAD-e2e-v2-c0budgetreview,bf423f9085d3a6eb43e827709492fb7be4edc32a,experiments/p6/system_event_trigger/split_manifest.json,8121,1cad441a2d207379ffd8838bc2d655e9c68f3e03b6f4f7e666413a0b33aca193
Ada-MGAD-e2e-v2-c0budgetreview,bf423f9085d3a6eb43e827709492fb7be4edc32a,experiments/p6/system_event_trigger/test_metrics.json,14261,2968632cc4da1b807d976d8bb1c449f9d755cb1c15d2ee43bcd440b74946ce5b
Ada-MGAD-e2e-v2-c0budgetreview,bf423f9085d3a6eb43e827709492fb7be4edc32a,experiments/p6/system_event_trigger/training_log.json,18166,fcd54effee28206a6cdc964458bedb98c17a26906b58497140e42b567150b48a
Ada-MGAD-e2e-v2-c0budgetreview,bf423f9085d3a6eb43e827709492fb7be4edc32a,experiments/p6/system_event_trigger/validation_selection.json,21174,b5167c8d5df9cd9eebd7812cb76733799aa3f7829f3fe1a2c5cdb0ec51715a24
Ada-MGAD-e2e-v2-c0causal,37eed5c21a6ed472ba51d5fad8d017fc2035b273,experiments/p6/c0_long_weight/development_comparison_v1.json,25913,2666db85e9422a7063b23b377efcc6a5fc205706ed7e38fafb27267eb5519f77
Ada-MGAD-e2e-v2-c0causal,37eed5c21a6ed472ba51d5fad8d017fc2035b273,experiments/p6/c0_long_weight/gpu-control-v1-seed42/development_manifest.json,3907,54c217f08b951c75fbb45650e8bb599f79bec2d36e582104ed9f9c0a82fa96dd
Ada-MGAD-e2e-v2-c0causal,37eed5c21a6ed472ba51d5fad8d017fc2035b273,experiments/p6/c0_long_weight/gpu-control-v1-seed42/p6_c0.log,2590,8eedf228216f7e2ec31260ec44fa2906d98b1aa853e1f7d2248e5091fa7c28c1
Ada-MGAD-e2e-v2-c0causal,37eed5c21a6ed472ba51d5fad8d017fc2035b273,experiments/p6/c0_long_weight/gpu-control-v1-seed42/split_audit.json,12327,8715dd6f2cc8b5e3dc4458a00c060450ab0acd2291989c37571941e35e3d516f
Ada-MGAD-e2e-v2-c0causal,37eed5c21a6ed472ba51d5fad8d017fc2035b273,experiments/p6/c0_long_weight/gpu-control-v1-seed42/split_manifest.json,8130,d1e01a7d582135d860def8389e0c57f842964c5842cb8b389fdfbbf95582a6dd
Ada-MGAD-e2e-v2-c0causal,37eed5c21a6ed472ba51d5fad8d017fc2035b273,experiments/p6/c0_long_weight/gpu-control-v1-seed42/training_log.json,10778,91c12d57d43d39dc6e70e8a42ace6f4fa695b53afcc55998c9e2b82547c9aa3f
Ada-MGAD-e2e-v2-c0causal,37eed5c21a6ed472ba51d5fad8d017fc2035b273,experiments/p6/c0_long_weight/gpu-control-v1-seed42/validation_episodes.csv,214650,38871d4b941cc49ac665907fb97dd2e86f6369bb8841d03980869c3ad46e3379
Ada-MGAD-e2e-v2-c0causal,37eed5c21a6ed472ba51d5fad8d017fc2035b273,experiments/p6/c0_long_weight/gpu-control-v1-seed42/validation_matching.csv,522796,8bf838043e19e4e250e19ce72fa67cbea712ea0873074a1523408e3f3957586b
Ada-MGAD-e2e-v2-c0causal,37eed5c21a6ed472ba51d5fad8d017fc2035b273,experiments/p6/c0_long_weight/gpu-control-v1-seed42/validation_predictions.csv,2251307,dfbd8ff19fb3fe171a117ee062ae05a080ff47e69f8b845b173b00ea9ede27a7
Ada-MGAD-e2e-v2-c0causal,37eed5c21a6ed472ba51d5fad8d017fc2035b273,experiments/p6/c0_long_weight/gpu-control-v1-seed42/validation_selection.json,13913,888d68732bfdb086a0536e6321b8420ad1d4fba11921eb63f2a9577be73b0928
Ada-MGAD-e2e-v2-c0causal,37eed5c21a6ed472ba51d5fad8d017fc2035b273,experiments/p6/c0_long_weight/weighted-v1-seed42/development_manifest.json,3907,97a866e7b277a7f747e5080cd7f03ad46860ed4ad774c44e46a02d905963935e
Ada-MGAD-e2e-v2-c0causal,37eed5c21a6ed472ba51d5fad8d017fc2035b273,experiments/p6/c0_long_weight/weighted-v1-seed42/p6_c0.log,2815,1e93a4a8cd06d75fa0bea51c7450b0ad6aea6eed0d4187373600216e03c7a8b8
Ada-MGAD-e2e-v2-c0causal,37eed5c21a6ed472ba51d5fad8d017fc2035b273,experiments/p6/c0_long_weight/weighted-v1-seed42/split_audit.json,12328,b1365b9be5117c686528a047bb586ea559b05530153ab52dff925307494e6426
Ada-MGAD-e2e-v2-c0causal,37eed5c21a6ed472ba51d5fad8d017fc2035b273,experiments/p6/c0_long_weight/weighted-v1-seed42/split_manifest.json,8130,e15e678cd2c4e186abf24a877b3c6a98c44cb946580f25b2137a129752b45020
Ada-MGAD-e2e-v2-c0causal,37eed5c21a6ed472ba51d5fad8d017fc2035b273,experiments/p6/c0_long_weight/weighted-v1-seed42/training_log.json,12860,5a1bec9c01c5915c049f4098248968f00387afaedc223ada5519095f96479bd7
Ada-MGAD-e2e-v2-c0causal,37eed5c21a6ed472ba51d5fad8d017fc2035b273,experiments/p6/c0_long_weight/weighted-v1-seed42/validation_episodes.csv,215345,c0aa0b05371f3b470def96b533c553dc0a295f811b738d3384acfc11b90c16b4
Ada-MGAD-e2e-v2-c0causal,37eed5c21a6ed472ba51d5fad8d017fc2035b273,experiments/p6/c0_long_weight/weighted-v1-seed42/validation_matching.csv,523619,db378b68a2e4bb8e2a41ded337ae56567bcc6c303511b9f9946d047eb57cbdb8
Ada-MGAD-e2e-v2-c0causal,37eed5c21a6ed472ba51d5fad8d017fc2035b273,experiments/p6/c0_long_weight/weighted-v1-seed42/validation_predictions.csv,2252354,19c6d75fdcb7c5c9dab3aace09d70ae3c73b7396e9419afb3a7fb93e2d4794e1
Ada-MGAD-e2e-v2-c0causal,37eed5c21a6ed472ba51d5fad8d017fc2035b273,experiments/p6/c0_long_weight/weighted-v1-seed42/validation_selection.json,16606,a34856d67c7889833e6106bc4c40537aa344f051c43d0b6c71ec8e640e9cb9c2
Ada-MGAD-e2e-v2-c0causal,37eed5c21a6ed472ba51d5fad8d017fc2035b273,experiments/p6/c0_raw_onset_observability/raw-onset-v1/fit_clean_events.csv,519986,b42d0a714339ffb1f8bf07294a5fa822c48893f58bfe0475d60ab86a7aa0404a
Ada-MGAD-e2e-v2-c0causal,37eed5c21a6ed472ba51d5fad8d017fc2035b273,experiments/p6/c0_raw_onset_observability/raw-onset-v1/fit_pseudo_onsets.csv,70246,b36db52779b7a745a4e47c5cf4d686b1dea0a53be2a453debdbba61e1d45f531
Ada-MGAD-e2e-v2-c0causal,37eed5c21a6ed472ba51d5fad8d017fc2035b273,experiments/p6/c0_raw_onset_observability/raw-onset-v1/results.json,20440,2d8b1882fdb9a9310f9b74f848adc54033654d3a27a7ef707f609d84957d1378
Ada-MGAD-e2e-v2-c0causal,37eed5c21a6ed472ba51d5fad8d017fc2035b273,experiments/p6/c0_raw_onset_observability/raw-onset-v1/validation_clean_events.csv,171016,e9715164e6b527b0570aa2ed35a4281f0847910a8356e7bcad8b53e3796181a1
Ada-MGAD-e2e-v2-c0causal,37eed5c21a6ed472ba51d5fad8d017fc2035b273,experiments/p6/c0_raw_onset_observability/raw-onset-v1/validation_pseudo_onsets.csv,47187,53eb1bdcf265069cca9079495d92aae7f88415475312bdaf6da8d8e0a39dff10
Ada-MGAD-e2e-v2-c0causal,37eed5c21a6ed472ba51d5fad8d017fc2035b273,experiments/p6/c0_window_causal/checkpoint-impact-v1/batch_fixed_threshold_matching.csv,522796,237468e82ffcadf6274816bed371477cff3e7c50f2a81b8a4bb347ed96945a97
Ada-MGAD-e2e-v2-c0causal,37eed5c21a6ed472ba51d5fad8d017fc2035b273,experiments/p6/c0_window_causal/checkpoint-impact-v1/batch_predictions.csv,2251338,01d8a77760f6624f5e2a6011354262feaf3b8d93a1cff78d7ccd2661d1555618
Ada-MGAD-e2e-v2-c0causal,37eed5c21a6ed472ba51d5fad8d017fc2035b273,experiments/p6/c0_window_causal/checkpoint-impact-v1/checkpoint_audit.json,2442,1ec753291ba1387a8faaeefa27be1d3082661d5b4e5afd46093170cb34f65192
Ada-MGAD-e2e-v2-c0causal,37eed5c21a6ed472ba51d5fad8d017fc2035b273,experiments/p6/c0_window_causal/checkpoint-impact-v1/completion_manifest.json,1381,b64a4afa2cfba8899a96445a5cbf8715caccdeab08f812746cddfeb0dc35e031
Ada-MGAD-e2e-v2-c0causal,37eed5c21a6ed472ba51d5fad8d017fc2035b273,experiments/p6/c0_window_causal/checkpoint-impact-v1/development_input_lock.json,4693,4cba75bf00e68482994c91109659f1b62143b26451ee5147acb6a520c795175b
Ada-MGAD-e2e-v2-c0causal,37eed5c21a6ed472ba51d5fad8d017fc2035b273,experiments/p6/c0_window_causal/checkpoint-impact-v1/development_registry.csv,808577,40f058f202c2dda2bc1067cee895a9f2b5cf5fea2577acf05ff422a2e79e9fbc
Ada-MGAD-e2e-v2-c0causal,37eed5c21a6ed472ba51d5fad8d017fc2035b273,experiments/p6/c0_window_causal/checkpoint-impact-v1/fit_gt.csv,610575,dd366f9246ef30c38963833535b251051975de023809905e2d087d230ac1b3c2
Ada-MGAD-e2e-v2-c0causal,37eed5c21a6ed472ba51d5fad8d017fc2035b273,experiments/p6/c0_window_causal/checkpoint-impact-v1/p6_c0.log,0,e3b0c44298fc1c149afbf4c8996fb92427ae41e4649b934ca495991b7852b855
Ada-MGAD-e2e-v2-c0causal,37eed5c21a6ed472ba51d5fad8d017fc2035b273,experiments/p6/c0_window_causal/checkpoint-impact-v1/real_window_causality_gate.json,673,5cfcd0a8bed2684db3ab472a3c706e278b531a0514ba4da61bb0a6f8dc9ad309
Ada-MGAD-e2e-v2-c0causal,37eed5c21a6ed472ba51d5fad8d017fc2035b273,experiments/p6/c0_window_causal/checkpoint-impact-v1/validation_gt.csv,259687,c522cd913b07508598bc0506ff7111ce9ffdb22a7704227f924f06d2dbd1b7bc
Ada-MGAD-e2e-v2-c0causal,37eed5c21a6ed472ba51d5fad8d017fc2035b273,experiments/p6/c0_window_causal/checkpoint-impact-v1/window_fixed_threshold_matching.csv,522128,7fe0f3462697fc699cb350f7b8822e01991af015aaa23b99ddbb601a590c9d94
Ada-MGAD-e2e-v2-c0causal,37eed5c21a6ed472ba51d5fad8d017fc2035b273,experiments/p6/c0_window_causal/checkpoint-impact-v1/window_predictions.csv,2251357,58e59d23c5c8e11d54cd0a2eef1d8356080746f3596f155861c32e6fab90e435
Ada-MGAD-e2e-v2-c0causal,37eed5c21a6ed472ba51d5fad8d017fc2035b273,experiments/p6/c0_window_causal/checkpoint-impact-v1/window_validation_selected_matching.csv,522235,58baae6d540d11cad336d767b6c3a1692c609bfd4c7a67bbd29bb74ee10f08d9
Ada-MGAD-e2e-v2-c0causal,37eed5c21a6ed472ba51d5fad8d017fc2035b273,experiments/p6/c0_window_causal/retrained-v1-seed42/checkpoint/best_validation_event_f1.pt,11783257,d4f0460649fe2bc586fa4d79f141fe939a2cf16bb1127b27603b7dc0d1ad3f0e
Ada-MGAD-e2e-v2-c0causal,37eed5c21a6ed472ba51d5fad8d017fc2035b273,experiments/p6/c0_window_causal/retrained-v1-seed42/completion_manifest.json,1361,05ed46d33516b5b58fb5ed02f29dadfc965c5b1efb5083455578a3ac3279d43c
Ada-MGAD-e2e-v2-c0causal,37eed5c21a6ed472ba51d5fad8d017fc2035b273,experiments/p6/c0_window_causal/retrained-v1-seed42/development_input_lock.json,4693,4cba75bf00e68482994c91109659f1b62143b26451ee5147acb6a520c795175b
Ada-MGAD-e2e-v2-c0causal,37eed5c21a6ed472ba51d5fad8d017fc2035b273,experiments/p6/c0_window_causal/retrained-v1-seed42/development_registry.csv,808577,40f058f202c2dda2bc1067cee895a9f2b5cf5fea2577acf05ff422a2e79e9fbc
Ada-MGAD-e2e-v2-c0causal,37eed5c21a6ed472ba51d5fad8d017fc2035b273,experiments/p6/c0_window_causal/retrained-v1-seed42/fit_gt.csv,610575,dd366f9246ef30c38963833535b251051975de023809905e2d087d230ac1b3c2
Ada-MGAD-e2e-v2-c0causal,37eed5c21a6ed472ba51d5fad8d017fc2035b273,experiments/p6/c0_window_causal/retrained-v1-seed42/p6_c0.log,1873,a337c88195292845db7c41de7ead90c02d840fbc224e7dfc8daa8ef5c45ccbca
Ada-MGAD-e2e-v2-c0causal,37eed5c21a6ed472ba51d5fad8d017fc2035b273,experiments/p6/c0_window_causal/retrained-v1-seed42/real_window_causality_gate.json,653,3e7d3504ec2ef49fd6b359bced1312e177b04cf07d663cd9ce3fb675ef54e231
Ada-MGAD-e2e-v2-c0causal,37eed5c21a6ed472ba51d5fad8d017fc2035b273,experiments/p6/c0_window_causal/retrained-v1-seed42/training_log.json,16022,df3dc210652c2a2eecc2bdf9162db6d5c4a2b13f748ac5b212137bc6e001b840
Ada-MGAD-e2e-v2-c0causal,37eed5c21a6ed472ba51d5fad8d017fc2035b273,experiments/p6/c0_window_causal/retrained-v1-seed42/validation_episodes.csv,216260,48ec17de8437e0ea01ea490df414af4c8f3e3c3a08f881bd8724bb2696eb20a6
Ada-MGAD-e2e-v2-c0causal,37eed5c21a6ed472ba51d5fad8d017fc2035b273,experiments/p6/c0_window_causal/retrained-v1-seed42/validation_gt.csv,259687,c522cd913b07508598bc0506ff7111ce9ffdb22a7704227f924f06d2dbd1b7bc
Ada-MGAD-e2e-v2-c0causal,37eed5c21a6ed472ba51d5fad8d017fc2035b273,experiments/p6/c0_window_causal/retrained-v1-seed42/validation_matching.csv,524820,d00d02f31f35fc3540f097449542d52e9c31ee3a068a9d1570fddcc54a3665af
Ada-MGAD-e2e-v2-c0causal,37eed5c21a6ed472ba51d5fad8d017fc2035b273,experiments/p6/c0_window_causal/retrained-v1-seed42/validation_predictions.csv,2257088,393b221f73f3025ffd253c1ace8a419fdadae22d56ed54f5553fa7c841874bad
Ada-MGAD-e2e-v2-c0causal,37eed5c21a6ed472ba51d5fad8d017fc2035b273,experiments/p6/c0_window_causal/retrained-v1-seed42/validation_selection.json,19192,196582641cbbba0234ab18e6f96d2ca1d2b297646ce884888b4bb809f768a133
Ada-MGAD-e2e-v2-c0causal,37eed5c21a6ed472ba51d5fad8d017fc2035b273,experiments/p6/c0f_failure_audit/c0f-correction-20260923T0755Z/analysis_validation.json,296,ad7a15071946ca8749cbfc26c134304b3771c8e610fe1b8b2bbb81c01767fdde
Ada-MGAD-e2e-v2-c0causal,37eed5c21a6ed472ba51d5fad8d017fc2035b273,experiments/p6/c0f_failure_audit/c0f-correction-20260923T0755Z/audit_config.json,3064,6e66534cd7adb078d7342fd189a891d59e8dd1b9c893868cbf06f92c34c6c820
Ada-MGAD-e2e-v2-c0causal,37eed5c21a6ed472ba51d5fad8d017fc2035b273,experiments/p6/c0f_failure_audit/c0f-correction-20260923T0755Z/capacity_summary.json,13508,aaa4fe3bc740aad3c1b97dac8a8c9224fcdc766b59e693f2b07a678139eccbda
Ada-MGAD-e2e-v2-c0causal,37eed5c21a6ed472ba51d5fad8d017fc2035b273,experiments/p6/c0f_failure_audit/c0f-correction-20260923T0755Z/completion_manifest.json,76920,faabd0a5e6486a89c6e6e3cab1af8f146af6cdab9fe5e728c027f5d18f80745a
Ada-MGAD-e2e-v2-c0causal,37eed5c21a6ed472ba51d5fad8d017fc2035b273,experiments/p6/c0f_failure_audit/c0f-correction-20260923T0755Z/confounding_tables.json,196447,676bf2913aefd265292b4d25c6c8fc11d9bec5813f5aebf9a3d7a6e49933487d
Ada-MGAD-e2e-v2-c0causal,37eed5c21a6ed472ba51d5fad8d017fc2035b273,experiments/p6/c0f_failure_audit/c0f-correction-20260923T0755Z/correction_summary.json,1427,95cdd9d0c51a29a47d84b851a8dda40c3d56e877203793781c4701a6852db181
Ada-MGAD-e2e-v2-c0causal,37eed5c21a6ed472ba51d5fad8d017fc2035b273,experiments/p6/c0f_failure_audit/c0f-correction-20260923T0755Z/decision.json,21910,3cdf539f1bfe2367c9e0e34430118a565645a293138e121970832cce7984c552
Ada-MGAD-e2e-v2-c0causal,37eed5c21a6ed472ba51d5fad8d017fc2035b273,experiments/p6/c0f_failure_audit/c0f-correction-20260923T0755Z/evidence_ledger.json,7998,eaf1b0a9bb641e3dd59c540512f03a61a793b4ebb83c7115b19f86ac7318e1fe
Ada-MGAD-e2e-v2-c0causal,37eed5c21a6ed472ba51d5fad8d017fc2035b273,experiments/p6/c0f_failure_audit/c0f-correction-20260923T0755Z/final_report.md,12767,cfac59ff1f3d4ac489a3c11b9670e43e3e8216999019e821d1711970fdfea656
Ada-MGAD-e2e-v2-c0causal,37eed5c21a6ed472ba51d5fad8d017fc2035b273,experiments/p6/c0f_failure_audit/c0f-correction-20260923T0755Z/input_integrity_after.json,227,bc834dc3b45aa4814b8e27a6d7b15d88994488d574057dcf8e18c5647782c7e4
Ada-MGAD-e2e-v2-c0causal,37eed5c21a6ed472ba51d5fad8d017fc2035b273,experiments/p6/c0f_failure_audit/c0f-correction-20260923T0755Z/input_manifest.json,1272,8a22a55fe1b951a78aa30fa6a185339f45235779a9b0c4a92852cc97f11fa972
Ada-MGAD-e2e-v2-c0causal,37eed5c21a6ed472ba51d5fad8d017fc2035b273,experiments/p6/c0f_failure_audit/c0f-correction-20260923T0755Z/input_snapshot.json,254827,1fdc4e0e3b82c9849e7e965471ee4431621aa3b8b7d9ec86f7afbc0fa5b9b87f
Ada-MGAD-e2e-v2-c0causal,37eed5c21a6ed472ba51d5fad8d017fc2035b273,experiments/p6/c0f_failure_audit/c0f-correction-20260923T0755Z/isolation_summary.json,46108,439b4311ae6cdeeb896971b52602928cd8f8f00581b1762b7dc199338eb8cdd9
Ada-MGAD-e2e-v2-c0causal,37eed5c21a6ed472ba51d5fad8d017fc2035b273,experiments/p6/c0f_failure_audit/c0f-correction-20260923T0755Z/ledger_invariants.json,520,a497cd0e28dc4627d27a343038ecda70ff3e2cd2c7579674175c7b0c1ebe8ab3
Ada-MGAD-e2e-v2-c0causal,37eed5c21a6ed472ba51d5fad8d017fc2035b273,experiments/p6/c0f_failure_audit/c0f-correction-20260923T0755Z/reuse_provenance.json,1297,5d40d373429d92073ad1f677ed930107abdcfec9973afa3fd940c00d79a6ad82
Ada-MGAD-e2e-v2-c0causal,37eed5c21a6ed472ba51d5fad8d017fc2035b273,experiments/p6/c0f_failure_audit/c0f-correction-20260923T0755Z/run_state.json,70344,4f58cdf5cf3c06bcc2b8ea3b12a608c6c9287a8a996a4ae0007f2a3cede3fb78
Ada-MGAD-e2e-v2-c0causal,37eed5c21a6ed472ba51d5fad8d017fc2035b273,experiments/p6/c0f_failure_audit/c0f-correction-20260923T0755Z/source_integrity.json,8617,ae61ded34933922feea8dad052f115aa50abf7c311593f0a49f47b5e73270e73
Ada-MGAD-e2e-v2-c0causal,37eed5c21a6ed472ba51d5fad8d017fc2035b273,experiments/p6/c0f_failure_audit/c0f-correction-20260923T0755Z/source_snapshot.json,27487,808bb33502694359a809657c56db3bc4ecf1a67887e45ba4c7949e67009d17fe
Ada-MGAD-e2e-v2-c0causal,37eed5c21a6ed472ba51d5fad8d017fc2035b273,experiments/p6/c0f_failure_audit/c0f-correction-20260923T0755Z/split_population_checks.json,968,e5cad5ac9211384da9c73c83304625bb4274585228b1b733edd92f4352dfd820
Ada-MGAD-e2e-v2-c0causal,37eed5c21a6ed472ba51d5fad8d017fc2035b273,experiments/p6/c0f_failure_audit/c0f-correction-20260923T0755Z/stratified_summary.json,38692,c3d3148227ad27756001b6d6b7ba1fadb603e390741e29fad34fcb8292c4962e
Ada-MGAD-e2e-v2-c0causal,37eed5c21a6ed472ba51d5fad8d017fc2035b273,experiments/p6/c0f_failure_audit/c0f-correction-20260923T0755Z/test_artifact_verification.json,1286,0385232d6ff22eb82747264c9bdf7a4d0f6b4112b40a5edc9675ec12ddd72282
Ada-MGAD-e2e-v2-c0causal,37eed5c21a6ed472ba51d5fad8d017fc2035b273,experiments/p6/c0f_failure_audit/c0f-correction-20260923T0755Z/test_results.json,1478,001ef8cbe1e1997d6a608df763aefb994e5d99b6e932f97de0c4cf88b4aa504e
Ada-MGAD-e2e-v2-c0causal,37eed5c21a6ed472ba51d5fad8d017fc2035b273,experiments/p6/c0f_failure_audit/c0f-correction-20260923T0755Z/validation_replay.json,1781,e802370c18a4bc38e497d3ab398705a0434f91bbe8c02dbf1710c7f1ad904360
Ada-MGAD-e2e-v2-c0causal,37eed5c21a6ed472ba51d5fad8d017fc2035b273,experiments/p6/c0f_failure_audit/c0f-seed42-20260919T0700/audit_config.json,2705,078c633bc1097b558439d0bc247118bf079cdbc177eac2bbe26a83b628bbbf40
Ada-MGAD-e2e-v2-c0causal,37eed5c21a6ed472ba51d5fad8d017fc2035b273,experiments/p6/c0f_failure_audit/c0f-seed42-20260919T0700/capacity_summary.json,12933,e479dfa5b2af41d141b4fd08ecbfa76a107148e57ade5e17eaa818b880821124
Ada-MGAD-e2e-v2-c0causal,37eed5c21a6ed472ba51d5fad8d017fc2035b273,experiments/p6/c0f_failure_audit/c0f-seed42-20260919T0700/completion_manifest.json,16950,97e1fd3e34da06e7b64808b9f38372628c7007b9a2533c46582b50e5b7ace53a
Ada-MGAD-e2e-v2-c0causal,37eed5c21a6ed472ba51d5fad8d017fc2035b273,experiments/p6/c0f_failure_audit/c0f-seed42-20260919T0700/confounding_tables.json,27744,bab17cda93dcb9747e23cd4519396edc2975e38bc31ed96e2ad3fc2d8fe5c9c6
Ada-MGAD-e2e-v2-c0causal,37eed5c21a6ed472ba51d5fad8d017fc2035b273,experiments/p6/c0f_failure_audit/c0f-seed42-20260919T0700/decision.json,20118,9eb7ca1ee3c04c4b8fdc1d0a9a75b873add03bfce61b026f0e4abc9f55ba9493
Ada-MGAD-e2e-v2-c0causal,37eed5c21a6ed472ba51d5fad8d017fc2035b273,experiments/p6/c0f_failure_audit/c0f-seed42-20260919T0700/evidence_ledger.json,5830,1eaca4aac0c592a5110acadb7681366ceba696f0fedc1803ec1c03379d16f90b
Ada-MGAD-e2e-v2-c0causal,37eed5c21a6ed472ba51d5fad8d017fc2035b273,experiments/p6/c0f_failure_audit/c0f-seed42-20260919T0700/final_report.md,9472,563ac665ce2641c94e80a4bd12e124473956db1c49113eb60859ba4f6f2a291f
Ada-MGAD-e2e-v2-c0causal,37eed5c21a6ed472ba51d5fad8d017fc2035b273,experiments/p6/c0f_failure_audit/c0f-seed42-20260919T0700/input_manifest.json,1267,cd5a7b02c8e78bb6021343dd2e76ca8d87819503afdecefc8cb80c5fcfdc48ef
Ada-MGAD-e2e-v2-c0causal,37eed5c21a6ed472ba51d5fad8d017fc2035b273,experiments/p6/c0f_failure_audit/c0f-seed42-20260919T0700/ledger_invariants.json,520,a497cd0e28dc4627d27a343038ecda70ff3e2cd2c7579674175c7b0c1ebe8ab3
Ada-MGAD-e2e-v2-c0causal,37eed5c21a6ed472ba51d5fad8d017fc2035b273,experiments/p6/c0f_failure_audit/c0f-seed42-20260919T0700/run_state.json,1983,5c81eb7dfb89d713ac40de4da60d8f9803b89ac1c6260ff9ca7a07e59fe40edc
Ada-MGAD-e2e-v2-c0causal,37eed5c21a6ed472ba51d5fad8d017fc2035b273,experiments/p6/c0f_failure_audit/c0f-seed42-20260919T0700/source_integrity.json,4603,7507a5bb490607692a0c7e4065f1ba79e8cde8d67305f4d8f20638feb6228c8d
Ada-MGAD-e2e-v2-c0causal,37eed5c21a6ed472ba51d5fad8d017fc2035b273,experiments/p6/c0f_failure_audit/c0f-seed42-20260919T0700/split_population_checks.json,968,e5cad5ac9211384da9c73c83304625bb4274585228b1b733edd92f4352dfd820
Ada-MGAD-e2e-v2-c0causal,37eed5c21a6ed472ba51d5fad8d017fc2035b273,experiments/p6/c0f_failure_audit/c0f-seed42-20260919T0700/stratified_summary.json,35445,babde167b0390f10a20108026516463a250f74340fcd46c8729e386610f39b57
Ada-MGAD-e2e-v2-c0causal,37eed5c21a6ed472ba51d5fad8d017fc2035b273,experiments/p6/c0f_failure_audit/c0f-seed42-20260919T0700/test_artifact_verification.json,1190,ccec4113e1846fd3509fc626a6cc14a7b64fe05ae31fa81c31bcf9ab68e22e28
Ada-MGAD-e2e-v2-c0causal,37eed5c21a6ed472ba51d5fad8d017fc2035b273,experiments/p6/c0f_failure_audit/c0f-seed42-20260919T0700/validation_replay.json,1781,24ea8a62815c7c6172bac2e3e3a0f3bfc639b803fc8bbd28c17d9e33c98fb93f
Ada-MGAD-e2e-v2-c0causal,37eed5c21a6ed472ba51d5fad8d017fc2035b273,experiments/p6/c0f_failure_audit/code-checks-20260923T075346Z/test_results.json,1175,51017a28cf2e25a31b463a4d5ead6ec19bc3062006a0f72ce40da0a60dbc43df
Ada-MGAD-e2e-v2-c0causal,37eed5c21a6ed472ba51d5fad8d017fc2035b273,experiments/p6/c0r2_trainval_dev/positive-logit-rise-v2/results.json,4986,773f05832dcefb568cc867f3eb716c3db2be234cf57d539ede7ca6a59b5dc9f0
Ada-MGAD-e2e-v2-c0causal,37eed5c21a6ed472ba51d5fad8d017fc2035b273,experiments/p6/c1_feasibility/c1-g1-20260923T105441Z/feasibility_ledger.json,25618,80718e06a801f4a4cfac085eec999285a162b4e1ebf5afff082f17925a99b3da
Ada-MGAD-e2e-v2-c0causal,37eed5c21a6ed472ba51d5fad8d017fc2035b273,experiments/p6/c1_feasibility/c1-g1-20260923T105441Z/final_report.md,8811,48c72507b5cc43f5254906be5e983547d584ca0a1a979a919e6e970112efbfc4
Ada-MGAD-e2e-v2-c0causal,37eed5c21a6ed472ba51d5fad8d017fc2035b273,experiments/p6/c1_prefix_metric_audit/c1-fold1-metric-audit-v1-20260929/candidate_ledger.csv,729152,0b25bf30626055af55d6b35ab3fe9f8ff3a375b9023b9ade6bcc8f592923edf5
Ada-MGAD-e2e-v2-c0causal,37eed5c21a6ed472ba51d5fad8d017fc2035b273,experiments/p6/c1_prefix_metric_audit/c1-fold1-metric-audit-v1-20260929/completion_manifest.json,2015,322e3bf69bd9aaa16b4b0b667a3fd98802175bdd91ec655585f7c97c765ef847
Ada-MGAD-e2e-v2-c0causal,37eed5c21a6ed472ba51d5fad8d017fc2035b273,experiments/p6/c1_prefix_metric_audit/c1-fold1-metric-audit-v1-20260929/summary.json,2334,f951ebf8419d6499dfe3864e04b4c7f3ab04f258eb3c3d40a3f2ecc43623ae1a
Ada-MGAD-e2e-v2-c0causal,37eed5c21a6ed472ba51d5fad8d017fc2035b273,experiments/p6/c1_protocol/c1-g2-py38-correction-20260924T0831Z/correction_manifest.json,2340,36a6406c80c0545f81e37f2cb4df0a1bbf5e341d5f92094631be487417f88a34
Ada-MGAD-e2e-v2-c0causal,37eed5c21a6ed472ba51d5fad8d017fc2035b273,experiments/p6/c1_protocol/c1-g2-py38-correction-20260924T0831Z/correction_report.md,3511,757d796360596b4155d91f40ed3b29cb78cc547dba0ecff819ff1a5496a58857
Ada-MGAD-e2e-v2-c0causal,37eed5c21a6ed472ba51d5fad8d017fc2035b273,experiments/p6/c1_protocol/c1-g2-v1-20260924/design_lock_report.md,2211,105b44683c01ffc8ef6eded385ec1dc3d6032415e40c58cdfd2815595c02a23f
Ada-MGAD-e2e-v2-c0causal,37eed5c21a6ed472ba51d5fad8d017fc2035b273,experiments/p6/c1_protocol/c1-g2-v1-20260924/raw_content_manifest.json,1584322,03bdefc1ad817802a9f015a5cc07c71f5e8d625c66c5d5e9fbff31d0d5671718
Ada-MGAD-e2e-v2-c0causal,37eed5c21a6ed472ba51d5fad8d017fc2035b273,experiments/p6/c1_supervision_oos/c1-supervision-oos-v1-seed42/evaluation/c1_results.json,1947819,d94b67c6631229c8994b491156d616a29062537fda6955bb9a44908609786b6c
Ada-MGAD-e2e-v2-c0causal,37eed5c21a6ed472ba51d5fad8d017fc2035b273,experiments/p6/c1_supervision_oos/c1-supervision-oos-v1-seed42/evaluation/c2_failure_ledger.csv,1266920,2d7dd0703147a7f67d8e77b17f9be03be43b63baa733f7891b6f653852acef5c
Ada-MGAD-e2e-v2-c0causal,37eed5c21a6ed472ba51d5fad8d017fc2035b273,experiments/p6/c1_supervision_oos/c1-supervision-oos-v1-seed42/evaluation/c2_failure_summary.json,669,382829e8258b95882ef741004ae2715a98cc01dcd53cc11229cc12abb48c2b95
Ada-MGAD-e2e-v2-c0causal,37eed5c21a6ed472ba51d5fad8d017fc2035b273,experiments/p6/c1_supervision_oos/c1-supervision-oos-v1-seed42/evaluation/c2_full_diagnosis.json,17914,3b6635e497916cc0be7ba06f466772d1d884544d5819fa519714e3b1e2157beb
Ada-MGAD-e2e-v2-c0causal,37eed5c21a6ed472ba51d5fad8d017fc2035b273,experiments/p6/c1_supervision_oos/c1-supervision-oos-v1-seed42/evaluation/c2_raw_matching.csv,1155905,986a55d59a6f809a0a6961d76eca5402624ae776bcbd170afb935a24862a09ab
Ada-MGAD-e2e-v2-c0causal,37eed5c21a6ed472ba51d5fad8d017fc2035b273,experiments/p6/c1_supervision_oos/c1-supervision-oos-v1-seed42/evaluation/c2_stage1_reference.json,1754,104ca7578bd204131f5785fa27b9b97eb08470343f149742c74b83195f8e10c9
Ada-MGAD-e2e-v2-c0causal,37eed5c21a6ed472ba51d5fad8d017fc2035b273,experiments/p6/c1_supervision_oos/c1-supervision-oos-v1-seed42/evaluation/completion_manifest.json,4210,c113bd2b18967e9f0fac4a227bed7c19e5659f6f13833ba4b21040a9a1b9730e
Ada-MGAD-e2e-v2-c0causal,37eed5c21a6ed472ba51d5fad8d017fc2035b273,experiments/p6/c1_supervision_oos/c1-supervision-oos-v1-seed42/evaluation/oracle_a_diagnostic.json,269,d1838b5efefa11087fbbb6ecc9949740d6fbb0ece02316ec243e06cb1e4dc1ae
Ada-MGAD-e2e-v2-c0causal,37eed5c21a6ed472ba51d5fad8d017fc2035b273,experiments/p6/c1_supervision_oos/c1-supervision-oos-v1-seed42/evaluation/oracle_a_rankings.csv,990811,5a7c9576a448ce7a2a9688a214626cc3176919305643f4e89e1dada7c899eec4
Ada-MGAD-e2e-v2-c0causal,37eed5c21a6ed472ba51d5fad8d017fc2035b273,experiments/p6/c1_supervision_oos/c1-supervision-oos-v1-seed42/folds/fold_01/completion_manifest.json,9087,e5ee5d1ee7f825b18e7ef69f4764182284547d3940c77771855a40468c9b3d3c
Ada-MGAD-e2e-v2-c0causal,37eed5c21a6ed472ba51d5fad8d017fc2035b273,experiments/p6/c1_supervision_oos/c1-supervision-oos-v1-seed42/folds/fold_01/detector/completion_manifest.json,4312,77f0e0bc4f07aad21799db077c09c3d657dc5c2c106d24460257742c33df5220
Ada-MGAD-e2e-v2-c0causal,37eed5c21a6ed472ba51d5fad8d017fc2035b273,experiments/p6/c1_supervision_oos/c1-supervision-oos-v1-seed42/folds/fold_01/detector/generation_episodes.csv,106723,856797f52561e1fdc0a9a0e5ab00885ad5a0267d5ccf58f0d943e2bfde31f664
Ada-MGAD-e2e-v2-c0causal,37eed5c21a6ed472ba51d5fad8d017fc2035b273,experiments/p6/c1_supervision_oos/c1-supervision-oos-v1-seed42/folds/fold_01/detector/generation_scores.csv,750379,6e6a1343939cfbe52c5ea0cf33aa8c7d44cd656c9e5e8641a4fc1f01f0ecb9bc
Ada-MGAD-e2e-v2-c0causal,37eed5c21a6ed472ba51d5fad8d017fc2035b273,experiments/p6/c1_supervision_oos/c1-supervision-oos-v1-seed42/folds/fold_01/detector/selection.json,773,e96b42fda9f874a04866e984d36f9b32feb24cfabb9d0baf9dda72285fa85f45
Ada-MGAD-e2e-v2-c0causal,37eed5c21a6ed472ba51d5fad8d017fc2035b273,experiments/p6/c1_supervision_oos/c1-supervision-oos-v1-seed42/folds/fold_01/detector/training_log.json,19221,64dd055eb00531ae43fcead33e103fc1ec55fb6f364518eaec53daae4829a026
Ada-MGAD-e2e-v2-c0causal,37eed5c21a6ed472ba51d5fad8d017fc2035b273,experiments/p6/c1_supervision_oos/c1-supervision-oos-v1-seed42/folds/fold_02/completion_manifest.json,9096,51006c83a351a1794832be0f82fcee35bceeec0a2a1382df1c61b9e2dc7f252c
Ada-MGAD-e2e-v2-c0causal,37eed5c21a6ed472ba51d5fad8d017fc2035b273,experiments/p6/c1_supervision_oos/c1-supervision-oos-v1-seed42/folds/fold_02/detector/completion_manifest.json,4281,1ac2392e356f0da8e56fd1c944fbc86f5492d882424d942eeb12523f81a4642b
Ada-MGAD-e2e-v2-c0causal,37eed5c21a6ed472ba51d5fad8d017fc2035b273,experiments/p6/c1_supervision_oos/c1-supervision-oos-v1-seed42/folds/fold_02/detector/generation_episodes.csv,130039,237fa6eb7af28143ba38568ab9c19f5ee2cfb23c2fed25de2d680fd11ee7383a
Ada-MGAD-e2e-v2-c0causal,37eed5c21a6ed472ba51d5fad8d017fc2035b273,experiments/p6/c1_supervision_oos/c1-supervision-oos-v1-seed42/folds/fold_02/detector/generation_scores.csv,753899,7abb1f0398658ada10897f17b4f271ff084f6b1daf1e9c1adeddfb667eb3b02f
Ada-MGAD-e2e-v2-c0causal,37eed5c21a6ed472ba51d5fad8d017fc2035b273,experiments/p6/c1_supervision_oos/c1-supervision-oos-v1-seed42/folds/fold_02/detector/selection.json,741,3449a63b37f5184f9fbd86888843d6e9d8605c3b0b6502635528ff139fd3db3f
Ada-MGAD-e2e-v2-c0causal,37eed5c21a6ed472ba51d5fad8d017fc2035b273,experiments/p6/c1_supervision_oos/c1-supervision-oos-v1-seed42/folds/fold_02/detector/training_log.json,12434,9cb70fe0d388f2f964a539d9c9d21608b6aa8c710a5b097f0f71fbf27162458b
Ada-MGAD-e2e-v2-c0causal,37eed5c21a6ed472ba51d5fad8d017fc2035b273,experiments/p6/c1_supervision_oos/c1-supervision-oos-v1-seed42/folds/fold_03/completion_manifest.json,9096,a965256b6152dc4310918aa48ce7fe893ed5207d7c5022101ae3dfa818034934
Ada-MGAD-e2e-v2-c0causal,37eed5c21a6ed472ba51d5fad8d017fc2035b273,experiments/p6/c1_supervision_oos/c1-supervision-oos-v1-seed42/folds/fold_03/detector/completion_manifest.json,4300,1e94bc29015731fe875de21506a2ad16589ef7a5dce77bf00d3fb16d66c15d56
Ada-MGAD-e2e-v2-c0causal,37eed5c21a6ed472ba51d5fad8d017fc2035b273,experiments/p6/c1_supervision_oos/c1-supervision-oos-v1-seed42/folds/fold_03/detector/generation_episodes.csv,125838,6519b6f514e75972054b3d458c4dcb9320e6c4e3bfcf65a68bb8a3af7282fb05
Ada-MGAD-e2e-v2-c0causal,37eed5c21a6ed472ba51d5fad8d017fc2035b273,experiments/p6/c1_supervision_oos/c1-supervision-oos-v1-seed42/folds/fold_03/detector/generation_scores.csv,753500,3756b817680de25addd174fc2a60ebc9c934ac3ec5fdac1bbc8484de080d117f
Ada-MGAD-e2e-v2-c0causal,37eed5c21a6ed472ba51d5fad8d017fc2035b273,experiments/p6/c1_supervision_oos/c1-supervision-oos-v1-seed42/folds/fold_03/detector/selection.json,760,f73355c10d70746fffafaf12a3f8bf8bccdbfa4c85d0ea3110e630e73f3b40e8
Ada-MGAD-e2e-v2-c0causal,37eed5c21a6ed472ba51d5fad8d017fc2035b273,experiments/p6/c1_supervision_oos/c1-supervision-oos-v1-seed42/folds/fold_03/detector/training_log.json,12517,971f380db43fd6bb6f0d62044007ee0e865a6d94815d31dedca0e533c645006d
Ada-MGAD-e2e-v2-c0causal,37eed5c21a6ed472ba51d5fad8d017fc2035b273,experiments/p6/c1_supervision_oos/c1-supervision-oos-v1-seed42/g1_static/completion_manifest.json,5866,935abdc91db5fa1ddba7cb26455508433dace34c11ffa92087243f2ee7afab23
Ada-MGAD-e2e-v2-c0causal,37eed5c21a6ed472ba51d5fad8d017fc2035b273,experiments/p6/c1_supervision_oos/c1-supervision-oos-v1-seed42/g1_static/fold_manifest.json,11117,017d4b2e87d737ee7d1f3f729a63fed4775e9e8181ec04214ddda6883310d4e5
Ada-MGAD-e2e-v2-c0causal,37eed5c21a6ed472ba51d5fad8d017fc2035b273,experiments/p6/c1_supervision_oos/c1-supervision-oos-v1-seed42/g1_static/input_manifest.json,7333,a316f306e8b117b8aa9739b468c39f4cd6523310b48ad02f83f2c2f346abd3a1
Ada-MGAD-e2e-v2-c0causal,37eed5c21a6ed472ba51d5fad8d017fc2035b273,experiments/p6/c1_supervision_oos/c1-supervision-oos-v1-seed42/g1_static/integrity_report.md,1692,2afcab0765547b1e0d75aa464eff2e98e3029e857eceef1435718078395ace22
Ada-MGAD-e2e-v2-c0causal,37eed5c21a6ed472ba51d5fad8d017fc2035b273,experiments/p6/c1_supervision_oos/c1-supervision-oos-v1-seed42/g1_static/static_population.json,1545,83a5e20726f20866060bd7014784687d3860b0ccc63a76c6c0820817b311f7eb
Ada-MGAD-e2e-v2-c0causal,37eed5c21a6ed472ba51d5fad8d017fc2035b273,experiments/p6/c1_supervision_oos/c1-supervision-oos-v1-seed42/predictions/completion_manifest.json,3671,19777b7f4656f3e8b360e1ecb618dc5d0dc8a0e63a15df59596a1d87be746216
Ada-MGAD-e2e-v2-c0causal,37eed5c21a6ed472ba51d5fad8d017fc2035b273,experiments/p6/c1_supervision_oos/c1-supervision-oos-v1-seed42/predictions/prediction_lock.json,6883,ee9500730e7b982557de31d9fd138c13e09e5af397b11354e88b305f0233c967
Ada-MGAD-e2e-v2-c0causal,37eed5c21a6ed472ba51d5fad8d017fc2035b273,experiments/p6/c1_supervision_oos/c1-supervision-oos-v1-seed42/predictions/scope_rankings.csv,1596904,b444a4d92c601430b79a3fee5e6fcddc97c3a8573cd20bd0c16a828d5bf6a650
Ada-MGAD-e2e-v2-c0causal,37eed5c21a6ed472ba51d5fad8d017fc2035b273,experiments/p6/c1_supervision_oos/c1-supervision-oos-v1-seed42/rca/arm_b.json,753,2ba84aa9ec52b488db82b2dadce049c9c0105f2147176ff5716ba4d15ee8a4c7
Ada-MGAD-e2e-v2-c0causal,37eed5c21a6ed472ba51d5fad8d017fc2035b273,experiments/p6/c1_supervision_oos/c1-supervision-oos-v1-seed42/rca/arm_c.json,752,6132941dd09f098a4c711c954ddec473eac11de63f5b094586413d95d7e6ca27
Ada-MGAD-e2e-v2-c0causal,37eed5c21a6ed472ba51d5fad8d017fc2035b273,experiments/p6/c1_supervision_oos/c1-supervision-oos-v1-seed42/rca/completion_manifest.json,3538,2e446855d9e9cff34c684e8472d7510d1deb3cf5849aa9d8461e7d456127e9b0
Ada-MGAD-e2e-v2-c0causal,37eed5c21a6ed472ba51d5fad8d017fc2035b273,experiments/p6/c1_supervision_oos/c1-supervision-oos-v1-seed42/run_lock.json,6331,0b5a2b649c31305eec88d631f2d57ef2a45a7d4d643d861478b3a11d620c9c56
Ada-MGAD-e2e-v2-c0causal,37eed5c21a6ed472ba51d5fad8d017fc2035b273,experiments/p6/c1_supervision_oos/c1-supervision-oos-v1-seed42/train_cohort/cases.csv,325878,83ee698981272bfb1f89d1c2d9b1c2c622b63c419a08c251abde2bf7965821dd
Ada-MGAD-e2e-v2-c0causal,37eed5c21a6ed472ba51d5fad8d017fc2035b273,experiments/p6/c1_supervision_oos/c1-supervision-oos-v1-seed42/train_cohort/completion_manifest.json,4746,b36dfaa5ba38bc741e318d8cb9e59e5f225324ff9cd3422b6040faff04634550
Ada-MGAD-e2e-v2-c0causal,37eed5c21a6ed472ba51d5fad8d017fc2035b273,experiments/p6/c1_supervision_oos/c1-supervision-oos-v1-seed42/train_cohort/exclusions.csv,1760,3f5dc5665be94d84e76d3e1e3f84756ae4fdd00e2f42dc96eed7ac3de3941cd6
Ada-MGAD-e2e-v2-c0causal,37eed5c21a6ed472ba51d5fad8d017fc2035b273,experiments/p6/c1_supervision_oos/c1-supervision-oos-v1-seed42/train_cohort/matching.csv,811460,5c3aa3085f03c2061af4e89e06f6a2f138e0bf69395e2deba438a61a643d8db4
Ada-MGAD-e2e-v2-c0causal,37eed5c21a6ed472ba51d5fad8d017fc2035b273,experiments/p6/score_decomposition/classification/diagnosis_metrics.json,2093,60fe8440d8c42b2d3a842f7a7c7e4ae861c226ca622ae7eb1923b979c9d44a8e
Ada-MGAD-e2e-v2-c0causal,37eed5c21a6ed472ba51d5fad8d017fc2035b273,experiments/p6/score_decomposition/classification/event_metrics.json,5147,f40cd2d1f1940bf80eeb298a9350fec848e7b4e64b8730999fb0ed37decd3827
Ada-MGAD-e2e-v2-c0causal,37eed5c21a6ed472ba51d5fad8d017fc2035b273,experiments/p6/score_decomposition/classification/localization_metrics.json,28925,ceab500c6dee1d5d0fe39a18534c887edfc8355b6491b3535e12a44a423cd4f8
Ada-MGAD-e2e-v2-c0causal,37eed5c21a6ed472ba51d5fad8d017fc2035b273,experiments/p6/score_decomposition/classification/rca_metrics.json,5581,d8416b903e9babb73045ae016fa7ef8fc20adf7e9c100a25c25d54b767eba99f
Ada-MGAD-e2e-v2-c0causal,37eed5c21a6ed472ba51d5fad8d017fc2035b273,experiments/p6/score_decomposition/classification/threshold.json,1217,db3862ddb8e2b5d78cee4a4693cc7a5bc56919af20ef592134dbdd571bc6c56d
Ada-MGAD-e2e-v2-c0causal,37eed5c21a6ed472ba51d5fad8d017fc2035b273,experiments/p6/score_decomposition/common_cases.csv,783153,0bb6bf3e435baf179c4cb1e1deda4bdc42c749d513865a3fcc50d4abf1bdb396
Ada-MGAD-e2e-v2-c0causal,37eed5c21a6ed472ba51d5fad8d017fc2035b273,experiments/p6/score_decomposition/comparison.json,92985,ce6965fe10c1773e4c0021f8eb5cb1121e8c96a655067520d20d6dec3efb5190
Ada-MGAD-e2e-v2-c0causal,37eed5c21a6ed472ba51d5fad8d017fc2035b273,experiments/p6/score_decomposition/fused/diagnosis_metrics.json,2085,77d6d3adbb2e76b49b41d16eafb56d4d020faae6d04e25be52ab2a0d209d101c
Ada-MGAD-e2e-v2-c0causal,37eed5c21a6ed472ba51d5fad8d017fc2035b273,experiments/p6/score_decomposition/fused/event_metrics.json,5105,930173c6cec6c10880f6b375fbf363c1dc62988b836ba86c8c6c1ea4604e0bb6
Ada-MGAD-e2e-v2-c0causal,37eed5c21a6ed472ba51d5fad8d017fc2035b273,experiments/p6/score_decomposition/fused/localization_metrics.json,29146,9b230dbaee9901ce3b9d9b8308a1e69e40b782e557611e8bee24239bdbb1c095
Ada-MGAD-e2e-v2-c0causal,37eed5c21a6ed472ba51d5fad8d017fc2035b273,experiments/p6/score_decomposition/fused/rca_metrics.json,5617,d6489f7ed8c2c7563f990e58fdaa17e07feeccd7514f809a3a25c235b8abfb73
Ada-MGAD-e2e-v2-c0causal,37eed5c21a6ed472ba51d5fad8d017fc2035b273,experiments/p6/score_decomposition/fused/threshold.json,1212,8b3b74d8d838c3303c9b2e6c32c25fe5549df0e78a93790caa59ac383ee5d741
Ada-MGAD-e2e-v2-c0causal,37eed5c21a6ed472ba51d5fad8d017fc2035b273,experiments/p6/score_decomposition/label_identity_audit.json,1024,6652840bdf55c317b10d2ae4bf5223d6cde67a541688f5a13261b81d7b710010
Ada-MGAD-e2e-v2-c0causal,37eed5c21a6ed472ba51d5fad8d017fc2035b273,experiments/p6/score_decomposition/manifest.json,7530,65ef6b0a85b907dbc378bafaf712732144a35e5280ae1ab44babb8125f1067ba
Ada-MGAD-e2e-v2-c0causal,37eed5c21a6ed472ba51d5fad8d017fc2035b273,experiments/p6/score_decomposition/prediction_artifacts.json,1626,f552fde50da06bebf0b8aecd020e5e3825a52b279aef900154a419d04be38afc
Ada-MGAD-e2e-v2-c0causal,37eed5c21a6ed472ba51d5fad8d017fc2035b273,experiments/p6/score_decomposition/rca/rca_feature_health.json,1806,015b06395de0fe6b2d6ae799629230ce37068ab119564842e319b9a333035493
Ada-MGAD-e2e-v2-c0causal,37eed5c21a6ed472ba51d5fad8d017fc2035b273,experiments/p6/score_decomposition/rca/rca_feature_manifest.json,2831,7cb9ee84f4e2ce06db7a695027957b25ed69bbd9ccd3865bd2f17f0524c6669e
Ada-MGAD-e2e-v2-c0causal,37eed5c21a6ed472ba51d5fad8d017fc2035b273,experiments/p6/score_decomposition/reconstruction/diagnosis_metrics.json,2069,1f5f35c7ef97acbf3b740dadc011627b5767f60e7933f7df2bbf53ff1888b4c9
Ada-MGAD-e2e-v2-c0causal,37eed5c21a6ed472ba51d5fad8d017fc2035b273,experiments/p6/score_decomposition/reconstruction/event_metrics.json,5142,b54a64b01f5e3f9555d094b85787c1bfe94580121162f2a330781550375c61e4
Ada-MGAD-e2e-v2-c0causal,37eed5c21a6ed472ba51d5fad8d017fc2035b273,experiments/p6/score_decomposition/reconstruction/localization_metrics.json,28269,d35901afceaeac0715266af6d0110c10e444bea83774f7228be90f7a35462b82
Ada-MGAD-e2e-v2-c0causal,37eed5c21a6ed472ba51d5fad8d017fc2035b273,experiments/p6/score_decomposition/reconstruction/rca_metrics.json,5395,6f573174833b1afac5eba0d2eb9b10da85d498e0736d975e1324588575799b7f
Ada-MGAD-e2e-v2-c0causal,37eed5c21a6ed472ba51d5fad8d017fc2035b273,experiments/p6/score_decomposition/reconstruction/threshold.json,1219,001fd77e80047ef147b1b4969420c9063280ea04a25df7a59c36328bcb367140
Ada-MGAD-e2e-v2-c0causal,37eed5c21a6ed472ba51d5fad8d017fc2035b273,experiments/p6/score_decomposition/score_range.json,946,065dbfa7e5b3a6e53e2bc3493fd80448d9613d0b7043d15a314aa1e3f30a20b5
Ada-MGAD-e2e-v2-c0causal,37eed5c21a6ed472ba51d5fad8d017fc2035b273,experiments/p6/score_decomposition/score_replay.json,4465,b292ac3e2b5640703cbda942a161ec5ac048fa0c0263ca15b72089b96385ac3d
Ada-MGAD-e2e-v2-c0causal,37eed5c21a6ed472ba51d5fad8d017fc2035b273,experiments/p6/system_event_trigger/manifest.json,28509,cb222bb5c21d20d8a7546e8b1ee1b4882daaac5d4a397d0e07655fe646cf9794
Ada-MGAD-e2e-v2-c0causal,37eed5c21a6ed472ba51d5fad8d017fc2035b273,experiments/p6/system_event_trigger/split_audit.json,12293,e5c60574f4c36ba5c7ebddbc869ede70f6f9aa83cf35c46fd611dbfba310463e
Ada-MGAD-e2e-v2-c0causal,37eed5c21a6ed472ba51d5fad8d017fc2035b273,experiments/p6/system_event_trigger/split_manifest.json,8121,1cad441a2d207379ffd8838bc2d655e9c68f3e03b6f4f7e666413a0b33aca193
Ada-MGAD-e2e-v2-c0causal,37eed5c21a6ed472ba51d5fad8d017fc2035b273,experiments/p6/system_event_trigger/test_metrics.json,14261,2968632cc4da1b807d976d8bb1c449f9d755cb1c15d2ee43bcd440b74946ce5b
Ada-MGAD-e2e-v2-c0causal,37eed5c21a6ed472ba51d5fad8d017fc2035b273,experiments/p6/system_event_trigger/training_log.json,18166,fcd54effee28206a6cdc964458bedb98c17a26906b58497140e42b567150b48a
Ada-MGAD-e2e-v2-c0causal,37eed5c21a6ed472ba51d5fad8d017fc2035b273,experiments/p6/system_event_trigger/validation_selection.json,21174,b5167c8d5df9cd9eebd7812cb76733799aa3f7829f3fe1a2c5cdb0ec51715a24
Ada-MGAD-e2e-v2-c0e2e,7d5af1738adc409a8bcbc123c186b880f269e7cf,experiments/p6/c0_causal_comparison/nn-vs-xgb-v1/comparison.json,59375,194a78013eaf73f575d5ba543954e463d426ab12bed5d9416be22b2de14c0497
Ada-MGAD-e2e-v2-c0e2e,7d5af1738adc409a8bcbc123c186b880f269e7cf,experiments/p6/c0_causal_comparison/nn-vs-xgb-v1/reference_records/checkpoint_impact/checkpoint_audit.json,2442,1ec753291ba1387a8faaeefa27be1d3082661d5b4e5afd46093170cb34f65192
Ada-MGAD-e2e-v2-c0e2e,7d5af1738adc409a8bcbc123c186b880f269e7cf,experiments/p6/c0_causal_comparison/nn-vs-xgb-v1/reference_records/checkpoint_impact/completion_manifest.json,1381,b64a4afa2cfba8899a96445a5cbf8715caccdeab08f812746cddfeb0dc35e031
Ada-MGAD-e2e-v2-c0e2e,7d5af1738adc409a8bcbc123c186b880f269e7cf,experiments/p6/c0_causal_comparison/nn-vs-xgb-v1/reference_records/checkpoint_impact/development_input_lock.json,4693,4cba75bf00e68482994c91109659f1b62143b26451ee5147acb6a520c795175b
Ada-MGAD-e2e-v2-c0e2e,7d5af1738adc409a8bcbc123c186b880f269e7cf,experiments/p6/c0_causal_comparison/nn-vs-xgb-v1/reference_records/checkpoint_impact/real_window_causality_gate.json,673,5cfcd0a8bed2684db3ab472a3c706e278b531a0514ba4da61bb0a6f8dc9ad309
Ada-MGAD-e2e-v2-c0e2e,7d5af1738adc409a8bcbc123c186b880f269e7cf,experiments/p6/c0_causal_comparison/nn-vs-xgb-v1/reference_records/nn/completion_manifest.json,1361,05ed46d33516b5b58fb5ed02f29dadfc965c5b1efb5083455578a3ac3279d43c
Ada-MGAD-e2e-v2-c0e2e,7d5af1738adc409a8bcbc123c186b880f269e7cf,experiments/p6/c0_causal_comparison/nn-vs-xgb-v1/reference_records/nn/development_input_lock.json,4693,4cba75bf00e68482994c91109659f1b62143b26451ee5147acb6a520c795175b
Ada-MGAD-e2e-v2-c0e2e,7d5af1738adc409a8bcbc123c186b880f269e7cf,experiments/p6/c0_causal_comparison/nn-vs-xgb-v1/reference_records/nn/real_window_causality_gate.json,653,3e7d3504ec2ef49fd6b359bced1312e177b04cf07d663cd9ce3fb675ef54e231
Ada-MGAD-e2e-v2-c0e2e,7d5af1738adc409a8bcbc123c186b880f269e7cf,experiments/p6/c0_causal_comparison/nn-vs-xgb-v1/reference_records/nn/training_log.json,16022,df3dc210652c2a2eecc2bdf9162db6d5c4a2b13f748ac5b212137bc6e001b840
Ada-MGAD-e2e-v2-c0e2e,7d5af1738adc409a8bcbc123c186b880f269e7cf,experiments/p6/c0_causal_comparison/nn-vs-xgb-v1/reference_records/nn/validation_selection.json,19192,196582641cbbba0234ab18e6f96d2ca1d2b297646ce884888b4bb809f768a133
Ada-MGAD-e2e-v2-c0e2e,7d5af1738adc409a8bcbc123c186b880f269e7cf,experiments/p6/c0_causal_comparison/nn-vs-xgb-v1/reference_records/xgb_original_fit/development_input_lock.json,5091,1031cfb1ba9801b837744d055a4fbe967ceb4cc372f90dd0616876456c708629
Ada-MGAD-e2e-v2-c0e2e,7d5af1738adc409a8bcbc123c186b880f269e7cf,experiments/p6/c0_causal_comparison/nn-vs-xgb-v1/reference_records/xgb_original_fit/failure_record.json,367,da36a5d1ce1c57fcdf8706ccaa714cb4ae7c936bfba1d9c02175728e801dac2d
Ada-MGAD-e2e-v2-c0e2e,7d5af1738adc409a8bcbc123c186b880f269e7cf,experiments/p6/c0_causal_comparison/nn-vs-xgb-v1/reference_records/xgb_original_fit/feature_lock.json,669,692a85d45b08e4024da5622cf4a7b81cac2a475440a889ced0bdc086a231875f
Ada-MGAD-e2e-v2-c0e2e,7d5af1738adc409a8bcbc123c186b880f269e7cf,experiments/p6/c0_causal_comparison/nn-vs-xgb-v1/reference_records/xgb_original_fit/fit_report.json,1617,2f658dfff15c1639efdceef7616a1468ffc54dfda0a0e26ef1f6be7bed8fd118
Ada-MGAD-e2e-v2-c0e2e,7d5af1738adc409a8bcbc123c186b880f269e7cf,experiments/p6/c0_causal_comparison/nn-vs-xgb-v1/reference_records/xgb_original_fit/validation_prediction_lock.json,402,7ffd8934c8023941444523263c1489009da8c8f056440d777bca665e1d946717
Ada-MGAD-e2e-v2-c0e2e,7d5af1738adc409a8bcbc123c186b880f269e7cf,experiments/p6/c0_causal_comparison/nn-vs-xgb-v1/research_manifest.json,4788,44c8b0130db6947a07a778a79ba09c8d5691bfd607ffad907b417ac28fe42b6a
Ada-MGAD-e2e-v2-c0e2e,7d5af1738adc409a8bcbc123c186b880f269e7cf,experiments/p6/c0_flat_xgb/finalized-v1-seed42/completion_manifest.json,1327,a30d583f4945a94a8af79de5af34caea0daf7cfe3fd0688a92554192738bb180
Ada-MGAD-e2e-v2-c0e2e,7d5af1738adc409a8bcbc123c186b880f269e7cf,experiments/p6/c0_flat_xgb/finalized-v1-seed42/finalization_input_lock.json,6678,83443fac0726f04910c4e1a889f463f4f23b2111154f9af0179708e69c4af4a0
Ada-MGAD-e2e-v2-c0e2e,7d5af1738adc409a8bcbc123c186b880f269e7cf,experiments/p6/c0_flat_xgb/finalized-v1-seed42/fit_report.json,1617,2f658dfff15c1639efdceef7616a1468ffc54dfda0a0e26ef1f6be7bed8fd118
Ada-MGAD-e2e-v2-c0e2e,7d5af1738adc409a8bcbc123c186b880f269e7cf,experiments/p6/c0_flat_xgb/finalized-v1-seed42/validation_prediction_lock.json,346,5c3bce054f7113128eb55410a19c23f2be4a51a23a37928e44d47344931321af
Ada-MGAD-e2e-v2-c0e2e,7d5af1738adc409a8bcbc123c186b880f269e7cf,experiments/p6/c0_flat_xgb/finalized-v1-seed42/validation_selection.json,4132,98363249a2b7a755b3622947b03c13b5b12f80fa01de7a6268bcb18be357261d
Ada-MGAD-e2e-v2-c0e2e,7d5af1738adc409a8bcbc123c186b880f269e7cf,experiments/p6/c0_long_weight/development_comparison_v1.json,25913,2666db85e9422a7063b23b377efcc6a5fc205706ed7e38fafb27267eb5519f77
Ada-MGAD-e2e-v2-c0e2e,7d5af1738adc409a8bcbc123c186b880f269e7cf,experiments/p6/c0_long_weight/gpu-control-v1-seed42/development_manifest.json,3907,54c217f08b951c75fbb45650e8bb599f79bec2d36e582104ed9f9c0a82fa96dd
Ada-MGAD-e2e-v2-c0e2e,7d5af1738adc409a8bcbc123c186b880f269e7cf,experiments/p6/c0_long_weight/gpu-control-v1-seed42/p6_c0.log,2590,8eedf228216f7e2ec31260ec44fa2906d98b1aa853e1f7d2248e5091fa7c28c1
Ada-MGAD-e2e-v2-c0e2e,7d5af1738adc409a8bcbc123c186b880f269e7cf,experiments/p6/c0_long_weight/gpu-control-v1-seed42/split_audit.json,12327,8715dd6f2cc8b5e3dc4458a00c060450ab0acd2291989c37571941e35e3d516f
Ada-MGAD-e2e-v2-c0e2e,7d5af1738adc409a8bcbc123c186b880f269e7cf,experiments/p6/c0_long_weight/gpu-control-v1-seed42/split_manifest.json,8130,d1e01a7d582135d860def8389e0c57f842964c5842cb8b389fdfbbf95582a6dd
Ada-MGAD-e2e-v2-c0e2e,7d5af1738adc409a8bcbc123c186b880f269e7cf,experiments/p6/c0_long_weight/gpu-control-v1-seed42/training_log.json,10778,91c12d57d43d39dc6e70e8a42ace6f4fa695b53afcc55998c9e2b82547c9aa3f
Ada-MGAD-e2e-v2-c0e2e,7d5af1738adc409a8bcbc123c186b880f269e7cf,experiments/p6/c0_long_weight/gpu-control-v1-seed42/validation_episodes.csv,214650,38871d4b941cc49ac665907fb97dd2e86f6369bb8841d03980869c3ad46e3379
Ada-MGAD-e2e-v2-c0e2e,7d5af1738adc409a8bcbc123c186b880f269e7cf,experiments/p6/c0_long_weight/gpu-control-v1-seed42/validation_matching.csv,522796,8bf838043e19e4e250e19ce72fa67cbea712ea0873074a1523408e3f3957586b
Ada-MGAD-e2e-v2-c0e2e,7d5af1738adc409a8bcbc123c186b880f269e7cf,experiments/p6/c0_long_weight/gpu-control-v1-seed42/validation_predictions.csv,2251307,dfbd8ff19fb3fe171a117ee062ae05a080ff47e69f8b845b173b00ea9ede27a7
Ada-MGAD-e2e-v2-c0e2e,7d5af1738adc409a8bcbc123c186b880f269e7cf,experiments/p6/c0_long_weight/gpu-control-v1-seed42/validation_selection.json,13913,888d68732bfdb086a0536e6321b8420ad1d4fba11921eb63f2a9577be73b0928
Ada-MGAD-e2e-v2-c0e2e,7d5af1738adc409a8bcbc123c186b880f269e7cf,experiments/p6/c0_long_weight/weighted-v1-seed42/development_manifest.json,3907,97a866e7b277a7f747e5080cd7f03ad46860ed4ad774c44e46a02d905963935e
Ada-MGAD-e2e-v2-c0e2e,7d5af1738adc409a8bcbc123c186b880f269e7cf,experiments/p6/c0_long_weight/weighted-v1-seed42/p6_c0.log,2815,1e93a4a8cd06d75fa0bea51c7450b0ad6aea6eed0d4187373600216e03c7a8b8
Ada-MGAD-e2e-v2-c0e2e,7d5af1738adc409a8bcbc123c186b880f269e7cf,experiments/p6/c0_long_weight/weighted-v1-seed42/split_audit.json,12328,b1365b9be5117c686528a047bb586ea559b05530153ab52dff925307494e6426
Ada-MGAD-e2e-v2-c0e2e,7d5af1738adc409a8bcbc123c186b880f269e7cf,experiments/p6/c0_long_weight/weighted-v1-seed42/split_manifest.json,8130,e15e678cd2c4e186abf24a877b3c6a98c44cb946580f25b2137a129752b45020
Ada-MGAD-e2e-v2-c0e2e,7d5af1738adc409a8bcbc123c186b880f269e7cf,experiments/p6/c0_long_weight/weighted-v1-seed42/training_log.json,12860,5a1bec9c01c5915c049f4098248968f00387afaedc223ada5519095f96479bd7
Ada-MGAD-e2e-v2-c0e2e,7d5af1738adc409a8bcbc123c186b880f269e7cf,experiments/p6/c0_long_weight/weighted-v1-seed42/validation_episodes.csv,215345,c0aa0b05371f3b470def96b533c553dc0a295f811b738d3384acfc11b90c16b4
Ada-MGAD-e2e-v2-c0e2e,7d5af1738adc409a8bcbc123c186b880f269e7cf,experiments/p6/c0_long_weight/weighted-v1-seed42/validation_matching.csv,523619,db378b68a2e4bb8e2a41ded337ae56567bcc6c303511b9f9946d047eb57cbdb8
Ada-MGAD-e2e-v2-c0e2e,7d5af1738adc409a8bcbc123c186b880f269e7cf,experiments/p6/c0_long_weight/weighted-v1-seed42/validation_predictions.csv,2252354,19c6d75fdcb7c5c9dab3aace09d70ae3c73b7396e9419afb3a7fb93e2d4794e1
Ada-MGAD-e2e-v2-c0e2e,7d5af1738adc409a8bcbc123c186b880f269e7cf,experiments/p6/c0_long_weight/weighted-v1-seed42/validation_selection.json,16606,a34856d67c7889833e6106bc4c40537aa344f051c43d0b6c71ec8e640e9cb9c2
Ada-MGAD-e2e-v2-c0e2e,7d5af1738adc409a8bcbc123c186b880f269e7cf,experiments/p6/c0_raw_onset_observability/raw-onset-v1/fit_clean_events.csv,519986,b42d0a714339ffb1f8bf07294a5fa822c48893f58bfe0475d60ab86a7aa0404a
Ada-MGAD-e2e-v2-c0e2e,7d5af1738adc409a8bcbc123c186b880f269e7cf,experiments/p6/c0_raw_onset_observability/raw-onset-v1/fit_pseudo_onsets.csv,70246,b36db52779b7a745a4e47c5cf4d686b1dea0a53be2a453debdbba61e1d45f531
Ada-MGAD-e2e-v2-c0e2e,7d5af1738adc409a8bcbc123c186b880f269e7cf,experiments/p6/c0_raw_onset_observability/raw-onset-v1/results.json,20440,2d8b1882fdb9a9310f9b74f848adc54033654d3a27a7ef707f609d84957d1378
Ada-MGAD-e2e-v2-c0e2e,7d5af1738adc409a8bcbc123c186b880f269e7cf,experiments/p6/c0_raw_onset_observability/raw-onset-v1/validation_clean_events.csv,171016,e9715164e6b527b0570aa2ed35a4281f0847910a8356e7bcad8b53e3796181a1
Ada-MGAD-e2e-v2-c0e2e,7d5af1738adc409a8bcbc123c186b880f269e7cf,experiments/p6/c0_raw_onset_observability/raw-onset-v1/validation_pseudo_onsets.csv,47187,53eb1bdcf265069cca9079495d92aae7f88415475312bdaf6da8d8e0a39dff10
Ada-MGAD-e2e-v2-c0e2e,7d5af1738adc409a8bcbc123c186b880f269e7cf,experiments/p6/c0f_failure_audit/c0f-correction-20260923T0755Z/analysis_validation.json,296,ad7a15071946ca8749cbfc26c134304b3771c8e610fe1b8b2bbb81c01767fdde
Ada-MGAD-e2e-v2-c0e2e,7d5af1738adc409a8bcbc123c186b880f269e7cf,experiments/p6/c0f_failure_audit/c0f-correction-20260923T0755Z/audit_config.json,3064,6e66534cd7adb078d7342fd189a891d59e8dd1b9c893868cbf06f92c34c6c820
Ada-MGAD-e2e-v2-c0e2e,7d5af1738adc409a8bcbc123c186b880f269e7cf,experiments/p6/c0f_failure_audit/c0f-correction-20260923T0755Z/capacity_summary.json,13508,aaa4fe3bc740aad3c1b97dac8a8c9224fcdc766b59e693f2b07a678139eccbda
Ada-MGAD-e2e-v2-c0e2e,7d5af1738adc409a8bcbc123c186b880f269e7cf,experiments/p6/c0f_failure_audit/c0f-correction-20260923T0755Z/completion_manifest.json,76920,faabd0a5e6486a89c6e6e3cab1af8f146af6cdab9fe5e728c027f5d18f80745a
Ada-MGAD-e2e-v2-c0e2e,7d5af1738adc409a8bcbc123c186b880f269e7cf,experiments/p6/c0f_failure_audit/c0f-correction-20260923T0755Z/confounding_tables.json,196447,676bf2913aefd265292b4d25c6c8fc11d9bec5813f5aebf9a3d7a6e49933487d
Ada-MGAD-e2e-v2-c0e2e,7d5af1738adc409a8bcbc123c186b880f269e7cf,experiments/p6/c0f_failure_audit/c0f-correction-20260923T0755Z/correction_summary.json,1427,95cdd9d0c51a29a47d84b851a8dda40c3d56e877203793781c4701a6852db181
Ada-MGAD-e2e-v2-c0e2e,7d5af1738adc409a8bcbc123c186b880f269e7cf,experiments/p6/c0f_failure_audit/c0f-correction-20260923T0755Z/decision.json,21910,3cdf539f1bfe2367c9e0e34430118a565645a293138e121970832cce7984c552
Ada-MGAD-e2e-v2-c0e2e,7d5af1738adc409a8bcbc123c186b880f269e7cf,experiments/p6/c0f_failure_audit/c0f-correction-20260923T0755Z/evidence_ledger.json,7998,eaf1b0a9bb641e3dd59c540512f03a61a793b4ebb83c7115b19f86ac7318e1fe
Ada-MGAD-e2e-v2-c0e2e,7d5af1738adc409a8bcbc123c186b880f269e7cf,experiments/p6/c0f_failure_audit/c0f-correction-20260923T0755Z/final_report.md,12767,cfac59ff1f3d4ac489a3c11b9670e43e3e8216999019e821d1711970fdfea656
Ada-MGAD-e2e-v2-c0e2e,7d5af1738adc409a8bcbc123c186b880f269e7cf,experiments/p6/c0f_failure_audit/c0f-correction-20260923T0755Z/input_integrity_after.json,227,bc834dc3b45aa4814b8e27a6d7b15d88994488d574057dcf8e18c5647782c7e4
Ada-MGAD-e2e-v2-c0e2e,7d5af1738adc409a8bcbc123c186b880f269e7cf,experiments/p6/c0f_failure_audit/c0f-correction-20260923T0755Z/input_manifest.json,1272,8a22a55fe1b951a78aa30fa6a185339f45235779a9b0c4a92852cc97f11fa972
Ada-MGAD-e2e-v2-c0e2e,7d5af1738adc409a8bcbc123c186b880f269e7cf,experiments/p6/c0f_failure_audit/c0f-correction-20260923T0755Z/input_snapshot.json,254827,1fdc4e0e3b82c9849e7e965471ee4431621aa3b8b7d9ec86f7afbc0fa5b9b87f
Ada-MGAD-e2e-v2-c0e2e,7d5af1738adc409a8bcbc123c186b880f269e7cf,experiments/p6/c0f_failure_audit/c0f-correction-20260923T0755Z/isolation_summary.json,46108,439b4311ae6cdeeb896971b52602928cd8f8f00581b1762b7dc199338eb8cdd9
Ada-MGAD-e2e-v2-c0e2e,7d5af1738adc409a8bcbc123c186b880f269e7cf,experiments/p6/c0f_failure_audit/c0f-correction-20260923T0755Z/ledger_invariants.json,520,a497cd0e28dc4627d27a343038ecda70ff3e2cd2c7579674175c7b0c1ebe8ab3
Ada-MGAD-e2e-v2-c0e2e,7d5af1738adc409a8bcbc123c186b880f269e7cf,experiments/p6/c0f_failure_audit/c0f-correction-20260923T0755Z/reuse_provenance.json,1297,5d40d373429d92073ad1f677ed930107abdcfec9973afa3fd940c00d79a6ad82
Ada-MGAD-e2e-v2-c0e2e,7d5af1738adc409a8bcbc123c186b880f269e7cf,experiments/p6/c0f_failure_audit/c0f-correction-20260923T0755Z/run_state.json,70344,4f58cdf5cf3c06bcc2b8ea3b12a608c6c9287a8a996a4ae0007f2a3cede3fb78
Ada-MGAD-e2e-v2-c0e2e,7d5af1738adc409a8bcbc123c186b880f269e7cf,experiments/p6/c0f_failure_audit/c0f-correction-20260923T0755Z/source_integrity.json,8617,ae61ded34933922feea8dad052f115aa50abf7c311593f0a49f47b5e73270e73
Ada-MGAD-e2e-v2-c0e2e,7d5af1738adc409a8bcbc123c186b880f269e7cf,experiments/p6/c0f_failure_audit/c0f-correction-20260923T0755Z/source_snapshot.json,27487,808bb33502694359a809657c56db3bc4ecf1a67887e45ba4c7949e67009d17fe
Ada-MGAD-e2e-v2-c0e2e,7d5af1738adc409a8bcbc123c186b880f269e7cf,experiments/p6/c0f_failure_audit/c0f-correction-20260923T0755Z/split_population_checks.json,968,e5cad5ac9211384da9c73c83304625bb4274585228b1b733edd92f4352dfd820
Ada-MGAD-e2e-v2-c0e2e,7d5af1738adc409a8bcbc123c186b880f269e7cf,experiments/p6/c0f_failure_audit/c0f-correction-20260923T0755Z/stratified_summary.json,38692,c3d3148227ad27756001b6d6b7ba1fadb603e390741e29fad34fcb8292c4962e
Ada-MGAD-e2e-v2-c0e2e,7d5af1738adc409a8bcbc123c186b880f269e7cf,experiments/p6/c0f_failure_audit/c0f-correction-20260923T0755Z/test_artifact_verification.json,1286,0385232d6ff22eb82747264c9bdf7a4d0f6b4112b40a5edc9675ec12ddd72282
Ada-MGAD-e2e-v2-c0e2e,7d5af1738adc409a8bcbc123c186b880f269e7cf,experiments/p6/c0f_failure_audit/c0f-correction-20260923T0755Z/test_results.json,1478,001ef8cbe1e1997d6a608df763aefb994e5d99b6e932f97de0c4cf88b4aa504e
Ada-MGAD-e2e-v2-c0e2e,7d5af1738adc409a8bcbc123c186b880f269e7cf,experiments/p6/c0f_failure_audit/c0f-correction-20260923T0755Z/validation_replay.json,1781,e802370c18a4bc38e497d3ab398705a0434f91bbe8c02dbf1710c7f1ad904360
Ada-MGAD-e2e-v2-c0e2e,7d5af1738adc409a8bcbc123c186b880f269e7cf,experiments/p6/c0f_failure_audit/c0f-seed42-20260919T0700/audit_config.json,2705,078c633bc1097b558439d0bc247118bf079cdbc177eac2bbe26a83b628bbbf40
Ada-MGAD-e2e-v2-c0e2e,7d5af1738adc409a8bcbc123c186b880f269e7cf,experiments/p6/c0f_failure_audit/c0f-seed42-20260919T0700/capacity_summary.json,12933,e479dfa5b2af41d141b4fd08ecbfa76a107148e57ade5e17eaa818b880821124
Ada-MGAD-e2e-v2-c0e2e,7d5af1738adc409a8bcbc123c186b880f269e7cf,experiments/p6/c0f_failure_audit/c0f-seed42-20260919T0700/completion_manifest.json,16950,97e1fd3e34da06e7b64808b9f38372628c7007b9a2533c46582b50e5b7ace53a
Ada-MGAD-e2e-v2-c0e2e,7d5af1738adc409a8bcbc123c186b880f269e7cf,experiments/p6/c0f_failure_audit/c0f-seed42-20260919T0700/confounding_tables.json,27744,bab17cda93dcb9747e23cd4519396edc2975e38bc31ed96e2ad3fc2d8fe5c9c6
Ada-MGAD-e2e-v2-c0e2e,7d5af1738adc409a8bcbc123c186b880f269e7cf,experiments/p6/c0f_failure_audit/c0f-seed42-20260919T0700/decision.json,20118,9eb7ca1ee3c04c4b8fdc1d0a9a75b873add03bfce61b026f0e4abc9f55ba9493
Ada-MGAD-e2e-v2-c0e2e,7d5af1738adc409a8bcbc123c186b880f269e7cf,experiments/p6/c0f_failure_audit/c0f-seed42-20260919T0700/evidence_ledger.json,5830,1eaca4aac0c592a5110acadb7681366ceba696f0fedc1803ec1c03379d16f90b
Ada-MGAD-e2e-v2-c0e2e,7d5af1738adc409a8bcbc123c186b880f269e7cf,experiments/p6/c0f_failure_audit/c0f-seed42-20260919T0700/final_report.md,9472,563ac665ce2641c94e80a4bd12e124473956db1c49113eb60859ba4f6f2a291f
Ada-MGAD-e2e-v2-c0e2e,7d5af1738adc409a8bcbc123c186b880f269e7cf,experiments/p6/c0f_failure_audit/c0f-seed42-20260919T0700/input_manifest.json,1267,cd5a7b02c8e78bb6021343dd2e76ca8d87819503afdecefc8cb80c5fcfdc48ef
Ada-MGAD-e2e-v2-c0e2e,7d5af1738adc409a8bcbc123c186b880f269e7cf,experiments/p6/c0f_failure_audit/c0f-seed42-20260919T0700/ledger_invariants.json,520,a497cd0e28dc4627d27a343038ecda70ff3e2cd2c7579674175c7b0c1ebe8ab3
Ada-MGAD-e2e-v2-c0e2e,7d5af1738adc409a8bcbc123c186b880f269e7cf,experiments/p6/c0f_failure_audit/c0f-seed42-20260919T0700/run_state.json,1983,5c81eb7dfb89d713ac40de4da60d8f9803b89ac1c6260ff9ca7a07e59fe40edc
Ada-MGAD-e2e-v2-c0e2e,7d5af1738adc409a8bcbc123c186b880f269e7cf,experiments/p6/c0f_failure_audit/c0f-seed42-20260919T0700/source_integrity.json,4603,7507a5bb490607692a0c7e4065f1ba79e8cde8d67305f4d8f20638feb6228c8d
Ada-MGAD-e2e-v2-c0e2e,7d5af1738adc409a8bcbc123c186b880f269e7cf,experiments/p6/c0f_failure_audit/c0f-seed42-20260919T0700/split_population_checks.json,968,e5cad5ac9211384da9c73c83304625bb4274585228b1b733edd92f4352dfd820
Ada-MGAD-e2e-v2-c0e2e,7d5af1738adc409a8bcbc123c186b880f269e7cf,experiments/p6/c0f_failure_audit/c0f-seed42-20260919T0700/stratified_summary.json,35445,babde167b0390f10a20108026516463a250f74340fcd46c8729e386610f39b57
Ada-MGAD-e2e-v2-c0e2e,7d5af1738adc409a8bcbc123c186b880f269e7cf,experiments/p6/c0f_failure_audit/c0f-seed42-20260919T0700/test_artifact_verification.json,1190,ccec4113e1846fd3509fc626a6cc14a7b64fe05ae31fa81c31bcf9ab68e22e28
Ada-MGAD-e2e-v2-c0e2e,7d5af1738adc409a8bcbc123c186b880f269e7cf,experiments/p6/c0f_failure_audit/c0f-seed42-20260919T0700/validation_replay.json,1781,24ea8a62815c7c6172bac2e3e3a0f3bfc639b803fc8bbd28c17d9e33c98fb93f
Ada-MGAD-e2e-v2-c0e2e,7d5af1738adc409a8bcbc123c186b880f269e7cf,experiments/p6/c0f_failure_audit/code-checks-20260923T075346Z/test_results.json,1175,51017a28cf2e25a31b463a4d5ead6ec19bc3062006a0f72ce40da0a60dbc43df
Ada-MGAD-e2e-v2-c0e2e,7d5af1738adc409a8bcbc123c186b880f269e7cf,experiments/p6/c0r2_trainval_dev/positive-logit-rise-v2/results.json,4986,773f05832dcefb568cc867f3eb716c3db2be234cf57d539ede7ca6a59b5dc9f0
Ada-MGAD-e2e-v2-c0e2e,7d5af1738adc409a8bcbc123c186b880f269e7cf,experiments/p6/c1_feasibility/c1-g1-20260923T105441Z/feasibility_ledger.json,25618,80718e06a801f4a4cfac085eec999285a162b4e1ebf5afff082f17925a99b3da
Ada-MGAD-e2e-v2-c0e2e,7d5af1738adc409a8bcbc123c186b880f269e7cf,experiments/p6/c1_feasibility/c1-g1-20260923T105441Z/final_report.md,8811,48c72507b5cc43f5254906be5e983547d584ca0a1a979a919e6e970112efbfc4
Ada-MGAD-e2e-v2-c0e2e,7d5af1738adc409a8bcbc123c186b880f269e7cf,experiments/p6/c1_prefix_metric_audit/c1-fold1-metric-audit-v1-20260929/candidate_ledger.csv,729152,0b25bf30626055af55d6b35ab3fe9f8ff3a375b9023b9ade6bcc8f592923edf5
Ada-MGAD-e2e-v2-c0e2e,7d5af1738adc409a8bcbc123c186b880f269e7cf,experiments/p6/c1_prefix_metric_audit/c1-fold1-metric-audit-v1-20260929/completion_manifest.json,2015,322e3bf69bd9aaa16b4b0b667a3fd98802175bdd91ec655585f7c97c765ef847
Ada-MGAD-e2e-v2-c0e2e,7d5af1738adc409a8bcbc123c186b880f269e7cf,experiments/p6/c1_prefix_metric_audit/c1-fold1-metric-audit-v1-20260929/summary.json,2334,f951ebf8419d6499dfe3864e04b4c7f3ab04f258eb3c3d40a3f2ecc43623ae1a
Ada-MGAD-e2e-v2-c0e2e,7d5af1738adc409a8bcbc123c186b880f269e7cf,experiments/p6/c1_protocol/c1-g2-py38-correction-20260924T0831Z/correction_manifest.json,2340,36a6406c80c0545f81e37f2cb4df0a1bbf5e341d5f92094631be487417f88a34
Ada-MGAD-e2e-v2-c0e2e,7d5af1738adc409a8bcbc123c186b880f269e7cf,experiments/p6/c1_protocol/c1-g2-py38-correction-20260924T0831Z/correction_report.md,3511,757d796360596b4155d91f40ed3b29cb78cc547dba0ecff819ff1a5496a58857
Ada-MGAD-e2e-v2-c0e2e,7d5af1738adc409a8bcbc123c186b880f269e7cf,experiments/p6/c1_protocol/c1-g2-v1-20260924/design_lock_report.md,2211,105b44683c01ffc8ef6eded385ec1dc3d6032415e40c58cdfd2815595c02a23f
Ada-MGAD-e2e-v2-c0e2e,7d5af1738adc409a8bcbc123c186b880f269e7cf,experiments/p6/c1_protocol/c1-g2-v1-20260924/raw_content_manifest.json,1584322,03bdefc1ad817802a9f015a5cc07c71f5e8d625c66c5d5e9fbff31d0d5671718
Ada-MGAD-e2e-v2-c0e2e,7d5af1738adc409a8bcbc123c186b880f269e7cf,experiments/p6/c1_supervision_oos/c1-supervision-oos-v1-seed42/evaluation/c1_results.json,1947819,d94b67c6631229c8994b491156d616a29062537fda6955bb9a44908609786b6c
Ada-MGAD-e2e-v2-c0e2e,7d5af1738adc409a8bcbc123c186b880f269e7cf,experiments/p6/c1_supervision_oos/c1-supervision-oos-v1-seed42/evaluation/c2_failure_ledger.csv,1266920,2d7dd0703147a7f67d8e77b17f9be03be43b63baa733f7891b6f653852acef5c
Ada-MGAD-e2e-v2-c0e2e,7d5af1738adc409a8bcbc123c186b880f269e7cf,experiments/p6/c1_supervision_oos/c1-supervision-oos-v1-seed42/evaluation/c2_failure_summary.json,669,382829e8258b95882ef741004ae2715a98cc01dcd53cc11229cc12abb48c2b95
Ada-MGAD-e2e-v2-c0e2e,7d5af1738adc409a8bcbc123c186b880f269e7cf,experiments/p6/c1_supervision_oos/c1-supervision-oos-v1-seed42/evaluation/c2_full_diagnosis.json,17914,3b6635e497916cc0be7ba06f466772d1d884544d5819fa519714e3b1e2157beb
Ada-MGAD-e2e-v2-c0e2e,7d5af1738adc409a8bcbc123c186b880f269e7cf,experiments/p6/c1_supervision_oos/c1-supervision-oos-v1-seed42/evaluation/c2_raw_matching.csv,1155905,986a55d59a6f809a0a6961d76eca5402624ae776bcbd170afb935a24862a09ab
Ada-MGAD-e2e-v2-c0e2e,7d5af1738adc409a8bcbc123c186b880f269e7cf,experiments/p6/c1_supervision_oos/c1-supervision-oos-v1-seed42/evaluation/c2_stage1_reference.json,1754,104ca7578bd204131f5785fa27b9b97eb08470343f149742c74b83195f8e10c9
Ada-MGAD-e2e-v2-c0e2e,7d5af1738adc409a8bcbc123c186b880f269e7cf,experiments/p6/c1_supervision_oos/c1-supervision-oos-v1-seed42/evaluation/completion_manifest.json,4210,c113bd2b18967e9f0fac4a227bed7c19e5659f6f13833ba4b21040a9a1b9730e
Ada-MGAD-e2e-v2-c0e2e,7d5af1738adc409a8bcbc123c186b880f269e7cf,experiments/p6/c1_supervision_oos/c1-supervision-oos-v1-seed42/evaluation/oracle_a_diagnostic.json,269,d1838b5efefa11087fbbb6ecc9949740d6fbb0ece02316ec243e06cb1e4dc1ae
Ada-MGAD-e2e-v2-c0e2e,7d5af1738adc409a8bcbc123c186b880f269e7cf,experiments/p6/c1_supervision_oos/c1-supervision-oos-v1-seed42/evaluation/oracle_a_rankings.csv,990811,5a7c9576a448ce7a2a9688a214626cc3176919305643f4e89e1dada7c899eec4
Ada-MGAD-e2e-v2-c0e2e,7d5af1738adc409a8bcbc123c186b880f269e7cf,experiments/p6/c1_supervision_oos/c1-supervision-oos-v1-seed42/folds/fold_01/completion_manifest.json,9087,e5ee5d1ee7f825b18e7ef69f4764182284547d3940c77771855a40468c9b3d3c
Ada-MGAD-e2e-v2-c0e2e,7d5af1738adc409a8bcbc123c186b880f269e7cf,experiments/p6/c1_supervision_oos/c1-supervision-oos-v1-seed42/folds/fold_01/detector/completion_manifest.json,4312,77f0e0bc4f07aad21799db077c09c3d657dc5c2c106d24460257742c33df5220
Ada-MGAD-e2e-v2-c0e2e,7d5af1738adc409a8bcbc123c186b880f269e7cf,experiments/p6/c1_supervision_oos/c1-supervision-oos-v1-seed42/folds/fold_01/detector/generation_episodes.csv,106723,856797f52561e1fdc0a9a0e5ab00885ad5a0267d5ccf58f0d943e2bfde31f664
Ada-MGAD-e2e-v2-c0e2e,7d5af1738adc409a8bcbc123c186b880f269e7cf,experiments/p6/c1_supervision_oos/c1-supervision-oos-v1-seed42/folds/fold_01/detector/generation_scores.csv,750379,6e6a1343939cfbe52c5ea0cf33aa8c7d44cd656c9e5e8641a4fc1f01f0ecb9bc
Ada-MGAD-e2e-v2-c0e2e,7d5af1738adc409a8bcbc123c186b880f269e7cf,experiments/p6/c1_supervision_oos/c1-supervision-oos-v1-seed42/folds/fold_01/detector/selection.json,773,e96b42fda9f874a04866e984d36f9b32feb24cfabb9d0baf9dda72285fa85f45
Ada-MGAD-e2e-v2-c0e2e,7d5af1738adc409a8bcbc123c186b880f269e7cf,experiments/p6/c1_supervision_oos/c1-supervision-oos-v1-seed42/folds/fold_01/detector/training_log.json,19221,64dd055eb00531ae43fcead33e103fc1ec55fb6f364518eaec53daae4829a026
Ada-MGAD-e2e-v2-c0e2e,7d5af1738adc409a8bcbc123c186b880f269e7cf,experiments/p6/c1_supervision_oos/c1-supervision-oos-v1-seed42/folds/fold_02/completion_manifest.json,9096,51006c83a351a1794832be0f82fcee35bceeec0a2a1382df1c61b9e2dc7f252c
Ada-MGAD-e2e-v2-c0e2e,7d5af1738adc409a8bcbc123c186b880f269e7cf,experiments/p6/c1_supervision_oos/c1-supervision-oos-v1-seed42/folds/fold_02/detector/completion_manifest.json,4281,1ac2392e356f0da8e56fd1c944fbc86f5492d882424d942eeb12523f81a4642b
Ada-MGAD-e2e-v2-c0e2e,7d5af1738adc409a8bcbc123c186b880f269e7cf,experiments/p6/c1_supervision_oos/c1-supervision-oos-v1-seed42/folds/fold_02/detector/generation_episodes.csv,130039,237fa6eb7af28143ba38568ab9c19f5ee2cfb23c2fed25de2d680fd11ee7383a
Ada-MGAD-e2e-v2-c0e2e,7d5af1738adc409a8bcbc123c186b880f269e7cf,experiments/p6/c1_supervision_oos/c1-supervision-oos-v1-seed42/folds/fold_02/detector/generation_scores.csv,753899,7abb1f0398658ada10897f17b4f271ff084f6b1daf1e9c1adeddfb667eb3b02f
Ada-MGAD-e2e-v2-c0e2e,7d5af1738adc409a8bcbc123c186b880f269e7cf,experiments/p6/c1_supervision_oos/c1-supervision-oos-v1-seed42/folds/fold_02/detector/selection.json,741,3449a63b37f5184f9fbd86888843d6e9d8605c3b0b6502635528ff139fd3db3f
Ada-MGAD-e2e-v2-c0e2e,7d5af1738adc409a8bcbc123c186b880f269e7cf,experiments/p6/c1_supervision_oos/c1-supervision-oos-v1-seed42/folds/fold_02/detector/training_log.json,12434,9cb70fe0d388f2f964a539d9c9d21608b6aa8c710a5b097f0f71fbf27162458b
Ada-MGAD-e2e-v2-c0e2e,7d5af1738adc409a8bcbc123c186b880f269e7cf,experiments/p6/c1_supervision_oos/c1-supervision-oos-v1-seed42/folds/fold_03/completion_manifest.json,9096,a965256b6152dc4310918aa48ce7fe893ed5207d7c5022101ae3dfa818034934
Ada-MGAD-e2e-v2-c0e2e,7d5af1738adc409a8bcbc123c186b880f269e7cf,experiments/p6/c1_supervision_oos/c1-supervision-oos-v1-seed42/folds/fold_03/detector/completion_manifest.json,4300,1e94bc29015731fe875de21506a2ad16589ef7a5dce77bf00d3fb16d66c15d56
Ada-MGAD-e2e-v2-c0e2e,7d5af1738adc409a8bcbc123c186b880f269e7cf,experiments/p6/c1_supervision_oos/c1-supervision-oos-v1-seed42/folds/fold_03/detector/generation_episodes.csv,125838,6519b6f514e75972054b3d458c4dcb9320e6c4e3bfcf65a68bb8a3af7282fb05
Ada-MGAD-e2e-v2-c0e2e,7d5af1738adc409a8bcbc123c186b880f269e7cf,experiments/p6/c1_supervision_oos/c1-supervision-oos-v1-seed42/folds/fold_03/detector/generation_scores.csv,753500,3756b817680de25addd174fc2a60ebc9c934ac3ec5fdac1bbc8484de080d117f
Ada-MGAD-e2e-v2-c0e2e,7d5af1738adc409a8bcbc123c186b880f269e7cf,experiments/p6/c1_supervision_oos/c1-supervision-oos-v1-seed42/folds/fold_03/detector/selection.json,760,f73355c10d70746fffafaf12a3f8bf8bccdbfa4c85d0ea3110e630e73f3b40e8
Ada-MGAD-e2e-v2-c0e2e,7d5af1738adc409a8bcbc123c186b880f269e7cf,experiments/p6/c1_supervision_oos/c1-supervision-oos-v1-seed42/folds/fold_03/detector/training_log.json,12517,971f380db43fd6bb6f0d62044007ee0e865a6d94815d31dedca0e533c645006d
Ada-MGAD-e2e-v2-c0e2e,7d5af1738adc409a8bcbc123c186b880f269e7cf,experiments/p6/c1_supervision_oos/c1-supervision-oos-v1-seed42/g1_static/completion_manifest.json,5866,935abdc91db5fa1ddba7cb26455508433dace34c11ffa92087243f2ee7afab23
Ada-MGAD-e2e-v2-c0e2e,7d5af1738adc409a8bcbc123c186b880f269e7cf,experiments/p6/c1_supervision_oos/c1-supervision-oos-v1-seed42/g1_static/fold_manifest.json,11117,017d4b2e87d737ee7d1f3f729a63fed4775e9e8181ec04214ddda6883310d4e5
Ada-MGAD-e2e-v2-c0e2e,7d5af1738adc409a8bcbc123c186b880f269e7cf,experiments/p6/c1_supervision_oos/c1-supervision-oos-v1-seed42/g1_static/input_manifest.json,7333,a316f306e8b117b8aa9739b468c39f4cd6523310b48ad02f83f2c2f346abd3a1
Ada-MGAD-e2e-v2-c0e2e,7d5af1738adc409a8bcbc123c186b880f269e7cf,experiments/p6/c1_supervision_oos/c1-supervision-oos-v1-seed42/g1_static/integrity_report.md,1692,2afcab0765547b1e0d75aa464eff2e98e3029e857eceef1435718078395ace22
Ada-MGAD-e2e-v2-c0e2e,7d5af1738adc409a8bcbc123c186b880f269e7cf,experiments/p6/c1_supervision_oos/c1-supervision-oos-v1-seed42/g1_static/static_population.json,1545,83a5e20726f20866060bd7014784687d3860b0ccc63a76c6c0820817b311f7eb
Ada-MGAD-e2e-v2-c0e2e,7d5af1738adc409a8bcbc123c186b880f269e7cf,experiments/p6/c1_supervision_oos/c1-supervision-oos-v1-seed42/predictions/completion_manifest.json,3671,19777b7f4656f3e8b360e1ecb618dc5d0dc8a0e63a15df59596a1d87be746216
Ada-MGAD-e2e-v2-c0e2e,7d5af1738adc409a8bcbc123c186b880f269e7cf,experiments/p6/c1_supervision_oos/c1-supervision-oos-v1-seed42/predictions/prediction_lock.json,6883,ee9500730e7b982557de31d9fd138c13e09e5af397b11354e88b305f0233c967
Ada-MGAD-e2e-v2-c0e2e,7d5af1738adc409a8bcbc123c186b880f269e7cf,experiments/p6/c1_supervision_oos/c1-supervision-oos-v1-seed42/predictions/scope_rankings.csv,1596904,b444a4d92c601430b79a3fee5e6fcddc97c3a8573cd20bd0c16a828d5bf6a650
Ada-MGAD-e2e-v2-c0e2e,7d5af1738adc409a8bcbc123c186b880f269e7cf,experiments/p6/c1_supervision_oos/c1-supervision-oos-v1-seed42/rca/arm_b.json,753,2ba84aa9ec52b488db82b2dadce049c9c0105f2147176ff5716ba4d15ee8a4c7
Ada-MGAD-e2e-v2-c0e2e,7d5af1738adc409a8bcbc123c186b880f269e7cf,experiments/p6/c1_supervision_oos/c1-supervision-oos-v1-seed42/rca/arm_c.json,752,6132941dd09f098a4c711c954ddec473eac11de63f5b094586413d95d7e6ca27
Ada-MGAD-e2e-v2-c0e2e,7d5af1738adc409a8bcbc123c186b880f269e7cf,experiments/p6/c1_supervision_oos/c1-supervision-oos-v1-seed42/rca/completion_manifest.json,3538,2e446855d9e9cff34c684e8472d7510d1deb3cf5849aa9d8461e7d456127e9b0
Ada-MGAD-e2e-v2-c0e2e,7d5af1738adc409a8bcbc123c186b880f269e7cf,experiments/p6/c1_supervision_oos/c1-supervision-oos-v1-seed42/run_lock.json,6331,0b5a2b649c31305eec88d631f2d57ef2a45a7d4d643d861478b3a11d620c9c56
Ada-MGAD-e2e-v2-c0e2e,7d5af1738adc409a8bcbc123c186b880f269e7cf,experiments/p6/c1_supervision_oos/c1-supervision-oos-v1-seed42/train_cohort/cases.csv,325878,83ee698981272bfb1f89d1c2d9b1c2c622b63c419a08c251abde2bf7965821dd
Ada-MGAD-e2e-v2-c0e2e,7d5af1738adc409a8bcbc123c186b880f269e7cf,experiments/p6/c1_supervision_oos/c1-supervision-oos-v1-seed42/train_cohort/completion_manifest.json,4746,b36dfaa5ba38bc741e318d8cb9e59e5f225324ff9cd3422b6040faff04634550
Ada-MGAD-e2e-v2-c0e2e,7d5af1738adc409a8bcbc123c186b880f269e7cf,experiments/p6/c1_supervision_oos/c1-supervision-oos-v1-seed42/train_cohort/exclusions.csv,1760,3f5dc5665be94d84e76d3e1e3f84756ae4fdd00e2f42dc96eed7ac3de3941cd6
Ada-MGAD-e2e-v2-c0e2e,7d5af1738adc409a8bcbc123c186b880f269e7cf,experiments/p6/c1_supervision_oos/c1-supervision-oos-v1-seed42/train_cohort/matching.csv,811460,5c3aa3085f03c2061af4e89e06f6a2f138e0bf69395e2deba438a61a643d8db4
Ada-MGAD-e2e-v2-c0e2e,7d5af1738adc409a8bcbc123c186b880f269e7cf,experiments/p6/score_decomposition/classification/diagnosis_metrics.json,2093,60fe8440d8c42b2d3a842f7a7c7e4ae861c226ca622ae7eb1923b979c9d44a8e
Ada-MGAD-e2e-v2-c0e2e,7d5af1738adc409a8bcbc123c186b880f269e7cf,experiments/p6/score_decomposition/classification/event_metrics.json,5147,f40cd2d1f1940bf80eeb298a9350fec848e7b4e64b8730999fb0ed37decd3827
Ada-MGAD-e2e-v2-c0e2e,7d5af1738adc409a8bcbc123c186b880f269e7cf,experiments/p6/score_decomposition/classification/localization_metrics.json,28925,ceab500c6dee1d5d0fe39a18534c887edfc8355b6491b3535e12a44a423cd4f8
Ada-MGAD-e2e-v2-c0e2e,7d5af1738adc409a8bcbc123c186b880f269e7cf,experiments/p6/score_decomposition/classification/rca_metrics.json,5581,d8416b903e9babb73045ae016fa7ef8fc20adf7e9c100a25c25d54b767eba99f
Ada-MGAD-e2e-v2-c0e2e,7d5af1738adc409a8bcbc123c186b880f269e7cf,experiments/p6/score_decomposition/classification/threshold.json,1217,db3862ddb8e2b5d78cee4a4693cc7a5bc56919af20ef592134dbdd571bc6c56d
Ada-MGAD-e2e-v2-c0e2e,7d5af1738adc409a8bcbc123c186b880f269e7cf,experiments/p6/score_decomposition/common_cases.csv,783153,0bb6bf3e435baf179c4cb1e1deda4bdc42c749d513865a3fcc50d4abf1bdb396
Ada-MGAD-e2e-v2-c0e2e,7d5af1738adc409a8bcbc123c186b880f269e7cf,experiments/p6/score_decomposition/comparison.json,92985,ce6965fe10c1773e4c0021f8eb5cb1121e8c96a655067520d20d6dec3efb5190
Ada-MGAD-e2e-v2-c0e2e,7d5af1738adc409a8bcbc123c186b880f269e7cf,experiments/p6/score_decomposition/fused/diagnosis_metrics.json,2085,77d6d3adbb2e76b49b41d16eafb56d4d020faae6d04e25be52ab2a0d209d101c
Ada-MGAD-e2e-v2-c0e2e,7d5af1738adc409a8bcbc123c186b880f269e7cf,experiments/p6/score_decomposition/fused/event_metrics.json,5105,930173c6cec6c10880f6b375fbf363c1dc62988b836ba86c8c6c1ea4604e0bb6
Ada-MGAD-e2e-v2-c0e2e,7d5af1738adc409a8bcbc123c186b880f269e7cf,experiments/p6/score_decomposition/fused/localization_metrics.json,29146,9b230dbaee9901ce3b9d9b8308a1e69e40b782e557611e8bee24239bdbb1c095
Ada-MGAD-e2e-v2-c0e2e,7d5af1738adc409a8bcbc123c186b880f269e7cf,experiments/p6/score_decomposition/fused/rca_metrics.json,5617,d6489f7ed8c2c7563f990e58fdaa17e07feeccd7514f809a3a25c235b8abfb73
Ada-MGAD-e2e-v2-c0e2e,7d5af1738adc409a8bcbc123c186b880f269e7cf,experiments/p6/score_decomposition/fused/threshold.json,1212,8b3b74d8d838c3303c9b2e6c32c25fe5549df0e78a93790caa59ac383ee5d741
Ada-MGAD-e2e-v2-c0e2e,7d5af1738adc409a8bcbc123c186b880f269e7cf,experiments/p6/score_decomposition/label_identity_audit.json,1024,6652840bdf55c317b10d2ae4bf5223d6cde67a541688f5a13261b81d7b710010
Ada-MGAD-e2e-v2-c0e2e,7d5af1738adc409a8bcbc123c186b880f269e7cf,experiments/p6/score_decomposition/manifest.json,7530,65ef6b0a85b907dbc378bafaf712732144a35e5280ae1ab44babb8125f1067ba
Ada-MGAD-e2e-v2-c0e2e,7d5af1738adc409a8bcbc123c186b880f269e7cf,experiments/p6/score_decomposition/prediction_artifacts.json,1626,f552fde50da06bebf0b8aecd020e5e3825a52b279aef900154a419d04be38afc
Ada-MGAD-e2e-v2-c0e2e,7d5af1738adc409a8bcbc123c186b880f269e7cf,experiments/p6/score_decomposition/rca/rca_feature_health.json,1806,015b06395de0fe6b2d6ae799629230ce37068ab119564842e319b9a333035493
Ada-MGAD-e2e-v2-c0e2e,7d5af1738adc409a8bcbc123c186b880f269e7cf,experiments/p6/score_decomposition/rca/rca_feature_manifest.json,2831,7cb9ee84f4e2ce06db7a695027957b25ed69bbd9ccd3865bd2f17f0524c6669e
Ada-MGAD-e2e-v2-c0e2e,7d5af1738adc409a8bcbc123c186b880f269e7cf,experiments/p6/score_decomposition/reconstruction/diagnosis_metrics.json,2069,1f5f35c7ef97acbf3b740dadc011627b5767f60e7933f7df2bbf53ff1888b4c9
Ada-MGAD-e2e-v2-c0e2e,7d5af1738adc409a8bcbc123c186b880f269e7cf,experiments/p6/score_decomposition/reconstruction/event_metrics.json,5142,b54a64b01f5e3f9555d094b85787c1bfe94580121162f2a330781550375c61e4
Ada-MGAD-e2e-v2-c0e2e,7d5af1738adc409a8bcbc123c186b880f269e7cf,experiments/p6/score_decomposition/reconstruction/localization_metrics.json,28269,d35901afceaeac0715266af6d0110c10e444bea83774f7228be90f7a35462b82
Ada-MGAD-e2e-v2-c0e2e,7d5af1738adc409a8bcbc123c186b880f269e7cf,experiments/p6/score_decomposition/reconstruction/rca_metrics.json,5395,6f573174833b1afac5eba0d2eb9b10da85d498e0736d975e1324588575799b7f
Ada-MGAD-e2e-v2-c0e2e,7d5af1738adc409a8bcbc123c186b880f269e7cf,experiments/p6/score_decomposition/reconstruction/threshold.json,1219,001fd77e80047ef147b1b4969420c9063280ea04a25df7a59c36328bcb367140
Ada-MGAD-e2e-v2-c0e2e,7d5af1738adc409a8bcbc123c186b880f269e7cf,experiments/p6/score_decomposition/score_range.json,946,065dbfa7e5b3a6e53e2bc3493fd80448d9613d0b7043d15a314aa1e3f30a20b5
Ada-MGAD-e2e-v2-c0e2e,7d5af1738adc409a8bcbc123c186b880f269e7cf,experiments/p6/score_decomposition/score_replay.json,4465,b292ac3e2b5640703cbda942a161ec5ac048fa0c0263ca15b72089b96385ac3d
Ada-MGAD-e2e-v2-c0e2e,7d5af1738adc409a8bcbc123c186b880f269e7cf,experiments/p6/system_event_trigger/manifest.json,28509,cb222bb5c21d20d8a7546e8b1ee1b4882daaac5d4a397d0e07655fe646cf9794
Ada-MGAD-e2e-v2-c0e2e,7d5af1738adc409a8bcbc123c186b880f269e7cf,experiments/p6/system_event_trigger/split_audit.json,12293,e5c60574f4c36ba5c7ebddbc869ede70f6f9aa83cf35c46fd611dbfba310463e
Ada-MGAD-e2e-v2-c0e2e,7d5af1738adc409a8bcbc123c186b880f269e7cf,experiments/p6/system_event_trigger/split_manifest.json,8121,1cad441a2d207379ffd8838bc2d655e9c68f3e03b6f4f7e666413a0b33aca193
Ada-MGAD-e2e-v2-c0e2e,7d5af1738adc409a8bcbc123c186b880f269e7cf,experiments/p6/system_event_trigger/test_metrics.json,14261,2968632cc4da1b807d976d8bb1c449f9d755cb1c15d2ee43bcd440b74946ce5b
Ada-MGAD-e2e-v2-c0e2e,7d5af1738adc409a8bcbc123c186b880f269e7cf,experiments/p6/system_event_trigger/training_log.json,18166,fcd54effee28206a6cdc964458bedb98c17a26906b58497140e42b567150b48a
Ada-MGAD-e2e-v2-c0e2e,7d5af1738adc409a8bcbc123c186b880f269e7cf,experiments/p6/system_event_trigger/validation_selection.json,21174,b5167c8d5df9cd9eebd7812cb76733799aa3f7829f3fe1a2c5cdb0ec51715a24
Ada-MGAD-e2e-v2-c0flatxgb,3ade981427b017d1bcaec83dfcbf93d16f20c1e4,experiments/p6/c0_flat_xgb/fixed-v1-seed42/development_input_lock.json,5091,1031cfb1ba9801b837744d055a4fbe967ceb4cc372f90dd0616876456c708629
Ada-MGAD-e2e-v2-c0flatxgb,3ade981427b017d1bcaec83dfcbf93d16f20c1e4,experiments/p6/c0_flat_xgb/fixed-v1-seed42/failure_record.json,367,da36a5d1ce1c57fcdf8706ccaa714cb4ae7c936bfba1d9c02175728e801dac2d
Ada-MGAD-e2e-v2-c0flatxgb,3ade981427b017d1bcaec83dfcbf93d16f20c1e4,experiments/p6/c0_flat_xgb/fixed-v1-seed42/feature_lock.json,669,692a85d45b08e4024da5622cf4a7b81cac2a475440a889ced0bdc086a231875f
Ada-MGAD-e2e-v2-c0flatxgb,3ade981427b017d1bcaec83dfcbf93d16f20c1e4,experiments/p6/c0_flat_xgb/fixed-v1-seed42/fit_features.npy,2487552128,c22efe2cc4b2b8ceaae1487ac651cdb0d91e5d2b08bf32b0a76859fa4f693aa8
Ada-MGAD-e2e-v2-c0flatxgb,3ade981427b017d1bcaec83dfcbf93d16f20c1e4,experiments/p6/c0_flat_xgb/fixed-v1-seed42/fit_report.json,1617,2f658dfff15c1639efdceef7616a1468ffc54dfda0a0e26ef1f6be7bed8fd118
Ada-MGAD-e2e-v2-c0flatxgb,3ade981427b017d1bcaec83dfcbf93d16f20c1e4,experiments/p6/c0_flat_xgb/fixed-v1-seed42/fit_targets.npy,38996,0a33ec826c38f57ae9ba9413a5e79c172fd6a9ed92650c318eee191aa79c6e87
Ada-MGAD-e2e-v2-c0flatxgb,3ade981427b017d1bcaec83dfcbf93d16f20c1e4,experiments/p6/c0_flat_xgb/fixed-v1-seed42/trigger.ubj,223147,54463e621db95de628be8b0fc8a4a8a04a4c6d511f0c936d40f2606a850ac251
Ada-MGAD-e2e-v2-c0flatxgb,3ade981427b017d1bcaec83dfcbf93d16f20c1e4,experiments/p6/c0_flat_xgb/fixed-v1-seed42/validation_features.npy,1114496128,2ecda1fd835f08b8784e14234c7b4abc1f0d34358e92b7a15df0bcac762da225
Ada-MGAD-e2e-v2-c0flatxgb,3ade981427b017d1bcaec83dfcbf93d16f20c1e4,experiments/p6/c0_flat_xgb/fixed-v1-seed42/validation_gt.csv,259687,c522cd913b07508598bc0506ff7111ce9ffdb22a7704227f924f06d2dbd1b7bc
Ada-MGAD-e2e-v2-c0flatxgb,3ade981427b017d1bcaec83dfcbf93d16f20c1e4,experiments/p6/c0_flat_xgb/fixed-v1-seed42/validation_prediction_lock.json,402,7ffd8934c8023941444523263c1489009da8c8f056440d777bca665e1d946717
Ada-MGAD-e2e-v2-c0flatxgb,3ade981427b017d1bcaec83dfcbf93d16f20c1e4,experiments/p6/c0_flat_xgb/fixed-v1-seed42/validation_scores.npy,69784,3be510d0012001260b49796039a5bcdbf1fa90a47fe1c3fa6538915bb09ad716
Ada-MGAD-e2e-v2-c0flatxgb,3ade981427b017d1bcaec83dfcbf93d16f20c1e4,experiments/p6/c0_long_weight/development_comparison_v1.json,25913,2666db85e9422a7063b23b377efcc6a5fc205706ed7e38fafb27267eb5519f77
Ada-MGAD-e2e-v2-c0flatxgb,3ade981427b017d1bcaec83dfcbf93d16f20c1e4,experiments/p6/c0_long_weight/gpu-control-v1-seed42/development_manifest.json,3907,54c217f08b951c75fbb45650e8bb599f79bec2d36e582104ed9f9c0a82fa96dd
Ada-MGAD-e2e-v2-c0flatxgb,3ade981427b017d1bcaec83dfcbf93d16f20c1e4,experiments/p6/c0_long_weight/gpu-control-v1-seed42/p6_c0.log,2590,8eedf228216f7e2ec31260ec44fa2906d98b1aa853e1f7d2248e5091fa7c28c1
Ada-MGAD-e2e-v2-c0flatxgb,3ade981427b017d1bcaec83dfcbf93d16f20c1e4,experiments/p6/c0_long_weight/gpu-control-v1-seed42/split_audit.json,12327,8715dd6f2cc8b5e3dc4458a00c060450ab0acd2291989c37571941e35e3d516f
Ada-MGAD-e2e-v2-c0flatxgb,3ade981427b017d1bcaec83dfcbf93d16f20c1e4,experiments/p6/c0_long_weight/gpu-control-v1-seed42/split_manifest.json,8130,d1e01a7d582135d860def8389e0c57f842964c5842cb8b389fdfbbf95582a6dd
Ada-MGAD-e2e-v2-c0flatxgb,3ade981427b017d1bcaec83dfcbf93d16f20c1e4,experiments/p6/c0_long_weight/gpu-control-v1-seed42/training_log.json,10778,91c12d57d43d39dc6e70e8a42ace6f4fa695b53afcc55998c9e2b82547c9aa3f
Ada-MGAD-e2e-v2-c0flatxgb,3ade981427b017d1bcaec83dfcbf93d16f20c1e4,experiments/p6/c0_long_weight/gpu-control-v1-seed42/validation_episodes.csv,214650,38871d4b941cc49ac665907fb97dd2e86f6369bb8841d03980869c3ad46e3379
Ada-MGAD-e2e-v2-c0flatxgb,3ade981427b017d1bcaec83dfcbf93d16f20c1e4,experiments/p6/c0_long_weight/gpu-control-v1-seed42/validation_matching.csv,522796,8bf838043e19e4e250e19ce72fa67cbea712ea0873074a1523408e3f3957586b
Ada-MGAD-e2e-v2-c0flatxgb,3ade981427b017d1bcaec83dfcbf93d16f20c1e4,experiments/p6/c0_long_weight/gpu-control-v1-seed42/validation_predictions.csv,2251307,dfbd8ff19fb3fe171a117ee062ae05a080ff47e69f8b845b173b00ea9ede27a7
Ada-MGAD-e2e-v2-c0flatxgb,3ade981427b017d1bcaec83dfcbf93d16f20c1e4,experiments/p6/c0_long_weight/gpu-control-v1-seed42/validation_selection.json,13913,888d68732bfdb086a0536e6321b8420ad1d4fba11921eb63f2a9577be73b0928
Ada-MGAD-e2e-v2-c0flatxgb,3ade981427b017d1bcaec83dfcbf93d16f20c1e4,experiments/p6/c0_long_weight/weighted-v1-seed42/development_manifest.json,3907,97a866e7b277a7f747e5080cd7f03ad46860ed4ad774c44e46a02d905963935e
Ada-MGAD-e2e-v2-c0flatxgb,3ade981427b017d1bcaec83dfcbf93d16f20c1e4,experiments/p6/c0_long_weight/weighted-v1-seed42/p6_c0.log,2815,1e93a4a8cd06d75fa0bea51c7450b0ad6aea6eed0d4187373600216e03c7a8b8
Ada-MGAD-e2e-v2-c0flatxgb,3ade981427b017d1bcaec83dfcbf93d16f20c1e4,experiments/p6/c0_long_weight/weighted-v1-seed42/split_audit.json,12328,b1365b9be5117c686528a047bb586ea559b05530153ab52dff925307494e6426
Ada-MGAD-e2e-v2-c0flatxgb,3ade981427b017d1bcaec83dfcbf93d16f20c1e4,experiments/p6/c0_long_weight/weighted-v1-seed42/split_manifest.json,8130,e15e678cd2c4e186abf24a877b3c6a98c44cb946580f25b2137a129752b45020
Ada-MGAD-e2e-v2-c0flatxgb,3ade981427b017d1bcaec83dfcbf93d16f20c1e4,experiments/p6/c0_long_weight/weighted-v1-seed42/training_log.json,12860,5a1bec9c01c5915c049f4098248968f00387afaedc223ada5519095f96479bd7
Ada-MGAD-e2e-v2-c0flatxgb,3ade981427b017d1bcaec83dfcbf93d16f20c1e4,experiments/p6/c0_long_weight/weighted-v1-seed42/validation_episodes.csv,215345,c0aa0b05371f3b470def96b533c553dc0a295f811b738d3384acfc11b90c16b4
Ada-MGAD-e2e-v2-c0flatxgb,3ade981427b017d1bcaec83dfcbf93d16f20c1e4,experiments/p6/c0_long_weight/weighted-v1-seed42/validation_matching.csv,523619,db378b68a2e4bb8e2a41ded337ae56567bcc6c303511b9f9946d047eb57cbdb8
Ada-MGAD-e2e-v2-c0flatxgb,3ade981427b017d1bcaec83dfcbf93d16f20c1e4,experiments/p6/c0_long_weight/weighted-v1-seed42/validation_predictions.csv,2252354,19c6d75fdcb7c5c9dab3aace09d70ae3c73b7396e9419afb3a7fb93e2d4794e1
Ada-MGAD-e2e-v2-c0flatxgb,3ade981427b017d1bcaec83dfcbf93d16f20c1e4,experiments/p6/c0_long_weight/weighted-v1-seed42/validation_selection.json,16606,a34856d67c7889833e6106bc4c40537aa344f051c43d0b6c71ec8e640e9cb9c2
Ada-MGAD-e2e-v2-c0flatxgb,3ade981427b017d1bcaec83dfcbf93d16f20c1e4,experiments/p6/c0_raw_onset_observability/raw-onset-v1/fit_clean_events.csv,519986,b42d0a714339ffb1f8bf07294a5fa822c48893f58bfe0475d60ab86a7aa0404a
Ada-MGAD-e2e-v2-c0flatxgb,3ade981427b017d1bcaec83dfcbf93d16f20c1e4,experiments/p6/c0_raw_onset_observability/raw-onset-v1/fit_pseudo_onsets.csv,70246,b36db52779b7a745a4e47c5cf4d686b1dea0a53be2a453debdbba61e1d45f531
Ada-MGAD-e2e-v2-c0flatxgb,3ade981427b017d1bcaec83dfcbf93d16f20c1e4,experiments/p6/c0_raw_onset_observability/raw-onset-v1/results.json,20440,2d8b1882fdb9a9310f9b74f848adc54033654d3a27a7ef707f609d84957d1378
Ada-MGAD-e2e-v2-c0flatxgb,3ade981427b017d1bcaec83dfcbf93d16f20c1e4,experiments/p6/c0_raw_onset_observability/raw-onset-v1/validation_clean_events.csv,171016,e9715164e6b527b0570aa2ed35a4281f0847910a8356e7bcad8b53e3796181a1
Ada-MGAD-e2e-v2-c0flatxgb,3ade981427b017d1bcaec83dfcbf93d16f20c1e4,experiments/p6/c0_raw_onset_observability/raw-onset-v1/validation_pseudo_onsets.csv,47187,53eb1bdcf265069cca9079495d92aae7f88415475312bdaf6da8d8e0a39dff10
Ada-MGAD-e2e-v2-c0flatxgb,3ade981427b017d1bcaec83dfcbf93d16f20c1e4,experiments/p6/c0f_failure_audit/c0f-correction-20260923T0755Z/analysis_validation.json,296,ad7a15071946ca8749cbfc26c134304b3771c8e610fe1b8b2bbb81c01767fdde
Ada-MGAD-e2e-v2-c0flatxgb,3ade981427b017d1bcaec83dfcbf93d16f20c1e4,experiments/p6/c0f_failure_audit/c0f-correction-20260923T0755Z/audit_config.json,3064,6e66534cd7adb078d7342fd189a891d59e8dd1b9c893868cbf06f92c34c6c820
Ada-MGAD-e2e-v2-c0flatxgb,3ade981427b017d1bcaec83dfcbf93d16f20c1e4,experiments/p6/c0f_failure_audit/c0f-correction-20260923T0755Z/capacity_summary.json,13508,aaa4fe3bc740aad3c1b97dac8a8c9224fcdc766b59e693f2b07a678139eccbda
Ada-MGAD-e2e-v2-c0flatxgb,3ade981427b017d1bcaec83dfcbf93d16f20c1e4,experiments/p6/c0f_failure_audit/c0f-correction-20260923T0755Z/completion_manifest.json,76920,faabd0a5e6486a89c6e6e3cab1af8f146af6cdab9fe5e728c027f5d18f80745a
Ada-MGAD-e2e-v2-c0flatxgb,3ade981427b017d1bcaec83dfcbf93d16f20c1e4,experiments/p6/c0f_failure_audit/c0f-correction-20260923T0755Z/confounding_tables.json,196447,676bf2913aefd265292b4d25c6c8fc11d9bec5813f5aebf9a3d7a6e49933487d
Ada-MGAD-e2e-v2-c0flatxgb,3ade981427b017d1bcaec83dfcbf93d16f20c1e4,experiments/p6/c0f_failure_audit/c0f-correction-20260923T0755Z/correction_summary.json,1427,95cdd9d0c51a29a47d84b851a8dda40c3d56e877203793781c4701a6852db181
Ada-MGAD-e2e-v2-c0flatxgb,3ade981427b017d1bcaec83dfcbf93d16f20c1e4,experiments/p6/c0f_failure_audit/c0f-correction-20260923T0755Z/decision.json,21910,3cdf539f1bfe2367c9e0e34430118a565645a293138e121970832cce7984c552
Ada-MGAD-e2e-v2-c0flatxgb,3ade981427b017d1bcaec83dfcbf93d16f20c1e4,experiments/p6/c0f_failure_audit/c0f-correction-20260923T0755Z/evidence_ledger.json,7998,eaf1b0a9bb641e3dd59c540512f03a61a793b4ebb83c7115b19f86ac7318e1fe
Ada-MGAD-e2e-v2-c0flatxgb,3ade981427b017d1bcaec83dfcbf93d16f20c1e4,experiments/p6/c0f_failure_audit/c0f-correction-20260923T0755Z/final_report.md,12767,cfac59ff1f3d4ac489a3c11b9670e43e3e8216999019e821d1711970fdfea656
Ada-MGAD-e2e-v2-c0flatxgb,3ade981427b017d1bcaec83dfcbf93d16f20c1e4,experiments/p6/c0f_failure_audit/c0f-correction-20260923T0755Z/input_integrity_after.json,227,bc834dc3b45aa4814b8e27a6d7b15d88994488d574057dcf8e18c5647782c7e4
Ada-MGAD-e2e-v2-c0flatxgb,3ade981427b017d1bcaec83dfcbf93d16f20c1e4,experiments/p6/c0f_failure_audit/c0f-correction-20260923T0755Z/input_manifest.json,1272,8a22a55fe1b951a78aa30fa6a185339f45235779a9b0c4a92852cc97f11fa972
Ada-MGAD-e2e-v2-c0flatxgb,3ade981427b017d1bcaec83dfcbf93d16f20c1e4,experiments/p6/c0f_failure_audit/c0f-correction-20260923T0755Z/input_snapshot.json,254827,1fdc4e0e3b82c9849e7e965471ee4431621aa3b8b7d9ec86f7afbc0fa5b9b87f
Ada-MGAD-e2e-v2-c0flatxgb,3ade981427b017d1bcaec83dfcbf93d16f20c1e4,experiments/p6/c0f_failure_audit/c0f-correction-20260923T0755Z/isolation_summary.json,46108,439b4311ae6cdeeb896971b52602928cd8f8f00581b1762b7dc199338eb8cdd9
Ada-MGAD-e2e-v2-c0flatxgb,3ade981427b017d1bcaec83dfcbf93d16f20c1e4,experiments/p6/c0f_failure_audit/c0f-correction-20260923T0755Z/ledger_invariants.json,520,a497cd0e28dc4627d27a343038ecda70ff3e2cd2c7579674175c7b0c1ebe8ab3
Ada-MGAD-e2e-v2-c0flatxgb,3ade981427b017d1bcaec83dfcbf93d16f20c1e4,experiments/p6/c0f_failure_audit/c0f-correction-20260923T0755Z/reuse_provenance.json,1297,5d40d373429d92073ad1f677ed930107abdcfec9973afa3fd940c00d79a6ad82
Ada-MGAD-e2e-v2-c0flatxgb,3ade981427b017d1bcaec83dfcbf93d16f20c1e4,experiments/p6/c0f_failure_audit/c0f-correction-20260923T0755Z/run_state.json,70344,4f58cdf5cf3c06bcc2b8ea3b12a608c6c9287a8a996a4ae0007f2a3cede3fb78
Ada-MGAD-e2e-v2-c0flatxgb,3ade981427b017d1bcaec83dfcbf93d16f20c1e4,experiments/p6/c0f_failure_audit/c0f-correction-20260923T0755Z/source_integrity.json,8617,ae61ded34933922feea8dad052f115aa50abf7c311593f0a49f47b5e73270e73
Ada-MGAD-e2e-v2-c0flatxgb,3ade981427b017d1bcaec83dfcbf93d16f20c1e4,experiments/p6/c0f_failure_audit/c0f-correction-20260923T0755Z/source_snapshot.json,27487,808bb33502694359a809657c56db3bc4ecf1a67887e45ba4c7949e67009d17fe
Ada-MGAD-e2e-v2-c0flatxgb,3ade981427b017d1bcaec83dfcbf93d16f20c1e4,experiments/p6/c0f_failure_audit/c0f-correction-20260923T0755Z/split_population_checks.json,968,e5cad5ac9211384da9c73c83304625bb4274585228b1b733edd92f4352dfd820
Ada-MGAD-e2e-v2-c0flatxgb,3ade981427b017d1bcaec83dfcbf93d16f20c1e4,experiments/p6/c0f_failure_audit/c0f-correction-20260923T0755Z/stratified_summary.json,38692,c3d3148227ad27756001b6d6b7ba1fadb603e390741e29fad34fcb8292c4962e
Ada-MGAD-e2e-v2-c0flatxgb,3ade981427b017d1bcaec83dfcbf93d16f20c1e4,experiments/p6/c0f_failure_audit/c0f-correction-20260923T0755Z/test_artifact_verification.json,1286,0385232d6ff22eb82747264c9bdf7a4d0f6b4112b40a5edc9675ec12ddd72282
Ada-MGAD-e2e-v2-c0flatxgb,3ade981427b017d1bcaec83dfcbf93d16f20c1e4,experiments/p6/c0f_failure_audit/c0f-correction-20260923T0755Z/test_results.json,1478,001ef8cbe1e1997d6a608df763aefb994e5d99b6e932f97de0c4cf88b4aa504e
Ada-MGAD-e2e-v2-c0flatxgb,3ade981427b017d1bcaec83dfcbf93d16f20c1e4,experiments/p6/c0f_failure_audit/c0f-correction-20260923T0755Z/validation_replay.json,1781,e802370c18a4bc38e497d3ab398705a0434f91bbe8c02dbf1710c7f1ad904360
Ada-MGAD-e2e-v2-c0flatxgb,3ade981427b017d1bcaec83dfcbf93d16f20c1e4,experiments/p6/c0f_failure_audit/c0f-seed42-20260919T0700/audit_config.json,2705,078c633bc1097b558439d0bc247118bf079cdbc177eac2bbe26a83b628bbbf40
Ada-MGAD-e2e-v2-c0flatxgb,3ade981427b017d1bcaec83dfcbf93d16f20c1e4,experiments/p6/c0f_failure_audit/c0f-seed42-20260919T0700/capacity_summary.json,12933,e479dfa5b2af41d141b4fd08ecbfa76a107148e57ade5e17eaa818b880821124
Ada-MGAD-e2e-v2-c0flatxgb,3ade981427b017d1bcaec83dfcbf93d16f20c1e4,experiments/p6/c0f_failure_audit/c0f-seed42-20260919T0700/completion_manifest.json,16950,97e1fd3e34da06e7b64808b9f38372628c7007b9a2533c46582b50e5b7ace53a
Ada-MGAD-e2e-v2-c0flatxgb,3ade981427b017d1bcaec83dfcbf93d16f20c1e4,experiments/p6/c0f_failure_audit/c0f-seed42-20260919T0700/confounding_tables.json,27744,bab17cda93dcb9747e23cd4519396edc2975e38bc31ed96e2ad3fc2d8fe5c9c6
Ada-MGAD-e2e-v2-c0flatxgb,3ade981427b017d1bcaec83dfcbf93d16f20c1e4,experiments/p6/c0f_failure_audit/c0f-seed42-20260919T0700/decision.json,20118,9eb7ca1ee3c04c4b8fdc1d0a9a75b873add03bfce61b026f0e4abc9f55ba9493
Ada-MGAD-e2e-v2-c0flatxgb,3ade981427b017d1bcaec83dfcbf93d16f20c1e4,experiments/p6/c0f_failure_audit/c0f-seed42-20260919T0700/evidence_ledger.json,5830,1eaca4aac0c592a5110acadb7681366ceba696f0fedc1803ec1c03379d16f90b
Ada-MGAD-e2e-v2-c0flatxgb,3ade981427b017d1bcaec83dfcbf93d16f20c1e4,experiments/p6/c0f_failure_audit/c0f-seed42-20260919T0700/final_report.md,9472,563ac665ce2641c94e80a4bd12e124473956db1c49113eb60859ba4f6f2a291f
Ada-MGAD-e2e-v2-c0flatxgb,3ade981427b017d1bcaec83dfcbf93d16f20c1e4,experiments/p6/c0f_failure_audit/c0f-seed42-20260919T0700/input_manifest.json,1267,cd5a7b02c8e78bb6021343dd2e76ca8d87819503afdecefc8cb80c5fcfdc48ef
Ada-MGAD-e2e-v2-c0flatxgb,3ade981427b017d1bcaec83dfcbf93d16f20c1e4,experiments/p6/c0f_failure_audit/c0f-seed42-20260919T0700/ledger_invariants.json,520,a497cd0e28dc4627d27a343038ecda70ff3e2cd2c7579674175c7b0c1ebe8ab3
Ada-MGAD-e2e-v2-c0flatxgb,3ade981427b017d1bcaec83dfcbf93d16f20c1e4,experiments/p6/c0f_failure_audit/c0f-seed42-20260919T0700/run_state.json,1983,5c81eb7dfb89d713ac40de4da60d8f9803b89ac1c6260ff9ca7a07e59fe40edc
Ada-MGAD-e2e-v2-c0flatxgb,3ade981427b017d1bcaec83dfcbf93d16f20c1e4,experiments/p6/c0f_failure_audit/c0f-seed42-20260919T0700/source_integrity.json,4603,7507a5bb490607692a0c7e4065f1ba79e8cde8d67305f4d8f20638feb6228c8d
Ada-MGAD-e2e-v2-c0flatxgb,3ade981427b017d1bcaec83dfcbf93d16f20c1e4,experiments/p6/c0f_failure_audit/c0f-seed42-20260919T0700/split_population_checks.json,968,e5cad5ac9211384da9c73c83304625bb4274585228b1b733edd92f4352dfd820
Ada-MGAD-e2e-v2-c0flatxgb,3ade981427b017d1bcaec83dfcbf93d16f20c1e4,experiments/p6/c0f_failure_audit/c0f-seed42-20260919T0700/stratified_summary.json,35445,babde167b0390f10a20108026516463a250f74340fcd46c8729e386610f39b57
Ada-MGAD-e2e-v2-c0flatxgb,3ade981427b017d1bcaec83dfcbf93d16f20c1e4,experiments/p6/c0f_failure_audit/c0f-seed42-20260919T0700/test_artifact_verification.json,1190,ccec4113e1846fd3509fc626a6cc14a7b64fe05ae31fa81c31bcf9ab68e22e28
Ada-MGAD-e2e-v2-c0flatxgb,3ade981427b017d1bcaec83dfcbf93d16f20c1e4,experiments/p6/c0f_failure_audit/c0f-seed42-20260919T0700/validation_replay.json,1781,24ea8a62815c7c6172bac2e3e3a0f3bfc639b803fc8bbd28c17d9e33c98fb93f
Ada-MGAD-e2e-v2-c0flatxgb,3ade981427b017d1bcaec83dfcbf93d16f20c1e4,experiments/p6/c0f_failure_audit/code-checks-20260923T075346Z/test_results.json,1175,51017a28cf2e25a31b463a4d5ead6ec19bc3062006a0f72ce40da0a60dbc43df
Ada-MGAD-e2e-v2-c0flatxgb,3ade981427b017d1bcaec83dfcbf93d16f20c1e4,experiments/p6/c0r2_trainval_dev/positive-logit-rise-v2/results.json,4986,773f05832dcefb568cc867f3eb716c3db2be234cf57d539ede7ca6a59b5dc9f0
Ada-MGAD-e2e-v2-c0flatxgb,3ade981427b017d1bcaec83dfcbf93d16f20c1e4,experiments/p6/c1_feasibility/c1-g1-20260923T105441Z/feasibility_ledger.json,25618,80718e06a801f4a4cfac085eec999285a162b4e1ebf5afff082f17925a99b3da
Ada-MGAD-e2e-v2-c0flatxgb,3ade981427b017d1bcaec83dfcbf93d16f20c1e4,experiments/p6/c1_feasibility/c1-g1-20260923T105441Z/final_report.md,8811,48c72507b5cc43f5254906be5e983547d584ca0a1a979a919e6e970112efbfc4
Ada-MGAD-e2e-v2-c0flatxgb,3ade981427b017d1bcaec83dfcbf93d16f20c1e4,experiments/p6/c1_prefix_metric_audit/c1-fold1-metric-audit-v1-20260929/candidate_ledger.csv,729152,0b25bf30626055af55d6b35ab3fe9f8ff3a375b9023b9ade6bcc8f592923edf5
Ada-MGAD-e2e-v2-c0flatxgb,3ade981427b017d1bcaec83dfcbf93d16f20c1e4,experiments/p6/c1_prefix_metric_audit/c1-fold1-metric-audit-v1-20260929/completion_manifest.json,2015,322e3bf69bd9aaa16b4b0b667a3fd98802175bdd91ec655585f7c97c765ef847
Ada-MGAD-e2e-v2-c0flatxgb,3ade981427b017d1bcaec83dfcbf93d16f20c1e4,experiments/p6/c1_prefix_metric_audit/c1-fold1-metric-audit-v1-20260929/summary.json,2334,f951ebf8419d6499dfe3864e04b4c7f3ab04f258eb3c3d40a3f2ecc43623ae1a
Ada-MGAD-e2e-v2-c0flatxgb,3ade981427b017d1bcaec83dfcbf93d16f20c1e4,experiments/p6/c1_protocol/c1-g2-py38-correction-20260924T0831Z/correction_manifest.json,2340,36a6406c80c0545f81e37f2cb4df0a1bbf5e341d5f92094631be487417f88a34
Ada-MGAD-e2e-v2-c0flatxgb,3ade981427b017d1bcaec83dfcbf93d16f20c1e4,experiments/p6/c1_protocol/c1-g2-py38-correction-20260924T0831Z/correction_report.md,3511,757d796360596b4155d91f40ed3b29cb78cc547dba0ecff819ff1a5496a58857
Ada-MGAD-e2e-v2-c0flatxgb,3ade981427b017d1bcaec83dfcbf93d16f20c1e4,experiments/p6/c1_protocol/c1-g2-v1-20260924/design_lock_report.md,2211,105b44683c01ffc8ef6eded385ec1dc3d6032415e40c58cdfd2815595c02a23f
Ada-MGAD-e2e-v2-c0flatxgb,3ade981427b017d1bcaec83dfcbf93d16f20c1e4,experiments/p6/c1_protocol/c1-g2-v1-20260924/raw_content_manifest.json,1584322,03bdefc1ad817802a9f015a5cc07c71f5e8d625c66c5d5e9fbff31d0d5671718
Ada-MGAD-e2e-v2-c0flatxgb,3ade981427b017d1bcaec83dfcbf93d16f20c1e4,experiments/p6/c1_supervision_oos/c1-supervision-oos-v1-seed42/evaluation/c1_results.json,1947819,d94b67c6631229c8994b491156d616a29062537fda6955bb9a44908609786b6c
Ada-MGAD-e2e-v2-c0flatxgb,3ade981427b017d1bcaec83dfcbf93d16f20c1e4,experiments/p6/c1_supervision_oos/c1-supervision-oos-v1-seed42/evaluation/c2_failure_ledger.csv,1266920,2d7dd0703147a7f67d8e77b17f9be03be43b63baa733f7891b6f653852acef5c
Ada-MGAD-e2e-v2-c0flatxgb,3ade981427b017d1bcaec83dfcbf93d16f20c1e4,experiments/p6/c1_supervision_oos/c1-supervision-oos-v1-seed42/evaluation/c2_failure_summary.json,669,382829e8258b95882ef741004ae2715a98cc01dcd53cc11229cc12abb48c2b95
Ada-MGAD-e2e-v2-c0flatxgb,3ade981427b017d1bcaec83dfcbf93d16f20c1e4,experiments/p6/c1_supervision_oos/c1-supervision-oos-v1-seed42/evaluation/c2_full_diagnosis.json,17914,3b6635e497916cc0be7ba06f466772d1d884544d5819fa519714e3b1e2157beb
Ada-MGAD-e2e-v2-c0flatxgb,3ade981427b017d1bcaec83dfcbf93d16f20c1e4,experiments/p6/c1_supervision_oos/c1-supervision-oos-v1-seed42/evaluation/c2_raw_matching.csv,1155905,986a55d59a6f809a0a6961d76eca5402624ae776bcbd170afb935a24862a09ab
Ada-MGAD-e2e-v2-c0flatxgb,3ade981427b017d1bcaec83dfcbf93d16f20c1e4,experiments/p6/c1_supervision_oos/c1-supervision-oos-v1-seed42/evaluation/c2_stage1_reference.json,1754,104ca7578bd204131f5785fa27b9b97eb08470343f149742c74b83195f8e10c9
Ada-MGAD-e2e-v2-c0flatxgb,3ade981427b017d1bcaec83dfcbf93d16f20c1e4,experiments/p6/c1_supervision_oos/c1-supervision-oos-v1-seed42/evaluation/completion_manifest.json,4210,c113bd2b18967e9f0fac4a227bed7c19e5659f6f13833ba4b21040a9a1b9730e
Ada-MGAD-e2e-v2-c0flatxgb,3ade981427b017d1bcaec83dfcbf93d16f20c1e4,experiments/p6/c1_supervision_oos/c1-supervision-oos-v1-seed42/evaluation/oracle_a_diagnostic.json,269,d1838b5efefa11087fbbb6ecc9949740d6fbb0ece02316ec243e06cb1e4dc1ae
Ada-MGAD-e2e-v2-c0flatxgb,3ade981427b017d1bcaec83dfcbf93d16f20c1e4,experiments/p6/c1_supervision_oos/c1-supervision-oos-v1-seed42/evaluation/oracle_a_rankings.csv,990811,5a7c9576a448ce7a2a9688a214626cc3176919305643f4e89e1dada7c899eec4
Ada-MGAD-e2e-v2-c0flatxgb,3ade981427b017d1bcaec83dfcbf93d16f20c1e4,experiments/p6/c1_supervision_oos/c1-supervision-oos-v1-seed42/folds/fold_01/completion_manifest.json,9087,e5ee5d1ee7f825b18e7ef69f4764182284547d3940c77771855a40468c9b3d3c
Ada-MGAD-e2e-v2-c0flatxgb,3ade981427b017d1bcaec83dfcbf93d16f20c1e4,experiments/p6/c1_supervision_oos/c1-supervision-oos-v1-seed42/folds/fold_01/detector/completion_manifest.json,4312,77f0e0bc4f07aad21799db077c09c3d657dc5c2c106d24460257742c33df5220
Ada-MGAD-e2e-v2-c0flatxgb,3ade981427b017d1bcaec83dfcbf93d16f20c1e4,experiments/p6/c1_supervision_oos/c1-supervision-oos-v1-seed42/folds/fold_01/detector/generation_episodes.csv,106723,856797f52561e1fdc0a9a0e5ab00885ad5a0267d5ccf58f0d943e2bfde31f664
Ada-MGAD-e2e-v2-c0flatxgb,3ade981427b017d1bcaec83dfcbf93d16f20c1e4,experiments/p6/c1_supervision_oos/c1-supervision-oos-v1-seed42/folds/fold_01/detector/generation_scores.csv,750379,6e6a1343939cfbe52c5ea0cf33aa8c7d44cd656c9e5e8641a4fc1f01f0ecb9bc
Ada-MGAD-e2e-v2-c0flatxgb,3ade981427b017d1bcaec83dfcbf93d16f20c1e4,experiments/p6/c1_supervision_oos/c1-supervision-oos-v1-seed42/folds/fold_01/detector/selection.json,773,e96b42fda9f874a04866e984d36f9b32feb24cfabb9d0baf9dda72285fa85f45
Ada-MGAD-e2e-v2-c0flatxgb,3ade981427b017d1bcaec83dfcbf93d16f20c1e4,experiments/p6/c1_supervision_oos/c1-supervision-oos-v1-seed42/folds/fold_01/detector/training_log.json,19221,64dd055eb00531ae43fcead33e103fc1ec55fb6f364518eaec53daae4829a026
Ada-MGAD-e2e-v2-c0flatxgb,3ade981427b017d1bcaec83dfcbf93d16f20c1e4,experiments/p6/c1_supervision_oos/c1-supervision-oos-v1-seed42/folds/fold_02/completion_manifest.json,9096,51006c83a351a1794832be0f82fcee35bceeec0a2a1382df1c61b9e2dc7f252c
Ada-MGAD-e2e-v2-c0flatxgb,3ade981427b017d1bcaec83dfcbf93d16f20c1e4,experiments/p6/c1_supervision_oos/c1-supervision-oos-v1-seed42/folds/fold_02/detector/completion_manifest.json,4281,1ac2392e356f0da8e56fd1c944fbc86f5492d882424d942eeb12523f81a4642b
Ada-MGAD-e2e-v2-c0flatxgb,3ade981427b017d1bcaec83dfcbf93d16f20c1e4,experiments/p6/c1_supervision_oos/c1-supervision-oos-v1-seed42/folds/fold_02/detector/generation_episodes.csv,130039,237fa6eb7af28143ba38568ab9c19f5ee2cfb23c2fed25de2d680fd11ee7383a
Ada-MGAD-e2e-v2-c0flatxgb,3ade981427b017d1bcaec83dfcbf93d16f20c1e4,experiments/p6/c1_supervision_oos/c1-supervision-oos-v1-seed42/folds/fold_02/detector/generation_scores.csv,753899,7abb1f0398658ada10897f17b4f271ff084f6b1daf1e9c1adeddfb667eb3b02f
Ada-MGAD-e2e-v2-c0flatxgb,3ade981427b017d1bcaec83dfcbf93d16f20c1e4,experiments/p6/c1_supervision_oos/c1-supervision-oos-v1-seed42/folds/fold_02/detector/selection.json,741,3449a63b37f5184f9fbd86888843d6e9d8605c3b0b6502635528ff139fd3db3f
Ada-MGAD-e2e-v2-c0flatxgb,3ade981427b017d1bcaec83dfcbf93d16f20c1e4,experiments/p6/c1_supervision_oos/c1-supervision-oos-v1-seed42/folds/fold_02/detector/training_log.json,12434,9cb70fe0d388f2f964a539d9c9d21608b6aa8c710a5b097f0f71fbf27162458b
Ada-MGAD-e2e-v2-c0flatxgb,3ade981427b017d1bcaec83dfcbf93d16f20c1e4,experiments/p6/c1_supervision_oos/c1-supervision-oos-v1-seed42/folds/fold_03/completion_manifest.json,9096,a965256b6152dc4310918aa48ce7fe893ed5207d7c5022101ae3dfa818034934
Ada-MGAD-e2e-v2-c0flatxgb,3ade981427b017d1bcaec83dfcbf93d16f20c1e4,experiments/p6/c1_supervision_oos/c1-supervision-oos-v1-seed42/folds/fold_03/detector/completion_manifest.json,4300,1e94bc29015731fe875de21506a2ad16589ef7a5dce77bf00d3fb16d66c15d56
Ada-MGAD-e2e-v2-c0flatxgb,3ade981427b017d1bcaec83dfcbf93d16f20c1e4,experiments/p6/c1_supervision_oos/c1-supervision-oos-v1-seed42/folds/fold_03/detector/generation_episodes.csv,125838,6519b6f514e75972054b3d458c4dcb9320e6c4e3bfcf65a68bb8a3af7282fb05
Ada-MGAD-e2e-v2-c0flatxgb,3ade981427b017d1bcaec83dfcbf93d16f20c1e4,experiments/p6/c1_supervision_oos/c1-supervision-oos-v1-seed42/folds/fold_03/detector/generation_scores.csv,753500,3756b817680de25addd174fc2a60ebc9c934ac3ec5fdac1bbc8484de080d117f
Ada-MGAD-e2e-v2-c0flatxgb,3ade981427b017d1bcaec83dfcbf93d16f20c1e4,experiments/p6/c1_supervision_oos/c1-supervision-oos-v1-seed42/folds/fold_03/detector/selection.json,760,f73355c10d70746fffafaf12a3f8bf8bccdbfa4c85d0ea3110e630e73f3b40e8
Ada-MGAD-e2e-v2-c0flatxgb,3ade981427b017d1bcaec83dfcbf93d16f20c1e4,experiments/p6/c1_supervision_oos/c1-supervision-oos-v1-seed42/folds/fold_03/detector/training_log.json,12517,971f380db43fd6bb6f0d62044007ee0e865a6d94815d31dedca0e533c645006d
Ada-MGAD-e2e-v2-c0flatxgb,3ade981427b017d1bcaec83dfcbf93d16f20c1e4,experiments/p6/c1_supervision_oos/c1-supervision-oos-v1-seed42/g1_static/completion_manifest.json,5866,935abdc91db5fa1ddba7cb26455508433dace34c11ffa92087243f2ee7afab23
Ada-MGAD-e2e-v2-c0flatxgb,3ade981427b017d1bcaec83dfcbf93d16f20c1e4,experiments/p6/c1_supervision_oos/c1-supervision-oos-v1-seed42/g1_static/fold_manifest.json,11117,017d4b2e87d737ee7d1f3f729a63fed4775e9e8181ec04214ddda6883310d4e5
Ada-MGAD-e2e-v2-c0flatxgb,3ade981427b017d1bcaec83dfcbf93d16f20c1e4,experiments/p6/c1_supervision_oos/c1-supervision-oos-v1-seed42/g1_static/input_manifest.json,7333,a316f306e8b117b8aa9739b468c39f4cd6523310b48ad02f83f2c2f346abd3a1
Ada-MGAD-e2e-v2-c0flatxgb,3ade981427b017d1bcaec83dfcbf93d16f20c1e4,experiments/p6/c1_supervision_oos/c1-supervision-oos-v1-seed42/g1_static/integrity_report.md,1692,2afcab0765547b1e0d75aa464eff2e98e3029e857eceef1435718078395ace22
Ada-MGAD-e2e-v2-c0flatxgb,3ade981427b017d1bcaec83dfcbf93d16f20c1e4,experiments/p6/c1_supervision_oos/c1-supervision-oos-v1-seed42/g1_static/static_population.json,1545,83a5e20726f20866060bd7014784687d3860b0ccc63a76c6c0820817b311f7eb
Ada-MGAD-e2e-v2-c0flatxgb,3ade981427b017d1bcaec83dfcbf93d16f20c1e4,experiments/p6/c1_supervision_oos/c1-supervision-oos-v1-seed42/predictions/completion_manifest.json,3671,19777b7f4656f3e8b360e1ecb618dc5d0dc8a0e63a15df59596a1d87be746216
Ada-MGAD-e2e-v2-c0flatxgb,3ade981427b017d1bcaec83dfcbf93d16f20c1e4,experiments/p6/c1_supervision_oos/c1-supervision-oos-v1-seed42/predictions/prediction_lock.json,6883,ee9500730e7b982557de31d9fd138c13e09e5af397b11354e88b305f0233c967
Ada-MGAD-e2e-v2-c0flatxgb,3ade981427b017d1bcaec83dfcbf93d16f20c1e4,experiments/p6/c1_supervision_oos/c1-supervision-oos-v1-seed42/predictions/scope_rankings.csv,1596904,b444a4d92c601430b79a3fee5e6fcddc97c3a8573cd20bd0c16a828d5bf6a650
Ada-MGAD-e2e-v2-c0flatxgb,3ade981427b017d1bcaec83dfcbf93d16f20c1e4,experiments/p6/c1_supervision_oos/c1-supervision-oos-v1-seed42/rca/arm_b.json,753,2ba84aa9ec52b488db82b2dadce049c9c0105f2147176ff5716ba4d15ee8a4c7
Ada-MGAD-e2e-v2-c0flatxgb,3ade981427b017d1bcaec83dfcbf93d16f20c1e4,experiments/p6/c1_supervision_oos/c1-supervision-oos-v1-seed42/rca/arm_c.json,752,6132941dd09f098a4c711c954ddec473eac11de63f5b094586413d95d7e6ca27
Ada-MGAD-e2e-v2-c0flatxgb,3ade981427b017d1bcaec83dfcbf93d16f20c1e4,experiments/p6/c1_supervision_oos/c1-supervision-oos-v1-seed42/rca/completion_manifest.json,3538,2e446855d9e9cff34c684e8472d7510d1deb3cf5849aa9d8461e7d456127e9b0
Ada-MGAD-e2e-v2-c0flatxgb,3ade981427b017d1bcaec83dfcbf93d16f20c1e4,experiments/p6/c1_supervision_oos/c1-supervision-oos-v1-seed42/run_lock.json,6331,0b5a2b649c31305eec88d631f2d57ef2a45a7d4d643d861478b3a11d620c9c56
Ada-MGAD-e2e-v2-c0flatxgb,3ade981427b017d1bcaec83dfcbf93d16f20c1e4,experiments/p6/c1_supervision_oos/c1-supervision-oos-v1-seed42/train_cohort/cases.csv,325878,83ee698981272bfb1f89d1c2d9b1c2c622b63c419a08c251abde2bf7965821dd
Ada-MGAD-e2e-v2-c0flatxgb,3ade981427b017d1bcaec83dfcbf93d16f20c1e4,experiments/p6/c1_supervision_oos/c1-supervision-oos-v1-seed42/train_cohort/completion_manifest.json,4746,b36dfaa5ba38bc741e318d8cb9e59e5f225324ff9cd3422b6040faff04634550
Ada-MGAD-e2e-v2-c0flatxgb,3ade981427b017d1bcaec83dfcbf93d16f20c1e4,experiments/p6/c1_supervision_oos/c1-supervision-oos-v1-seed42/train_cohort/exclusions.csv,1760,3f5dc5665be94d84e76d3e1e3f84756ae4fdd00e2f42dc96eed7ac3de3941cd6
Ada-MGAD-e2e-v2-c0flatxgb,3ade981427b017d1bcaec83dfcbf93d16f20c1e4,experiments/p6/c1_supervision_oos/c1-supervision-oos-v1-seed42/train_cohort/matching.csv,811460,5c3aa3085f03c2061af4e89e06f6a2f138e0bf69395e2deba438a61a643d8db4
Ada-MGAD-e2e-v2-c0flatxgb,3ade981427b017d1bcaec83dfcbf93d16f20c1e4,experiments/p6/score_decomposition/classification/diagnosis_metrics.json,2093,60fe8440d8c42b2d3a842f7a7c7e4ae861c226ca622ae7eb1923b979c9d44a8e
Ada-MGAD-e2e-v2-c0flatxgb,3ade981427b017d1bcaec83dfcbf93d16f20c1e4,experiments/p6/score_decomposition/classification/event_metrics.json,5147,f40cd2d1f1940bf80eeb298a9350fec848e7b4e64b8730999fb0ed37decd3827
Ada-MGAD-e2e-v2-c0flatxgb,3ade981427b017d1bcaec83dfcbf93d16f20c1e4,experiments/p6/score_decomposition/classification/localization_metrics.json,28925,ceab500c6dee1d5d0fe39a18534c887edfc8355b6491b3535e12a44a423cd4f8
Ada-MGAD-e2e-v2-c0flatxgb,3ade981427b017d1bcaec83dfcbf93d16f20c1e4,experiments/p6/score_decomposition/classification/rca_metrics.json,5581,d8416b903e9babb73045ae016fa7ef8fc20adf7e9c100a25c25d54b767eba99f
Ada-MGAD-e2e-v2-c0flatxgb,3ade981427b017d1bcaec83dfcbf93d16f20c1e4,experiments/p6/score_decomposition/classification/threshold.json,1217,db3862ddb8e2b5d78cee4a4693cc7a5bc56919af20ef592134dbdd571bc6c56d
Ada-MGAD-e2e-v2-c0flatxgb,3ade981427b017d1bcaec83dfcbf93d16f20c1e4,experiments/p6/score_decomposition/common_cases.csv,783153,0bb6bf3e435baf179c4cb1e1deda4bdc42c749d513865a3fcc50d4abf1bdb396
Ada-MGAD-e2e-v2-c0flatxgb,3ade981427b017d1bcaec83dfcbf93d16f20c1e4,experiments/p6/score_decomposition/comparison.json,92985,ce6965fe10c1773e4c0021f8eb5cb1121e8c96a655067520d20d6dec3efb5190
Ada-MGAD-e2e-v2-c0flatxgb,3ade981427b017d1bcaec83dfcbf93d16f20c1e4,experiments/p6/score_decomposition/fused/diagnosis_metrics.json,2085,77d6d3adbb2e76b49b41d16eafb56d4d020faae6d04e25be52ab2a0d209d101c
Ada-MGAD-e2e-v2-c0flatxgb,3ade981427b017d1bcaec83dfcbf93d16f20c1e4,experiments/p6/score_decomposition/fused/event_metrics.json,5105,930173c6cec6c10880f6b375fbf363c1dc62988b836ba86c8c6c1ea4604e0bb6
Ada-MGAD-e2e-v2-c0flatxgb,3ade981427b017d1bcaec83dfcbf93d16f20c1e4,experiments/p6/score_decomposition/fused/localization_metrics.json,29146,9b230dbaee9901ce3b9d9b8308a1e69e40b782e557611e8bee24239bdbb1c095
Ada-MGAD-e2e-v2-c0flatxgb,3ade981427b017d1bcaec83dfcbf93d16f20c1e4,experiments/p6/score_decomposition/fused/rca_metrics.json,5617,d6489f7ed8c2c7563f990e58fdaa17e07feeccd7514f809a3a25c235b8abfb73
Ada-MGAD-e2e-v2-c0flatxgb,3ade981427b017d1bcaec83dfcbf93d16f20c1e4,experiments/p6/score_decomposition/fused/threshold.json,1212,8b3b74d8d838c3303c9b2e6c32c25fe5549df0e78a93790caa59ac383ee5d741
Ada-MGAD-e2e-v2-c0flatxgb,3ade981427b017d1bcaec83dfcbf93d16f20c1e4,experiments/p6/score_decomposition/label_identity_audit.json,1024,6652840bdf55c317b10d2ae4bf5223d6cde67a541688f5a13261b81d7b710010
Ada-MGAD-e2e-v2-c0flatxgb,3ade981427b017d1bcaec83dfcbf93d16f20c1e4,experiments/p6/score_decomposition/manifest.json,7530,65ef6b0a85b907dbc378bafaf712732144a35e5280ae1ab44babb8125f1067ba
Ada-MGAD-e2e-v2-c0flatxgb,3ade981427b017d1bcaec83dfcbf93d16f20c1e4,experiments/p6/score_decomposition/prediction_artifacts.json,1626,f552fde50da06bebf0b8aecd020e5e3825a52b279aef900154a419d04be38afc
Ada-MGAD-e2e-v2-c0flatxgb,3ade981427b017d1bcaec83dfcbf93d16f20c1e4,experiments/p6/score_decomposition/rca/rca_feature_health.json,1806,015b06395de0fe6b2d6ae799629230ce37068ab119564842e319b9a333035493
Ada-MGAD-e2e-v2-c0flatxgb,3ade981427b017d1bcaec83dfcbf93d16f20c1e4,experiments/p6/score_decomposition/rca/rca_feature_manifest.json,2831,7cb9ee84f4e2ce06db7a695027957b25ed69bbd9ccd3865bd2f17f0524c6669e
Ada-MGAD-e2e-v2-c0flatxgb,3ade981427b017d1bcaec83dfcbf93d16f20c1e4,experiments/p6/score_decomposition/reconstruction/diagnosis_metrics.json,2069,1f5f35c7ef97acbf3b740dadc011627b5767f60e7933f7df2bbf53ff1888b4c9
Ada-MGAD-e2e-v2-c0flatxgb,3ade981427b017d1bcaec83dfcbf93d16f20c1e4,experiments/p6/score_decomposition/reconstruction/event_metrics.json,5142,b54a64b01f5e3f9555d094b85787c1bfe94580121162f2a330781550375c61e4
Ada-MGAD-e2e-v2-c0flatxgb,3ade981427b017d1bcaec83dfcbf93d16f20c1e4,experiments/p6/score_decomposition/reconstruction/localization_metrics.json,28269,d35901afceaeac0715266af6d0110c10e444bea83774f7228be90f7a35462b82
Ada-MGAD-e2e-v2-c0flatxgb,3ade981427b017d1bcaec83dfcbf93d16f20c1e4,experiments/p6/score_decomposition/reconstruction/rca_metrics.json,5395,6f573174833b1afac5eba0d2eb9b10da85d498e0736d975e1324588575799b7f
Ada-MGAD-e2e-v2-c0flatxgb,3ade981427b017d1bcaec83dfcbf93d16f20c1e4,experiments/p6/score_decomposition/reconstruction/threshold.json,1219,001fd77e80047ef147b1b4969420c9063280ea04a25df7a59c36328bcb367140
Ada-MGAD-e2e-v2-c0flatxgb,3ade981427b017d1bcaec83dfcbf93d16f20c1e4,experiments/p6/score_decomposition/score_range.json,946,065dbfa7e5b3a6e53e2bc3493fd80448d9613d0b7043d15a314aa1e3f30a20b5
Ada-MGAD-e2e-v2-c0flatxgb,3ade981427b017d1bcaec83dfcbf93d16f20c1e4,experiments/p6/score_decomposition/score_replay.json,4465,b292ac3e2b5640703cbda942a161ec5ac048fa0c0263ca15b72089b96385ac3d
Ada-MGAD-e2e-v2-c0flatxgb,3ade981427b017d1bcaec83dfcbf93d16f20c1e4,experiments/p6/system_event_trigger/manifest.json,28509,cb222bb5c21d20d8a7546e8b1ee1b4882daaac5d4a397d0e07655fe646cf9794
Ada-MGAD-e2e-v2-c0flatxgb,3ade981427b017d1bcaec83dfcbf93d16f20c1e4,experiments/p6/system_event_trigger/split_audit.json,12293,e5c60574f4c36ba5c7ebddbc869ede70f6f9aa83cf35c46fd611dbfba310463e
Ada-MGAD-e2e-v2-c0flatxgb,3ade981427b017d1bcaec83dfcbf93d16f20c1e4,experiments/p6/system_event_trigger/split_manifest.json,8121,1cad441a2d207379ffd8838bc2d655e9c68f3e03b6f4f7e666413a0b33aca193
Ada-MGAD-e2e-v2-c0flatxgb,3ade981427b017d1bcaec83dfcbf93d16f20c1e4,experiments/p6/system_event_trigger/test_metrics.json,14261,2968632cc4da1b807d976d8bb1c449f9d755cb1c15d2ee43bcd440b74946ce5b
Ada-MGAD-e2e-v2-c0flatxgb,3ade981427b017d1bcaec83dfcbf93d16f20c1e4,experiments/p6/system_event_trigger/training_log.json,18166,fcd54effee28206a6cdc964458bedb98c17a26906b58497140e42b567150b48a
Ada-MGAD-e2e-v2-c0flatxgb,3ade981427b017d1bcaec83dfcbf93d16f20c1e4,experiments/p6/system_event_trigger/validation_selection.json,21174,b5167c8d5df9cd9eebd7812cb76733799aa3f7829f3fe1a2c5cdb0ec51715a24
Ada-MGAD-e2e-v2-c0metric,507b3034c78f140be5b37d2d8ac31e2787db2550,experiments/p6/c0_metric_drift/c0-metric-drift-v1-seed42/checkpoint/best_validation_event_f1.pt,11784211,d7e78391ec28c4f4610bec7145e663f7c2195cf58c6b1c69ea4260e6b3c9a06d
Ada-MGAD-e2e-v2-c0metric,507b3034c78f140be5b37d2d8ac31e2787db2550,experiments/p6/c0_metric_drift/c0-metric-drift-v1-seed42/development_comparison.json,16281,5820967ba7db54352d87ca67200af2dbd7d395e473fcaf06f01ad57b588abb8b
Ada-MGAD-e2e-v2-c0metric,507b3034c78f140be5b37d2d8ac31e2787db2550,experiments/p6/c0_metric_drift/c0-metric-drift-v1-seed42/development_manifest.json,3908,ce30fe38647b4dec1def14099d13a15cb9011b4436979c0013fcaf9288dc9e5d
Ada-MGAD-e2e-v2-c0metric,507b3034c78f140be5b37d2d8ac31e2787db2550,experiments/p6/c0_metric_drift/c0-metric-drift-v1-seed42/p6_c0.log,2595,ac8cf5520af517f810bd0cf6db69943086ed99ddca1b3592c39010e572ca433e
Ada-MGAD-e2e-v2-c0metric,507b3034c78f140be5b37d2d8ac31e2787db2550,experiments/p6/c0_metric_drift/c0-metric-drift-v1-seed42/split_audit.json,12320,a9c692b947ab9096d70afdd8b42691a2c8df8ab64a70ebcd65616fcf39a4aab9
Ada-MGAD-e2e-v2-c0metric,507b3034c78f140be5b37d2d8ac31e2787db2550,experiments/p6/c0_metric_drift/c0-metric-drift-v1-seed42/split_manifest.json,8130,4d7287f50be2a970710a6f0274236080ecb7b17cc129a38d68a1ed0c8f152b2d
Ada-MGAD-e2e-v2-c0metric,507b3034c78f140be5b37d2d8ac31e2787db2550,experiments/p6/c0_metric_drift/c0-metric-drift-v1-seed42/training_log.json,10767,e51dcd7a720e412916e03383d9fb41fcdc0c2ec347aa2d1f74d1e1f93f0bede7
Ada-MGAD-e2e-v2-c0metric,507b3034c78f140be5b37d2d8ac31e2787db2550,experiments/p6/c0_metric_drift/c0-metric-drift-v1-seed42/validation_episodes.csv,221393,bf0fa075acbef8391813540e50453fd5ca4f09c7b64d891e41df171057f44faf
Ada-MGAD-e2e-v2-c0metric,507b3034c78f140be5b37d2d8ac31e2787db2550,experiments/p6/c0_metric_drift/c0-metric-drift-v1-seed42/validation_matching.csv,531961,add9172740ba88adbbc1aced22f48d2dacf533b763a1f5475959585e38f20f15
Ada-MGAD-e2e-v2-c0metric,507b3034c78f140be5b37d2d8ac31e2787db2550,experiments/p6/c0_metric_drift/c0-metric-drift-v1-seed42/validation_predictions.csv,2250141,f98894fab8ce8b718db831c33c75346f98eed11189dd37693ec4d9680258b07a
Ada-MGAD-e2e-v2-c0metric,507b3034c78f140be5b37d2d8ac31e2787db2550,experiments/p6/c0_metric_drift/c0-metric-drift-v1-seed42/validation_selection.json,13989,357e909d6f0b3ac538e0908042df82bdee92f6f2323b876f8508f65141260a53
Ada-MGAD-e2e-v2-c0metric,507b3034c78f140be5b37d2d8ac31e2787db2550,experiments/p6/c0_raw_onset_observability/raw-onset-v1/fit_clean_events.csv,519986,b42d0a714339ffb1f8bf07294a5fa822c48893f58bfe0475d60ab86a7aa0404a
Ada-MGAD-e2e-v2-c0metric,507b3034c78f140be5b37d2d8ac31e2787db2550,experiments/p6/c0_raw_onset_observability/raw-onset-v1/fit_pseudo_onsets.csv,70246,b36db52779b7a745a4e47c5cf4d686b1dea0a53be2a453debdbba61e1d45f531
Ada-MGAD-e2e-v2-c0metric,507b3034c78f140be5b37d2d8ac31e2787db2550,experiments/p6/c0_raw_onset_observability/raw-onset-v1/results.json,20440,2d8b1882fdb9a9310f9b74f848adc54033654d3a27a7ef707f609d84957d1378
Ada-MGAD-e2e-v2-c0metric,507b3034c78f140be5b37d2d8ac31e2787db2550,experiments/p6/c0_raw_onset_observability/raw-onset-v1/validation_clean_events.csv,171016,e9715164e6b527b0570aa2ed35a4281f0847910a8356e7bcad8b53e3796181a1
Ada-MGAD-e2e-v2-c0metric,507b3034c78f140be5b37d2d8ac31e2787db2550,experiments/p6/c0_raw_onset_observability/raw-onset-v1/validation_pseudo_onsets.csv,47187,53eb1bdcf265069cca9079495d92aae7f88415475312bdaf6da8d8e0a39dff10
Ada-MGAD-e2e-v2-c0metric,507b3034c78f140be5b37d2d8ac31e2787db2550,experiments/p6/c0f_failure_audit/c0f-correction-20260923T0755Z/analysis_validation.json,296,ad7a15071946ca8749cbfc26c134304b3771c8e610fe1b8b2bbb81c01767fdde
Ada-MGAD-e2e-v2-c0metric,507b3034c78f140be5b37d2d8ac31e2787db2550,experiments/p6/c0f_failure_audit/c0f-correction-20260923T0755Z/audit_config.json,3064,6e66534cd7adb078d7342fd189a891d59e8dd1b9c893868cbf06f92c34c6c820
Ada-MGAD-e2e-v2-c0metric,507b3034c78f140be5b37d2d8ac31e2787db2550,experiments/p6/c0f_failure_audit/c0f-correction-20260923T0755Z/capacity_summary.json,13508,aaa4fe3bc740aad3c1b97dac8a8c9224fcdc766b59e693f2b07a678139eccbda
Ada-MGAD-e2e-v2-c0metric,507b3034c78f140be5b37d2d8ac31e2787db2550,experiments/p6/c0f_failure_audit/c0f-correction-20260923T0755Z/completion_manifest.json,76920,faabd0a5e6486a89c6e6e3cab1af8f146af6cdab9fe5e728c027f5d18f80745a
Ada-MGAD-e2e-v2-c0metric,507b3034c78f140be5b37d2d8ac31e2787db2550,experiments/p6/c0f_failure_audit/c0f-correction-20260923T0755Z/confounding_tables.json,196447,676bf2913aefd265292b4d25c6c8fc11d9bec5813f5aebf9a3d7a6e49933487d
Ada-MGAD-e2e-v2-c0metric,507b3034c78f140be5b37d2d8ac31e2787db2550,experiments/p6/c0f_failure_audit/c0f-correction-20260923T0755Z/correction_summary.json,1427,95cdd9d0c51a29a47d84b851a8dda40c3d56e877203793781c4701a6852db181
Ada-MGAD-e2e-v2-c0metric,507b3034c78f140be5b37d2d8ac31e2787db2550,experiments/p6/c0f_failure_audit/c0f-correction-20260923T0755Z/decision.json,21910,3cdf539f1bfe2367c9e0e34430118a565645a293138e121970832cce7984c552
Ada-MGAD-e2e-v2-c0metric,507b3034c78f140be5b37d2d8ac31e2787db2550,experiments/p6/c0f_failure_audit/c0f-correction-20260923T0755Z/evidence_ledger.json,7998,eaf1b0a9bb641e3dd59c540512f03a61a793b4ebb83c7115b19f86ac7318e1fe
Ada-MGAD-e2e-v2-c0metric,507b3034c78f140be5b37d2d8ac31e2787db2550,experiments/p6/c0f_failure_audit/c0f-correction-20260923T0755Z/final_report.md,12767,cfac59ff1f3d4ac489a3c11b9670e43e3e8216999019e821d1711970fdfea656
Ada-MGAD-e2e-v2-c0metric,507b3034c78f140be5b37d2d8ac31e2787db2550,experiments/p6/c0f_failure_audit/c0f-correction-20260923T0755Z/input_integrity_after.json,227,bc834dc3b45aa4814b8e27a6d7b15d88994488d574057dcf8e18c5647782c7e4
Ada-MGAD-e2e-v2-c0metric,507b3034c78f140be5b37d2d8ac31e2787db2550,experiments/p6/c0f_failure_audit/c0f-correction-20260923T0755Z/input_manifest.json,1272,8a22a55fe1b951a78aa30fa6a185339f45235779a9b0c4a92852cc97f11fa972
Ada-MGAD-e2e-v2-c0metric,507b3034c78f140be5b37d2d8ac31e2787db2550,experiments/p6/c0f_failure_audit/c0f-correction-20260923T0755Z/input_snapshot.json,254827,1fdc4e0e3b82c9849e7e965471ee4431621aa3b8b7d9ec86f7afbc0fa5b9b87f
Ada-MGAD-e2e-v2-c0metric,507b3034c78f140be5b37d2d8ac31e2787db2550,experiments/p6/c0f_failure_audit/c0f-correction-20260923T0755Z/isolation_summary.json,46108,439b4311ae6cdeeb896971b52602928cd8f8f00581b1762b7dc199338eb8cdd9
Ada-MGAD-e2e-v2-c0metric,507b3034c78f140be5b37d2d8ac31e2787db2550,experiments/p6/c0f_failure_audit/c0f-correction-20260923T0755Z/ledger_invariants.json,520,a497cd0e28dc4627d27a343038ecda70ff3e2cd2c7579674175c7b0c1ebe8ab3
Ada-MGAD-e2e-v2-c0metric,507b3034c78f140be5b37d2d8ac31e2787db2550,experiments/p6/c0f_failure_audit/c0f-correction-20260923T0755Z/reuse_provenance.json,1297,5d40d373429d92073ad1f677ed930107abdcfec9973afa3fd940c00d79a6ad82
Ada-MGAD-e2e-v2-c0metric,507b3034c78f140be5b37d2d8ac31e2787db2550,experiments/p6/c0f_failure_audit/c0f-correction-20260923T0755Z/run_state.json,70344,4f58cdf5cf3c06bcc2b8ea3b12a608c6c9287a8a996a4ae0007f2a3cede3fb78
Ada-MGAD-e2e-v2-c0metric,507b3034c78f140be5b37d2d8ac31e2787db2550,experiments/p6/c0f_failure_audit/c0f-correction-20260923T0755Z/source_integrity.json,8617,ae61ded34933922feea8dad052f115aa50abf7c311593f0a49f47b5e73270e73
Ada-MGAD-e2e-v2-c0metric,507b3034c78f140be5b37d2d8ac31e2787db2550,experiments/p6/c0f_failure_audit/c0f-correction-20260923T0755Z/source_snapshot.json,27487,808bb33502694359a809657c56db3bc4ecf1a67887e45ba4c7949e67009d17fe
Ada-MGAD-e2e-v2-c0metric,507b3034c78f140be5b37d2d8ac31e2787db2550,experiments/p6/c0f_failure_audit/c0f-correction-20260923T0755Z/split_population_checks.json,968,e5cad5ac9211384da9c73c83304625bb4274585228b1b733edd92f4352dfd820
Ada-MGAD-e2e-v2-c0metric,507b3034c78f140be5b37d2d8ac31e2787db2550,experiments/p6/c0f_failure_audit/c0f-correction-20260923T0755Z/stratified_summary.json,38692,c3d3148227ad27756001b6d6b7ba1fadb603e390741e29fad34fcb8292c4962e
Ada-MGAD-e2e-v2-c0metric,507b3034c78f140be5b37d2d8ac31e2787db2550,experiments/p6/c0f_failure_audit/c0f-correction-20260923T0755Z/test_artifact_verification.json,1286,0385232d6ff22eb82747264c9bdf7a4d0f6b4112b40a5edc9675ec12ddd72282
Ada-MGAD-e2e-v2-c0metric,507b3034c78f140be5b37d2d8ac31e2787db2550,experiments/p6/c0f_failure_audit/c0f-correction-20260923T0755Z/test_results.json,1478,001ef8cbe1e1997d6a608df763aefb994e5d99b6e932f97de0c4cf88b4aa504e
Ada-MGAD-e2e-v2-c0metric,507b3034c78f140be5b37d2d8ac31e2787db2550,experiments/p6/c0f_failure_audit/c0f-correction-20260923T0755Z/validation_replay.json,1781,e802370c18a4bc38e497d3ab398705a0434f91bbe8c02dbf1710c7f1ad904360
Ada-MGAD-e2e-v2-c0metric,507b3034c78f140be5b37d2d8ac31e2787db2550,experiments/p6/c0f_failure_audit/c0f-seed42-20260919T0700/audit_config.json,2705,078c633bc1097b558439d0bc247118bf079cdbc177eac2bbe26a83b628bbbf40
Ada-MGAD-e2e-v2-c0metric,507b3034c78f140be5b37d2d8ac31e2787db2550,experiments/p6/c0f_failure_audit/c0f-seed42-20260919T0700/capacity_summary.json,12933,e479dfa5b2af41d141b4fd08ecbfa76a107148e57ade5e17eaa818b880821124
Ada-MGAD-e2e-v2-c0metric,507b3034c78f140be5b37d2d8ac31e2787db2550,experiments/p6/c0f_failure_audit/c0f-seed42-20260919T0700/completion_manifest.json,16950,97e1fd3e34da06e7b64808b9f38372628c7007b9a2533c46582b50e5b7ace53a
Ada-MGAD-e2e-v2-c0metric,507b3034c78f140be5b37d2d8ac31e2787db2550,experiments/p6/c0f_failure_audit/c0f-seed42-20260919T0700/confounding_tables.json,27744,bab17cda93dcb9747e23cd4519396edc2975e38bc31ed96e2ad3fc2d8fe5c9c6
Ada-MGAD-e2e-v2-c0metric,507b3034c78f140be5b37d2d8ac31e2787db2550,experiments/p6/c0f_failure_audit/c0f-seed42-20260919T0700/decision.json,20118,9eb7ca1ee3c04c4b8fdc1d0a9a75b873add03bfce61b026f0e4abc9f55ba9493
Ada-MGAD-e2e-v2-c0metric,507b3034c78f140be5b37d2d8ac31e2787db2550,experiments/p6/c0f_failure_audit/c0f-seed42-20260919T0700/evidence_ledger.json,5830,1eaca4aac0c592a5110acadb7681366ceba696f0fedc1803ec1c03379d16f90b
Ada-MGAD-e2e-v2-c0metric,507b3034c78f140be5b37d2d8ac31e2787db2550,experiments/p6/c0f_failure_audit/c0f-seed42-20260919T0700/final_report.md,9472,563ac665ce2641c94e80a4bd12e124473956db1c49113eb60859ba4f6f2a291f
Ada-MGAD-e2e-v2-c0metric,507b3034c78f140be5b37d2d8ac31e2787db2550,experiments/p6/c0f_failure_audit/c0f-seed42-20260919T0700/input_manifest.json,1267,cd5a7b02c8e78bb6021343dd2e76ca8d87819503afdecefc8cb80c5fcfdc48ef
Ada-MGAD-e2e-v2-c0metric,507b3034c78f140be5b37d2d8ac31e2787db2550,experiments/p6/c0f_failure_audit/c0f-seed42-20260919T0700/ledger_invariants.json,520,a497cd0e28dc4627d27a343038ecda70ff3e2cd2c7579674175c7b0c1ebe8ab3
Ada-MGAD-e2e-v2-c0metric,507b3034c78f140be5b37d2d8ac31e2787db2550,experiments/p6/c0f_failure_audit/c0f-seed42-20260919T0700/run_state.json,1983,5c81eb7dfb89d713ac40de4da60d8f9803b89ac1c6260ff9ca7a07e59fe40edc
Ada-MGAD-e2e-v2-c0metric,507b3034c78f140be5b37d2d8ac31e2787db2550,experiments/p6/c0f_failure_audit/c0f-seed42-20260919T0700/source_integrity.json,4603,7507a5bb490607692a0c7e4065f1ba79e8cde8d67305f4d8f20638feb6228c8d
Ada-MGAD-e2e-v2-c0metric,507b3034c78f140be5b37d2d8ac31e2787db2550,experiments/p6/c0f_failure_audit/c0f-seed42-20260919T0700/split_population_checks.json,968,e5cad5ac9211384da9c73c83304625bb4274585228b1b733edd92f4352dfd820
Ada-MGAD-e2e-v2-c0metric,507b3034c78f140be5b37d2d8ac31e2787db2550,experiments/p6/c0f_failure_audit/c0f-seed42-20260919T0700/stratified_summary.json,35445,babde167b0390f10a20108026516463a250f74340fcd46c8729e386610f39b57
Ada-MGAD-e2e-v2-c0metric,507b3034c78f140be5b37d2d8ac31e2787db2550,experiments/p6/c0f_failure_audit/c0f-seed42-20260919T0700/test_artifact_verification.json,1190,ccec4113e1846fd3509fc626a6cc14a7b64fe05ae31fa81c31bcf9ab68e22e28
Ada-MGAD-e2e-v2-c0metric,507b3034c78f140be5b37d2d8ac31e2787db2550,experiments/p6/c0f_failure_audit/c0f-seed42-20260919T0700/validation_replay.json,1781,24ea8a62815c7c6172bac2e3e3a0f3bfc639b803fc8bbd28c17d9e33c98fb93f
Ada-MGAD-e2e-v2-c0metric,507b3034c78f140be5b37d2d8ac31e2787db2550,experiments/p6/c0f_failure_audit/code-checks-20260923T075346Z/test_results.json,1175,51017a28cf2e25a31b463a4d5ead6ec19bc3062006a0f72ce40da0a60dbc43df
Ada-MGAD-e2e-v2-c0metric,507b3034c78f140be5b37d2d8ac31e2787db2550,experiments/p6/c0r2_trainval_dev/positive-logit-rise-v2/results.json,4986,773f05832dcefb568cc867f3eb716c3db2be234cf57d539ede7ca6a59b5dc9f0
Ada-MGAD-e2e-v2-c0metric,507b3034c78f140be5b37d2d8ac31e2787db2550,experiments/p6/c1_feasibility/c1-g1-20260923T105441Z/feasibility_ledger.json,25618,80718e06a801f4a4cfac085eec999285a162b4e1ebf5afff082f17925a99b3da
Ada-MGAD-e2e-v2-c0metric,507b3034c78f140be5b37d2d8ac31e2787db2550,experiments/p6/c1_feasibility/c1-g1-20260923T105441Z/final_report.md,8811,48c72507b5cc43f5254906be5e983547d584ca0a1a979a919e6e970112efbfc4
Ada-MGAD-e2e-v2-c0metric,507b3034c78f140be5b37d2d8ac31e2787db2550,experiments/p6/c1_prefix_metric_audit/c1-fold1-metric-audit-v1-20260929/candidate_ledger.csv,729152,0b25bf30626055af55d6b35ab3fe9f8ff3a375b9023b9ade6bcc8f592923edf5
Ada-MGAD-e2e-v2-c0metric,507b3034c78f140be5b37d2d8ac31e2787db2550,experiments/p6/c1_prefix_metric_audit/c1-fold1-metric-audit-v1-20260929/completion_manifest.json,2015,322e3bf69bd9aaa16b4b0b667a3fd98802175bdd91ec655585f7c97c765ef847
Ada-MGAD-e2e-v2-c0metric,507b3034c78f140be5b37d2d8ac31e2787db2550,experiments/p6/c1_prefix_metric_audit/c1-fold1-metric-audit-v1-20260929/summary.json,2334,f951ebf8419d6499dfe3864e04b4c7f3ab04f258eb3c3d40a3f2ecc43623ae1a
Ada-MGAD-e2e-v2-c0metric,507b3034c78f140be5b37d2d8ac31e2787db2550,experiments/p6/c1_protocol/c1-g2-py38-correction-20260924T0831Z/correction_manifest.json,2340,36a6406c80c0545f81e37f2cb4df0a1bbf5e341d5f92094631be487417f88a34
Ada-MGAD-e2e-v2-c0metric,507b3034c78f140be5b37d2d8ac31e2787db2550,experiments/p6/c1_protocol/c1-g2-py38-correction-20260924T0831Z/correction_report.md,3511,757d796360596b4155d91f40ed3b29cb78cc547dba0ecff819ff1a5496a58857
Ada-MGAD-e2e-v2-c0metric,507b3034c78f140be5b37d2d8ac31e2787db2550,experiments/p6/c1_protocol/c1-g2-v1-20260924/design_lock_report.md,2211,105b44683c01ffc8ef6eded385ec1dc3d6032415e40c58cdfd2815595c02a23f
Ada-MGAD-e2e-v2-c0metric,507b3034c78f140be5b37d2d8ac31e2787db2550,experiments/p6/c1_protocol/c1-g2-v1-20260924/raw_content_manifest.json,1584322,03bdefc1ad817802a9f015a5cc07c71f5e8d625c66c5d5e9fbff31d0d5671718
Ada-MGAD-e2e-v2-c0metric,507b3034c78f140be5b37d2d8ac31e2787db2550,experiments/p6/c1_supervision_oos/c1-supervision-oos-v1-seed42/evaluation/c1_results.json,1947819,d94b67c6631229c8994b491156d616a29062537fda6955bb9a44908609786b6c
Ada-MGAD-e2e-v2-c0metric,507b3034c78f140be5b37d2d8ac31e2787db2550,experiments/p6/c1_supervision_oos/c1-supervision-oos-v1-seed42/evaluation/c2_failure_ledger.csv,1266920,2d7dd0703147a7f67d8e77b17f9be03be43b63baa733f7891b6f653852acef5c
Ada-MGAD-e2e-v2-c0metric,507b3034c78f140be5b37d2d8ac31e2787db2550,experiments/p6/c1_supervision_oos/c1-supervision-oos-v1-seed42/evaluation/c2_failure_summary.json,669,382829e8258b95882ef741004ae2715a98cc01dcd53cc11229cc12abb48c2b95
Ada-MGAD-e2e-v2-c0metric,507b3034c78f140be5b37d2d8ac31e2787db2550,experiments/p6/c1_supervision_oos/c1-supervision-oos-v1-seed42/evaluation/c2_full_diagnosis.json,17914,3b6635e497916cc0be7ba06f466772d1d884544d5819fa519714e3b1e2157beb
Ada-MGAD-e2e-v2-c0metric,507b3034c78f140be5b37d2d8ac31e2787db2550,experiments/p6/c1_supervision_oos/c1-supervision-oos-v1-seed42/evaluation/c2_raw_matching.csv,1155905,986a55d59a6f809a0a6961d76eca5402624ae776bcbd170afb935a24862a09ab
Ada-MGAD-e2e-v2-c0metric,507b3034c78f140be5b37d2d8ac31e2787db2550,experiments/p6/c1_supervision_oos/c1-supervision-oos-v1-seed42/evaluation/c2_stage1_reference.json,1754,104ca7578bd204131f5785fa27b9b97eb08470343f149742c74b83195f8e10c9
Ada-MGAD-e2e-v2-c0metric,507b3034c78f140be5b37d2d8ac31e2787db2550,experiments/p6/c1_supervision_oos/c1-supervision-oos-v1-seed42/evaluation/completion_manifest.json,4210,c113bd2b18967e9f0fac4a227bed7c19e5659f6f13833ba4b21040a9a1b9730e
Ada-MGAD-e2e-v2-c0metric,507b3034c78f140be5b37d2d8ac31e2787db2550,experiments/p6/c1_supervision_oos/c1-supervision-oos-v1-seed42/evaluation/oracle_a_diagnostic.json,269,d1838b5efefa11087fbbb6ecc9949740d6fbb0ece02316ec243e06cb1e4dc1ae
Ada-MGAD-e2e-v2-c0metric,507b3034c78f140be5b37d2d8ac31e2787db2550,experiments/p6/c1_supervision_oos/c1-supervision-oos-v1-seed42/evaluation/oracle_a_rankings.csv,990811,5a7c9576a448ce7a2a9688a214626cc3176919305643f4e89e1dada7c899eec4
Ada-MGAD-e2e-v2-c0metric,507b3034c78f140be5b37d2d8ac31e2787db2550,experiments/p6/c1_supervision_oos/c1-supervision-oos-v1-seed42/folds/fold_01/completion_manifest.json,9087,e5ee5d1ee7f825b18e7ef69f4764182284547d3940c77771855a40468c9b3d3c
Ada-MGAD-e2e-v2-c0metric,507b3034c78f140be5b37d2d8ac31e2787db2550,experiments/p6/c1_supervision_oos/c1-supervision-oos-v1-seed42/folds/fold_01/detector/completion_manifest.json,4312,77f0e0bc4f07aad21799db077c09c3d657dc5c2c106d24460257742c33df5220
Ada-MGAD-e2e-v2-c0metric,507b3034c78f140be5b37d2d8ac31e2787db2550,experiments/p6/c1_supervision_oos/c1-supervision-oos-v1-seed42/folds/fold_01/detector/generation_episodes.csv,106723,856797f52561e1fdc0a9a0e5ab00885ad5a0267d5ccf58f0d943e2bfde31f664
Ada-MGAD-e2e-v2-c0metric,507b3034c78f140be5b37d2d8ac31e2787db2550,experiments/p6/c1_supervision_oos/c1-supervision-oos-v1-seed42/folds/fold_01/detector/generation_scores.csv,750379,6e6a1343939cfbe52c5ea0cf33aa8c7d44cd656c9e5e8641a4fc1f01f0ecb9bc
Ada-MGAD-e2e-v2-c0metric,507b3034c78f140be5b37d2d8ac31e2787db2550,experiments/p6/c1_supervision_oos/c1-supervision-oos-v1-seed42/folds/fold_01/detector/selection.json,773,e96b42fda9f874a04866e984d36f9b32feb24cfabb9d0baf9dda72285fa85f45
Ada-MGAD-e2e-v2-c0metric,507b3034c78f140be5b37d2d8ac31e2787db2550,experiments/p6/c1_supervision_oos/c1-supervision-oos-v1-seed42/folds/fold_01/detector/training_log.json,19221,64dd055eb00531ae43fcead33e103fc1ec55fb6f364518eaec53daae4829a026
Ada-MGAD-e2e-v2-c0metric,507b3034c78f140be5b37d2d8ac31e2787db2550,experiments/p6/c1_supervision_oos/c1-supervision-oos-v1-seed42/folds/fold_02/completion_manifest.json,9096,51006c83a351a1794832be0f82fcee35bceeec0a2a1382df1c61b9e2dc7f252c
Ada-MGAD-e2e-v2-c0metric,507b3034c78f140be5b37d2d8ac31e2787db2550,experiments/p6/c1_supervision_oos/c1-supervision-oos-v1-seed42/folds/fold_02/detector/completion_manifest.json,4281,1ac2392e356f0da8e56fd1c944fbc86f5492d882424d942eeb12523f81a4642b
Ada-MGAD-e2e-v2-c0metric,507b3034c78f140be5b37d2d8ac31e2787db2550,experiments/p6/c1_supervision_oos/c1-supervision-oos-v1-seed42/folds/fold_02/detector/generation_episodes.csv,130039,237fa6eb7af28143ba38568ab9c19f5ee2cfb23c2fed25de2d680fd11ee7383a
Ada-MGAD-e2e-v2-c0metric,507b3034c78f140be5b37d2d8ac31e2787db2550,experiments/p6/c1_supervision_oos/c1-supervision-oos-v1-seed42/folds/fold_02/detector/generation_scores.csv,753899,7abb1f0398658ada10897f17b4f271ff084f6b1daf1e9c1adeddfb667eb3b02f
Ada-MGAD-e2e-v2-c0metric,507b3034c78f140be5b37d2d8ac31e2787db2550,experiments/p6/c1_supervision_oos/c1-supervision-oos-v1-seed42/folds/fold_02/detector/selection.json,741,3449a63b37f5184f9fbd86888843d6e9d8605c3b0b6502635528ff139fd3db3f
Ada-MGAD-e2e-v2-c0metric,507b3034c78f140be5b37d2d8ac31e2787db2550,experiments/p6/c1_supervision_oos/c1-supervision-oos-v1-seed42/folds/fold_02/detector/training_log.json,12434,9cb70fe0d388f2f964a539d9c9d21608b6aa8c710a5b097f0f71fbf27162458b
Ada-MGAD-e2e-v2-c0metric,507b3034c78f140be5b37d2d8ac31e2787db2550,experiments/p6/c1_supervision_oos/c1-supervision-oos-v1-seed42/folds/fold_03/completion_manifest.json,9096,a965256b6152dc4310918aa48ce7fe893ed5207d7c5022101ae3dfa818034934
Ada-MGAD-e2e-v2-c0metric,507b3034c78f140be5b37d2d8ac31e2787db2550,experiments/p6/c1_supervision_oos/c1-supervision-oos-v1-seed42/folds/fold_03/detector/completion_manifest.json,4300,1e94bc29015731fe875de21506a2ad16589ef7a5dce77bf00d3fb16d66c15d56
Ada-MGAD-e2e-v2-c0metric,507b3034c78f140be5b37d2d8ac31e2787db2550,experiments/p6/c1_supervision_oos/c1-supervision-oos-v1-seed42/folds/fold_03/detector/generation_episodes.csv,125838,6519b6f514e75972054b3d458c4dcb9320e6c4e3bfcf65a68bb8a3af7282fb05
Ada-MGAD-e2e-v2-c0metric,507b3034c78f140be5b37d2d8ac31e2787db2550,experiments/p6/c1_supervision_oos/c1-supervision-oos-v1-seed42/folds/fold_03/detector/generation_scores.csv,753500,3756b817680de25addd174fc2a60ebc9c934ac3ec5fdac1bbc8484de080d117f
Ada-MGAD-e2e-v2-c0metric,507b3034c78f140be5b37d2d8ac31e2787db2550,experiments/p6/c1_supervision_oos/c1-supervision-oos-v1-seed42/folds/fold_03/detector/selection.json,760,f73355c10d70746fffafaf12a3f8bf8bccdbfa4c85d0ea3110e630e73f3b40e8
Ada-MGAD-e2e-v2-c0metric,507b3034c78f140be5b37d2d8ac31e2787db2550,experiments/p6/c1_supervision_oos/c1-supervision-oos-v1-seed42/folds/fold_03/detector/training_log.json,12517,971f380db43fd6bb6f0d62044007ee0e865a6d94815d31dedca0e533c645006d
Ada-MGAD-e2e-v2-c0metric,507b3034c78f140be5b37d2d8ac31e2787db2550,experiments/p6/c1_supervision_oos/c1-supervision-oos-v1-seed42/g1_static/completion_manifest.json,5866,935abdc91db5fa1ddba7cb26455508433dace34c11ffa92087243f2ee7afab23
Ada-MGAD-e2e-v2-c0metric,507b3034c78f140be5b37d2d8ac31e2787db2550,experiments/p6/c1_supervision_oos/c1-supervision-oos-v1-seed42/g1_static/fold_manifest.json,11117,017d4b2e87d737ee7d1f3f729a63fed4775e9e8181ec04214ddda6883310d4e5
Ada-MGAD-e2e-v2-c0metric,507b3034c78f140be5b37d2d8ac31e2787db2550,experiments/p6/c1_supervision_oos/c1-supervision-oos-v1-seed42/g1_static/input_manifest.json,7333,a316f306e8b117b8aa9739b468c39f4cd6523310b48ad02f83f2c2f346abd3a1
Ada-MGAD-e2e-v2-c0metric,507b3034c78f140be5b37d2d8ac31e2787db2550,experiments/p6/c1_supervision_oos/c1-supervision-oos-v1-seed42/g1_static/integrity_report.md,1692,2afcab0765547b1e0d75aa464eff2e98e3029e857eceef1435718078395ace22
Ada-MGAD-e2e-v2-c0metric,507b3034c78f140be5b37d2d8ac31e2787db2550,experiments/p6/c1_supervision_oos/c1-supervision-oos-v1-seed42/g1_static/static_population.json,1545,83a5e20726f20866060bd7014784687d3860b0ccc63a76c6c0820817b311f7eb
Ada-MGAD-e2e-v2-c0metric,507b3034c78f140be5b37d2d8ac31e2787db2550,experiments/p6/c1_supervision_oos/c1-supervision-oos-v1-seed42/predictions/completion_manifest.json,3671,19777b7f4656f3e8b360e1ecb618dc5d0dc8a0e63a15df59596a1d87be746216
Ada-MGAD-e2e-v2-c0metric,507b3034c78f140be5b37d2d8ac31e2787db2550,experiments/p6/c1_supervision_oos/c1-supervision-oos-v1-seed42/predictions/prediction_lock.json,6883,ee9500730e7b982557de31d9fd138c13e09e5af397b11354e88b305f0233c967
Ada-MGAD-e2e-v2-c0metric,507b3034c78f140be5b37d2d8ac31e2787db2550,experiments/p6/c1_supervision_oos/c1-supervision-oos-v1-seed42/predictions/scope_rankings.csv,1596904,b444a4d92c601430b79a3fee5e6fcddc97c3a8573cd20bd0c16a828d5bf6a650
Ada-MGAD-e2e-v2-c0metric,507b3034c78f140be5b37d2d8ac31e2787db2550,experiments/p6/c1_supervision_oos/c1-supervision-oos-v1-seed42/rca/arm_b.json,753,2ba84aa9ec52b488db82b2dadce049c9c0105f2147176ff5716ba4d15ee8a4c7
Ada-MGAD-e2e-v2-c0metric,507b3034c78f140be5b37d2d8ac31e2787db2550,experiments/p6/c1_supervision_oos/c1-supervision-oos-v1-seed42/rca/arm_c.json,752,6132941dd09f098a4c711c954ddec473eac11de63f5b094586413d95d7e6ca27
Ada-MGAD-e2e-v2-c0metric,507b3034c78f140be5b37d2d8ac31e2787db2550,experiments/p6/c1_supervision_oos/c1-supervision-oos-v1-seed42/rca/completion_manifest.json,3538,2e446855d9e9cff34c684e8472d7510d1deb3cf5849aa9d8461e7d456127e9b0
Ada-MGAD-e2e-v2-c0metric,507b3034c78f140be5b37d2d8ac31e2787db2550,experiments/p6/c1_supervision_oos/c1-supervision-oos-v1-seed42/run_lock.json,6331,0b5a2b649c31305eec88d631f2d57ef2a45a7d4d643d861478b3a11d620c9c56
Ada-MGAD-e2e-v2-c0metric,507b3034c78f140be5b37d2d8ac31e2787db2550,experiments/p6/c1_supervision_oos/c1-supervision-oos-v1-seed42/train_cohort/cases.csv,325878,83ee698981272bfb1f89d1c2d9b1c2c622b63c419a08c251abde2bf7965821dd
Ada-MGAD-e2e-v2-c0metric,507b3034c78f140be5b37d2d8ac31e2787db2550,experiments/p6/c1_supervision_oos/c1-supervision-oos-v1-seed42/train_cohort/completion_manifest.json,4746,b36dfaa5ba38bc741e318d8cb9e59e5f225324ff9cd3422b6040faff04634550
Ada-MGAD-e2e-v2-c0metric,507b3034c78f140be5b37d2d8ac31e2787db2550,experiments/p6/c1_supervision_oos/c1-supervision-oos-v1-seed42/train_cohort/exclusions.csv,1760,3f5dc5665be94d84e76d3e1e3f84756ae4fdd00e2f42dc96eed7ac3de3941cd6
Ada-MGAD-e2e-v2-c0metric,507b3034c78f140be5b37d2d8ac31e2787db2550,experiments/p6/c1_supervision_oos/c1-supervision-oos-v1-seed42/train_cohort/matching.csv,811460,5c3aa3085f03c2061af4e89e06f6a2f138e0bf69395e2deba438a61a643d8db4
Ada-MGAD-e2e-v2-c0metric,507b3034c78f140be5b37d2d8ac31e2787db2550,experiments/p6/score_decomposition/classification/diagnosis_metrics.json,2093,60fe8440d8c42b2d3a842f7a7c7e4ae861c226ca622ae7eb1923b979c9d44a8e
Ada-MGAD-e2e-v2-c0metric,507b3034c78f140be5b37d2d8ac31e2787db2550,experiments/p6/score_decomposition/classification/event_metrics.json,5147,f40cd2d1f1940bf80eeb298a9350fec848e7b4e64b8730999fb0ed37decd3827
Ada-MGAD-e2e-v2-c0metric,507b3034c78f140be5b37d2d8ac31e2787db2550,experiments/p6/score_decomposition/classification/localization_metrics.json,28925,ceab500c6dee1d5d0fe39a18534c887edfc8355b6491b3535e12a44a423cd4f8
Ada-MGAD-e2e-v2-c0metric,507b3034c78f140be5b37d2d8ac31e2787db2550,experiments/p6/score_decomposition/classification/rca_metrics.json,5581,d8416b903e9babb73045ae016fa7ef8fc20adf7e9c100a25c25d54b767eba99f
Ada-MGAD-e2e-v2-c0metric,507b3034c78f140be5b37d2d8ac31e2787db2550,experiments/p6/score_decomposition/classification/threshold.json,1217,db3862ddb8e2b5d78cee4a4693cc7a5bc56919af20ef592134dbdd571bc6c56d
Ada-MGAD-e2e-v2-c0metric,507b3034c78f140be5b37d2d8ac31e2787db2550,experiments/p6/score_decomposition/common_cases.csv,783153,0bb6bf3e435baf179c4cb1e1deda4bdc42c749d513865a3fcc50d4abf1bdb396
Ada-MGAD-e2e-v2-c0metric,507b3034c78f140be5b37d2d8ac31e2787db2550,experiments/p6/score_decomposition/comparison.json,92985,ce6965fe10c1773e4c0021f8eb5cb1121e8c96a655067520d20d6dec3efb5190
Ada-MGAD-e2e-v2-c0metric,507b3034c78f140be5b37d2d8ac31e2787db2550,experiments/p6/score_decomposition/fused/diagnosis_metrics.json,2085,77d6d3adbb2e76b49b41d16eafb56d4d020faae6d04e25be52ab2a0d209d101c
Ada-MGAD-e2e-v2-c0metric,507b3034c78f140be5b37d2d8ac31e2787db2550,experiments/p6/score_decomposition/fused/event_metrics.json,5105,930173c6cec6c10880f6b375fbf363c1dc62988b836ba86c8c6c1ea4604e0bb6
Ada-MGAD-e2e-v2-c0metric,507b3034c78f140be5b37d2d8ac31e2787db2550,experiments/p6/score_decomposition/fused/localization_metrics.json,29146,9b230dbaee9901ce3b9d9b8308a1e69e40b782e557611e8bee24239bdbb1c095
Ada-MGAD-e2e-v2-c0metric,507b3034c78f140be5b37d2d8ac31e2787db2550,experiments/p6/score_decomposition/fused/rca_metrics.json,5617,d6489f7ed8c2c7563f990e58fdaa17e07feeccd7514f809a3a25c235b8abfb73
Ada-MGAD-e2e-v2-c0metric,507b3034c78f140be5b37d2d8ac31e2787db2550,experiments/p6/score_decomposition/fused/threshold.json,1212,8b3b74d8d838c3303c9b2e6c32c25fe5549df0e78a93790caa59ac383ee5d741
Ada-MGAD-e2e-v2-c0metric,507b3034c78f140be5b37d2d8ac31e2787db2550,experiments/p6/score_decomposition/label_identity_audit.json,1024,6652840bdf55c317b10d2ae4bf5223d6cde67a541688f5a13261b81d7b710010
Ada-MGAD-e2e-v2-c0metric,507b3034c78f140be5b37d2d8ac31e2787db2550,experiments/p6/score_decomposition/manifest.json,7530,65ef6b0a85b907dbc378bafaf712732144a35e5280ae1ab44babb8125f1067ba
Ada-MGAD-e2e-v2-c0metric,507b3034c78f140be5b37d2d8ac31e2787db2550,experiments/p6/score_decomposition/prediction_artifacts.json,1626,f552fde50da06bebf0b8aecd020e5e3825a52b279aef900154a419d04be38afc
Ada-MGAD-e2e-v2-c0metric,507b3034c78f140be5b37d2d8ac31e2787db2550,experiments/p6/score_decomposition/rca/rca_feature_health.json,1806,015b06395de0fe6b2d6ae799629230ce37068ab119564842e319b9a333035493
Ada-MGAD-e2e-v2-c0metric,507b3034c78f140be5b37d2d8ac31e2787db2550,experiments/p6/score_decomposition/rca/rca_feature_manifest.json,2831,7cb9ee84f4e2ce06db7a695027957b25ed69bbd9ccd3865bd2f17f0524c6669e
Ada-MGAD-e2e-v2-c0metric,507b3034c78f140be5b37d2d8ac31e2787db2550,experiments/p6/score_decomposition/reconstruction/diagnosis_metrics.json,2069,1f5f35c7ef97acbf3b740dadc011627b5767f60e7933f7df2bbf53ff1888b4c9
Ada-MGAD-e2e-v2-c0metric,507b3034c78f140be5b37d2d8ac31e2787db2550,experiments/p6/score_decomposition/reconstruction/event_metrics.json,5142,b54a64b01f5e3f9555d094b85787c1bfe94580121162f2a330781550375c61e4
Ada-MGAD-e2e-v2-c0metric,507b3034c78f140be5b37d2d8ac31e2787db2550,experiments/p6/score_decomposition/reconstruction/localization_metrics.json,28269,d35901afceaeac0715266af6d0110c10e444bea83774f7228be90f7a35462b82
Ada-MGAD-e2e-v2-c0metric,507b3034c78f140be5b37d2d8ac31e2787db2550,experiments/p6/score_decomposition/reconstruction/rca_metrics.json,5395,6f573174833b1afac5eba0d2eb9b10da85d498e0736d975e1324588575799b7f
Ada-MGAD-e2e-v2-c0metric,507b3034c78f140be5b37d2d8ac31e2787db2550,experiments/p6/score_decomposition/reconstruction/threshold.json,1219,001fd77e80047ef147b1b4969420c9063280ea04a25df7a59c36328bcb367140
Ada-MGAD-e2e-v2-c0metric,507b3034c78f140be5b37d2d8ac31e2787db2550,experiments/p6/score_decomposition/score_range.json,946,065dbfa7e5b3a6e53e2bc3493fd80448d9613d0b7043d15a314aa1e3f30a20b5
Ada-MGAD-e2e-v2-c0metric,507b3034c78f140be5b37d2d8ac31e2787db2550,experiments/p6/score_decomposition/score_replay.json,4465,b292ac3e2b5640703cbda942a161ec5ac048fa0c0263ca15b72089b96385ac3d
Ada-MGAD-e2e-v2-c0metric,507b3034c78f140be5b37d2d8ac31e2787db2550,experiments/p6/system_event_trigger/manifest.json,28509,cb222bb5c21d20d8a7546e8b1ee1b4882daaac5d4a397d0e07655fe646cf9794
Ada-MGAD-e2e-v2-c0metric,507b3034c78f140be5b37d2d8ac31e2787db2550,experiments/p6/system_event_trigger/split_audit.json,12293,e5c60574f4c36ba5c7ebddbc869ede70f6f9aa83cf35c46fd611dbfba310463e
Ada-MGAD-e2e-v2-c0metric,507b3034c78f140be5b37d2d8ac31e2787db2550,experiments/p6/system_event_trigger/split_manifest.json,8121,1cad441a2d207379ffd8838bc2d655e9c68f3e03b6f4f7e666413a0b33aca193
Ada-MGAD-e2e-v2-c0metric,507b3034c78f140be5b37d2d8ac31e2787db2550,experiments/p6/system_event_trigger/test_metrics.json,14261,2968632cc4da1b807d976d8bb1c449f9d755cb1c15d2ee43bcd440b74946ce5b
Ada-MGAD-e2e-v2-c0metric,507b3034c78f140be5b37d2d8ac31e2787db2550,experiments/p6/system_event_trigger/training_log.json,18166,fcd54effee28206a6cdc964458bedb98c17a26906b58497140e42b567150b48a
Ada-MGAD-e2e-v2-c0metric,507b3034c78f140be5b37d2d8ac31e2787db2550,experiments/p6/system_event_trigger/validation_selection.json,21174,b5167c8d5df9cd9eebd7812cb76733799aa3f7829f3fe1a2c5cdb0ec51715a24
Ada-MGAD-e2e-v2-c0normal,815b56803d487b203e7c623de569abda3c269f42,experiments/p6/c0_causal_comparison/nn-vs-xgb-v1/comparison.json,59375,194a78013eaf73f575d5ba543954e463d426ab12bed5d9416be22b2de14c0497
Ada-MGAD-e2e-v2-c0normal,815b56803d487b203e7c623de569abda3c269f42,experiments/p6/c0_causal_comparison/nn-vs-xgb-v1/reference_records/checkpoint_impact/checkpoint_audit.json,2442,1ec753291ba1387a8faaeefa27be1d3082661d5b4e5afd46093170cb34f65192
Ada-MGAD-e2e-v2-c0normal,815b56803d487b203e7c623de569abda3c269f42,experiments/p6/c0_causal_comparison/nn-vs-xgb-v1/reference_records/checkpoint_impact/completion_manifest.json,1381,b64a4afa2cfba8899a96445a5cbf8715caccdeab08f812746cddfeb0dc35e031
Ada-MGAD-e2e-v2-c0normal,815b56803d487b203e7c623de569abda3c269f42,experiments/p6/c0_causal_comparison/nn-vs-xgb-v1/reference_records/checkpoint_impact/development_input_lock.json,4693,4cba75bf00e68482994c91109659f1b62143b26451ee5147acb6a520c795175b
Ada-MGAD-e2e-v2-c0normal,815b56803d487b203e7c623de569abda3c269f42,experiments/p6/c0_causal_comparison/nn-vs-xgb-v1/reference_records/checkpoint_impact/real_window_causality_gate.json,673,5cfcd0a8bed2684db3ab472a3c706e278b531a0514ba4da61bb0a6f8dc9ad309
Ada-MGAD-e2e-v2-c0normal,815b56803d487b203e7c623de569abda3c269f42,experiments/p6/c0_causal_comparison/nn-vs-xgb-v1/reference_records/nn/completion_manifest.json,1361,05ed46d33516b5b58fb5ed02f29dadfc965c5b1efb5083455578a3ac3279d43c
Ada-MGAD-e2e-v2-c0normal,815b56803d487b203e7c623de569abda3c269f42,experiments/p6/c0_causal_comparison/nn-vs-xgb-v1/reference_records/nn/development_input_lock.json,4693,4cba75bf00e68482994c91109659f1b62143b26451ee5147acb6a520c795175b
Ada-MGAD-e2e-v2-c0normal,815b56803d487b203e7c623de569abda3c269f42,experiments/p6/c0_causal_comparison/nn-vs-xgb-v1/reference_records/nn/real_window_causality_gate.json,653,3e7d3504ec2ef49fd6b359bced1312e177b04cf07d663cd9ce3fb675ef54e231
Ada-MGAD-e2e-v2-c0normal,815b56803d487b203e7c623de569abda3c269f42,experiments/p6/c0_causal_comparison/nn-vs-xgb-v1/reference_records/nn/training_log.json,16022,df3dc210652c2a2eecc2bdf9162db6d5c4a2b13f748ac5b212137bc6e001b840
Ada-MGAD-e2e-v2-c0normal,815b56803d487b203e7c623de569abda3c269f42,experiments/p6/c0_causal_comparison/nn-vs-xgb-v1/reference_records/nn/validation_selection.json,19192,196582641cbbba0234ab18e6f96d2ca1d2b297646ce884888b4bb809f768a133
Ada-MGAD-e2e-v2-c0normal,815b56803d487b203e7c623de569abda3c269f42,experiments/p6/c0_causal_comparison/nn-vs-xgb-v1/reference_records/xgb_original_fit/development_input_lock.json,5091,1031cfb1ba9801b837744d055a4fbe967ceb4cc372f90dd0616876456c708629
Ada-MGAD-e2e-v2-c0normal,815b56803d487b203e7c623de569abda3c269f42,experiments/p6/c0_causal_comparison/nn-vs-xgb-v1/reference_records/xgb_original_fit/failure_record.json,367,da36a5d1ce1c57fcdf8706ccaa714cb4ae7c936bfba1d9c02175728e801dac2d
Ada-MGAD-e2e-v2-c0normal,815b56803d487b203e7c623de569abda3c269f42,experiments/p6/c0_causal_comparison/nn-vs-xgb-v1/reference_records/xgb_original_fit/feature_lock.json,669,692a85d45b08e4024da5622cf4a7b81cac2a475440a889ced0bdc086a231875f
Ada-MGAD-e2e-v2-c0normal,815b56803d487b203e7c623de569abda3c269f42,experiments/p6/c0_causal_comparison/nn-vs-xgb-v1/reference_records/xgb_original_fit/fit_report.json,1617,2f658dfff15c1639efdceef7616a1468ffc54dfda0a0e26ef1f6be7bed8fd118
Ada-MGAD-e2e-v2-c0normal,815b56803d487b203e7c623de569abda3c269f42,experiments/p6/c0_causal_comparison/nn-vs-xgb-v1/reference_records/xgb_original_fit/validation_prediction_lock.json,402,7ffd8934c8023941444523263c1489009da8c8f056440d777bca665e1d946717
Ada-MGAD-e2e-v2-c0normal,815b56803d487b203e7c623de569abda3c269f42,experiments/p6/c0_causal_comparison/nn-vs-xgb-v1/research_manifest.json,4788,44c8b0130db6947a07a778a79ba09c8d5691bfd607ffad907b417ac28fe42b6a
Ada-MGAD-e2e-v2-c0normal,815b56803d487b203e7c623de569abda3c269f42,experiments/p6/c0_flat_xgb/finalized-v1-seed42/completion_manifest.json,1327,a30d583f4945a94a8af79de5af34caea0daf7cfe3fd0688a92554192738bb180
Ada-MGAD-e2e-v2-c0normal,815b56803d487b203e7c623de569abda3c269f42,experiments/p6/c0_flat_xgb/finalized-v1-seed42/finalization_input_lock.json,6678,83443fac0726f04910c4e1a889f463f4f23b2111154f9af0179708e69c4af4a0
Ada-MGAD-e2e-v2-c0normal,815b56803d487b203e7c623de569abda3c269f42,experiments/p6/c0_flat_xgb/finalized-v1-seed42/fit_report.json,1617,2f658dfff15c1639efdceef7616a1468ffc54dfda0a0e26ef1f6be7bed8fd118
Ada-MGAD-e2e-v2-c0normal,815b56803d487b203e7c623de569abda3c269f42,experiments/p6/c0_flat_xgb/finalized-v1-seed42/validation_prediction_lock.json,346,5c3bce054f7113128eb55410a19c23f2be4a51a23a37928e44d47344931321af
Ada-MGAD-e2e-v2-c0normal,815b56803d487b203e7c623de569abda3c269f42,experiments/p6/c0_flat_xgb/finalized-v1-seed42/validation_selection.json,4132,98363249a2b7a755b3622947b03c13b5b12f80fa01de7a6268bcb18be357261d
Ada-MGAD-e2e-v2-c0normal,815b56803d487b203e7c623de569abda3c269f42,experiments/p6/c0_long_weight/development_comparison_v1.json,25913,2666db85e9422a7063b23b377efcc6a5fc205706ed7e38fafb27267eb5519f77
Ada-MGAD-e2e-v2-c0normal,815b56803d487b203e7c623de569abda3c269f42,experiments/p6/c0_long_weight/gpu-control-v1-seed42/development_manifest.json,3907,54c217f08b951c75fbb45650e8bb599f79bec2d36e582104ed9f9c0a82fa96dd
Ada-MGAD-e2e-v2-c0normal,815b56803d487b203e7c623de569abda3c269f42,experiments/p6/c0_long_weight/gpu-control-v1-seed42/p6_c0.log,2590,8eedf228216f7e2ec31260ec44fa2906d98b1aa853e1f7d2248e5091fa7c28c1
Ada-MGAD-e2e-v2-c0normal,815b56803d487b203e7c623de569abda3c269f42,experiments/p6/c0_long_weight/gpu-control-v1-seed42/split_audit.json,12327,8715dd6f2cc8b5e3dc4458a00c060450ab0acd2291989c37571941e35e3d516f
Ada-MGAD-e2e-v2-c0normal,815b56803d487b203e7c623de569abda3c269f42,experiments/p6/c0_long_weight/gpu-control-v1-seed42/split_manifest.json,8130,d1e01a7d582135d860def8389e0c57f842964c5842cb8b389fdfbbf95582a6dd
Ada-MGAD-e2e-v2-c0normal,815b56803d487b203e7c623de569abda3c269f42,experiments/p6/c0_long_weight/gpu-control-v1-seed42/training_log.json,10778,91c12d57d43d39dc6e70e8a42ace6f4fa695b53afcc55998c9e2b82547c9aa3f
Ada-MGAD-e2e-v2-c0normal,815b56803d487b203e7c623de569abda3c269f42,experiments/p6/c0_long_weight/gpu-control-v1-seed42/validation_episodes.csv,214650,38871d4b941cc49ac665907fb97dd2e86f6369bb8841d03980869c3ad46e3379
Ada-MGAD-e2e-v2-c0normal,815b56803d487b203e7c623de569abda3c269f42,experiments/p6/c0_long_weight/gpu-control-v1-seed42/validation_matching.csv,522796,8bf838043e19e4e250e19ce72fa67cbea712ea0873074a1523408e3f3957586b
Ada-MGAD-e2e-v2-c0normal,815b56803d487b203e7c623de569abda3c269f42,experiments/p6/c0_long_weight/gpu-control-v1-seed42/validation_predictions.csv,2251307,dfbd8ff19fb3fe171a117ee062ae05a080ff47e69f8b845b173b00ea9ede27a7
Ada-MGAD-e2e-v2-c0normal,815b56803d487b203e7c623de569abda3c269f42,experiments/p6/c0_long_weight/gpu-control-v1-seed42/validation_selection.json,13913,888d68732bfdb086a0536e6321b8420ad1d4fba11921eb63f2a9577be73b0928
Ada-MGAD-e2e-v2-c0normal,815b56803d487b203e7c623de569abda3c269f42,experiments/p6/c0_long_weight/weighted-v1-seed42/development_manifest.json,3907,97a866e7b277a7f747e5080cd7f03ad46860ed4ad774c44e46a02d905963935e
Ada-MGAD-e2e-v2-c0normal,815b56803d487b203e7c623de569abda3c269f42,experiments/p6/c0_long_weight/weighted-v1-seed42/p6_c0.log,2815,1e93a4a8cd06d75fa0bea51c7450b0ad6aea6eed0d4187373600216e03c7a8b8
Ada-MGAD-e2e-v2-c0normal,815b56803d487b203e7c623de569abda3c269f42,experiments/p6/c0_long_weight/weighted-v1-seed42/split_audit.json,12328,b1365b9be5117c686528a047bb586ea559b05530153ab52dff925307494e6426
Ada-MGAD-e2e-v2-c0normal,815b56803d487b203e7c623de569abda3c269f42,experiments/p6/c0_long_weight/weighted-v1-seed42/split_manifest.json,8130,e15e678cd2c4e186abf24a877b3c6a98c44cb946580f25b2137a129752b45020
Ada-MGAD-e2e-v2-c0normal,815b56803d487b203e7c623de569abda3c269f42,experiments/p6/c0_long_weight/weighted-v1-seed42/training_log.json,12860,5a1bec9c01c5915c049f4098248968f00387afaedc223ada5519095f96479bd7
Ada-MGAD-e2e-v2-c0normal,815b56803d487b203e7c623de569abda3c269f42,experiments/p6/c0_long_weight/weighted-v1-seed42/validation_episodes.csv,215345,c0aa0b05371f3b470def96b533c553dc0a295f811b738d3384acfc11b90c16b4
Ada-MGAD-e2e-v2-c0normal,815b56803d487b203e7c623de569abda3c269f42,experiments/p6/c0_long_weight/weighted-v1-seed42/validation_matching.csv,523619,db378b68a2e4bb8e2a41ded337ae56567bcc6c303511b9f9946d047eb57cbdb8
Ada-MGAD-e2e-v2-c0normal,815b56803d487b203e7c623de569abda3c269f42,experiments/p6/c0_long_weight/weighted-v1-seed42/validation_predictions.csv,2252354,19c6d75fdcb7c5c9dab3aace09d70ae3c73b7396e9419afb3a7fb93e2d4794e1
Ada-MGAD-e2e-v2-c0normal,815b56803d487b203e7c623de569abda3c269f42,experiments/p6/c0_long_weight/weighted-v1-seed42/validation_selection.json,16606,a34856d67c7889833e6106bc4c40537aa344f051c43d0b6c71ec8e640e9cb9c2
Ada-MGAD-e2e-v2-c0normal,815b56803d487b203e7c623de569abda3c269f42,experiments/p6/c0_onset_tcn/bin-decoder-v1/analysis_input_lock.json,5680,ef3184809fb674f035fefbdd66e9bb5024683d2e8b7173820b007dcd71cdb0ea
Ada-MGAD-e2e-v2-c0normal,815b56803d487b203e7c623de569abda3c269f42,experiments/p6/c0_onset_tcn/bin-decoder-v1/baseline_merged_candidates.csv,216260,48ec17de8437e0ea01ea490df414af4c8f3e3c3a08f881bd8724bb2696eb20a6
Ada-MGAD-e2e-v2-c0normal,815b56803d487b203e7c623de569abda3c269f42,experiments/p6/c0_onset_tcn/bin-decoder-v1/baseline_merged_failure_ledger.csv,1128416,a0a71becbd80f9ad046d17988b394fd34dcc495fefe6120ad9583e96285bb6ca
Ada-MGAD-e2e-v2-c0normal,815b56803d487b203e7c623de569abda3c269f42,experiments/p6/c0_onset_tcn/bin-decoder-v1/baseline_merged_matching.csv,524820,d00d02f31f35fc3540f097449542d52e9c31ee3a068a9d1570fddcc54a3665af
Ada-MGAD-e2e-v2-c0normal,815b56803d487b203e7c623de569abda3c269f42,experiments/p6/c0_onset_tcn/bin-decoder-v1/completion_manifest.json,1706,30cf07fe246d31facaee473ff464a33c7aefd87943cb32d2f8d0e3450d0184d3
Ada-MGAD-e2e-v2-c0normal,815b56803d487b203e7c623de569abda3c269f42,experiments/p6/c0_onset_tcn/bin-decoder-v1/decoder_comparison.json,142721,59ee5b6c66dba8fbcade0ef240b4494c879bffe7dad2c5c7bab07b3aacac8991
Ada-MGAD-e2e-v2-c0normal,815b56803d487b203e7c623de569abda3c269f42,experiments/p6/c0_onset_tcn/bin-decoder-v1/onset_bins_fixed_threshold_candidates.csv,212210,91f46050773bba050d968bb1a8a9f7bd33475d8f73c413bbc46cd56f75f31792
Ada-MGAD-e2e-v2-c0normal,815b56803d487b203e7c623de569abda3c269f42,experiments/p6/c0_onset_tcn/bin-decoder-v1/onset_bins_fixed_threshold_failure_ledger.csv,1137293,6ae398ef4be504bc28dbd5b44dee30d333a6d6b6b0eeca99f726e5e02e41e81a
Ada-MGAD-e2e-v2-c0normal,815b56803d487b203e7c623de569abda3c269f42,experiments/p6/c0_onset_tcn/bin-decoder-v1/onset_bins_fixed_threshold_matching.csv,525205,23c102f02ff5ad272fc05f868148e72245efca44b8f6f90772e0023b7a296f47
Ada-MGAD-e2e-v2-c0normal,815b56803d487b203e7c623de569abda3c269f42,experiments/p6/c0_onset_tcn/bin-decoder-v1/onset_bins_validation_selected_candidates.csv,213844,cc3f19a13df24076880e7c34b43fb7b213d27cd0f9e658ecbd9b87ea8ed1274a
Ada-MGAD-e2e-v2-c0normal,815b56803d487b203e7c623de569abda3c269f42,experiments/p6/c0_onset_tcn/bin-decoder-v1/onset_bins_validation_selected_failure_ledger.csv,1137634,cfb72c2a80cdd22d97205032d9a0a58f4b0aa702ba7139697a4bb390c62e42f4
Ada-MGAD-e2e-v2-c0normal,815b56803d487b203e7c623de569abda3c269f42,experiments/p6/c0_onset_tcn/bin-decoder-v1/onset_bins_validation_selected_matching.csv,527143,6c0ec883580c819b54f3ecf2b5ff0fe1cba55a94ab8e5f7b6268ad8c5b93df93
Ada-MGAD-e2e-v2-c0normal,815b56803d487b203e7c623de569abda3c269f42,experiments/p6/c0_onset_tcn/bin-decoder-v1/onset_merged_candidates.csv,217378,bd1c5338b7768f8be019bc0ae55822f147fe8de2a0de80531b3e261f4af1740d
Ada-MGAD-e2e-v2-c0normal,815b56803d487b203e7c623de569abda3c269f42,experiments/p6/c0_onset_tcn/bin-decoder-v1/onset_merged_failure_ledger.csv,1129701,1286c98a532bc51cc29e9ce19530afc87b9911182566718e4e8e43fd600ca9e4
Ada-MGAD-e2e-v2-c0normal,815b56803d487b203e7c623de569abda3c269f42,experiments/p6/c0_onset_tcn/bin-decoder-v1/onset_merged_matching.csv,525676,84c8c0a6aed1586636ff976aae348479665b38458bc5027b8a1d1b8aea2b4d10
Ada-MGAD-e2e-v2-c0normal,815b56803d487b203e7c623de569abda3c269f42,experiments/p6/c0_onset_tcn/encoder-vs-e1-v1/analysis_input_lock.json,6067,c930fabfbb2a62344a854fdad480142231f33585b0dc8054d344de682edddb3d
Ada-MGAD-e2e-v2-c0normal,815b56803d487b203e7c623de569abda3c269f42,experiments/p6/c0_onset_tcn/encoder-vs-e1-v1/baseline_failure_ledger.csv,1124086,2b39f326eecb8668297289d552c5ae435266a7e279fbf3dfaffc68693a3c2c85
Ada-MGAD-e2e-v2-c0normal,815b56803d487b203e7c623de569abda3c269f42,experiments/p6/c0_onset_tcn/encoder-vs-e1-v1/candidate_failure_ledger.csv,1129701,1286c98a532bc51cc29e9ce19530afc87b9911182566718e4e8e43fd600ca9e4
Ada-MGAD-e2e-v2-c0normal,815b56803d487b203e7c623de569abda3c269f42,experiments/p6/c0_onset_tcn/encoder-vs-e1-v1/comparison.json,61888,7b324d0ec6904f09a635956dfba8958b949bc1936ed735226d56ec929306c4ff
Ada-MGAD-e2e-v2-c0normal,815b56803d487b203e7c623de569abda3c269f42,experiments/p6/c0_onset_tcn/encoder-vs-e1-v1/completion_manifest.json,556,cb12a24d8d6c281bf5fe4059f7d37a00195b542e44aacc1e2565da3c998f8a47
Ada-MGAD-e2e-v2-c0normal,815b56803d487b203e7c623de569abda3c269f42,experiments/p6/c0_onset_tcn/total-vs-baseline-v1/analysis_input_lock.json,5705,0582c44a1f331cf48b53c91db8e6ee038c7fb1544b420192238df1677f334cd7
Ada-MGAD-e2e-v2-c0normal,815b56803d487b203e7c623de569abda3c269f42,experiments/p6/c0_onset_tcn/total-vs-baseline-v1/baseline_failure_ledger.csv,1128416,a0a71becbd80f9ad046d17988b394fd34dcc495fefe6120ad9583e96285bb6ca
Ada-MGAD-e2e-v2-c0normal,815b56803d487b203e7c623de569abda3c269f42,experiments/p6/c0_onset_tcn/total-vs-baseline-v1/candidate_failure_ledger.csv,1129701,1286c98a532bc51cc29e9ce19530afc87b9911182566718e4e8e43fd600ca9e4
Ada-MGAD-e2e-v2-c0normal,815b56803d487b203e7c623de569abda3c269f42,experiments/p6/c0_onset_tcn/total-vs-baseline-v1/comparison.json,50378,1fc97dd253433d8e68bf8a990707f89628b8b07e5d33e92d3fb71fd933f0e469
Ada-MGAD-e2e-v2-c0normal,815b56803d487b203e7c623de569abda3c269f42,experiments/p6/c0_onset_tcn/total-vs-baseline-v1/completion_manifest.json,556,dd2be17be01471c3aa0369c09f4bb9913752cabf5690969b6200988b1eedca64
Ada-MGAD-e2e-v2-c0normal,815b56803d487b203e7c623de569abda3c269f42,experiments/p6/c0_raw_onset_observability/raw-onset-v1/fit_clean_events.csv,519986,b42d0a714339ffb1f8bf07294a5fa822c48893f58bfe0475d60ab86a7aa0404a
Ada-MGAD-e2e-v2-c0normal,815b56803d487b203e7c623de569abda3c269f42,experiments/p6/c0_raw_onset_observability/raw-onset-v1/fit_pseudo_onsets.csv,70246,b36db52779b7a745a4e47c5cf4d686b1dea0a53be2a453debdbba61e1d45f531
Ada-MGAD-e2e-v2-c0normal,815b56803d487b203e7c623de569abda3c269f42,experiments/p6/c0_raw_onset_observability/raw-onset-v1/results.json,20440,2d8b1882fdb9a9310f9b74f848adc54033654d3a27a7ef707f609d84957d1378
Ada-MGAD-e2e-v2-c0normal,815b56803d487b203e7c623de569abda3c269f42,experiments/p6/c0_raw_onset_observability/raw-onset-v1/validation_clean_events.csv,171016,e9715164e6b527b0570aa2ed35a4281f0847910a8356e7bcad8b53e3796181a1
Ada-MGAD-e2e-v2-c0normal,815b56803d487b203e7c623de569abda3c269f42,experiments/p6/c0_raw_onset_observability/raw-onset-v1/validation_pseudo_onsets.csv,47187,53eb1bdcf265069cca9079495d92aae7f88415475312bdaf6da8d8e0a39dff10
Ada-MGAD-e2e-v2-c0normal,815b56803d487b203e7c623de569abda3c269f42,experiments/p6/c0f_failure_audit/c0f-correction-20260923T0755Z/analysis_validation.json,296,ad7a15071946ca8749cbfc26c134304b3771c8e610fe1b8b2bbb81c01767fdde
Ada-MGAD-e2e-v2-c0normal,815b56803d487b203e7c623de569abda3c269f42,experiments/p6/c0f_failure_audit/c0f-correction-20260923T0755Z/audit_config.json,3064,6e66534cd7adb078d7342fd189a891d59e8dd1b9c893868cbf06f92c34c6c820
Ada-MGAD-e2e-v2-c0normal,815b56803d487b203e7c623de569abda3c269f42,experiments/p6/c0f_failure_audit/c0f-correction-20260923T0755Z/capacity_summary.json,13508,aaa4fe3bc740aad3c1b97dac8a8c9224fcdc766b59e693f2b07a678139eccbda
Ada-MGAD-e2e-v2-c0normal,815b56803d487b203e7c623de569abda3c269f42,experiments/p6/c0f_failure_audit/c0f-correction-20260923T0755Z/completion_manifest.json,76920,faabd0a5e6486a89c6e6e3cab1af8f146af6cdab9fe5e728c027f5d18f80745a
Ada-MGAD-e2e-v2-c0normal,815b56803d487b203e7c623de569abda3c269f42,experiments/p6/c0f_failure_audit/c0f-correction-20260923T0755Z/confounding_tables.json,196447,676bf2913aefd265292b4d25c6c8fc11d9bec5813f5aebf9a3d7a6e49933487d
Ada-MGAD-e2e-v2-c0normal,815b56803d487b203e7c623de569abda3c269f42,experiments/p6/c0f_failure_audit/c0f-correction-20260923T0755Z/correction_summary.json,1427,95cdd9d0c51a29a47d84b851a8dda40c3d56e877203793781c4701a6852db181
Ada-MGAD-e2e-v2-c0normal,815b56803d487b203e7c623de569abda3c269f42,experiments/p6/c0f_failure_audit/c0f-correction-20260923T0755Z/decision.json,21910,3cdf539f1bfe2367c9e0e34430118a565645a293138e121970832cce7984c552
Ada-MGAD-e2e-v2-c0normal,815b56803d487b203e7c623de569abda3c269f42,experiments/p6/c0f_failure_audit/c0f-correction-20260923T0755Z/evidence_ledger.json,7998,eaf1b0a9bb641e3dd59c540512f03a61a793b4ebb83c7115b19f86ac7318e1fe
Ada-MGAD-e2e-v2-c0normal,815b56803d487b203e7c623de569abda3c269f42,experiments/p6/c0f_failure_audit/c0f-correction-20260923T0755Z/final_report.md,12767,cfac59ff1f3d4ac489a3c11b9670e43e3e8216999019e821d1711970fdfea656
Ada-MGAD-e2e-v2-c0normal,815b56803d487b203e7c623de569abda3c269f42,experiments/p6/c0f_failure_audit/c0f-correction-20260923T0755Z/input_integrity_after.json,227,bc834dc3b45aa4814b8e27a6d7b15d88994488d574057dcf8e18c5647782c7e4
Ada-MGAD-e2e-v2-c0normal,815b56803d487b203e7c623de569abda3c269f42,experiments/p6/c0f_failure_audit/c0f-correction-20260923T0755Z/input_manifest.json,1272,8a22a55fe1b951a78aa30fa6a185339f45235779a9b0c4a92852cc97f11fa972
Ada-MGAD-e2e-v2-c0normal,815b56803d487b203e7c623de569abda3c269f42,experiments/p6/c0f_failure_audit/c0f-correction-20260923T0755Z/input_snapshot.json,254827,1fdc4e0e3b82c9849e7e965471ee4431621aa3b8b7d9ec86f7afbc0fa5b9b87f
Ada-MGAD-e2e-v2-c0normal,815b56803d487b203e7c623de569abda3c269f42,experiments/p6/c0f_failure_audit/c0f-correction-20260923T0755Z/isolation_summary.json,46108,439b4311ae6cdeeb896971b52602928cd8f8f00581b1762b7dc199338eb8cdd9
Ada-MGAD-e2e-v2-c0normal,815b56803d487b203e7c623de569abda3c269f42,experiments/p6/c0f_failure_audit/c0f-correction-20260923T0755Z/ledger_invariants.json,520,a497cd0e28dc4627d27a343038ecda70ff3e2cd2c7579674175c7b0c1ebe8ab3
Ada-MGAD-e2e-v2-c0normal,815b56803d487b203e7c623de569abda3c269f42,experiments/p6/c0f_failure_audit/c0f-correction-20260923T0755Z/reuse_provenance.json,1297,5d40d373429d92073ad1f677ed930107abdcfec9973afa3fd940c00d79a6ad82
Ada-MGAD-e2e-v2-c0normal,815b56803d487b203e7c623de569abda3c269f42,experiments/p6/c0f_failure_audit/c0f-correction-20260923T0755Z/run_state.json,70344,4f58cdf5cf3c06bcc2b8ea3b12a608c6c9287a8a996a4ae0007f2a3cede3fb78
Ada-MGAD-e2e-v2-c0normal,815b56803d487b203e7c623de569abda3c269f42,experiments/p6/c0f_failure_audit/c0f-correction-20260923T0755Z/source_integrity.json,8617,ae61ded34933922feea8dad052f115aa50abf7c311593f0a49f47b5e73270e73
Ada-MGAD-e2e-v2-c0normal,815b56803d487b203e7c623de569abda3c269f42,experiments/p6/c0f_failure_audit/c0f-correction-20260923T0755Z/source_snapshot.json,27487,808bb33502694359a809657c56db3bc4ecf1a67887e45ba4c7949e67009d17fe
Ada-MGAD-e2e-v2-c0normal,815b56803d487b203e7c623de569abda3c269f42,experiments/p6/c0f_failure_audit/c0f-correction-20260923T0755Z/split_population_checks.json,968,e5cad5ac9211384da9c73c83304625bb4274585228b1b733edd92f4352dfd820
Ada-MGAD-e2e-v2-c0normal,815b56803d487b203e7c623de569abda3c269f42,experiments/p6/c0f_failure_audit/c0f-correction-20260923T0755Z/stratified_summary.json,38692,c3d3148227ad27756001b6d6b7ba1fadb603e390741e29fad34fcb8292c4962e
Ada-MGAD-e2e-v2-c0normal,815b56803d487b203e7c623de569abda3c269f42,experiments/p6/c0f_failure_audit/c0f-correction-20260923T0755Z/test_artifact_verification.json,1286,0385232d6ff22eb82747264c9bdf7a4d0f6b4112b40a5edc9675ec12ddd72282
Ada-MGAD-e2e-v2-c0normal,815b56803d487b203e7c623de569abda3c269f42,experiments/p6/c0f_failure_audit/c0f-correction-20260923T0755Z/test_results.json,1478,001ef8cbe1e1997d6a608df763aefb994e5d99b6e932f97de0c4cf88b4aa504e
Ada-MGAD-e2e-v2-c0normal,815b56803d487b203e7c623de569abda3c269f42,experiments/p6/c0f_failure_audit/c0f-correction-20260923T0755Z/validation_replay.json,1781,e802370c18a4bc38e497d3ab398705a0434f91bbe8c02dbf1710c7f1ad904360
Ada-MGAD-e2e-v2-c0normal,815b56803d487b203e7c623de569abda3c269f42,experiments/p6/c0f_failure_audit/c0f-seed42-20260919T0700/audit_config.json,2705,078c633bc1097b558439d0bc247118bf079cdbc177eac2bbe26a83b628bbbf40
Ada-MGAD-e2e-v2-c0normal,815b56803d487b203e7c623de569abda3c269f42,experiments/p6/c0f_failure_audit/c0f-seed42-20260919T0700/capacity_summary.json,12933,e479dfa5b2af41d141b4fd08ecbfa76a107148e57ade5e17eaa818b880821124
Ada-MGAD-e2e-v2-c0normal,815b56803d487b203e7c623de569abda3c269f42,experiments/p6/c0f_failure_audit/c0f-seed42-20260919T0700/completion_manifest.json,16950,97e1fd3e34da06e7b64808b9f38372628c7007b9a2533c46582b50e5b7ace53a
Ada-MGAD-e2e-v2-c0normal,815b56803d487b203e7c623de569abda3c269f42,experiments/p6/c0f_failure_audit/c0f-seed42-20260919T0700/confounding_tables.json,27744,bab17cda93dcb9747e23cd4519396edc2975e38bc31ed96e2ad3fc2d8fe5c9c6
Ada-MGAD-e2e-v2-c0normal,815b56803d487b203e7c623de569abda3c269f42,experiments/p6/c0f_failure_audit/c0f-seed42-20260919T0700/decision.json,20118,9eb7ca1ee3c04c4b8fdc1d0a9a75b873add03bfce61b026f0e4abc9f55ba9493
Ada-MGAD-e2e-v2-c0normal,815b56803d487b203e7c623de569abda3c269f42,experiments/p6/c0f_failure_audit/c0f-seed42-20260919T0700/evidence_ledger.json,5830,1eaca4aac0c592a5110acadb7681366ceba696f0fedc1803ec1c03379d16f90b
Ada-MGAD-e2e-v2-c0normal,815b56803d487b203e7c623de569abda3c269f42,experiments/p6/c0f_failure_audit/c0f-seed42-20260919T0700/final_report.md,9472,563ac665ce2641c94e80a4bd12e124473956db1c49113eb60859ba4f6f2a291f
Ada-MGAD-e2e-v2-c0normal,815b56803d487b203e7c623de569abda3c269f42,experiments/p6/c0f_failure_audit/c0f-seed42-20260919T0700/input_manifest.json,1267,cd5a7b02c8e78bb6021343dd2e76ca8d87819503afdecefc8cb80c5fcfdc48ef
Ada-MGAD-e2e-v2-c0normal,815b56803d487b203e7c623de569abda3c269f42,experiments/p6/c0f_failure_audit/c0f-seed42-20260919T0700/ledger_invariants.json,520,a497cd0e28dc4627d27a343038ecda70ff3e2cd2c7579674175c7b0c1ebe8ab3
Ada-MGAD-e2e-v2-c0normal,815b56803d487b203e7c623de569abda3c269f42,experiments/p6/c0f_failure_audit/c0f-seed42-20260919T0700/run_state.json,1983,5c81eb7dfb89d713ac40de4da60d8f9803b89ac1c6260ff9ca7a07e59fe40edc
Ada-MGAD-e2e-v2-c0normal,815b56803d487b203e7c623de569abda3c269f42,experiments/p6/c0f_failure_audit/c0f-seed42-20260919T0700/source_integrity.json,4603,7507a5bb490607692a0c7e4065f1ba79e8cde8d67305f4d8f20638feb6228c8d
Ada-MGAD-e2e-v2-c0normal,815b56803d487b203e7c623de569abda3c269f42,experiments/p6/c0f_failure_audit/c0f-seed42-20260919T0700/split_population_checks.json,968,e5cad5ac9211384da9c73c83304625bb4274585228b1b733edd92f4352dfd820
Ada-MGAD-e2e-v2-c0normal,815b56803d487b203e7c623de569abda3c269f42,experiments/p6/c0f_failure_audit/c0f-seed42-20260919T0700/stratified_summary.json,35445,babde167b0390f10a20108026516463a250f74340fcd46c8729e386610f39b57
Ada-MGAD-e2e-v2-c0normal,815b56803d487b203e7c623de569abda3c269f42,experiments/p6/c0f_failure_audit/c0f-seed42-20260919T0700/test_artifact_verification.json,1190,ccec4113e1846fd3509fc626a6cc14a7b64fe05ae31fa81c31bcf9ab68e22e28
Ada-MGAD-e2e-v2-c0normal,815b56803d487b203e7c623de569abda3c269f42,experiments/p6/c0f_failure_audit/c0f-seed42-20260919T0700/validation_replay.json,1781,24ea8a62815c7c6172bac2e3e3a0f3bfc639b803fc8bbd28c17d9e33c98fb93f
Ada-MGAD-e2e-v2-c0normal,815b56803d487b203e7c623de569abda3c269f42,experiments/p6/c0f_failure_audit/code-checks-20260923T075346Z/test_results.json,1175,51017a28cf2e25a31b463a4d5ead6ec19bc3062006a0f72ce40da0a60dbc43df
Ada-MGAD-e2e-v2-c0normal,815b56803d487b203e7c623de569abda3c269f42,experiments/p6/c0r2_trainval_dev/positive-logit-rise-v2/results.json,4986,773f05832dcefb568cc867f3eb716c3db2be234cf57d539ede7ca6a59b5dc9f0
Ada-MGAD-e2e-v2-c0normal,815b56803d487b203e7c623de569abda3c269f42,experiments/p6/c1_feasibility/c1-g1-20260923T105441Z/feasibility_ledger.json,25618,80718e06a801f4a4cfac085eec999285a162b4e1ebf5afff082f17925a99b3da
Ada-MGAD-e2e-v2-c0normal,815b56803d487b203e7c623de569abda3c269f42,experiments/p6/c1_feasibility/c1-g1-20260923T105441Z/final_report.md,8811,48c72507b5cc43f5254906be5e983547d584ca0a1a979a919e6e970112efbfc4
Ada-MGAD-e2e-v2-c0normal,815b56803d487b203e7c623de569abda3c269f42,experiments/p6/c1_prefix_metric_audit/c1-fold1-metric-audit-v1-20260929/candidate_ledger.csv,729152,0b25bf30626055af55d6b35ab3fe9f8ff3a375b9023b9ade6bcc8f592923edf5
Ada-MGAD-e2e-v2-c0normal,815b56803d487b203e7c623de569abda3c269f42,experiments/p6/c1_prefix_metric_audit/c1-fold1-metric-audit-v1-20260929/completion_manifest.json,2015,322e3bf69bd9aaa16b4b0b667a3fd98802175bdd91ec655585f7c97c765ef847
Ada-MGAD-e2e-v2-c0normal,815b56803d487b203e7c623de569abda3c269f42,experiments/p6/c1_prefix_metric_audit/c1-fold1-metric-audit-v1-20260929/summary.json,2334,f951ebf8419d6499dfe3864e04b4c7f3ab04f258eb3c3d40a3f2ecc43623ae1a
Ada-MGAD-e2e-v2-c0normal,815b56803d487b203e7c623de569abda3c269f42,experiments/p6/c1_protocol/c1-g2-py38-correction-20260924T0831Z/correction_manifest.json,2340,36a6406c80c0545f81e37f2cb4df0a1bbf5e341d5f92094631be487417f88a34
Ada-MGAD-e2e-v2-c0normal,815b56803d487b203e7c623de569abda3c269f42,experiments/p6/c1_protocol/c1-g2-py38-correction-20260924T0831Z/correction_report.md,3511,757d796360596b4155d91f40ed3b29cb78cc547dba0ecff819ff1a5496a58857
Ada-MGAD-e2e-v2-c0normal,815b56803d487b203e7c623de569abda3c269f42,experiments/p6/c1_protocol/c1-g2-v1-20260924/design_lock_report.md,2211,105b44683c01ffc8ef6eded385ec1dc3d6032415e40c58cdfd2815595c02a23f
Ada-MGAD-e2e-v2-c0normal,815b56803d487b203e7c623de569abda3c269f42,experiments/p6/c1_protocol/c1-g2-v1-20260924/raw_content_manifest.json,1584322,03bdefc1ad817802a9f015a5cc07c71f5e8d625c66c5d5e9fbff31d0d5671718
Ada-MGAD-e2e-v2-c0normal,815b56803d487b203e7c623de569abda3c269f42,experiments/p6/c1_supervision_oos/c1-supervision-oos-v1-seed42/evaluation/c1_results.json,1947819,d94b67c6631229c8994b491156d616a29062537fda6955bb9a44908609786b6c
Ada-MGAD-e2e-v2-c0normal,815b56803d487b203e7c623de569abda3c269f42,experiments/p6/c1_supervision_oos/c1-supervision-oos-v1-seed42/evaluation/c2_failure_ledger.csv,1266920,2d7dd0703147a7f67d8e77b17f9be03be43b63baa733f7891b6f653852acef5c
Ada-MGAD-e2e-v2-c0normal,815b56803d487b203e7c623de569abda3c269f42,experiments/p6/c1_supervision_oos/c1-supervision-oos-v1-seed42/evaluation/c2_failure_summary.json,669,382829e8258b95882ef741004ae2715a98cc01dcd53cc11229cc12abb48c2b95
Ada-MGAD-e2e-v2-c0normal,815b56803d487b203e7c623de569abda3c269f42,experiments/p6/c1_supervision_oos/c1-supervision-oos-v1-seed42/evaluation/c2_full_diagnosis.json,17914,3b6635e497916cc0be7ba06f466772d1d884544d5819fa519714e3b1e2157beb
Ada-MGAD-e2e-v2-c0normal,815b56803d487b203e7c623de569abda3c269f42,experiments/p6/c1_supervision_oos/c1-supervision-oos-v1-seed42/evaluation/c2_raw_matching.csv,1155905,986a55d59a6f809a0a6961d76eca5402624ae776bcbd170afb935a24862a09ab
Ada-MGAD-e2e-v2-c0normal,815b56803d487b203e7c623de569abda3c269f42,experiments/p6/c1_supervision_oos/c1-supervision-oos-v1-seed42/evaluation/c2_stage1_reference.json,1754,104ca7578bd204131f5785fa27b9b97eb08470343f149742c74b83195f8e10c9
Ada-MGAD-e2e-v2-c0normal,815b56803d487b203e7c623de569abda3c269f42,experiments/p6/c1_supervision_oos/c1-supervision-oos-v1-seed42/evaluation/completion_manifest.json,4210,c113bd2b18967e9f0fac4a227bed7c19e5659f6f13833ba4b21040a9a1b9730e
Ada-MGAD-e2e-v2-c0normal,815b56803d487b203e7c623de569abda3c269f42,experiments/p6/c1_supervision_oos/c1-supervision-oos-v1-seed42/evaluation/oracle_a_diagnostic.json,269,d1838b5efefa11087fbbb6ecc9949740d6fbb0ece02316ec243e06cb1e4dc1ae
Ada-MGAD-e2e-v2-c0normal,815b56803d487b203e7c623de569abda3c269f42,experiments/p6/c1_supervision_oos/c1-supervision-oos-v1-seed42/evaluation/oracle_a_rankings.csv,990811,5a7c9576a448ce7a2a9688a214626cc3176919305643f4e89e1dada7c899eec4
Ada-MGAD-e2e-v2-c0normal,815b56803d487b203e7c623de569abda3c269f42,experiments/p6/c1_supervision_oos/c1-supervision-oos-v1-seed42/folds/fold_01/completion_manifest.json,9087,e5ee5d1ee7f825b18e7ef69f4764182284547d3940c77771855a40468c9b3d3c
Ada-MGAD-e2e-v2-c0normal,815b56803d487b203e7c623de569abda3c269f42,experiments/p6/c1_supervision_oos/c1-supervision-oos-v1-seed42/folds/fold_01/detector/completion_manifest.json,4312,77f0e0bc4f07aad21799db077c09c3d657dc5c2c106d24460257742c33df5220
Ada-MGAD-e2e-v2-c0normal,815b56803d487b203e7c623de569abda3c269f42,experiments/p6/c1_supervision_oos/c1-supervision-oos-v1-seed42/folds/fold_01/detector/generation_episodes.csv,106723,856797f52561e1fdc0a9a0e5ab00885ad5a0267d5ccf58f0d943e2bfde31f664
Ada-MGAD-e2e-v2-c0normal,815b56803d487b203e7c623de569abda3c269f42,experiments/p6/c1_supervision_oos/c1-supervision-oos-v1-seed42/folds/fold_01/detector/generation_scores.csv,750379,6e6a1343939cfbe52c5ea0cf33aa8c7d44cd656c9e5e8641a4fc1f01f0ecb9bc
Ada-MGAD-e2e-v2-c0normal,815b56803d487b203e7c623de569abda3c269f42,experiments/p6/c1_supervision_oos/c1-supervision-oos-v1-seed42/folds/fold_01/detector/selection.json,773,e96b42fda9f874a04866e984d36f9b32feb24cfabb9d0baf9dda72285fa85f45
Ada-MGAD-e2e-v2-c0normal,815b56803d487b203e7c623de569abda3c269f42,experiments/p6/c1_supervision_oos/c1-supervision-oos-v1-seed42/folds/fold_01/detector/training_log.json,19221,64dd055eb00531ae43fcead33e103fc1ec55fb6f364518eaec53daae4829a026
Ada-MGAD-e2e-v2-c0normal,815b56803d487b203e7c623de569abda3c269f42,experiments/p6/c1_supervision_oos/c1-supervision-oos-v1-seed42/folds/fold_02/completion_manifest.json,9096,51006c83a351a1794832be0f82fcee35bceeec0a2a1382df1c61b9e2dc7f252c
Ada-MGAD-e2e-v2-c0normal,815b56803d487b203e7c623de569abda3c269f42,experiments/p6/c1_supervision_oos/c1-supervision-oos-v1-seed42/folds/fold_02/detector/completion_manifest.json,4281,1ac2392e356f0da8e56fd1c944fbc86f5492d882424d942eeb12523f81a4642b
Ada-MGAD-e2e-v2-c0normal,815b56803d487b203e7c623de569abda3c269f42,experiments/p6/c1_supervision_oos/c1-supervision-oos-v1-seed42/folds/fold_02/detector/generation_episodes.csv,130039,237fa6eb7af28143ba38568ab9c19f5ee2cfb23c2fed25de2d680fd11ee7383a
Ada-MGAD-e2e-v2-c0normal,815b56803d487b203e7c623de569abda3c269f42,experiments/p6/c1_supervision_oos/c1-supervision-oos-v1-seed42/folds/fold_02/detector/generation_scores.csv,753899,7abb1f0398658ada10897f17b4f271ff084f6b1daf1e9c1adeddfb667eb3b02f
Ada-MGAD-e2e-v2-c0normal,815b56803d487b203e7c623de569abda3c269f42,experiments/p6/c1_supervision_oos/c1-supervision-oos-v1-seed42/folds/fold_02/detector/selection.json,741,3449a63b37f5184f9fbd86888843d6e9d8605c3b0b6502635528ff139fd3db3f
Ada-MGAD-e2e-v2-c0normal,815b56803d487b203e7c623de569abda3c269f42,experiments/p6/c1_supervision_oos/c1-supervision-oos-v1-seed42/folds/fold_02/detector/training_log.json,12434,9cb70fe0d388f2f964a539d9c9d21608b6aa8c710a5b097f0f71fbf27162458b
Ada-MGAD-e2e-v2-c0normal,815b56803d487b203e7c623de569abda3c269f42,experiments/p6/c1_supervision_oos/c1-supervision-oos-v1-seed42/folds/fold_03/completion_manifest.json,9096,a965256b6152dc4310918aa48ce7fe893ed5207d7c5022101ae3dfa818034934
Ada-MGAD-e2e-v2-c0normal,815b56803d487b203e7c623de569abda3c269f42,experiments/p6/c1_supervision_oos/c1-supervision-oos-v1-seed42/folds/fold_03/detector/completion_manifest.json,4300,1e94bc29015731fe875de21506a2ad16589ef7a5dce77bf00d3fb16d66c15d56
Ada-MGAD-e2e-v2-c0normal,815b56803d487b203e7c623de569abda3c269f42,experiments/p6/c1_supervision_oos/c1-supervision-oos-v1-seed42/folds/fold_03/detector/generation_episodes.csv,125838,6519b6f514e75972054b3d458c4dcb9320e6c4e3bfcf65a68bb8a3af7282fb05
Ada-MGAD-e2e-v2-c0normal,815b56803d487b203e7c623de569abda3c269f42,experiments/p6/c1_supervision_oos/c1-supervision-oos-v1-seed42/folds/fold_03/detector/generation_scores.csv,753500,3756b817680de25addd174fc2a60ebc9c934ac3ec5fdac1bbc8484de080d117f
Ada-MGAD-e2e-v2-c0normal,815b56803d487b203e7c623de569abda3c269f42,experiments/p6/c1_supervision_oos/c1-supervision-oos-v1-seed42/folds/fold_03/detector/selection.json,760,f73355c10d70746fffafaf12a3f8bf8bccdbfa4c85d0ea3110e630e73f3b40e8
Ada-MGAD-e2e-v2-c0normal,815b56803d487b203e7c623de569abda3c269f42,experiments/p6/c1_supervision_oos/c1-supervision-oos-v1-seed42/folds/fold_03/detector/training_log.json,12517,971f380db43fd6bb6f0d62044007ee0e865a6d94815d31dedca0e533c645006d
Ada-MGAD-e2e-v2-c0normal,815b56803d487b203e7c623de569abda3c269f42,experiments/p6/c1_supervision_oos/c1-supervision-oos-v1-seed42/g1_static/completion_manifest.json,5866,935abdc91db5fa1ddba7cb26455508433dace34c11ffa92087243f2ee7afab23
Ada-MGAD-e2e-v2-c0normal,815b56803d487b203e7c623de569abda3c269f42,experiments/p6/c1_supervision_oos/c1-supervision-oos-v1-seed42/g1_static/fold_manifest.json,11117,017d4b2e87d737ee7d1f3f729a63fed4775e9e8181ec04214ddda6883310d4e5
Ada-MGAD-e2e-v2-c0normal,815b56803d487b203e7c623de569abda3c269f42,experiments/p6/c1_supervision_oos/c1-supervision-oos-v1-seed42/g1_static/input_manifest.json,7333,a316f306e8b117b8aa9739b468c39f4cd6523310b48ad02f83f2c2f346abd3a1
Ada-MGAD-e2e-v2-c0normal,815b56803d487b203e7c623de569abda3c269f42,experiments/p6/c1_supervision_oos/c1-supervision-oos-v1-seed42/g1_static/integrity_report.md,1692,2afcab0765547b1e0d75aa464eff2e98e3029e857eceef1435718078395ace22
Ada-MGAD-e2e-v2-c0normal,815b56803d487b203e7c623de569abda3c269f42,experiments/p6/c1_supervision_oos/c1-supervision-oos-v1-seed42/g1_static/static_population.json,1545,83a5e20726f20866060bd7014784687d3860b0ccc63a76c6c0820817b311f7eb
Ada-MGAD-e2e-v2-c0normal,815b56803d487b203e7c623de569abda3c269f42,experiments/p6/c1_supervision_oos/c1-supervision-oos-v1-seed42/predictions/completion_manifest.json,3671,19777b7f4656f3e8b360e1ecb618dc5d0dc8a0e63a15df59596a1d87be746216
Ada-MGAD-e2e-v2-c0normal,815b56803d487b203e7c623de569abda3c269f42,experiments/p6/c1_supervision_oos/c1-supervision-oos-v1-seed42/predictions/prediction_lock.json,6883,ee9500730e7b982557de31d9fd138c13e09e5af397b11354e88b305f0233c967
Ada-MGAD-e2e-v2-c0normal,815b56803d487b203e7c623de569abda3c269f42,experiments/p6/c1_supervision_oos/c1-supervision-oos-v1-seed42/predictions/scope_rankings.csv,1596904,b444a4d92c601430b79a3fee5e6fcddc97c3a8573cd20bd0c16a828d5bf6a650
Ada-MGAD-e2e-v2-c0normal,815b56803d487b203e7c623de569abda3c269f42,experiments/p6/c1_supervision_oos/c1-supervision-oos-v1-seed42/rca/arm_b.json,753,2ba84aa9ec52b488db82b2dadce049c9c0105f2147176ff5716ba4d15ee8a4c7
Ada-MGAD-e2e-v2-c0normal,815b56803d487b203e7c623de569abda3c269f42,experiments/p6/c1_supervision_oos/c1-supervision-oos-v1-seed42/rca/arm_c.json,752,6132941dd09f098a4c711c954ddec473eac11de63f5b094586413d95d7e6ca27
Ada-MGAD-e2e-v2-c0normal,815b56803d487b203e7c623de569abda3c269f42,experiments/p6/c1_supervision_oos/c1-supervision-oos-v1-seed42/rca/completion_manifest.json,3538,2e446855d9e9cff34c684e8472d7510d1deb3cf5849aa9d8461e7d456127e9b0
Ada-MGAD-e2e-v2-c0normal,815b56803d487b203e7c623de569abda3c269f42,experiments/p6/c1_supervision_oos/c1-supervision-oos-v1-seed42/run_lock.json,6331,0b5a2b649c31305eec88d631f2d57ef2a45a7d4d643d861478b3a11d620c9c56
Ada-MGAD-e2e-v2-c0normal,815b56803d487b203e7c623de569abda3c269f42,experiments/p6/c1_supervision_oos/c1-supervision-oos-v1-seed42/train_cohort/cases.csv,325878,83ee698981272bfb1f89d1c2d9b1c2c622b63c419a08c251abde2bf7965821dd
Ada-MGAD-e2e-v2-c0normal,815b56803d487b203e7c623de569abda3c269f42,experiments/p6/c1_supervision_oos/c1-supervision-oos-v1-seed42/train_cohort/completion_manifest.json,4746,b36dfaa5ba38bc741e318d8cb9e59e5f225324ff9cd3422b6040faff04634550
Ada-MGAD-e2e-v2-c0normal,815b56803d487b203e7c623de569abda3c269f42,experiments/p6/c1_supervision_oos/c1-supervision-oos-v1-seed42/train_cohort/exclusions.csv,1760,3f5dc5665be94d84e76d3e1e3f84756ae4fdd00e2f42dc96eed7ac3de3941cd6
Ada-MGAD-e2e-v2-c0normal,815b56803d487b203e7c623de569abda3c269f42,experiments/p6/c1_supervision_oos/c1-supervision-oos-v1-seed42/train_cohort/matching.csv,811460,5c3aa3085f03c2061af4e89e06f6a2f138e0bf69395e2deba438a61a643d8db4
Ada-MGAD-e2e-v2-c0normal,815b56803d487b203e7c623de569abda3c269f42,experiments/p6/normal_forecast_fit_screen/preflight-v1/cohort_summary.json,1156,4141198084a86635e19337e670fcc98dde5511cf9c06a164d0cfd46ffe30b4ae
Ada-MGAD-e2e-v2-c0normal,815b56803d487b203e7c623de569abda3c269f42,experiments/p6/normal_forecast_fit_screen/preflight-v1/completion_manifest.json,846,c1afb0ea619b483b56d290f2a59abde94fc58ac2ee1d63705af8445564ca8780
Ada-MGAD-e2e-v2-c0normal,815b56803d487b203e7c623de569abda3c269f42,experiments/p6/normal_forecast_fit_screen/preflight-v1/event_holdout_gt.csv,141651,dfa26a83fb55fc5651844e23eb3bc4e59489123e0b493ce80a18be83fba6207a
Ada-MGAD-e2e-v2-c0normal,815b56803d487b203e7c623de569abda3c269f42,experiments/p6/normal_forecast_fit_screen/preflight-v1/normal_calibration_gt.csv,149133,b0bd9c404d1634fddb75fad2cd51a59989d7a672c9194efef9b70dfdb8d0847e
Ada-MGAD-e2e-v2-c0normal,815b56803d487b203e7c623de569abda3c269f42,experiments/p6/normal_forecast_fit_screen/preflight-v1/normal_training_gt.csv,410696,67b238bb717bad94e22f0fd4bc2e41fab324c137ff88f65c1674dd981c7db365
Ada-MGAD-e2e-v2-c0normal,815b56803d487b203e7c623de569abda3c269f42,experiments/p6/normal_forecast_fit_screen/preflight-v1/purged_events.csv,203,694ef8fb4b7d3308fae9a936bf9abc9ddaedb4dd92db16f2f8bcaa4b49dc088e
Ada-MGAD-e2e-v2-c0normal,815b56803d487b203e7c623de569abda3c269f42,experiments/p6/normal_forecast_fit_screen/preflight-v1/scope_lock.json,2647,8f3959467c8d34ebfae694aa2fc2d18eec090d67db342fdcdccc9759cb1dfed5
Ada-MGAD-e2e-v2-c0normal,815b56803d487b203e7c623de569abda3c269f42,experiments/p6/normal_forecast_fit_screen/preflight-v1/window_cohort.csv,4826292,4d51e529b82ddd7a83a69dc75ea98324bed294c350a3d6b6b34931ec1223b42e
Ada-MGAD-e2e-v2-c0normal,815b56803d487b203e7c623de569abda3c269f42,experiments/p6/score_decomposition/classification/diagnosis_metrics.json,2093,60fe8440d8c42b2d3a842f7a7c7e4ae861c226ca622ae7eb1923b979c9d44a8e
Ada-MGAD-e2e-v2-c0normal,815b56803d487b203e7c623de569abda3c269f42,experiments/p6/score_decomposition/classification/event_metrics.json,5147,f40cd2d1f1940bf80eeb298a9350fec848e7b4e64b8730999fb0ed37decd3827
Ada-MGAD-e2e-v2-c0normal,815b56803d487b203e7c623de569abda3c269f42,experiments/p6/score_decomposition/classification/localization_metrics.json,28925,ceab500c6dee1d5d0fe39a18534c887edfc8355b6491b3535e12a44a423cd4f8
Ada-MGAD-e2e-v2-c0normal,815b56803d487b203e7c623de569abda3c269f42,experiments/p6/score_decomposition/classification/rca_metrics.json,5581,d8416b903e9babb73045ae016fa7ef8fc20adf7e9c100a25c25d54b767eba99f
Ada-MGAD-e2e-v2-c0normal,815b56803d487b203e7c623de569abda3c269f42,experiments/p6/score_decomposition/classification/threshold.json,1217,db3862ddb8e2b5d78cee4a4693cc7a5bc56919af20ef592134dbdd571bc6c56d
Ada-MGAD-e2e-v2-c0normal,815b56803d487b203e7c623de569abda3c269f42,experiments/p6/score_decomposition/common_cases.csv,783153,0bb6bf3e435baf179c4cb1e1deda4bdc42c749d513865a3fcc50d4abf1bdb396
Ada-MGAD-e2e-v2-c0normal,815b56803d487b203e7c623de569abda3c269f42,experiments/p6/score_decomposition/comparison.json,92985,ce6965fe10c1773e4c0021f8eb5cb1121e8c96a655067520d20d6dec3efb5190
Ada-MGAD-e2e-v2-c0normal,815b56803d487b203e7c623de569abda3c269f42,experiments/p6/score_decomposition/fused/diagnosis_metrics.json,2085,77d6d3adbb2e76b49b41d16eafb56d4d020faae6d04e25be52ab2a0d209d101c
Ada-MGAD-e2e-v2-c0normal,815b56803d487b203e7c623de569abda3c269f42,experiments/p6/score_decomposition/fused/event_metrics.json,5105,930173c6cec6c10880f6b375fbf363c1dc62988b836ba86c8c6c1ea4604e0bb6
Ada-MGAD-e2e-v2-c0normal,815b56803d487b203e7c623de569abda3c269f42,experiments/p6/score_decomposition/fused/localization_metrics.json,29146,9b230dbaee9901ce3b9d9b8308a1e69e40b782e557611e8bee24239bdbb1c095
Ada-MGAD-e2e-v2-c0normal,815b56803d487b203e7c623de569abda3c269f42,experiments/p6/score_decomposition/fused/rca_metrics.json,5617,d6489f7ed8c2c7563f990e58fdaa17e07feeccd7514f809a3a25c235b8abfb73
Ada-MGAD-e2e-v2-c0normal,815b56803d487b203e7c623de569abda3c269f42,experiments/p6/score_decomposition/fused/threshold.json,1212,8b3b74d8d838c3303c9b2e6c32c25fe5549df0e78a93790caa59ac383ee5d741
Ada-MGAD-e2e-v2-c0normal,815b56803d487b203e7c623de569abda3c269f42,experiments/p6/score_decomposition/label_identity_audit.json,1024,6652840bdf55c317b10d2ae4bf5223d6cde67a541688f5a13261b81d7b710010
Ada-MGAD-e2e-v2-c0normal,815b56803d487b203e7c623de569abda3c269f42,experiments/p6/score_decomposition/manifest.json,7530,65ef6b0a85b907dbc378bafaf712732144a35e5280ae1ab44babb8125f1067ba
Ada-MGAD-e2e-v2-c0normal,815b56803d487b203e7c623de569abda3c269f42,experiments/p6/score_decomposition/prediction_artifacts.json,1626,f552fde50da06bebf0b8aecd020e5e3825a52b279aef900154a419d04be38afc
Ada-MGAD-e2e-v2-c0normal,815b56803d487b203e7c623de569abda3c269f42,experiments/p6/score_decomposition/rca/rca_feature_health.json,1806,015b06395de0fe6b2d6ae799629230ce37068ab119564842e319b9a333035493
Ada-MGAD-e2e-v2-c0normal,815b56803d487b203e7c623de569abda3c269f42,experiments/p6/score_decomposition/rca/rca_feature_manifest.json,2831,7cb9ee84f4e2ce06db7a695027957b25ed69bbd9ccd3865bd2f17f0524c6669e
Ada-MGAD-e2e-v2-c0normal,815b56803d487b203e7c623de569abda3c269f42,experiments/p6/score_decomposition/reconstruction/diagnosis_metrics.json,2069,1f5f35c7ef97acbf3b740dadc011627b5767f60e7933f7df2bbf53ff1888b4c9
Ada-MGAD-e2e-v2-c0normal,815b56803d487b203e7c623de569abda3c269f42,experiments/p6/score_decomposition/reconstruction/event_metrics.json,5142,b54a64b01f5e3f9555d094b85787c1bfe94580121162f2a330781550375c61e4
Ada-MGAD-e2e-v2-c0normal,815b56803d487b203e7c623de569abda3c269f42,experiments/p6/score_decomposition/reconstruction/localization_metrics.json,28269,d35901afceaeac0715266af6d0110c10e444bea83774f7228be90f7a35462b82
Ada-MGAD-e2e-v2-c0normal,815b56803d487b203e7c623de569abda3c269f42,experiments/p6/score_decomposition/reconstruction/rca_metrics.json,5395,6f573174833b1afac5eba0d2eb9b10da85d498e0736d975e1324588575799b7f
Ada-MGAD-e2e-v2-c0normal,815b56803d487b203e7c623de569abda3c269f42,experiments/p6/score_decomposition/reconstruction/threshold.json,1219,001fd77e80047ef147b1b4969420c9063280ea04a25df7a59c36328bcb367140
Ada-MGAD-e2e-v2-c0normal,815b56803d487b203e7c623de569abda3c269f42,experiments/p6/score_decomposition/score_range.json,946,065dbfa7e5b3a6e53e2bc3493fd80448d9613d0b7043d15a314aa1e3f30a20b5
Ada-MGAD-e2e-v2-c0normal,815b56803d487b203e7c623de569abda3c269f42,experiments/p6/score_decomposition/score_replay.json,4465,b292ac3e2b5640703cbda942a161ec5ac048fa0c0263ca15b72089b96385ac3d
Ada-MGAD-e2e-v2-c0normal,815b56803d487b203e7c623de569abda3c269f42,experiments/p6/system_event_trigger/manifest.json,28509,cb222bb5c21d20d8a7546e8b1ee1b4882daaac5d4a397d0e07655fe646cf9794
Ada-MGAD-e2e-v2-c0normal,815b56803d487b203e7c623de569abda3c269f42,experiments/p6/system_event_trigger/split_audit.json,12293,e5c60574f4c36ba5c7ebddbc869ede70f6f9aa83cf35c46fd611dbfba310463e
Ada-MGAD-e2e-v2-c0normal,815b56803d487b203e7c623de569abda3c269f42,experiments/p6/system_event_trigger/split_manifest.json,8121,1cad441a2d207379ffd8838bc2d655e9c68f3e03b6f4f7e666413a0b33aca193
Ada-MGAD-e2e-v2-c0normal,815b56803d487b203e7c623de569abda3c269f42,experiments/p6/system_event_trigger/test_metrics.json,14261,2968632cc4da1b807d976d8bb1c449f9d755cb1c15d2ee43bcd440b74946ce5b
Ada-MGAD-e2e-v2-c0normal,815b56803d487b203e7c623de569abda3c269f42,experiments/p6/system_event_trigger/training_log.json,18166,fcd54effee28206a6cdc964458bedb98c17a26906b58497140e42b567150b48a
Ada-MGAD-e2e-v2-c0normal,815b56803d487b203e7c623de569abda3c269f42,experiments/p6/system_event_trigger/validation_selection.json,21174,b5167c8d5df9cd9eebd7812cb76733799aa3f7829f3fe1a2c5cdb0ec51715a24
Ada-MGAD-e2e-v2-c0normalfallback,dcdaeb9937dbfebe9e9f31ffa572c8c2705496e1,experiments/p6/c0_causal_comparison/nn-vs-xgb-v1/comparison.json,59375,194a78013eaf73f575d5ba543954e463d426ab12bed5d9416be22b2de14c0497
Ada-MGAD-e2e-v2-c0normalfallback,dcdaeb9937dbfebe9e9f31ffa572c8c2705496e1,experiments/p6/c0_causal_comparison/nn-vs-xgb-v1/reference_records/checkpoint_impact/checkpoint_audit.json,2442,1ec753291ba1387a8faaeefa27be1d3082661d5b4e5afd46093170cb34f65192
Ada-MGAD-e2e-v2-c0normalfallback,dcdaeb9937dbfebe9e9f31ffa572c8c2705496e1,experiments/p6/c0_causal_comparison/nn-vs-xgb-v1/reference_records/checkpoint_impact/completion_manifest.json,1381,b64a4afa2cfba8899a96445a5cbf8715caccdeab08f812746cddfeb0dc35e031
Ada-MGAD-e2e-v2-c0normalfallback,dcdaeb9937dbfebe9e9f31ffa572c8c2705496e1,experiments/p6/c0_causal_comparison/nn-vs-xgb-v1/reference_records/checkpoint_impact/development_input_lock.json,4693,4cba75bf00e68482994c91109659f1b62143b26451ee5147acb6a520c795175b
Ada-MGAD-e2e-v2-c0normalfallback,dcdaeb9937dbfebe9e9f31ffa572c8c2705496e1,experiments/p6/c0_causal_comparison/nn-vs-xgb-v1/reference_records/checkpoint_impact/real_window_causality_gate.json,673,5cfcd0a8bed2684db3ab472a3c706e278b531a0514ba4da61bb0a6f8dc9ad309
Ada-MGAD-e2e-v2-c0normalfallback,dcdaeb9937dbfebe9e9f31ffa572c8c2705496e1,experiments/p6/c0_causal_comparison/nn-vs-xgb-v1/reference_records/nn/completion_manifest.json,1361,05ed46d33516b5b58fb5ed02f29dadfc965c5b1efb5083455578a3ac3279d43c
Ada-MGAD-e2e-v2-c0normalfallback,dcdaeb9937dbfebe9e9f31ffa572c8c2705496e1,experiments/p6/c0_causal_comparison/nn-vs-xgb-v1/reference_records/nn/development_input_lock.json,4693,4cba75bf00e68482994c91109659f1b62143b26451ee5147acb6a520c795175b
Ada-MGAD-e2e-v2-c0normalfallback,dcdaeb9937dbfebe9e9f31ffa572c8c2705496e1,experiments/p6/c0_causal_comparison/nn-vs-xgb-v1/reference_records/nn/real_window_causality_gate.json,653,3e7d3504ec2ef49fd6b359bced1312e177b04cf07d663cd9ce3fb675ef54e231
Ada-MGAD-e2e-v2-c0normalfallback,dcdaeb9937dbfebe9e9f31ffa572c8c2705496e1,experiments/p6/c0_causal_comparison/nn-vs-xgb-v1/reference_records/nn/training_log.json,16022,df3dc210652c2a2eecc2bdf9162db6d5c4a2b13f748ac5b212137bc6e001b840
Ada-MGAD-e2e-v2-c0normalfallback,dcdaeb9937dbfebe9e9f31ffa572c8c2705496e1,experiments/p6/c0_causal_comparison/nn-vs-xgb-v1/reference_records/nn/validation_selection.json,19192,196582641cbbba0234ab18e6f96d2ca1d2b297646ce884888b4bb809f768a133
Ada-MGAD-e2e-v2-c0normalfallback,dcdaeb9937dbfebe9e9f31ffa572c8c2705496e1,experiments/p6/c0_causal_comparison/nn-vs-xgb-v1/reference_records/xgb_original_fit/development_input_lock.json,5091,1031cfb1ba9801b837744d055a4fbe967ceb4cc372f90dd0616876456c708629
Ada-MGAD-e2e-v2-c0normalfallback,dcdaeb9937dbfebe9e9f31ffa572c8c2705496e1,experiments/p6/c0_causal_comparison/nn-vs-xgb-v1/reference_records/xgb_original_fit/failure_record.json,367,da36a5d1ce1c57fcdf8706ccaa714cb4ae7c936bfba1d9c02175728e801dac2d
Ada-MGAD-e2e-v2-c0normalfallback,dcdaeb9937dbfebe9e9f31ffa572c8c2705496e1,experiments/p6/c0_causal_comparison/nn-vs-xgb-v1/reference_records/xgb_original_fit/feature_lock.json,669,692a85d45b08e4024da5622cf4a7b81cac2a475440a889ced0bdc086a231875f
Ada-MGAD-e2e-v2-c0normalfallback,dcdaeb9937dbfebe9e9f31ffa572c8c2705496e1,experiments/p6/c0_causal_comparison/nn-vs-xgb-v1/reference_records/xgb_original_fit/fit_report.json,1617,2f658dfff15c1639efdceef7616a1468ffc54dfda0a0e26ef1f6be7bed8fd118
Ada-MGAD-e2e-v2-c0normalfallback,dcdaeb9937dbfebe9e9f31ffa572c8c2705496e1,experiments/p6/c0_causal_comparison/nn-vs-xgb-v1/reference_records/xgb_original_fit/validation_prediction_lock.json,402,7ffd8934c8023941444523263c1489009da8c8f056440d777bca665e1d946717
Ada-MGAD-e2e-v2-c0normalfallback,dcdaeb9937dbfebe9e9f31ffa572c8c2705496e1,experiments/p6/c0_causal_comparison/nn-vs-xgb-v1/research_manifest.json,4788,44c8b0130db6947a07a778a79ba09c8d5691bfd607ffad907b417ac28fe42b6a
Ada-MGAD-e2e-v2-c0normalfallback,dcdaeb9937dbfebe9e9f31ffa572c8c2705496e1,experiments/p6/c0_flat_xgb/finalized-v1-seed42/completion_manifest.json,1327,a30d583f4945a94a8af79de5af34caea0daf7cfe3fd0688a92554192738bb180
Ada-MGAD-e2e-v2-c0normalfallback,dcdaeb9937dbfebe9e9f31ffa572c8c2705496e1,experiments/p6/c0_flat_xgb/finalized-v1-seed42/finalization_input_lock.json,6678,83443fac0726f04910c4e1a889f463f4f23b2111154f9af0179708e69c4af4a0
Ada-MGAD-e2e-v2-c0normalfallback,dcdaeb9937dbfebe9e9f31ffa572c8c2705496e1,experiments/p6/c0_flat_xgb/finalized-v1-seed42/fit_report.json,1617,2f658dfff15c1639efdceef7616a1468ffc54dfda0a0e26ef1f6be7bed8fd118
Ada-MGAD-e2e-v2-c0normalfallback,dcdaeb9937dbfebe9e9f31ffa572c8c2705496e1,experiments/p6/c0_flat_xgb/finalized-v1-seed42/validation_prediction_lock.json,346,5c3bce054f7113128eb55410a19c23f2be4a51a23a37928e44d47344931321af
Ada-MGAD-e2e-v2-c0normalfallback,dcdaeb9937dbfebe9e9f31ffa572c8c2705496e1,experiments/p6/c0_flat_xgb/finalized-v1-seed42/validation_selection.json,4132,98363249a2b7a755b3622947b03c13b5b12f80fa01de7a6268bcb18be357261d
Ada-MGAD-e2e-v2-c0normalfallback,dcdaeb9937dbfebe9e9f31ffa572c8c2705496e1,experiments/p6/c0_long_weight/development_comparison_v1.json,25913,2666db85e9422a7063b23b377efcc6a5fc205706ed7e38fafb27267eb5519f77
Ada-MGAD-e2e-v2-c0normalfallback,dcdaeb9937dbfebe9e9f31ffa572c8c2705496e1,experiments/p6/c0_long_weight/gpu-control-v1-seed42/development_manifest.json,3907,54c217f08b951c75fbb45650e8bb599f79bec2d36e582104ed9f9c0a82fa96dd
Ada-MGAD-e2e-v2-c0normalfallback,dcdaeb9937dbfebe9e9f31ffa572c8c2705496e1,experiments/p6/c0_long_weight/gpu-control-v1-seed42/p6_c0.log,2590,8eedf228216f7e2ec31260ec44fa2906d98b1aa853e1f7d2248e5091fa7c28c1
Ada-MGAD-e2e-v2-c0normalfallback,dcdaeb9937dbfebe9e9f31ffa572c8c2705496e1,experiments/p6/c0_long_weight/gpu-control-v1-seed42/split_audit.json,12327,8715dd6f2cc8b5e3dc4458a00c060450ab0acd2291989c37571941e35e3d516f
Ada-MGAD-e2e-v2-c0normalfallback,dcdaeb9937dbfebe9e9f31ffa572c8c2705496e1,experiments/p6/c0_long_weight/gpu-control-v1-seed42/split_manifest.json,8130,d1e01a7d582135d860def8389e0c57f842964c5842cb8b389fdfbbf95582a6dd
Ada-MGAD-e2e-v2-c0normalfallback,dcdaeb9937dbfebe9e9f31ffa572c8c2705496e1,experiments/p6/c0_long_weight/gpu-control-v1-seed42/training_log.json,10778,91c12d57d43d39dc6e70e8a42ace6f4fa695b53afcc55998c9e2b82547c9aa3f
Ada-MGAD-e2e-v2-c0normalfallback,dcdaeb9937dbfebe9e9f31ffa572c8c2705496e1,experiments/p6/c0_long_weight/gpu-control-v1-seed42/validation_episodes.csv,214650,38871d4b941cc49ac665907fb97dd2e86f6369bb8841d03980869c3ad46e3379
Ada-MGAD-e2e-v2-c0normalfallback,dcdaeb9937dbfebe9e9f31ffa572c8c2705496e1,experiments/p6/c0_long_weight/gpu-control-v1-seed42/validation_matching.csv,522796,8bf838043e19e4e250e19ce72fa67cbea712ea0873074a1523408e3f3957586b
Ada-MGAD-e2e-v2-c0normalfallback,dcdaeb9937dbfebe9e9f31ffa572c8c2705496e1,experiments/p6/c0_long_weight/gpu-control-v1-seed42/validation_predictions.csv,2251307,dfbd8ff19fb3fe171a117ee062ae05a080ff47e69f8b845b173b00ea9ede27a7
Ada-MGAD-e2e-v2-c0normalfallback,dcdaeb9937dbfebe9e9f31ffa572c8c2705496e1,experiments/p6/c0_long_weight/gpu-control-v1-seed42/validation_selection.json,13913,888d68732bfdb086a0536e6321b8420ad1d4fba11921eb63f2a9577be73b0928
Ada-MGAD-e2e-v2-c0normalfallback,dcdaeb9937dbfebe9e9f31ffa572c8c2705496e1,experiments/p6/c0_long_weight/weighted-v1-seed42/development_manifest.json,3907,97a866e7b277a7f747e5080cd7f03ad46860ed4ad774c44e46a02d905963935e
Ada-MGAD-e2e-v2-c0normalfallback,dcdaeb9937dbfebe9e9f31ffa572c8c2705496e1,experiments/p6/c0_long_weight/weighted-v1-seed42/p6_c0.log,2815,1e93a4a8cd06d75fa0bea51c7450b0ad6aea6eed0d4187373600216e03c7a8b8
Ada-MGAD-e2e-v2-c0normalfallback,dcdaeb9937dbfebe9e9f31ffa572c8c2705496e1,experiments/p6/c0_long_weight/weighted-v1-seed42/split_audit.json,12328,b1365b9be5117c686528a047bb586ea559b05530153ab52dff925307494e6426
Ada-MGAD-e2e-v2-c0normalfallback,dcdaeb9937dbfebe9e9f31ffa572c8c2705496e1,experiments/p6/c0_long_weight/weighted-v1-seed42/split_manifest.json,8130,e15e678cd2c4e186abf24a877b3c6a98c44cb946580f25b2137a129752b45020
Ada-MGAD-e2e-v2-c0normalfallback,dcdaeb9937dbfebe9e9f31ffa572c8c2705496e1,experiments/p6/c0_long_weight/weighted-v1-seed42/training_log.json,12860,5a1bec9c01c5915c049f4098248968f00387afaedc223ada5519095f96479bd7
Ada-MGAD-e2e-v2-c0normalfallback,dcdaeb9937dbfebe9e9f31ffa572c8c2705496e1,experiments/p6/c0_long_weight/weighted-v1-seed42/validation_episodes.csv,215345,c0aa0b05371f3b470def96b533c553dc0a295f811b738d3384acfc11b90c16b4
Ada-MGAD-e2e-v2-c0normalfallback,dcdaeb9937dbfebe9e9f31ffa572c8c2705496e1,experiments/p6/c0_long_weight/weighted-v1-seed42/validation_matching.csv,523619,db378b68a2e4bb8e2a41ded337ae56567bcc6c303511b9f9946d047eb57cbdb8
Ada-MGAD-e2e-v2-c0normalfallback,dcdaeb9937dbfebe9e9f31ffa572c8c2705496e1,experiments/p6/c0_long_weight/weighted-v1-seed42/validation_predictions.csv,2252354,19c6d75fdcb7c5c9dab3aace09d70ae3c73b7396e9419afb3a7fb93e2d4794e1
Ada-MGAD-e2e-v2-c0normalfallback,dcdaeb9937dbfebe9e9f31ffa572c8c2705496e1,experiments/p6/c0_long_weight/weighted-v1-seed42/validation_selection.json,16606,a34856d67c7889833e6106bc4c40537aa344f051c43d0b6c71ec8e640e9cb9c2
Ada-MGAD-e2e-v2-c0normalfallback,dcdaeb9937dbfebe9e9f31ffa572c8c2705496e1,experiments/p6/c0_raw_onset_observability/raw-onset-v1/fit_clean_events.csv,519986,b42d0a714339ffb1f8bf07294a5fa822c48893f58bfe0475d60ab86a7aa0404a
Ada-MGAD-e2e-v2-c0normalfallback,dcdaeb9937dbfebe9e9f31ffa572c8c2705496e1,experiments/p6/c0_raw_onset_observability/raw-onset-v1/fit_pseudo_onsets.csv,70246,b36db52779b7a745a4e47c5cf4d686b1dea0a53be2a453debdbba61e1d45f531
Ada-MGAD-e2e-v2-c0normalfallback,dcdaeb9937dbfebe9e9f31ffa572c8c2705496e1,experiments/p6/c0_raw_onset_observability/raw-onset-v1/results.json,20440,2d8b1882fdb9a9310f9b74f848adc54033654d3a27a7ef707f609d84957d1378
Ada-MGAD-e2e-v2-c0normalfallback,dcdaeb9937dbfebe9e9f31ffa572c8c2705496e1,experiments/p6/c0_raw_onset_observability/raw-onset-v1/validation_clean_events.csv,171016,e9715164e6b527b0570aa2ed35a4281f0847910a8356e7bcad8b53e3796181a1
Ada-MGAD-e2e-v2-c0normalfallback,dcdaeb9937dbfebe9e9f31ffa572c8c2705496e1,experiments/p6/c0_raw_onset_observability/raw-onset-v1/validation_pseudo_onsets.csv,47187,53eb1bdcf265069cca9079495d92aae7f88415475312bdaf6da8d8e0a39dff10
Ada-MGAD-e2e-v2-c0normalfallback,dcdaeb9937dbfebe9e9f31ffa572c8c2705496e1,experiments/p6/c0f_failure_audit/c0f-correction-20260923T0755Z/analysis_validation.json,296,ad7a15071946ca8749cbfc26c134304b3771c8e610fe1b8b2bbb81c01767fdde
Ada-MGAD-e2e-v2-c0normalfallback,dcdaeb9937dbfebe9e9f31ffa572c8c2705496e1,experiments/p6/c0f_failure_audit/c0f-correction-20260923T0755Z/audit_config.json,3064,6e66534cd7adb078d7342fd189a891d59e8dd1b9c893868cbf06f92c34c6c820
Ada-MGAD-e2e-v2-c0normalfallback,dcdaeb9937dbfebe9e9f31ffa572c8c2705496e1,experiments/p6/c0f_failure_audit/c0f-correction-20260923T0755Z/capacity_summary.json,13508,aaa4fe3bc740aad3c1b97dac8a8c9224fcdc766b59e693f2b07a678139eccbda
Ada-MGAD-e2e-v2-c0normalfallback,dcdaeb9937dbfebe9e9f31ffa572c8c2705496e1,experiments/p6/c0f_failure_audit/c0f-correction-20260923T0755Z/completion_manifest.json,76920,faabd0a5e6486a89c6e6e3cab1af8f146af6cdab9fe5e728c027f5d18f80745a
Ada-MGAD-e2e-v2-c0normalfallback,dcdaeb9937dbfebe9e9f31ffa572c8c2705496e1,experiments/p6/c0f_failure_audit/c0f-correction-20260923T0755Z/confounding_tables.json,196447,676bf2913aefd265292b4d25c6c8fc11d9bec5813f5aebf9a3d7a6e49933487d
Ada-MGAD-e2e-v2-c0normalfallback,dcdaeb9937dbfebe9e9f31ffa572c8c2705496e1,experiments/p6/c0f_failure_audit/c0f-correction-20260923T0755Z/correction_summary.json,1427,95cdd9d0c51a29a47d84b851a8dda40c3d56e877203793781c4701a6852db181
Ada-MGAD-e2e-v2-c0normalfallback,dcdaeb9937dbfebe9e9f31ffa572c8c2705496e1,experiments/p6/c0f_failure_audit/c0f-correction-20260923T0755Z/decision.json,21910,3cdf539f1bfe2367c9e0e34430118a565645a293138e121970832cce7984c552
Ada-MGAD-e2e-v2-c0normalfallback,dcdaeb9937dbfebe9e9f31ffa572c8c2705496e1,experiments/p6/c0f_failure_audit/c0f-correction-20260923T0755Z/evidence_ledger.json,7998,eaf1b0a9bb641e3dd59c540512f03a61a793b4ebb83c7115b19f86ac7318e1fe
Ada-MGAD-e2e-v2-c0normalfallback,dcdaeb9937dbfebe9e9f31ffa572c8c2705496e1,experiments/p6/c0f_failure_audit/c0f-correction-20260923T0755Z/final_report.md,12767,cfac59ff1f3d4ac489a3c11b9670e43e3e8216999019e821d1711970fdfea656
Ada-MGAD-e2e-v2-c0normalfallback,dcdaeb9937dbfebe9e9f31ffa572c8c2705496e1,experiments/p6/c0f_failure_audit/c0f-correction-20260923T0755Z/input_integrity_after.json,227,bc834dc3b45aa4814b8e27a6d7b15d88994488d574057dcf8e18c5647782c7e4
Ada-MGAD-e2e-v2-c0normalfallback,dcdaeb9937dbfebe9e9f31ffa572c8c2705496e1,experiments/p6/c0f_failure_audit/c0f-correction-20260923T0755Z/input_manifest.json,1272,8a22a55fe1b951a78aa30fa6a185339f45235779a9b0c4a92852cc97f11fa972
Ada-MGAD-e2e-v2-c0normalfallback,dcdaeb9937dbfebe9e9f31ffa572c8c2705496e1,experiments/p6/c0f_failure_audit/c0f-correction-20260923T0755Z/input_snapshot.json,254827,1fdc4e0e3b82c9849e7e965471ee4431621aa3b8b7d9ec86f7afbc0fa5b9b87f
Ada-MGAD-e2e-v2-c0normalfallback,dcdaeb9937dbfebe9e9f31ffa572c8c2705496e1,experiments/p6/c0f_failure_audit/c0f-correction-20260923T0755Z/isolation_summary.json,46108,439b4311ae6cdeeb896971b52602928cd8f8f00581b1762b7dc199338eb8cdd9
Ada-MGAD-e2e-v2-c0normalfallback,dcdaeb9937dbfebe9e9f31ffa572c8c2705496e1,experiments/p6/c0f_failure_audit/c0f-correction-20260923T0755Z/ledger_invariants.json,520,a497cd0e28dc4627d27a343038ecda70ff3e2cd2c7579674175c7b0c1ebe8ab3
Ada-MGAD-e2e-v2-c0normalfallback,dcdaeb9937dbfebe9e9f31ffa572c8c2705496e1,experiments/p6/c0f_failure_audit/c0f-correction-20260923T0755Z/reuse_provenance.json,1297,5d40d373429d92073ad1f677ed930107abdcfec9973afa3fd940c00d79a6ad82
Ada-MGAD-e2e-v2-c0normalfallback,dcdaeb9937dbfebe9e9f31ffa572c8c2705496e1,experiments/p6/c0f_failure_audit/c0f-correction-20260923T0755Z/run_state.json,70344,4f58cdf5cf3c06bcc2b8ea3b12a608c6c9287a8a996a4ae0007f2a3cede3fb78
Ada-MGAD-e2e-v2-c0normalfallback,dcdaeb9937dbfebe9e9f31ffa572c8c2705496e1,experiments/p6/c0f_failure_audit/c0f-correction-20260923T0755Z/source_integrity.json,8617,ae61ded34933922feea8dad052f115aa50abf7c311593f0a49f47b5e73270e73
Ada-MGAD-e2e-v2-c0normalfallback,dcdaeb9937dbfebe9e9f31ffa572c8c2705496e1,experiments/p6/c0f_failure_audit/c0f-correction-20260923T0755Z/source_snapshot.json,27487,808bb33502694359a809657c56db3bc4ecf1a67887e45ba4c7949e67009d17fe
Ada-MGAD-e2e-v2-c0normalfallback,dcdaeb9937dbfebe9e9f31ffa572c8c2705496e1,experiments/p6/c0f_failure_audit/c0f-correction-20260923T0755Z/split_population_checks.json,968,e5cad5ac9211384da9c73c83304625bb4274585228b1b733edd92f4352dfd820
Ada-MGAD-e2e-v2-c0normalfallback,dcdaeb9937dbfebe9e9f31ffa572c8c2705496e1,experiments/p6/c0f_failure_audit/c0f-correction-20260923T0755Z/stratified_summary.json,38692,c3d3148227ad27756001b6d6b7ba1fadb603e390741e29fad34fcb8292c4962e
Ada-MGAD-e2e-v2-c0normalfallback,dcdaeb9937dbfebe9e9f31ffa572c8c2705496e1,experiments/p6/c0f_failure_audit/c0f-correction-20260923T0755Z/test_artifact_verification.json,1286,0385232d6ff22eb82747264c9bdf7a4d0f6b4112b40a5edc9675ec12ddd72282
Ada-MGAD-e2e-v2-c0normalfallback,dcdaeb9937dbfebe9e9f31ffa572c8c2705496e1,experiments/p6/c0f_failure_audit/c0f-correction-20260923T0755Z/test_results.json,1478,001ef8cbe1e1997d6a608df763aefb994e5d99b6e932f97de0c4cf88b4aa504e
Ada-MGAD-e2e-v2-c0normalfallback,dcdaeb9937dbfebe9e9f31ffa572c8c2705496e1,experiments/p6/c0f_failure_audit/c0f-correction-20260923T0755Z/validation_replay.json,1781,e802370c18a4bc38e497d3ab398705a0434f91bbe8c02dbf1710c7f1ad904360
Ada-MGAD-e2e-v2-c0normalfallback,dcdaeb9937dbfebe9e9f31ffa572c8c2705496e1,experiments/p6/c0f_failure_audit/c0f-seed42-20260919T0700/audit_config.json,2705,078c633bc1097b558439d0bc247118bf079cdbc177eac2bbe26a83b628bbbf40
Ada-MGAD-e2e-v2-c0normalfallback,dcdaeb9937dbfebe9e9f31ffa572c8c2705496e1,experiments/p6/c0f_failure_audit/c0f-seed42-20260919T0700/capacity_summary.json,12933,e479dfa5b2af41d141b4fd08ecbfa76a107148e57ade5e17eaa818b880821124
Ada-MGAD-e2e-v2-c0normalfallback,dcdaeb9937dbfebe9e9f31ffa572c8c2705496e1,experiments/p6/c0f_failure_audit/c0f-seed42-20260919T0700/completion_manifest.json,16950,97e1fd3e34da06e7b64808b9f38372628c7007b9a2533c46582b50e5b7ace53a
Ada-MGAD-e2e-v2-c0normalfallback,dcdaeb9937dbfebe9e9f31ffa572c8c2705496e1,experiments/p6/c0f_failure_audit/c0f-seed42-20260919T0700/confounding_tables.json,27744,bab17cda93dcb9747e23cd4519396edc2975e38bc31ed96e2ad3fc2d8fe5c9c6
Ada-MGAD-e2e-v2-c0normalfallback,dcdaeb9937dbfebe9e9f31ffa572c8c2705496e1,experiments/p6/c0f_failure_audit/c0f-seed42-20260919T0700/decision.json,20118,9eb7ca1ee3c04c4b8fdc1d0a9a75b873add03bfce61b026f0e4abc9f55ba9493
Ada-MGAD-e2e-v2-c0normalfallback,dcdaeb9937dbfebe9e9f31ffa572c8c2705496e1,experiments/p6/c0f_failure_audit/c0f-seed42-20260919T0700/evidence_ledger.json,5830,1eaca4aac0c592a5110acadb7681366ceba696f0fedc1803ec1c03379d16f90b
Ada-MGAD-e2e-v2-c0normalfallback,dcdaeb9937dbfebe9e9f31ffa572c8c2705496e1,experiments/p6/c0f_failure_audit/c0f-seed42-20260919T0700/final_report.md,9472,563ac665ce2641c94e80a4bd12e124473956db1c49113eb60859ba4f6f2a291f
Ada-MGAD-e2e-v2-c0normalfallback,dcdaeb9937dbfebe9e9f31ffa572c8c2705496e1,experiments/p6/c0f_failure_audit/c0f-seed42-20260919T0700/input_manifest.json,1267,cd5a7b02c8e78bb6021343dd2e76ca8d87819503afdecefc8cb80c5fcfdc48ef
Ada-MGAD-e2e-v2-c0normalfallback,dcdaeb9937dbfebe9e9f31ffa572c8c2705496e1,experiments/p6/c0f_failure_audit/c0f-seed42-20260919T0700/ledger_invariants.json,520,a497cd0e28dc4627d27a343038ecda70ff3e2cd2c7579674175c7b0c1ebe8ab3
Ada-MGAD-e2e-v2-c0normalfallback,dcdaeb9937dbfebe9e9f31ffa572c8c2705496e1,experiments/p6/c0f_failure_audit/c0f-seed42-20260919T0700/run_state.json,1983,5c81eb7dfb89d713ac40de4da60d8f9803b89ac1c6260ff9ca7a07e59fe40edc
Ada-MGAD-e2e-v2-c0normalfallback,dcdaeb9937dbfebe9e9f31ffa572c8c2705496e1,experiments/p6/c0f_failure_audit/c0f-seed42-20260919T0700/source_integrity.json,4603,7507a5bb490607692a0c7e4065f1ba79e8cde8d67305f4d8f20638feb6228c8d
Ada-MGAD-e2e-v2-c0normalfallback,dcdaeb9937dbfebe9e9f31ffa572c8c2705496e1,experiments/p6/c0f_failure_audit/c0f-seed42-20260919T0700/split_population_checks.json,968,e5cad5ac9211384da9c73c83304625bb4274585228b1b733edd92f4352dfd820
Ada-MGAD-e2e-v2-c0normalfallback,dcdaeb9937dbfebe9e9f31ffa572c8c2705496e1,experiments/p6/c0f_failure_audit/c0f-seed42-20260919T0700/stratified_summary.json,35445,babde167b0390f10a20108026516463a250f74340fcd46c8729e386610f39b57
Ada-MGAD-e2e-v2-c0normalfallback,dcdaeb9937dbfebe9e9f31ffa572c8c2705496e1,experiments/p6/c0f_failure_audit/c0f-seed42-20260919T0700/test_artifact_verification.json,1190,ccec4113e1846fd3509fc626a6cc14a7b64fe05ae31fa81c31bcf9ab68e22e28
Ada-MGAD-e2e-v2-c0normalfallback,dcdaeb9937dbfebe9e9f31ffa572c8c2705496e1,experiments/p6/c0f_failure_audit/c0f-seed42-20260919T0700/validation_replay.json,1781,24ea8a62815c7c6172bac2e3e3a0f3bfc639b803fc8bbd28c17d9e33c98fb93f
Ada-MGAD-e2e-v2-c0normalfallback,dcdaeb9937dbfebe9e9f31ffa572c8c2705496e1,experiments/p6/c0f_failure_audit/code-checks-20260923T075346Z/test_results.json,1175,51017a28cf2e25a31b463a4d5ead6ec19bc3062006a0f72ce40da0a60dbc43df
Ada-MGAD-e2e-v2-c0normalfallback,dcdaeb9937dbfebe9e9f31ffa572c8c2705496e1,experiments/p6/c0r2_trainval_dev/positive-logit-rise-v2/results.json,4986,773f05832dcefb568cc867f3eb716c3db2be234cf57d539ede7ca6a59b5dc9f0
Ada-MGAD-e2e-v2-c0normalfallback,dcdaeb9937dbfebe9e9f31ffa572c8c2705496e1,experiments/p6/c1_feasibility/c1-g1-20260923T105441Z/feasibility_ledger.json,25618,80718e06a801f4a4cfac085eec999285a162b4e1ebf5afff082f17925a99b3da
Ada-MGAD-e2e-v2-c0normalfallback,dcdaeb9937dbfebe9e9f31ffa572c8c2705496e1,experiments/p6/c1_feasibility/c1-g1-20260923T105441Z/final_report.md,8811,48c72507b5cc43f5254906be5e983547d584ca0a1a979a919e6e970112efbfc4
Ada-MGAD-e2e-v2-c0normalfallback,dcdaeb9937dbfebe9e9f31ffa572c8c2705496e1,experiments/p6/c1_prefix_metric_audit/c1-fold1-metric-audit-v1-20260929/candidate_ledger.csv,729152,0b25bf30626055af55d6b35ab3fe9f8ff3a375b9023b9ade6bcc8f592923edf5
Ada-MGAD-e2e-v2-c0normalfallback,dcdaeb9937dbfebe9e9f31ffa572c8c2705496e1,experiments/p6/c1_prefix_metric_audit/c1-fold1-metric-audit-v1-20260929/completion_manifest.json,2015,322e3bf69bd9aaa16b4b0b667a3fd98802175bdd91ec655585f7c97c765ef847
Ada-MGAD-e2e-v2-c0normalfallback,dcdaeb9937dbfebe9e9f31ffa572c8c2705496e1,experiments/p6/c1_prefix_metric_audit/c1-fold1-metric-audit-v1-20260929/summary.json,2334,f951ebf8419d6499dfe3864e04b4c7f3ab04f258eb3c3d40a3f2ecc43623ae1a
Ada-MGAD-e2e-v2-c0normalfallback,dcdaeb9937dbfebe9e9f31ffa572c8c2705496e1,experiments/p6/c1_protocol/c1-g2-py38-correction-20260924T0831Z/correction_manifest.json,2340,36a6406c80c0545f81e37f2cb4df0a1bbf5e341d5f92094631be487417f88a34
Ada-MGAD-e2e-v2-c0normalfallback,dcdaeb9937dbfebe9e9f31ffa572c8c2705496e1,experiments/p6/c1_protocol/c1-g2-py38-correction-20260924T0831Z/correction_report.md,3511,757d796360596b4155d91f40ed3b29cb78cc547dba0ecff819ff1a5496a58857
Ada-MGAD-e2e-v2-c0normalfallback,dcdaeb9937dbfebe9e9f31ffa572c8c2705496e1,experiments/p6/c1_protocol/c1-g2-v1-20260924/design_lock_report.md,2211,105b44683c01ffc8ef6eded385ec1dc3d6032415e40c58cdfd2815595c02a23f
Ada-MGAD-e2e-v2-c0normalfallback,dcdaeb9937dbfebe9e9f31ffa572c8c2705496e1,experiments/p6/c1_protocol/c1-g2-v1-20260924/raw_content_manifest.json,1584322,03bdefc1ad817802a9f015a5cc07c71f5e8d625c66c5d5e9fbff31d0d5671718
Ada-MGAD-e2e-v2-c0normalfallback,dcdaeb9937dbfebe9e9f31ffa572c8c2705496e1,experiments/p6/c1_supervision_oos/c1-supervision-oos-v1-seed42/evaluation/c1_results.json,1947819,d94b67c6631229c8994b491156d616a29062537fda6955bb9a44908609786b6c
Ada-MGAD-e2e-v2-c0normalfallback,dcdaeb9937dbfebe9e9f31ffa572c8c2705496e1,experiments/p6/c1_supervision_oos/c1-supervision-oos-v1-seed42/evaluation/c2_failure_ledger.csv,1266920,2d7dd0703147a7f67d8e77b17f9be03be43b63baa733f7891b6f653852acef5c
Ada-MGAD-e2e-v2-c0normalfallback,dcdaeb9937dbfebe9e9f31ffa572c8c2705496e1,experiments/p6/c1_supervision_oos/c1-supervision-oos-v1-seed42/evaluation/c2_failure_summary.json,669,382829e8258b95882ef741004ae2715a98cc01dcd53cc11229cc12abb48c2b95
Ada-MGAD-e2e-v2-c0normalfallback,dcdaeb9937dbfebe9e9f31ffa572c8c2705496e1,experiments/p6/c1_supervision_oos/c1-supervision-oos-v1-seed42/evaluation/c2_full_diagnosis.json,17914,3b6635e497916cc0be7ba06f466772d1d884544d5819fa519714e3b1e2157beb
Ada-MGAD-e2e-v2-c0normalfallback,dcdaeb9937dbfebe9e9f31ffa572c8c2705496e1,experiments/p6/c1_supervision_oos/c1-supervision-oos-v1-seed42/evaluation/c2_raw_matching.csv,1155905,986a55d59a6f809a0a6961d76eca5402624ae776bcbd170afb935a24862a09ab
Ada-MGAD-e2e-v2-c0normalfallback,dcdaeb9937dbfebe9e9f31ffa572c8c2705496e1,experiments/p6/c1_supervision_oos/c1-supervision-oos-v1-seed42/evaluation/c2_stage1_reference.json,1754,104ca7578bd204131f5785fa27b9b97eb08470343f149742c74b83195f8e10c9
Ada-MGAD-e2e-v2-c0normalfallback,dcdaeb9937dbfebe9e9f31ffa572c8c2705496e1,experiments/p6/c1_supervision_oos/c1-supervision-oos-v1-seed42/evaluation/completion_manifest.json,4210,c113bd2b18967e9f0fac4a227bed7c19e5659f6f13833ba4b21040a9a1b9730e
Ada-MGAD-e2e-v2-c0normalfallback,dcdaeb9937dbfebe9e9f31ffa572c8c2705496e1,experiments/p6/c1_supervision_oos/c1-supervision-oos-v1-seed42/evaluation/oracle_a_diagnostic.json,269,d1838b5efefa11087fbbb6ecc9949740d6fbb0ece02316ec243e06cb1e4dc1ae
Ada-MGAD-e2e-v2-c0normalfallback,dcdaeb9937dbfebe9e9f31ffa572c8c2705496e1,experiments/p6/c1_supervision_oos/c1-supervision-oos-v1-seed42/evaluation/oracle_a_rankings.csv,990811,5a7c9576a448ce7a2a9688a214626cc3176919305643f4e89e1dada7c899eec4
Ada-MGAD-e2e-v2-c0normalfallback,dcdaeb9937dbfebe9e9f31ffa572c8c2705496e1,experiments/p6/c1_supervision_oos/c1-supervision-oos-v1-seed42/folds/fold_01/completion_manifest.json,9087,e5ee5d1ee7f825b18e7ef69f4764182284547d3940c77771855a40468c9b3d3c
Ada-MGAD-e2e-v2-c0normalfallback,dcdaeb9937dbfebe9e9f31ffa572c8c2705496e1,experiments/p6/c1_supervision_oos/c1-supervision-oos-v1-seed42/folds/fold_01/detector/completion_manifest.json,4312,77f0e0bc4f07aad21799db077c09c3d657dc5c2c106d24460257742c33df5220
Ada-MGAD-e2e-v2-c0normalfallback,dcdaeb9937dbfebe9e9f31ffa572c8c2705496e1,experiments/p6/c1_supervision_oos/c1-supervision-oos-v1-seed42/folds/fold_01/detector/generation_episodes.csv,106723,856797f52561e1fdc0a9a0e5ab00885ad5a0267d5ccf58f0d943e2bfde31f664
Ada-MGAD-e2e-v2-c0normalfallback,dcdaeb9937dbfebe9e9f31ffa572c8c2705496e1,experiments/p6/c1_supervision_oos/c1-supervision-oos-v1-seed42/folds/fold_01/detector/generation_scores.csv,750379,6e6a1343939cfbe52c5ea0cf33aa8c7d44cd656c9e5e8641a4fc1f01f0ecb9bc
Ada-MGAD-e2e-v2-c0normalfallback,dcdaeb9937dbfebe9e9f31ffa572c8c2705496e1,experiments/p6/c1_supervision_oos/c1-supervision-oos-v1-seed42/folds/fold_01/detector/selection.json,773,e96b42fda9f874a04866e984d36f9b32feb24cfabb9d0baf9dda72285fa85f45
Ada-MGAD-e2e-v2-c0normalfallback,dcdaeb9937dbfebe9e9f31ffa572c8c2705496e1,experiments/p6/c1_supervision_oos/c1-supervision-oos-v1-seed42/folds/fold_01/detector/training_log.json,19221,64dd055eb00531ae43fcead33e103fc1ec55fb6f364518eaec53daae4829a026
Ada-MGAD-e2e-v2-c0normalfallback,dcdaeb9937dbfebe9e9f31ffa572c8c2705496e1,experiments/p6/c1_supervision_oos/c1-supervision-oos-v1-seed42/folds/fold_02/completion_manifest.json,9096,51006c83a351a1794832be0f82fcee35bceeec0a2a1382df1c61b9e2dc7f252c
Ada-MGAD-e2e-v2-c0normalfallback,dcdaeb9937dbfebe9e9f31ffa572c8c2705496e1,experiments/p6/c1_supervision_oos/c1-supervision-oos-v1-seed42/folds/fold_02/detector/completion_manifest.json,4281,1ac2392e356f0da8e56fd1c944fbc86f5492d882424d942eeb12523f81a4642b
Ada-MGAD-e2e-v2-c0normalfallback,dcdaeb9937dbfebe9e9f31ffa572c8c2705496e1,experiments/p6/c1_supervision_oos/c1-supervision-oos-v1-seed42/folds/fold_02/detector/generation_episodes.csv,130039,237fa6eb7af28143ba38568ab9c19f5ee2cfb23c2fed25de2d680fd11ee7383a
Ada-MGAD-e2e-v2-c0normalfallback,dcdaeb9937dbfebe9e9f31ffa572c8c2705496e1,experiments/p6/c1_supervision_oos/c1-supervision-oos-v1-seed42/folds/fold_02/detector/generation_scores.csv,753899,7abb1f0398658ada10897f17b4f271ff084f6b1daf1e9c1adeddfb667eb3b02f
Ada-MGAD-e2e-v2-c0normalfallback,dcdaeb9937dbfebe9e9f31ffa572c8c2705496e1,experiments/p6/c1_supervision_oos/c1-supervision-oos-v1-seed42/folds/fold_02/detector/selection.json,741,3449a63b37f5184f9fbd86888843d6e9d8605c3b0b6502635528ff139fd3db3f
Ada-MGAD-e2e-v2-c0normalfallback,dcdaeb9937dbfebe9e9f31ffa572c8c2705496e1,experiments/p6/c1_supervision_oos/c1-supervision-oos-v1-seed42/folds/fold_02/detector/training_log.json,12434,9cb70fe0d388f2f964a539d9c9d21608b6aa8c710a5b097f0f71fbf27162458b
Ada-MGAD-e2e-v2-c0normalfallback,dcdaeb9937dbfebe9e9f31ffa572c8c2705496e1,experiments/p6/c1_supervision_oos/c1-supervision-oos-v1-seed42/folds/fold_03/completion_manifest.json,9096,a965256b6152dc4310918aa48ce7fe893ed5207d7c5022101ae3dfa818034934
Ada-MGAD-e2e-v2-c0normalfallback,dcdaeb9937dbfebe9e9f31ffa572c8c2705496e1,experiments/p6/c1_supervision_oos/c1-supervision-oos-v1-seed42/folds/fold_03/detector/completion_manifest.json,4300,1e94bc29015731fe875de21506a2ad16589ef7a5dce77bf00d3fb16d66c15d56
Ada-MGAD-e2e-v2-c0normalfallback,dcdaeb9937dbfebe9e9f31ffa572c8c2705496e1,experiments/p6/c1_supervision_oos/c1-supervision-oos-v1-seed42/folds/fold_03/detector/generation_episodes.csv,125838,6519b6f514e75972054b3d458c4dcb9320e6c4e3bfcf65a68bb8a3af7282fb05
Ada-MGAD-e2e-v2-c0normalfallback,dcdaeb9937dbfebe9e9f31ffa572c8c2705496e1,experiments/p6/c1_supervision_oos/c1-supervision-oos-v1-seed42/folds/fold_03/detector/generation_scores.csv,753500,3756b817680de25addd174fc2a60ebc9c934ac3ec5fdac1bbc8484de080d117f
Ada-MGAD-e2e-v2-c0normalfallback,dcdaeb9937dbfebe9e9f31ffa572c8c2705496e1,experiments/p6/c1_supervision_oos/c1-supervision-oos-v1-seed42/folds/fold_03/detector/selection.json,760,f73355c10d70746fffafaf12a3f8bf8bccdbfa4c85d0ea3110e630e73f3b40e8
Ada-MGAD-e2e-v2-c0normalfallback,dcdaeb9937dbfebe9e9f31ffa572c8c2705496e1,experiments/p6/c1_supervision_oos/c1-supervision-oos-v1-seed42/folds/fold_03/detector/training_log.json,12517,971f380db43fd6bb6f0d62044007ee0e865a6d94815d31dedca0e533c645006d
Ada-MGAD-e2e-v2-c0normalfallback,dcdaeb9937dbfebe9e9f31ffa572c8c2705496e1,experiments/p6/c1_supervision_oos/c1-supervision-oos-v1-seed42/g1_static/completion_manifest.json,5866,935abdc91db5fa1ddba7cb26455508433dace34c11ffa92087243f2ee7afab23
Ada-MGAD-e2e-v2-c0normalfallback,dcdaeb9937dbfebe9e9f31ffa572c8c2705496e1,experiments/p6/c1_supervision_oos/c1-supervision-oos-v1-seed42/g1_static/fold_manifest.json,11117,017d4b2e87d737ee7d1f3f729a63fed4775e9e8181ec04214ddda6883310d4e5
Ada-MGAD-e2e-v2-c0normalfallback,dcdaeb9937dbfebe9e9f31ffa572c8c2705496e1,experiments/p6/c1_supervision_oos/c1-supervision-oos-v1-seed42/g1_static/input_manifest.json,7333,a316f306e8b117b8aa9739b468c39f4cd6523310b48ad02f83f2c2f346abd3a1
Ada-MGAD-e2e-v2-c0normalfallback,dcdaeb9937dbfebe9e9f31ffa572c8c2705496e1,experiments/p6/c1_supervision_oos/c1-supervision-oos-v1-seed42/g1_static/integrity_report.md,1692,2afcab0765547b1e0d75aa464eff2e98e3029e857eceef1435718078395ace22
Ada-MGAD-e2e-v2-c0normalfallback,dcdaeb9937dbfebe9e9f31ffa572c8c2705496e1,experiments/p6/c1_supervision_oos/c1-supervision-oos-v1-seed42/g1_static/static_population.json,1545,83a5e20726f20866060bd7014784687d3860b0ccc63a76c6c0820817b311f7eb
Ada-MGAD-e2e-v2-c0normalfallback,dcdaeb9937dbfebe9e9f31ffa572c8c2705496e1,experiments/p6/c1_supervision_oos/c1-supervision-oos-v1-seed42/predictions/completion_manifest.json,3671,19777b7f4656f3e8b360e1ecb618dc5d0dc8a0e63a15df59596a1d87be746216
Ada-MGAD-e2e-v2-c0normalfallback,dcdaeb9937dbfebe9e9f31ffa572c8c2705496e1,experiments/p6/c1_supervision_oos/c1-supervision-oos-v1-seed42/predictions/prediction_lock.json,6883,ee9500730e7b982557de31d9fd138c13e09e5af397b11354e88b305f0233c967
Ada-MGAD-e2e-v2-c0normalfallback,dcdaeb9937dbfebe9e9f31ffa572c8c2705496e1,experiments/p6/c1_supervision_oos/c1-supervision-oos-v1-seed42/predictions/scope_rankings.csv,1596904,b444a4d92c601430b79a3fee5e6fcddc97c3a8573cd20bd0c16a828d5bf6a650
Ada-MGAD-e2e-v2-c0normalfallback,dcdaeb9937dbfebe9e9f31ffa572c8c2705496e1,experiments/p6/c1_supervision_oos/c1-supervision-oos-v1-seed42/rca/arm_b.json,753,2ba84aa9ec52b488db82b2dadce049c9c0105f2147176ff5716ba4d15ee8a4c7
Ada-MGAD-e2e-v2-c0normalfallback,dcdaeb9937dbfebe9e9f31ffa572c8c2705496e1,experiments/p6/c1_supervision_oos/c1-supervision-oos-v1-seed42/rca/arm_c.json,752,6132941dd09f098a4c711c954ddec473eac11de63f5b094586413d95d7e6ca27
Ada-MGAD-e2e-v2-c0normalfallback,dcdaeb9937dbfebe9e9f31ffa572c8c2705496e1,experiments/p6/c1_supervision_oos/c1-supervision-oos-v1-seed42/rca/completion_manifest.json,3538,2e446855d9e9cff34c684e8472d7510d1deb3cf5849aa9d8461e7d456127e9b0
Ada-MGAD-e2e-v2-c0normalfallback,dcdaeb9937dbfebe9e9f31ffa572c8c2705496e1,experiments/p6/c1_supervision_oos/c1-supervision-oos-v1-seed42/run_lock.json,6331,0b5a2b649c31305eec88d631f2d57ef2a45a7d4d643d861478b3a11d620c9c56
Ada-MGAD-e2e-v2-c0normalfallback,dcdaeb9937dbfebe9e9f31ffa572c8c2705496e1,experiments/p6/c1_supervision_oos/c1-supervision-oos-v1-seed42/train_cohort/cases.csv,325878,83ee698981272bfb1f89d1c2d9b1c2c622b63c419a08c251abde2bf7965821dd
Ada-MGAD-e2e-v2-c0normalfallback,dcdaeb9937dbfebe9e9f31ffa572c8c2705496e1,experiments/p6/c1_supervision_oos/c1-supervision-oos-v1-seed42/train_cohort/completion_manifest.json,4746,b36dfaa5ba38bc741e318d8cb9e59e5f225324ff9cd3422b6040faff04634550
Ada-MGAD-e2e-v2-c0normalfallback,dcdaeb9937dbfebe9e9f31ffa572c8c2705496e1,experiments/p6/c1_supervision_oos/c1-supervision-oos-v1-seed42/train_cohort/exclusions.csv,1760,3f5dc5665be94d84e76d3e1e3f84756ae4fdd00e2f42dc96eed7ac3de3941cd6
Ada-MGAD-e2e-v2-c0normalfallback,dcdaeb9937dbfebe9e9f31ffa572c8c2705496e1,experiments/p6/c1_supervision_oos/c1-supervision-oos-v1-seed42/train_cohort/matching.csv,811460,5c3aa3085f03c2061af4e89e06f6a2f138e0bf69395e2deba438a61a643d8db4
Ada-MGAD-e2e-v2-c0normalfallback,dcdaeb9937dbfebe9e9f31ffa572c8c2705496e1,experiments/p6/normal_forecast_fit_screen/stability-fallback-v2-seed42/calibration_scores.csv,74489,f52fed178189bed86faa0c58023a69718bab8bc3e22a6c358c86730c2f800f20
Ada-MGAD-e2e-v2-c0normalfallback,dcdaeb9937dbfebe9e9f31ffa572c8c2705496e1,experiments/p6/normal_forecast_fit_screen/stability-fallback-v2-seed42/checkpoint/final.pt,68969,b967c43cc05187383ef2b23b138083aa26a7ca7a267a1d4ff1e787e85e84d7e6
Ada-MGAD-e2e-v2-c0normalfallback,dcdaeb9937dbfebe9e9f31ffa572c8c2705496e1,experiments/p6/normal_forecast_fit_screen/stability-fallback-v2-seed42/cohort_summary.json,1156,4141198084a86635e19337e670fcc98dde5511cf9c06a164d0cfd46ffe30b4ae
Ada-MGAD-e2e-v2-c0normalfallback,dcdaeb9937dbfebe9e9f31ffa572c8c2705496e1,experiments/p6/normal_forecast_fit_screen/stability-fallback-v2-seed42/completion_manifest.json,2215,62cde9f6d015e29a9d4409390e2b0d2294a3e9a5b15003626b4a7447febdec2f
Ada-MGAD-e2e-v2-c0normalfallback,dcdaeb9937dbfebe9e9f31ffa572c8c2705496e1,experiments/p6/normal_forecast_fit_screen/stability-fallback-v2-seed42/event_holdout_gt.csv,141651,dfa26a83fb55fc5651844e23eb3bc4e59489123e0b493ce80a18be83fba6207a
Ada-MGAD-e2e-v2-c0normalfallback,dcdaeb9937dbfebe9e9f31ffa572c8c2705496e1,experiments/p6/normal_forecast_fit_screen/stability-fallback-v2-seed42/forecast_episodes.csv,9072,0d84dd08684d879eeb734fa4f58f84d242407105220564494158bbb4cb248e9e
Ada-MGAD-e2e-v2-c0normalfallback,dcdaeb9937dbfebe9e9f31ffa572c8c2705496e1,experiments/p6/normal_forecast_fit_screen/stability-fallback-v2-seed42/forecast_failure_ledger.csv,501334,bc405357a5c5f47200f496385634a6ffeb0696db754c7472454246a46d823a24
Ada-MGAD-e2e-v2-c0normalfallback,dcdaeb9937dbfebe9e9f31ffa572c8c2705496e1,experiments/p6/normal_forecast_fit_screen/stability-fallback-v2-seed42/forecast_matching.csv,173946,5b18dd2ed02b0b488f5f465d6b8f98e9291905c07967acf652bfdde01bf9710b
Ada-MGAD-e2e-v2-c0normalfallback,dcdaeb9937dbfebe9e9f31ffa572c8c2705496e1,experiments/p6/normal_forecast_fit_screen/stability-fallback-v2-seed42/holdout_scores.csv,593248,d2cc5ff91a687f1df831f58579ac5e28bca2851403135de906750373f12520d5
Ada-MGAD-e2e-v2-c0normalfallback,dcdaeb9937dbfebe9e9f31ffa572c8c2705496e1,experiments/p6/normal_forecast_fit_screen/stability-fallback-v2-seed42/normal_calibration_gt.csv,149133,b0bd9c404d1634fddb75fad2cd51a59989d7a672c9194efef9b70dfdb8d0847e
Ada-MGAD-e2e-v2-c0normalfallback,dcdaeb9937dbfebe9e9f31ffa572c8c2705496e1,experiments/p6/normal_forecast_fit_screen/stability-fallback-v2-seed42/normal_forecast.log,1290,8bbc3157dbd6e9ee8aa8d89f53db80baaaa363cd060217d0781208f7c14a3215
Ada-MGAD-e2e-v2-c0normalfallback,dcdaeb9937dbfebe9e9f31ffa572c8c2705496e1,experiments/p6/normal_forecast_fit_screen/stability-fallback-v2-seed42/normal_training_gt.csv,410696,67b238bb717bad94e22f0fd4bc2e41fab324c137ff88f65c1674dd981c7db365
Ada-MGAD-e2e-v2-c0normalfallback,dcdaeb9937dbfebe9e9f31ffa572c8c2705496e1,experiments/p6/normal_forecast_fit_screen/stability-fallback-v2-seed42/persistence_episodes.csv,16661,1448026bea99a8bd6e4bb060f0433d74c80ef73f5d2a1a3eb0c649d2c21720de
Ada-MGAD-e2e-v2-c0normalfallback,dcdaeb9937dbfebe9e9f31ffa572c8c2705496e1,experiments/p6/normal_forecast_fit_screen/stability-fallback-v2-seed42/persistence_failure_ledger.csv,510231,6dd0f3d04670a9ae468459901d3cfad5bb53a38e779330e1d9446ee33b23c513
Ada-MGAD-e2e-v2-c0normalfallback,dcdaeb9937dbfebe9e9f31ffa572c8c2705496e1,experiments/p6/normal_forecast_fit_screen/stability-fallback-v2-seed42/persistence_matching.csv,182475,69c35211e0ddff62d53997b77102e77fa1455e1a1ec4fe2d8024cfcef57fccb1
Ada-MGAD-e2e-v2-c0normalfallback,dcdaeb9937dbfebe9e9f31ffa572c8c2705496e1,experiments/p6/normal_forecast_fit_screen/stability-fallback-v2-seed42/prediction_lock.json,594,975b12a10712bc3dccf54fc8364dfc9fb7cfc3bfbaeadd0986b6c0bf683017c6
Ada-MGAD-e2e-v2-c0normalfallback,dcdaeb9937dbfebe9e9f31ffa572c8c2705496e1,experiments/p6/normal_forecast_fit_screen/stability-fallback-v2-seed42/purged_events.csv,203,694ef8fb4b7d3308fae9a936bf9abc9ddaedb4dd92db16f2f8bcaa4b49dc088e
Ada-MGAD-e2e-v2-c0normalfallback,dcdaeb9937dbfebe9e9f31ffa572c8c2705496e1,experiments/p6/normal_forecast_fit_screen/stability-fallback-v2-seed42/real_prediction_gate.json,112,5239ea380d54a7aaf37938f6e9942202bd9f2b8432b04393bc39e4315d6fc836
Ada-MGAD-e2e-v2-c0normalfallback,dcdaeb9937dbfebe9e9f31ffa572c8c2705496e1,experiments/p6/normal_forecast_fit_screen/stability-fallback-v2-seed42/scope_lock.json,15809,361cd49f1d326a0cf2fe9d2eb62b013fe62eaaacb3241e5f4c8fe3348beb034a
Ada-MGAD-e2e-v2-c0normalfallback,dcdaeb9937dbfebe9e9f31ffa572c8c2705496e1,experiments/p6/normal_forecast_fit_screen/stability-fallback-v2-seed42/screen_result.json,34563,875add960e90c4aa4c06970b0668413748eedba672f53d5ca55a45973a8d87e6
Ada-MGAD-e2e-v2-c0normalfallback,dcdaeb9937dbfebe9e9f31ffa572c8c2705496e1,experiments/p6/normal_forecast_fit_screen/stability-fallback-v2-seed42/training_log.json,1502,e0bbea39c50e7dc45528ce677643529912d2c26ed7030135e32c9d2b4576e27e
Ada-MGAD-e2e-v2-c0normalfallback,dcdaeb9937dbfebe9e9f31ffa572c8c2705496e1,experiments/p6/normal_forecast_fit_screen/stability-fallback-v2-seed42/window_cohort.csv,4826292,4d51e529b82ddd7a83a69dc75ea98324bed294c350a3d6b6b34931ec1223b42e
Ada-MGAD-e2e-v2-c0normalfallback,dcdaeb9937dbfebe9e9f31ffa572c8c2705496e1,experiments/p6/score_decomposition/classification/diagnosis_metrics.json,2093,60fe8440d8c42b2d3a842f7a7c7e4ae861c226ca622ae7eb1923b979c9d44a8e
Ada-MGAD-e2e-v2-c0normalfallback,dcdaeb9937dbfebe9e9f31ffa572c8c2705496e1,experiments/p6/score_decomposition/classification/event_metrics.json,5147,f40cd2d1f1940bf80eeb298a9350fec848e7b4e64b8730999fb0ed37decd3827
Ada-MGAD-e2e-v2-c0normalfallback,dcdaeb9937dbfebe9e9f31ffa572c8c2705496e1,experiments/p6/score_decomposition/classification/localization_metrics.json,28925,ceab500c6dee1d5d0fe39a18534c887edfc8355b6491b3535e12a44a423cd4f8
Ada-MGAD-e2e-v2-c0normalfallback,dcdaeb9937dbfebe9e9f31ffa572c8c2705496e1,experiments/p6/score_decomposition/classification/rca_metrics.json,5581,d8416b903e9babb73045ae016fa7ef8fc20adf7e9c100a25c25d54b767eba99f
Ada-MGAD-e2e-v2-c0normalfallback,dcdaeb9937dbfebe9e9f31ffa572c8c2705496e1,experiments/p6/score_decomposition/classification/threshold.json,1217,db3862ddb8e2b5d78cee4a4693cc7a5bc56919af20ef592134dbdd571bc6c56d
Ada-MGAD-e2e-v2-c0normalfallback,dcdaeb9937dbfebe9e9f31ffa572c8c2705496e1,experiments/p6/score_decomposition/common_cases.csv,783153,0bb6bf3e435baf179c4cb1e1deda4bdc42c749d513865a3fcc50d4abf1bdb396
Ada-MGAD-e2e-v2-c0normalfallback,dcdaeb9937dbfebe9e9f31ffa572c8c2705496e1,experiments/p6/score_decomposition/comparison.json,92985,ce6965fe10c1773e4c0021f8eb5cb1121e8c96a655067520d20d6dec3efb5190
Ada-MGAD-e2e-v2-c0normalfallback,dcdaeb9937dbfebe9e9f31ffa572c8c2705496e1,experiments/p6/score_decomposition/fused/diagnosis_metrics.json,2085,77d6d3adbb2e76b49b41d16eafb56d4d020faae6d04e25be52ab2a0d209d101c
Ada-MGAD-e2e-v2-c0normalfallback,dcdaeb9937dbfebe9e9f31ffa572c8c2705496e1,experiments/p6/score_decomposition/fused/event_metrics.json,5105,930173c6cec6c10880f6b375fbf363c1dc62988b836ba86c8c6c1ea4604e0bb6
Ada-MGAD-e2e-v2-c0normalfallback,dcdaeb9937dbfebe9e9f31ffa572c8c2705496e1,experiments/p6/score_decomposition/fused/localization_metrics.json,29146,9b230dbaee9901ce3b9d9b8308a1e69e40b782e557611e8bee24239bdbb1c095
Ada-MGAD-e2e-v2-c0normalfallback,dcdaeb9937dbfebe9e9f31ffa572c8c2705496e1,experiments/p6/score_decomposition/fused/rca_metrics.json,5617,d6489f7ed8c2c7563f990e58fdaa17e07feeccd7514f809a3a25c235b8abfb73
Ada-MGAD-e2e-v2-c0normalfallback,dcdaeb9937dbfebe9e9f31ffa572c8c2705496e1,experiments/p6/score_decomposition/fused/threshold.json,1212,8b3b74d8d838c3303c9b2e6c32c25fe5549df0e78a93790caa59ac383ee5d741
Ada-MGAD-e2e-v2-c0normalfallback,dcdaeb9937dbfebe9e9f31ffa572c8c2705496e1,experiments/p6/score_decomposition/label_identity_audit.json,1024,6652840bdf55c317b10d2ae4bf5223d6cde67a541688f5a13261b81d7b710010
Ada-MGAD-e2e-v2-c0normalfallback,dcdaeb9937dbfebe9e9f31ffa572c8c2705496e1,experiments/p6/score_decomposition/manifest.json,7530,65ef6b0a85b907dbc378bafaf712732144a35e5280ae1ab44babb8125f1067ba
Ada-MGAD-e2e-v2-c0normalfallback,dcdaeb9937dbfebe9e9f31ffa572c8c2705496e1,experiments/p6/score_decomposition/prediction_artifacts.json,1626,f552fde50da06bebf0b8aecd020e5e3825a52b279aef900154a419d04be38afc
Ada-MGAD-e2e-v2-c0normalfallback,dcdaeb9937dbfebe9e9f31ffa572c8c2705496e1,experiments/p6/score_decomposition/rca/rca_feature_health.json,1806,015b06395de0fe6b2d6ae799629230ce37068ab119564842e319b9a333035493
Ada-MGAD-e2e-v2-c0normalfallback,dcdaeb9937dbfebe9e9f31ffa572c8c2705496e1,experiments/p6/score_decomposition/rca/rca_feature_manifest.json,2831,7cb9ee84f4e2ce06db7a695027957b25ed69bbd9ccd3865bd2f17f0524c6669e
Ada-MGAD-e2e-v2-c0normalfallback,dcdaeb9937dbfebe9e9f31ffa572c8c2705496e1,experiments/p6/score_decomposition/reconstruction/diagnosis_metrics.json,2069,1f5f35c7ef97acbf3b740dadc011627b5767f60e7933f7df2bbf53ff1888b4c9
Ada-MGAD-e2e-v2-c0normalfallback,dcdaeb9937dbfebe9e9f31ffa572c8c2705496e1,experiments/p6/score_decomposition/reconstruction/event_metrics.json,5142,b54a64b01f5e3f9555d094b85787c1bfe94580121162f2a330781550375c61e4
Ada-MGAD-e2e-v2-c0normalfallback,dcdaeb9937dbfebe9e9f31ffa572c8c2705496e1,experiments/p6/score_decomposition/reconstruction/localization_metrics.json,28269,d35901afceaeac0715266af6d0110c10e444bea83774f7228be90f7a35462b82
Ada-MGAD-e2e-v2-c0normalfallback,dcdaeb9937dbfebe9e9f31ffa572c8c2705496e1,experiments/p6/score_decomposition/reconstruction/rca_metrics.json,5395,6f573174833b1afac5eba0d2eb9b10da85d498e0736d975e1324588575799b7f
Ada-MGAD-e2e-v2-c0normalfallback,dcdaeb9937dbfebe9e9f31ffa572c8c2705496e1,experiments/p6/score_decomposition/reconstruction/threshold.json,1219,001fd77e80047ef147b1b4969420c9063280ea04a25df7a59c36328bcb367140
Ada-MGAD-e2e-v2-c0normalfallback,dcdaeb9937dbfebe9e9f31ffa572c8c2705496e1,experiments/p6/score_decomposition/score_range.json,946,065dbfa7e5b3a6e53e2bc3493fd80448d9613d0b7043d15a314aa1e3f30a20b5
Ada-MGAD-e2e-v2-c0normalfallback,dcdaeb9937dbfebe9e9f31ffa572c8c2705496e1,experiments/p6/score_decomposition/score_replay.json,4465,b292ac3e2b5640703cbda942a161ec5ac048fa0c0263ca15b72089b96385ac3d
Ada-MGAD-e2e-v2-c0normalfallback,dcdaeb9937dbfebe9e9f31ffa572c8c2705496e1,experiments/p6/system_event_trigger/manifest.json,28509,cb222bb5c21d20d8a7546e8b1ee1b4882daaac5d4a397d0e07655fe646cf9794
Ada-MGAD-e2e-v2-c0normalfallback,dcdaeb9937dbfebe9e9f31ffa572c8c2705496e1,experiments/p6/system_event_trigger/split_audit.json,12293,e5c60574f4c36ba5c7ebddbc869ede70f6f9aa83cf35c46fd611dbfba310463e
Ada-MGAD-e2e-v2-c0normalfallback,dcdaeb9937dbfebe9e9f31ffa572c8c2705496e1,experiments/p6/system_event_trigger/split_manifest.json,8121,1cad441a2d207379ffd8838bc2d655e9c68f3e03b6f4f7e666413a0b33aca193
Ada-MGAD-e2e-v2-c0normalfallback,dcdaeb9937dbfebe9e9f31ffa572c8c2705496e1,experiments/p6/system_event_trigger/test_metrics.json,14261,2968632cc4da1b807d976d8bb1c449f9d755cb1c15d2ee43bcd440b74946ce5b
Ada-MGAD-e2e-v2-c0normalfallback,dcdaeb9937dbfebe9e9f31ffa572c8c2705496e1,experiments/p6/system_event_trigger/training_log.json,18166,fcd54effee28206a6cdc964458bedb98c17a26906b58497140e42b567150b48a
Ada-MGAD-e2e-v2-c0normalfallback,dcdaeb9937dbfebe9e9f31ffa572c8c2705496e1,experiments/p6/system_event_trigger/validation_selection.json,21174,b5167c8d5df9cd9eebd7812cb76733799aa3f7829f3fe1a2c5cdb0ec51715a24
Ada-MGAD-e2e-v2-c0onset,d4bf97184692101eed24c8984f3c6251de5f210e,experiments/p6/c0_causal_comparison/nn-vs-xgb-v1/comparison.json,59375,194a78013eaf73f575d5ba543954e463d426ab12bed5d9416be22b2de14c0497
Ada-MGAD-e2e-v2-c0onset,d4bf97184692101eed24c8984f3c6251de5f210e,experiments/p6/c0_causal_comparison/nn-vs-xgb-v1/reference_records/checkpoint_impact/checkpoint_audit.json,2442,1ec753291ba1387a8faaeefa27be1d3082661d5b4e5afd46093170cb34f65192
Ada-MGAD-e2e-v2-c0onset,d4bf97184692101eed24c8984f3c6251de5f210e,experiments/p6/c0_causal_comparison/nn-vs-xgb-v1/reference_records/checkpoint_impact/completion_manifest.json,1381,b64a4afa2cfba8899a96445a5cbf8715caccdeab08f812746cddfeb0dc35e031
Ada-MGAD-e2e-v2-c0onset,d4bf97184692101eed24c8984f3c6251de5f210e,experiments/p6/c0_causal_comparison/nn-vs-xgb-v1/reference_records/checkpoint_impact/development_input_lock.json,4693,4cba75bf00e68482994c91109659f1b62143b26451ee5147acb6a520c795175b
Ada-MGAD-e2e-v2-c0onset,d4bf97184692101eed24c8984f3c6251de5f210e,experiments/p6/c0_causal_comparison/nn-vs-xgb-v1/reference_records/checkpoint_impact/real_window_causality_gate.json,673,5cfcd0a8bed2684db3ab472a3c706e278b531a0514ba4da61bb0a6f8dc9ad309
Ada-MGAD-e2e-v2-c0onset,d4bf97184692101eed24c8984f3c6251de5f210e,experiments/p6/c0_causal_comparison/nn-vs-xgb-v1/reference_records/nn/completion_manifest.json,1361,05ed46d33516b5b58fb5ed02f29dadfc965c5b1efb5083455578a3ac3279d43c
Ada-MGAD-e2e-v2-c0onset,d4bf97184692101eed24c8984f3c6251de5f210e,experiments/p6/c0_causal_comparison/nn-vs-xgb-v1/reference_records/nn/development_input_lock.json,4693,4cba75bf00e68482994c91109659f1b62143b26451ee5147acb6a520c795175b
Ada-MGAD-e2e-v2-c0onset,d4bf97184692101eed24c8984f3c6251de5f210e,experiments/p6/c0_causal_comparison/nn-vs-xgb-v1/reference_records/nn/real_window_causality_gate.json,653,3e7d3504ec2ef49fd6b359bced1312e177b04cf07d663cd9ce3fb675ef54e231
Ada-MGAD-e2e-v2-c0onset,d4bf97184692101eed24c8984f3c6251de5f210e,experiments/p6/c0_causal_comparison/nn-vs-xgb-v1/reference_records/nn/training_log.json,16022,df3dc210652c2a2eecc2bdf9162db6d5c4a2b13f748ac5b212137bc6e001b840
Ada-MGAD-e2e-v2-c0onset,d4bf97184692101eed24c8984f3c6251de5f210e,experiments/p6/c0_causal_comparison/nn-vs-xgb-v1/reference_records/nn/validation_selection.json,19192,196582641cbbba0234ab18e6f96d2ca1d2b297646ce884888b4bb809f768a133
Ada-MGAD-e2e-v2-c0onset,d4bf97184692101eed24c8984f3c6251de5f210e,experiments/p6/c0_causal_comparison/nn-vs-xgb-v1/reference_records/xgb_original_fit/development_input_lock.json,5091,1031cfb1ba9801b837744d055a4fbe967ceb4cc372f90dd0616876456c708629
Ada-MGAD-e2e-v2-c0onset,d4bf97184692101eed24c8984f3c6251de5f210e,experiments/p6/c0_causal_comparison/nn-vs-xgb-v1/reference_records/xgb_original_fit/failure_record.json,367,da36a5d1ce1c57fcdf8706ccaa714cb4ae7c936bfba1d9c02175728e801dac2d
Ada-MGAD-e2e-v2-c0onset,d4bf97184692101eed24c8984f3c6251de5f210e,experiments/p6/c0_causal_comparison/nn-vs-xgb-v1/reference_records/xgb_original_fit/feature_lock.json,669,692a85d45b08e4024da5622cf4a7b81cac2a475440a889ced0bdc086a231875f
Ada-MGAD-e2e-v2-c0onset,d4bf97184692101eed24c8984f3c6251de5f210e,experiments/p6/c0_causal_comparison/nn-vs-xgb-v1/reference_records/xgb_original_fit/fit_report.json,1617,2f658dfff15c1639efdceef7616a1468ffc54dfda0a0e26ef1f6be7bed8fd118
Ada-MGAD-e2e-v2-c0onset,d4bf97184692101eed24c8984f3c6251de5f210e,experiments/p6/c0_causal_comparison/nn-vs-xgb-v1/reference_records/xgb_original_fit/validation_prediction_lock.json,402,7ffd8934c8023941444523263c1489009da8c8f056440d777bca665e1d946717
Ada-MGAD-e2e-v2-c0onset,d4bf97184692101eed24c8984f3c6251de5f210e,experiments/p6/c0_causal_comparison/nn-vs-xgb-v1/research_manifest.json,4788,44c8b0130db6947a07a778a79ba09c8d5691bfd607ffad907b417ac28fe42b6a
Ada-MGAD-e2e-v2-c0onset,d4bf97184692101eed24c8984f3c6251de5f210e,experiments/p6/c0_flat_xgb/finalized-v1-seed42/completion_manifest.json,1327,a30d583f4945a94a8af79de5af34caea0daf7cfe3fd0688a92554192738bb180
Ada-MGAD-e2e-v2-c0onset,d4bf97184692101eed24c8984f3c6251de5f210e,experiments/p6/c0_flat_xgb/finalized-v1-seed42/finalization_input_lock.json,6678,83443fac0726f04910c4e1a889f463f4f23b2111154f9af0179708e69c4af4a0
Ada-MGAD-e2e-v2-c0onset,d4bf97184692101eed24c8984f3c6251de5f210e,experiments/p6/c0_flat_xgb/finalized-v1-seed42/fit_report.json,1617,2f658dfff15c1639efdceef7616a1468ffc54dfda0a0e26ef1f6be7bed8fd118
Ada-MGAD-e2e-v2-c0onset,d4bf97184692101eed24c8984f3c6251de5f210e,experiments/p6/c0_flat_xgb/finalized-v1-seed42/validation_prediction_lock.json,346,5c3bce054f7113128eb55410a19c23f2be4a51a23a37928e44d47344931321af
Ada-MGAD-e2e-v2-c0onset,d4bf97184692101eed24c8984f3c6251de5f210e,experiments/p6/c0_flat_xgb/finalized-v1-seed42/validation_selection.json,4132,98363249a2b7a755b3622947b03c13b5b12f80fa01de7a6268bcb18be357261d
Ada-MGAD-e2e-v2-c0onset,d4bf97184692101eed24c8984f3c6251de5f210e,experiments/p6/c0_long_weight/development_comparison_v1.json,25913,2666db85e9422a7063b23b377efcc6a5fc205706ed7e38fafb27267eb5519f77
Ada-MGAD-e2e-v2-c0onset,d4bf97184692101eed24c8984f3c6251de5f210e,experiments/p6/c0_long_weight/gpu-control-v1-seed42/development_manifest.json,3907,54c217f08b951c75fbb45650e8bb599f79bec2d36e582104ed9f9c0a82fa96dd
Ada-MGAD-e2e-v2-c0onset,d4bf97184692101eed24c8984f3c6251de5f210e,experiments/p6/c0_long_weight/gpu-control-v1-seed42/p6_c0.log,2590,8eedf228216f7e2ec31260ec44fa2906d98b1aa853e1f7d2248e5091fa7c28c1
Ada-MGAD-e2e-v2-c0onset,d4bf97184692101eed24c8984f3c6251de5f210e,experiments/p6/c0_long_weight/gpu-control-v1-seed42/split_audit.json,12327,8715dd6f2cc8b5e3dc4458a00c060450ab0acd2291989c37571941e35e3d516f
Ada-MGAD-e2e-v2-c0onset,d4bf97184692101eed24c8984f3c6251de5f210e,experiments/p6/c0_long_weight/gpu-control-v1-seed42/split_manifest.json,8130,d1e01a7d582135d860def8389e0c57f842964c5842cb8b389fdfbbf95582a6dd
Ada-MGAD-e2e-v2-c0onset,d4bf97184692101eed24c8984f3c6251de5f210e,experiments/p6/c0_long_weight/gpu-control-v1-seed42/training_log.json,10778,91c12d57d43d39dc6e70e8a42ace6f4fa695b53afcc55998c9e2b82547c9aa3f
Ada-MGAD-e2e-v2-c0onset,d4bf97184692101eed24c8984f3c6251de5f210e,experiments/p6/c0_long_weight/gpu-control-v1-seed42/validation_episodes.csv,214650,38871d4b941cc49ac665907fb97dd2e86f6369bb8841d03980869c3ad46e3379
Ada-MGAD-e2e-v2-c0onset,d4bf97184692101eed24c8984f3c6251de5f210e,experiments/p6/c0_long_weight/gpu-control-v1-seed42/validation_matching.csv,522796,8bf838043e19e4e250e19ce72fa67cbea712ea0873074a1523408e3f3957586b
Ada-MGAD-e2e-v2-c0onset,d4bf97184692101eed24c8984f3c6251de5f210e,experiments/p6/c0_long_weight/gpu-control-v1-seed42/validation_predictions.csv,2251307,dfbd8ff19fb3fe171a117ee062ae05a080ff47e69f8b845b173b00ea9ede27a7
Ada-MGAD-e2e-v2-c0onset,d4bf97184692101eed24c8984f3c6251de5f210e,experiments/p6/c0_long_weight/gpu-control-v1-seed42/validation_selection.json,13913,888d68732bfdb086a0536e6321b8420ad1d4fba11921eb63f2a9577be73b0928
Ada-MGAD-e2e-v2-c0onset,d4bf97184692101eed24c8984f3c6251de5f210e,experiments/p6/c0_long_weight/weighted-v1-seed42/development_manifest.json,3907,97a866e7b277a7f747e5080cd7f03ad46860ed4ad774c44e46a02d905963935e
Ada-MGAD-e2e-v2-c0onset,d4bf97184692101eed24c8984f3c6251de5f210e,experiments/p6/c0_long_weight/weighted-v1-seed42/p6_c0.log,2815,1e93a4a8cd06d75fa0bea51c7450b0ad6aea6eed0d4187373600216e03c7a8b8
Ada-MGAD-e2e-v2-c0onset,d4bf97184692101eed24c8984f3c6251de5f210e,experiments/p6/c0_long_weight/weighted-v1-seed42/split_audit.json,12328,b1365b9be5117c686528a047bb586ea559b05530153ab52dff925307494e6426
Ada-MGAD-e2e-v2-c0onset,d4bf97184692101eed24c8984f3c6251de5f210e,experiments/p6/c0_long_weight/weighted-v1-seed42/split_manifest.json,8130,e15e678cd2c4e186abf24a877b3c6a98c44cb946580f25b2137a129752b45020
Ada-MGAD-e2e-v2-c0onset,d4bf97184692101eed24c8984f3c6251de5f210e,experiments/p6/c0_long_weight/weighted-v1-seed42/training_log.json,12860,5a1bec9c01c5915c049f4098248968f00387afaedc223ada5519095f96479bd7
Ada-MGAD-e2e-v2-c0onset,d4bf97184692101eed24c8984f3c6251de5f210e,experiments/p6/c0_long_weight/weighted-v1-seed42/validation_episodes.csv,215345,c0aa0b05371f3b470def96b533c553dc0a295f811b738d3384acfc11b90c16b4
Ada-MGAD-e2e-v2-c0onset,d4bf97184692101eed24c8984f3c6251de5f210e,experiments/p6/c0_long_weight/weighted-v1-seed42/validation_matching.csv,523619,db378b68a2e4bb8e2a41ded337ae56567bcc6c303511b9f9946d047eb57cbdb8
Ada-MGAD-e2e-v2-c0onset,d4bf97184692101eed24c8984f3c6251de5f210e,experiments/p6/c0_long_weight/weighted-v1-seed42/validation_predictions.csv,2252354,19c6d75fdcb7c5c9dab3aace09d70ae3c73b7396e9419afb3a7fb93e2d4794e1
Ada-MGAD-e2e-v2-c0onset,d4bf97184692101eed24c8984f3c6251de5f210e,experiments/p6/c0_long_weight/weighted-v1-seed42/validation_selection.json,16606,a34856d67c7889833e6106bc4c40537aa344f051c43d0b6c71ec8e640e9cb9c2
Ada-MGAD-e2e-v2-c0onset,d4bf97184692101eed24c8984f3c6251de5f210e,experiments/p6/c0_onset_development/bin-decoder-v1/analysis_input_lock.json,3373,6f258e3579dcf1aa966b171267a33ad9673e57882a83934d183ade4ef44fc507
Ada-MGAD-e2e-v2-c0onset,d4bf97184692101eed24c8984f3c6251de5f210e,experiments/p6/c0_onset_development/bin-decoder-v1/baseline_merged_candidates.csv,216260,48ec17de8437e0ea01ea490df414af4c8f3e3c3a08f881bd8724bb2696eb20a6
Ada-MGAD-e2e-v2-c0onset,d4bf97184692101eed24c8984f3c6251de5f210e,experiments/p6/c0_onset_development/bin-decoder-v1/baseline_merged_failure_ledger.csv,1128416,a0a71becbd80f9ad046d17988b394fd34dcc495fefe6120ad9583e96285bb6ca
Ada-MGAD-e2e-v2-c0onset,d4bf97184692101eed24c8984f3c6251de5f210e,experiments/p6/c0_onset_development/bin-decoder-v1/baseline_merged_matching.csv,524820,d00d02f31f35fc3540f097449542d52e9c31ee3a068a9d1570fddcc54a3665af
Ada-MGAD-e2e-v2-c0onset,d4bf97184692101eed24c8984f3c6251de5f210e,experiments/p6/c0_onset_development/bin-decoder-v1/completion_manifest.json,1706,c6dcce54cdc9abb44c6d6cbb1d2c196722001c61c3b6badcb3290c6de1838e71
Ada-MGAD-e2e-v2-c0onset,d4bf97184692101eed24c8984f3c6251de5f210e,experiments/p6/c0_onset_development/bin-decoder-v1/decoder_comparison.json,121912,f19f11a77a194d8ff9c953d1a5597e49b222719e0c6fc199f88567f190bac1f5
Ada-MGAD-e2e-v2-c0onset,d4bf97184692101eed24c8984f3c6251de5f210e,experiments/p6/c0_onset_development/bin-decoder-v1/onset_bins_fixed_threshold_candidates.csv,475841,47eb2b3527c5f7ea2c53558fba6eefea1c02c6dd06f4245ba35968c2ece2ba30
Ada-MGAD-e2e-v2-c0onset,d4bf97184692101eed24c8984f3c6251de5f210e,experiments/p6/c0_onset_development/bin-decoder-v1/onset_bins_fixed_threshold_failure_ledger.csv,1129754,0c6313d3649b5461e369478bb025314469a8bef037e4bb640c6f7729d429d1bf
Ada-MGAD-e2e-v2-c0onset,d4bf97184692101eed24c8984f3c6251de5f210e,experiments/p6/c0_onset_development/bin-decoder-v1/onset_bins_fixed_threshold_matching.csv,881055,115e932dbce82752fe79b22f74d4ae46cea2cbe21f3588a7617fb23fbbe3efaf
Ada-MGAD-e2e-v2-c0onset,d4bf97184692101eed24c8984f3c6251de5f210e,experiments/p6/c0_onset_development/bin-decoder-v1/onset_bins_validation_selected_candidates.csv,485680,bf85304c0e4ba0f9030a3c2e6d54cd5c5d4f9f566aad809b91f066f5c217390c
Ada-MGAD-e2e-v2-c0onset,d4bf97184692101eed24c8984f3c6251de5f210e,experiments/p6/c0_onset_development/bin-decoder-v1/onset_bins_validation_selected_failure_ledger.csv,1131689,603934946806404cb8f74d3d12a1535ad23922f5869a9c8de4fce6bf756ff773
Ada-MGAD-e2e-v2-c0onset,d4bf97184692101eed24c8984f3c6251de5f210e,experiments/p6/c0_onset_development/bin-decoder-v1/onset_bins_validation_selected_matching.csv,893013,f0cba6d8709b373ee6103a69e8333d7c965c9767566d6ffeda4042dbfa0b213a
Ada-MGAD-e2e-v2-c0onset,d4bf97184692101eed24c8984f3c6251de5f210e,experiments/p6/c0_onset_development/bin-decoder-v1/onset_merged_candidates.csv,223356,b8cce1dcf82a77dadec0a03ad4063dc1cfdf6ff4f4e641bddcd9a378ce605c4f
Ada-MGAD-e2e-v2-c0onset,d4bf97184692101eed24c8984f3c6251de5f210e,experiments/p6/c0_onset_development/bin-decoder-v1/onset_merged_failure_ledger.csv,1124086,2b39f326eecb8668297289d552c5ae435266a7e279fbf3dfaffc68693a3c2c85
Ada-MGAD-e2e-v2-c0onset,d4bf97184692101eed24c8984f3c6251de5f210e,experiments/p6/c0_onset_development/bin-decoder-v1/onset_merged_matching.csv,534564,a7b844eeaa54491c68fcd250f176d37c3fcecb8d162efd50a73645effb86b428
Ada-MGAD-e2e-v2-c0onset,d4bf97184692101eed24c8984f3c6251de5f210e,experiments/p6/c0_onset_development/onset30-v1-seed42/checkpoint/best_validation_event_f1.pt,11783257,e55bb0ad37ccb30abf681b96eba83663ec0d76b1a00ba66e9de460b3e0351dc1
Ada-MGAD-e2e-v2-c0onset,d4bf97184692101eed24c8984f3c6251de5f210e,experiments/p6/c0_onset_development/onset30-v1-seed42/completion_manifest.json,1312,4ffec76035669c999261e15b7fb2d1a578c4265d65addc62a0a0ee584102d2ed
Ada-MGAD-e2e-v2-c0onset,d4bf97184692101eed24c8984f3c6251de5f210e,experiments/p6/c0_onset_development/onset30-v1-seed42/development_input_lock.json,7849,820d1f433e87866b3bfbf1320a7e32f3dcdd98d4131956e85556b63c3f30125a
Ada-MGAD-e2e-v2-c0onset,d4bf97184692101eed24c8984f3c6251de5f210e,experiments/p6/c0_onset_development/onset30-v1-seed42/fit_gt.csv,610575,dd366f9246ef30c38963833535b251051975de023809905e2d087d230ac1b3c2
Ada-MGAD-e2e-v2-c0onset,d4bf97184692101eed24c8984f3c6251de5f210e,experiments/p6/c0_onset_development/onset30-v1-seed42/p6_c0.log,1302,44067bee75d82c17462ce2f05c4ae28f5b6e87e7202b19c45b73ca76c4c9b848
Ada-MGAD-e2e-v2-c0onset,d4bf97184692101eed24c8984f3c6251de5f210e,experiments/p6/c0_onset_development/onset30-v1-seed42/real_window_causality_gate.json,658,eaf101b2f4f3a7306ce5b5444f30ddc7645a19346555b65580a5db4186795051
Ada-MGAD-e2e-v2-c0onset,d4bf97184692101eed24c8984f3c6251de5f210e,experiments/p6/c0_onset_development/onset30-v1-seed42/training_log.json,10838,75fb0f7824e00d38eb688e9ce53e8d1ace43874a16e2752ae03a0a0122b22c1e
Ada-MGAD-e2e-v2-c0onset,d4bf97184692101eed24c8984f3c6251de5f210e,experiments/p6/c0_onset_development/onset30-v1-seed42/validation_episodes.csv,223356,b8cce1dcf82a77dadec0a03ad4063dc1cfdf6ff4f4e641bddcd9a378ce605c4f
Ada-MGAD-e2e-v2-c0onset,d4bf97184692101eed24c8984f3c6251de5f210e,experiments/p6/c0_onset_development/onset30-v1-seed42/validation_gt.csv,259687,c522cd913b07508598bc0506ff7111ce9ffdb22a7704227f924f06d2dbd1b7bc
Ada-MGAD-e2e-v2-c0onset,d4bf97184692101eed24c8984f3c6251de5f210e,experiments/p6/c0_onset_development/onset30-v1-seed42/validation_matching.csv,534564,a7b844eeaa54491c68fcd250f176d37c3fcecb8d162efd50a73645effb86b428
Ada-MGAD-e2e-v2-c0onset,d4bf97184692101eed24c8984f3c6251de5f210e,experiments/p6/c0_onset_development/onset30-v1-seed42/validation_predictions.csv,2262355,4cd50c6e595e0d6e24b623fe870987ea6dbf8adde8e8fe0eb4adb279b44f6e14
Ada-MGAD-e2e-v2-c0onset,d4bf97184692101eed24c8984f3c6251de5f210e,experiments/p6/c0_onset_development/onset30-v1-seed42/validation_selection.json,14723,88517bbdbd765cda5ab539b534bd6f079bcc0ea5a38d045789f9c0a017c538ce
Ada-MGAD-e2e-v2-c0onset,d4bf97184692101eed24c8984f3c6251de5f210e,experiments/p6/c0_onset_development/onset30-vs-baseline-v1/baseline_failure_ledger.csv,1128416,a0a71becbd80f9ad046d17988b394fd34dcc495fefe6120ad9583e96285bb6ca
Ada-MGAD-e2e-v2-c0onset,d4bf97184692101eed24c8984f3c6251de5f210e,experiments/p6/c0_onset_development/onset30-vs-baseline-v1/candidate_failure_ledger.csv,1124086,2b39f326eecb8668297289d552c5ae435266a7e279fbf3dfaffc68693a3c2c85
Ada-MGAD-e2e-v2-c0onset,d4bf97184692101eed24c8984f3c6251de5f210e,experiments/p6/c0_onset_development/onset30-vs-baseline-v1/comparison.json,60036,8c4aa971dfa4f605f3b03bd51264ac3717dee79382b16a517e3fb4a4b9b412c6
Ada-MGAD-e2e-v2-c0onset,d4bf97184692101eed24c8984f3c6251de5f210e,experiments/p6/c0_onset_development/preflight-v1/completion_manifest.json,597,9a3fd890d09af4ad9407598ac56e54c8e849d1e56fc47d53a326695ae85501ca
Ada-MGAD-e2e-v2-c0onset,d4bf97184692101eed24c8984f3c6251de5f210e,experiments/p6/c0_onset_development/preflight-v1/development_input_lock.json,7849,ffaf60193ddab4ee8145a2b5b0215225fbce2848ddfb116dd3491fc2f21b50bb
Ada-MGAD-e2e-v2-c0onset,d4bf97184692101eed24c8984f3c6251de5f210e,experiments/p6/c0_onset_development/preflight-v1/fit_gt.csv,610575,dd366f9246ef30c38963833535b251051975de023809905e2d087d230ac1b3c2
Ada-MGAD-e2e-v2-c0onset,d4bf97184692101eed24c8984f3c6251de5f210e,experiments/p6/c0_onset_development/preflight-v1/p6_c0.log,0,e3b0c44298fc1c149afbf4c8996fb92427ae41e4649b934ca495991b7852b855
Ada-MGAD-e2e-v2-c0onset,d4bf97184692101eed24c8984f3c6251de5f210e,experiments/p6/c0_onset_development/preflight-v1/validation_gt.csv,259687,c522cd913b07508598bc0506ff7111ce9ffdb22a7704227f924f06d2dbd1b7bc
Ada-MGAD-e2e-v2-c0onset,d4bf97184692101eed24c8984f3c6251de5f210e,experiments/p6/c0_raw_onset_observability/raw-onset-v1/fit_clean_events.csv,519986,b42d0a714339ffb1f8bf07294a5fa822c48893f58bfe0475d60ab86a7aa0404a
Ada-MGAD-e2e-v2-c0onset,d4bf97184692101eed24c8984f3c6251de5f210e,experiments/p6/c0_raw_onset_observability/raw-onset-v1/fit_pseudo_onsets.csv,70246,b36db52779b7a745a4e47c5cf4d686b1dea0a53be2a453debdbba61e1d45f531
Ada-MGAD-e2e-v2-c0onset,d4bf97184692101eed24c8984f3c6251de5f210e,experiments/p6/c0_raw_onset_observability/raw-onset-v1/results.json,20440,2d8b1882fdb9a9310f9b74f848adc54033654d3a27a7ef707f609d84957d1378
Ada-MGAD-e2e-v2-c0onset,d4bf97184692101eed24c8984f3c6251de5f210e,experiments/p6/c0_raw_onset_observability/raw-onset-v1/validation_clean_events.csv,171016,e9715164e6b527b0570aa2ed35a4281f0847910a8356e7bcad8b53e3796181a1
Ada-MGAD-e2e-v2-c0onset,d4bf97184692101eed24c8984f3c6251de5f210e,experiments/p6/c0_raw_onset_observability/raw-onset-v1/validation_pseudo_onsets.csv,47187,53eb1bdcf265069cca9079495d92aae7f88415475312bdaf6da8d8e0a39dff10
Ada-MGAD-e2e-v2-c0onset,d4bf97184692101eed24c8984f3c6251de5f210e,experiments/p6/c0f_failure_audit/c0f-correction-20260923T0755Z/analysis_validation.json,296,ad7a15071946ca8749cbfc26c134304b3771c8e610fe1b8b2bbb81c01767fdde
Ada-MGAD-e2e-v2-c0onset,d4bf97184692101eed24c8984f3c6251de5f210e,experiments/p6/c0f_failure_audit/c0f-correction-20260923T0755Z/audit_config.json,3064,6e66534cd7adb078d7342fd189a891d59e8dd1b9c893868cbf06f92c34c6c820
Ada-MGAD-e2e-v2-c0onset,d4bf97184692101eed24c8984f3c6251de5f210e,experiments/p6/c0f_failure_audit/c0f-correction-20260923T0755Z/capacity_summary.json,13508,aaa4fe3bc740aad3c1b97dac8a8c9224fcdc766b59e693f2b07a678139eccbda
Ada-MGAD-e2e-v2-c0onset,d4bf97184692101eed24c8984f3c6251de5f210e,experiments/p6/c0f_failure_audit/c0f-correction-20260923T0755Z/completion_manifest.json,76920,faabd0a5e6486a89c6e6e3cab1af8f146af6cdab9fe5e728c027f5d18f80745a
Ada-MGAD-e2e-v2-c0onset,d4bf97184692101eed24c8984f3c6251de5f210e,experiments/p6/c0f_failure_audit/c0f-correction-20260923T0755Z/confounding_tables.json,196447,676bf2913aefd265292b4d25c6c8fc11d9bec5813f5aebf9a3d7a6e49933487d
Ada-MGAD-e2e-v2-c0onset,d4bf97184692101eed24c8984f3c6251de5f210e,experiments/p6/c0f_failure_audit/c0f-correction-20260923T0755Z/correction_summary.json,1427,95cdd9d0c51a29a47d84b851a8dda40c3d56e877203793781c4701a6852db181
Ada-MGAD-e2e-v2-c0onset,d4bf97184692101eed24c8984f3c6251de5f210e,experiments/p6/c0f_failure_audit/c0f-correction-20260923T0755Z/decision.json,21910,3cdf539f1bfe2367c9e0e34430118a565645a293138e121970832cce7984c552
Ada-MGAD-e2e-v2-c0onset,d4bf97184692101eed24c8984f3c6251de5f210e,experiments/p6/c0f_failure_audit/c0f-correction-20260923T0755Z/evidence_ledger.json,7998,eaf1b0a9bb641e3dd59c540512f03a61a793b4ebb83c7115b19f86ac7318e1fe
Ada-MGAD-e2e-v2-c0onset,d4bf97184692101eed24c8984f3c6251de5f210e,experiments/p6/c0f_failure_audit/c0f-correction-20260923T0755Z/final_report.md,12767,cfac59ff1f3d4ac489a3c11b9670e43e3e8216999019e821d1711970fdfea656
Ada-MGAD-e2e-v2-c0onset,d4bf97184692101eed24c8984f3c6251de5f210e,experiments/p6/c0f_failure_audit/c0f-correction-20260923T0755Z/input_integrity_after.json,227,bc834dc3b45aa4814b8e27a6d7b15d88994488d574057dcf8e18c5647782c7e4
Ada-MGAD-e2e-v2-c0onset,d4bf97184692101eed24c8984f3c6251de5f210e,experiments/p6/c0f_failure_audit/c0f-correction-20260923T0755Z/input_manifest.json,1272,8a22a55fe1b951a78aa30fa6a185339f45235779a9b0c4a92852cc97f11fa972
Ada-MGAD-e2e-v2-c0onset,d4bf97184692101eed24c8984f3c6251de5f210e,experiments/p6/c0f_failure_audit/c0f-correction-20260923T0755Z/input_snapshot.json,254827,1fdc4e0e3b82c9849e7e965471ee4431621aa3b8b7d9ec86f7afbc0fa5b9b87f
Ada-MGAD-e2e-v2-c0onset,d4bf97184692101eed24c8984f3c6251de5f210e,experiments/p6/c0f_failure_audit/c0f-correction-20260923T0755Z/isolation_summary.json,46108,439b4311ae6cdeeb896971b52602928cd8f8f00581b1762b7dc199338eb8cdd9
Ada-MGAD-e2e-v2-c0onset,d4bf97184692101eed24c8984f3c6251de5f210e,experiments/p6/c0f_failure_audit/c0f-correction-20260923T0755Z/ledger_invariants.json,520,a497cd0e28dc4627d27a343038ecda70ff3e2cd2c7579674175c7b0c1ebe8ab3
Ada-MGAD-e2e-v2-c0onset,d4bf97184692101eed24c8984f3c6251de5f210e,experiments/p6/c0f_failure_audit/c0f-correction-20260923T0755Z/reuse_provenance.json,1297,5d40d373429d92073ad1f677ed930107abdcfec9973afa3fd940c00d79a6ad82
Ada-MGAD-e2e-v2-c0onset,d4bf97184692101eed24c8984f3c6251de5f210e,experiments/p6/c0f_failure_audit/c0f-correction-20260923T0755Z/run_state.json,70344,4f58cdf5cf3c06bcc2b8ea3b12a608c6c9287a8a996a4ae0007f2a3cede3fb78
Ada-MGAD-e2e-v2-c0onset,d4bf97184692101eed24c8984f3c6251de5f210e,experiments/p6/c0f_failure_audit/c0f-correction-20260923T0755Z/source_integrity.json,8617,ae61ded34933922feea8dad052f115aa50abf7c311593f0a49f47b5e73270e73
Ada-MGAD-e2e-v2-c0onset,d4bf97184692101eed24c8984f3c6251de5f210e,experiments/p6/c0f_failure_audit/c0f-correction-20260923T0755Z/source_snapshot.json,27487,808bb33502694359a809657c56db3bc4ecf1a67887e45ba4c7949e67009d17fe
Ada-MGAD-e2e-v2-c0onset,d4bf97184692101eed24c8984f3c6251de5f210e,experiments/p6/c0f_failure_audit/c0f-correction-20260923T0755Z/split_population_checks.json,968,e5cad5ac9211384da9c73c83304625bb4274585228b1b733edd92f4352dfd820
Ada-MGAD-e2e-v2-c0onset,d4bf97184692101eed24c8984f3c6251de5f210e,experiments/p6/c0f_failure_audit/c0f-correction-20260923T0755Z/stratified_summary.json,38692,c3d3148227ad27756001b6d6b7ba1fadb603e390741e29fad34fcb8292c4962e
Ada-MGAD-e2e-v2-c0onset,d4bf97184692101eed24c8984f3c6251de5f210e,experiments/p6/c0f_failure_audit/c0f-correction-20260923T0755Z/test_artifact_verification.json,1286,0385232d6ff22eb82747264c9bdf7a4d0f6b4112b40a5edc9675ec12ddd72282
Ada-MGAD-e2e-v2-c0onset,d4bf97184692101eed24c8984f3c6251de5f210e,experiments/p6/c0f_failure_audit/c0f-correction-20260923T0755Z/test_results.json,1478,001ef8cbe1e1997d6a608df763aefb994e5d99b6e932f97de0c4cf88b4aa504e
Ada-MGAD-e2e-v2-c0onset,d4bf97184692101eed24c8984f3c6251de5f210e,experiments/p6/c0f_failure_audit/c0f-correction-20260923T0755Z/validation_replay.json,1781,e802370c18a4bc38e497d3ab398705a0434f91bbe8c02dbf1710c7f1ad904360
Ada-MGAD-e2e-v2-c0onset,d4bf97184692101eed24c8984f3c6251de5f210e,experiments/p6/c0f_failure_audit/c0f-seed42-20260919T0700/audit_config.json,2705,078c633bc1097b558439d0bc247118bf079cdbc177eac2bbe26a83b628bbbf40
Ada-MGAD-e2e-v2-c0onset,d4bf97184692101eed24c8984f3c6251de5f210e,experiments/p6/c0f_failure_audit/c0f-seed42-20260919T0700/capacity_summary.json,12933,e479dfa5b2af41d141b4fd08ecbfa76a107148e57ade5e17eaa818b880821124
Ada-MGAD-e2e-v2-c0onset,d4bf97184692101eed24c8984f3c6251de5f210e,experiments/p6/c0f_failure_audit/c0f-seed42-20260919T0700/completion_manifest.json,16950,97e1fd3e34da06e7b64808b9f38372628c7007b9a2533c46582b50e5b7ace53a
Ada-MGAD-e2e-v2-c0onset,d4bf97184692101eed24c8984f3c6251de5f210e,experiments/p6/c0f_failure_audit/c0f-seed42-20260919T0700/confounding_tables.json,27744,bab17cda93dcb9747e23cd4519396edc2975e38bc31ed96e2ad3fc2d8fe5c9c6
Ada-MGAD-e2e-v2-c0onset,d4bf97184692101eed24c8984f3c6251de5f210e,experiments/p6/c0f_failure_audit/c0f-seed42-20260919T0700/decision.json,20118,9eb7ca1ee3c04c4b8fdc1d0a9a75b873add03bfce61b026f0e4abc9f55ba9493
Ada-MGAD-e2e-v2-c0onset,d4bf97184692101eed24c8984f3c6251de5f210e,experiments/p6/c0f_failure_audit/c0f-seed42-20260919T0700/evidence_ledger.json,5830,1eaca4aac0c592a5110acadb7681366ceba696f0fedc1803ec1c03379d16f90b
Ada-MGAD-e2e-v2-c0onset,d4bf97184692101eed24c8984f3c6251de5f210e,experiments/p6/c0f_failure_audit/c0f-seed42-20260919T0700/final_report.md,9472,563ac665ce2641c94e80a4bd12e124473956db1c49113eb60859ba4f6f2a291f
Ada-MGAD-e2e-v2-c0onset,d4bf97184692101eed24c8984f3c6251de5f210e,experiments/p6/c0f_failure_audit/c0f-seed42-20260919T0700/input_manifest.json,1267,cd5a7b02c8e78bb6021343dd2e76ca8d87819503afdecefc8cb80c5fcfdc48ef
Ada-MGAD-e2e-v2-c0onset,d4bf97184692101eed24c8984f3c6251de5f210e,experiments/p6/c0f_failure_audit/c0f-seed42-20260919T0700/ledger_invariants.json,520,a497cd0e28dc4627d27a343038ecda70ff3e2cd2c7579674175c7b0c1ebe8ab3
Ada-MGAD-e2e-v2-c0onset,d4bf97184692101eed24c8984f3c6251de5f210e,experiments/p6/c0f_failure_audit/c0f-seed42-20260919T0700/run_state.json,1983,5c81eb7dfb89d713ac40de4da60d8f9803b89ac1c6260ff9ca7a07e59fe40edc
Ada-MGAD-e2e-v2-c0onset,d4bf97184692101eed24c8984f3c6251de5f210e,experiments/p6/c0f_failure_audit/c0f-seed42-20260919T0700/source_integrity.json,4603,7507a5bb490607692a0c7e4065f1ba79e8cde8d67305f4d8f20638feb6228c8d
Ada-MGAD-e2e-v2-c0onset,d4bf97184692101eed24c8984f3c6251de5f210e,experiments/p6/c0f_failure_audit/c0f-seed42-20260919T0700/split_population_checks.json,968,e5cad5ac9211384da9c73c83304625bb4274585228b1b733edd92f4352dfd820
Ada-MGAD-e2e-v2-c0onset,d4bf97184692101eed24c8984f3c6251de5f210e,experiments/p6/c0f_failure_audit/c0f-seed42-20260919T0700/stratified_summary.json,35445,babde167b0390f10a20108026516463a250f74340fcd46c8729e386610f39b57
Ada-MGAD-e2e-v2-c0onset,d4bf97184692101eed24c8984f3c6251de5f210e,experiments/p6/c0f_failure_audit/c0f-seed42-20260919T0700/test_artifact_verification.json,1190,ccec4113e1846fd3509fc626a6cc14a7b64fe05ae31fa81c31bcf9ab68e22e28
Ada-MGAD-e2e-v2-c0onset,d4bf97184692101eed24c8984f3c6251de5f210e,experiments/p6/c0f_failure_audit/c0f-seed42-20260919T0700/validation_replay.json,1781,24ea8a62815c7c6172bac2e3e3a0f3bfc639b803fc8bbd28c17d9e33c98fb93f
Ada-MGAD-e2e-v2-c0onset,d4bf97184692101eed24c8984f3c6251de5f210e,experiments/p6/c0f_failure_audit/code-checks-20260923T075346Z/test_results.json,1175,51017a28cf2e25a31b463a4d5ead6ec19bc3062006a0f72ce40da0a60dbc43df
Ada-MGAD-e2e-v2-c0onset,d4bf97184692101eed24c8984f3c6251de5f210e,experiments/p6/c0r2_trainval_dev/positive-logit-rise-v2/results.json,4986,773f05832dcefb568cc867f3eb716c3db2be234cf57d539ede7ca6a59b5dc9f0
Ada-MGAD-e2e-v2-c0onset,d4bf97184692101eed24c8984f3c6251de5f210e,experiments/p6/c1_feasibility/c1-g1-20260923T105441Z/feasibility_ledger.json,25618,80718e06a801f4a4cfac085eec999285a162b4e1ebf5afff082f17925a99b3da
Ada-MGAD-e2e-v2-c0onset,d4bf97184692101eed24c8984f3c6251de5f210e,experiments/p6/c1_feasibility/c1-g1-20260923T105441Z/final_report.md,8811,48c72507b5cc43f5254906be5e983547d584ca0a1a979a919e6e970112efbfc4
Ada-MGAD-e2e-v2-c0onset,d4bf97184692101eed24c8984f3c6251de5f210e,experiments/p6/c1_prefix_metric_audit/c1-fold1-metric-audit-v1-20260929/candidate_ledger.csv,729152,0b25bf30626055af55d6b35ab3fe9f8ff3a375b9023b9ade6bcc8f592923edf5
Ada-MGAD-e2e-v2-c0onset,d4bf97184692101eed24c8984f3c6251de5f210e,experiments/p6/c1_prefix_metric_audit/c1-fold1-metric-audit-v1-20260929/completion_manifest.json,2015,322e3bf69bd9aaa16b4b0b667a3fd98802175bdd91ec655585f7c97c765ef847
Ada-MGAD-e2e-v2-c0onset,d4bf97184692101eed24c8984f3c6251de5f210e,experiments/p6/c1_prefix_metric_audit/c1-fold1-metric-audit-v1-20260929/summary.json,2334,f951ebf8419d6499dfe3864e04b4c7f3ab04f258eb3c3d40a3f2ecc43623ae1a
Ada-MGAD-e2e-v2-c0onset,d4bf97184692101eed24c8984f3c6251de5f210e,experiments/p6/c1_protocol/c1-g2-py38-correction-20260924T0831Z/correction_manifest.json,2340,36a6406c80c0545f81e37f2cb4df0a1bbf5e341d5f92094631be487417f88a34
Ada-MGAD-e2e-v2-c0onset,d4bf97184692101eed24c8984f3c6251de5f210e,experiments/p6/c1_protocol/c1-g2-py38-correction-20260924T0831Z/correction_report.md,3511,757d796360596b4155d91f40ed3b29cb78cc547dba0ecff819ff1a5496a58857
Ada-MGAD-e2e-v2-c0onset,d4bf97184692101eed24c8984f3c6251de5f210e,experiments/p6/c1_protocol/c1-g2-v1-20260924/design_lock_report.md,2211,105b44683c01ffc8ef6eded385ec1dc3d6032415e40c58cdfd2815595c02a23f
Ada-MGAD-e2e-v2-c0onset,d4bf97184692101eed24c8984f3c6251de5f210e,experiments/p6/c1_protocol/c1-g2-v1-20260924/raw_content_manifest.json,1584322,03bdefc1ad817802a9f015a5cc07c71f5e8d625c66c5d5e9fbff31d0d5671718
Ada-MGAD-e2e-v2-c0onset,d4bf97184692101eed24c8984f3c6251de5f210e,experiments/p6/c1_supervision_oos/c1-supervision-oos-v1-seed42/evaluation/c1_results.json,1947819,d94b67c6631229c8994b491156d616a29062537fda6955bb9a44908609786b6c
Ada-MGAD-e2e-v2-c0onset,d4bf97184692101eed24c8984f3c6251de5f210e,experiments/p6/c1_supervision_oos/c1-supervision-oos-v1-seed42/evaluation/c2_failure_ledger.csv,1266920,2d7dd0703147a7f67d8e77b17f9be03be43b63baa733f7891b6f653852acef5c
Ada-MGAD-e2e-v2-c0onset,d4bf97184692101eed24c8984f3c6251de5f210e,experiments/p6/c1_supervision_oos/c1-supervision-oos-v1-seed42/evaluation/c2_failure_summary.json,669,382829e8258b95882ef741004ae2715a98cc01dcd53cc11229cc12abb48c2b95
Ada-MGAD-e2e-v2-c0onset,d4bf97184692101eed24c8984f3c6251de5f210e,experiments/p6/c1_supervision_oos/c1-supervision-oos-v1-seed42/evaluation/c2_full_diagnosis.json,17914,3b6635e497916cc0be7ba06f466772d1d884544d5819fa519714e3b1e2157beb
Ada-MGAD-e2e-v2-c0onset,d4bf97184692101eed24c8984f3c6251de5f210e,experiments/p6/c1_supervision_oos/c1-supervision-oos-v1-seed42/evaluation/c2_raw_matching.csv,1155905,986a55d59a6f809a0a6961d76eca5402624ae776bcbd170afb935a24862a09ab
Ada-MGAD-e2e-v2-c0onset,d4bf97184692101eed24c8984f3c6251de5f210e,experiments/p6/c1_supervision_oos/c1-supervision-oos-v1-seed42/evaluation/c2_stage1_reference.json,1754,104ca7578bd204131f5785fa27b9b97eb08470343f149742c74b83195f8e10c9
Ada-MGAD-e2e-v2-c0onset,d4bf97184692101eed24c8984f3c6251de5f210e,experiments/p6/c1_supervision_oos/c1-supervision-oos-v1-seed42/evaluation/completion_manifest.json,4210,c113bd2b18967e9f0fac4a227bed7c19e5659f6f13833ba4b21040a9a1b9730e
Ada-MGAD-e2e-v2-c0onset,d4bf97184692101eed24c8984f3c6251de5f210e,experiments/p6/c1_supervision_oos/c1-supervision-oos-v1-seed42/evaluation/oracle_a_diagnostic.json,269,d1838b5efefa11087fbbb6ecc9949740d6fbb0ece02316ec243e06cb1e4dc1ae
Ada-MGAD-e2e-v2-c0onset,d4bf97184692101eed24c8984f3c6251de5f210e,experiments/p6/c1_supervision_oos/c1-supervision-oos-v1-seed42/evaluation/oracle_a_rankings.csv,990811,5a7c9576a448ce7a2a9688a214626cc3176919305643f4e89e1dada7c899eec4
Ada-MGAD-e2e-v2-c0onset,d4bf97184692101eed24c8984f3c6251de5f210e,experiments/p6/c1_supervision_oos/c1-supervision-oos-v1-seed42/folds/fold_01/completion_manifest.json,9087,e5ee5d1ee7f825b18e7ef69f4764182284547d3940c77771855a40468c9b3d3c
Ada-MGAD-e2e-v2-c0onset,d4bf97184692101eed24c8984f3c6251de5f210e,experiments/p6/c1_supervision_oos/c1-supervision-oos-v1-seed42/folds/fold_01/detector/completion_manifest.json,4312,77f0e0bc4f07aad21799db077c09c3d657dc5c2c106d24460257742c33df5220
Ada-MGAD-e2e-v2-c0onset,d4bf97184692101eed24c8984f3c6251de5f210e,experiments/p6/c1_supervision_oos/c1-supervision-oos-v1-seed42/folds/fold_01/detector/generation_episodes.csv,106723,856797f52561e1fdc0a9a0e5ab00885ad5a0267d5ccf58f0d943e2bfde31f664
Ada-MGAD-e2e-v2-c0onset,d4bf97184692101eed24c8984f3c6251de5f210e,experiments/p6/c1_supervision_oos/c1-supervision-oos-v1-seed42/folds/fold_01/detector/generation_scores.csv,750379,6e6a1343939cfbe52c5ea0cf33aa8c7d44cd656c9e5e8641a4fc1f01f0ecb9bc
Ada-MGAD-e2e-v2-c0onset,d4bf97184692101eed24c8984f3c6251de5f210e,experiments/p6/c1_supervision_oos/c1-supervision-oos-v1-seed42/folds/fold_01/detector/selection.json,773,e96b42fda9f874a04866e984d36f9b32feb24cfabb9d0baf9dda72285fa85f45
Ada-MGAD-e2e-v2-c0onset,d4bf97184692101eed24c8984f3c6251de5f210e,experiments/p6/c1_supervision_oos/c1-supervision-oos-v1-seed42/folds/fold_01/detector/training_log.json,19221,64dd055eb00531ae43fcead33e103fc1ec55fb6f364518eaec53daae4829a026
Ada-MGAD-e2e-v2-c0onset,d4bf97184692101eed24c8984f3c6251de5f210e,experiments/p6/c1_supervision_oos/c1-supervision-oos-v1-seed42/folds/fold_02/completion_manifest.json,9096,51006c83a351a1794832be0f82fcee35bceeec0a2a1382df1c61b9e2dc7f252c
Ada-MGAD-e2e-v2-c0onset,d4bf97184692101eed24c8984f3c6251de5f210e,experiments/p6/c1_supervision_oos/c1-supervision-oos-v1-seed42/folds/fold_02/detector/completion_manifest.json,4281,1ac2392e356f0da8e56fd1c944fbc86f5492d882424d942eeb12523f81a4642b
Ada-MGAD-e2e-v2-c0onset,d4bf97184692101eed24c8984f3c6251de5f210e,experiments/p6/c1_supervision_oos/c1-supervision-oos-v1-seed42/folds/fold_02/detector/generation_episodes.csv,130039,237fa6eb7af28143ba38568ab9c19f5ee2cfb23c2fed25de2d680fd11ee7383a
Ada-MGAD-e2e-v2-c0onset,d4bf97184692101eed24c8984f3c6251de5f210e,experiments/p6/c1_supervision_oos/c1-supervision-oos-v1-seed42/folds/fold_02/detector/generation_scores.csv,753899,7abb1f0398658ada10897f17b4f271ff084f6b1daf1e9c1adeddfb667eb3b02f
Ada-MGAD-e2e-v2-c0onset,d4bf97184692101eed24c8984f3c6251de5f210e,experiments/p6/c1_supervision_oos/c1-supervision-oos-v1-seed42/folds/fold_02/detector/selection.json,741,3449a63b37f5184f9fbd86888843d6e9d8605c3b0b6502635528ff139fd3db3f
Ada-MGAD-e2e-v2-c0onset,d4bf97184692101eed24c8984f3c6251de5f210e,experiments/p6/c1_supervision_oos/c1-supervision-oos-v1-seed42/folds/fold_02/detector/training_log.json,12434,9cb70fe0d388f2f964a539d9c9d21608b6aa8c710a5b097f0f71fbf27162458b
Ada-MGAD-e2e-v2-c0onset,d4bf97184692101eed24c8984f3c6251de5f210e,experiments/p6/c1_supervision_oos/c1-supervision-oos-v1-seed42/folds/fold_03/completion_manifest.json,9096,a965256b6152dc4310918aa48ce7fe893ed5207d7c5022101ae3dfa818034934
Ada-MGAD-e2e-v2-c0onset,d4bf97184692101eed24c8984f3c6251de5f210e,experiments/p6/c1_supervision_oos/c1-supervision-oos-v1-seed42/folds/fold_03/detector/completion_manifest.json,4300,1e94bc29015731fe875de21506a2ad16589ef7a5dce77bf00d3fb16d66c15d56
Ada-MGAD-e2e-v2-c0onset,d4bf97184692101eed24c8984f3c6251de5f210e,experiments/p6/c1_supervision_oos/c1-supervision-oos-v1-seed42/folds/fold_03/detector/generation_episodes.csv,125838,6519b6f514e75972054b3d458c4dcb9320e6c4e3bfcf65a68bb8a3af7282fb05
Ada-MGAD-e2e-v2-c0onset,d4bf97184692101eed24c8984f3c6251de5f210e,experiments/p6/c1_supervision_oos/c1-supervision-oos-v1-seed42/folds/fold_03/detector/generation_scores.csv,753500,3756b817680de25addd174fc2a60ebc9c934ac3ec5fdac1bbc8484de080d117f
Ada-MGAD-e2e-v2-c0onset,d4bf97184692101eed24c8984f3c6251de5f210e,experiments/p6/c1_supervision_oos/c1-supervision-oos-v1-seed42/folds/fold_03/detector/selection.json,760,f73355c10d70746fffafaf12a3f8bf8bccdbfa4c85d0ea3110e630e73f3b40e8
Ada-MGAD-e2e-v2-c0onset,d4bf97184692101eed24c8984f3c6251de5f210e,experiments/p6/c1_supervision_oos/c1-supervision-oos-v1-seed42/folds/fold_03/detector/training_log.json,12517,971f380db43fd6bb6f0d62044007ee0e865a6d94815d31dedca0e533c645006d
Ada-MGAD-e2e-v2-c0onset,d4bf97184692101eed24c8984f3c6251de5f210e,experiments/p6/c1_supervision_oos/c1-supervision-oos-v1-seed42/g1_static/completion_manifest.json,5866,935abdc91db5fa1ddba7cb26455508433dace34c11ffa92087243f2ee7afab23
Ada-MGAD-e2e-v2-c0onset,d4bf97184692101eed24c8984f3c6251de5f210e,experiments/p6/c1_supervision_oos/c1-supervision-oos-v1-seed42/g1_static/fold_manifest.json,11117,017d4b2e87d737ee7d1f3f729a63fed4775e9e8181ec04214ddda6883310d4e5
Ada-MGAD-e2e-v2-c0onset,d4bf97184692101eed24c8984f3c6251de5f210e,experiments/p6/c1_supervision_oos/c1-supervision-oos-v1-seed42/g1_static/input_manifest.json,7333,a316f306e8b117b8aa9739b468c39f4cd6523310b48ad02f83f2c2f346abd3a1
Ada-MGAD-e2e-v2-c0onset,d4bf97184692101eed24c8984f3c6251de5f210e,experiments/p6/c1_supervision_oos/c1-supervision-oos-v1-seed42/g1_static/integrity_report.md,1692,2afcab0765547b1e0d75aa464eff2e98e3029e857eceef1435718078395ace22
Ada-MGAD-e2e-v2-c0onset,d4bf97184692101eed24c8984f3c6251de5f210e,experiments/p6/c1_supervision_oos/c1-supervision-oos-v1-seed42/g1_static/static_population.json,1545,83a5e20726f20866060bd7014784687d3860b0ccc63a76c6c0820817b311f7eb
Ada-MGAD-e2e-v2-c0onset,d4bf97184692101eed24c8984f3c6251de5f210e,experiments/p6/c1_supervision_oos/c1-supervision-oos-v1-seed42/predictions/completion_manifest.json,3671,19777b7f4656f3e8b360e1ecb618dc5d0dc8a0e63a15df59596a1d87be746216
Ada-MGAD-e2e-v2-c0onset,d4bf97184692101eed24c8984f3c6251de5f210e,experiments/p6/c1_supervision_oos/c1-supervision-oos-v1-seed42/predictions/prediction_lock.json,6883,ee9500730e7b982557de31d9fd138c13e09e5af397b11354e88b305f0233c967
Ada-MGAD-e2e-v2-c0onset,d4bf97184692101eed24c8984f3c6251de5f210e,experiments/p6/c1_supervision_oos/c1-supervision-oos-v1-seed42/predictions/scope_rankings.csv,1596904,b444a4d92c601430b79a3fee5e6fcddc97c3a8573cd20bd0c16a828d5bf6a650
Ada-MGAD-e2e-v2-c0onset,d4bf97184692101eed24c8984f3c6251de5f210e,experiments/p6/c1_supervision_oos/c1-supervision-oos-v1-seed42/rca/arm_b.json,753,2ba84aa9ec52b488db82b2dadce049c9c0105f2147176ff5716ba4d15ee8a4c7
Ada-MGAD-e2e-v2-c0onset,d4bf97184692101eed24c8984f3c6251de5f210e,experiments/p6/c1_supervision_oos/c1-supervision-oos-v1-seed42/rca/arm_c.json,752,6132941dd09f098a4c711c954ddec473eac11de63f5b094586413d95d7e6ca27
Ada-MGAD-e2e-v2-c0onset,d4bf97184692101eed24c8984f3c6251de5f210e,experiments/p6/c1_supervision_oos/c1-supervision-oos-v1-seed42/rca/completion_manifest.json,3538,2e446855d9e9cff34c684e8472d7510d1deb3cf5849aa9d8461e7d456127e9b0
Ada-MGAD-e2e-v2-c0onset,d4bf97184692101eed24c8984f3c6251de5f210e,experiments/p6/c1_supervision_oos/c1-supervision-oos-v1-seed42/run_lock.json,6331,0b5a2b649c31305eec88d631f2d57ef2a45a7d4d643d861478b3a11d620c9c56
Ada-MGAD-e2e-v2-c0onset,d4bf97184692101eed24c8984f3c6251de5f210e,experiments/p6/c1_supervision_oos/c1-supervision-oos-v1-seed42/train_cohort/cases.csv,325878,83ee698981272bfb1f89d1c2d9b1c2c622b63c419a08c251abde2bf7965821dd
Ada-MGAD-e2e-v2-c0onset,d4bf97184692101eed24c8984f3c6251de5f210e,experiments/p6/c1_supervision_oos/c1-supervision-oos-v1-seed42/train_cohort/completion_manifest.json,4746,b36dfaa5ba38bc741e318d8cb9e59e5f225324ff9cd3422b6040faff04634550
Ada-MGAD-e2e-v2-c0onset,d4bf97184692101eed24c8984f3c6251de5f210e,experiments/p6/c1_supervision_oos/c1-supervision-oos-v1-seed42/train_cohort/exclusions.csv,1760,3f5dc5665be94d84e76d3e1e3f84756ae4fdd00e2f42dc96eed7ac3de3941cd6
Ada-MGAD-e2e-v2-c0onset,d4bf97184692101eed24c8984f3c6251de5f210e,experiments/p6/c1_supervision_oos/c1-supervision-oos-v1-seed42/train_cohort/matching.csv,811460,5c3aa3085f03c2061af4e89e06f6a2f138e0bf69395e2deba438a61a643d8db4
Ada-MGAD-e2e-v2-c0onset,d4bf97184692101eed24c8984f3c6251de5f210e,experiments/p6/score_decomposition/classification/diagnosis_metrics.json,2093,60fe8440d8c42b2d3a842f7a7c7e4ae861c226ca622ae7eb1923b979c9d44a8e
Ada-MGAD-e2e-v2-c0onset,d4bf97184692101eed24c8984f3c6251de5f210e,experiments/p6/score_decomposition/classification/event_metrics.json,5147,f40cd2d1f1940bf80eeb298a9350fec848e7b4e64b8730999fb0ed37decd3827
Ada-MGAD-e2e-v2-c0onset,d4bf97184692101eed24c8984f3c6251de5f210e,experiments/p6/score_decomposition/classification/localization_metrics.json,28925,ceab500c6dee1d5d0fe39a18534c887edfc8355b6491b3535e12a44a423cd4f8
Ada-MGAD-e2e-v2-c0onset,d4bf97184692101eed24c8984f3c6251de5f210e,experiments/p6/score_decomposition/classification/rca_metrics.json,5581,d8416b903e9babb73045ae016fa7ef8fc20adf7e9c100a25c25d54b767eba99f
Ada-MGAD-e2e-v2-c0onset,d4bf97184692101eed24c8984f3c6251de5f210e,experiments/p6/score_decomposition/classification/threshold.json,1217,db3862ddb8e2b5d78cee4a4693cc7a5bc56919af20ef592134dbdd571bc6c56d
Ada-MGAD-e2e-v2-c0onset,d4bf97184692101eed24c8984f3c6251de5f210e,experiments/p6/score_decomposition/common_cases.csv,783153,0bb6bf3e435baf179c4cb1e1deda4bdc42c749d513865a3fcc50d4abf1bdb396
Ada-MGAD-e2e-v2-c0onset,d4bf97184692101eed24c8984f3c6251de5f210e,experiments/p6/score_decomposition/comparison.json,92985,ce6965fe10c1773e4c0021f8eb5cb1121e8c96a655067520d20d6dec3efb5190
Ada-MGAD-e2e-v2-c0onset,d4bf97184692101eed24c8984f3c6251de5f210e,experiments/p6/score_decomposition/fused/diagnosis_metrics.json,2085,77d6d3adbb2e76b49b41d16eafb56d4d020faae6d04e25be52ab2a0d209d101c
Ada-MGAD-e2e-v2-c0onset,d4bf97184692101eed24c8984f3c6251de5f210e,experiments/p6/score_decomposition/fused/event_metrics.json,5105,930173c6cec6c10880f6b375fbf363c1dc62988b836ba86c8c6c1ea4604e0bb6
Ada-MGAD-e2e-v2-c0onset,d4bf97184692101eed24c8984f3c6251de5f210e,experiments/p6/score_decomposition/fused/localization_metrics.json,29146,9b230dbaee9901ce3b9d9b8308a1e69e40b782e557611e8bee24239bdbb1c095
Ada-MGAD-e2e-v2-c0onset,d4bf97184692101eed24c8984f3c6251de5f210e,experiments/p6/score_decomposition/fused/rca_metrics.json,5617,d6489f7ed8c2c7563f990e58fdaa17e07feeccd7514f809a3a25c235b8abfb73
Ada-MGAD-e2e-v2-c0onset,d4bf97184692101eed24c8984f3c6251de5f210e,experiments/p6/score_decomposition/fused/threshold.json,1212,8b3b74d8d838c3303c9b2e6c32c25fe5549df0e78a93790caa59ac383ee5d741
Ada-MGAD-e2e-v2-c0onset,d4bf97184692101eed24c8984f3c6251de5f210e,experiments/p6/score_decomposition/label_identity_audit.json,1024,6652840bdf55c317b10d2ae4bf5223d6cde67a541688f5a13261b81d7b710010
Ada-MGAD-e2e-v2-c0onset,d4bf97184692101eed24c8984f3c6251de5f210e,experiments/p6/score_decomposition/manifest.json,7530,65ef6b0a85b907dbc378bafaf712732144a35e5280ae1ab44babb8125f1067ba
Ada-MGAD-e2e-v2-c0onset,d4bf97184692101eed24c8984f3c6251de5f210e,experiments/p6/score_decomposition/prediction_artifacts.json,1626,f552fde50da06bebf0b8aecd020e5e3825a52b279aef900154a419d04be38afc
Ada-MGAD-e2e-v2-c0onset,d4bf97184692101eed24c8984f3c6251de5f210e,experiments/p6/score_decomposition/rca/rca_feature_health.json,1806,015b06395de0fe6b2d6ae799629230ce37068ab119564842e319b9a333035493
Ada-MGAD-e2e-v2-c0onset,d4bf97184692101eed24c8984f3c6251de5f210e,experiments/p6/score_decomposition/rca/rca_feature_manifest.json,2831,7cb9ee84f4e2ce06db7a695027957b25ed69bbd9ccd3865bd2f17f0524c6669e
Ada-MGAD-e2e-v2-c0onset,d4bf97184692101eed24c8984f3c6251de5f210e,experiments/p6/score_decomposition/reconstruction/diagnosis_metrics.json,2069,1f5f35c7ef97acbf3b740dadc011627b5767f60e7933f7df2bbf53ff1888b4c9
Ada-MGAD-e2e-v2-c0onset,d4bf97184692101eed24c8984f3c6251de5f210e,experiments/p6/score_decomposition/reconstruction/event_metrics.json,5142,b54a64b01f5e3f9555d094b85787c1bfe94580121162f2a330781550375c61e4
Ada-MGAD-e2e-v2-c0onset,d4bf97184692101eed24c8984f3c6251de5f210e,experiments/p6/score_decomposition/reconstruction/localization_metrics.json,28269,d35901afceaeac0715266af6d0110c10e444bea83774f7228be90f7a35462b82
Ada-MGAD-e2e-v2-c0onset,d4bf97184692101eed24c8984f3c6251de5f210e,experiments/p6/score_decomposition/reconstruction/rca_metrics.json,5395,6f573174833b1afac5eba0d2eb9b10da85d498e0736d975e1324588575799b7f
Ada-MGAD-e2e-v2-c0onset,d4bf97184692101eed24c8984f3c6251de5f210e,experiments/p6/score_decomposition/reconstruction/threshold.json,1219,001fd77e80047ef147b1b4969420c9063280ea04a25df7a59c36328bcb367140
Ada-MGAD-e2e-v2-c0onset,d4bf97184692101eed24c8984f3c6251de5f210e,experiments/p6/score_decomposition/score_range.json,946,065dbfa7e5b3a6e53e2bc3493fd80448d9613d0b7043d15a314aa1e3f30a20b5
Ada-MGAD-e2e-v2-c0onset,d4bf97184692101eed24c8984f3c6251de5f210e,experiments/p6/score_decomposition/score_replay.json,4465,b292ac3e2b5640703cbda942a161ec5ac048fa0c0263ca15b72089b96385ac3d
Ada-MGAD-e2e-v2-c0onset,d4bf97184692101eed24c8984f3c6251de5f210e,experiments/p6/system_event_trigger/manifest.json,28509,cb222bb5c21d20d8a7546e8b1ee1b4882daaac5d4a397d0e07655fe646cf9794
Ada-MGAD-e2e-v2-c0onset,d4bf97184692101eed24c8984f3c6251de5f210e,experiments/p6/system_event_trigger/split_audit.json,12293,e5c60574f4c36ba5c7ebddbc869ede70f6f9aa83cf35c46fd611dbfba310463e
Ada-MGAD-e2e-v2-c0onset,d4bf97184692101eed24c8984f3c6251de5f210e,experiments/p6/system_event_trigger/split_manifest.json,8121,1cad441a2d207379ffd8838bc2d655e9c68f3e03b6f4f7e666413a0b33aca193
Ada-MGAD-e2e-v2-c0onset,d4bf97184692101eed24c8984f3c6251de5f210e,experiments/p6/system_event_trigger/test_metrics.json,14261,2968632cc4da1b807d976d8bb1c449f9d755cb1c15d2ee43bcd440b74946ce5b
Ada-MGAD-e2e-v2-c0onset,d4bf97184692101eed24c8984f3c6251de5f210e,experiments/p6/system_event_trigger/training_log.json,18166,fcd54effee28206a6cdc964458bedb98c17a26906b58497140e42b567150b48a
Ada-MGAD-e2e-v2-c0onset,d4bf97184692101eed24c8984f3c6251de5f210e,experiments/p6/system_event_trigger/validation_selection.json,21174,b5167c8d5df9cd9eebd7812cb76733799aa3f7829f3fe1a2c5cdb0ec51715a24
Ada-MGAD-e2e-v2-c0onsettcn,6dbc908468d68fec4b671dcb8062a3fd12ea3276,experiments/p6/c0_causal_comparison/nn-vs-xgb-v1/comparison.json,59375,194a78013eaf73f575d5ba543954e463d426ab12bed5d9416be22b2de14c0497
Ada-MGAD-e2e-v2-c0onsettcn,6dbc908468d68fec4b671dcb8062a3fd12ea3276,experiments/p6/c0_causal_comparison/nn-vs-xgb-v1/reference_records/checkpoint_impact/checkpoint_audit.json,2442,1ec753291ba1387a8faaeefa27be1d3082661d5b4e5afd46093170cb34f65192
Ada-MGAD-e2e-v2-c0onsettcn,6dbc908468d68fec4b671dcb8062a3fd12ea3276,experiments/p6/c0_causal_comparison/nn-vs-xgb-v1/reference_records/checkpoint_impact/completion_manifest.json,1381,b64a4afa2cfba8899a96445a5cbf8715caccdeab08f812746cddfeb0dc35e031
Ada-MGAD-e2e-v2-c0onsettcn,6dbc908468d68fec4b671dcb8062a3fd12ea3276,experiments/p6/c0_causal_comparison/nn-vs-xgb-v1/reference_records/checkpoint_impact/development_input_lock.json,4693,4cba75bf00e68482994c91109659f1b62143b26451ee5147acb6a520c795175b
Ada-MGAD-e2e-v2-c0onsettcn,6dbc908468d68fec4b671dcb8062a3fd12ea3276,experiments/p6/c0_causal_comparison/nn-vs-xgb-v1/reference_records/checkpoint_impact/real_window_causality_gate.json,673,5cfcd0a8bed2684db3ab472a3c706e278b531a0514ba4da61bb0a6f8dc9ad309
Ada-MGAD-e2e-v2-c0onsettcn,6dbc908468d68fec4b671dcb8062a3fd12ea3276,experiments/p6/c0_causal_comparison/nn-vs-xgb-v1/reference_records/nn/completion_manifest.json,1361,05ed46d33516b5b58fb5ed02f29dadfc965c5b1efb5083455578a3ac3279d43c
Ada-MGAD-e2e-v2-c0onsettcn,6dbc908468d68fec4b671dcb8062a3fd12ea3276,experiments/p6/c0_causal_comparison/nn-vs-xgb-v1/reference_records/nn/development_input_lock.json,4693,4cba75bf00e68482994c91109659f1b62143b26451ee5147acb6a520c795175b
Ada-MGAD-e2e-v2-c0onsettcn,6dbc908468d68fec4b671dcb8062a3fd12ea3276,experiments/p6/c0_causal_comparison/nn-vs-xgb-v1/reference_records/nn/real_window_causality_gate.json,653,3e7d3504ec2ef49fd6b359bced1312e177b04cf07d663cd9ce3fb675ef54e231
Ada-MGAD-e2e-v2-c0onsettcn,6dbc908468d68fec4b671dcb8062a3fd12ea3276,experiments/p6/c0_causal_comparison/nn-vs-xgb-v1/reference_records/nn/training_log.json,16022,df3dc210652c2a2eecc2bdf9162db6d5c4a2b13f748ac5b212137bc6e001b840
Ada-MGAD-e2e-v2-c0onsettcn,6dbc908468d68fec4b671dcb8062a3fd12ea3276,experiments/p6/c0_causal_comparison/nn-vs-xgb-v1/reference_records/nn/validation_selection.json,19192,196582641cbbba0234ab18e6f96d2ca1d2b297646ce884888b4bb809f768a133
Ada-MGAD-e2e-v2-c0onsettcn,6dbc908468d68fec4b671dcb8062a3fd12ea3276,experiments/p6/c0_causal_comparison/nn-vs-xgb-v1/reference_records/xgb_original_fit/development_input_lock.json,5091,1031cfb1ba9801b837744d055a4fbe967ceb4cc372f90dd0616876456c708629
Ada-MGAD-e2e-v2-c0onsettcn,6dbc908468d68fec4b671dcb8062a3fd12ea3276,experiments/p6/c0_causal_comparison/nn-vs-xgb-v1/reference_records/xgb_original_fit/failure_record.json,367,da36a5d1ce1c57fcdf8706ccaa714cb4ae7c936bfba1d9c02175728e801dac2d
Ada-MGAD-e2e-v2-c0onsettcn,6dbc908468d68fec4b671dcb8062a3fd12ea3276,experiments/p6/c0_causal_comparison/nn-vs-xgb-v1/reference_records/xgb_original_fit/feature_lock.json,669,692a85d45b08e4024da5622cf4a7b81cac2a475440a889ced0bdc086a231875f
Ada-MGAD-e2e-v2-c0onsettcn,6dbc908468d68fec4b671dcb8062a3fd12ea3276,experiments/p6/c0_causal_comparison/nn-vs-xgb-v1/reference_records/xgb_original_fit/fit_report.json,1617,2f658dfff15c1639efdceef7616a1468ffc54dfda0a0e26ef1f6be7bed8fd118
Ada-MGAD-e2e-v2-c0onsettcn,6dbc908468d68fec4b671dcb8062a3fd12ea3276,experiments/p6/c0_causal_comparison/nn-vs-xgb-v1/reference_records/xgb_original_fit/validation_prediction_lock.json,402,7ffd8934c8023941444523263c1489009da8c8f056440d777bca665e1d946717
Ada-MGAD-e2e-v2-c0onsettcn,6dbc908468d68fec4b671dcb8062a3fd12ea3276,experiments/p6/c0_causal_comparison/nn-vs-xgb-v1/research_manifest.json,4788,44c8b0130db6947a07a778a79ba09c8d5691bfd607ffad907b417ac28fe42b6a
Ada-MGAD-e2e-v2-c0onsettcn,6dbc908468d68fec4b671dcb8062a3fd12ea3276,experiments/p6/c0_flat_xgb/finalized-v1-seed42/completion_manifest.json,1327,a30d583f4945a94a8af79de5af34caea0daf7cfe3fd0688a92554192738bb180
Ada-MGAD-e2e-v2-c0onsettcn,6dbc908468d68fec4b671dcb8062a3fd12ea3276,experiments/p6/c0_flat_xgb/finalized-v1-seed42/finalization_input_lock.json,6678,83443fac0726f04910c4e1a889f463f4f23b2111154f9af0179708e69c4af4a0
Ada-MGAD-e2e-v2-c0onsettcn,6dbc908468d68fec4b671dcb8062a3fd12ea3276,experiments/p6/c0_flat_xgb/finalized-v1-seed42/fit_report.json,1617,2f658dfff15c1639efdceef7616a1468ffc54dfda0a0e26ef1f6be7bed8fd118
Ada-MGAD-e2e-v2-c0onsettcn,6dbc908468d68fec4b671dcb8062a3fd12ea3276,experiments/p6/c0_flat_xgb/finalized-v1-seed42/validation_prediction_lock.json,346,5c3bce054f7113128eb55410a19c23f2be4a51a23a37928e44d47344931321af
Ada-MGAD-e2e-v2-c0onsettcn,6dbc908468d68fec4b671dcb8062a3fd12ea3276,experiments/p6/c0_flat_xgb/finalized-v1-seed42/validation_selection.json,4132,98363249a2b7a755b3622947b03c13b5b12f80fa01de7a6268bcb18be357261d
Ada-MGAD-e2e-v2-c0onsettcn,6dbc908468d68fec4b671dcb8062a3fd12ea3276,experiments/p6/c0_long_weight/development_comparison_v1.json,25913,2666db85e9422a7063b23b377efcc6a5fc205706ed7e38fafb27267eb5519f77
Ada-MGAD-e2e-v2-c0onsettcn,6dbc908468d68fec4b671dcb8062a3fd12ea3276,experiments/p6/c0_long_weight/gpu-control-v1-seed42/development_manifest.json,3907,54c217f08b951c75fbb45650e8bb599f79bec2d36e582104ed9f9c0a82fa96dd
Ada-MGAD-e2e-v2-c0onsettcn,6dbc908468d68fec4b671dcb8062a3fd12ea3276,experiments/p6/c0_long_weight/gpu-control-v1-seed42/p6_c0.log,2590,8eedf228216f7e2ec31260ec44fa2906d98b1aa853e1f7d2248e5091fa7c28c1
Ada-MGAD-e2e-v2-c0onsettcn,6dbc908468d68fec4b671dcb8062a3fd12ea3276,experiments/p6/c0_long_weight/gpu-control-v1-seed42/split_audit.json,12327,8715dd6f2cc8b5e3dc4458a00c060450ab0acd2291989c37571941e35e3d516f
Ada-MGAD-e2e-v2-c0onsettcn,6dbc908468d68fec4b671dcb8062a3fd12ea3276,experiments/p6/c0_long_weight/gpu-control-v1-seed42/split_manifest.json,8130,d1e01a7d582135d860def8389e0c57f842964c5842cb8b389fdfbbf95582a6dd
Ada-MGAD-e2e-v2-c0onsettcn,6dbc908468d68fec4b671dcb8062a3fd12ea3276,experiments/p6/c0_long_weight/gpu-control-v1-seed42/training_log.json,10778,91c12d57d43d39dc6e70e8a42ace6f4fa695b53afcc55998c9e2b82547c9aa3f
Ada-MGAD-e2e-v2-c0onsettcn,6dbc908468d68fec4b671dcb8062a3fd12ea3276,experiments/p6/c0_long_weight/gpu-control-v1-seed42/validation_episodes.csv,214650,38871d4b941cc49ac665907fb97dd2e86f6369bb8841d03980869c3ad46e3379
Ada-MGAD-e2e-v2-c0onsettcn,6dbc908468d68fec4b671dcb8062a3fd12ea3276,experiments/p6/c0_long_weight/gpu-control-v1-seed42/validation_matching.csv,522796,8bf838043e19e4e250e19ce72fa67cbea712ea0873074a1523408e3f3957586b
Ada-MGAD-e2e-v2-c0onsettcn,6dbc908468d68fec4b671dcb8062a3fd12ea3276,experiments/p6/c0_long_weight/gpu-control-v1-seed42/validation_predictions.csv,2251307,dfbd8ff19fb3fe171a117ee062ae05a080ff47e69f8b845b173b00ea9ede27a7
Ada-MGAD-e2e-v2-c0onsettcn,6dbc908468d68fec4b671dcb8062a3fd12ea3276,experiments/p6/c0_long_weight/gpu-control-v1-seed42/validation_selection.json,13913,888d68732bfdb086a0536e6321b8420ad1d4fba11921eb63f2a9577be73b0928
Ada-MGAD-e2e-v2-c0onsettcn,6dbc908468d68fec4b671dcb8062a3fd12ea3276,experiments/p6/c0_long_weight/weighted-v1-seed42/development_manifest.json,3907,97a866e7b277a7f747e5080cd7f03ad46860ed4ad774c44e46a02d905963935e
Ada-MGAD-e2e-v2-c0onsettcn,6dbc908468d68fec4b671dcb8062a3fd12ea3276,experiments/p6/c0_long_weight/weighted-v1-seed42/p6_c0.log,2815,1e93a4a8cd06d75fa0bea51c7450b0ad6aea6eed0d4187373600216e03c7a8b8
Ada-MGAD-e2e-v2-c0onsettcn,6dbc908468d68fec4b671dcb8062a3fd12ea3276,experiments/p6/c0_long_weight/weighted-v1-seed42/split_audit.json,12328,b1365b9be5117c686528a047bb586ea559b05530153ab52dff925307494e6426
Ada-MGAD-e2e-v2-c0onsettcn,6dbc908468d68fec4b671dcb8062a3fd12ea3276,experiments/p6/c0_long_weight/weighted-v1-seed42/split_manifest.json,8130,e15e678cd2c4e186abf24a877b3c6a98c44cb946580f25b2137a129752b45020
Ada-MGAD-e2e-v2-c0onsettcn,6dbc908468d68fec4b671dcb8062a3fd12ea3276,experiments/p6/c0_long_weight/weighted-v1-seed42/training_log.json,12860,5a1bec9c01c5915c049f4098248968f00387afaedc223ada5519095f96479bd7
Ada-MGAD-e2e-v2-c0onsettcn,6dbc908468d68fec4b671dcb8062a3fd12ea3276,experiments/p6/c0_long_weight/weighted-v1-seed42/validation_episodes.csv,215345,c0aa0b05371f3b470def96b533c553dc0a295f811b738d3384acfc11b90c16b4
Ada-MGAD-e2e-v2-c0onsettcn,6dbc908468d68fec4b671dcb8062a3fd12ea3276,experiments/p6/c0_long_weight/weighted-v1-seed42/validation_matching.csv,523619,db378b68a2e4bb8e2a41ded337ae56567bcc6c303511b9f9946d047eb57cbdb8
Ada-MGAD-e2e-v2-c0onsettcn,6dbc908468d68fec4b671dcb8062a3fd12ea3276,experiments/p6/c0_long_weight/weighted-v1-seed42/validation_predictions.csv,2252354,19c6d75fdcb7c5c9dab3aace09d70ae3c73b7396e9419afb3a7fb93e2d4794e1
Ada-MGAD-e2e-v2-c0onsettcn,6dbc908468d68fec4b671dcb8062a3fd12ea3276,experiments/p6/c0_long_weight/weighted-v1-seed42/validation_selection.json,16606,a34856d67c7889833e6106bc4c40537aa344f051c43d0b6c71ec8e640e9cb9c2
Ada-MGAD-e2e-v2-c0onsettcn,6dbc908468d68fec4b671dcb8062a3fd12ea3276,experiments/p6/c0_onset_development/fit-label-decoding-reference-v1/completion_manifest.json,273,6d1be09f94e603596d230ad528ae0ea7bb5411b6a09898fa63f4a1b49483d622
Ada-MGAD-e2e-v2-c0onsettcn,6dbc908468d68fec4b671dcb8062a3fd12ea3276,experiments/p6/c0_onset_development/fit-label-decoding-reference-v1/reference.json,3562,6740b5acc6ec9ae8c17af4612980d932fdb7c1ab9ac440ab27b62988c4ea8fb9
Ada-MGAD-e2e-v2-c0onsettcn,6dbc908468d68fec4b671dcb8062a3fd12ea3276,experiments/p6/c0_onset_development/fit-label-decoding-reference-v1/scope_lock.json,1709,aaa12bdb35d23d441b924eb067f4a12348c7809a013628507eb494914477d0cc
Ada-MGAD-e2e-v2-c0onsettcn,6dbc908468d68fec4b671dcb8062a3fd12ea3276,experiments/p6/c0_onset_tcn/tcn-v1-seed42/checkpoint/best_validation_event_f1.pt,222677,ae5d64e53125031f634b57de569f212ba77a4d6981ff5d8414223fe44085d924
Ada-MGAD-e2e-v2-c0onsettcn,6dbc908468d68fec4b671dcb8062a3fd12ea3276,experiments/p6/c0_onset_tcn/tcn-v1-seed42/completion_manifest.json,1289,439c1660d8f5219f0cc158df25a81c3f7b3420b260bbe7daefcb23cec06cfb3d
Ada-MGAD-e2e-v2-c0onsettcn,6dbc908468d68fec4b671dcb8062a3fd12ea3276,experiments/p6/c0_onset_tcn/tcn-v1-seed42/development_input_lock.json,8618,11a6ac452ca09bbfe9e53b33a91e1762a7ac5371b983e0c92a100b1789656272
Ada-MGAD-e2e-v2-c0onsettcn,6dbc908468d68fec4b671dcb8062a3fd12ea3276,experiments/p6/c0_onset_tcn/tcn-v1-seed42/fit_gt.csv,610575,dd366f9246ef30c38963833535b251051975de023809905e2d087d230ac1b3c2
Ada-MGAD-e2e-v2-c0onsettcn,6dbc908468d68fec4b671dcb8062a3fd12ea3276,experiments/p6/c0_onset_tcn/tcn-v1-seed42/p6_c0.log,1300,38a1f3098ae5cf8b82393246553abd2f33e1b2a92c71393df9b8a96ac4a8d5b9
Ada-MGAD-e2e-v2-c0onsettcn,6dbc908468d68fec4b671dcb8062a3fd12ea3276,experiments/p6/c0_onset_tcn/tcn-v1-seed42/real_window_causality_gate.json,640,3b66255f7d02cb8da06f040895258a15f8ab4c9d163db6957dc72b683cdb1b8e
Ada-MGAD-e2e-v2-c0onsettcn,6dbc908468d68fec4b671dcb8062a3fd12ea3276,experiments/p6/c0_onset_tcn/tcn-v1-seed42/training_log.json,10820,8fcf7bd58a8a03d7b456a8ad7be56b4135094970a0a560ecbba263ab040f1838
Ada-MGAD-e2e-v2-c0onsettcn,6dbc908468d68fec4b671dcb8062a3fd12ea3276,experiments/p6/c0_onset_tcn/tcn-v1-seed42/validation_episodes.csv,217378,bd1c5338b7768f8be019bc0ae55822f147fe8de2a0de80531b3e261f4af1740d
Ada-MGAD-e2e-v2-c0onsettcn,6dbc908468d68fec4b671dcb8062a3fd12ea3276,experiments/p6/c0_onset_tcn/tcn-v1-seed42/validation_gt.csv,259687,c522cd913b07508598bc0506ff7111ce9ffdb22a7704227f924f06d2dbd1b7bc
Ada-MGAD-e2e-v2-c0onsettcn,6dbc908468d68fec4b671dcb8062a3fd12ea3276,experiments/p6/c0_onset_tcn/tcn-v1-seed42/validation_matching.csv,525676,84c8c0a6aed1586636ff976aae348479665b38458bc5027b8a1d1b8aea2b4d10
Ada-MGAD-e2e-v2-c0onsettcn,6dbc908468d68fec4b671dcb8062a3fd12ea3276,experiments/p6/c0_onset_tcn/tcn-v1-seed42/validation_predictions.csv,2264376,aa0e7bc6a03e455acfb3fbeb98708b5bec07651db8258ff7c280ae0e30d6415a
Ada-MGAD-e2e-v2-c0onsettcn,6dbc908468d68fec4b671dcb8062a3fd12ea3276,experiments/p6/c0_onset_tcn/tcn-v1-seed42/validation_selection.json,14873,9a850ec7e5959c3dc492730264804d89899471c71911dd557ed8ecc06566e979
Ada-MGAD-e2e-v2-c0onsettcn,6dbc908468d68fec4b671dcb8062a3fd12ea3276,experiments/p6/c0_raw_onset_observability/raw-onset-v1/fit_clean_events.csv,519986,b42d0a714339ffb1f8bf07294a5fa822c48893f58bfe0475d60ab86a7aa0404a
Ada-MGAD-e2e-v2-c0onsettcn,6dbc908468d68fec4b671dcb8062a3fd12ea3276,experiments/p6/c0_raw_onset_observability/raw-onset-v1/fit_pseudo_onsets.csv,70246,b36db52779b7a745a4e47c5cf4d686b1dea0a53be2a453debdbba61e1d45f531
Ada-MGAD-e2e-v2-c0onsettcn,6dbc908468d68fec4b671dcb8062a3fd12ea3276,experiments/p6/c0_raw_onset_observability/raw-onset-v1/results.json,20440,2d8b1882fdb9a9310f9b74f848adc54033654d3a27a7ef707f609d84957d1378
Ada-MGAD-e2e-v2-c0onsettcn,6dbc908468d68fec4b671dcb8062a3fd12ea3276,experiments/p6/c0_raw_onset_observability/raw-onset-v1/validation_clean_events.csv,171016,e9715164e6b527b0570aa2ed35a4281f0847910a8356e7bcad8b53e3796181a1
Ada-MGAD-e2e-v2-c0onsettcn,6dbc908468d68fec4b671dcb8062a3fd12ea3276,experiments/p6/c0_raw_onset_observability/raw-onset-v1/validation_pseudo_onsets.csv,47187,53eb1bdcf265069cca9079495d92aae7f88415475312bdaf6da8d8e0a39dff10
Ada-MGAD-e2e-v2-c0onsettcn,6dbc908468d68fec4b671dcb8062a3fd12ea3276,experiments/p6/c0f_failure_audit/c0f-correction-20260923T0755Z/analysis_validation.json,296,ad7a15071946ca8749cbfc26c134304b3771c8e610fe1b8b2bbb81c01767fdde
Ada-MGAD-e2e-v2-c0onsettcn,6dbc908468d68fec4b671dcb8062a3fd12ea3276,experiments/p6/c0f_failure_audit/c0f-correction-20260923T0755Z/audit_config.json,3064,6e66534cd7adb078d7342fd189a891d59e8dd1b9c893868cbf06f92c34c6c820
Ada-MGAD-e2e-v2-c0onsettcn,6dbc908468d68fec4b671dcb8062a3fd12ea3276,experiments/p6/c0f_failure_audit/c0f-correction-20260923T0755Z/capacity_summary.json,13508,aaa4fe3bc740aad3c1b97dac8a8c9224fcdc766b59e693f2b07a678139eccbda
Ada-MGAD-e2e-v2-c0onsettcn,6dbc908468d68fec4b671dcb8062a3fd12ea3276,experiments/p6/c0f_failure_audit/c0f-correction-20260923T0755Z/completion_manifest.json,76920,faabd0a5e6486a89c6e6e3cab1af8f146af6cdab9fe5e728c027f5d18f80745a
Ada-MGAD-e2e-v2-c0onsettcn,6dbc908468d68fec4b671dcb8062a3fd12ea3276,experiments/p6/c0f_failure_audit/c0f-correction-20260923T0755Z/confounding_tables.json,196447,676bf2913aefd265292b4d25c6c8fc11d9bec5813f5aebf9a3d7a6e49933487d
Ada-MGAD-e2e-v2-c0onsettcn,6dbc908468d68fec4b671dcb8062a3fd12ea3276,experiments/p6/c0f_failure_audit/c0f-correction-20260923T0755Z/correction_summary.json,1427,95cdd9d0c51a29a47d84b851a8dda40c3d56e877203793781c4701a6852db181
Ada-MGAD-e2e-v2-c0onsettcn,6dbc908468d68fec4b671dcb8062a3fd12ea3276,experiments/p6/c0f_failure_audit/c0f-correction-20260923T0755Z/decision.json,21910,3cdf539f1bfe2367c9e0e34430118a565645a293138e121970832cce7984c552
Ada-MGAD-e2e-v2-c0onsettcn,6dbc908468d68fec4b671dcb8062a3fd12ea3276,experiments/p6/c0f_failure_audit/c0f-correction-20260923T0755Z/evidence_ledger.json,7998,eaf1b0a9bb641e3dd59c540512f03a61a793b4ebb83c7115b19f86ac7318e1fe
Ada-MGAD-e2e-v2-c0onsettcn,6dbc908468d68fec4b671dcb8062a3fd12ea3276,experiments/p6/c0f_failure_audit/c0f-correction-20260923T0755Z/final_report.md,12767,cfac59ff1f3d4ac489a3c11b9670e43e3e8216999019e821d1711970fdfea656
Ada-MGAD-e2e-v2-c0onsettcn,6dbc908468d68fec4b671dcb8062a3fd12ea3276,experiments/p6/c0f_failure_audit/c0f-correction-20260923T0755Z/input_integrity_after.json,227,bc834dc3b45aa4814b8e27a6d7b15d88994488d574057dcf8e18c5647782c7e4
Ada-MGAD-e2e-v2-c0onsettcn,6dbc908468d68fec4b671dcb8062a3fd12ea3276,experiments/p6/c0f_failure_audit/c0f-correction-20260923T0755Z/input_manifest.json,1272,8a22a55fe1b951a78aa30fa6a185339f45235779a9b0c4a92852cc97f11fa972
Ada-MGAD-e2e-v2-c0onsettcn,6dbc908468d68fec4b671dcb8062a3fd12ea3276,experiments/p6/c0f_failure_audit/c0f-correction-20260923T0755Z/input_snapshot.json,254827,1fdc4e0e3b82c9849e7e965471ee4431621aa3b8b7d9ec86f7afbc0fa5b9b87f
Ada-MGAD-e2e-v2-c0onsettcn,6dbc908468d68fec4b671dcb8062a3fd12ea3276,experiments/p6/c0f_failure_audit/c0f-correction-20260923T0755Z/isolation_summary.json,46108,439b4311ae6cdeeb896971b52602928cd8f8f00581b1762b7dc199338eb8cdd9
Ada-MGAD-e2e-v2-c0onsettcn,6dbc908468d68fec4b671dcb8062a3fd12ea3276,experiments/p6/c0f_failure_audit/c0f-correction-20260923T0755Z/ledger_invariants.json,520,a497cd0e28dc4627d27a343038ecda70ff3e2cd2c7579674175c7b0c1ebe8ab3
Ada-MGAD-e2e-v2-c0onsettcn,6dbc908468d68fec4b671dcb8062a3fd12ea3276,experiments/p6/c0f_failure_audit/c0f-correction-20260923T0755Z/reuse_provenance.json,1297,5d40d373429d92073ad1f677ed930107abdcfec9973afa3fd940c00d79a6ad82
Ada-MGAD-e2e-v2-c0onsettcn,6dbc908468d68fec4b671dcb8062a3fd12ea3276,experiments/p6/c0f_failure_audit/c0f-correction-20260923T0755Z/run_state.json,70344,4f58cdf5cf3c06bcc2b8ea3b12a608c6c9287a8a996a4ae0007f2a3cede3fb78
Ada-MGAD-e2e-v2-c0onsettcn,6dbc908468d68fec4b671dcb8062a3fd12ea3276,experiments/p6/c0f_failure_audit/c0f-correction-20260923T0755Z/source_integrity.json,8617,ae61ded34933922feea8dad052f115aa50abf7c311593f0a49f47b5e73270e73
Ada-MGAD-e2e-v2-c0onsettcn,6dbc908468d68fec4b671dcb8062a3fd12ea3276,experiments/p6/c0f_failure_audit/c0f-correction-20260923T0755Z/source_snapshot.json,27487,808bb33502694359a809657c56db3bc4ecf1a67887e45ba4c7949e67009d17fe
Ada-MGAD-e2e-v2-c0onsettcn,6dbc908468d68fec4b671dcb8062a3fd12ea3276,experiments/p6/c0f_failure_audit/c0f-correction-20260923T0755Z/split_population_checks.json,968,e5cad5ac9211384da9c73c83304625bb4274585228b1b733edd92f4352dfd820
Ada-MGAD-e2e-v2-c0onsettcn,6dbc908468d68fec4b671dcb8062a3fd12ea3276,experiments/p6/c0f_failure_audit/c0f-correction-20260923T0755Z/stratified_summary.json,38692,c3d3148227ad27756001b6d6b7ba1fadb603e390741e29fad34fcb8292c4962e
Ada-MGAD-e2e-v2-c0onsettcn,6dbc908468d68fec4b671dcb8062a3fd12ea3276,experiments/p6/c0f_failure_audit/c0f-correction-20260923T0755Z/test_artifact_verification.json,1286,0385232d6ff22eb82747264c9bdf7a4d0f6b4112b40a5edc9675ec12ddd72282
Ada-MGAD-e2e-v2-c0onsettcn,6dbc908468d68fec4b671dcb8062a3fd12ea3276,experiments/p6/c0f_failure_audit/c0f-correction-20260923T0755Z/test_results.json,1478,001ef8cbe1e1997d6a608df763aefb994e5d99b6e932f97de0c4cf88b4aa504e
Ada-MGAD-e2e-v2-c0onsettcn,6dbc908468d68fec4b671dcb8062a3fd12ea3276,experiments/p6/c0f_failure_audit/c0f-correction-20260923T0755Z/validation_replay.json,1781,e802370c18a4bc38e497d3ab398705a0434f91bbe8c02dbf1710c7f1ad904360
Ada-MGAD-e2e-v2-c0onsettcn,6dbc908468d68fec4b671dcb8062a3fd12ea3276,experiments/p6/c0f_failure_audit/c0f-seed42-20260919T0700/audit_config.json,2705,078c633bc1097b558439d0bc247118bf079cdbc177eac2bbe26a83b628bbbf40
Ada-MGAD-e2e-v2-c0onsettcn,6dbc908468d68fec4b671dcb8062a3fd12ea3276,experiments/p6/c0f_failure_audit/c0f-seed42-20260919T0700/capacity_summary.json,12933,e479dfa5b2af41d141b4fd08ecbfa76a107148e57ade5e17eaa818b880821124
Ada-MGAD-e2e-v2-c0onsettcn,6dbc908468d68fec4b671dcb8062a3fd12ea3276,experiments/p6/c0f_failure_audit/c0f-seed42-20260919T0700/completion_manifest.json,16950,97e1fd3e34da06e7b64808b9f38372628c7007b9a2533c46582b50e5b7ace53a
Ada-MGAD-e2e-v2-c0onsettcn,6dbc908468d68fec4b671dcb8062a3fd12ea3276,experiments/p6/c0f_failure_audit/c0f-seed42-20260919T0700/confounding_tables.json,27744,bab17cda93dcb9747e23cd4519396edc2975e38bc31ed96e2ad3fc2d8fe5c9c6
Ada-MGAD-e2e-v2-c0onsettcn,6dbc908468d68fec4b671dcb8062a3fd12ea3276,experiments/p6/c0f_failure_audit/c0f-seed42-20260919T0700/decision.json,20118,9eb7ca1ee3c04c4b8fdc1d0a9a75b873add03bfce61b026f0e4abc9f55ba9493
Ada-MGAD-e2e-v2-c0onsettcn,6dbc908468d68fec4b671dcb8062a3fd12ea3276,experiments/p6/c0f_failure_audit/c0f-seed42-20260919T0700/evidence_ledger.json,5830,1eaca4aac0c592a5110acadb7681366ceba696f0fedc1803ec1c03379d16f90b
Ada-MGAD-e2e-v2-c0onsettcn,6dbc908468d68fec4b671dcb8062a3fd12ea3276,experiments/p6/c0f_failure_audit/c0f-seed42-20260919T0700/final_report.md,9472,563ac665ce2641c94e80a4bd12e124473956db1c49113eb60859ba4f6f2a291f
Ada-MGAD-e2e-v2-c0onsettcn,6dbc908468d68fec4b671dcb8062a3fd12ea3276,experiments/p6/c0f_failure_audit/c0f-seed42-20260919T0700/input_manifest.json,1267,cd5a7b02c8e78bb6021343dd2e76ca8d87819503afdecefc8cb80c5fcfdc48ef
Ada-MGAD-e2e-v2-c0onsettcn,6dbc908468d68fec4b671dcb8062a3fd12ea3276,experiments/p6/c0f_failure_audit/c0f-seed42-20260919T0700/ledger_invariants.json,520,a497cd0e28dc4627d27a343038ecda70ff3e2cd2c7579674175c7b0c1ebe8ab3
Ada-MGAD-e2e-v2-c0onsettcn,6dbc908468d68fec4b671dcb8062a3fd12ea3276,experiments/p6/c0f_failure_audit/c0f-seed42-20260919T0700/run_state.json,1983,5c81eb7dfb89d713ac40de4da60d8f9803b89ac1c6260ff9ca7a07e59fe40edc
Ada-MGAD-e2e-v2-c0onsettcn,6dbc908468d68fec4b671dcb8062a3fd12ea3276,experiments/p6/c0f_failure_audit/c0f-seed42-20260919T0700/source_integrity.json,4603,7507a5bb490607692a0c7e4065f1ba79e8cde8d67305f4d8f20638feb6228c8d
Ada-MGAD-e2e-v2-c0onsettcn,6dbc908468d68fec4b671dcb8062a3fd12ea3276,experiments/p6/c0f_failure_audit/c0f-seed42-20260919T0700/split_population_checks.json,968,e5cad5ac9211384da9c73c83304625bb4274585228b1b733edd92f4352dfd820
Ada-MGAD-e2e-v2-c0onsettcn,6dbc908468d68fec4b671dcb8062a3fd12ea3276,experiments/p6/c0f_failure_audit/c0f-seed42-20260919T0700/stratified_summary.json,35445,babde167b0390f10a20108026516463a250f74340fcd46c8729e386610f39b57
Ada-MGAD-e2e-v2-c0onsettcn,6dbc908468d68fec4b671dcb8062a3fd12ea3276,experiments/p6/c0f_failure_audit/c0f-seed42-20260919T0700/test_artifact_verification.json,1190,ccec4113e1846fd3509fc626a6cc14a7b64fe05ae31fa81c31bcf9ab68e22e28
Ada-MGAD-e2e-v2-c0onsettcn,6dbc908468d68fec4b671dcb8062a3fd12ea3276,experiments/p6/c0f_failure_audit/c0f-seed42-20260919T0700/validation_replay.json,1781,24ea8a62815c7c6172bac2e3e3a0f3bfc639b803fc8bbd28c17d9e33c98fb93f
Ada-MGAD-e2e-v2-c0onsettcn,6dbc908468d68fec4b671dcb8062a3fd12ea3276,experiments/p6/c0f_failure_audit/code-checks-20260923T075346Z/test_results.json,1175,51017a28cf2e25a31b463a4d5ead6ec19bc3062006a0f72ce40da0a60dbc43df
Ada-MGAD-e2e-v2-c0onsettcn,6dbc908468d68fec4b671dcb8062a3fd12ea3276,experiments/p6/c0r2_trainval_dev/positive-logit-rise-v2/results.json,4986,773f05832dcefb568cc867f3eb716c3db2be234cf57d539ede7ca6a59b5dc9f0
Ada-MGAD-e2e-v2-c0onsettcn,6dbc908468d68fec4b671dcb8062a3fd12ea3276,experiments/p6/c1_feasibility/c1-g1-20260923T105441Z/feasibility_ledger.json,25618,80718e06a801f4a4cfac085eec999285a162b4e1ebf5afff082f17925a99b3da
Ada-MGAD-e2e-v2-c0onsettcn,6dbc908468d68fec4b671dcb8062a3fd12ea3276,experiments/p6/c1_feasibility/c1-g1-20260923T105441Z/final_report.md,8811,48c72507b5cc43f5254906be5e983547d584ca0a1a979a919e6e970112efbfc4
Ada-MGAD-e2e-v2-c0onsettcn,6dbc908468d68fec4b671dcb8062a3fd12ea3276,experiments/p6/c1_prefix_metric_audit/c1-fold1-metric-audit-v1-20260929/candidate_ledger.csv,729152,0b25bf30626055af55d6b35ab3fe9f8ff3a375b9023b9ade6bcc8f592923edf5
Ada-MGAD-e2e-v2-c0onsettcn,6dbc908468d68fec4b671dcb8062a3fd12ea3276,experiments/p6/c1_prefix_metric_audit/c1-fold1-metric-audit-v1-20260929/completion_manifest.json,2015,322e3bf69bd9aaa16b4b0b667a3fd98802175bdd91ec655585f7c97c765ef847
Ada-MGAD-e2e-v2-c0onsettcn,6dbc908468d68fec4b671dcb8062a3fd12ea3276,experiments/p6/c1_prefix_metric_audit/c1-fold1-metric-audit-v1-20260929/summary.json,2334,f951ebf8419d6499dfe3864e04b4c7f3ab04f258eb3c3d40a3f2ecc43623ae1a
Ada-MGAD-e2e-v2-c0onsettcn,6dbc908468d68fec4b671dcb8062a3fd12ea3276,experiments/p6/c1_protocol/c1-g2-py38-correction-20260924T0831Z/correction_manifest.json,2340,36a6406c80c0545f81e37f2cb4df0a1bbf5e341d5f92094631be487417f88a34
Ada-MGAD-e2e-v2-c0onsettcn,6dbc908468d68fec4b671dcb8062a3fd12ea3276,experiments/p6/c1_protocol/c1-g2-py38-correction-20260924T0831Z/correction_report.md,3511,757d796360596b4155d91f40ed3b29cb78cc547dba0ecff819ff1a5496a58857
Ada-MGAD-e2e-v2-c0onsettcn,6dbc908468d68fec4b671dcb8062a3fd12ea3276,experiments/p6/c1_protocol/c1-g2-v1-20260924/design_lock_report.md,2211,105b44683c01ffc8ef6eded385ec1dc3d6032415e40c58cdfd2815595c02a23f
Ada-MGAD-e2e-v2-c0onsettcn,6dbc908468d68fec4b671dcb8062a3fd12ea3276,experiments/p6/c1_protocol/c1-g2-v1-20260924/raw_content_manifest.json,1584322,03bdefc1ad817802a9f015a5cc07c71f5e8d625c66c5d5e9fbff31d0d5671718
Ada-MGAD-e2e-v2-c0onsettcn,6dbc908468d68fec4b671dcb8062a3fd12ea3276,experiments/p6/c1_supervision_oos/c1-supervision-oos-v1-seed42/evaluation/c1_results.json,1947819,d94b67c6631229c8994b491156d616a29062537fda6955bb9a44908609786b6c
Ada-MGAD-e2e-v2-c0onsettcn,6dbc908468d68fec4b671dcb8062a3fd12ea3276,experiments/p6/c1_supervision_oos/c1-supervision-oos-v1-seed42/evaluation/c2_failure_ledger.csv,1266920,2d7dd0703147a7f67d8e77b17f9be03be43b63baa733f7891b6f653852acef5c
Ada-MGAD-e2e-v2-c0onsettcn,6dbc908468d68fec4b671dcb8062a3fd12ea3276,experiments/p6/c1_supervision_oos/c1-supervision-oos-v1-seed42/evaluation/c2_failure_summary.json,669,382829e8258b95882ef741004ae2715a98cc01dcd53cc11229cc12abb48c2b95
Ada-MGAD-e2e-v2-c0onsettcn,6dbc908468d68fec4b671dcb8062a3fd12ea3276,experiments/p6/c1_supervision_oos/c1-supervision-oos-v1-seed42/evaluation/c2_full_diagnosis.json,17914,3b6635e497916cc0be7ba06f466772d1d884544d5819fa519714e3b1e2157beb
Ada-MGAD-e2e-v2-c0onsettcn,6dbc908468d68fec4b671dcb8062a3fd12ea3276,experiments/p6/c1_supervision_oos/c1-supervision-oos-v1-seed42/evaluation/c2_raw_matching.csv,1155905,986a55d59a6f809a0a6961d76eca5402624ae776bcbd170afb935a24862a09ab
Ada-MGAD-e2e-v2-c0onsettcn,6dbc908468d68fec4b671dcb8062a3fd12ea3276,experiments/p6/c1_supervision_oos/c1-supervision-oos-v1-seed42/evaluation/c2_stage1_reference.json,1754,104ca7578bd204131f5785fa27b9b97eb08470343f149742c74b83195f8e10c9
Ada-MGAD-e2e-v2-c0onsettcn,6dbc908468d68fec4b671dcb8062a3fd12ea3276,experiments/p6/c1_supervision_oos/c1-supervision-oos-v1-seed42/evaluation/completion_manifest.json,4210,c113bd2b18967e9f0fac4a227bed7c19e5659f6f13833ba4b21040a9a1b9730e
Ada-MGAD-e2e-v2-c0onsettcn,6dbc908468d68fec4b671dcb8062a3fd12ea3276,experiments/p6/c1_supervision_oos/c1-supervision-oos-v1-seed42/evaluation/oracle_a_diagnostic.json,269,d1838b5efefa11087fbbb6ecc9949740d6fbb0ece02316ec243e06cb1e4dc1ae
Ada-MGAD-e2e-v2-c0onsettcn,6dbc908468d68fec4b671dcb8062a3fd12ea3276,experiments/p6/c1_supervision_oos/c1-supervision-oos-v1-seed42/evaluation/oracle_a_rankings.csv,990811,5a7c9576a448ce7a2a9688a214626cc3176919305643f4e89e1dada7c899eec4
Ada-MGAD-e2e-v2-c0onsettcn,6dbc908468d68fec4b671dcb8062a3fd12ea3276,experiments/p6/c1_supervision_oos/c1-supervision-oos-v1-seed42/folds/fold_01/completion_manifest.json,9087,e5ee5d1ee7f825b18e7ef69f4764182284547d3940c77771855a40468c9b3d3c
Ada-MGAD-e2e-v2-c0onsettcn,6dbc908468d68fec4b671dcb8062a3fd12ea3276,experiments/p6/c1_supervision_oos/c1-supervision-oos-v1-seed42/folds/fold_01/detector/completion_manifest.json,4312,77f0e0bc4f07aad21799db077c09c3d657dc5c2c106d24460257742c33df5220
Ada-MGAD-e2e-v2-c0onsettcn,6dbc908468d68fec4b671dcb8062a3fd12ea3276,experiments/p6/c1_supervision_oos/c1-supervision-oos-v1-seed42/folds/fold_01/detector/generation_episodes.csv,106723,856797f52561e1fdc0a9a0e5ab00885ad5a0267d5ccf58f0d943e2bfde31f664
Ada-MGAD-e2e-v2-c0onsettcn,6dbc908468d68fec4b671dcb8062a3fd12ea3276,experiments/p6/c1_supervision_oos/c1-supervision-oos-v1-seed42/folds/fold_01/detector/generation_scores.csv,750379,6e6a1343939cfbe52c5ea0cf33aa8c7d44cd656c9e5e8641a4fc1f01f0ecb9bc
Ada-MGAD-e2e-v2-c0onsettcn,6dbc908468d68fec4b671dcb8062a3fd12ea3276,experiments/p6/c1_supervision_oos/c1-supervision-oos-v1-seed42/folds/fold_01/detector/selection.json,773,e96b42fda9f874a04866e984d36f9b32feb24cfabb9d0baf9dda72285fa85f45
Ada-MGAD-e2e-v2-c0onsettcn,6dbc908468d68fec4b671dcb8062a3fd12ea3276,experiments/p6/c1_supervision_oos/c1-supervision-oos-v1-seed42/folds/fold_01/detector/training_log.json,19221,64dd055eb00531ae43fcead33e103fc1ec55fb6f364518eaec53daae4829a026
Ada-MGAD-e2e-v2-c0onsettcn,6dbc908468d68fec4b671dcb8062a3fd12ea3276,experiments/p6/c1_supervision_oos/c1-supervision-oos-v1-seed42/folds/fold_02/completion_manifest.json,9096,51006c83a351a1794832be0f82fcee35bceeec0a2a1382df1c61b9e2dc7f252c
Ada-MGAD-e2e-v2-c0onsettcn,6dbc908468d68fec4b671dcb8062a3fd12ea3276,experiments/p6/c1_supervision_oos/c1-supervision-oos-v1-seed42/folds/fold_02/detector/completion_manifest.json,4281,1ac2392e356f0da8e56fd1c944fbc86f5492d882424d942eeb12523f81a4642b
Ada-MGAD-e2e-v2-c0onsettcn,6dbc908468d68fec4b671dcb8062a3fd12ea3276,experiments/p6/c1_supervision_oos/c1-supervision-oos-v1-seed42/folds/fold_02/detector/generation_episodes.csv,130039,237fa6eb7af28143ba38568ab9c19f5ee2cfb23c2fed25de2d680fd11ee7383a
Ada-MGAD-e2e-v2-c0onsettcn,6dbc908468d68fec4b671dcb8062a3fd12ea3276,experiments/p6/c1_supervision_oos/c1-supervision-oos-v1-seed42/folds/fold_02/detector/generation_scores.csv,753899,7abb1f0398658ada10897f17b4f271ff084f6b1daf1e9c1adeddfb667eb3b02f
Ada-MGAD-e2e-v2-c0onsettcn,6dbc908468d68fec4b671dcb8062a3fd12ea3276,experiments/p6/c1_supervision_oos/c1-supervision-oos-v1-seed42/folds/fold_02/detector/selection.json,741,3449a63b37f5184f9fbd86888843d6e9d8605c3b0b6502635528ff139fd3db3f
Ada-MGAD-e2e-v2-c0onsettcn,6dbc908468d68fec4b671dcb8062a3fd12ea3276,experiments/p6/c1_supervision_oos/c1-supervision-oos-v1-seed42/folds/fold_02/detector/training_log.json,12434,9cb70fe0d388f2f964a539d9c9d21608b6aa8c710a5b097f0f71fbf27162458b
Ada-MGAD-e2e-v2-c0onsettcn,6dbc908468d68fec4b671dcb8062a3fd12ea3276,experiments/p6/c1_supervision_oos/c1-supervision-oos-v1-seed42/folds/fold_03/completion_manifest.json,9096,a965256b6152dc4310918aa48ce7fe893ed5207d7c5022101ae3dfa818034934
Ada-MGAD-e2e-v2-c0onsettcn,6dbc908468d68fec4b671dcb8062a3fd12ea3276,experiments/p6/c1_supervision_oos/c1-supervision-oos-v1-seed42/folds/fold_03/detector/completion_manifest.json,4300,1e94bc29015731fe875de21506a2ad16589ef7a5dce77bf00d3fb16d66c15d56
Ada-MGAD-e2e-v2-c0onsettcn,6dbc908468d68fec4b671dcb8062a3fd12ea3276,experiments/p6/c1_supervision_oos/c1-supervision-oos-v1-seed42/folds/fold_03/detector/generation_episodes.csv,125838,6519b6f514e75972054b3d458c4dcb9320e6c4e3bfcf65a68bb8a3af7282fb05
Ada-MGAD-e2e-v2-c0onsettcn,6dbc908468d68fec4b671dcb8062a3fd12ea3276,experiments/p6/c1_supervision_oos/c1-supervision-oos-v1-seed42/folds/fold_03/detector/generation_scores.csv,753500,3756b817680de25addd174fc2a60ebc9c934ac3ec5fdac1bbc8484de080d117f
Ada-MGAD-e2e-v2-c0onsettcn,6dbc908468d68fec4b671dcb8062a3fd12ea3276,experiments/p6/c1_supervision_oos/c1-supervision-oos-v1-seed42/folds/fold_03/detector/selection.json,760,f73355c10d70746fffafaf12a3f8bf8bccdbfa4c85d0ea3110e630e73f3b40e8
Ada-MGAD-e2e-v2-c0onsettcn,6dbc908468d68fec4b671dcb8062a3fd12ea3276,experiments/p6/c1_supervision_oos/c1-supervision-oos-v1-seed42/folds/fold_03/detector/training_log.json,12517,971f380db43fd6bb6f0d62044007ee0e865a6d94815d31dedca0e533c645006d
Ada-MGAD-e2e-v2-c0onsettcn,6dbc908468d68fec4b671dcb8062a3fd12ea3276,experiments/p6/c1_supervision_oos/c1-supervision-oos-v1-seed42/g1_static/completion_manifest.json,5866,935abdc91db5fa1ddba7cb26455508433dace34c11ffa92087243f2ee7afab23
Ada-MGAD-e2e-v2-c0onsettcn,6dbc908468d68fec4b671dcb8062a3fd12ea3276,experiments/p6/c1_supervision_oos/c1-supervision-oos-v1-seed42/g1_static/fold_manifest.json,11117,017d4b2e87d737ee7d1f3f729a63fed4775e9e8181ec04214ddda6883310d4e5
Ada-MGAD-e2e-v2-c0onsettcn,6dbc908468d68fec4b671dcb8062a3fd12ea3276,experiments/p6/c1_supervision_oos/c1-supervision-oos-v1-seed42/g1_static/input_manifest.json,7333,a316f306e8b117b8aa9739b468c39f4cd6523310b48ad02f83f2c2f346abd3a1
Ada-MGAD-e2e-v2-c0onsettcn,6dbc908468d68fec4b671dcb8062a3fd12ea3276,experiments/p6/c1_supervision_oos/c1-supervision-oos-v1-seed42/g1_static/integrity_report.md,1692,2afcab0765547b1e0d75aa464eff2e98e3029e857eceef1435718078395ace22
Ada-MGAD-e2e-v2-c0onsettcn,6dbc908468d68fec4b671dcb8062a3fd12ea3276,experiments/p6/c1_supervision_oos/c1-supervision-oos-v1-seed42/g1_static/static_population.json,1545,83a5e20726f20866060bd7014784687d3860b0ccc63a76c6c0820817b311f7eb
Ada-MGAD-e2e-v2-c0onsettcn,6dbc908468d68fec4b671dcb8062a3fd12ea3276,experiments/p6/c1_supervision_oos/c1-supervision-oos-v1-seed42/predictions/completion_manifest.json,3671,19777b7f4656f3e8b360e1ecb618dc5d0dc8a0e63a15df59596a1d87be746216
Ada-MGAD-e2e-v2-c0onsettcn,6dbc908468d68fec4b671dcb8062a3fd12ea3276,experiments/p6/c1_supervision_oos/c1-supervision-oos-v1-seed42/predictions/prediction_lock.json,6883,ee9500730e7b982557de31d9fd138c13e09e5af397b11354e88b305f0233c967
Ada-MGAD-e2e-v2-c0onsettcn,6dbc908468d68fec4b671dcb8062a3fd12ea3276,experiments/p6/c1_supervision_oos/c1-supervision-oos-v1-seed42/predictions/scope_rankings.csv,1596904,b444a4d92c601430b79a3fee5e6fcddc97c3a8573cd20bd0c16a828d5bf6a650
Ada-MGAD-e2e-v2-c0onsettcn,6dbc908468d68fec4b671dcb8062a3fd12ea3276,experiments/p6/c1_supervision_oos/c1-supervision-oos-v1-seed42/rca/arm_b.json,753,2ba84aa9ec52b488db82b2dadce049c9c0105f2147176ff5716ba4d15ee8a4c7
Ada-MGAD-e2e-v2-c0onsettcn,6dbc908468d68fec4b671dcb8062a3fd12ea3276,experiments/p6/c1_supervision_oos/c1-supervision-oos-v1-seed42/rca/arm_c.json,752,6132941dd09f098a4c711c954ddec473eac11de63f5b094586413d95d7e6ca27
Ada-MGAD-e2e-v2-c0onsettcn,6dbc908468d68fec4b671dcb8062a3fd12ea3276,experiments/p6/c1_supervision_oos/c1-supervision-oos-v1-seed42/rca/completion_manifest.json,3538,2e446855d9e9cff34c684e8472d7510d1deb3cf5849aa9d8461e7d456127e9b0
Ada-MGAD-e2e-v2-c0onsettcn,6dbc908468d68fec4b671dcb8062a3fd12ea3276,experiments/p6/c1_supervision_oos/c1-supervision-oos-v1-seed42/run_lock.json,6331,0b5a2b649c31305eec88d631f2d57ef2a45a7d4d643d861478b3a11d620c9c56
Ada-MGAD-e2e-v2-c0onsettcn,6dbc908468d68fec4b671dcb8062a3fd12ea3276,experiments/p6/c1_supervision_oos/c1-supervision-oos-v1-seed42/train_cohort/cases.csv,325878,83ee698981272bfb1f89d1c2d9b1c2c622b63c419a08c251abde2bf7965821dd
Ada-MGAD-e2e-v2-c0onsettcn,6dbc908468d68fec4b671dcb8062a3fd12ea3276,experiments/p6/c1_supervision_oos/c1-supervision-oos-v1-seed42/train_cohort/completion_manifest.json,4746,b36dfaa5ba38bc741e318d8cb9e59e5f225324ff9cd3422b6040faff04634550
Ada-MGAD-e2e-v2-c0onsettcn,6dbc908468d68fec4b671dcb8062a3fd12ea3276,experiments/p6/c1_supervision_oos/c1-supervision-oos-v1-seed42/train_cohort/exclusions.csv,1760,3f5dc5665be94d84e76d3e1e3f84756ae4fdd00e2f42dc96eed7ac3de3941cd6
Ada-MGAD-e2e-v2-c0onsettcn,6dbc908468d68fec4b671dcb8062a3fd12ea3276,experiments/p6/c1_supervision_oos/c1-supervision-oos-v1-seed42/train_cohort/matching.csv,811460,5c3aa3085f03c2061af4e89e06f6a2f138e0bf69395e2deba438a61a643d8db4
Ada-MGAD-e2e-v2-c0onsettcn,6dbc908468d68fec4b671dcb8062a3fd12ea3276,experiments/p6/score_decomposition/classification/diagnosis_metrics.json,2093,60fe8440d8c42b2d3a842f7a7c7e4ae861c226ca622ae7eb1923b979c9d44a8e
Ada-MGAD-e2e-v2-c0onsettcn,6dbc908468d68fec4b671dcb8062a3fd12ea3276,experiments/p6/score_decomposition/classification/event_metrics.json,5147,f40cd2d1f1940bf80eeb298a9350fec848e7b4e64b8730999fb0ed37decd3827
Ada-MGAD-e2e-v2-c0onsettcn,6dbc908468d68fec4b671dcb8062a3fd12ea3276,experiments/p6/score_decomposition/classification/localization_metrics.json,28925,ceab500c6dee1d5d0fe39a18534c887edfc8355b6491b3535e12a44a423cd4f8
Ada-MGAD-e2e-v2-c0onsettcn,6dbc908468d68fec4b671dcb8062a3fd12ea3276,experiments/p6/score_decomposition/classification/rca_metrics.json,5581,d8416b903e9babb73045ae016fa7ef8fc20adf7e9c100a25c25d54b767eba99f
Ada-MGAD-e2e-v2-c0onsettcn,6dbc908468d68fec4b671dcb8062a3fd12ea3276,experiments/p6/score_decomposition/classification/threshold.json,1217,db3862ddb8e2b5d78cee4a4693cc7a5bc56919af20ef592134dbdd571bc6c56d
Ada-MGAD-e2e-v2-c0onsettcn,6dbc908468d68fec4b671dcb8062a3fd12ea3276,experiments/p6/score_decomposition/common_cases.csv,783153,0bb6bf3e435baf179c4cb1e1deda4bdc42c749d513865a3fcc50d4abf1bdb396
Ada-MGAD-e2e-v2-c0onsettcn,6dbc908468d68fec4b671dcb8062a3fd12ea3276,experiments/p6/score_decomposition/comparison.json,92985,ce6965fe10c1773e4c0021f8eb5cb1121e8c96a655067520d20d6dec3efb5190
Ada-MGAD-e2e-v2-c0onsettcn,6dbc908468d68fec4b671dcb8062a3fd12ea3276,experiments/p6/score_decomposition/fused/diagnosis_metrics.json,2085,77d6d3adbb2e76b49b41d16eafb56d4d020faae6d04e25be52ab2a0d209d101c
Ada-MGAD-e2e-v2-c0onsettcn,6dbc908468d68fec4b671dcb8062a3fd12ea3276,experiments/p6/score_decomposition/fused/event_metrics.json,5105,930173c6cec6c10880f6b375fbf363c1dc62988b836ba86c8c6c1ea4604e0bb6
Ada-MGAD-e2e-v2-c0onsettcn,6dbc908468d68fec4b671dcb8062a3fd12ea3276,experiments/p6/score_decomposition/fused/localization_metrics.json,29146,9b230dbaee9901ce3b9d9b8308a1e69e40b782e557611e8bee24239bdbb1c095
Ada-MGAD-e2e-v2-c0onsettcn,6dbc908468d68fec4b671dcb8062a3fd12ea3276,experiments/p6/score_decomposition/fused/rca_metrics.json,5617,d6489f7ed8c2c7563f990e58fdaa17e07feeccd7514f809a3a25c235b8abfb73
Ada-MGAD-e2e-v2-c0onsettcn,6dbc908468d68fec4b671dcb8062a3fd12ea3276,experiments/p6/score_decomposition/fused/threshold.json,1212,8b3b74d8d838c3303c9b2e6c32c25fe5549df0e78a93790caa59ac383ee5d741
Ada-MGAD-e2e-v2-c0onsettcn,6dbc908468d68fec4b671dcb8062a3fd12ea3276,experiments/p6/score_decomposition/label_identity_audit.json,1024,6652840bdf55c317b10d2ae4bf5223d6cde67a541688f5a13261b81d7b710010
Ada-MGAD-e2e-v2-c0onsettcn,6dbc908468d68fec4b671dcb8062a3fd12ea3276,experiments/p6/score_decomposition/manifest.json,7530,65ef6b0a85b907dbc378bafaf712732144a35e5280ae1ab44babb8125f1067ba
Ada-MGAD-e2e-v2-c0onsettcn,6dbc908468d68fec4b671dcb8062a3fd12ea3276,experiments/p6/score_decomposition/prediction_artifacts.json,1626,f552fde50da06bebf0b8aecd020e5e3825a52b279aef900154a419d04be38afc
Ada-MGAD-e2e-v2-c0onsettcn,6dbc908468d68fec4b671dcb8062a3fd12ea3276,experiments/p6/score_decomposition/rca/rca_feature_health.json,1806,015b06395de0fe6b2d6ae799629230ce37068ab119564842e319b9a333035493
Ada-MGAD-e2e-v2-c0onsettcn,6dbc908468d68fec4b671dcb8062a3fd12ea3276,experiments/p6/score_decomposition/rca/rca_feature_manifest.json,2831,7cb9ee84f4e2ce06db7a695027957b25ed69bbd9ccd3865bd2f17f0524c6669e
Ada-MGAD-e2e-v2-c0onsettcn,6dbc908468d68fec4b671dcb8062a3fd12ea3276,experiments/p6/score_decomposition/reconstruction/diagnosis_metrics.json,2069,1f5f35c7ef97acbf3b740dadc011627b5767f60e7933f7df2bbf53ff1888b4c9
Ada-MGAD-e2e-v2-c0onsettcn,6dbc908468d68fec4b671dcb8062a3fd12ea3276,experiments/p6/score_decomposition/reconstruction/event_metrics.json,5142,b54a64b01f5e3f9555d094b85787c1bfe94580121162f2a330781550375c61e4
Ada-MGAD-e2e-v2-c0onsettcn,6dbc908468d68fec4b671dcb8062a3fd12ea3276,experiments/p6/score_decomposition/reconstruction/localization_metrics.json,28269,d35901afceaeac0715266af6d0110c10e444bea83774f7228be90f7a35462b82
Ada-MGAD-e2e-v2-c0onsettcn,6dbc908468d68fec4b671dcb8062a3fd12ea3276,experiments/p6/score_decomposition/reconstruction/rca_metrics.json,5395,6f573174833b1afac5eba0d2eb9b10da85d498e0736d975e1324588575799b7f
Ada-MGAD-e2e-v2-c0onsettcn,6dbc908468d68fec4b671dcb8062a3fd12ea3276,experiments/p6/score_decomposition/reconstruction/threshold.json,1219,001fd77e80047ef147b1b4969420c9063280ea04a25df7a59c36328bcb367140
Ada-MGAD-e2e-v2-c0onsettcn,6dbc908468d68fec4b671dcb8062a3fd12ea3276,experiments/p6/score_decomposition/score_range.json,946,065dbfa7e5b3a6e53e2bc3493fd80448d9613d0b7043d15a314aa1e3f30a20b5
Ada-MGAD-e2e-v2-c0onsettcn,6dbc908468d68fec4b671dcb8062a3fd12ea3276,experiments/p6/score_decomposition/score_replay.json,4465,b292ac3e2b5640703cbda942a161ec5ac048fa0c0263ca15b72089b96385ac3d
Ada-MGAD-e2e-v2-c0onsettcn,6dbc908468d68fec4b671dcb8062a3fd12ea3276,experiments/p6/system_event_trigger/manifest.json,28509,cb222bb5c21d20d8a7546e8b1ee1b4882daaac5d4a397d0e07655fe646cf9794
Ada-MGAD-e2e-v2-c0onsettcn,6dbc908468d68fec4b671dcb8062a3fd12ea3276,experiments/p6/system_event_trigger/split_audit.json,12293,e5c60574f4c36ba5c7ebddbc869ede70f6f9aa83cf35c46fd611dbfba310463e
Ada-MGAD-e2e-v2-c0onsettcn,6dbc908468d68fec4b671dcb8062a3fd12ea3276,experiments/p6/system_event_trigger/split_manifest.json,8121,1cad441a2d207379ffd8838bc2d655e9c68f3e03b6f4f7e666413a0b33aca193
Ada-MGAD-e2e-v2-c0onsettcn,6dbc908468d68fec4b671dcb8062a3fd12ea3276,experiments/p6/system_event_trigger/test_metrics.json,14261,2968632cc4da1b807d976d8bb1c449f9d755cb1c15d2ee43bcd440b74946ce5b
Ada-MGAD-e2e-v2-c0onsettcn,6dbc908468d68fec4b671dcb8062a3fd12ea3276,experiments/p6/system_event_trigger/training_log.json,18166,fcd54effee28206a6cdc964458bedb98c17a26906b58497140e42b567150b48a
Ada-MGAD-e2e-v2-c0onsettcn,6dbc908468d68fec4b671dcb8062a3fd12ea3276,experiments/p6/system_event_trigger/validation_selection.json,21174,b5167c8d5df9cd9eebd7812cb76733799aa3f7829f3fe1a2c5cdb0ec51715a24
Ada-MGAD-e2e-v2-c0r2,472820c712a94105e28290a97270369f9d6a48c9,experiments/p6/c0f_failure_audit/c0f-correction-20260923T0755Z/analysis_validation.json,296,ad7a15071946ca8749cbfc26c134304b3771c8e610fe1b8b2bbb81c01767fdde
Ada-MGAD-e2e-v2-c0r2,472820c712a94105e28290a97270369f9d6a48c9,experiments/p6/c0f_failure_audit/c0f-correction-20260923T0755Z/audit_config.json,3064,6e66534cd7adb078d7342fd189a891d59e8dd1b9c893868cbf06f92c34c6c820
Ada-MGAD-e2e-v2-c0r2,472820c712a94105e28290a97270369f9d6a48c9,experiments/p6/c0f_failure_audit/c0f-correction-20260923T0755Z/capacity_summary.json,13508,aaa4fe3bc740aad3c1b97dac8a8c9224fcdc766b59e693f2b07a678139eccbda
Ada-MGAD-e2e-v2-c0r2,472820c712a94105e28290a97270369f9d6a48c9,experiments/p6/c0f_failure_audit/c0f-correction-20260923T0755Z/completion_manifest.json,76920,faabd0a5e6486a89c6e6e3cab1af8f146af6cdab9fe5e728c027f5d18f80745a
Ada-MGAD-e2e-v2-c0r2,472820c712a94105e28290a97270369f9d6a48c9,experiments/p6/c0f_failure_audit/c0f-correction-20260923T0755Z/confounding_tables.json,196447,676bf2913aefd265292b4d25c6c8fc11d9bec5813f5aebf9a3d7a6e49933487d
Ada-MGAD-e2e-v2-c0r2,472820c712a94105e28290a97270369f9d6a48c9,experiments/p6/c0f_failure_audit/c0f-correction-20260923T0755Z/correction_summary.json,1427,95cdd9d0c51a29a47d84b851a8dda40c3d56e877203793781c4701a6852db181
Ada-MGAD-e2e-v2-c0r2,472820c712a94105e28290a97270369f9d6a48c9,experiments/p6/c0f_failure_audit/c0f-correction-20260923T0755Z/decision.json,21910,3cdf539f1bfe2367c9e0e34430118a565645a293138e121970832cce7984c552
Ada-MGAD-e2e-v2-c0r2,472820c712a94105e28290a97270369f9d6a48c9,experiments/p6/c0f_failure_audit/c0f-correction-20260923T0755Z/evidence_ledger.json,7998,eaf1b0a9bb641e3dd59c540512f03a61a793b4ebb83c7115b19f86ac7318e1fe
Ada-MGAD-e2e-v2-c0r2,472820c712a94105e28290a97270369f9d6a48c9,experiments/p6/c0f_failure_audit/c0f-correction-20260923T0755Z/final_report.md,12767,cfac59ff1f3d4ac489a3c11b9670e43e3e8216999019e821d1711970fdfea656
Ada-MGAD-e2e-v2-c0r2,472820c712a94105e28290a97270369f9d6a48c9,experiments/p6/c0f_failure_audit/c0f-correction-20260923T0755Z/input_integrity_after.json,227,bc834dc3b45aa4814b8e27a6d7b15d88994488d574057dcf8e18c5647782c7e4
Ada-MGAD-e2e-v2-c0r2,472820c712a94105e28290a97270369f9d6a48c9,experiments/p6/c0f_failure_audit/c0f-correction-20260923T0755Z/input_manifest.json,1272,8a22a55fe1b951a78aa30fa6a185339f45235779a9b0c4a92852cc97f11fa972
Ada-MGAD-e2e-v2-c0r2,472820c712a94105e28290a97270369f9d6a48c9,experiments/p6/c0f_failure_audit/c0f-correction-20260923T0755Z/input_snapshot.json,254827,1fdc4e0e3b82c9849e7e965471ee4431621aa3b8b7d9ec86f7afbc0fa5b9b87f
Ada-MGAD-e2e-v2-c0r2,472820c712a94105e28290a97270369f9d6a48c9,experiments/p6/c0f_failure_audit/c0f-correction-20260923T0755Z/isolation_summary.json,46108,439b4311ae6cdeeb896971b52602928cd8f8f00581b1762b7dc199338eb8cdd9
Ada-MGAD-e2e-v2-c0r2,472820c712a94105e28290a97270369f9d6a48c9,experiments/p6/c0f_failure_audit/c0f-correction-20260923T0755Z/ledger_invariants.json,520,a497cd0e28dc4627d27a343038ecda70ff3e2cd2c7579674175c7b0c1ebe8ab3
Ada-MGAD-e2e-v2-c0r2,472820c712a94105e28290a97270369f9d6a48c9,experiments/p6/c0f_failure_audit/c0f-correction-20260923T0755Z/reuse_provenance.json,1297,5d40d373429d92073ad1f677ed930107abdcfec9973afa3fd940c00d79a6ad82
Ada-MGAD-e2e-v2-c0r2,472820c712a94105e28290a97270369f9d6a48c9,experiments/p6/c0f_failure_audit/c0f-correction-20260923T0755Z/run_state.json,70344,4f58cdf5cf3c06bcc2b8ea3b12a608c6c9287a8a996a4ae0007f2a3cede3fb78
Ada-MGAD-e2e-v2-c0r2,472820c712a94105e28290a97270369f9d6a48c9,experiments/p6/c0f_failure_audit/c0f-correction-20260923T0755Z/source_integrity.json,8617,ae61ded34933922feea8dad052f115aa50abf7c311593f0a49f47b5e73270e73
Ada-MGAD-e2e-v2-c0r2,472820c712a94105e28290a97270369f9d6a48c9,experiments/p6/c0f_failure_audit/c0f-correction-20260923T0755Z/source_snapshot.json,27487,808bb33502694359a809657c56db3bc4ecf1a67887e45ba4c7949e67009d17fe
Ada-MGAD-e2e-v2-c0r2,472820c712a94105e28290a97270369f9d6a48c9,experiments/p6/c0f_failure_audit/c0f-correction-20260923T0755Z/split_population_checks.json,968,e5cad5ac9211384da9c73c83304625bb4274585228b1b733edd92f4352dfd820
Ada-MGAD-e2e-v2-c0r2,472820c712a94105e28290a97270369f9d6a48c9,experiments/p6/c0f_failure_audit/c0f-correction-20260923T0755Z/stratified_summary.json,38692,c3d3148227ad27756001b6d6b7ba1fadb603e390741e29fad34fcb8292c4962e
Ada-MGAD-e2e-v2-c0r2,472820c712a94105e28290a97270369f9d6a48c9,experiments/p6/c0f_failure_audit/c0f-correction-20260923T0755Z/test_artifact_verification.json,1286,0385232d6ff22eb82747264c9bdf7a4d0f6b4112b40a5edc9675ec12ddd72282
Ada-MGAD-e2e-v2-c0r2,472820c712a94105e28290a97270369f9d6a48c9,experiments/p6/c0f_failure_audit/c0f-correction-20260923T0755Z/test_results.json,1478,001ef8cbe1e1997d6a608df763aefb994e5d99b6e932f97de0c4cf88b4aa504e
Ada-MGAD-e2e-v2-c0r2,472820c712a94105e28290a97270369f9d6a48c9,experiments/p6/c0f_failure_audit/c0f-correction-20260923T0755Z/validation_replay.json,1781,e802370c18a4bc38e497d3ab398705a0434f91bbe8c02dbf1710c7f1ad904360
Ada-MGAD-e2e-v2-c0r2,472820c712a94105e28290a97270369f9d6a48c9,experiments/p6/c0f_failure_audit/c0f-seed42-20260919T0700/audit_config.json,2705,078c633bc1097b558439d0bc247118bf079cdbc177eac2bbe26a83b628bbbf40
Ada-MGAD-e2e-v2-c0r2,472820c712a94105e28290a97270369f9d6a48c9,experiments/p6/c0f_failure_audit/c0f-seed42-20260919T0700/capacity_summary.json,12933,e479dfa5b2af41d141b4fd08ecbfa76a107148e57ade5e17eaa818b880821124
Ada-MGAD-e2e-v2-c0r2,472820c712a94105e28290a97270369f9d6a48c9,experiments/p6/c0f_failure_audit/c0f-seed42-20260919T0700/completion_manifest.json,16950,97e1fd3e34da06e7b64808b9f38372628c7007b9a2533c46582b50e5b7ace53a
Ada-MGAD-e2e-v2-c0r2,472820c712a94105e28290a97270369f9d6a48c9,experiments/p6/c0f_failure_audit/c0f-seed42-20260919T0700/confounding_tables.json,27744,bab17cda93dcb9747e23cd4519396edc2975e38bc31ed96e2ad3fc2d8fe5c9c6
Ada-MGAD-e2e-v2-c0r2,472820c712a94105e28290a97270369f9d6a48c9,experiments/p6/c0f_failure_audit/c0f-seed42-20260919T0700/decision.json,20118,9eb7ca1ee3c04c4b8fdc1d0a9a75b873add03bfce61b026f0e4abc9f55ba9493
Ada-MGAD-e2e-v2-c0r2,472820c712a94105e28290a97270369f9d6a48c9,experiments/p6/c0f_failure_audit/c0f-seed42-20260919T0700/evidence_ledger.json,5830,1eaca4aac0c592a5110acadb7681366ceba696f0fedc1803ec1c03379d16f90b
Ada-MGAD-e2e-v2-c0r2,472820c712a94105e28290a97270369f9d6a48c9,experiments/p6/c0f_failure_audit/c0f-seed42-20260919T0700/final_report.md,9472,563ac665ce2641c94e80a4bd12e124473956db1c49113eb60859ba4f6f2a291f
Ada-MGAD-e2e-v2-c0r2,472820c712a94105e28290a97270369f9d6a48c9,experiments/p6/c0f_failure_audit/c0f-seed42-20260919T0700/input_manifest.json,1267,cd5a7b02c8e78bb6021343dd2e76ca8d87819503afdecefc8cb80c5fcfdc48ef
Ada-MGAD-e2e-v2-c0r2,472820c712a94105e28290a97270369f9d6a48c9,experiments/p6/c0f_failure_audit/c0f-seed42-20260919T0700/ledger_invariants.json,520,a497cd0e28dc4627d27a343038ecda70ff3e2cd2c7579674175c7b0c1ebe8ab3
Ada-MGAD-e2e-v2-c0r2,472820c712a94105e28290a97270369f9d6a48c9,experiments/p6/c0f_failure_audit/c0f-seed42-20260919T0700/run_state.json,1983,5c81eb7dfb89d713ac40de4da60d8f9803b89ac1c6260ff9ca7a07e59fe40edc
Ada-MGAD-e2e-v2-c0r2,472820c712a94105e28290a97270369f9d6a48c9,experiments/p6/c0f_failure_audit/c0f-seed42-20260919T0700/source_integrity.json,4603,7507a5bb490607692a0c7e4065f1ba79e8cde8d67305f4d8f20638feb6228c8d
Ada-MGAD-e2e-v2-c0r2,472820c712a94105e28290a97270369f9d6a48c9,experiments/p6/c0f_failure_audit/c0f-seed42-20260919T0700/split_population_checks.json,968,e5cad5ac9211384da9c73c83304625bb4274585228b1b733edd92f4352dfd820
Ada-MGAD-e2e-v2-c0r2,472820c712a94105e28290a97270369f9d6a48c9,experiments/p6/c0f_failure_audit/c0f-seed42-20260919T0700/stratified_summary.json,35445,babde167b0390f10a20108026516463a250f74340fcd46c8729e386610f39b57
Ada-MGAD-e2e-v2-c0r2,472820c712a94105e28290a97270369f9d6a48c9,experiments/p6/c0f_failure_audit/c0f-seed42-20260919T0700/test_artifact_verification.json,1190,ccec4113e1846fd3509fc626a6cc14a7b64fe05ae31fa81c31bcf9ab68e22e28
Ada-MGAD-e2e-v2-c0r2,472820c712a94105e28290a97270369f9d6a48c9,experiments/p6/c0f_failure_audit/c0f-seed42-20260919T0700/validation_replay.json,1781,24ea8a62815c7c6172bac2e3e3a0f3bfc639b803fc8bbd28c17d9e33c98fb93f
Ada-MGAD-e2e-v2-c0r2,472820c712a94105e28290a97270369f9d6a48c9,experiments/p6/c0f_failure_audit/code-checks-20260923T075346Z/test_results.json,1175,51017a28cf2e25a31b463a4d5ead6ec19bc3062006a0f72ce40da0a60dbc43df
Ada-MGAD-e2e-v2-c0r2,472820c712a94105e28290a97270369f9d6a48c9,experiments/p6/c0r2_trainval_dev/positive-logit-rise-v1/results.json,4570,120be18023b2c9b018712557400e2fef59e98cc16bacb767d7e764ac4bab9755
Ada-MGAD-e2e-v2-c0r2,472820c712a94105e28290a97270369f9d6a48c9,experiments/p6/c0r2_trainval_dev/positive-logit-rise-v2/results.json,4986,773f05832dcefb568cc867f3eb716c3db2be234cf57d539ede7ca6a59b5dc9f0
Ada-MGAD-e2e-v2-c0r2,472820c712a94105e28290a97270369f9d6a48c9,experiments/p6/c0r3_equal_alert_control/c0r3-v1/results.json,125578,8b67a1ee118967c376335483df431e92987cc3b5a60343beebb0375079efbcca
Ada-MGAD-e2e-v2-c0r2,472820c712a94105e28290a97270369f9d6a48c9,experiments/p6/c1_feasibility/c1-g1-20260923T105441Z/feasibility_ledger.json,25618,80718e06a801f4a4cfac085eec999285a162b4e1ebf5afff082f17925a99b3da
Ada-MGAD-e2e-v2-c0r2,472820c712a94105e28290a97270369f9d6a48c9,experiments/p6/c1_feasibility/c1-g1-20260923T105441Z/final_report.md,8811,48c72507b5cc43f5254906be5e983547d584ca0a1a979a919e6e970112efbfc4
Ada-MGAD-e2e-v2-c0r2,472820c712a94105e28290a97270369f9d6a48c9,experiments/p6/c1_prefix_metric_audit/c1-fold1-metric-audit-v1-20260929/candidate_ledger.csv,729152,0b25bf30626055af55d6b35ab3fe9f8ff3a375b9023b9ade6bcc8f592923edf5
Ada-MGAD-e2e-v2-c0r2,472820c712a94105e28290a97270369f9d6a48c9,experiments/p6/c1_prefix_metric_audit/c1-fold1-metric-audit-v1-20260929/completion_manifest.json,2015,322e3bf69bd9aaa16b4b0b667a3fd98802175bdd91ec655585f7c97c765ef847
Ada-MGAD-e2e-v2-c0r2,472820c712a94105e28290a97270369f9d6a48c9,experiments/p6/c1_prefix_metric_audit/c1-fold1-metric-audit-v1-20260929/summary.json,2334,f951ebf8419d6499dfe3864e04b4c7f3ab04f258eb3c3d40a3f2ecc43623ae1a
Ada-MGAD-e2e-v2-c0r2,472820c712a94105e28290a97270369f9d6a48c9,experiments/p6/c1_protocol/c1-g2-py38-correction-20260924T0831Z/correction_manifest.json,2340,36a6406c80c0545f81e37f2cb4df0a1bbf5e341d5f92094631be487417f88a34
Ada-MGAD-e2e-v2-c0r2,472820c712a94105e28290a97270369f9d6a48c9,experiments/p6/c1_protocol/c1-g2-py38-correction-20260924T0831Z/correction_report.md,3511,757d796360596b4155d91f40ed3b29cb78cc547dba0ecff819ff1a5496a58857
Ada-MGAD-e2e-v2-c0r2,472820c712a94105e28290a97270369f9d6a48c9,experiments/p6/c1_protocol/c1-g2-v1-20260924/design_lock_report.md,2211,105b44683c01ffc8ef6eded385ec1dc3d6032415e40c58cdfd2815595c02a23f
Ada-MGAD-e2e-v2-c0r2,472820c712a94105e28290a97270369f9d6a48c9,experiments/p6/c1_protocol/c1-g2-v1-20260924/raw_content_manifest.json,1584322,03bdefc1ad817802a9f015a5cc07c71f5e8d625c66c5d5e9fbff31d0d5671718
Ada-MGAD-e2e-v2-c0r2,472820c712a94105e28290a97270369f9d6a48c9,experiments/p6/c1_supervision_oos/c1-supervision-oos-v1-seed42/evaluation/c1_results.json,1947819,d94b67c6631229c8994b491156d616a29062537fda6955bb9a44908609786b6c
Ada-MGAD-e2e-v2-c0r2,472820c712a94105e28290a97270369f9d6a48c9,experiments/p6/c1_supervision_oos/c1-supervision-oos-v1-seed42/evaluation/c2_failure_ledger.csv,1266920,2d7dd0703147a7f67d8e77b17f9be03be43b63baa733f7891b6f653852acef5c
Ada-MGAD-e2e-v2-c0r2,472820c712a94105e28290a97270369f9d6a48c9,experiments/p6/c1_supervision_oos/c1-supervision-oos-v1-seed42/evaluation/c2_failure_summary.json,669,382829e8258b95882ef741004ae2715a98cc01dcd53cc11229cc12abb48c2b95
Ada-MGAD-e2e-v2-c0r2,472820c712a94105e28290a97270369f9d6a48c9,experiments/p6/c1_supervision_oos/c1-supervision-oos-v1-seed42/evaluation/c2_full_diagnosis.json,17914,3b6635e497916cc0be7ba06f466772d1d884544d5819fa519714e3b1e2157beb
Ada-MGAD-e2e-v2-c0r2,472820c712a94105e28290a97270369f9d6a48c9,experiments/p6/c1_supervision_oos/c1-supervision-oos-v1-seed42/evaluation/c2_raw_matching.csv,1155905,986a55d59a6f809a0a6961d76eca5402624ae776bcbd170afb935a24862a09ab
Ada-MGAD-e2e-v2-c0r2,472820c712a94105e28290a97270369f9d6a48c9,experiments/p6/c1_supervision_oos/c1-supervision-oos-v1-seed42/evaluation/c2_stage1_reference.json,1754,104ca7578bd204131f5785fa27b9b97eb08470343f149742c74b83195f8e10c9
Ada-MGAD-e2e-v2-c0r2,472820c712a94105e28290a97270369f9d6a48c9,experiments/p6/c1_supervision_oos/c1-supervision-oos-v1-seed42/evaluation/completion_manifest.json,4210,c113bd2b18967e9f0fac4a227bed7c19e5659f6f13833ba4b21040a9a1b9730e
Ada-MGAD-e2e-v2-c0r2,472820c712a94105e28290a97270369f9d6a48c9,experiments/p6/c1_supervision_oos/c1-supervision-oos-v1-seed42/evaluation/oracle_a_diagnostic.json,269,d1838b5efefa11087fbbb6ecc9949740d6fbb0ece02316ec243e06cb1e4dc1ae
Ada-MGAD-e2e-v2-c0r2,472820c712a94105e28290a97270369f9d6a48c9,experiments/p6/c1_supervision_oos/c1-supervision-oos-v1-seed42/evaluation/oracle_a_rankings.csv,990811,5a7c9576a448ce7a2a9688a214626cc3176919305643f4e89e1dada7c899eec4
Ada-MGAD-e2e-v2-c0r2,472820c712a94105e28290a97270369f9d6a48c9,experiments/p6/c1_supervision_oos/c1-supervision-oos-v1-seed42/folds/fold_01/completion_manifest.json,9087,e5ee5d1ee7f825b18e7ef69f4764182284547d3940c77771855a40468c9b3d3c
Ada-MGAD-e2e-v2-c0r2,472820c712a94105e28290a97270369f9d6a48c9,experiments/p6/c1_supervision_oos/c1-supervision-oos-v1-seed42/folds/fold_01/detector/completion_manifest.json,4312,77f0e0bc4f07aad21799db077c09c3d657dc5c2c106d24460257742c33df5220
Ada-MGAD-e2e-v2-c0r2,472820c712a94105e28290a97270369f9d6a48c9,experiments/p6/c1_supervision_oos/c1-supervision-oos-v1-seed42/folds/fold_01/detector/generation_episodes.csv,106723,856797f52561e1fdc0a9a0e5ab00885ad5a0267d5ccf58f0d943e2bfde31f664
Ada-MGAD-e2e-v2-c0r2,472820c712a94105e28290a97270369f9d6a48c9,experiments/p6/c1_supervision_oos/c1-supervision-oos-v1-seed42/folds/fold_01/detector/generation_scores.csv,750379,6e6a1343939cfbe52c5ea0cf33aa8c7d44cd656c9e5e8641a4fc1f01f0ecb9bc
Ada-MGAD-e2e-v2-c0r2,472820c712a94105e28290a97270369f9d6a48c9,experiments/p6/c1_supervision_oos/c1-supervision-oos-v1-seed42/folds/fold_01/detector/selection.json,773,e96b42fda9f874a04866e984d36f9b32feb24cfabb9d0baf9dda72285fa85f45
Ada-MGAD-e2e-v2-c0r2,472820c712a94105e28290a97270369f9d6a48c9,experiments/p6/c1_supervision_oos/c1-supervision-oos-v1-seed42/folds/fold_01/detector/training_log.json,19221,64dd055eb00531ae43fcead33e103fc1ec55fb6f364518eaec53daae4829a026
Ada-MGAD-e2e-v2-c0r2,472820c712a94105e28290a97270369f9d6a48c9,experiments/p6/c1_supervision_oos/c1-supervision-oos-v1-seed42/folds/fold_02/completion_manifest.json,9096,51006c83a351a1794832be0f82fcee35bceeec0a2a1382df1c61b9e2dc7f252c
Ada-MGAD-e2e-v2-c0r2,472820c712a94105e28290a97270369f9d6a48c9,experiments/p6/c1_supervision_oos/c1-supervision-oos-v1-seed42/folds/fold_02/detector/completion_manifest.json,4281,1ac2392e356f0da8e56fd1c944fbc86f5492d882424d942eeb12523f81a4642b
Ada-MGAD-e2e-v2-c0r2,472820c712a94105e28290a97270369f9d6a48c9,experiments/p6/c1_supervision_oos/c1-supervision-oos-v1-seed42/folds/fold_02/detector/generation_episodes.csv,130039,237fa6eb7af28143ba38568ab9c19f5ee2cfb23c2fed25de2d680fd11ee7383a
Ada-MGAD-e2e-v2-c0r2,472820c712a94105e28290a97270369f9d6a48c9,experiments/p6/c1_supervision_oos/c1-supervision-oos-v1-seed42/folds/fold_02/detector/generation_scores.csv,753899,7abb1f0398658ada10897f17b4f271ff084f6b1daf1e9c1adeddfb667eb3b02f
Ada-MGAD-e2e-v2-c0r2,472820c712a94105e28290a97270369f9d6a48c9,experiments/p6/c1_supervision_oos/c1-supervision-oos-v1-seed42/folds/fold_02/detector/selection.json,741,3449a63b37f5184f9fbd86888843d6e9d8605c3b0b6502635528ff139fd3db3f
Ada-MGAD-e2e-v2-c0r2,472820c712a94105e28290a97270369f9d6a48c9,experiments/p6/c1_supervision_oos/c1-supervision-oos-v1-seed42/folds/fold_02/detector/training_log.json,12434,9cb70fe0d388f2f964a539d9c9d21608b6aa8c710a5b097f0f71fbf27162458b
Ada-MGAD-e2e-v2-c0r2,472820c712a94105e28290a97270369f9d6a48c9,experiments/p6/c1_supervision_oos/c1-supervision-oos-v1-seed42/folds/fold_03/completion_manifest.json,9096,a965256b6152dc4310918aa48ce7fe893ed5207d7c5022101ae3dfa818034934
Ada-MGAD-e2e-v2-c0r2,472820c712a94105e28290a97270369f9d6a48c9,experiments/p6/c1_supervision_oos/c1-supervision-oos-v1-seed42/folds/fold_03/detector/completion_manifest.json,4300,1e94bc29015731fe875de21506a2ad16589ef7a5dce77bf00d3fb16d66c15d56
Ada-MGAD-e2e-v2-c0r2,472820c712a94105e28290a97270369f9d6a48c9,experiments/p6/c1_supervision_oos/c1-supervision-oos-v1-seed42/folds/fold_03/detector/generation_episodes.csv,125838,6519b6f514e75972054b3d458c4dcb9320e6c4e3bfcf65a68bb8a3af7282fb05
Ada-MGAD-e2e-v2-c0r2,472820c712a94105e28290a97270369f9d6a48c9,experiments/p6/c1_supervision_oos/c1-supervision-oos-v1-seed42/folds/fold_03/detector/generation_scores.csv,753500,3756b817680de25addd174fc2a60ebc9c934ac3ec5fdac1bbc8484de080d117f
Ada-MGAD-e2e-v2-c0r2,472820c712a94105e28290a97270369f9d6a48c9,experiments/p6/c1_supervision_oos/c1-supervision-oos-v1-seed42/folds/fold_03/detector/selection.json,760,f73355c10d70746fffafaf12a3f8bf8bccdbfa4c85d0ea3110e630e73f3b40e8
Ada-MGAD-e2e-v2-c0r2,472820c712a94105e28290a97270369f9d6a48c9,experiments/p6/c1_supervision_oos/c1-supervision-oos-v1-seed42/folds/fold_03/detector/training_log.json,12517,971f380db43fd6bb6f0d62044007ee0e865a6d94815d31dedca0e533c645006d
Ada-MGAD-e2e-v2-c0r2,472820c712a94105e28290a97270369f9d6a48c9,experiments/p6/c1_supervision_oos/c1-supervision-oos-v1-seed42/g1_static/completion_manifest.json,5866,935abdc91db5fa1ddba7cb26455508433dace34c11ffa92087243f2ee7afab23
Ada-MGAD-e2e-v2-c0r2,472820c712a94105e28290a97270369f9d6a48c9,experiments/p6/c1_supervision_oos/c1-supervision-oos-v1-seed42/g1_static/fold_manifest.json,11117,017d4b2e87d737ee7d1f3f729a63fed4775e9e8181ec04214ddda6883310d4e5
Ada-MGAD-e2e-v2-c0r2,472820c712a94105e28290a97270369f9d6a48c9,experiments/p6/c1_supervision_oos/c1-supervision-oos-v1-seed42/g1_static/input_manifest.json,7333,a316f306e8b117b8aa9739b468c39f4cd6523310b48ad02f83f2c2f346abd3a1
Ada-MGAD-e2e-v2-c0r2,472820c712a94105e28290a97270369f9d6a48c9,experiments/p6/c1_supervision_oos/c1-supervision-oos-v1-seed42/g1_static/integrity_report.md,1692,2afcab0765547b1e0d75aa464eff2e98e3029e857eceef1435718078395ace22
Ada-MGAD-e2e-v2-c0r2,472820c712a94105e28290a97270369f9d6a48c9,experiments/p6/c1_supervision_oos/c1-supervision-oos-v1-seed42/g1_static/static_population.json,1545,83a5e20726f20866060bd7014784687d3860b0ccc63a76c6c0820817b311f7eb
Ada-MGAD-e2e-v2-c0r2,472820c712a94105e28290a97270369f9d6a48c9,experiments/p6/c1_supervision_oos/c1-supervision-oos-v1-seed42/predictions/completion_manifest.json,3671,19777b7f4656f3e8b360e1ecb618dc5d0dc8a0e63a15df59596a1d87be746216
Ada-MGAD-e2e-v2-c0r2,472820c712a94105e28290a97270369f9d6a48c9,experiments/p6/c1_supervision_oos/c1-supervision-oos-v1-seed42/predictions/prediction_lock.json,6883,ee9500730e7b982557de31d9fd138c13e09e5af397b11354e88b305f0233c967
Ada-MGAD-e2e-v2-c0r2,472820c712a94105e28290a97270369f9d6a48c9,experiments/p6/c1_supervision_oos/c1-supervision-oos-v1-seed42/predictions/scope_rankings.csv,1596904,b444a4d92c601430b79a3fee5e6fcddc97c3a8573cd20bd0c16a828d5bf6a650
Ada-MGAD-e2e-v2-c0r2,472820c712a94105e28290a97270369f9d6a48c9,experiments/p6/c1_supervision_oos/c1-supervision-oos-v1-seed42/rca/arm_b.json,753,2ba84aa9ec52b488db82b2dadce049c9c0105f2147176ff5716ba4d15ee8a4c7
Ada-MGAD-e2e-v2-c0r2,472820c712a94105e28290a97270369f9d6a48c9,experiments/p6/c1_supervision_oos/c1-supervision-oos-v1-seed42/rca/arm_c.json,752,6132941dd09f098a4c711c954ddec473eac11de63f5b094586413d95d7e6ca27
Ada-MGAD-e2e-v2-c0r2,472820c712a94105e28290a97270369f9d6a48c9,experiments/p6/c1_supervision_oos/c1-supervision-oos-v1-seed42/rca/completion_manifest.json,3538,2e446855d9e9cff34c684e8472d7510d1deb3cf5849aa9d8461e7d456127e9b0
Ada-MGAD-e2e-v2-c0r2,472820c712a94105e28290a97270369f9d6a48c9,experiments/p6/c1_supervision_oos/c1-supervision-oos-v1-seed42/run_lock.json,6331,0b5a2b649c31305eec88d631f2d57ef2a45a7d4d643d861478b3a11d620c9c56
Ada-MGAD-e2e-v2-c0r2,472820c712a94105e28290a97270369f9d6a48c9,experiments/p6/c1_supervision_oos/c1-supervision-oos-v1-seed42/train_cohort/cases.csv,325878,83ee698981272bfb1f89d1c2d9b1c2c622b63c419a08c251abde2bf7965821dd
Ada-MGAD-e2e-v2-c0r2,472820c712a94105e28290a97270369f9d6a48c9,experiments/p6/c1_supervision_oos/c1-supervision-oos-v1-seed42/train_cohort/completion_manifest.json,4746,b36dfaa5ba38bc741e318d8cb9e59e5f225324ff9cd3422b6040faff04634550
Ada-MGAD-e2e-v2-c0r2,472820c712a94105e28290a97270369f9d6a48c9,experiments/p6/c1_supervision_oos/c1-supervision-oos-v1-seed42/train_cohort/exclusions.csv,1760,3f5dc5665be94d84e76d3e1e3f84756ae4fdd00e2f42dc96eed7ac3de3941cd6
Ada-MGAD-e2e-v2-c0r2,472820c712a94105e28290a97270369f9d6a48c9,experiments/p6/c1_supervision_oos/c1-supervision-oos-v1-seed42/train_cohort/matching.csv,811460,5c3aa3085f03c2061af4e89e06f6a2f138e0bf69395e2deba438a61a643d8db4
Ada-MGAD-e2e-v2-c0r2,472820c712a94105e28290a97270369f9d6a48c9,experiments/p6/score_decomposition/classification/diagnosis_metrics.json,2093,60fe8440d8c42b2d3a842f7a7c7e4ae861c226ca622ae7eb1923b979c9d44a8e
Ada-MGAD-e2e-v2-c0r2,472820c712a94105e28290a97270369f9d6a48c9,experiments/p6/score_decomposition/classification/event_metrics.json,5147,f40cd2d1f1940bf80eeb298a9350fec848e7b4e64b8730999fb0ed37decd3827
Ada-MGAD-e2e-v2-c0r2,472820c712a94105e28290a97270369f9d6a48c9,experiments/p6/score_decomposition/classification/localization_metrics.json,28925,ceab500c6dee1d5d0fe39a18534c887edfc8355b6491b3535e12a44a423cd4f8
Ada-MGAD-e2e-v2-c0r2,472820c712a94105e28290a97270369f9d6a48c9,experiments/p6/score_decomposition/classification/rca_metrics.json,5581,d8416b903e9babb73045ae016fa7ef8fc20adf7e9c100a25c25d54b767eba99f
Ada-MGAD-e2e-v2-c0r2,472820c712a94105e28290a97270369f9d6a48c9,experiments/p6/score_decomposition/classification/threshold.json,1217,db3862ddb8e2b5d78cee4a4693cc7a5bc56919af20ef592134dbdd571bc6c56d
Ada-MGAD-e2e-v2-c0r2,472820c712a94105e28290a97270369f9d6a48c9,experiments/p6/score_decomposition/common_cases.csv,783153,0bb6bf3e435baf179c4cb1e1deda4bdc42c749d513865a3fcc50d4abf1bdb396
Ada-MGAD-e2e-v2-c0r2,472820c712a94105e28290a97270369f9d6a48c9,experiments/p6/score_decomposition/comparison.json,92985,ce6965fe10c1773e4c0021f8eb5cb1121e8c96a655067520d20d6dec3efb5190
Ada-MGAD-e2e-v2-c0r2,472820c712a94105e28290a97270369f9d6a48c9,experiments/p6/score_decomposition/fused/diagnosis_metrics.json,2085,77d6d3adbb2e76b49b41d16eafb56d4d020faae6d04e25be52ab2a0d209d101c
Ada-MGAD-e2e-v2-c0r2,472820c712a94105e28290a97270369f9d6a48c9,experiments/p6/score_decomposition/fused/event_metrics.json,5105,930173c6cec6c10880f6b375fbf363c1dc62988b836ba86c8c6c1ea4604e0bb6
Ada-MGAD-e2e-v2-c0r2,472820c712a94105e28290a97270369f9d6a48c9,experiments/p6/score_decomposition/fused/localization_metrics.json,29146,9b230dbaee9901ce3b9d9b8308a1e69e40b782e557611e8bee24239bdbb1c095
Ada-MGAD-e2e-v2-c0r2,472820c712a94105e28290a97270369f9d6a48c9,experiments/p6/score_decomposition/fused/rca_metrics.json,5617,d6489f7ed8c2c7563f990e58fdaa17e07feeccd7514f809a3a25c235b8abfb73
Ada-MGAD-e2e-v2-c0r2,472820c712a94105e28290a97270369f9d6a48c9,experiments/p6/score_decomposition/fused/threshold.json,1212,8b3b74d8d838c3303c9b2e6c32c25fe5549df0e78a93790caa59ac383ee5d741
Ada-MGAD-e2e-v2-c0r2,472820c712a94105e28290a97270369f9d6a48c9,experiments/p6/score_decomposition/label_identity_audit.json,1024,6652840bdf55c317b10d2ae4bf5223d6cde67a541688f5a13261b81d7b710010
Ada-MGAD-e2e-v2-c0r2,472820c712a94105e28290a97270369f9d6a48c9,experiments/p6/score_decomposition/manifest.json,7530,65ef6b0a85b907dbc378bafaf712732144a35e5280ae1ab44babb8125f1067ba
Ada-MGAD-e2e-v2-c0r2,472820c712a94105e28290a97270369f9d6a48c9,experiments/p6/score_decomposition/prediction_artifacts.json,1626,f552fde50da06bebf0b8aecd020e5e3825a52b279aef900154a419d04be38afc
Ada-MGAD-e2e-v2-c0r2,472820c712a94105e28290a97270369f9d6a48c9,experiments/p6/score_decomposition/rca/rca_feature_health.json,1806,015b06395de0fe6b2d6ae799629230ce37068ab119564842e319b9a333035493
Ada-MGAD-e2e-v2-c0r2,472820c712a94105e28290a97270369f9d6a48c9,experiments/p6/score_decomposition/rca/rca_feature_manifest.json,2831,7cb9ee84f4e2ce06db7a695027957b25ed69bbd9ccd3865bd2f17f0524c6669e
Ada-MGAD-e2e-v2-c0r2,472820c712a94105e28290a97270369f9d6a48c9,experiments/p6/score_decomposition/reconstruction/diagnosis_metrics.json,2069,1f5f35c7ef97acbf3b740dadc011627b5767f60e7933f7df2bbf53ff1888b4c9
Ada-MGAD-e2e-v2-c0r2,472820c712a94105e28290a97270369f9d6a48c9,experiments/p6/score_decomposition/reconstruction/event_metrics.json,5142,b54a64b01f5e3f9555d094b85787c1bfe94580121162f2a330781550375c61e4
Ada-MGAD-e2e-v2-c0r2,472820c712a94105e28290a97270369f9d6a48c9,experiments/p6/score_decomposition/reconstruction/localization_metrics.json,28269,d35901afceaeac0715266af6d0110c10e444bea83774f7228be90f7a35462b82
Ada-MGAD-e2e-v2-c0r2,472820c712a94105e28290a97270369f9d6a48c9,experiments/p6/score_decomposition/reconstruction/rca_metrics.json,5395,6f573174833b1afac5eba0d2eb9b10da85d498e0736d975e1324588575799b7f
Ada-MGAD-e2e-v2-c0r2,472820c712a94105e28290a97270369f9d6a48c9,experiments/p6/score_decomposition/reconstruction/threshold.json,1219,001fd77e80047ef147b1b4969420c9063280ea04a25df7a59c36328bcb367140
Ada-MGAD-e2e-v2-c0r2,472820c712a94105e28290a97270369f9d6a48c9,experiments/p6/score_decomposition/score_range.json,946,065dbfa7e5b3a6e53e2bc3493fd80448d9613d0b7043d15a314aa1e3f30a20b5
Ada-MGAD-e2e-v2-c0r2,472820c712a94105e28290a97270369f9d6a48c9,experiments/p6/score_decomposition/score_replay.json,4465,b292ac3e2b5640703cbda942a161ec5ac048fa0c0263ca15b72089b96385ac3d
Ada-MGAD-e2e-v2-c0r2,472820c712a94105e28290a97270369f9d6a48c9,experiments/p6/system_event_trigger/manifest.json,28509,cb222bb5c21d20d8a7546e8b1ee1b4882daaac5d4a397d0e07655fe646cf9794
Ada-MGAD-e2e-v2-c0r2,472820c712a94105e28290a97270369f9d6a48c9,experiments/p6/system_event_trigger/split_audit.json,12293,e5c60574f4c36ba5c7ebddbc869ede70f6f9aa83cf35c46fd611dbfba310463e
Ada-MGAD-e2e-v2-c0r2,472820c712a94105e28290a97270369f9d6a48c9,experiments/p6/system_event_trigger/split_manifest.json,8121,1cad441a2d207379ffd8838bc2d655e9c68f3e03b6f4f7e666413a0b33aca193
Ada-MGAD-e2e-v2-c0r2,472820c712a94105e28290a97270369f9d6a48c9,experiments/p6/system_event_trigger/test_metrics.json,14261,2968632cc4da1b807d976d8bb1c449f9d755cb1c15d2ee43bcd440b74946ce5b
Ada-MGAD-e2e-v2-c0r2,472820c712a94105e28290a97270369f9d6a48c9,experiments/p6/system_event_trigger/training_log.json,18166,fcd54effee28206a6cdc964458bedb98c17a26906b58497140e42b567150b48a
Ada-MGAD-e2e-v2-c0r2,472820c712a94105e28290a97270369f9d6a48c9,experiments/p6/system_event_trigger/validation_selection.json,21174,b5167c8d5df9cd9eebd7812cb76733799aa3f7829f3fe1a2c5cdb0ec51715a24
Ada-MGAD-e2e-v2-c0raw,f0f2815c58285a8e62a743cdf5015e7e6d2a8873,experiments/p6/c0_raw_onset_observability/raw-onset-v1/fit_clean_events.csv,519986,b42d0a714339ffb1f8bf07294a5fa822c48893f58bfe0475d60ab86a7aa0404a
Ada-MGAD-e2e-v2-c0raw,f0f2815c58285a8e62a743cdf5015e7e6d2a8873,experiments/p6/c0_raw_onset_observability/raw-onset-v1/fit_pseudo_onsets.csv,70246,b36db52779b7a745a4e47c5cf4d686b1dea0a53be2a453debdbba61e1d45f531
Ada-MGAD-e2e-v2-c0raw,f0f2815c58285a8e62a743cdf5015e7e6d2a8873,experiments/p6/c0_raw_onset_observability/raw-onset-v1/results.json,20440,2d8b1882fdb9a9310f9b74f848adc54033654d3a27a7ef707f609d84957d1378
Ada-MGAD-e2e-v2-c0raw,f0f2815c58285a8e62a743cdf5015e7e6d2a8873,experiments/p6/c0_raw_onset_observability/raw-onset-v1/validation_clean_events.csv,171016,e9715164e6b527b0570aa2ed35a4281f0847910a8356e7bcad8b53e3796181a1
Ada-MGAD-e2e-v2-c0raw,f0f2815c58285a8e62a743cdf5015e7e6d2a8873,experiments/p6/c0_raw_onset_observability/raw-onset-v1/validation_pseudo_onsets.csv,47187,53eb1bdcf265069cca9079495d92aae7f88415475312bdaf6da8d8e0a39dff10
Ada-MGAD-e2e-v2-c0raw,f0f2815c58285a8e62a743cdf5015e7e6d2a8873,experiments/p6/c0f_failure_audit/c0f-correction-20260923T0755Z/analysis_validation.json,296,ad7a15071946ca8749cbfc26c134304b3771c8e610fe1b8b2bbb81c01767fdde
Ada-MGAD-e2e-v2-c0raw,f0f2815c58285a8e62a743cdf5015e7e6d2a8873,experiments/p6/c0f_failure_audit/c0f-correction-20260923T0755Z/audit_config.json,3064,6e66534cd7adb078d7342fd189a891d59e8dd1b9c893868cbf06f92c34c6c820
Ada-MGAD-e2e-v2-c0raw,f0f2815c58285a8e62a743cdf5015e7e6d2a8873,experiments/p6/c0f_failure_audit/c0f-correction-20260923T0755Z/capacity_summary.json,13508,aaa4fe3bc740aad3c1b97dac8a8c9224fcdc766b59e693f2b07a678139eccbda
Ada-MGAD-e2e-v2-c0raw,f0f2815c58285a8e62a743cdf5015e7e6d2a8873,experiments/p6/c0f_failure_audit/c0f-correction-20260923T0755Z/completion_manifest.json,76920,faabd0a5e6486a89c6e6e3cab1af8f146af6cdab9fe5e728c027f5d18f80745a
Ada-MGAD-e2e-v2-c0raw,f0f2815c58285a8e62a743cdf5015e7e6d2a8873,experiments/p6/c0f_failure_audit/c0f-correction-20260923T0755Z/confounding_tables.json,196447,676bf2913aefd265292b4d25c6c8fc11d9bec5813f5aebf9a3d7a6e49933487d
Ada-MGAD-e2e-v2-c0raw,f0f2815c58285a8e62a743cdf5015e7e6d2a8873,experiments/p6/c0f_failure_audit/c0f-correction-20260923T0755Z/correction_summary.json,1427,95cdd9d0c51a29a47d84b851a8dda40c3d56e877203793781c4701a6852db181
Ada-MGAD-e2e-v2-c0raw,f0f2815c58285a8e62a743cdf5015e7e6d2a8873,experiments/p6/c0f_failure_audit/c0f-correction-20260923T0755Z/decision.json,21910,3cdf539f1bfe2367c9e0e34430118a565645a293138e121970832cce7984c552
Ada-MGAD-e2e-v2-c0raw,f0f2815c58285a8e62a743cdf5015e7e6d2a8873,experiments/p6/c0f_failure_audit/c0f-correction-20260923T0755Z/evidence_ledger.json,7998,eaf1b0a9bb641e3dd59c540512f03a61a793b4ebb83c7115b19f86ac7318e1fe
Ada-MGAD-e2e-v2-c0raw,f0f2815c58285a8e62a743cdf5015e7e6d2a8873,experiments/p6/c0f_failure_audit/c0f-correction-20260923T0755Z/final_report.md,12767,cfac59ff1f3d4ac489a3c11b9670e43e3e8216999019e821d1711970fdfea656
Ada-MGAD-e2e-v2-c0raw,f0f2815c58285a8e62a743cdf5015e7e6d2a8873,experiments/p6/c0f_failure_audit/c0f-correction-20260923T0755Z/input_integrity_after.json,227,bc834dc3b45aa4814b8e27a6d7b15d88994488d574057dcf8e18c5647782c7e4
Ada-MGAD-e2e-v2-c0raw,f0f2815c58285a8e62a743cdf5015e7e6d2a8873,experiments/p6/c0f_failure_audit/c0f-correction-20260923T0755Z/input_manifest.json,1272,8a22a55fe1b951a78aa30fa6a185339f45235779a9b0c4a92852cc97f11fa972
Ada-MGAD-e2e-v2-c0raw,f0f2815c58285a8e62a743cdf5015e7e6d2a8873,experiments/p6/c0f_failure_audit/c0f-correction-20260923T0755Z/input_snapshot.json,254827,1fdc4e0e3b82c9849e7e965471ee4431621aa3b8b7d9ec86f7afbc0fa5b9b87f
Ada-MGAD-e2e-v2-c0raw,f0f2815c58285a8e62a743cdf5015e7e6d2a8873,experiments/p6/c0f_failure_audit/c0f-correction-20260923T0755Z/isolation_summary.json,46108,439b4311ae6cdeeb896971b52602928cd8f8f00581b1762b7dc199338eb8cdd9
Ada-MGAD-e2e-v2-c0raw,f0f2815c58285a8e62a743cdf5015e7e6d2a8873,experiments/p6/c0f_failure_audit/c0f-correction-20260923T0755Z/ledger_invariants.json,520,a497cd0e28dc4627d27a343038ecda70ff3e2cd2c7579674175c7b0c1ebe8ab3
Ada-MGAD-e2e-v2-c0raw,f0f2815c58285a8e62a743cdf5015e7e6d2a8873,experiments/p6/c0f_failure_audit/c0f-correction-20260923T0755Z/reuse_provenance.json,1297,5d40d373429d92073ad1f677ed930107abdcfec9973afa3fd940c00d79a6ad82
Ada-MGAD-e2e-v2-c0raw,f0f2815c58285a8e62a743cdf5015e7e6d2a8873,experiments/p6/c0f_failure_audit/c0f-correction-20260923T0755Z/run_state.json,70344,4f58cdf5cf3c06bcc2b8ea3b12a608c6c9287a8a996a4ae0007f2a3cede3fb78
Ada-MGAD-e2e-v2-c0raw,f0f2815c58285a8e62a743cdf5015e7e6d2a8873,experiments/p6/c0f_failure_audit/c0f-correction-20260923T0755Z/source_integrity.json,8617,ae61ded34933922feea8dad052f115aa50abf7c311593f0a49f47b5e73270e73
Ada-MGAD-e2e-v2-c0raw,f0f2815c58285a8e62a743cdf5015e7e6d2a8873,experiments/p6/c0f_failure_audit/c0f-correction-20260923T0755Z/source_snapshot.json,27487,808bb33502694359a809657c56db3bc4ecf1a67887e45ba4c7949e67009d17fe
Ada-MGAD-e2e-v2-c0raw,f0f2815c58285a8e62a743cdf5015e7e6d2a8873,experiments/p6/c0f_failure_audit/c0f-correction-20260923T0755Z/split_population_checks.json,968,e5cad5ac9211384da9c73c83304625bb4274585228b1b733edd92f4352dfd820
Ada-MGAD-e2e-v2-c0raw,f0f2815c58285a8e62a743cdf5015e7e6d2a8873,experiments/p6/c0f_failure_audit/c0f-correction-20260923T0755Z/stratified_summary.json,38692,c3d3148227ad27756001b6d6b7ba1fadb603e390741e29fad34fcb8292c4962e
Ada-MGAD-e2e-v2-c0raw,f0f2815c58285a8e62a743cdf5015e7e6d2a8873,experiments/p6/c0f_failure_audit/c0f-correction-20260923T0755Z/test_artifact_verification.json,1286,0385232d6ff22eb82747264c9bdf7a4d0f6b4112b40a5edc9675ec12ddd72282
Ada-MGAD-e2e-v2-c0raw,f0f2815c58285a8e62a743cdf5015e7e6d2a8873,experiments/p6/c0f_failure_audit/c0f-correction-20260923T0755Z/test_results.json,1478,001ef8cbe1e1997d6a608df763aefb994e5d99b6e932f97de0c4cf88b4aa504e
Ada-MGAD-e2e-v2-c0raw,f0f2815c58285a8e62a743cdf5015e7e6d2a8873,experiments/p6/c0f_failure_audit/c0f-correction-20260923T0755Z/validation_replay.json,1781,e802370c18a4bc38e497d3ab398705a0434f91bbe8c02dbf1710c7f1ad904360
Ada-MGAD-e2e-v2-c0raw,f0f2815c58285a8e62a743cdf5015e7e6d2a8873,experiments/p6/c0f_failure_audit/c0f-seed42-20260919T0700/audit_config.json,2705,078c633bc1097b558439d0bc247118bf079cdbc177eac2bbe26a83b628bbbf40
Ada-MGAD-e2e-v2-c0raw,f0f2815c58285a8e62a743cdf5015e7e6d2a8873,experiments/p6/c0f_failure_audit/c0f-seed42-20260919T0700/capacity_summary.json,12933,e479dfa5b2af41d141b4fd08ecbfa76a107148e57ade5e17eaa818b880821124
Ada-MGAD-e2e-v2-c0raw,f0f2815c58285a8e62a743cdf5015e7e6d2a8873,experiments/p6/c0f_failure_audit/c0f-seed42-20260919T0700/completion_manifest.json,16950,97e1fd3e34da06e7b64808b9f38372628c7007b9a2533c46582b50e5b7ace53a
Ada-MGAD-e2e-v2-c0raw,f0f2815c58285a8e62a743cdf5015e7e6d2a8873,experiments/p6/c0f_failure_audit/c0f-seed42-20260919T0700/confounding_tables.json,27744,bab17cda93dcb9747e23cd4519396edc2975e38bc31ed96e2ad3fc2d8fe5c9c6
Ada-MGAD-e2e-v2-c0raw,f0f2815c58285a8e62a743cdf5015e7e6d2a8873,experiments/p6/c0f_failure_audit/c0f-seed42-20260919T0700/decision.json,20118,9eb7ca1ee3c04c4b8fdc1d0a9a75b873add03bfce61b026f0e4abc9f55ba9493
Ada-MGAD-e2e-v2-c0raw,f0f2815c58285a8e62a743cdf5015e7e6d2a8873,experiments/p6/c0f_failure_audit/c0f-seed42-20260919T0700/evidence_ledger.json,5830,1eaca4aac0c592a5110acadb7681366ceba696f0fedc1803ec1c03379d16f90b
Ada-MGAD-e2e-v2-c0raw,f0f2815c58285a8e62a743cdf5015e7e6d2a8873,experiments/p6/c0f_failure_audit/c0f-seed42-20260919T0700/final_report.md,9472,563ac665ce2641c94e80a4bd12e124473956db1c49113eb60859ba4f6f2a291f
Ada-MGAD-e2e-v2-c0raw,f0f2815c58285a8e62a743cdf5015e7e6d2a8873,experiments/p6/c0f_failure_audit/c0f-seed42-20260919T0700/input_manifest.json,1267,cd5a7b02c8e78bb6021343dd2e76ca8d87819503afdecefc8cb80c5fcfdc48ef
Ada-MGAD-e2e-v2-c0raw,f0f2815c58285a8e62a743cdf5015e7e6d2a8873,experiments/p6/c0f_failure_audit/c0f-seed42-20260919T0700/ledger_invariants.json,520,a497cd0e28dc4627d27a343038ecda70ff3e2cd2c7579674175c7b0c1ebe8ab3
Ada-MGAD-e2e-v2-c0raw,f0f2815c58285a8e62a743cdf5015e7e6d2a8873,experiments/p6/c0f_failure_audit/c0f-seed42-20260919T0700/run_state.json,1983,5c81eb7dfb89d713ac40de4da60d8f9803b89ac1c6260ff9ca7a07e59fe40edc
Ada-MGAD-e2e-v2-c0raw,f0f2815c58285a8e62a743cdf5015e7e6d2a8873,experiments/p6/c0f_failure_audit/c0f-seed42-20260919T0700/source_integrity.json,4603,7507a5bb490607692a0c7e4065f1ba79e8cde8d67305f4d8f20638feb6228c8d
Ada-MGAD-e2e-v2-c0raw,f0f2815c58285a8e62a743cdf5015e7e6d2a8873,experiments/p6/c0f_failure_audit/c0f-seed42-20260919T0700/split_population_checks.json,968,e5cad5ac9211384da9c73c83304625bb4274585228b1b733edd92f4352dfd820
Ada-MGAD-e2e-v2-c0raw,f0f2815c58285a8e62a743cdf5015e7e6d2a8873,experiments/p6/c0f_failure_audit/c0f-seed42-20260919T0700/stratified_summary.json,35445,babde167b0390f10a20108026516463a250f74340fcd46c8729e386610f39b57
Ada-MGAD-e2e-v2-c0raw,f0f2815c58285a8e62a743cdf5015e7e6d2a8873,experiments/p6/c0f_failure_audit/c0f-seed42-20260919T0700/test_artifact_verification.json,1190,ccec4113e1846fd3509fc626a6cc14a7b64fe05ae31fa81c31bcf9ab68e22e28
Ada-MGAD-e2e-v2-c0raw,f0f2815c58285a8e62a743cdf5015e7e6d2a8873,experiments/p6/c0f_failure_audit/c0f-seed42-20260919T0700/validation_replay.json,1781,24ea8a62815c7c6172bac2e3e3a0f3bfc639b803fc8bbd28c17d9e33c98fb93f
Ada-MGAD-e2e-v2-c0raw,f0f2815c58285a8e62a743cdf5015e7e6d2a8873,experiments/p6/c0f_failure_audit/code-checks-20260923T075346Z/test_results.json,1175,51017a28cf2e25a31b463a4d5ead6ec19bc3062006a0f72ce40da0a60dbc43df
Ada-MGAD-e2e-v2-c0raw,f0f2815c58285a8e62a743cdf5015e7e6d2a8873,experiments/p6/c0r2_trainval_dev/positive-logit-rise-v2/results.json,4986,773f05832dcefb568cc867f3eb716c3db2be234cf57d539ede7ca6a59b5dc9f0
Ada-MGAD-e2e-v2-c0raw,f0f2815c58285a8e62a743cdf5015e7e6d2a8873,experiments/p6/c1_feasibility/c1-g1-20260923T105441Z/feasibility_ledger.json,25618,80718e06a801f4a4cfac085eec999285a162b4e1ebf5afff082f17925a99b3da
Ada-MGAD-e2e-v2-c0raw,f0f2815c58285a8e62a743cdf5015e7e6d2a8873,experiments/p6/c1_feasibility/c1-g1-20260923T105441Z/final_report.md,8811,48c72507b5cc43f5254906be5e983547d584ca0a1a979a919e6e970112efbfc4
Ada-MGAD-e2e-v2-c0raw,f0f2815c58285a8e62a743cdf5015e7e6d2a8873,experiments/p6/c1_prefix_metric_audit/c1-fold1-metric-audit-v1-20260929/candidate_ledger.csv,729152,0b25bf30626055af55d6b35ab3fe9f8ff3a375b9023b9ade6bcc8f592923edf5
Ada-MGAD-e2e-v2-c0raw,f0f2815c58285a8e62a743cdf5015e7e6d2a8873,experiments/p6/c1_prefix_metric_audit/c1-fold1-metric-audit-v1-20260929/completion_manifest.json,2015,322e3bf69bd9aaa16b4b0b667a3fd98802175bdd91ec655585f7c97c765ef847
Ada-MGAD-e2e-v2-c0raw,f0f2815c58285a8e62a743cdf5015e7e6d2a8873,experiments/p6/c1_prefix_metric_audit/c1-fold1-metric-audit-v1-20260929/summary.json,2334,f951ebf8419d6499dfe3864e04b4c7f3ab04f258eb3c3d40a3f2ecc43623ae1a
Ada-MGAD-e2e-v2-c0raw,f0f2815c58285a8e62a743cdf5015e7e6d2a8873,experiments/p6/c1_protocol/c1-g2-py38-correction-20260924T0831Z/correction_manifest.json,2340,36a6406c80c0545f81e37f2cb4df0a1bbf5e341d5f92094631be487417f88a34
Ada-MGAD-e2e-v2-c0raw,f0f2815c58285a8e62a743cdf5015e7e6d2a8873,experiments/p6/c1_protocol/c1-g2-py38-correction-20260924T0831Z/correction_report.md,3511,757d796360596b4155d91f40ed3b29cb78cc547dba0ecff819ff1a5496a58857
Ada-MGAD-e2e-v2-c0raw,f0f2815c58285a8e62a743cdf5015e7e6d2a8873,experiments/p6/c1_protocol/c1-g2-v1-20260924/design_lock_report.md,2211,105b44683c01ffc8ef6eded385ec1dc3d6032415e40c58cdfd2815595c02a23f
Ada-MGAD-e2e-v2-c0raw,f0f2815c58285a8e62a743cdf5015e7e6d2a8873,experiments/p6/c1_protocol/c1-g2-v1-20260924/raw_content_manifest.json,1584322,03bdefc1ad817802a9f015a5cc07c71f5e8d625c66c5d5e9fbff31d0d5671718
Ada-MGAD-e2e-v2-c0raw,f0f2815c58285a8e62a743cdf5015e7e6d2a8873,experiments/p6/c1_supervision_oos/c1-supervision-oos-v1-seed42/evaluation/c1_results.json,1947819,d94b67c6631229c8994b491156d616a29062537fda6955bb9a44908609786b6c
Ada-MGAD-e2e-v2-c0raw,f0f2815c58285a8e62a743cdf5015e7e6d2a8873,experiments/p6/c1_supervision_oos/c1-supervision-oos-v1-seed42/evaluation/c2_failure_ledger.csv,1266920,2d7dd0703147a7f67d8e77b17f9be03be43b63baa733f7891b6f653852acef5c
Ada-MGAD-e2e-v2-c0raw,f0f2815c58285a8e62a743cdf5015e7e6d2a8873,experiments/p6/c1_supervision_oos/c1-supervision-oos-v1-seed42/evaluation/c2_failure_summary.json,669,382829e8258b95882ef741004ae2715a98cc01dcd53cc11229cc12abb48c2b95
Ada-MGAD-e2e-v2-c0raw,f0f2815c58285a8e62a743cdf5015e7e6d2a8873,experiments/p6/c1_supervision_oos/c1-supervision-oos-v1-seed42/evaluation/c2_full_diagnosis.json,17914,3b6635e497916cc0be7ba06f466772d1d884544d5819fa519714e3b1e2157beb
Ada-MGAD-e2e-v2-c0raw,f0f2815c58285a8e62a743cdf5015e7e6d2a8873,experiments/p6/c1_supervision_oos/c1-supervision-oos-v1-seed42/evaluation/c2_raw_matching.csv,1155905,986a55d59a6f809a0a6961d76eca5402624ae776bcbd170afb935a24862a09ab
Ada-MGAD-e2e-v2-c0raw,f0f2815c58285a8e62a743cdf5015e7e6d2a8873,experiments/p6/c1_supervision_oos/c1-supervision-oos-v1-seed42/evaluation/c2_stage1_reference.json,1754,104ca7578bd204131f5785fa27b9b97eb08470343f149742c74b83195f8e10c9
Ada-MGAD-e2e-v2-c0raw,f0f2815c58285a8e62a743cdf5015e7e6d2a8873,experiments/p6/c1_supervision_oos/c1-supervision-oos-v1-seed42/evaluation/completion_manifest.json,4210,c113bd2b18967e9f0fac4a227bed7c19e5659f6f13833ba4b21040a9a1b9730e
Ada-MGAD-e2e-v2-c0raw,f0f2815c58285a8e62a743cdf5015e7e6d2a8873,experiments/p6/c1_supervision_oos/c1-supervision-oos-v1-seed42/evaluation/oracle_a_diagnostic.json,269,d1838b5efefa11087fbbb6ecc9949740d6fbb0ece02316ec243e06cb1e4dc1ae
Ada-MGAD-e2e-v2-c0raw,f0f2815c58285a8e62a743cdf5015e7e6d2a8873,experiments/p6/c1_supervision_oos/c1-supervision-oos-v1-seed42/evaluation/oracle_a_rankings.csv,990811,5a7c9576a448ce7a2a9688a214626cc3176919305643f4e89e1dada7c899eec4
Ada-MGAD-e2e-v2-c0raw,f0f2815c58285a8e62a743cdf5015e7e6d2a8873,experiments/p6/c1_supervision_oos/c1-supervision-oos-v1-seed42/folds/fold_01/completion_manifest.json,9087,e5ee5d1ee7f825b18e7ef69f4764182284547d3940c77771855a40468c9b3d3c
Ada-MGAD-e2e-v2-c0raw,f0f2815c58285a8e62a743cdf5015e7e6d2a8873,experiments/p6/c1_supervision_oos/c1-supervision-oos-v1-seed42/folds/fold_01/detector/completion_manifest.json,4312,77f0e0bc4f07aad21799db077c09c3d657dc5c2c106d24460257742c33df5220
Ada-MGAD-e2e-v2-c0raw,f0f2815c58285a8e62a743cdf5015e7e6d2a8873,experiments/p6/c1_supervision_oos/c1-supervision-oos-v1-seed42/folds/fold_01/detector/generation_episodes.csv,106723,856797f52561e1fdc0a9a0e5ab00885ad5a0267d5ccf58f0d943e2bfde31f664
Ada-MGAD-e2e-v2-c0raw,f0f2815c58285a8e62a743cdf5015e7e6d2a8873,experiments/p6/c1_supervision_oos/c1-supervision-oos-v1-seed42/folds/fold_01/detector/generation_scores.csv,750379,6e6a1343939cfbe52c5ea0cf33aa8c7d44cd656c9e5e8641a4fc1f01f0ecb9bc
Ada-MGAD-e2e-v2-c0raw,f0f2815c58285a8e62a743cdf5015e7e6d2a8873,experiments/p6/c1_supervision_oos/c1-supervision-oos-v1-seed42/folds/fold_01/detector/selection.json,773,e96b42fda9f874a04866e984d36f9b32feb24cfabb9d0baf9dda72285fa85f45
Ada-MGAD-e2e-v2-c0raw,f0f2815c58285a8e62a743cdf5015e7e6d2a8873,experiments/p6/c1_supervision_oos/c1-supervision-oos-v1-seed42/folds/fold_01/detector/training_log.json,19221,64dd055eb00531ae43fcead33e103fc1ec55fb6f364518eaec53daae4829a026
Ada-MGAD-e2e-v2-c0raw,f0f2815c58285a8e62a743cdf5015e7e6d2a8873,experiments/p6/c1_supervision_oos/c1-supervision-oos-v1-seed42/folds/fold_02/completion_manifest.json,9096,51006c83a351a1794832be0f82fcee35bceeec0a2a1382df1c61b9e2dc7f252c
Ada-MGAD-e2e-v2-c0raw,f0f2815c58285a8e62a743cdf5015e7e6d2a8873,experiments/p6/c1_supervision_oos/c1-supervision-oos-v1-seed42/folds/fold_02/detector/completion_manifest.json,4281,1ac2392e356f0da8e56fd1c944fbc86f5492d882424d942eeb12523f81a4642b
Ada-MGAD-e2e-v2-c0raw,f0f2815c58285a8e62a743cdf5015e7e6d2a8873,experiments/p6/c1_supervision_oos/c1-supervision-oos-v1-seed42/folds/fold_02/detector/generation_episodes.csv,130039,237fa6eb7af28143ba38568ab9c19f5ee2cfb23c2fed25de2d680fd11ee7383a
Ada-MGAD-e2e-v2-c0raw,f0f2815c58285a8e62a743cdf5015e7e6d2a8873,experiments/p6/c1_supervision_oos/c1-supervision-oos-v1-seed42/folds/fold_02/detector/generation_scores.csv,753899,7abb1f0398658ada10897f17b4f271ff084f6b1daf1e9c1adeddfb667eb3b02f
Ada-MGAD-e2e-v2-c0raw,f0f2815c58285a8e62a743cdf5015e7e6d2a8873,experiments/p6/c1_supervision_oos/c1-supervision-oos-v1-seed42/folds/fold_02/detector/selection.json,741,3449a63b37f5184f9fbd86888843d6e9d8605c3b0b6502635528ff139fd3db3f
Ada-MGAD-e2e-v2-c0raw,f0f2815c58285a8e62a743cdf5015e7e6d2a8873,experiments/p6/c1_supervision_oos/c1-supervision-oos-v1-seed42/folds/fold_02/detector/training_log.json,12434,9cb70fe0d388f2f964a539d9c9d21608b6aa8c710a5b097f0f71fbf27162458b
Ada-MGAD-e2e-v2-c0raw,f0f2815c58285a8e62a743cdf5015e7e6d2a8873,experiments/p6/c1_supervision_oos/c1-supervision-oos-v1-seed42/folds/fold_03/completion_manifest.json,9096,a965256b6152dc4310918aa48ce7fe893ed5207d7c5022101ae3dfa818034934
Ada-MGAD-e2e-v2-c0raw,f0f2815c58285a8e62a743cdf5015e7e6d2a8873,experiments/p6/c1_supervision_oos/c1-supervision-oos-v1-seed42/folds/fold_03/detector/completion_manifest.json,4300,1e94bc29015731fe875de21506a2ad16589ef7a5dce77bf00d3fb16d66c15d56
Ada-MGAD-e2e-v2-c0raw,f0f2815c58285a8e62a743cdf5015e7e6d2a8873,experiments/p6/c1_supervision_oos/c1-supervision-oos-v1-seed42/folds/fold_03/detector/generation_episodes.csv,125838,6519b6f514e75972054b3d458c4dcb9320e6c4e3bfcf65a68bb8a3af7282fb05
Ada-MGAD-e2e-v2-c0raw,f0f2815c58285a8e62a743cdf5015e7e6d2a8873,experiments/p6/c1_supervision_oos/c1-supervision-oos-v1-seed42/folds/fold_03/detector/generation_scores.csv,753500,3756b817680de25addd174fc2a60ebc9c934ac3ec5fdac1bbc8484de080d117f
Ada-MGAD-e2e-v2-c0raw,f0f2815c58285a8e62a743cdf5015e7e6d2a8873,experiments/p6/c1_supervision_oos/c1-supervision-oos-v1-seed42/folds/fold_03/detector/selection.json,760,f73355c10d70746fffafaf12a3f8bf8bccdbfa4c85d0ea3110e630e73f3b40e8
Ada-MGAD-e2e-v2-c0raw,f0f2815c58285a8e62a743cdf5015e7e6d2a8873,experiments/p6/c1_supervision_oos/c1-supervision-oos-v1-seed42/folds/fold_03/detector/training_log.json,12517,971f380db43fd6bb6f0d62044007ee0e865a6d94815d31dedca0e533c645006d
Ada-MGAD-e2e-v2-c0raw,f0f2815c58285a8e62a743cdf5015e7e6d2a8873,experiments/p6/c1_supervision_oos/c1-supervision-oos-v1-seed42/g1_static/completion_manifest.json,5866,935abdc91db5fa1ddba7cb26455508433dace34c11ffa92087243f2ee7afab23
Ada-MGAD-e2e-v2-c0raw,f0f2815c58285a8e62a743cdf5015e7e6d2a8873,experiments/p6/c1_supervision_oos/c1-supervision-oos-v1-seed42/g1_static/fold_manifest.json,11117,017d4b2e87d737ee7d1f3f729a63fed4775e9e8181ec04214ddda6883310d4e5
Ada-MGAD-e2e-v2-c0raw,f0f2815c58285a8e62a743cdf5015e7e6d2a8873,experiments/p6/c1_supervision_oos/c1-supervision-oos-v1-seed42/g1_static/input_manifest.json,7333,a316f306e8b117b8aa9739b468c39f4cd6523310b48ad02f83f2c2f346abd3a1
Ada-MGAD-e2e-v2-c0raw,f0f2815c58285a8e62a743cdf5015e7e6d2a8873,experiments/p6/c1_supervision_oos/c1-supervision-oos-v1-seed42/g1_static/integrity_report.md,1692,2afcab0765547b1e0d75aa464eff2e98e3029e857eceef1435718078395ace22
Ada-MGAD-e2e-v2-c0raw,f0f2815c58285a8e62a743cdf5015e7e6d2a8873,experiments/p6/c1_supervision_oos/c1-supervision-oos-v1-seed42/g1_static/static_population.json,1545,83a5e20726f20866060bd7014784687d3860b0ccc63a76c6c0820817b311f7eb
Ada-MGAD-e2e-v2-c0raw,f0f2815c58285a8e62a743cdf5015e7e6d2a8873,experiments/p6/c1_supervision_oos/c1-supervision-oos-v1-seed42/predictions/completion_manifest.json,3671,19777b7f4656f3e8b360e1ecb618dc5d0dc8a0e63a15df59596a1d87be746216
Ada-MGAD-e2e-v2-c0raw,f0f2815c58285a8e62a743cdf5015e7e6d2a8873,experiments/p6/c1_supervision_oos/c1-supervision-oos-v1-seed42/predictions/prediction_lock.json,6883,ee9500730e7b982557de31d9fd138c13e09e5af397b11354e88b305f0233c967
Ada-MGAD-e2e-v2-c0raw,f0f2815c58285a8e62a743cdf5015e7e6d2a8873,experiments/p6/c1_supervision_oos/c1-supervision-oos-v1-seed42/predictions/scope_rankings.csv,1596904,b444a4d92c601430b79a3fee5e6fcddc97c3a8573cd20bd0c16a828d5bf6a650
Ada-MGAD-e2e-v2-c0raw,f0f2815c58285a8e62a743cdf5015e7e6d2a8873,experiments/p6/c1_supervision_oos/c1-supervision-oos-v1-seed42/rca/arm_b.json,753,2ba84aa9ec52b488db82b2dadce049c9c0105f2147176ff5716ba4d15ee8a4c7
Ada-MGAD-e2e-v2-c0raw,f0f2815c58285a8e62a743cdf5015e7e6d2a8873,experiments/p6/c1_supervision_oos/c1-supervision-oos-v1-seed42/rca/arm_c.json,752,6132941dd09f098a4c711c954ddec473eac11de63f5b094586413d95d7e6ca27
Ada-MGAD-e2e-v2-c0raw,f0f2815c58285a8e62a743cdf5015e7e6d2a8873,experiments/p6/c1_supervision_oos/c1-supervision-oos-v1-seed42/rca/completion_manifest.json,3538,2e446855d9e9cff34c684e8472d7510d1deb3cf5849aa9d8461e7d456127e9b0
Ada-MGAD-e2e-v2-c0raw,f0f2815c58285a8e62a743cdf5015e7e6d2a8873,experiments/p6/c1_supervision_oos/c1-supervision-oos-v1-seed42/run_lock.json,6331,0b5a2b649c31305eec88d631f2d57ef2a45a7d4d643d861478b3a11d620c9c56
Ada-MGAD-e2e-v2-c0raw,f0f2815c58285a8e62a743cdf5015e7e6d2a8873,experiments/p6/c1_supervision_oos/c1-supervision-oos-v1-seed42/train_cohort/cases.csv,325878,83ee698981272bfb1f89d1c2d9b1c2c622b63c419a08c251abde2bf7965821dd
Ada-MGAD-e2e-v2-c0raw,f0f2815c58285a8e62a743cdf5015e7e6d2a8873,experiments/p6/c1_supervision_oos/c1-supervision-oos-v1-seed42/train_cohort/completion_manifest.json,4746,b36dfaa5ba38bc741e318d8cb9e59e5f225324ff9cd3422b6040faff04634550
Ada-MGAD-e2e-v2-c0raw,f0f2815c58285a8e62a743cdf5015e7e6d2a8873,experiments/p6/c1_supervision_oos/c1-supervision-oos-v1-seed42/train_cohort/exclusions.csv,1760,3f5dc5665be94d84e76d3e1e3f84756ae4fdd00e2f42dc96eed7ac3de3941cd6
Ada-MGAD-e2e-v2-c0raw,f0f2815c58285a8e62a743cdf5015e7e6d2a8873,experiments/p6/c1_supervision_oos/c1-supervision-oos-v1-seed42/train_cohort/matching.csv,811460,5c3aa3085f03c2061af4e89e06f6a2f138e0bf69395e2deba438a61a643d8db4
Ada-MGAD-e2e-v2-c0raw,f0f2815c58285a8e62a743cdf5015e7e6d2a8873,experiments/p6/score_decomposition/classification/diagnosis_metrics.json,2093,60fe8440d8c42b2d3a842f7a7c7e4ae861c226ca622ae7eb1923b979c9d44a8e
Ada-MGAD-e2e-v2-c0raw,f0f2815c58285a8e62a743cdf5015e7e6d2a8873,experiments/p6/score_decomposition/classification/event_metrics.json,5147,f40cd2d1f1940bf80eeb298a9350fec848e7b4e64b8730999fb0ed37decd3827
Ada-MGAD-e2e-v2-c0raw,f0f2815c58285a8e62a743cdf5015e7e6d2a8873,experiments/p6/score_decomposition/classification/localization_metrics.json,28925,ceab500c6dee1d5d0fe39a18534c887edfc8355b6491b3535e12a44a423cd4f8
Ada-MGAD-e2e-v2-c0raw,f0f2815c58285a8e62a743cdf5015e7e6d2a8873,experiments/p6/score_decomposition/classification/rca_metrics.json,5581,d8416b903e9babb73045ae016fa7ef8fc20adf7e9c100a25c25d54b767eba99f
Ada-MGAD-e2e-v2-c0raw,f0f2815c58285a8e62a743cdf5015e7e6d2a8873,experiments/p6/score_decomposition/classification/threshold.json,1217,db3862ddb8e2b5d78cee4a4693cc7a5bc56919af20ef592134dbdd571bc6c56d
Ada-MGAD-e2e-v2-c0raw,f0f2815c58285a8e62a743cdf5015e7e6d2a8873,experiments/p6/score_decomposition/common_cases.csv,783153,0bb6bf3e435baf179c4cb1e1deda4bdc42c749d513865a3fcc50d4abf1bdb396
Ada-MGAD-e2e-v2-c0raw,f0f2815c58285a8e62a743cdf5015e7e6d2a8873,experiments/p6/score_decomposition/comparison.json,92985,ce6965fe10c1773e4c0021f8eb5cb1121e8c96a655067520d20d6dec3efb5190
Ada-MGAD-e2e-v2-c0raw,f0f2815c58285a8e62a743cdf5015e7e6d2a8873,experiments/p6/score_decomposition/fused/diagnosis_metrics.json,2085,77d6d3adbb2e76b49b41d16eafb56d4d020faae6d04e25be52ab2a0d209d101c
Ada-MGAD-e2e-v2-c0raw,f0f2815c58285a8e62a743cdf5015e7e6d2a8873,experiments/p6/score_decomposition/fused/event_metrics.json,5105,930173c6cec6c10880f6b375fbf363c1dc62988b836ba86c8c6c1ea4604e0bb6
Ada-MGAD-e2e-v2-c0raw,f0f2815c58285a8e62a743cdf5015e7e6d2a8873,experiments/p6/score_decomposition/fused/localization_metrics.json,29146,9b230dbaee9901ce3b9d9b8308a1e69e40b782e557611e8bee24239bdbb1c095
Ada-MGAD-e2e-v2-c0raw,f0f2815c58285a8e62a743cdf5015e7e6d2a8873,experiments/p6/score_decomposition/fused/rca_metrics.json,5617,d6489f7ed8c2c7563f990e58fdaa17e07feeccd7514f809a3a25c235b8abfb73
Ada-MGAD-e2e-v2-c0raw,f0f2815c58285a8e62a743cdf5015e7e6d2a8873,experiments/p6/score_decomposition/fused/threshold.json,1212,8b3b74d8d838c3303c9b2e6c32c25fe5549df0e78a93790caa59ac383ee5d741
Ada-MGAD-e2e-v2-c0raw,f0f2815c58285a8e62a743cdf5015e7e6d2a8873,experiments/p6/score_decomposition/label_identity_audit.json,1024,6652840bdf55c317b10d2ae4bf5223d6cde67a541688f5a13261b81d7b710010
Ada-MGAD-e2e-v2-c0raw,f0f2815c58285a8e62a743cdf5015e7e6d2a8873,experiments/p6/score_decomposition/manifest.json,7530,65ef6b0a85b907dbc378bafaf712732144a35e5280ae1ab44babb8125f1067ba
Ada-MGAD-e2e-v2-c0raw,f0f2815c58285a8e62a743cdf5015e7e6d2a8873,experiments/p6/score_decomposition/prediction_artifacts.json,1626,f552fde50da06bebf0b8aecd020e5e3825a52b279aef900154a419d04be38afc
Ada-MGAD-e2e-v2-c0raw,f0f2815c58285a8e62a743cdf5015e7e6d2a8873,experiments/p6/score_decomposition/rca/rca_feature_health.json,1806,015b06395de0fe6b2d6ae799629230ce37068ab119564842e319b9a333035493
Ada-MGAD-e2e-v2-c0raw,f0f2815c58285a8e62a743cdf5015e7e6d2a8873,experiments/p6/score_decomposition/rca/rca_feature_manifest.json,2831,7cb9ee84f4e2ce06db7a695027957b25ed69bbd9ccd3865bd2f17f0524c6669e
Ada-MGAD-e2e-v2-c0raw,f0f2815c58285a8e62a743cdf5015e7e6d2a8873,experiments/p6/score_decomposition/reconstruction/diagnosis_metrics.json,2069,1f5f35c7ef97acbf3b740dadc011627b5767f60e7933f7df2bbf53ff1888b4c9
Ada-MGAD-e2e-v2-c0raw,f0f2815c58285a8e62a743cdf5015e7e6d2a8873,experiments/p6/score_decomposition/reconstruction/event_metrics.json,5142,b54a64b01f5e3f9555d094b85787c1bfe94580121162f2a330781550375c61e4
Ada-MGAD-e2e-v2-c0raw,f0f2815c58285a8e62a743cdf5015e7e6d2a8873,experiments/p6/score_decomposition/reconstruction/localization_metrics.json,28269,d35901afceaeac0715266af6d0110c10e444bea83774f7228be90f7a35462b82
Ada-MGAD-e2e-v2-c0raw,f0f2815c58285a8e62a743cdf5015e7e6d2a8873,experiments/p6/score_decomposition/reconstruction/rca_metrics.json,5395,6f573174833b1afac5eba0d2eb9b10da85d498e0736d975e1324588575799b7f
Ada-MGAD-e2e-v2-c0raw,f0f2815c58285a8e62a743cdf5015e7e6d2a8873,experiments/p6/score_decomposition/reconstruction/threshold.json,1219,001fd77e80047ef147b1b4969420c9063280ea04a25df7a59c36328bcb367140
Ada-MGAD-e2e-v2-c0raw,f0f2815c58285a8e62a743cdf5015e7e6d2a8873,experiments/p6/score_decomposition/score_range.json,946,065dbfa7e5b3a6e53e2bc3493fd80448d9613d0b7043d15a314aa1e3f30a20b5
Ada-MGAD-e2e-v2-c0raw,f0f2815c58285a8e62a743cdf5015e7e6d2a8873,experiments/p6/score_decomposition/score_replay.json,4465,b292ac3e2b5640703cbda942a161ec5ac048fa0c0263ca15b72089b96385ac3d
Ada-MGAD-e2e-v2-c0raw,f0f2815c58285a8e62a743cdf5015e7e6d2a8873,experiments/p6/system_event_trigger/manifest.json,28509,cb222bb5c21d20d8a7546e8b1ee1b4882daaac5d4a397d0e07655fe646cf9794
Ada-MGAD-e2e-v2-c0raw,f0f2815c58285a8e62a743cdf5015e7e6d2a8873,experiments/p6/system_event_trigger/split_audit.json,12293,e5c60574f4c36ba5c7ebddbc869ede70f6f9aa83cf35c46fd611dbfba310463e
Ada-MGAD-e2e-v2-c0raw,f0f2815c58285a8e62a743cdf5015e7e6d2a8873,experiments/p6/system_event_trigger/split_manifest.json,8121,1cad441a2d207379ffd8838bc2d655e9c68f3e03b6f4f7e666413a0b33aca193
Ada-MGAD-e2e-v2-c0raw,f0f2815c58285a8e62a743cdf5015e7e6d2a8873,experiments/p6/system_event_trigger/test_metrics.json,14261,2968632cc4da1b807d976d8bb1c449f9d755cb1c15d2ee43bcd440b74946ce5b
Ada-MGAD-e2e-v2-c0raw,f0f2815c58285a8e62a743cdf5015e7e6d2a8873,experiments/p6/system_event_trigger/training_log.json,18166,fcd54effee28206a6cdc964458bedb98c17a26906b58497140e42b567150b48a
Ada-MGAD-e2e-v2-c0raw,f0f2815c58285a8e62a743cdf5015e7e6d2a8873,experiments/p6/system_event_trigger/validation_selection.json,21174,b5167c8d5df9cd9eebd7812cb76733799aa3f7829f3fe1a2c5cdb0ec51715a24
Ada-MGAD-e2e-v2-c0rawmask,feb9e6264b284bf6dcc3a3e0ae35fa7609880975,experiments/p6/c0_causal_comparison/nn-vs-xgb-v1/baseline_failure_ledger.csv,1128416,a0a71becbd80f9ad046d17988b394fd34dcc495fefe6120ad9583e96285bb6ca
Ada-MGAD-e2e-v2-c0rawmask,feb9e6264b284bf6dcc3a3e0ae35fa7609880975,experiments/p6/c0_causal_comparison/nn-vs-xgb-v1/candidate_failure_ledger.csv,1125498,68a0a689d89fdc843f863b3cfd97b516a3de73eb9fad999f3f9066a7aabb3a8b
Ada-MGAD-e2e-v2-c0rawmask,feb9e6264b284bf6dcc3a3e0ae35fa7609880975,experiments/p6/c0_causal_comparison/nn-vs-xgb-v1/comparison.json,59375,194a78013eaf73f575d5ba543954e463d426ab12bed5d9416be22b2de14c0497
Ada-MGAD-e2e-v2-c0rawmask,feb9e6264b284bf6dcc3a3e0ae35fa7609880975,experiments/p6/c0_causal_comparison/nn-vs-xgb-v1/reference_records/checkpoint_impact/checkpoint_audit.json,2442,1ec753291ba1387a8faaeefa27be1d3082661d5b4e5afd46093170cb34f65192
Ada-MGAD-e2e-v2-c0rawmask,feb9e6264b284bf6dcc3a3e0ae35fa7609880975,experiments/p6/c0_causal_comparison/nn-vs-xgb-v1/reference_records/checkpoint_impact/completion_manifest.json,1381,b64a4afa2cfba8899a96445a5cbf8715caccdeab08f812746cddfeb0dc35e031
Ada-MGAD-e2e-v2-c0rawmask,feb9e6264b284bf6dcc3a3e0ae35fa7609880975,experiments/p6/c0_causal_comparison/nn-vs-xgb-v1/reference_records/checkpoint_impact/development_input_lock.json,4693,4cba75bf00e68482994c91109659f1b62143b26451ee5147acb6a520c795175b
Ada-MGAD-e2e-v2-c0rawmask,feb9e6264b284bf6dcc3a3e0ae35fa7609880975,experiments/p6/c0_causal_comparison/nn-vs-xgb-v1/reference_records/checkpoint_impact/real_window_causality_gate.json,673,5cfcd0a8bed2684db3ab472a3c706e278b531a0514ba4da61bb0a6f8dc9ad309
Ada-MGAD-e2e-v2-c0rawmask,feb9e6264b284bf6dcc3a3e0ae35fa7609880975,experiments/p6/c0_causal_comparison/nn-vs-xgb-v1/reference_records/nn/completion_manifest.json,1361,05ed46d33516b5b58fb5ed02f29dadfc965c5b1efb5083455578a3ac3279d43c
Ada-MGAD-e2e-v2-c0rawmask,feb9e6264b284bf6dcc3a3e0ae35fa7609880975,experiments/p6/c0_causal_comparison/nn-vs-xgb-v1/reference_records/nn/development_input_lock.json,4693,4cba75bf00e68482994c91109659f1b62143b26451ee5147acb6a520c795175b
Ada-MGAD-e2e-v2-c0rawmask,feb9e6264b284bf6dcc3a3e0ae35fa7609880975,experiments/p6/c0_causal_comparison/nn-vs-xgb-v1/reference_records/nn/real_window_causality_gate.json,653,3e7d3504ec2ef49fd6b359bced1312e177b04cf07d663cd9ce3fb675ef54e231
Ada-MGAD-e2e-v2-c0rawmask,feb9e6264b284bf6dcc3a3e0ae35fa7609880975,experiments/p6/c0_causal_comparison/nn-vs-xgb-v1/reference_records/nn/training_log.json,16022,df3dc210652c2a2eecc2bdf9162db6d5c4a2b13f748ac5b212137bc6e001b840
Ada-MGAD-e2e-v2-c0rawmask,feb9e6264b284bf6dcc3a3e0ae35fa7609880975,experiments/p6/c0_causal_comparison/nn-vs-xgb-v1/reference_records/nn/validation_selection.json,19192,196582641cbbba0234ab18e6f96d2ca1d2b297646ce884888b4bb809f768a133
Ada-MGAD-e2e-v2-c0rawmask,feb9e6264b284bf6dcc3a3e0ae35fa7609880975,experiments/p6/c0_causal_comparison/nn-vs-xgb-v1/reference_records/xgb_original_fit/development_input_lock.json,5091,1031cfb1ba9801b837744d055a4fbe967ceb4cc372f90dd0616876456c708629
Ada-MGAD-e2e-v2-c0rawmask,feb9e6264b284bf6dcc3a3e0ae35fa7609880975,experiments/p6/c0_causal_comparison/nn-vs-xgb-v1/reference_records/xgb_original_fit/failure_record.json,367,da36a5d1ce1c57fcdf8706ccaa714cb4ae7c936bfba1d9c02175728e801dac2d
Ada-MGAD-e2e-v2-c0rawmask,feb9e6264b284bf6dcc3a3e0ae35fa7609880975,experiments/p6/c0_causal_comparison/nn-vs-xgb-v1/reference_records/xgb_original_fit/feature_lock.json,669,692a85d45b08e4024da5622cf4a7b81cac2a475440a889ced0bdc086a231875f
Ada-MGAD-e2e-v2-c0rawmask,feb9e6264b284bf6dcc3a3e0ae35fa7609880975,experiments/p6/c0_causal_comparison/nn-vs-xgb-v1/reference_records/xgb_original_fit/fit_report.json,1617,2f658dfff15c1639efdceef7616a1468ffc54dfda0a0e26ef1f6be7bed8fd118
Ada-MGAD-e2e-v2-c0rawmask,feb9e6264b284bf6dcc3a3e0ae35fa7609880975,experiments/p6/c0_causal_comparison/nn-vs-xgb-v1/reference_records/xgb_original_fit/validation_prediction_lock.json,402,7ffd8934c8023941444523263c1489009da8c8f056440d777bca665e1d946717
Ada-MGAD-e2e-v2-c0rawmask,feb9e6264b284bf6dcc3a3e0ae35fa7609880975,experiments/p6/c0_causal_comparison/nn-vs-xgb-v1/research_manifest.json,4788,44c8b0130db6947a07a778a79ba09c8d5691bfd607ffad907b417ac28fe42b6a
Ada-MGAD-e2e-v2-c0rawmask,feb9e6264b284bf6dcc3a3e0ae35fa7609880975,experiments/p6/c0_flat_xgb/finalized-v1-seed42/completion_manifest.json,1327,a30d583f4945a94a8af79de5af34caea0daf7cfe3fd0688a92554192738bb180
Ada-MGAD-e2e-v2-c0rawmask,feb9e6264b284bf6dcc3a3e0ae35fa7609880975,experiments/p6/c0_flat_xgb/finalized-v1-seed42/finalization_input_lock.json,6678,83443fac0726f04910c4e1a889f463f4f23b2111154f9af0179708e69c4af4a0
Ada-MGAD-e2e-v2-c0rawmask,feb9e6264b284bf6dcc3a3e0ae35fa7609880975,experiments/p6/c0_flat_xgb/finalized-v1-seed42/fit_report.json,1617,2f658dfff15c1639efdceef7616a1468ffc54dfda0a0e26ef1f6be7bed8fd118
Ada-MGAD-e2e-v2-c0rawmask,feb9e6264b284bf6dcc3a3e0ae35fa7609880975,experiments/p6/c0_flat_xgb/finalized-v1-seed42/trigger.ubj,223147,54463e621db95de628be8b0fc8a4a8a04a4c6d511f0c936d40f2606a850ac251
Ada-MGAD-e2e-v2-c0rawmask,feb9e6264b284bf6dcc3a3e0ae35fa7609880975,experiments/p6/c0_flat_xgb/finalized-v1-seed42/validation_episodes.csv,204148,9ffc32b6f0208054f9d2fdb8f2eb51353707b117ddc38d0e7ae7e9a20f582e3b
Ada-MGAD-e2e-v2-c0rawmask,feb9e6264b284bf6dcc3a3e0ae35fa7609880975,experiments/p6/c0_flat_xgb/finalized-v1-seed42/validation_gt.csv,259687,c522cd913b07508598bc0506ff7111ce9ffdb22a7704227f924f06d2dbd1b7bc
Ada-MGAD-e2e-v2-c0rawmask,feb9e6264b284bf6dcc3a3e0ae35fa7609880975,experiments/p6/c0_flat_xgb/finalized-v1-seed42/validation_logits.npy,69784,93d4090f4fba6e9cec48a6b11ae8261ed3234117c217b5d76f5f9b1a554c222c
Ada-MGAD-e2e-v2-c0rawmask,feb9e6264b284bf6dcc3a3e0ae35fa7609880975,experiments/p6/c0_flat_xgb/finalized-v1-seed42/validation_matching.csv,511944,d01d892b3cf52c31b6fa6bacf2357f635b9706f93106ab5b104f61964de68091
Ada-MGAD-e2e-v2-c0rawmask,feb9e6264b284bf6dcc3a3e0ae35fa7609880975,experiments/p6/c0_flat_xgb/finalized-v1-seed42/validation_prediction_lock.json,346,5c3bce054f7113128eb55410a19c23f2be4a51a23a37928e44d47344931321af
Ada-MGAD-e2e-v2-c0rawmask,feb9e6264b284bf6dcc3a3e0ae35fa7609880975,experiments/p6/c0_flat_xgb/finalized-v1-seed42/validation_predictions.csv,2261355,a746f0919ec17c0b0d84ecec2052d9ac5f151c755b57cbb016fff8804e83bb3c
Ada-MGAD-e2e-v2-c0rawmask,feb9e6264b284bf6dcc3a3e0ae35fa7609880975,experiments/p6/c0_flat_xgb/finalized-v1-seed42/validation_scores.npy,69784,3be510d0012001260b49796039a5bcdbf1fa90a47fe1c3fa6538915bb09ad716
Ada-MGAD-e2e-v2-c0rawmask,feb9e6264b284bf6dcc3a3e0ae35fa7609880975,experiments/p6/c0_flat_xgb/finalized-v1-seed42/validation_selection.json,4132,98363249a2b7a755b3622947b03c13b5b12f80fa01de7a6268bcb18be357261d
Ada-MGAD-e2e-v2-c0rawmask,feb9e6264b284bf6dcc3a3e0ae35fa7609880975,experiments/p6/c0_long_weight/development_comparison_v1.json,25913,2666db85e9422a7063b23b377efcc6a5fc205706ed7e38fafb27267eb5519f77
Ada-MGAD-e2e-v2-c0rawmask,feb9e6264b284bf6dcc3a3e0ae35fa7609880975,experiments/p6/c0_long_weight/gpu-control-v1-seed42/development_manifest.json,3907,54c217f08b951c75fbb45650e8bb599f79bec2d36e582104ed9f9c0a82fa96dd
Ada-MGAD-e2e-v2-c0rawmask,feb9e6264b284bf6dcc3a3e0ae35fa7609880975,experiments/p6/c0_long_weight/gpu-control-v1-seed42/p6_c0.log,2590,8eedf228216f7e2ec31260ec44fa2906d98b1aa853e1f7d2248e5091fa7c28c1
Ada-MGAD-e2e-v2-c0rawmask,feb9e6264b284bf6dcc3a3e0ae35fa7609880975,experiments/p6/c0_long_weight/gpu-control-v1-seed42/split_audit.json,12327,8715dd6f2cc8b5e3dc4458a00c060450ab0acd2291989c37571941e35e3d516f
Ada-MGAD-e2e-v2-c0rawmask,feb9e6264b284bf6dcc3a3e0ae35fa7609880975,experiments/p6/c0_long_weight/gpu-control-v1-seed42/split_manifest.json,8130,d1e01a7d582135d860def8389e0c57f842964c5842cb8b389fdfbbf95582a6dd
Ada-MGAD-e2e-v2-c0rawmask,feb9e6264b284bf6dcc3a3e0ae35fa7609880975,experiments/p6/c0_long_weight/gpu-control-v1-seed42/training_log.json,10778,91c12d57d43d39dc6e70e8a42ace6f4fa695b53afcc55998c9e2b82547c9aa3f
Ada-MGAD-e2e-v2-c0rawmask,feb9e6264b284bf6dcc3a3e0ae35fa7609880975,experiments/p6/c0_long_weight/gpu-control-v1-seed42/validation_episodes.csv,214650,38871d4b941cc49ac665907fb97dd2e86f6369bb8841d03980869c3ad46e3379
Ada-MGAD-e2e-v2-c0rawmask,feb9e6264b284bf6dcc3a3e0ae35fa7609880975,experiments/p6/c0_long_weight/gpu-control-v1-seed42/validation_matching.csv,522796,8bf838043e19e4e250e19ce72fa67cbea712ea0873074a1523408e3f3957586b
Ada-MGAD-e2e-v2-c0rawmask,feb9e6264b284bf6dcc3a3e0ae35fa7609880975,experiments/p6/c0_long_weight/gpu-control-v1-seed42/validation_predictions.csv,2251307,dfbd8ff19fb3fe171a117ee062ae05a080ff47e69f8b845b173b00ea9ede27a7
Ada-MGAD-e2e-v2-c0rawmask,feb9e6264b284bf6dcc3a3e0ae35fa7609880975,experiments/p6/c0_long_weight/gpu-control-v1-seed42/validation_selection.json,13913,888d68732bfdb086a0536e6321b8420ad1d4fba11921eb63f2a9577be73b0928
Ada-MGAD-e2e-v2-c0rawmask,feb9e6264b284bf6dcc3a3e0ae35fa7609880975,experiments/p6/c0_long_weight/weighted-v1-seed42/development_manifest.json,3907,97a866e7b277a7f747e5080cd7f03ad46860ed4ad774c44e46a02d905963935e
Ada-MGAD-e2e-v2-c0rawmask,feb9e6264b284bf6dcc3a3e0ae35fa7609880975,experiments/p6/c0_long_weight/weighted-v1-seed42/p6_c0.log,2815,1e93a4a8cd06d75fa0bea51c7450b0ad6aea6eed0d4187373600216e03c7a8b8
Ada-MGAD-e2e-v2-c0rawmask,feb9e6264b284bf6dcc3a3e0ae35fa7609880975,experiments/p6/c0_long_weight/weighted-v1-seed42/split_audit.json,12328,b1365b9be5117c686528a047bb586ea559b05530153ab52dff925307494e6426
Ada-MGAD-e2e-v2-c0rawmask,feb9e6264b284bf6dcc3a3e0ae35fa7609880975,experiments/p6/c0_long_weight/weighted-v1-seed42/split_manifest.json,8130,e15e678cd2c4e186abf24a877b3c6a98c44cb946580f25b2137a129752b45020
Ada-MGAD-e2e-v2-c0rawmask,feb9e6264b284bf6dcc3a3e0ae35fa7609880975,experiments/p6/c0_long_weight/weighted-v1-seed42/training_log.json,12860,5a1bec9c01c5915c049f4098248968f00387afaedc223ada5519095f96479bd7
Ada-MGAD-e2e-v2-c0rawmask,feb9e6264b284bf6dcc3a3e0ae35fa7609880975,experiments/p6/c0_long_weight/weighted-v1-seed42/validation_episodes.csv,215345,c0aa0b05371f3b470def96b533c553dc0a295f811b738d3384acfc11b90c16b4
Ada-MGAD-e2e-v2-c0rawmask,feb9e6264b284bf6dcc3a3e0ae35fa7609880975,experiments/p6/c0_long_weight/weighted-v1-seed42/validation_matching.csv,523619,db378b68a2e4bb8e2a41ded337ae56567bcc6c303511b9f9946d047eb57cbdb8
Ada-MGAD-e2e-v2-c0rawmask,feb9e6264b284bf6dcc3a3e0ae35fa7609880975,experiments/p6/c0_long_weight/weighted-v1-seed42/validation_predictions.csv,2252354,19c6d75fdcb7c5c9dab3aace09d70ae3c73b7396e9419afb3a7fb93e2d4794e1
Ada-MGAD-e2e-v2-c0rawmask,feb9e6264b284bf6dcc3a3e0ae35fa7609880975,experiments/p6/c0_long_weight/weighted-v1-seed42/validation_selection.json,16606,a34856d67c7889833e6106bc4c40537aa344f051c43d0b6c71ec8e640e9cb9c2
Ada-MGAD-e2e-v2-c0rawmask,feb9e6264b284bf6dcc3a3e0ae35fa7609880975,experiments/p6/c0_raw_onset_observability/raw-onset-v1/fit_clean_events.csv,519986,b42d0a714339ffb1f8bf07294a5fa822c48893f58bfe0475d60ab86a7aa0404a
Ada-MGAD-e2e-v2-c0rawmask,feb9e6264b284bf6dcc3a3e0ae35fa7609880975,experiments/p6/c0_raw_onset_observability/raw-onset-v1/fit_pseudo_onsets.csv,70246,b36db52779b7a745a4e47c5cf4d686b1dea0a53be2a453debdbba61e1d45f531
Ada-MGAD-e2e-v2-c0rawmask,feb9e6264b284bf6dcc3a3e0ae35fa7609880975,experiments/p6/c0_raw_onset_observability/raw-onset-v1/results.json,20440,2d8b1882fdb9a9310f9b74f848adc54033654d3a27a7ef707f609d84957d1378
Ada-MGAD-e2e-v2-c0rawmask,feb9e6264b284bf6dcc3a3e0ae35fa7609880975,experiments/p6/c0_raw_onset_observability/raw-onset-v1/validation_clean_events.csv,171016,e9715164e6b527b0570aa2ed35a4281f0847910a8356e7bcad8b53e3796181a1
Ada-MGAD-e2e-v2-c0rawmask,feb9e6264b284bf6dcc3a3e0ae35fa7609880975,experiments/p6/c0_raw_onset_observability/raw-onset-v1/validation_pseudo_onsets.csv,47187,53eb1bdcf265069cca9079495d92aae7f88415475312bdaf6da8d8e0a39dff10
Ada-MGAD-e2e-v2-c0rawmask,feb9e6264b284bf6dcc3a3e0ae35fa7609880975,experiments/p6/c0f_failure_audit/c0f-correction-20260923T0755Z/analysis_validation.json,296,ad7a15071946ca8749cbfc26c134304b3771c8e610fe1b8b2bbb81c01767fdde
Ada-MGAD-e2e-v2-c0rawmask,feb9e6264b284bf6dcc3a3e0ae35fa7609880975,experiments/p6/c0f_failure_audit/c0f-correction-20260923T0755Z/audit_config.json,3064,6e66534cd7adb078d7342fd189a891d59e8dd1b9c893868cbf06f92c34c6c820
Ada-MGAD-e2e-v2-c0rawmask,feb9e6264b284bf6dcc3a3e0ae35fa7609880975,experiments/p6/c0f_failure_audit/c0f-correction-20260923T0755Z/capacity_summary.json,13508,aaa4fe3bc740aad3c1b97dac8a8c9224fcdc766b59e693f2b07a678139eccbda
Ada-MGAD-e2e-v2-c0rawmask,feb9e6264b284bf6dcc3a3e0ae35fa7609880975,experiments/p6/c0f_failure_audit/c0f-correction-20260923T0755Z/completion_manifest.json,76920,faabd0a5e6486a89c6e6e3cab1af8f146af6cdab9fe5e728c027f5d18f80745a
Ada-MGAD-e2e-v2-c0rawmask,feb9e6264b284bf6dcc3a3e0ae35fa7609880975,experiments/p6/c0f_failure_audit/c0f-correction-20260923T0755Z/confounding_tables.json,196447,676bf2913aefd265292b4d25c6c8fc11d9bec5813f5aebf9a3d7a6e49933487d
Ada-MGAD-e2e-v2-c0rawmask,feb9e6264b284bf6dcc3a3e0ae35fa7609880975,experiments/p6/c0f_failure_audit/c0f-correction-20260923T0755Z/correction_summary.json,1427,95cdd9d0c51a29a47d84b851a8dda40c3d56e877203793781c4701a6852db181
Ada-MGAD-e2e-v2-c0rawmask,feb9e6264b284bf6dcc3a3e0ae35fa7609880975,experiments/p6/c0f_failure_audit/c0f-correction-20260923T0755Z/decision.json,21910,3cdf539f1bfe2367c9e0e34430118a565645a293138e121970832cce7984c552
Ada-MGAD-e2e-v2-c0rawmask,feb9e6264b284bf6dcc3a3e0ae35fa7609880975,experiments/p6/c0f_failure_audit/c0f-correction-20260923T0755Z/evidence_ledger.json,7998,eaf1b0a9bb641e3dd59c540512f03a61a793b4ebb83c7115b19f86ac7318e1fe
Ada-MGAD-e2e-v2-c0rawmask,feb9e6264b284bf6dcc3a3e0ae35fa7609880975,experiments/p6/c0f_failure_audit/c0f-correction-20260923T0755Z/final_report.md,12767,cfac59ff1f3d4ac489a3c11b9670e43e3e8216999019e821d1711970fdfea656
Ada-MGAD-e2e-v2-c0rawmask,feb9e6264b284bf6dcc3a3e0ae35fa7609880975,experiments/p6/c0f_failure_audit/c0f-correction-20260923T0755Z/input_integrity_after.json,227,bc834dc3b45aa4814b8e27a6d7b15d88994488d574057dcf8e18c5647782c7e4
Ada-MGAD-e2e-v2-c0rawmask,feb9e6264b284bf6dcc3a3e0ae35fa7609880975,experiments/p6/c0f_failure_audit/c0f-correction-20260923T0755Z/input_manifest.json,1272,8a22a55fe1b951a78aa30fa6a185339f45235779a9b0c4a92852cc97f11fa972
Ada-MGAD-e2e-v2-c0rawmask,feb9e6264b284bf6dcc3a3e0ae35fa7609880975,experiments/p6/c0f_failure_audit/c0f-correction-20260923T0755Z/input_snapshot.json,254827,1fdc4e0e3b82c9849e7e965471ee4431621aa3b8b7d9ec86f7afbc0fa5b9b87f
Ada-MGAD-e2e-v2-c0rawmask,feb9e6264b284bf6dcc3a3e0ae35fa7609880975,experiments/p6/c0f_failure_audit/c0f-correction-20260923T0755Z/isolation_summary.json,46108,439b4311ae6cdeeb896971b52602928cd8f8f00581b1762b7dc199338eb8cdd9
Ada-MGAD-e2e-v2-c0rawmask,feb9e6264b284bf6dcc3a3e0ae35fa7609880975,experiments/p6/c0f_failure_audit/c0f-correction-20260923T0755Z/ledger_invariants.json,520,a497cd0e28dc4627d27a343038ecda70ff3e2cd2c7579674175c7b0c1ebe8ab3
Ada-MGAD-e2e-v2-c0rawmask,feb9e6264b284bf6dcc3a3e0ae35fa7609880975,experiments/p6/c0f_failure_audit/c0f-correction-20260923T0755Z/reuse_provenance.json,1297,5d40d373429d92073ad1f677ed930107abdcfec9973afa3fd940c00d79a6ad82
Ada-MGAD-e2e-v2-c0rawmask,feb9e6264b284bf6dcc3a3e0ae35fa7609880975,experiments/p6/c0f_failure_audit/c0f-correction-20260923T0755Z/run_state.json,70344,4f58cdf5cf3c06bcc2b8ea3b12a608c6c9287a8a996a4ae0007f2a3cede3fb78
Ada-MGAD-e2e-v2-c0rawmask,feb9e6264b284bf6dcc3a3e0ae35fa7609880975,experiments/p6/c0f_failure_audit/c0f-correction-20260923T0755Z/source_integrity.json,8617,ae61ded34933922feea8dad052f115aa50abf7c311593f0a49f47b5e73270e73
Ada-MGAD-e2e-v2-c0rawmask,feb9e6264b284bf6dcc3a3e0ae35fa7609880975,experiments/p6/c0f_failure_audit/c0f-correction-20260923T0755Z/source_snapshot.json,27487,808bb33502694359a809657c56db3bc4ecf1a67887e45ba4c7949e67009d17fe
Ada-MGAD-e2e-v2-c0rawmask,feb9e6264b284bf6dcc3a3e0ae35fa7609880975,experiments/p6/c0f_failure_audit/c0f-correction-20260923T0755Z/split_population_checks.json,968,e5cad5ac9211384da9c73c83304625bb4274585228b1b733edd92f4352dfd820
Ada-MGAD-e2e-v2-c0rawmask,feb9e6264b284bf6dcc3a3e0ae35fa7609880975,experiments/p6/c0f_failure_audit/c0f-correction-20260923T0755Z/stratified_summary.json,38692,c3d3148227ad27756001b6d6b7ba1fadb603e390741e29fad34fcb8292c4962e
Ada-MGAD-e2e-v2-c0rawmask,feb9e6264b284bf6dcc3a3e0ae35fa7609880975,experiments/p6/c0f_failure_audit/c0f-correction-20260923T0755Z/test_artifact_verification.json,1286,0385232d6ff22eb82747264c9bdf7a4d0f6b4112b40a5edc9675ec12ddd72282
Ada-MGAD-e2e-v2-c0rawmask,feb9e6264b284bf6dcc3a3e0ae35fa7609880975,experiments/p6/c0f_failure_audit/c0f-correction-20260923T0755Z/test_results.json,1478,001ef8cbe1e1997d6a608df763aefb994e5d99b6e932f97de0c4cf88b4aa504e
Ada-MGAD-e2e-v2-c0rawmask,feb9e6264b284bf6dcc3a3e0ae35fa7609880975,experiments/p6/c0f_failure_audit/c0f-correction-20260923T0755Z/validation_replay.json,1781,e802370c18a4bc38e497d3ab398705a0434f91bbe8c02dbf1710c7f1ad904360
Ada-MGAD-e2e-v2-c0rawmask,feb9e6264b284bf6dcc3a3e0ae35fa7609880975,experiments/p6/c0f_failure_audit/c0f-seed42-20260919T0700/audit_config.json,2705,078c633bc1097b558439d0bc247118bf079cdbc177eac2bbe26a83b628bbbf40
Ada-MGAD-e2e-v2-c0rawmask,feb9e6264b284bf6dcc3a3e0ae35fa7609880975,experiments/p6/c0f_failure_audit/c0f-seed42-20260919T0700/capacity_summary.json,12933,e479dfa5b2af41d141b4fd08ecbfa76a107148e57ade5e17eaa818b880821124
Ada-MGAD-e2e-v2-c0rawmask,feb9e6264b284bf6dcc3a3e0ae35fa7609880975,experiments/p6/c0f_failure_audit/c0f-seed42-20260919T0700/completion_manifest.json,16950,97e1fd3e34da06e7b64808b9f38372628c7007b9a2533c46582b50e5b7ace53a
Ada-MGAD-e2e-v2-c0rawmask,feb9e6264b284bf6dcc3a3e0ae35fa7609880975,experiments/p6/c0f_failure_audit/c0f-seed42-20260919T0700/confounding_tables.json,27744,bab17cda93dcb9747e23cd4519396edc2975e38bc31ed96e2ad3fc2d8fe5c9c6
Ada-MGAD-e2e-v2-c0rawmask,feb9e6264b284bf6dcc3a3e0ae35fa7609880975,experiments/p6/c0f_failure_audit/c0f-seed42-20260919T0700/decision.json,20118,9eb7ca1ee3c04c4b8fdc1d0a9a75b873add03bfce61b026f0e4abc9f55ba9493
Ada-MGAD-e2e-v2-c0rawmask,feb9e6264b284bf6dcc3a3e0ae35fa7609880975,experiments/p6/c0f_failure_audit/c0f-seed42-20260919T0700/evidence_ledger.json,5830,1eaca4aac0c592a5110acadb7681366ceba696f0fedc1803ec1c03379d16f90b
Ada-MGAD-e2e-v2-c0rawmask,feb9e6264b284bf6dcc3a3e0ae35fa7609880975,experiments/p6/c0f_failure_audit/c0f-seed42-20260919T0700/final_report.md,9472,563ac665ce2641c94e80a4bd12e124473956db1c49113eb60859ba4f6f2a291f
Ada-MGAD-e2e-v2-c0rawmask,feb9e6264b284bf6dcc3a3e0ae35fa7609880975,experiments/p6/c0f_failure_audit/c0f-seed42-20260919T0700/input_manifest.json,1267,cd5a7b02c8e78bb6021343dd2e76ca8d87819503afdecefc8cb80c5fcfdc48ef
Ada-MGAD-e2e-v2-c0rawmask,feb9e6264b284bf6dcc3a3e0ae35fa7609880975,experiments/p6/c0f_failure_audit/c0f-seed42-20260919T0700/ledger_invariants.json,520,a497cd0e28dc4627d27a343038ecda70ff3e2cd2c7579674175c7b0c1ebe8ab3
Ada-MGAD-e2e-v2-c0rawmask,feb9e6264b284bf6dcc3a3e0ae35fa7609880975,experiments/p6/c0f_failure_audit/c0f-seed42-20260919T0700/run_state.json,1983,5c81eb7dfb89d713ac40de4da60d8f9803b89ac1c6260ff9ca7a07e59fe40edc
Ada-MGAD-e2e-v2-c0rawmask,feb9e6264b284bf6dcc3a3e0ae35fa7609880975,experiments/p6/c0f_failure_audit/c0f-seed42-20260919T0700/source_integrity.json,4603,7507a5bb490607692a0c7e4065f1ba79e8cde8d67305f4d8f20638feb6228c8d
Ada-MGAD-e2e-v2-c0rawmask,feb9e6264b284bf6dcc3a3e0ae35fa7609880975,experiments/p6/c0f_failure_audit/c0f-seed42-20260919T0700/split_population_checks.json,968,e5cad5ac9211384da9c73c83304625bb4274585228b1b733edd92f4352dfd820
Ada-MGAD-e2e-v2-c0rawmask,feb9e6264b284bf6dcc3a3e0ae35fa7609880975,experiments/p6/c0f_failure_audit/c0f-seed42-20260919T0700/stratified_summary.json,35445,babde167b0390f10a20108026516463a250f74340fcd46c8729e386610f39b57
Ada-MGAD-e2e-v2-c0rawmask,feb9e6264b284bf6dcc3a3e0ae35fa7609880975,experiments/p6/c0f_failure_audit/c0f-seed42-20260919T0700/test_artifact_verification.json,1190,ccec4113e1846fd3509fc626a6cc14a7b64fe05ae31fa81c31bcf9ab68e22e28
Ada-MGAD-e2e-v2-c0rawmask,feb9e6264b284bf6dcc3a3e0ae35fa7609880975,experiments/p6/c0f_failure_audit/c0f-seed42-20260919T0700/validation_replay.json,1781,24ea8a62815c7c6172bac2e3e3a0f3bfc639b803fc8bbd28c17d9e33c98fb93f
Ada-MGAD-e2e-v2-c0rawmask,feb9e6264b284bf6dcc3a3e0ae35fa7609880975,experiments/p6/c0f_failure_audit/code-checks-20260923T075346Z/test_results.json,1175,51017a28cf2e25a31b463a4d5ead6ec19bc3062006a0f72ce40da0a60dbc43df
Ada-MGAD-e2e-v2-c0rawmask,feb9e6264b284bf6dcc3a3e0ae35fa7609880975,experiments/p6/c0r2_trainval_dev/positive-logit-rise-v2/results.json,4986,773f05832dcefb568cc867f3eb716c3db2be234cf57d539ede7ca6a59b5dc9f0
Ada-MGAD-e2e-v2-c0rawmask,feb9e6264b284bf6dcc3a3e0ae35fa7609880975,experiments/p6/c1_feasibility/c1-g1-20260923T105441Z/feasibility_ledger.json,25618,80718e06a801f4a4cfac085eec999285a162b4e1ebf5afff082f17925a99b3da
Ada-MGAD-e2e-v2-c0rawmask,feb9e6264b284bf6dcc3a3e0ae35fa7609880975,experiments/p6/c1_feasibility/c1-g1-20260923T105441Z/final_report.md,8811,48c72507b5cc43f5254906be5e983547d584ca0a1a979a919e6e970112efbfc4
Ada-MGAD-e2e-v2-c0rawmask,feb9e6264b284bf6dcc3a3e0ae35fa7609880975,experiments/p6/c1_prefix_metric_audit/c1-fold1-metric-audit-v1-20260929/candidate_ledger.csv,729152,0b25bf30626055af55d6b35ab3fe9f8ff3a375b9023b9ade6bcc8f592923edf5
Ada-MGAD-e2e-v2-c0rawmask,feb9e6264b284bf6dcc3a3e0ae35fa7609880975,experiments/p6/c1_prefix_metric_audit/c1-fold1-metric-audit-v1-20260929/completion_manifest.json,2015,322e3bf69bd9aaa16b4b0b667a3fd98802175bdd91ec655585f7c97c765ef847
Ada-MGAD-e2e-v2-c0rawmask,feb9e6264b284bf6dcc3a3e0ae35fa7609880975,experiments/p6/c1_prefix_metric_audit/c1-fold1-metric-audit-v1-20260929/summary.json,2334,f951ebf8419d6499dfe3864e04b4c7f3ab04f258eb3c3d40a3f2ecc43623ae1a
Ada-MGAD-e2e-v2-c0rawmask,feb9e6264b284bf6dcc3a3e0ae35fa7609880975,experiments/p6/c1_protocol/c1-g2-py38-correction-20260924T0831Z/correction_manifest.json,2340,36a6406c80c0545f81e37f2cb4df0a1bbf5e341d5f92094631be487417f88a34
Ada-MGAD-e2e-v2-c0rawmask,feb9e6264b284bf6dcc3a3e0ae35fa7609880975,experiments/p6/c1_protocol/c1-g2-py38-correction-20260924T0831Z/correction_report.md,3511,757d796360596b4155d91f40ed3b29cb78cc547dba0ecff819ff1a5496a58857
Ada-MGAD-e2e-v2-c0rawmask,feb9e6264b284bf6dcc3a3e0ae35fa7609880975,experiments/p6/c1_protocol/c1-g2-v1-20260924/design_lock_report.md,2211,105b44683c01ffc8ef6eded385ec1dc3d6032415e40c58cdfd2815595c02a23f
Ada-MGAD-e2e-v2-c0rawmask,feb9e6264b284bf6dcc3a3e0ae35fa7609880975,experiments/p6/c1_protocol/c1-g2-v1-20260924/raw_content_manifest.json,1584322,03bdefc1ad817802a9f015a5cc07c71f5e8d625c66c5d5e9fbff31d0d5671718
Ada-MGAD-e2e-v2-c0rawmask,feb9e6264b284bf6dcc3a3e0ae35fa7609880975,experiments/p6/c1_supervision_oos/c1-supervision-oos-v1-seed42/evaluation/c1_results.json,1947819,d94b67c6631229c8994b491156d616a29062537fda6955bb9a44908609786b6c
Ada-MGAD-e2e-v2-c0rawmask,feb9e6264b284bf6dcc3a3e0ae35fa7609880975,experiments/p6/c1_supervision_oos/c1-supervision-oos-v1-seed42/evaluation/c2_failure_ledger.csv,1266920,2d7dd0703147a7f67d8e77b17f9be03be43b63baa733f7891b6f653852acef5c
Ada-MGAD-e2e-v2-c0rawmask,feb9e6264b284bf6dcc3a3e0ae35fa7609880975,experiments/p6/c1_supervision_oos/c1-supervision-oos-v1-seed42/evaluation/c2_failure_summary.json,669,382829e8258b95882ef741004ae2715a98cc01dcd53cc11229cc12abb48c2b95
Ada-MGAD-e2e-v2-c0rawmask,feb9e6264b284bf6dcc3a3e0ae35fa7609880975,experiments/p6/c1_supervision_oos/c1-supervision-oos-v1-seed42/evaluation/c2_full_diagnosis.json,17914,3b6635e497916cc0be7ba06f466772d1d884544d5819fa519714e3b1e2157beb
Ada-MGAD-e2e-v2-c0rawmask,feb9e6264b284bf6dcc3a3e0ae35fa7609880975,experiments/p6/c1_supervision_oos/c1-supervision-oos-v1-seed42/evaluation/c2_raw_matching.csv,1155905,986a55d59a6f809a0a6961d76eca5402624ae776bcbd170afb935a24862a09ab
Ada-MGAD-e2e-v2-c0rawmask,feb9e6264b284bf6dcc3a3e0ae35fa7609880975,experiments/p6/c1_supervision_oos/c1-supervision-oos-v1-seed42/evaluation/c2_stage1_reference.json,1754,104ca7578bd204131f5785fa27b9b97eb08470343f149742c74b83195f8e10c9
Ada-MGAD-e2e-v2-c0rawmask,feb9e6264b284bf6dcc3a3e0ae35fa7609880975,experiments/p6/c1_supervision_oos/c1-supervision-oos-v1-seed42/evaluation/completion_manifest.json,4210,c113bd2b18967e9f0fac4a227bed7c19e5659f6f13833ba4b21040a9a1b9730e
Ada-MGAD-e2e-v2-c0rawmask,feb9e6264b284bf6dcc3a3e0ae35fa7609880975,experiments/p6/c1_supervision_oos/c1-supervision-oos-v1-seed42/evaluation/oracle_a_diagnostic.json,269,d1838b5efefa11087fbbb6ecc9949740d6fbb0ece02316ec243e06cb1e4dc1ae
Ada-MGAD-e2e-v2-c0rawmask,feb9e6264b284bf6dcc3a3e0ae35fa7609880975,experiments/p6/c1_supervision_oos/c1-supervision-oos-v1-seed42/evaluation/oracle_a_rankings.csv,990811,5a7c9576a448ce7a2a9688a214626cc3176919305643f4e89e1dada7c899eec4
Ada-MGAD-e2e-v2-c0rawmask,feb9e6264b284bf6dcc3a3e0ae35fa7609880975,experiments/p6/c1_supervision_oos/c1-supervision-oos-v1-seed42/folds/fold_01/completion_manifest.json,9087,e5ee5d1ee7f825b18e7ef69f4764182284547d3940c77771855a40468c9b3d3c
Ada-MGAD-e2e-v2-c0rawmask,feb9e6264b284bf6dcc3a3e0ae35fa7609880975,experiments/p6/c1_supervision_oos/c1-supervision-oos-v1-seed42/folds/fold_01/detector/completion_manifest.json,4312,77f0e0bc4f07aad21799db077c09c3d657dc5c2c106d24460257742c33df5220
Ada-MGAD-e2e-v2-c0rawmask,feb9e6264b284bf6dcc3a3e0ae35fa7609880975,experiments/p6/c1_supervision_oos/c1-supervision-oos-v1-seed42/folds/fold_01/detector/generation_episodes.csv,106723,856797f52561e1fdc0a9a0e5ab00885ad5a0267d5ccf58f0d943e2bfde31f664
Ada-MGAD-e2e-v2-c0rawmask,feb9e6264b284bf6dcc3a3e0ae35fa7609880975,experiments/p6/c1_supervision_oos/c1-supervision-oos-v1-seed42/folds/fold_01/detector/generation_scores.csv,750379,6e6a1343939cfbe52c5ea0cf33aa8c7d44cd656c9e5e8641a4fc1f01f0ecb9bc
Ada-MGAD-e2e-v2-c0rawmask,feb9e6264b284bf6dcc3a3e0ae35fa7609880975,experiments/p6/c1_supervision_oos/c1-supervision-oos-v1-seed42/folds/fold_01/detector/selection.json,773,e96b42fda9f874a04866e984d36f9b32feb24cfabb9d0baf9dda72285fa85f45
Ada-MGAD-e2e-v2-c0rawmask,feb9e6264b284bf6dcc3a3e0ae35fa7609880975,experiments/p6/c1_supervision_oos/c1-supervision-oos-v1-seed42/folds/fold_01/detector/training_log.json,19221,64dd055eb00531ae43fcead33e103fc1ec55fb6f364518eaec53daae4829a026
Ada-MGAD-e2e-v2-c0rawmask,feb9e6264b284bf6dcc3a3e0ae35fa7609880975,experiments/p6/c1_supervision_oos/c1-supervision-oos-v1-seed42/folds/fold_02/completion_manifest.json,9096,51006c83a351a1794832be0f82fcee35bceeec0a2a1382df1c61b9e2dc7f252c
Ada-MGAD-e2e-v2-c0rawmask,feb9e6264b284bf6dcc3a3e0ae35fa7609880975,experiments/p6/c1_supervision_oos/c1-supervision-oos-v1-seed42/folds/fold_02/detector/completion_manifest.json,4281,1ac2392e356f0da8e56fd1c944fbc86f5492d882424d942eeb12523f81a4642b
Ada-MGAD-e2e-v2-c0rawmask,feb9e6264b284bf6dcc3a3e0ae35fa7609880975,experiments/p6/c1_supervision_oos/c1-supervision-oos-v1-seed42/folds/fold_02/detector/generation_episodes.csv,130039,237fa6eb7af28143ba38568ab9c19f5ee2cfb23c2fed25de2d680fd11ee7383a
Ada-MGAD-e2e-v2-c0rawmask,feb9e6264b284bf6dcc3a3e0ae35fa7609880975,experiments/p6/c1_supervision_oos/c1-supervision-oos-v1-seed42/folds/fold_02/detector/generation_scores.csv,753899,7abb1f0398658ada10897f17b4f271ff084f6b1daf1e9c1adeddfb667eb3b02f
Ada-MGAD-e2e-v2-c0rawmask,feb9e6264b284bf6dcc3a3e0ae35fa7609880975,experiments/p6/c1_supervision_oos/c1-supervision-oos-v1-seed42/folds/fold_02/detector/selection.json,741,3449a63b37f5184f9fbd86888843d6e9d8605c3b0b6502635528ff139fd3db3f
Ada-MGAD-e2e-v2-c0rawmask,feb9e6264b284bf6dcc3a3e0ae35fa7609880975,experiments/p6/c1_supervision_oos/c1-supervision-oos-v1-seed42/folds/fold_02/detector/training_log.json,12434,9cb70fe0d388f2f964a539d9c9d21608b6aa8c710a5b097f0f71fbf27162458b
Ada-MGAD-e2e-v2-c0rawmask,feb9e6264b284bf6dcc3a3e0ae35fa7609880975,experiments/p6/c1_supervision_oos/c1-supervision-oos-v1-seed42/folds/fold_03/completion_manifest.json,9096,a965256b6152dc4310918aa48ce7fe893ed5207d7c5022101ae3dfa818034934
Ada-MGAD-e2e-v2-c0rawmask,feb9e6264b284bf6dcc3a3e0ae35fa7609880975,experiments/p6/c1_supervision_oos/c1-supervision-oos-v1-seed42/folds/fold_03/detector/completion_manifest.json,4300,1e94bc29015731fe875de21506a2ad16589ef7a5dce77bf00d3fb16d66c15d56
Ada-MGAD-e2e-v2-c0rawmask,feb9e6264b284bf6dcc3a3e0ae35fa7609880975,experiments/p6/c1_supervision_oos/c1-supervision-oos-v1-seed42/folds/fold_03/detector/generation_episodes.csv,125838,6519b6f514e75972054b3d458c4dcb9320e6c4e3bfcf65a68bb8a3af7282fb05
Ada-MGAD-e2e-v2-c0rawmask,feb9e6264b284bf6dcc3a3e0ae35fa7609880975,experiments/p6/c1_supervision_oos/c1-supervision-oos-v1-seed42/folds/fold_03/detector/generation_scores.csv,753500,3756b817680de25addd174fc2a60ebc9c934ac3ec5fdac1bbc8484de080d117f
Ada-MGAD-e2e-v2-c0rawmask,feb9e6264b284bf6dcc3a3e0ae35fa7609880975,experiments/p6/c1_supervision_oos/c1-supervision-oos-v1-seed42/folds/fold_03/detector/selection.json,760,f73355c10d70746fffafaf12a3f8bf8bccdbfa4c85d0ea3110e630e73f3b40e8
Ada-MGAD-e2e-v2-c0rawmask,feb9e6264b284bf6dcc3a3e0ae35fa7609880975,experiments/p6/c1_supervision_oos/c1-supervision-oos-v1-seed42/folds/fold_03/detector/training_log.json,12517,971f380db43fd6bb6f0d62044007ee0e865a6d94815d31dedca0e533c645006d
Ada-MGAD-e2e-v2-c0rawmask,feb9e6264b284bf6dcc3a3e0ae35fa7609880975,experiments/p6/c1_supervision_oos/c1-supervision-oos-v1-seed42/g1_static/completion_manifest.json,5866,935abdc91db5fa1ddba7cb26455508433dace34c11ffa92087243f2ee7afab23
Ada-MGAD-e2e-v2-c0rawmask,feb9e6264b284bf6dcc3a3e0ae35fa7609880975,experiments/p6/c1_supervision_oos/c1-supervision-oos-v1-seed42/g1_static/fold_manifest.json,11117,017d4b2e87d737ee7d1f3f729a63fed4775e9e8181ec04214ddda6883310d4e5
Ada-MGAD-e2e-v2-c0rawmask,feb9e6264b284bf6dcc3a3e0ae35fa7609880975,experiments/p6/c1_supervision_oos/c1-supervision-oos-v1-seed42/g1_static/input_manifest.json,7333,a316f306e8b117b8aa9739b468c39f4cd6523310b48ad02f83f2c2f346abd3a1
Ada-MGAD-e2e-v2-c0rawmask,feb9e6264b284bf6dcc3a3e0ae35fa7609880975,experiments/p6/c1_supervision_oos/c1-supervision-oos-v1-seed42/g1_static/integrity_report.md,1692,2afcab0765547b1e0d75aa464eff2e98e3029e857eceef1435718078395ace22
Ada-MGAD-e2e-v2-c0rawmask,feb9e6264b284bf6dcc3a3e0ae35fa7609880975,experiments/p6/c1_supervision_oos/c1-supervision-oos-v1-seed42/g1_static/static_population.json,1545,83a5e20726f20866060bd7014784687d3860b0ccc63a76c6c0820817b311f7eb
Ada-MGAD-e2e-v2-c0rawmask,feb9e6264b284bf6dcc3a3e0ae35fa7609880975,experiments/p6/c1_supervision_oos/c1-supervision-oos-v1-seed42/predictions/completion_manifest.json,3671,19777b7f4656f3e8b360e1ecb618dc5d0dc8a0e63a15df59596a1d87be746216
Ada-MGAD-e2e-v2-c0rawmask,feb9e6264b284bf6dcc3a3e0ae35fa7609880975,experiments/p6/c1_supervision_oos/c1-supervision-oos-v1-seed42/predictions/prediction_lock.json,6883,ee9500730e7b982557de31d9fd138c13e09e5af397b11354e88b305f0233c967
Ada-MGAD-e2e-v2-c0rawmask,feb9e6264b284bf6dcc3a3e0ae35fa7609880975,experiments/p6/c1_supervision_oos/c1-supervision-oos-v1-seed42/predictions/scope_rankings.csv,1596904,b444a4d92c601430b79a3fee5e6fcddc97c3a8573cd20bd0c16a828d5bf6a650
Ada-MGAD-e2e-v2-c0rawmask,feb9e6264b284bf6dcc3a3e0ae35fa7609880975,experiments/p6/c1_supervision_oos/c1-supervision-oos-v1-seed42/rca/arm_b.json,753,2ba84aa9ec52b488db82b2dadce049c9c0105f2147176ff5716ba4d15ee8a4c7
Ada-MGAD-e2e-v2-c0rawmask,feb9e6264b284bf6dcc3a3e0ae35fa7609880975,experiments/p6/c1_supervision_oos/c1-supervision-oos-v1-seed42/rca/arm_c.json,752,6132941dd09f098a4c711c954ddec473eac11de63f5b094586413d95d7e6ca27
Ada-MGAD-e2e-v2-c0rawmask,feb9e6264b284bf6dcc3a3e0ae35fa7609880975,experiments/p6/c1_supervision_oos/c1-supervision-oos-v1-seed42/rca/completion_manifest.json,3538,2e446855d9e9cff34c684e8472d7510d1deb3cf5849aa9d8461e7d456127e9b0
Ada-MGAD-e2e-v2-c0rawmask,feb9e6264b284bf6dcc3a3e0ae35fa7609880975,experiments/p6/c1_supervision_oos/c1-supervision-oos-v1-seed42/run_lock.json,6331,0b5a2b649c31305eec88d631f2d57ef2a45a7d4d643d861478b3a11d620c9c56
Ada-MGAD-e2e-v2-c0rawmask,feb9e6264b284bf6dcc3a3e0ae35fa7609880975,experiments/p6/c1_supervision_oos/c1-supervision-oos-v1-seed42/train_cohort/cases.csv,325878,83ee698981272bfb1f89d1c2d9b1c2c622b63c419a08c251abde2bf7965821dd
Ada-MGAD-e2e-v2-c0rawmask,feb9e6264b284bf6dcc3a3e0ae35fa7609880975,experiments/p6/c1_supervision_oos/c1-supervision-oos-v1-seed42/train_cohort/completion_manifest.json,4746,b36dfaa5ba38bc741e318d8cb9e59e5f225324ff9cd3422b6040faff04634550
Ada-MGAD-e2e-v2-c0rawmask,feb9e6264b284bf6dcc3a3e0ae35fa7609880975,experiments/p6/c1_supervision_oos/c1-supervision-oos-v1-seed42/train_cohort/exclusions.csv,1760,3f5dc5665be94d84e76d3e1e3f84756ae4fdd00e2f42dc96eed7ac3de3941cd6
Ada-MGAD-e2e-v2-c0rawmask,feb9e6264b284bf6dcc3a3e0ae35fa7609880975,experiments/p6/c1_supervision_oos/c1-supervision-oos-v1-seed42/train_cohort/matching.csv,811460,5c3aa3085f03c2061af4e89e06f6a2f138e0bf69395e2deba438a61a643d8db4
Ada-MGAD-e2e-v2-c0rawmask,feb9e6264b284bf6dcc3a3e0ae35fa7609880975,experiments/p6/score_decomposition/classification/diagnosis_metrics.json,2093,60fe8440d8c42b2d3a842f7a7c7e4ae861c226ca622ae7eb1923b979c9d44a8e
Ada-MGAD-e2e-v2-c0rawmask,feb9e6264b284bf6dcc3a3e0ae35fa7609880975,experiments/p6/score_decomposition/classification/event_metrics.json,5147,f40cd2d1f1940bf80eeb298a9350fec848e7b4e64b8730999fb0ed37decd3827
Ada-MGAD-e2e-v2-c0rawmask,feb9e6264b284bf6dcc3a3e0ae35fa7609880975,experiments/p6/score_decomposition/classification/localization_metrics.json,28925,ceab500c6dee1d5d0fe39a18534c887edfc8355b6491b3535e12a44a423cd4f8
Ada-MGAD-e2e-v2-c0rawmask,feb9e6264b284bf6dcc3a3e0ae35fa7609880975,experiments/p6/score_decomposition/classification/rca_metrics.json,5581,d8416b903e9babb73045ae016fa7ef8fc20adf7e9c100a25c25d54b767eba99f
Ada-MGAD-e2e-v2-c0rawmask,feb9e6264b284bf6dcc3a3e0ae35fa7609880975,experiments/p6/score_decomposition/classification/threshold.json,1217,db3862ddb8e2b5d78cee4a4693cc7a5bc56919af20ef592134dbdd571bc6c56d
Ada-MGAD-e2e-v2-c0rawmask,feb9e6264b284bf6dcc3a3e0ae35fa7609880975,experiments/p6/score_decomposition/common_cases.csv,783153,0bb6bf3e435baf179c4cb1e1deda4bdc42c749d513865a3fcc50d4abf1bdb396
Ada-MGAD-e2e-v2-c0rawmask,feb9e6264b284bf6dcc3a3e0ae35fa7609880975,experiments/p6/score_decomposition/comparison.json,92985,ce6965fe10c1773e4c0021f8eb5cb1121e8c96a655067520d20d6dec3efb5190
Ada-MGAD-e2e-v2-c0rawmask,feb9e6264b284bf6dcc3a3e0ae35fa7609880975,experiments/p6/score_decomposition/fused/diagnosis_metrics.json,2085,77d6d3adbb2e76b49b41d16eafb56d4d020faae6d04e25be52ab2a0d209d101c
Ada-MGAD-e2e-v2-c0rawmask,feb9e6264b284bf6dcc3a3e0ae35fa7609880975,experiments/p6/score_decomposition/fused/event_metrics.json,5105,930173c6cec6c10880f6b375fbf363c1dc62988b836ba86c8c6c1ea4604e0bb6
Ada-MGAD-e2e-v2-c0rawmask,feb9e6264b284bf6dcc3a3e0ae35fa7609880975,experiments/p6/score_decomposition/fused/localization_metrics.json,29146,9b230dbaee9901ce3b9d9b8308a1e69e40b782e557611e8bee24239bdbb1c095
Ada-MGAD-e2e-v2-c0rawmask,feb9e6264b284bf6dcc3a3e0ae35fa7609880975,experiments/p6/score_decomposition/fused/rca_metrics.json,5617,d6489f7ed8c2c7563f990e58fdaa17e07feeccd7514f809a3a25c235b8abfb73
Ada-MGAD-e2e-v2-c0rawmask,feb9e6264b284bf6dcc3a3e0ae35fa7609880975,experiments/p6/score_decomposition/fused/threshold.json,1212,8b3b74d8d838c3303c9b2e6c32c25fe5549df0e78a93790caa59ac383ee5d741
Ada-MGAD-e2e-v2-c0rawmask,feb9e6264b284bf6dcc3a3e0ae35fa7609880975,experiments/p6/score_decomposition/label_identity_audit.json,1024,6652840bdf55c317b10d2ae4bf5223d6cde67a541688f5a13261b81d7b710010
Ada-MGAD-e2e-v2-c0rawmask,feb9e6264b284bf6dcc3a3e0ae35fa7609880975,experiments/p6/score_decomposition/manifest.json,7530,65ef6b0a85b907dbc378bafaf712732144a35e5280ae1ab44babb8125f1067ba
Ada-MGAD-e2e-v2-c0rawmask,feb9e6264b284bf6dcc3a3e0ae35fa7609880975,experiments/p6/score_decomposition/prediction_artifacts.json,1626,f552fde50da06bebf0b8aecd020e5e3825a52b279aef900154a419d04be38afc
Ada-MGAD-e2e-v2-c0rawmask,feb9e6264b284bf6dcc3a3e0ae35fa7609880975,experiments/p6/score_decomposition/rca/rca_feature_health.json,1806,015b06395de0fe6b2d6ae799629230ce37068ab119564842e319b9a333035493
Ada-MGAD-e2e-v2-c0rawmask,feb9e6264b284bf6dcc3a3e0ae35fa7609880975,experiments/p6/score_decomposition/rca/rca_feature_manifest.json,2831,7cb9ee84f4e2ce06db7a695027957b25ed69bbd9ccd3865bd2f17f0524c6669e
Ada-MGAD-e2e-v2-c0rawmask,feb9e6264b284bf6dcc3a3e0ae35fa7609880975,experiments/p6/score_decomposition/reconstruction/diagnosis_metrics.json,2069,1f5f35c7ef97acbf3b740dadc011627b5767f60e7933f7df2bbf53ff1888b4c9
Ada-MGAD-e2e-v2-c0rawmask,feb9e6264b284bf6dcc3a3e0ae35fa7609880975,experiments/p6/score_decomposition/reconstruction/event_metrics.json,5142,b54a64b01f5e3f9555d094b85787c1bfe94580121162f2a330781550375c61e4
Ada-MGAD-e2e-v2-c0rawmask,feb9e6264b284bf6dcc3a3e0ae35fa7609880975,experiments/p6/score_decomposition/reconstruction/localization_metrics.json,28269,d35901afceaeac0715266af6d0110c10e444bea83774f7228be90f7a35462b82
Ada-MGAD-e2e-v2-c0rawmask,feb9e6264b284bf6dcc3a3e0ae35fa7609880975,experiments/p6/score_decomposition/reconstruction/rca_metrics.json,5395,6f573174833b1afac5eba0d2eb9b10da85d498e0736d975e1324588575799b7f
Ada-MGAD-e2e-v2-c0rawmask,feb9e6264b284bf6dcc3a3e0ae35fa7609880975,experiments/p6/score_decomposition/reconstruction/threshold.json,1219,001fd77e80047ef147b1b4969420c9063280ea04a25df7a59c36328bcb367140
Ada-MGAD-e2e-v2-c0rawmask,feb9e6264b284bf6dcc3a3e0ae35fa7609880975,experiments/p6/score_decomposition/score_range.json,946,065dbfa7e5b3a6e53e2bc3493fd80448d9613d0b7043d15a314aa1e3f30a20b5
Ada-MGAD-e2e-v2-c0rawmask,feb9e6264b284bf6dcc3a3e0ae35fa7609880975,experiments/p6/score_decomposition/score_replay.json,4465,b292ac3e2b5640703cbda942a161ec5ac048fa0c0263ca15b72089b96385ac3d
Ada-MGAD-e2e-v2-c0rawmask,feb9e6264b284bf6dcc3a3e0ae35fa7609880975,experiments/p6/system_event_trigger/manifest.json,28509,cb222bb5c21d20d8a7546e8b1ee1b4882daaac5d4a397d0e07655fe646cf9794
Ada-MGAD-e2e-v2-c0rawmask,feb9e6264b284bf6dcc3a3e0ae35fa7609880975,experiments/p6/system_event_trigger/split_audit.json,12293,e5c60574f4c36ba5c7ebddbc869ede70f6f9aa83cf35c46fd611dbfba310463e
Ada-MGAD-e2e-v2-c0rawmask,feb9e6264b284bf6dcc3a3e0ae35fa7609880975,experiments/p6/system_event_trigger/split_manifest.json,8121,1cad441a2d207379ffd8838bc2d655e9c68f3e03b6f4f7e666413a0b33aca193
Ada-MGAD-e2e-v2-c0rawmask,feb9e6264b284bf6dcc3a3e0ae35fa7609880975,experiments/p6/system_event_trigger/test_metrics.json,14261,2968632cc4da1b807d976d8bb1c449f9d755cb1c15d2ee43bcd440b74946ce5b
Ada-MGAD-e2e-v2-c0rawmask,feb9e6264b284bf6dcc3a3e0ae35fa7609880975,experiments/p6/system_event_trigger/training_log.json,18166,fcd54effee28206a6cdc964458bedb98c17a26906b58497140e42b567150b48a
Ada-MGAD-e2e-v2-c0rawmask,feb9e6264b284bf6dcc3a3e0ae35fa7609880975,experiments/p6/system_event_trigger/validation_selection.json,21174,b5167c8d5df9cd9eebd7812cb76733799aa3f7829f3fe1a2c5cdb0ec51715a24
Ada-MGAD-e2e-v2-c0replica,2e16c8e1a58c3c4c863986391639a95fed3061d0,experiments/p6/c0_causal_comparison/nn-vs-xgb-v1/comparison.json,59375,194a78013eaf73f575d5ba543954e463d426ab12bed5d9416be22b2de14c0497
Ada-MGAD-e2e-v2-c0replica,2e16c8e1a58c3c4c863986391639a95fed3061d0,experiments/p6/c0_causal_comparison/nn-vs-xgb-v1/reference_records/checkpoint_impact/checkpoint_audit.json,2442,1ec753291ba1387a8faaeefa27be1d3082661d5b4e5afd46093170cb34f65192
Ada-MGAD-e2e-v2-c0replica,2e16c8e1a58c3c4c863986391639a95fed3061d0,experiments/p6/c0_causal_comparison/nn-vs-xgb-v1/reference_records/checkpoint_impact/completion_manifest.json,1381,b64a4afa2cfba8899a96445a5cbf8715caccdeab08f812746cddfeb0dc35e031
Ada-MGAD-e2e-v2-c0replica,2e16c8e1a58c3c4c863986391639a95fed3061d0,experiments/p6/c0_causal_comparison/nn-vs-xgb-v1/reference_records/checkpoint_impact/development_input_lock.json,4693,4cba75bf00e68482994c91109659f1b62143b26451ee5147acb6a520c795175b
Ada-MGAD-e2e-v2-c0replica,2e16c8e1a58c3c4c863986391639a95fed3061d0,experiments/p6/c0_causal_comparison/nn-vs-xgb-v1/reference_records/checkpoint_impact/real_window_causality_gate.json,673,5cfcd0a8bed2684db3ab472a3c706e278b531a0514ba4da61bb0a6f8dc9ad309
Ada-MGAD-e2e-v2-c0replica,2e16c8e1a58c3c4c863986391639a95fed3061d0,experiments/p6/c0_causal_comparison/nn-vs-xgb-v1/reference_records/nn/completion_manifest.json,1361,05ed46d33516b5b58fb5ed02f29dadfc965c5b1efb5083455578a3ac3279d43c
Ada-MGAD-e2e-v2-c0replica,2e16c8e1a58c3c4c863986391639a95fed3061d0,experiments/p6/c0_causal_comparison/nn-vs-xgb-v1/reference_records/nn/development_input_lock.json,4693,4cba75bf00e68482994c91109659f1b62143b26451ee5147acb6a520c795175b
Ada-MGAD-e2e-v2-c0replica,2e16c8e1a58c3c4c863986391639a95fed3061d0,experiments/p6/c0_causal_comparison/nn-vs-xgb-v1/reference_records/nn/real_window_causality_gate.json,653,3e7d3504ec2ef49fd6b359bced1312e177b04cf07d663cd9ce3fb675ef54e231
Ada-MGAD-e2e-v2-c0replica,2e16c8e1a58c3c4c863986391639a95fed3061d0,experiments/p6/c0_causal_comparison/nn-vs-xgb-v1/reference_records/nn/training_log.json,16022,df3dc210652c2a2eecc2bdf9162db6d5c4a2b13f748ac5b212137bc6e001b840
Ada-MGAD-e2e-v2-c0replica,2e16c8e1a58c3c4c863986391639a95fed3061d0,experiments/p6/c0_causal_comparison/nn-vs-xgb-v1/reference_records/nn/validation_selection.json,19192,196582641cbbba0234ab18e6f96d2ca1d2b297646ce884888b4bb809f768a133
Ada-MGAD-e2e-v2-c0replica,2e16c8e1a58c3c4c863986391639a95fed3061d0,experiments/p6/c0_causal_comparison/nn-vs-xgb-v1/reference_records/xgb_original_fit/development_input_lock.json,5091,1031cfb1ba9801b837744d055a4fbe967ceb4cc372f90dd0616876456c708629
Ada-MGAD-e2e-v2-c0replica,2e16c8e1a58c3c4c863986391639a95fed3061d0,experiments/p6/c0_causal_comparison/nn-vs-xgb-v1/reference_records/xgb_original_fit/failure_record.json,367,da36a5d1ce1c57fcdf8706ccaa714cb4ae7c936bfba1d9c02175728e801dac2d
Ada-MGAD-e2e-v2-c0replica,2e16c8e1a58c3c4c863986391639a95fed3061d0,experiments/p6/c0_causal_comparison/nn-vs-xgb-v1/reference_records/xgb_original_fit/feature_lock.json,669,692a85d45b08e4024da5622cf4a7b81cac2a475440a889ced0bdc086a231875f
Ada-MGAD-e2e-v2-c0replica,2e16c8e1a58c3c4c863986391639a95fed3061d0,experiments/p6/c0_causal_comparison/nn-vs-xgb-v1/reference_records/xgb_original_fit/fit_report.json,1617,2f658dfff15c1639efdceef7616a1468ffc54dfda0a0e26ef1f6be7bed8fd118
Ada-MGAD-e2e-v2-c0replica,2e16c8e1a58c3c4c863986391639a95fed3061d0,experiments/p6/c0_causal_comparison/nn-vs-xgb-v1/reference_records/xgb_original_fit/validation_prediction_lock.json,402,7ffd8934c8023941444523263c1489009da8c8f056440d777bca665e1d946717
Ada-MGAD-e2e-v2-c0replica,2e16c8e1a58c3c4c863986391639a95fed3061d0,experiments/p6/c0_causal_comparison/nn-vs-xgb-v1/research_manifest.json,4788,44c8b0130db6947a07a778a79ba09c8d5691bfd607ffad907b417ac28fe42b6a
Ada-MGAD-e2e-v2-c0replica,2e16c8e1a58c3c4c863986391639a95fed3061d0,experiments/p6/c0_flat_xgb/finalized-v1-seed42/completion_manifest.json,1327,a30d583f4945a94a8af79de5af34caea0daf7cfe3fd0688a92554192738bb180
Ada-MGAD-e2e-v2-c0replica,2e16c8e1a58c3c4c863986391639a95fed3061d0,experiments/p6/c0_flat_xgb/finalized-v1-seed42/finalization_input_lock.json,6678,83443fac0726f04910c4e1a889f463f4f23b2111154f9af0179708e69c4af4a0
Ada-MGAD-e2e-v2-c0replica,2e16c8e1a58c3c4c863986391639a95fed3061d0,experiments/p6/c0_flat_xgb/finalized-v1-seed42/fit_report.json,1617,2f658dfff15c1639efdceef7616a1468ffc54dfda0a0e26ef1f6be7bed8fd118
Ada-MGAD-e2e-v2-c0replica,2e16c8e1a58c3c4c863986391639a95fed3061d0,experiments/p6/c0_flat_xgb/finalized-v1-seed42/validation_prediction_lock.json,346,5c3bce054f7113128eb55410a19c23f2be4a51a23a37928e44d47344931321af
Ada-MGAD-e2e-v2-c0replica,2e16c8e1a58c3c4c863986391639a95fed3061d0,experiments/p6/c0_flat_xgb/finalized-v1-seed42/validation_selection.json,4132,98363249a2b7a755b3622947b03c13b5b12f80fa01de7a6268bcb18be357261d
Ada-MGAD-e2e-v2-c0replica,2e16c8e1a58c3c4c863986391639a95fed3061d0,experiments/p6/c0_long_weight/development_comparison_v1.json,25913,2666db85e9422a7063b23b377efcc6a5fc205706ed7e38fafb27267eb5519f77
Ada-MGAD-e2e-v2-c0replica,2e16c8e1a58c3c4c863986391639a95fed3061d0,experiments/p6/c0_long_weight/gpu-control-v1-seed42/development_manifest.json,3907,54c217f08b951c75fbb45650e8bb599f79bec2d36e582104ed9f9c0a82fa96dd
Ada-MGAD-e2e-v2-c0replica,2e16c8e1a58c3c4c863986391639a95fed3061d0,experiments/p6/c0_long_weight/gpu-control-v1-seed42/p6_c0.log,2590,8eedf228216f7e2ec31260ec44fa2906d98b1aa853e1f7d2248e5091fa7c28c1
Ada-MGAD-e2e-v2-c0replica,2e16c8e1a58c3c4c863986391639a95fed3061d0,experiments/p6/c0_long_weight/gpu-control-v1-seed42/split_audit.json,12327,8715dd6f2cc8b5e3dc4458a00c060450ab0acd2291989c37571941e35e3d516f
Ada-MGAD-e2e-v2-c0replica,2e16c8e1a58c3c4c863986391639a95fed3061d0,experiments/p6/c0_long_weight/gpu-control-v1-seed42/split_manifest.json,8130,d1e01a7d582135d860def8389e0c57f842964c5842cb8b389fdfbbf95582a6dd
Ada-MGAD-e2e-v2-c0replica,2e16c8e1a58c3c4c863986391639a95fed3061d0,experiments/p6/c0_long_weight/gpu-control-v1-seed42/training_log.json,10778,91c12d57d43d39dc6e70e8a42ace6f4fa695b53afcc55998c9e2b82547c9aa3f
Ada-MGAD-e2e-v2-c0replica,2e16c8e1a58c3c4c863986391639a95fed3061d0,experiments/p6/c0_long_weight/gpu-control-v1-seed42/validation_episodes.csv,214650,38871d4b941cc49ac665907fb97dd2e86f6369bb8841d03980869c3ad46e3379
Ada-MGAD-e2e-v2-c0replica,2e16c8e1a58c3c4c863986391639a95fed3061d0,experiments/p6/c0_long_weight/gpu-control-v1-seed42/validation_matching.csv,522796,8bf838043e19e4e250e19ce72fa67cbea712ea0873074a1523408e3f3957586b
Ada-MGAD-e2e-v2-c0replica,2e16c8e1a58c3c4c863986391639a95fed3061d0,experiments/p6/c0_long_weight/gpu-control-v1-seed42/validation_predictions.csv,2251307,dfbd8ff19fb3fe171a117ee062ae05a080ff47e69f8b845b173b00ea9ede27a7
Ada-MGAD-e2e-v2-c0replica,2e16c8e1a58c3c4c863986391639a95fed3061d0,experiments/p6/c0_long_weight/gpu-control-v1-seed42/validation_selection.json,13913,888d68732bfdb086a0536e6321b8420ad1d4fba11921eb63f2a9577be73b0928
Ada-MGAD-e2e-v2-c0replica,2e16c8e1a58c3c4c863986391639a95fed3061d0,experiments/p6/c0_long_weight/weighted-v1-seed42/development_manifest.json,3907,97a866e7b277a7f747e5080cd7f03ad46860ed4ad774c44e46a02d905963935e
Ada-MGAD-e2e-v2-c0replica,2e16c8e1a58c3c4c863986391639a95fed3061d0,experiments/p6/c0_long_weight/weighted-v1-seed42/p6_c0.log,2815,1e93a4a8cd06d75fa0bea51c7450b0ad6aea6eed0d4187373600216e03c7a8b8
Ada-MGAD-e2e-v2-c0replica,2e16c8e1a58c3c4c863986391639a95fed3061d0,experiments/p6/c0_long_weight/weighted-v1-seed42/split_audit.json,12328,b1365b9be5117c686528a047bb586ea559b05530153ab52dff925307494e6426
Ada-MGAD-e2e-v2-c0replica,2e16c8e1a58c3c4c863986391639a95fed3061d0,experiments/p6/c0_long_weight/weighted-v1-seed42/split_manifest.json,8130,e15e678cd2c4e186abf24a877b3c6a98c44cb946580f25b2137a129752b45020
Ada-MGAD-e2e-v2-c0replica,2e16c8e1a58c3c4c863986391639a95fed3061d0,experiments/p6/c0_long_weight/weighted-v1-seed42/training_log.json,12860,5a1bec9c01c5915c049f4098248968f00387afaedc223ada5519095f96479bd7
Ada-MGAD-e2e-v2-c0replica,2e16c8e1a58c3c4c863986391639a95fed3061d0,experiments/p6/c0_long_weight/weighted-v1-seed42/validation_episodes.csv,215345,c0aa0b05371f3b470def96b533c553dc0a295f811b738d3384acfc11b90c16b4
Ada-MGAD-e2e-v2-c0replica,2e16c8e1a58c3c4c863986391639a95fed3061d0,experiments/p6/c0_long_weight/weighted-v1-seed42/validation_matching.csv,523619,db378b68a2e4bb8e2a41ded337ae56567bcc6c303511b9f9946d047eb57cbdb8
Ada-MGAD-e2e-v2-c0replica,2e16c8e1a58c3c4c863986391639a95fed3061d0,experiments/p6/c0_long_weight/weighted-v1-seed42/validation_predictions.csv,2252354,19c6d75fdcb7c5c9dab3aace09d70ae3c73b7396e9419afb3a7fb93e2d4794e1
Ada-MGAD-e2e-v2-c0replica,2e16c8e1a58c3c4c863986391639a95fed3061d0,experiments/p6/c0_long_weight/weighted-v1-seed42/validation_selection.json,16606,a34856d67c7889833e6106bc4c40537aa344f051c43d0b6c71ec8e640e9cb9c2
Ada-MGAD-e2e-v2-c0replica,2e16c8e1a58c3c4c863986391639a95fed3061d0,experiments/p6/c0_onset_tcn_replication/seed17-bin-v1/analysis_input_lock.json,6073,d8000eb86cf422b3b069aa96485fb10b07374f83784b15488e827a382551767d
Ada-MGAD-e2e-v2-c0replica,2e16c8e1a58c3c4c863986391639a95fed3061d0,experiments/p6/c0_onset_tcn_replication/seed17-bin-v1/baseline_merged_candidates.csv,216260,48ec17de8437e0ea01ea490df414af4c8f3e3c3a08f881bd8724bb2696eb20a6
Ada-MGAD-e2e-v2-c0replica,2e16c8e1a58c3c4c863986391639a95fed3061d0,experiments/p6/c0_onset_tcn_replication/seed17-bin-v1/baseline_merged_failure_ledger.csv,1128416,a0a71becbd80f9ad046d17988b394fd34dcc495fefe6120ad9583e96285bb6ca
Ada-MGAD-e2e-v2-c0replica,2e16c8e1a58c3c4c863986391639a95fed3061d0,experiments/p6/c0_onset_tcn_replication/seed17-bin-v1/baseline_merged_matching.csv,524820,d00d02f31f35fc3540f097449542d52e9c31ee3a068a9d1570fddcc54a3665af
Ada-MGAD-e2e-v2-c0replica,2e16c8e1a58c3c4c863986391639a95fed3061d0,experiments/p6/c0_onset_tcn_replication/seed17-bin-v1/completion_manifest.json,1706,a37535c2f8a8ca998f63980db9f4d7a1cd3cc0b917f8ee89bf62104414285c70
Ada-MGAD-e2e-v2-c0replica,2e16c8e1a58c3c4c863986391639a95fed3061d0,experiments/p6/c0_onset_tcn_replication/seed17-bin-v1/decoder_comparison.json,143608,86159099bf61c9237357f199422d9485c16ac7d9503903a701896dc9769eaf41
Ada-MGAD-e2e-v2-c0replica,2e16c8e1a58c3c4c863986391639a95fed3061d0,experiments/p6/c0_onset_tcn_replication/seed17-bin-v1/onset_bins_fixed_threshold_candidates.csv,247255,803cdc1d46df75f86a8a4e1943b9a75e6f622132188533880f1c71d00dd0e49b
Ada-MGAD-e2e-v2-c0replica,2e16c8e1a58c3c4c863986391639a95fed3061d0,experiments/p6/c0_onset_tcn_replication/seed17-bin-v1/onset_bins_fixed_threshold_failure_ledger.csv,1138339,660745756912d013c838a507dfc5a36a9201464235f064b2c346992f59815564
Ada-MGAD-e2e-v2-c0replica,2e16c8e1a58c3c4c863986391639a95fed3061d0,experiments/p6/c0_onset_tcn_replication/seed17-bin-v1/onset_bins_fixed_threshold_matching.csv,571192,adb82abb22b65134e7763cc91ac6c82309144b5a2154c68098e274aa5816e85f
Ada-MGAD-e2e-v2-c0replica,2e16c8e1a58c3c4c863986391639a95fed3061d0,experiments/p6/c0_onset_tcn_replication/seed17-bin-v1/onset_bins_validation_selected_candidates.csv,220727,252144773326279c7ecc460dc33469f13e7fd9373f63ca420420ee5d49fc602a
Ada-MGAD-e2e-v2-c0replica,2e16c8e1a58c3c4c863986391639a95fed3061d0,experiments/p6/c0_onset_tcn_replication/seed17-bin-v1/onset_bins_validation_selected_failure_ledger.csv,1135243,6cb93529a4646b8b9d16ccb22302c5cab40324e7d7190c1d912bdc707f92adb9
Ada-MGAD-e2e-v2-c0replica,2e16c8e1a58c3c4c863986391639a95fed3061d0,experiments/p6/c0_onset_tcn_replication/seed17-bin-v1/onset_bins_validation_selected_matching.csv,538066,10805b531a9da0ccf095cdbb1e643d14e8a243796d9919fa1a9adcaa547e00d3
Ada-MGAD-e2e-v2-c0replica,2e16c8e1a58c3c4c863986391639a95fed3061d0,experiments/p6/c0_onset_tcn_replication/seed17-bin-v1/onset_merged_candidates.csv,223315,679ad37562f80cb0f066565288a2891ce3fa6ce352c3341c65c47370c6d60a63
Ada-MGAD-e2e-v2-c0replica,2e16c8e1a58c3c4c863986391639a95fed3061d0,experiments/p6/c0_onset_tcn_replication/seed17-bin-v1/onset_merged_failure_ledger.csv,1130046,7b09d93c0cf963b8562d8d7b86848e2a7b9d01c8f48a08d64b4eef9724dcfff0
Ada-MGAD-e2e-v2-c0replica,2e16c8e1a58c3c4c863986391639a95fed3061d0,experiments/p6/c0_onset_tcn_replication/seed17-bin-v1/onset_merged_matching.csv,533173,c2934d1ec40a6086248f26348df865dfa480c92e88bc274d954a5409968b46d5
Ada-MGAD-e2e-v2-c0replica,2e16c8e1a58c3c4c863986391639a95fed3061d0,experiments/p6/c0_onset_tcn_replication/seed17-v1/checkpoint/best_validation_event_f1.pt,222677,fe4dcb8557630efb58ec90b0213a57c88080ef155683fc5dd70295e68120ebc6
Ada-MGAD-e2e-v2-c0replica,2e16c8e1a58c3c4c863986391639a95fed3061d0,experiments/p6/c0_onset_tcn_replication/seed17-v1/completion_manifest.json,1293,c61d0ed9c3e42641ae22db09c72e2d5579330243b39e28f5aa43121bd725f8a0
Ada-MGAD-e2e-v2-c0replica,2e16c8e1a58c3c4c863986391639a95fed3061d0,experiments/p6/c0_onset_tcn_replication/seed17-v1/development_input_lock.json,14126,454a597f4ccd814f9ccb64c387b1568399faf58e6c1f9481e8545f6f6eaf52af
Ada-MGAD-e2e-v2-c0replica,2e16c8e1a58c3c4c863986391639a95fed3061d0,experiments/p6/c0_onset_tcn_replication/seed17-v1/fit_gt.csv,610575,dd366f9246ef30c38963833535b251051975de023809905e2d087d230ac1b3c2
Ada-MGAD-e2e-v2-c0replica,2e16c8e1a58c3c4c863986391639a95fed3061d0,experiments/p6/c0_onset_tcn_replication/seed17-v1/p6_c0.log,1414,5c5f27124f8df3795258105fa08ce2885782ffd6c9a174dbe580ec50ca4a6ad3
Ada-MGAD-e2e-v2-c0replica,2e16c8e1a58c3c4c863986391639a95fed3061d0,experiments/p6/c0_onset_tcn_replication/seed17-v1/real_window_causality_gate.json,639,b2ba208ca0e0696b76dd30d9d3d901ee4d533a51bffe43026b2bd48f0d1b3980
Ada-MGAD-e2e-v2-c0replica,2e16c8e1a58c3c4c863986391639a95fed3061d0,experiments/p6/c0_onset_tcn_replication/seed17-v1/training_log.json,11814,46d3c8a0663bdf7c7f9043ef2623e77d23a86657971e2e1ba9cf16b98b240618
Ada-MGAD-e2e-v2-c0replica,2e16c8e1a58c3c4c863986391639a95fed3061d0,experiments/p6/c0_onset_tcn_replication/seed17-v1/validation_episodes.csv,223315,679ad37562f80cb0f066565288a2891ce3fa6ce352c3341c65c47370c6d60a63
Ada-MGAD-e2e-v2-c0replica,2e16c8e1a58c3c4c863986391639a95fed3061d0,experiments/p6/c0_onset_tcn_replication/seed17-v1/validation_gt.csv,259687,c522cd913b07508598bc0506ff7111ce9ffdb22a7704227f924f06d2dbd1b7bc
Ada-MGAD-e2e-v2-c0replica,2e16c8e1a58c3c4c863986391639a95fed3061d0,experiments/p6/c0_onset_tcn_replication/seed17-v1/validation_matching.csv,533173,c2934d1ec40a6086248f26348df865dfa480c92e88bc274d954a5409968b46d5
Ada-MGAD-e2e-v2-c0replica,2e16c8e1a58c3c4c863986391639a95fed3061d0,experiments/p6/c0_onset_tcn_replication/seed17-v1/validation_predictions.csv,2262746,f4614158d032e829fc79c8380626ac7e23ed1fabedc0f0e9366dda79d1fddef8
Ada-MGAD-e2e-v2-c0replica,2e16c8e1a58c3c4c863986391639a95fed3061d0,experiments/p6/c0_onset_tcn_replication/seed17-v1/validation_selection.json,15894,12d8c82689e030ebcac8ad6e8e1ab4c942055c55de3734c74236acc81a86a076
Ada-MGAD-e2e-v2-c0replica,2e16c8e1a58c3c4c863986391639a95fed3061d0,experiments/p6/c0_onset_tcn_replication/seed2026-bin-v1/analysis_input_lock.json,6083,5943cb2148120fa82c2f93e6a6592a756749435627e6f9b6a92c530d57749450
Ada-MGAD-e2e-v2-c0replica,2e16c8e1a58c3c4c863986391639a95fed3061d0,experiments/p6/c0_onset_tcn_replication/seed2026-bin-v1/baseline_merged_candidates.csv,216260,48ec17de8437e0ea01ea490df414af4c8f3e3c3a08f881bd8724bb2696eb20a6
Ada-MGAD-e2e-v2-c0replica,2e16c8e1a58c3c4c863986391639a95fed3061d0,experiments/p6/c0_onset_tcn_replication/seed2026-bin-v1/baseline_merged_failure_ledger.csv,1128416,a0a71becbd80f9ad046d17988b394fd34dcc495fefe6120ad9583e96285bb6ca
Ada-MGAD-e2e-v2-c0replica,2e16c8e1a58c3c4c863986391639a95fed3061d0,experiments/p6/c0_onset_tcn_replication/seed2026-bin-v1/baseline_merged_matching.csv,524820,d00d02f31f35fc3540f097449542d52e9c31ee3a068a9d1570fddcc54a3665af
Ada-MGAD-e2e-v2-c0replica,2e16c8e1a58c3c4c863986391639a95fed3061d0,experiments/p6/c0_onset_tcn_replication/seed2026-bin-v1/completion_manifest.json,1706,df64f262c1b3d707f41170a2423cc856b4565ee5917d810a1da84255479ec1cb
Ada-MGAD-e2e-v2-c0replica,2e16c8e1a58c3c4c863986391639a95fed3061d0,experiments/p6/c0_onset_tcn_replication/seed2026-bin-v1/decoder_comparison.json,140732,1671c24b1d2483c897575aee007d5c93514410486669bae6d8ff3caaf1cc3803
Ada-MGAD-e2e-v2-c0replica,2e16c8e1a58c3c4c863986391639a95fed3061d0,experiments/p6/c0_onset_tcn_replication/seed2026-bin-v1/onset_bins_fixed_threshold_candidates.csv,481230,1f35558f9363332182843ec6834fedce5a95a4a5a34ff627e602bf773339a5b3
Ada-MGAD-e2e-v2-c0replica,2e16c8e1a58c3c4c863986391639a95fed3061d0,experiments/p6/c0_onset_tcn_replication/seed2026-bin-v1/onset_bins_fixed_threshold_failure_ledger.csv,1135309,00f71d4861eb52dd36ec9e6ce80b34bab19f79829691cac4e01705c8626339ad
Ada-MGAD-e2e-v2-c0replica,2e16c8e1a58c3c4c863986391639a95fed3061d0,experiments/p6/c0_onset_tcn_replication/seed2026-bin-v1/onset_bins_fixed_threshold_matching.csv,884738,0b1a52756ffe4e8379e189f54223df1229a30662924967c3b142cd407f4eb3cc
Ada-MGAD-e2e-v2-c0replica,2e16c8e1a58c3c4c863986391639a95fed3061d0,experiments/p6/c0_onset_tcn_replication/seed2026-bin-v1/onset_bins_validation_selected_candidates.csv,494664,0f871ebb696c7272a80c8731ccc43489c31177253ae28596e4592ce971e5c50d
Ada-MGAD-e2e-v2-c0replica,2e16c8e1a58c3c4c863986391639a95fed3061d0,experiments/p6/c0_onset_tcn_replication/seed2026-bin-v1/onset_bins_validation_selected_failure_ledger.csv,1138434,223d21a5df2122781c5a22ec53eca625dadb8f0c43016cdd0dd4829fa8def9c4
Ada-MGAD-e2e-v2-c0replica,2e16c8e1a58c3c4c863986391639a95fed3061d0,experiments/p6/c0_onset_tcn_replication/seed2026-bin-v1/onset_bins_validation_selected_matching.csv,900784,b93ae83be1afa950e539b0e2ec0f0b7fbca6a66f85fd31a8fd6354636bb258c5
Ada-MGAD-e2e-v2-c0replica,2e16c8e1a58c3c4c863986391639a95fed3061d0,experiments/p6/c0_onset_tcn_replication/seed2026-bin-v1/onset_merged_candidates.csv,217567,7f4fe8922068e1e108f7d1abdbb2a72b55b941fdba57098f8a54e72ad0022ba9
Ada-MGAD-e2e-v2-c0replica,2e16c8e1a58c3c4c863986391639a95fed3061d0,experiments/p6/c0_onset_tcn_replication/seed2026-bin-v1/onset_merged_failure_ledger.csv,1127090,6a5b270c758eec3ca6ee17a4320c2a3602f82545cf5ff8438f8edaa2b29bb5e7
Ada-MGAD-e2e-v2-c0replica,2e16c8e1a58c3c4c863986391639a95fed3061d0,experiments/p6/c0_onset_tcn_replication/seed2026-bin-v1/onset_merged_matching.csv,526695,78cf63e1e11890daa30670c8e4f3e876c14fbb2435d50a1497adba0bd1c99ca4
Ada-MGAD-e2e-v2-c0replica,2e16c8e1a58c3c4c863986391639a95fed3061d0,experiments/p6/c0_onset_tcn_replication/seed2026-v1/checkpoint/best_validation_event_f1.pt,222677,eb8433242afec6b655a8711f6a0c2f0845f774270bb22c5dd41d62e85c718677
Ada-MGAD-e2e-v2-c0replica,2e16c8e1a58c3c4c863986391639a95fed3061d0,experiments/p6/c0_onset_tcn_replication/seed2026-v1/completion_manifest.json,1293,bc621dbe163edcd353f4a553d78b95d330d6883862b8883b394fdfa0214a5bd5
Ada-MGAD-e2e-v2-c0replica,2e16c8e1a58c3c4c863986391639a95fed3061d0,experiments/p6/c0_onset_tcn_replication/seed2026-v1/development_input_lock.json,14128,16806d63e2779e5ac201d9a9d0d1b73b1f2addcd546649d7af7fce07eb947de5
Ada-MGAD-e2e-v2-c0replica,2e16c8e1a58c3c4c863986391639a95fed3061d0,experiments/p6/c0_onset_tcn_replication/seed2026-v1/fit_gt.csv,610575,dd366f9246ef30c38963833535b251051975de023809905e2d087d230ac1b3c2
Ada-MGAD-e2e-v2-c0replica,2e16c8e1a58c3c4c863986391639a95fed3061d0,experiments/p6/c0_onset_tcn_replication/seed2026-v1/p6_c0.log,1414,92920c149298ae1024219f01fc3bfd09cb4d7a7a1329a9d8b9d3a18faacfb570
Ada-MGAD-e2e-v2-c0replica,2e16c8e1a58c3c4c863986391639a95fed3061d0,experiments/p6/c0_onset_tcn_replication/seed2026-v1/real_window_causality_gate.json,639,633f8d21ab9c72810d0a14c7c1c9e654ac83865db021d3e46ce10fb7eada555a
Ada-MGAD-e2e-v2-c0replica,2e16c8e1a58c3c4c863986391639a95fed3061d0,experiments/p6/c0_onset_tcn_replication/seed2026-v1/training_log.json,11839,635f8d9ad0ed9133256c6221a48c5ee544057db46765d24edbba0161fc69e8d9
Ada-MGAD-e2e-v2-c0replica,2e16c8e1a58c3c4c863986391639a95fed3061d0,experiments/p6/c0_onset_tcn_replication/seed2026-v1/validation_episodes.csv,217567,7f4fe8922068e1e108f7d1abdbb2a72b55b941fdba57098f8a54e72ad0022ba9
Ada-MGAD-e2e-v2-c0replica,2e16c8e1a58c3c4c863986391639a95fed3061d0,experiments/p6/c0_onset_tcn_replication/seed2026-v1/validation_gt.csv,259687,c522cd913b07508598bc0506ff7111ce9ffdb22a7704227f924f06d2dbd1b7bc
Ada-MGAD-e2e-v2-c0replica,2e16c8e1a58c3c4c863986391639a95fed3061d0,experiments/p6/c0_onset_tcn_replication/seed2026-v1/validation_matching.csv,526695,78cf63e1e11890daa30670c8e4f3e876c14fbb2435d50a1497adba0bd1c99ca4
Ada-MGAD-e2e-v2-c0replica,2e16c8e1a58c3c4c863986391639a95fed3061d0,experiments/p6/c0_onset_tcn_replication/seed2026-v1/validation_predictions.csv,2259166,5baa5876b963913d8d575c4f738b0645af0d14d2cf16a34d1b001c9179fedf89
Ada-MGAD-e2e-v2-c0replica,2e16c8e1a58c3c4c863986391639a95fed3061d0,experiments/p6/c0_onset_tcn_replication/seed2026-v1/validation_selection.json,15927,1bda8d4d29574b3f8f28412f63f5c020ba0db5ebf5fc5b4d7a7ea5cfe6a28706
Ada-MGAD-e2e-v2-c0replica,2e16c8e1a58c3c4c863986391639a95fed3061d0,experiments/p6/c0_onset_tcn_replication/stability-v1/analysis_input_lock.json,12296,423bf5cc0ef773208c371d31cb9220a8d3984e3741ce20064bc92810fbb6ceaf
Ada-MGAD-e2e-v2-c0replica,2e16c8e1a58c3c4c863986391639a95fed3061d0,experiments/p6/c0_onset_tcn_replication/stability-v1/completion_manifest.json,361,b09e308a4086386d3a4bf6ea0b52d7dcc47121a63209c5240005202fddb72a41
Ada-MGAD-e2e-v2-c0replica,2e16c8e1a58c3c4c863986391639a95fed3061d0,experiments/p6/c0_onset_tcn_replication/stability-v1/replication_comparison.json,50201,ef5bd2fef8301f58703ff17040ed699b9da647ad1f2b030907c9984d886cabfe
Ada-MGAD-e2e-v2-c0replica,2e16c8e1a58c3c4c863986391639a95fed3061d0,experiments/p6/c0_raw_onset_observability/raw-onset-v1/fit_clean_events.csv,519986,b42d0a714339ffb1f8bf07294a5fa822c48893f58bfe0475d60ab86a7aa0404a
Ada-MGAD-e2e-v2-c0replica,2e16c8e1a58c3c4c863986391639a95fed3061d0,experiments/p6/c0_raw_onset_observability/raw-onset-v1/fit_pseudo_onsets.csv,70246,b36db52779b7a745a4e47c5cf4d686b1dea0a53be2a453debdbba61e1d45f531
Ada-MGAD-e2e-v2-c0replica,2e16c8e1a58c3c4c863986391639a95fed3061d0,experiments/p6/c0_raw_onset_observability/raw-onset-v1/results.json,20440,2d8b1882fdb9a9310f9b74f848adc54033654d3a27a7ef707f609d84957d1378
Ada-MGAD-e2e-v2-c0replica,2e16c8e1a58c3c4c863986391639a95fed3061d0,experiments/p6/c0_raw_onset_observability/raw-onset-v1/validation_clean_events.csv,171016,e9715164e6b527b0570aa2ed35a4281f0847910a8356e7bcad8b53e3796181a1
Ada-MGAD-e2e-v2-c0replica,2e16c8e1a58c3c4c863986391639a95fed3061d0,experiments/p6/c0_raw_onset_observability/raw-onset-v1/validation_pseudo_onsets.csv,47187,53eb1bdcf265069cca9079495d92aae7f88415475312bdaf6da8d8e0a39dff10
Ada-MGAD-e2e-v2-c0replica,2e16c8e1a58c3c4c863986391639a95fed3061d0,experiments/p6/c0f_failure_audit/c0f-correction-20260923T0755Z/analysis_validation.json,296,ad7a15071946ca8749cbfc26c134304b3771c8e610fe1b8b2bbb81c01767fdde
Ada-MGAD-e2e-v2-c0replica,2e16c8e1a58c3c4c863986391639a95fed3061d0,experiments/p6/c0f_failure_audit/c0f-correction-20260923T0755Z/audit_config.json,3064,6e66534cd7adb078d7342fd189a891d59e8dd1b9c893868cbf06f92c34c6c820
Ada-MGAD-e2e-v2-c0replica,2e16c8e1a58c3c4c863986391639a95fed3061d0,experiments/p6/c0f_failure_audit/c0f-correction-20260923T0755Z/capacity_summary.json,13508,aaa4fe3bc740aad3c1b97dac8a8c9224fcdc766b59e693f2b07a678139eccbda
Ada-MGAD-e2e-v2-c0replica,2e16c8e1a58c3c4c863986391639a95fed3061d0,experiments/p6/c0f_failure_audit/c0f-correction-20260923T0755Z/completion_manifest.json,76920,faabd0a5e6486a89c6e6e3cab1af8f146af6cdab9fe5e728c027f5d18f80745a
Ada-MGAD-e2e-v2-c0replica,2e16c8e1a58c3c4c863986391639a95fed3061d0,experiments/p6/c0f_failure_audit/c0f-correction-20260923T0755Z/confounding_tables.json,196447,676bf2913aefd265292b4d25c6c8fc11d9bec5813f5aebf9a3d7a6e49933487d
Ada-MGAD-e2e-v2-c0replica,2e16c8e1a58c3c4c863986391639a95fed3061d0,experiments/p6/c0f_failure_audit/c0f-correction-20260923T0755Z/correction_summary.json,1427,95cdd9d0c51a29a47d84b851a8dda40c3d56e877203793781c4701a6852db181
Ada-MGAD-e2e-v2-c0replica,2e16c8e1a58c3c4c863986391639a95fed3061d0,experiments/p6/c0f_failure_audit/c0f-correction-20260923T0755Z/decision.json,21910,3cdf539f1bfe2367c9e0e34430118a565645a293138e121970832cce7984c552
Ada-MGAD-e2e-v2-c0replica,2e16c8e1a58c3c4c863986391639a95fed3061d0,experiments/p6/c0f_failure_audit/c0f-correction-20260923T0755Z/evidence_ledger.json,7998,eaf1b0a9bb641e3dd59c540512f03a61a793b4ebb83c7115b19f86ac7318e1fe
Ada-MGAD-e2e-v2-c0replica,2e16c8e1a58c3c4c863986391639a95fed3061d0,experiments/p6/c0f_failure_audit/c0f-correction-20260923T0755Z/final_report.md,12767,cfac59ff1f3d4ac489a3c11b9670e43e3e8216999019e821d1711970fdfea656
Ada-MGAD-e2e-v2-c0replica,2e16c8e1a58c3c4c863986391639a95fed3061d0,experiments/p6/c0f_failure_audit/c0f-correction-20260923T0755Z/input_integrity_after.json,227,bc834dc3b45aa4814b8e27a6d7b15d88994488d574057dcf8e18c5647782c7e4
Ada-MGAD-e2e-v2-c0replica,2e16c8e1a58c3c4c863986391639a95fed3061d0,experiments/p6/c0f_failure_audit/c0f-correction-20260923T0755Z/input_manifest.json,1272,8a22a55fe1b951a78aa30fa6a185339f45235779a9b0c4a92852cc97f11fa972
Ada-MGAD-e2e-v2-c0replica,2e16c8e1a58c3c4c863986391639a95fed3061d0,experiments/p6/c0f_failure_audit/c0f-correction-20260923T0755Z/input_snapshot.json,254827,1fdc4e0e3b82c9849e7e965471ee4431621aa3b8b7d9ec86f7afbc0fa5b9b87f
Ada-MGAD-e2e-v2-c0replica,2e16c8e1a58c3c4c863986391639a95fed3061d0,experiments/p6/c0f_failure_audit/c0f-correction-20260923T0755Z/isolation_summary.json,46108,439b4311ae6cdeeb896971b52602928cd8f8f00581b1762b7dc199338eb8cdd9
Ada-MGAD-e2e-v2-c0replica,2e16c8e1a58c3c4c863986391639a95fed3061d0,experiments/p6/c0f_failure_audit/c0f-correction-20260923T0755Z/ledger_invariants.json,520,a497cd0e28dc4627d27a343038ecda70ff3e2cd2c7579674175c7b0c1ebe8ab3
Ada-MGAD-e2e-v2-c0replica,2e16c8e1a58c3c4c863986391639a95fed3061d0,experiments/p6/c0f_failure_audit/c0f-correction-20260923T0755Z/reuse_provenance.json,1297,5d40d373429d92073ad1f677ed930107abdcfec9973afa3fd940c00d79a6ad82
Ada-MGAD-e2e-v2-c0replica,2e16c8e1a58c3c4c863986391639a95fed3061d0,experiments/p6/c0f_failure_audit/c0f-correction-20260923T0755Z/run_state.json,70344,4f58cdf5cf3c06bcc2b8ea3b12a608c6c9287a8a996a4ae0007f2a3cede3fb78
Ada-MGAD-e2e-v2-c0replica,2e16c8e1a58c3c4c863986391639a95fed3061d0,experiments/p6/c0f_failure_audit/c0f-correction-20260923T0755Z/source_integrity.json,8617,ae61ded34933922feea8dad052f115aa50abf7c311593f0a49f47b5e73270e73
Ada-MGAD-e2e-v2-c0replica,2e16c8e1a58c3c4c863986391639a95fed3061d0,experiments/p6/c0f_failure_audit/c0f-correction-20260923T0755Z/source_snapshot.json,27487,808bb33502694359a809657c56db3bc4ecf1a67887e45ba4c7949e67009d17fe
Ada-MGAD-e2e-v2-c0replica,2e16c8e1a58c3c4c863986391639a95fed3061d0,experiments/p6/c0f_failure_audit/c0f-correction-20260923T0755Z/split_population_checks.json,968,e5cad5ac9211384da9c73c83304625bb4274585228b1b733edd92f4352dfd820
Ada-MGAD-e2e-v2-c0replica,2e16c8e1a58c3c4c863986391639a95fed3061d0,experiments/p6/c0f_failure_audit/c0f-correction-20260923T0755Z/stratified_summary.json,38692,c3d3148227ad27756001b6d6b7ba1fadb603e390741e29fad34fcb8292c4962e
Ada-MGAD-e2e-v2-c0replica,2e16c8e1a58c3c4c863986391639a95fed3061d0,experiments/p6/c0f_failure_audit/c0f-correction-20260923T0755Z/test_artifact_verification.json,1286,0385232d6ff22eb82747264c9bdf7a4d0f6b4112b40a5edc9675ec12ddd72282
Ada-MGAD-e2e-v2-c0replica,2e16c8e1a58c3c4c863986391639a95fed3061d0,experiments/p6/c0f_failure_audit/c0f-correction-20260923T0755Z/test_results.json,1478,001ef8cbe1e1997d6a608df763aefb994e5d99b6e932f97de0c4cf88b4aa504e
Ada-MGAD-e2e-v2-c0replica,2e16c8e1a58c3c4c863986391639a95fed3061d0,experiments/p6/c0f_failure_audit/c0f-correction-20260923T0755Z/validation_replay.json,1781,e802370c18a4bc38e497d3ab398705a0434f91bbe8c02dbf1710c7f1ad904360
Ada-MGAD-e2e-v2-c0replica,2e16c8e1a58c3c4c863986391639a95fed3061d0,experiments/p6/c0f_failure_audit/c0f-seed42-20260919T0700/audit_config.json,2705,078c633bc1097b558439d0bc247118bf079cdbc177eac2bbe26a83b628bbbf40
Ada-MGAD-e2e-v2-c0replica,2e16c8e1a58c3c4c863986391639a95fed3061d0,experiments/p6/c0f_failure_audit/c0f-seed42-20260919T0700/capacity_summary.json,12933,e479dfa5b2af41d141b4fd08ecbfa76a107148e57ade5e17eaa818b880821124
Ada-MGAD-e2e-v2-c0replica,2e16c8e1a58c3c4c863986391639a95fed3061d0,experiments/p6/c0f_failure_audit/c0f-seed42-20260919T0700/completion_manifest.json,16950,97e1fd3e34da06e7b64808b9f38372628c7007b9a2533c46582b50e5b7ace53a
Ada-MGAD-e2e-v2-c0replica,2e16c8e1a58c3c4c863986391639a95fed3061d0,experiments/p6/c0f_failure_audit/c0f-seed42-20260919T0700/confounding_tables.json,27744,bab17cda93dcb9747e23cd4519396edc2975e38bc31ed96e2ad3fc2d8fe5c9c6
Ada-MGAD-e2e-v2-c0replica,2e16c8e1a58c3c4c863986391639a95fed3061d0,experiments/p6/c0f_failure_audit/c0f-seed42-20260919T0700/decision.json,20118,9eb7ca1ee3c04c4b8fdc1d0a9a75b873add03bfce61b026f0e4abc9f55ba9493
Ada-MGAD-e2e-v2-c0replica,2e16c8e1a58c3c4c863986391639a95fed3061d0,experiments/p6/c0f_failure_audit/c0f-seed42-20260919T0700/evidence_ledger.json,5830,1eaca4aac0c592a5110acadb7681366ceba696f0fedc1803ec1c03379d16f90b
Ada-MGAD-e2e-v2-c0replica,2e16c8e1a58c3c4c863986391639a95fed3061d0,experiments/p6/c0f_failure_audit/c0f-seed42-20260919T0700/final_report.md,9472,563ac665ce2641c94e80a4bd12e124473956db1c49113eb60859ba4f6f2a291f
Ada-MGAD-e2e-v2-c0replica,2e16c8e1a58c3c4c863986391639a95fed3061d0,experiments/p6/c0f_failure_audit/c0f-seed42-20260919T0700/input_manifest.json,1267,cd5a7b02c8e78bb6021343dd2e76ca8d87819503afdecefc8cb80c5fcfdc48ef
Ada-MGAD-e2e-v2-c0replica,2e16c8e1a58c3c4c863986391639a95fed3061d0,experiments/p6/c0f_failure_audit/c0f-seed42-20260919T0700/ledger_invariants.json,520,a497cd0e28dc4627d27a343038ecda70ff3e2cd2c7579674175c7b0c1ebe8ab3
Ada-MGAD-e2e-v2-c0replica,2e16c8e1a58c3c4c863986391639a95fed3061d0,experiments/p6/c0f_failure_audit/c0f-seed42-20260919T0700/run_state.json,1983,5c81eb7dfb89d713ac40de4da60d8f9803b89ac1c6260ff9ca7a07e59fe40edc
Ada-MGAD-e2e-v2-c0replica,2e16c8e1a58c3c4c863986391639a95fed3061d0,experiments/p6/c0f_failure_audit/c0f-seed42-20260919T0700/source_integrity.json,4603,7507a5bb490607692a0c7e4065f1ba79e8cde8d67305f4d8f20638feb6228c8d
Ada-MGAD-e2e-v2-c0replica,2e16c8e1a58c3c4c863986391639a95fed3061d0,experiments/p6/c0f_failure_audit/c0f-seed42-20260919T0700/split_population_checks.json,968,e5cad5ac9211384da9c73c83304625bb4274585228b1b733edd92f4352dfd820
Ada-MGAD-e2e-v2-c0replica,2e16c8e1a58c3c4c863986391639a95fed3061d0,experiments/p6/c0f_failure_audit/c0f-seed42-20260919T0700/stratified_summary.json,35445,babde167b0390f10a20108026516463a250f74340fcd46c8729e386610f39b57
Ada-MGAD-e2e-v2-c0replica,2e16c8e1a58c3c4c863986391639a95fed3061d0,experiments/p6/c0f_failure_audit/c0f-seed42-20260919T0700/test_artifact_verification.json,1190,ccec4113e1846fd3509fc626a6cc14a7b64fe05ae31fa81c31bcf9ab68e22e28
Ada-MGAD-e2e-v2-c0replica,2e16c8e1a58c3c4c863986391639a95fed3061d0,experiments/p6/c0f_failure_audit/c0f-seed42-20260919T0700/validation_replay.json,1781,24ea8a62815c7c6172bac2e3e3a0f3bfc639b803fc8bbd28c17d9e33c98fb93f
Ada-MGAD-e2e-v2-c0replica,2e16c8e1a58c3c4c863986391639a95fed3061d0,experiments/p6/c0f_failure_audit/code-checks-20260923T075346Z/test_results.json,1175,51017a28cf2e25a31b463a4d5ead6ec19bc3062006a0f72ce40da0a60dbc43df
Ada-MGAD-e2e-v2-c0replica,2e16c8e1a58c3c4c863986391639a95fed3061d0,experiments/p6/c0r2_trainval_dev/positive-logit-rise-v2/results.json,4986,773f05832dcefb568cc867f3eb716c3db2be234cf57d539ede7ca6a59b5dc9f0
Ada-MGAD-e2e-v2-c0replica,2e16c8e1a58c3c4c863986391639a95fed3061d0,experiments/p6/c1_feasibility/c1-g1-20260923T105441Z/feasibility_ledger.json,25618,80718e06a801f4a4cfac085eec999285a162b4e1ebf5afff082f17925a99b3da
Ada-MGAD-e2e-v2-c0replica,2e16c8e1a58c3c4c863986391639a95fed3061d0,experiments/p6/c1_feasibility/c1-g1-20260923T105441Z/final_report.md,8811,48c72507b5cc43f5254906be5e983547d584ca0a1a979a919e6e970112efbfc4
Ada-MGAD-e2e-v2-c0replica,2e16c8e1a58c3c4c863986391639a95fed3061d0,experiments/p6/c1_prefix_metric_audit/c1-fold1-metric-audit-v1-20260929/candidate_ledger.csv,729152,0b25bf30626055af55d6b35ab3fe9f8ff3a375b9023b9ade6bcc8f592923edf5
Ada-MGAD-e2e-v2-c0replica,2e16c8e1a58c3c4c863986391639a95fed3061d0,experiments/p6/c1_prefix_metric_audit/c1-fold1-metric-audit-v1-20260929/completion_manifest.json,2015,322e3bf69bd9aaa16b4b0b667a3fd98802175bdd91ec655585f7c97c765ef847
Ada-MGAD-e2e-v2-c0replica,2e16c8e1a58c3c4c863986391639a95fed3061d0,experiments/p6/c1_prefix_metric_audit/c1-fold1-metric-audit-v1-20260929/summary.json,2334,f951ebf8419d6499dfe3864e04b4c7f3ab04f258eb3c3d40a3f2ecc43623ae1a
Ada-MGAD-e2e-v2-c0replica,2e16c8e1a58c3c4c863986391639a95fed3061d0,experiments/p6/c1_protocol/c1-g2-py38-correction-20260924T0831Z/correction_manifest.json,2340,36a6406c80c0545f81e37f2cb4df0a1bbf5e341d5f92094631be487417f88a34
Ada-MGAD-e2e-v2-c0replica,2e16c8e1a58c3c4c863986391639a95fed3061d0,experiments/p6/c1_protocol/c1-g2-py38-correction-20260924T0831Z/correction_report.md,3511,757d796360596b4155d91f40ed3b29cb78cc547dba0ecff819ff1a5496a58857
Ada-MGAD-e2e-v2-c0replica,2e16c8e1a58c3c4c863986391639a95fed3061d0,experiments/p6/c1_protocol/c1-g2-v1-20260924/design_lock_report.md,2211,105b44683c01ffc8ef6eded385ec1dc3d6032415e40c58cdfd2815595c02a23f
Ada-MGAD-e2e-v2-c0replica,2e16c8e1a58c3c4c863986391639a95fed3061d0,experiments/p6/c1_protocol/c1-g2-v1-20260924/raw_content_manifest.json,1584322,03bdefc1ad817802a9f015a5cc07c71f5e8d625c66c5d5e9fbff31d0d5671718
Ada-MGAD-e2e-v2-c0replica,2e16c8e1a58c3c4c863986391639a95fed3061d0,experiments/p6/c1_supervision_oos/c1-supervision-oos-v1-seed42/evaluation/c1_results.json,1947819,d94b67c6631229c8994b491156d616a29062537fda6955bb9a44908609786b6c
Ada-MGAD-e2e-v2-c0replica,2e16c8e1a58c3c4c863986391639a95fed3061d0,experiments/p6/c1_supervision_oos/c1-supervision-oos-v1-seed42/evaluation/c2_failure_ledger.csv,1266920,2d7dd0703147a7f67d8e77b17f9be03be43b63baa733f7891b6f653852acef5c
Ada-MGAD-e2e-v2-c0replica,2e16c8e1a58c3c4c863986391639a95fed3061d0,experiments/p6/c1_supervision_oos/c1-supervision-oos-v1-seed42/evaluation/c2_failure_summary.json,669,382829e8258b95882ef741004ae2715a98cc01dcd53cc11229cc12abb48c2b95
Ada-MGAD-e2e-v2-c0replica,2e16c8e1a58c3c4c863986391639a95fed3061d0,experiments/p6/c1_supervision_oos/c1-supervision-oos-v1-seed42/evaluation/c2_full_diagnosis.json,17914,3b6635e497916cc0be7ba06f466772d1d884544d5819fa519714e3b1e2157beb
Ada-MGAD-e2e-v2-c0replica,2e16c8e1a58c3c4c863986391639a95fed3061d0,experiments/p6/c1_supervision_oos/c1-supervision-oos-v1-seed42/evaluation/c2_raw_matching.csv,1155905,986a55d59a6f809a0a6961d76eca5402624ae776bcbd170afb935a24862a09ab
Ada-MGAD-e2e-v2-c0replica,2e16c8e1a58c3c4c863986391639a95fed3061d0,experiments/p6/c1_supervision_oos/c1-supervision-oos-v1-seed42/evaluation/c2_stage1_reference.json,1754,104ca7578bd204131f5785fa27b9b97eb08470343f149742c74b83195f8e10c9
Ada-MGAD-e2e-v2-c0replica,2e16c8e1a58c3c4c863986391639a95fed3061d0,experiments/p6/c1_supervision_oos/c1-supervision-oos-v1-seed42/evaluation/completion_manifest.json,4210,c113bd2b18967e9f0fac4a227bed7c19e5659f6f13833ba4b21040a9a1b9730e
Ada-MGAD-e2e-v2-c0replica,2e16c8e1a58c3c4c863986391639a95fed3061d0,experiments/p6/c1_supervision_oos/c1-supervision-oos-v1-seed42/evaluation/oracle_a_diagnostic.json,269,d1838b5efefa11087fbbb6ecc9949740d6fbb0ece02316ec243e06cb1e4dc1ae
Ada-MGAD-e2e-v2-c0replica,2e16c8e1a58c3c4c863986391639a95fed3061d0,experiments/p6/c1_supervision_oos/c1-supervision-oos-v1-seed42/evaluation/oracle_a_rankings.csv,990811,5a7c9576a448ce7a2a9688a214626cc3176919305643f4e89e1dada7c899eec4
Ada-MGAD-e2e-v2-c0replica,2e16c8e1a58c3c4c863986391639a95fed3061d0,experiments/p6/c1_supervision_oos/c1-supervision-oos-v1-seed42/folds/fold_01/completion_manifest.json,9087,e5ee5d1ee7f825b18e7ef69f4764182284547d3940c77771855a40468c9b3d3c
Ada-MGAD-e2e-v2-c0replica,2e16c8e1a58c3c4c863986391639a95fed3061d0,experiments/p6/c1_supervision_oos/c1-supervision-oos-v1-seed42/folds/fold_01/detector/completion_manifest.json,4312,77f0e0bc4f07aad21799db077c09c3d657dc5c2c106d24460257742c33df5220
Ada-MGAD-e2e-v2-c0replica,2e16c8e1a58c3c4c863986391639a95fed3061d0,experiments/p6/c1_supervision_oos/c1-supervision-oos-v1-seed42/folds/fold_01/detector/generation_episodes.csv,106723,856797f52561e1fdc0a9a0e5ab00885ad5a0267d5ccf58f0d943e2bfde31f664
Ada-MGAD-e2e-v2-c0replica,2e16c8e1a58c3c4c863986391639a95fed3061d0,experiments/p6/c1_supervision_oos/c1-supervision-oos-v1-seed42/folds/fold_01/detector/generation_scores.csv,750379,6e6a1343939cfbe52c5ea0cf33aa8c7d44cd656c9e5e8641a4fc1f01f0ecb9bc
Ada-MGAD-e2e-v2-c0replica,2e16c8e1a58c3c4c863986391639a95fed3061d0,experiments/p6/c1_supervision_oos/c1-supervision-oos-v1-seed42/folds/fold_01/detector/selection.json,773,e96b42fda9f874a04866e984d36f9b32feb24cfabb9d0baf9dda72285fa85f45
Ada-MGAD-e2e-v2-c0replica,2e16c8e1a58c3c4c863986391639a95fed3061d0,experiments/p6/c1_supervision_oos/c1-supervision-oos-v1-seed42/folds/fold_01/detector/training_log.json,19221,64dd055eb00531ae43fcead33e103fc1ec55fb6f364518eaec53daae4829a026
Ada-MGAD-e2e-v2-c0replica,2e16c8e1a58c3c4c863986391639a95fed3061d0,experiments/p6/c1_supervision_oos/c1-supervision-oos-v1-seed42/folds/fold_02/completion_manifest.json,9096,51006c83a351a1794832be0f82fcee35bceeec0a2a1382df1c61b9e2dc7f252c
Ada-MGAD-e2e-v2-c0replica,2e16c8e1a58c3c4c863986391639a95fed3061d0,experiments/p6/c1_supervision_oos/c1-supervision-oos-v1-seed42/folds/fold_02/detector/completion_manifest.json,4281,1ac2392e356f0da8e56fd1c944fbc86f5492d882424d942eeb12523f81a4642b
Ada-MGAD-e2e-v2-c0replica,2e16c8e1a58c3c4c863986391639a95fed3061d0,experiments/p6/c1_supervision_oos/c1-supervision-oos-v1-seed42/folds/fold_02/detector/generation_episodes.csv,130039,237fa6eb7af28143ba38568ab9c19f5ee2cfb23c2fed25de2d680fd11ee7383a
Ada-MGAD-e2e-v2-c0replica,2e16c8e1a58c3c4c863986391639a95fed3061d0,experiments/p6/c1_supervision_oos/c1-supervision-oos-v1-seed42/folds/fold_02/detector/generation_scores.csv,753899,7abb1f0398658ada10897f17b4f271ff084f6b1daf1e9c1adeddfb667eb3b02f
Ada-MGAD-e2e-v2-c0replica,2e16c8e1a58c3c4c863986391639a95fed3061d0,experiments/p6/c1_supervision_oos/c1-supervision-oos-v1-seed42/folds/fold_02/detector/selection.json,741,3449a63b37f5184f9fbd86888843d6e9d8605c3b0b6502635528ff139fd3db3f
Ada-MGAD-e2e-v2-c0replica,2e16c8e1a58c3c4c863986391639a95fed3061d0,experiments/p6/c1_supervision_oos/c1-supervision-oos-v1-seed42/folds/fold_02/detector/training_log.json,12434,9cb70fe0d388f2f964a539d9c9d21608b6aa8c710a5b097f0f71fbf27162458b
Ada-MGAD-e2e-v2-c0replica,2e16c8e1a58c3c4c863986391639a95fed3061d0,experiments/p6/c1_supervision_oos/c1-supervision-oos-v1-seed42/folds/fold_03/completion_manifest.json,9096,a965256b6152dc4310918aa48ce7fe893ed5207d7c5022101ae3dfa818034934
Ada-MGAD-e2e-v2-c0replica,2e16c8e1a58c3c4c863986391639a95fed3061d0,experiments/p6/c1_supervision_oos/c1-supervision-oos-v1-seed42/folds/fold_03/detector/completion_manifest.json,4300,1e94bc29015731fe875de21506a2ad16589ef7a5dce77bf00d3fb16d66c15d56
Ada-MGAD-e2e-v2-c0replica,2e16c8e1a58c3c4c863986391639a95fed3061d0,experiments/p6/c1_supervision_oos/c1-supervision-oos-v1-seed42/folds/fold_03/detector/generation_episodes.csv,125838,6519b6f514e75972054b3d458c4dcb9320e6c4e3bfcf65a68bb8a3af7282fb05
Ada-MGAD-e2e-v2-c0replica,2e16c8e1a58c3c4c863986391639a95fed3061d0,experiments/p6/c1_supervision_oos/c1-supervision-oos-v1-seed42/folds/fold_03/detector/generation_scores.csv,753500,3756b817680de25addd174fc2a60ebc9c934ac3ec5fdac1bbc8484de080d117f
Ada-MGAD-e2e-v2-c0replica,2e16c8e1a58c3c4c863986391639a95fed3061d0,experiments/p6/c1_supervision_oos/c1-supervision-oos-v1-seed42/folds/fold_03/detector/selection.json,760,f73355c10d70746fffafaf12a3f8bf8bccdbfa4c85d0ea3110e630e73f3b40e8
Ada-MGAD-e2e-v2-c0replica,2e16c8e1a58c3c4c863986391639a95fed3061d0,experiments/p6/c1_supervision_oos/c1-supervision-oos-v1-seed42/folds/fold_03/detector/training_log.json,12517,971f380db43fd6bb6f0d62044007ee0e865a6d94815d31dedca0e533c645006d
Ada-MGAD-e2e-v2-c0replica,2e16c8e1a58c3c4c863986391639a95fed3061d0,experiments/p6/c1_supervision_oos/c1-supervision-oos-v1-seed42/g1_static/completion_manifest.json,5866,935abdc91db5fa1ddba7cb26455508433dace34c11ffa92087243f2ee7afab23
Ada-MGAD-e2e-v2-c0replica,2e16c8e1a58c3c4c863986391639a95fed3061d0,experiments/p6/c1_supervision_oos/c1-supervision-oos-v1-seed42/g1_static/fold_manifest.json,11117,017d4b2e87d737ee7d1f3f729a63fed4775e9e8181ec04214ddda6883310d4e5
Ada-MGAD-e2e-v2-c0replica,2e16c8e1a58c3c4c863986391639a95fed3061d0,experiments/p6/c1_supervision_oos/c1-supervision-oos-v1-seed42/g1_static/input_manifest.json,7333,a316f306e8b117b8aa9739b468c39f4cd6523310b48ad02f83f2c2f346abd3a1
Ada-MGAD-e2e-v2-c0replica,2e16c8e1a58c3c4c863986391639a95fed3061d0,experiments/p6/c1_supervision_oos/c1-supervision-oos-v1-seed42/g1_static/integrity_report.md,1692,2afcab0765547b1e0d75aa464eff2e98e3029e857eceef1435718078395ace22
Ada-MGAD-e2e-v2-c0replica,2e16c8e1a58c3c4c863986391639a95fed3061d0,experiments/p6/c1_supervision_oos/c1-supervision-oos-v1-seed42/g1_static/static_population.json,1545,83a5e20726f20866060bd7014784687d3860b0ccc63a76c6c0820817b311f7eb
Ada-MGAD-e2e-v2-c0replica,2e16c8e1a58c3c4c863986391639a95fed3061d0,experiments/p6/c1_supervision_oos/c1-supervision-oos-v1-seed42/predictions/completion_manifest.json,3671,19777b7f4656f3e8b360e1ecb618dc5d0dc8a0e63a15df59596a1d87be746216
Ada-MGAD-e2e-v2-c0replica,2e16c8e1a58c3c4c863986391639a95fed3061d0,experiments/p6/c1_supervision_oos/c1-supervision-oos-v1-seed42/predictions/prediction_lock.json,6883,ee9500730e7b982557de31d9fd138c13e09e5af397b11354e88b305f0233c967
Ada-MGAD-e2e-v2-c0replica,2e16c8e1a58c3c4c863986391639a95fed3061d0,experiments/p6/c1_supervision_oos/c1-supervision-oos-v1-seed42/predictions/scope_rankings.csv,1596904,b444a4d92c601430b79a3fee5e6fcddc97c3a8573cd20bd0c16a828d5bf6a650
Ada-MGAD-e2e-v2-c0replica,2e16c8e1a58c3c4c863986391639a95fed3061d0,experiments/p6/c1_supervision_oos/c1-supervision-oos-v1-seed42/rca/arm_b.json,753,2ba84aa9ec52b488db82b2dadce049c9c0105f2147176ff5716ba4d15ee8a4c7
Ada-MGAD-e2e-v2-c0replica,2e16c8e1a58c3c4c863986391639a95fed3061d0,experiments/p6/c1_supervision_oos/c1-supervision-oos-v1-seed42/rca/arm_c.json,752,6132941dd09f098a4c711c954ddec473eac11de63f5b094586413d95d7e6ca27
Ada-MGAD-e2e-v2-c0replica,2e16c8e1a58c3c4c863986391639a95fed3061d0,experiments/p6/c1_supervision_oos/c1-supervision-oos-v1-seed42/rca/completion_manifest.json,3538,2e446855d9e9cff34c684e8472d7510d1deb3cf5849aa9d8461e7d456127e9b0
Ada-MGAD-e2e-v2-c0replica,2e16c8e1a58c3c4c863986391639a95fed3061d0,experiments/p6/c1_supervision_oos/c1-supervision-oos-v1-seed42/run_lock.json,6331,0b5a2b649c31305eec88d631f2d57ef2a45a7d4d643d861478b3a11d620c9c56
Ada-MGAD-e2e-v2-c0replica,2e16c8e1a58c3c4c863986391639a95fed3061d0,experiments/p6/c1_supervision_oos/c1-supervision-oos-v1-seed42/train_cohort/cases.csv,325878,83ee698981272bfb1f89d1c2d9b1c2c622b63c419a08c251abde2bf7965821dd
Ada-MGAD-e2e-v2-c0replica,2e16c8e1a58c3c4c863986391639a95fed3061d0,experiments/p6/c1_supervision_oos/c1-supervision-oos-v1-seed42/train_cohort/completion_manifest.json,4746,b36dfaa5ba38bc741e318d8cb9e59e5f225324ff9cd3422b6040faff04634550
Ada-MGAD-e2e-v2-c0replica,2e16c8e1a58c3c4c863986391639a95fed3061d0,experiments/p6/c1_supervision_oos/c1-supervision-oos-v1-seed42/train_cohort/exclusions.csv,1760,3f5dc5665be94d84e76d3e1e3f84756ae4fdd00e2f42dc96eed7ac3de3941cd6
Ada-MGAD-e2e-v2-c0replica,2e16c8e1a58c3c4c863986391639a95fed3061d0,experiments/p6/c1_supervision_oos/c1-supervision-oos-v1-seed42/train_cohort/matching.csv,811460,5c3aa3085f03c2061af4e89e06f6a2f138e0bf69395e2deba438a61a643d8db4
Ada-MGAD-e2e-v2-c0replica,2e16c8e1a58c3c4c863986391639a95fed3061d0,experiments/p6/score_decomposition/classification/diagnosis_metrics.json,2093,60fe8440d8c42b2d3a842f7a7c7e4ae861c226ca622ae7eb1923b979c9d44a8e
Ada-MGAD-e2e-v2-c0replica,2e16c8e1a58c3c4c863986391639a95fed3061d0,experiments/p6/score_decomposition/classification/event_metrics.json,5147,f40cd2d1f1940bf80eeb298a9350fec848e7b4e64b8730999fb0ed37decd3827
Ada-MGAD-e2e-v2-c0replica,2e16c8e1a58c3c4c863986391639a95fed3061d0,experiments/p6/score_decomposition/classification/localization_metrics.json,28925,ceab500c6dee1d5d0fe39a18534c887edfc8355b6491b3535e12a44a423cd4f8
Ada-MGAD-e2e-v2-c0replica,2e16c8e1a58c3c4c863986391639a95fed3061d0,experiments/p6/score_decomposition/classification/rca_metrics.json,5581,d8416b903e9babb73045ae016fa7ef8fc20adf7e9c100a25c25d54b767eba99f
Ada-MGAD-e2e-v2-c0replica,2e16c8e1a58c3c4c863986391639a95fed3061d0,experiments/p6/score_decomposition/classification/threshold.json,1217,db3862ddb8e2b5d78cee4a4693cc7a5bc56919af20ef592134dbdd571bc6c56d
Ada-MGAD-e2e-v2-c0replica,2e16c8e1a58c3c4c863986391639a95fed3061d0,experiments/p6/score_decomposition/common_cases.csv,783153,0bb6bf3e435baf179c4cb1e1deda4bdc42c749d513865a3fcc50d4abf1bdb396
Ada-MGAD-e2e-v2-c0replica,2e16c8e1a58c3c4c863986391639a95fed3061d0,experiments/p6/score_decomposition/comparison.json,92985,ce6965fe10c1773e4c0021f8eb5cb1121e8c96a655067520d20d6dec3efb5190
Ada-MGAD-e2e-v2-c0replica,2e16c8e1a58c3c4c863986391639a95fed3061d0,experiments/p6/score_decomposition/fused/diagnosis_metrics.json,2085,77d6d3adbb2e76b49b41d16eafb56d4d020faae6d04e25be52ab2a0d209d101c
Ada-MGAD-e2e-v2-c0replica,2e16c8e1a58c3c4c863986391639a95fed3061d0,experiments/p6/score_decomposition/fused/event_metrics.json,5105,930173c6cec6c10880f6b375fbf363c1dc62988b836ba86c8c6c1ea4604e0bb6
Ada-MGAD-e2e-v2-c0replica,2e16c8e1a58c3c4c863986391639a95fed3061d0,experiments/p6/score_decomposition/fused/localization_metrics.json,29146,9b230dbaee9901ce3b9d9b8308a1e69e40b782e557611e8bee24239bdbb1c095
Ada-MGAD-e2e-v2-c0replica,2e16c8e1a58c3c4c863986391639a95fed3061d0,experiments/p6/score_decomposition/fused/rca_metrics.json,5617,d6489f7ed8c2c7563f990e58fdaa17e07feeccd7514f809a3a25c235b8abfb73
Ada-MGAD-e2e-v2-c0replica,2e16c8e1a58c3c4c863986391639a95fed3061d0,experiments/p6/score_decomposition/fused/threshold.json,1212,8b3b74d8d838c3303c9b2e6c32c25fe5549df0e78a93790caa59ac383ee5d741
Ada-MGAD-e2e-v2-c0replica,2e16c8e1a58c3c4c863986391639a95fed3061d0,experiments/p6/score_decomposition/label_identity_audit.json,1024,6652840bdf55c317b10d2ae4bf5223d6cde67a541688f5a13261b81d7b710010
Ada-MGAD-e2e-v2-c0replica,2e16c8e1a58c3c4c863986391639a95fed3061d0,experiments/p6/score_decomposition/manifest.json,7530,65ef6b0a85b907dbc378bafaf712732144a35e5280ae1ab44babb8125f1067ba
Ada-MGAD-e2e-v2-c0replica,2e16c8e1a58c3c4c863986391639a95fed3061d0,experiments/p6/score_decomposition/prediction_artifacts.json,1626,f552fde50da06bebf0b8aecd020e5e3825a52b279aef900154a419d04be38afc
Ada-MGAD-e2e-v2-c0replica,2e16c8e1a58c3c4c863986391639a95fed3061d0,experiments/p6/score_decomposition/rca/rca_feature_health.json,1806,015b06395de0fe6b2d6ae799629230ce37068ab119564842e319b9a333035493
Ada-MGAD-e2e-v2-c0replica,2e16c8e1a58c3c4c863986391639a95fed3061d0,experiments/p6/score_decomposition/rca/rca_feature_manifest.json,2831,7cb9ee84f4e2ce06db7a695027957b25ed69bbd9ccd3865bd2f17f0524c6669e
Ada-MGAD-e2e-v2-c0replica,2e16c8e1a58c3c4c863986391639a95fed3061d0,experiments/p6/score_decomposition/reconstruction/diagnosis_metrics.json,2069,1f5f35c7ef97acbf3b740dadc011627b5767f60e7933f7df2bbf53ff1888b4c9
Ada-MGAD-e2e-v2-c0replica,2e16c8e1a58c3c4c863986391639a95fed3061d0,experiments/p6/score_decomposition/reconstruction/event_metrics.json,5142,b54a64b01f5e3f9555d094b85787c1bfe94580121162f2a330781550375c61e4
Ada-MGAD-e2e-v2-c0replica,2e16c8e1a58c3c4c863986391639a95fed3061d0,experiments/p6/score_decomposition/reconstruction/localization_metrics.json,28269,d35901afceaeac0715266af6d0110c10e444bea83774f7228be90f7a35462b82
Ada-MGAD-e2e-v2-c0replica,2e16c8e1a58c3c4c863986391639a95fed3061d0,experiments/p6/score_decomposition/reconstruction/rca_metrics.json,5395,6f573174833b1afac5eba0d2eb9b10da85d498e0736d975e1324588575799b7f
Ada-MGAD-e2e-v2-c0replica,2e16c8e1a58c3c4c863986391639a95fed3061d0,experiments/p6/score_decomposition/reconstruction/threshold.json,1219,001fd77e80047ef147b1b4969420c9063280ea04a25df7a59c36328bcb367140
Ada-MGAD-e2e-v2-c0replica,2e16c8e1a58c3c4c863986391639a95fed3061d0,experiments/p6/score_decomposition/score_range.json,946,065dbfa7e5b3a6e53e2bc3493fd80448d9613d0b7043d15a314aa1e3f30a20b5
Ada-MGAD-e2e-v2-c0replica,2e16c8e1a58c3c4c863986391639a95fed3061d0,experiments/p6/score_decomposition/score_replay.json,4465,b292ac3e2b5640703cbda942a161ec5ac048fa0c0263ca15b72089b96385ac3d
Ada-MGAD-e2e-v2-c0replica,2e16c8e1a58c3c4c863986391639a95fed3061d0,experiments/p6/system_event_trigger/manifest.json,28509,cb222bb5c21d20d8a7546e8b1ee1b4882daaac5d4a397d0e07655fe646cf9794
Ada-MGAD-e2e-v2-c0replica,2e16c8e1a58c3c4c863986391639a95fed3061d0,experiments/p6/system_event_trigger/split_audit.json,12293,e5c60574f4c36ba5c7ebddbc869ede70f6f9aa83cf35c46fd611dbfba310463e
Ada-MGAD-e2e-v2-c0replica,2e16c8e1a58c3c4c863986391639a95fed3061d0,experiments/p6/system_event_trigger/split_manifest.json,8121,1cad441a2d207379ffd8838bc2d655e9c68f3e03b6f4f7e666413a0b33aca193
Ada-MGAD-e2e-v2-c0replica,2e16c8e1a58c3c4c863986391639a95fed3061d0,experiments/p6/system_event_trigger/test_metrics.json,14261,2968632cc4da1b807d976d8bb1c449f9d755cb1c15d2ee43bcd440b74946ce5b
Ada-MGAD-e2e-v2-c0replica,2e16c8e1a58c3c4c863986391639a95fed3061d0,experiments/p6/system_event_trigger/training_log.json,18166,fcd54effee28206a6cdc964458bedb98c17a26906b58497140e42b567150b48a
Ada-MGAD-e2e-v2-c0replica,2e16c8e1a58c3c4c863986391639a95fed3061d0,experiments/p6/system_event_trigger/validation_selection.json,21174,b5167c8d5df9cd9eebd7812cb76733799aa3f7829f3fe1a2c5cdb0ec51715a24
Ada-MGAD-e2e-v2-c0weight,f275156cc5bdd43ab4d3649183e3562796d678f0,experiments/p6/c0_long_weight/development_comparison_v1.json,25913,2666db85e9422a7063b23b377efcc6a5fc205706ed7e38fafb27267eb5519f77
Ada-MGAD-e2e-v2-c0weight,f275156cc5bdd43ab4d3649183e3562796d678f0,experiments/p6/c0_long_weight/gpu-control-v1-seed42/checkpoint/best_validation_event_f1.pt,11783257,c320dc8724d17d5fbe4e7d1e5ce1e98c163dba7a92f32fd5a80a2c24bcaa1aab
Ada-MGAD-e2e-v2-c0weight,f275156cc5bdd43ab4d3649183e3562796d678f0,experiments/p6/c0_long_weight/gpu-control-v1-seed42/development_manifest.json,3907,54c217f08b951c75fbb45650e8bb599f79bec2d36e582104ed9f9c0a82fa96dd
Ada-MGAD-e2e-v2-c0weight,f275156cc5bdd43ab4d3649183e3562796d678f0,experiments/p6/c0_long_weight/gpu-control-v1-seed42/p6_c0.log,2590,8eedf228216f7e2ec31260ec44fa2906d98b1aa853e1f7d2248e5091fa7c28c1
Ada-MGAD-e2e-v2-c0weight,f275156cc5bdd43ab4d3649183e3562796d678f0,experiments/p6/c0_long_weight/gpu-control-v1-seed42/split_audit.json,12327,8715dd6f2cc8b5e3dc4458a00c060450ab0acd2291989c37571941e35e3d516f
Ada-MGAD-e2e-v2-c0weight,f275156cc5bdd43ab4d3649183e3562796d678f0,experiments/p6/c0_long_weight/gpu-control-v1-seed42/split_manifest.json,8130,d1e01a7d582135d860def8389e0c57f842964c5842cb8b389fdfbbf95582a6dd
Ada-MGAD-e2e-v2-c0weight,f275156cc5bdd43ab4d3649183e3562796d678f0,experiments/p6/c0_long_weight/gpu-control-v1-seed42/training_log.json,10778,91c12d57d43d39dc6e70e8a42ace6f4fa695b53afcc55998c9e2b82547c9aa3f
Ada-MGAD-e2e-v2-c0weight,f275156cc5bdd43ab4d3649183e3562796d678f0,experiments/p6/c0_long_weight/gpu-control-v1-seed42/validation_episodes.csv,214650,38871d4b941cc49ac665907fb97dd2e86f6369bb8841d03980869c3ad46e3379
Ada-MGAD-e2e-v2-c0weight,f275156cc5bdd43ab4d3649183e3562796d678f0,experiments/p6/c0_long_weight/gpu-control-v1-seed42/validation_matching.csv,522796,8bf838043e19e4e250e19ce72fa67cbea712ea0873074a1523408e3f3957586b
Ada-MGAD-e2e-v2-c0weight,f275156cc5bdd43ab4d3649183e3562796d678f0,experiments/p6/c0_long_weight/gpu-control-v1-seed42/validation_predictions.csv,2251307,dfbd8ff19fb3fe171a117ee062ae05a080ff47e69f8b845b173b00ea9ede27a7
Ada-MGAD-e2e-v2-c0weight,f275156cc5bdd43ab4d3649183e3562796d678f0,experiments/p6/c0_long_weight/gpu-control-v1-seed42/validation_selection.json,13913,888d68732bfdb086a0536e6321b8420ad1d4fba11921eb63f2a9577be73b0928
Ada-MGAD-e2e-v2-c0weight,f275156cc5bdd43ab4d3649183e3562796d678f0,experiments/p6/c0_long_weight/weighted-v1-seed42/checkpoint/best_validation_event_f1.pt,11783257,e568f2acb3d8f5b6a3b2121e43befef08008ad99510602b8a55490861b55dc69
Ada-MGAD-e2e-v2-c0weight,f275156cc5bdd43ab4d3649183e3562796d678f0,experiments/p6/c0_long_weight/weighted-v1-seed42/development_manifest.json,3907,97a866e7b277a7f747e5080cd7f03ad46860ed4ad774c44e46a02d905963935e
Ada-MGAD-e2e-v2-c0weight,f275156cc5bdd43ab4d3649183e3562796d678f0,experiments/p6/c0_long_weight/weighted-v1-seed42/p6_c0.log,2815,1e93a4a8cd06d75fa0bea51c7450b0ad6aea6eed0d4187373600216e03c7a8b8
Ada-MGAD-e2e-v2-c0weight,f275156cc5bdd43ab4d3649183e3562796d678f0,experiments/p6/c0_long_weight/weighted-v1-seed42/split_audit.json,12328,b1365b9be5117c686528a047bb586ea559b05530153ab52dff925307494e6426
Ada-MGAD-e2e-v2-c0weight,f275156cc5bdd43ab4d3649183e3562796d678f0,experiments/p6/c0_long_weight/weighted-v1-seed42/split_manifest.json,8130,e15e678cd2c4e186abf24a877b3c6a98c44cb946580f25b2137a129752b45020
Ada-MGAD-e2e-v2-c0weight,f275156cc5bdd43ab4d3649183e3562796d678f0,experiments/p6/c0_long_weight/weighted-v1-seed42/training_log.json,12860,5a1bec9c01c5915c049f4098248968f00387afaedc223ada5519095f96479bd7
Ada-MGAD-e2e-v2-c0weight,f275156cc5bdd43ab4d3649183e3562796d678f0,experiments/p6/c0_long_weight/weighted-v1-seed42/validation_episodes.csv,215345,c0aa0b05371f3b470def96b533c553dc0a295f811b738d3384acfc11b90c16b4
Ada-MGAD-e2e-v2-c0weight,f275156cc5bdd43ab4d3649183e3562796d678f0,experiments/p6/c0_long_weight/weighted-v1-seed42/validation_matching.csv,523619,db378b68a2e4bb8e2a41ded337ae56567bcc6c303511b9f9946d047eb57cbdb8
Ada-MGAD-e2e-v2-c0weight,f275156cc5bdd43ab4d3649183e3562796d678f0,experiments/p6/c0_long_weight/weighted-v1-seed42/validation_predictions.csv,2252354,19c6d75fdcb7c5c9dab3aace09d70ae3c73b7396e9419afb3a7fb93e2d4794e1
Ada-MGAD-e2e-v2-c0weight,f275156cc5bdd43ab4d3649183e3562796d678f0,experiments/p6/c0_long_weight/weighted-v1-seed42/validation_selection.json,16606,a34856d67c7889833e6106bc4c40537aa344f051c43d0b6c71ec8e640e9cb9c2
Ada-MGAD-e2e-v2-c0weight,f275156cc5bdd43ab4d3649183e3562796d678f0,experiments/p6/c0_raw_onset_observability/raw-onset-v1/fit_clean_events.csv,519986,b42d0a714339ffb1f8bf07294a5fa822c48893f58bfe0475d60ab86a7aa0404a
Ada-MGAD-e2e-v2-c0weight,f275156cc5bdd43ab4d3649183e3562796d678f0,experiments/p6/c0_raw_onset_observability/raw-onset-v1/fit_pseudo_onsets.csv,70246,b36db52779b7a745a4e47c5cf4d686b1dea0a53be2a453debdbba61e1d45f531
Ada-MGAD-e2e-v2-c0weight,f275156cc5bdd43ab4d3649183e3562796d678f0,experiments/p6/c0_raw_onset_observability/raw-onset-v1/results.json,20440,2d8b1882fdb9a9310f9b74f848adc54033654d3a27a7ef707f609d84957d1378
Ada-MGAD-e2e-v2-c0weight,f275156cc5bdd43ab4d3649183e3562796d678f0,experiments/p6/c0_raw_onset_observability/raw-onset-v1/validation_clean_events.csv,171016,e9715164e6b527b0570aa2ed35a4281f0847910a8356e7bcad8b53e3796181a1
Ada-MGAD-e2e-v2-c0weight,f275156cc5bdd43ab4d3649183e3562796d678f0,experiments/p6/c0_raw_onset_observability/raw-onset-v1/validation_pseudo_onsets.csv,47187,53eb1bdcf265069cca9079495d92aae7f88415475312bdaf6da8d8e0a39dff10
Ada-MGAD-e2e-v2-c0weight,f275156cc5bdd43ab4d3649183e3562796d678f0,experiments/p6/c0f_failure_audit/c0f-correction-20260923T0755Z/analysis_validation.json,296,ad7a15071946ca8749cbfc26c134304b3771c8e610fe1b8b2bbb81c01767fdde
Ada-MGAD-e2e-v2-c0weight,f275156cc5bdd43ab4d3649183e3562796d678f0,experiments/p6/c0f_failure_audit/c0f-correction-20260923T0755Z/audit_config.json,3064,6e66534cd7adb078d7342fd189a891d59e8dd1b9c893868cbf06f92c34c6c820
Ada-MGAD-e2e-v2-c0weight,f275156cc5bdd43ab4d3649183e3562796d678f0,experiments/p6/c0f_failure_audit/c0f-correction-20260923T0755Z/capacity_summary.json,13508,aaa4fe3bc740aad3c1b97dac8a8c9224fcdc766b59e693f2b07a678139eccbda
Ada-MGAD-e2e-v2-c0weight,f275156cc5bdd43ab4d3649183e3562796d678f0,experiments/p6/c0f_failure_audit/c0f-correction-20260923T0755Z/completion_manifest.json,76920,faabd0a5e6486a89c6e6e3cab1af8f146af6cdab9fe5e728c027f5d18f80745a
Ada-MGAD-e2e-v2-c0weight,f275156cc5bdd43ab4d3649183e3562796d678f0,experiments/p6/c0f_failure_audit/c0f-correction-20260923T0755Z/confounding_tables.json,196447,676bf2913aefd265292b4d25c6c8fc11d9bec5813f5aebf9a3d7a6e49933487d
Ada-MGAD-e2e-v2-c0weight,f275156cc5bdd43ab4d3649183e3562796d678f0,experiments/p6/c0f_failure_audit/c0f-correction-20260923T0755Z/correction_summary.json,1427,95cdd9d0c51a29a47d84b851a8dda40c3d56e877203793781c4701a6852db181
Ada-MGAD-e2e-v2-c0weight,f275156cc5bdd43ab4d3649183e3562796d678f0,experiments/p6/c0f_failure_audit/c0f-correction-20260923T0755Z/decision.json,21910,3cdf539f1bfe2367c9e0e34430118a565645a293138e121970832cce7984c552
Ada-MGAD-e2e-v2-c0weight,f275156cc5bdd43ab4d3649183e3562796d678f0,experiments/p6/c0f_failure_audit/c0f-correction-20260923T0755Z/evidence_ledger.json,7998,eaf1b0a9bb641e3dd59c540512f03a61a793b4ebb83c7115b19f86ac7318e1fe
Ada-MGAD-e2e-v2-c0weight,f275156cc5bdd43ab4d3649183e3562796d678f0,experiments/p6/c0f_failure_audit/c0f-correction-20260923T0755Z/final_report.md,12767,cfac59ff1f3d4ac489a3c11b9670e43e3e8216999019e821d1711970fdfea656
Ada-MGAD-e2e-v2-c0weight,f275156cc5bdd43ab4d3649183e3562796d678f0,experiments/p6/c0f_failure_audit/c0f-correction-20260923T0755Z/input_integrity_after.json,227,bc834dc3b45aa4814b8e27a6d7b15d88994488d574057dcf8e18c5647782c7e4
Ada-MGAD-e2e-v2-c0weight,f275156cc5bdd43ab4d3649183e3562796d678f0,experiments/p6/c0f_failure_audit/c0f-correction-20260923T0755Z/input_manifest.json,1272,8a22a55fe1b951a78aa30fa6a185339f45235779a9b0c4a92852cc97f11fa972
Ada-MGAD-e2e-v2-c0weight,f275156cc5bdd43ab4d3649183e3562796d678f0,experiments/p6/c0f_failure_audit/c0f-correction-20260923T0755Z/input_snapshot.json,254827,1fdc4e0e3b82c9849e7e965471ee4431621aa3b8b7d9ec86f7afbc0fa5b9b87f
Ada-MGAD-e2e-v2-c0weight,f275156cc5bdd43ab4d3649183e3562796d678f0,experiments/p6/c0f_failure_audit/c0f-correction-20260923T0755Z/isolation_summary.json,46108,439b4311ae6cdeeb896971b52602928cd8f8f00581b1762b7dc199338eb8cdd9
Ada-MGAD-e2e-v2-c0weight,f275156cc5bdd43ab4d3649183e3562796d678f0,experiments/p6/c0f_failure_audit/c0f-correction-20260923T0755Z/ledger_invariants.json,520,a497cd0e28dc4627d27a343038ecda70ff3e2cd2c7579674175c7b0c1ebe8ab3
Ada-MGAD-e2e-v2-c0weight,f275156cc5bdd43ab4d3649183e3562796d678f0,experiments/p6/c0f_failure_audit/c0f-correction-20260923T0755Z/reuse_provenance.json,1297,5d40d373429d92073ad1f677ed930107abdcfec9973afa3fd940c00d79a6ad82
Ada-MGAD-e2e-v2-c0weight,f275156cc5bdd43ab4d3649183e3562796d678f0,experiments/p6/c0f_failure_audit/c0f-correction-20260923T0755Z/run_state.json,70344,4f58cdf5cf3c06bcc2b8ea3b12a608c6c9287a8a996a4ae0007f2a3cede3fb78
Ada-MGAD-e2e-v2-c0weight,f275156cc5bdd43ab4d3649183e3562796d678f0,experiments/p6/c0f_failure_audit/c0f-correction-20260923T0755Z/source_integrity.json,8617,ae61ded34933922feea8dad052f115aa50abf7c311593f0a49f47b5e73270e73
Ada-MGAD-e2e-v2-c0weight,f275156cc5bdd43ab4d3649183e3562796d678f0,experiments/p6/c0f_failure_audit/c0f-correction-20260923T0755Z/source_snapshot.json,27487,808bb33502694359a809657c56db3bc4ecf1a67887e45ba4c7949e67009d17fe
Ada-MGAD-e2e-v2-c0weight,f275156cc5bdd43ab4d3649183e3562796d678f0,experiments/p6/c0f_failure_audit/c0f-correction-20260923T0755Z/split_population_checks.json,968,e5cad5ac9211384da9c73c83304625bb4274585228b1b733edd92f4352dfd820
Ada-MGAD-e2e-v2-c0weight,f275156cc5bdd43ab4d3649183e3562796d678f0,experiments/p6/c0f_failure_audit/c0f-correction-20260923T0755Z/stratified_summary.json,38692,c3d3148227ad27756001b6d6b7ba1fadb603e390741e29fad34fcb8292c4962e
Ada-MGAD-e2e-v2-c0weight,f275156cc5bdd43ab4d3649183e3562796d678f0,experiments/p6/c0f_failure_audit/c0f-correction-20260923T0755Z/test_artifact_verification.json,1286,0385232d6ff22eb82747264c9bdf7a4d0f6b4112b40a5edc9675ec12ddd72282
Ada-MGAD-e2e-v2-c0weight,f275156cc5bdd43ab4d3649183e3562796d678f0,experiments/p6/c0f_failure_audit/c0f-correction-20260923T0755Z/test_results.json,1478,001ef8cbe1e1997d6a608df763aefb994e5d99b6e932f97de0c4cf88b4aa504e
Ada-MGAD-e2e-v2-c0weight,f275156cc5bdd43ab4d3649183e3562796d678f0,experiments/p6/c0f_failure_audit/c0f-correction-20260923T0755Z/validation_replay.json,1781,e802370c18a4bc38e497d3ab398705a0434f91bbe8c02dbf1710c7f1ad904360
Ada-MGAD-e2e-v2-c0weight,f275156cc5bdd43ab4d3649183e3562796d678f0,experiments/p6/c0f_failure_audit/c0f-seed42-20260919T0700/audit_config.json,2705,078c633bc1097b558439d0bc247118bf079cdbc177eac2bbe26a83b628bbbf40
Ada-MGAD-e2e-v2-c0weight,f275156cc5bdd43ab4d3649183e3562796d678f0,experiments/p6/c0f_failure_audit/c0f-seed42-20260919T0700/capacity_summary.json,12933,e479dfa5b2af41d141b4fd08ecbfa76a107148e57ade5e17eaa818b880821124
Ada-MGAD-e2e-v2-c0weight,f275156cc5bdd43ab4d3649183e3562796d678f0,experiments/p6/c0f_failure_audit/c0f-seed42-20260919T0700/completion_manifest.json,16950,97e1fd3e34da06e7b64808b9f38372628c7007b9a2533c46582b50e5b7ace53a
Ada-MGAD-e2e-v2-c0weight,f275156cc5bdd43ab4d3649183e3562796d678f0,experiments/p6/c0f_failure_audit/c0f-seed42-20260919T0700/confounding_tables.json,27744,bab17cda93dcb9747e23cd4519396edc2975e38bc31ed96e2ad3fc2d8fe5c9c6
Ada-MGAD-e2e-v2-c0weight,f275156cc5bdd43ab4d3649183e3562796d678f0,experiments/p6/c0f_failure_audit/c0f-seed42-20260919T0700/decision.json,20118,9eb7ca1ee3c04c4b8fdc1d0a9a75b873add03bfce61b026f0e4abc9f55ba9493
Ada-MGAD-e2e-v2-c0weight,f275156cc5bdd43ab4d3649183e3562796d678f0,experiments/p6/c0f_failure_audit/c0f-seed42-20260919T0700/evidence_ledger.json,5830,1eaca4aac0c592a5110acadb7681366ceba696f0fedc1803ec1c03379d16f90b
Ada-MGAD-e2e-v2-c0weight,f275156cc5bdd43ab4d3649183e3562796d678f0,experiments/p6/c0f_failure_audit/c0f-seed42-20260919T0700/final_report.md,9472,563ac665ce2641c94e80a4bd12e124473956db1c49113eb60859ba4f6f2a291f
Ada-MGAD-e2e-v2-c0weight,f275156cc5bdd43ab4d3649183e3562796d678f0,experiments/p6/c0f_failure_audit/c0f-seed42-20260919T0700/input_manifest.json,1267,cd5a7b02c8e78bb6021343dd2e76ca8d87819503afdecefc8cb80c5fcfdc48ef
Ada-MGAD-e2e-v2-c0weight,f275156cc5bdd43ab4d3649183e3562796d678f0,experiments/p6/c0f_failure_audit/c0f-seed42-20260919T0700/ledger_invariants.json,520,a497cd0e28dc4627d27a343038ecda70ff3e2cd2c7579674175c7b0c1ebe8ab3
Ada-MGAD-e2e-v2-c0weight,f275156cc5bdd43ab4d3649183e3562796d678f0,experiments/p6/c0f_failure_audit/c0f-seed42-20260919T0700/run_state.json,1983,5c81eb7dfb89d713ac40de4da60d8f9803b89ac1c6260ff9ca7a07e59fe40edc
Ada-MGAD-e2e-v2-c0weight,f275156cc5bdd43ab4d3649183e3562796d678f0,experiments/p6/c0f_failure_audit/c0f-seed42-20260919T0700/source_integrity.json,4603,7507a5bb490607692a0c7e4065f1ba79e8cde8d67305f4d8f20638feb6228c8d
Ada-MGAD-e2e-v2-c0weight,f275156cc5bdd43ab4d3649183e3562796d678f0,experiments/p6/c0f_failure_audit/c0f-seed42-20260919T0700/split_population_checks.json,968,e5cad5ac9211384da9c73c83304625bb4274585228b1b733edd92f4352dfd820
Ada-MGAD-e2e-v2-c0weight,f275156cc5bdd43ab4d3649183e3562796d678f0,experiments/p6/c0f_failure_audit/c0f-seed42-20260919T0700/stratified_summary.json,35445,babde167b0390f10a20108026516463a250f74340fcd46c8729e386610f39b57
Ada-MGAD-e2e-v2-c0weight,f275156cc5bdd43ab4d3649183e3562796d678f0,experiments/p6/c0f_failure_audit/c0f-seed42-20260919T0700/test_artifact_verification.json,1190,ccec4113e1846fd3509fc626a6cc14a7b64fe05ae31fa81c31bcf9ab68e22e28
Ada-MGAD-e2e-v2-c0weight,f275156cc5bdd43ab4d3649183e3562796d678f0,experiments/p6/c0f_failure_audit/c0f-seed42-20260919T0700/validation_replay.json,1781,24ea8a62815c7c6172bac2e3e3a0f3bfc639b803fc8bbd28c17d9e33c98fb93f
Ada-MGAD-e2e-v2-c0weight,f275156cc5bdd43ab4d3649183e3562796d678f0,experiments/p6/c0f_failure_audit/code-checks-20260923T075346Z/test_results.json,1175,51017a28cf2e25a31b463a4d5ead6ec19bc3062006a0f72ce40da0a60dbc43df
Ada-MGAD-e2e-v2-c0weight,f275156cc5bdd43ab4d3649183e3562796d678f0,experiments/p6/c0r2_trainval_dev/positive-logit-rise-v2/results.json,4986,773f05832dcefb568cc867f3eb716c3db2be234cf57d539ede7ca6a59b5dc9f0
Ada-MGAD-e2e-v2-c0weight,f275156cc5bdd43ab4d3649183e3562796d678f0,experiments/p6/c1_feasibility/c1-g1-20260923T105441Z/feasibility_ledger.json,25618,80718e06a801f4a4cfac085eec999285a162b4e1ebf5afff082f17925a99b3da
Ada-MGAD-e2e-v2-c0weight,f275156cc5bdd43ab4d3649183e3562796d678f0,experiments/p6/c1_feasibility/c1-g1-20260923T105441Z/final_report.md,8811,48c72507b5cc43f5254906be5e983547d584ca0a1a979a919e6e970112efbfc4
Ada-MGAD-e2e-v2-c0weight,f275156cc5bdd43ab4d3649183e3562796d678f0,experiments/p6/c1_prefix_metric_audit/c1-fold1-metric-audit-v1-20260929/candidate_ledger.csv,729152,0b25bf30626055af55d6b35ab3fe9f8ff3a375b9023b9ade6bcc8f592923edf5
Ada-MGAD-e2e-v2-c0weight,f275156cc5bdd43ab4d3649183e3562796d678f0,experiments/p6/c1_prefix_metric_audit/c1-fold1-metric-audit-v1-20260929/completion_manifest.json,2015,322e3bf69bd9aaa16b4b0b667a3fd98802175bdd91ec655585f7c97c765ef847
Ada-MGAD-e2e-v2-c0weight,f275156cc5bdd43ab4d3649183e3562796d678f0,experiments/p6/c1_prefix_metric_audit/c1-fold1-metric-audit-v1-20260929/summary.json,2334,f951ebf8419d6499dfe3864e04b4c7f3ab04f258eb3c3d40a3f2ecc43623ae1a
Ada-MGAD-e2e-v2-c0weight,f275156cc5bdd43ab4d3649183e3562796d678f0,experiments/p6/c1_protocol/c1-g2-py38-correction-20260924T0831Z/correction_manifest.json,2340,36a6406c80c0545f81e37f2cb4df0a1bbf5e341d5f92094631be487417f88a34
Ada-MGAD-e2e-v2-c0weight,f275156cc5bdd43ab4d3649183e3562796d678f0,experiments/p6/c1_protocol/c1-g2-py38-correction-20260924T0831Z/correction_report.md,3511,757d796360596b4155d91f40ed3b29cb78cc547dba0ecff819ff1a5496a58857
Ada-MGAD-e2e-v2-c0weight,f275156cc5bdd43ab4d3649183e3562796d678f0,experiments/p6/c1_protocol/c1-g2-v1-20260924/design_lock_report.md,2211,105b44683c01ffc8ef6eded385ec1dc3d6032415e40c58cdfd2815595c02a23f
Ada-MGAD-e2e-v2-c0weight,f275156cc5bdd43ab4d3649183e3562796d678f0,experiments/p6/c1_protocol/c1-g2-v1-20260924/raw_content_manifest.json,1584322,03bdefc1ad817802a9f015a5cc07c71f5e8d625c66c5d5e9fbff31d0d5671718
Ada-MGAD-e2e-v2-c0weight,f275156cc5bdd43ab4d3649183e3562796d678f0,experiments/p6/c1_supervision_oos/c1-supervision-oos-v1-seed42/evaluation/c1_results.json,1947819,d94b67c6631229c8994b491156d616a29062537fda6955bb9a44908609786b6c
Ada-MGAD-e2e-v2-c0weight,f275156cc5bdd43ab4d3649183e3562796d678f0,experiments/p6/c1_supervision_oos/c1-supervision-oos-v1-seed42/evaluation/c2_failure_ledger.csv,1266920,2d7dd0703147a7f67d8e77b17f9be03be43b63baa733f7891b6f653852acef5c
Ada-MGAD-e2e-v2-c0weight,f275156cc5bdd43ab4d3649183e3562796d678f0,experiments/p6/c1_supervision_oos/c1-supervision-oos-v1-seed42/evaluation/c2_failure_summary.json,669,382829e8258b95882ef741004ae2715a98cc01dcd53cc11229cc12abb48c2b95
Ada-MGAD-e2e-v2-c0weight,f275156cc5bdd43ab4d3649183e3562796d678f0,experiments/p6/c1_supervision_oos/c1-supervision-oos-v1-seed42/evaluation/c2_full_diagnosis.json,17914,3b6635e497916cc0be7ba06f466772d1d884544d5819fa519714e3b1e2157beb
Ada-MGAD-e2e-v2-c0weight,f275156cc5bdd43ab4d3649183e3562796d678f0,experiments/p6/c1_supervision_oos/c1-supervision-oos-v1-seed42/evaluation/c2_raw_matching.csv,1155905,986a55d59a6f809a0a6961d76eca5402624ae776bcbd170afb935a24862a09ab
Ada-MGAD-e2e-v2-c0weight,f275156cc5bdd43ab4d3649183e3562796d678f0,experiments/p6/c1_supervision_oos/c1-supervision-oos-v1-seed42/evaluation/c2_stage1_reference.json,1754,104ca7578bd204131f5785fa27b9b97eb08470343f149742c74b83195f8e10c9
Ada-MGAD-e2e-v2-c0weight,f275156cc5bdd43ab4d3649183e3562796d678f0,experiments/p6/c1_supervision_oos/c1-supervision-oos-v1-seed42/evaluation/completion_manifest.json,4210,c113bd2b18967e9f0fac4a227bed7c19e5659f6f13833ba4b21040a9a1b9730e
Ada-MGAD-e2e-v2-c0weight,f275156cc5bdd43ab4d3649183e3562796d678f0,experiments/p6/c1_supervision_oos/c1-supervision-oos-v1-seed42/evaluation/oracle_a_diagnostic.json,269,d1838b5efefa11087fbbb6ecc9949740d6fbb0ece02316ec243e06cb1e4dc1ae
Ada-MGAD-e2e-v2-c0weight,f275156cc5bdd43ab4d3649183e3562796d678f0,experiments/p6/c1_supervision_oos/c1-supervision-oos-v1-seed42/evaluation/oracle_a_rankings.csv,990811,5a7c9576a448ce7a2a9688a214626cc3176919305643f4e89e1dada7c899eec4
Ada-MGAD-e2e-v2-c0weight,f275156cc5bdd43ab4d3649183e3562796d678f0,experiments/p6/c1_supervision_oos/c1-supervision-oos-v1-seed42/folds/fold_01/completion_manifest.json,9087,e5ee5d1ee7f825b18e7ef69f4764182284547d3940c77771855a40468c9b3d3c
Ada-MGAD-e2e-v2-c0weight,f275156cc5bdd43ab4d3649183e3562796d678f0,experiments/p6/c1_supervision_oos/c1-supervision-oos-v1-seed42/folds/fold_01/detector/completion_manifest.json,4312,77f0e0bc4f07aad21799db077c09c3d657dc5c2c106d24460257742c33df5220
Ada-MGAD-e2e-v2-c0weight,f275156cc5bdd43ab4d3649183e3562796d678f0,experiments/p6/c1_supervision_oos/c1-supervision-oos-v1-seed42/folds/fold_01/detector/generation_episodes.csv,106723,856797f52561e1fdc0a9a0e5ab00885ad5a0267d5ccf58f0d943e2bfde31f664
Ada-MGAD-e2e-v2-c0weight,f275156cc5bdd43ab4d3649183e3562796d678f0,experiments/p6/c1_supervision_oos/c1-supervision-oos-v1-seed42/folds/fold_01/detector/generation_scores.csv,750379,6e6a1343939cfbe52c5ea0cf33aa8c7d44cd656c9e5e8641a4fc1f01f0ecb9bc
Ada-MGAD-e2e-v2-c0weight,f275156cc5bdd43ab4d3649183e3562796d678f0,experiments/p6/c1_supervision_oos/c1-supervision-oos-v1-seed42/folds/fold_01/detector/selection.json,773,e96b42fda9f874a04866e984d36f9b32feb24cfabb9d0baf9dda72285fa85f45
Ada-MGAD-e2e-v2-c0weight,f275156cc5bdd43ab4d3649183e3562796d678f0,experiments/p6/c1_supervision_oos/c1-supervision-oos-v1-seed42/folds/fold_01/detector/training_log.json,19221,64dd055eb00531ae43fcead33e103fc1ec55fb6f364518eaec53daae4829a026
Ada-MGAD-e2e-v2-c0weight,f275156cc5bdd43ab4d3649183e3562796d678f0,experiments/p6/c1_supervision_oos/c1-supervision-oos-v1-seed42/folds/fold_02/completion_manifest.json,9096,51006c83a351a1794832be0f82fcee35bceeec0a2a1382df1c61b9e2dc7f252c
Ada-MGAD-e2e-v2-c0weight,f275156cc5bdd43ab4d3649183e3562796d678f0,experiments/p6/c1_supervision_oos/c1-supervision-oos-v1-seed42/folds/fold_02/detector/completion_manifest.json,4281,1ac2392e356f0da8e56fd1c944fbc86f5492d882424d942eeb12523f81a4642b
Ada-MGAD-e2e-v2-c0weight,f275156cc5bdd43ab4d3649183e3562796d678f0,experiments/p6/c1_supervision_oos/c1-supervision-oos-v1-seed42/folds/fold_02/detector/generation_episodes.csv,130039,237fa6eb7af28143ba38568ab9c19f5ee2cfb23c2fed25de2d680fd11ee7383a
Ada-MGAD-e2e-v2-c0weight,f275156cc5bdd43ab4d3649183e3562796d678f0,experiments/p6/c1_supervision_oos/c1-supervision-oos-v1-seed42/folds/fold_02/detector/generation_scores.csv,753899,7abb1f0398658ada10897f17b4f271ff084f6b1daf1e9c1adeddfb667eb3b02f
Ada-MGAD-e2e-v2-c0weight,f275156cc5bdd43ab4d3649183e3562796d678f0,experiments/p6/c1_supervision_oos/c1-supervision-oos-v1-seed42/folds/fold_02/detector/selection.json,741,3449a63b37f5184f9fbd86888843d6e9d8605c3b0b6502635528ff139fd3db3f
Ada-MGAD-e2e-v2-c0weight,f275156cc5bdd43ab4d3649183e3562796d678f0,experiments/p6/c1_supervision_oos/c1-supervision-oos-v1-seed42/folds/fold_02/detector/training_log.json,12434,9cb70fe0d388f2f964a539d9c9d21608b6aa8c710a5b097f0f71fbf27162458b
Ada-MGAD-e2e-v2-c0weight,f275156cc5bdd43ab4d3649183e3562796d678f0,experiments/p6/c1_supervision_oos/c1-supervision-oos-v1-seed42/folds/fold_03/completion_manifest.json,9096,a965256b6152dc4310918aa48ce7fe893ed5207d7c5022101ae3dfa818034934
Ada-MGAD-e2e-v2-c0weight,f275156cc5bdd43ab4d3649183e3562796d678f0,experiments/p6/c1_supervision_oos/c1-supervision-oos-v1-seed42/folds/fold_03/detector/completion_manifest.json,4300,1e94bc29015731fe875de21506a2ad16589ef7a5dce77bf00d3fb16d66c15d56
Ada-MGAD-e2e-v2-c0weight,f275156cc5bdd43ab4d3649183e3562796d678f0,experiments/p6/c1_supervision_oos/c1-supervision-oos-v1-seed42/folds/fold_03/detector/generation_episodes.csv,125838,6519b6f514e75972054b3d458c4dcb9320e6c4e3bfcf65a68bb8a3af7282fb05
Ada-MGAD-e2e-v2-c0weight,f275156cc5bdd43ab4d3649183e3562796d678f0,experiments/p6/c1_supervision_oos/c1-supervision-oos-v1-seed42/folds/fold_03/detector/generation_scores.csv,753500,3756b817680de25addd174fc2a60ebc9c934ac3ec5fdac1bbc8484de080d117f
Ada-MGAD-e2e-v2-c0weight,f275156cc5bdd43ab4d3649183e3562796d678f0,experiments/p6/c1_supervision_oos/c1-supervision-oos-v1-seed42/folds/fold_03/detector/selection.json,760,f73355c10d70746fffafaf12a3f8bf8bccdbfa4c85d0ea3110e630e73f3b40e8
Ada-MGAD-e2e-v2-c0weight,f275156cc5bdd43ab4d3649183e3562796d678f0,experiments/p6/c1_supervision_oos/c1-supervision-oos-v1-seed42/folds/fold_03/detector/training_log.json,12517,971f380db43fd6bb6f0d62044007ee0e865a6d94815d31dedca0e533c645006d
Ada-MGAD-e2e-v2-c0weight,f275156cc5bdd43ab4d3649183e3562796d678f0,experiments/p6/c1_supervision_oos/c1-supervision-oos-v1-seed42/g1_static/completion_manifest.json,5866,935abdc91db5fa1ddba7cb26455508433dace34c11ffa92087243f2ee7afab23
Ada-MGAD-e2e-v2-c0weight,f275156cc5bdd43ab4d3649183e3562796d678f0,experiments/p6/c1_supervision_oos/c1-supervision-oos-v1-seed42/g1_static/fold_manifest.json,11117,017d4b2e87d737ee7d1f3f729a63fed4775e9e8181ec04214ddda6883310d4e5
Ada-MGAD-e2e-v2-c0weight,f275156cc5bdd43ab4d3649183e3562796d678f0,experiments/p6/c1_supervision_oos/c1-supervision-oos-v1-seed42/g1_static/input_manifest.json,7333,a316f306e8b117b8aa9739b468c39f4cd6523310b48ad02f83f2c2f346abd3a1
Ada-MGAD-e2e-v2-c0weight,f275156cc5bdd43ab4d3649183e3562796d678f0,experiments/p6/c1_supervision_oos/c1-supervision-oos-v1-seed42/g1_static/integrity_report.md,1692,2afcab0765547b1e0d75aa464eff2e98e3029e857eceef1435718078395ace22
Ada-MGAD-e2e-v2-c0weight,f275156cc5bdd43ab4d3649183e3562796d678f0,experiments/p6/c1_supervision_oos/c1-supervision-oos-v1-seed42/g1_static/static_population.json,1545,83a5e20726f20866060bd7014784687d3860b0ccc63a76c6c0820817b311f7eb
Ada-MGAD-e2e-v2-c0weight,f275156cc5bdd43ab4d3649183e3562796d678f0,experiments/p6/c1_supervision_oos/c1-supervision-oos-v1-seed42/predictions/completion_manifest.json,3671,19777b7f4656f3e8b360e1ecb618dc5d0dc8a0e63a15df59596a1d87be746216
Ada-MGAD-e2e-v2-c0weight,f275156cc5bdd43ab4d3649183e3562796d678f0,experiments/p6/c1_supervision_oos/c1-supervision-oos-v1-seed42/predictions/prediction_lock.json,6883,ee9500730e7b982557de31d9fd138c13e09e5af397b11354e88b305f0233c967
Ada-MGAD-e2e-v2-c0weight,f275156cc5bdd43ab4d3649183e3562796d678f0,experiments/p6/c1_supervision_oos/c1-supervision-oos-v1-seed42/predictions/scope_rankings.csv,1596904,b444a4d92c601430b79a3fee5e6fcddc97c3a8573cd20bd0c16a828d5bf6a650
Ada-MGAD-e2e-v2-c0weight,f275156cc5bdd43ab4d3649183e3562796d678f0,experiments/p6/c1_supervision_oos/c1-supervision-oos-v1-seed42/rca/arm_b.json,753,2ba84aa9ec52b488db82b2dadce049c9c0105f2147176ff5716ba4d15ee8a4c7
Ada-MGAD-e2e-v2-c0weight,f275156cc5bdd43ab4d3649183e3562796d678f0,experiments/p6/c1_supervision_oos/c1-supervision-oos-v1-seed42/rca/arm_c.json,752,6132941dd09f098a4c711c954ddec473eac11de63f5b094586413d95d7e6ca27
Ada-MGAD-e2e-v2-c0weight,f275156cc5bdd43ab4d3649183e3562796d678f0,experiments/p6/c1_supervision_oos/c1-supervision-oos-v1-seed42/rca/completion_manifest.json,3538,2e446855d9e9cff34c684e8472d7510d1deb3cf5849aa9d8461e7d456127e9b0
Ada-MGAD-e2e-v2-c0weight,f275156cc5bdd43ab4d3649183e3562796d678f0,experiments/p6/c1_supervision_oos/c1-supervision-oos-v1-seed42/run_lock.json,6331,0b5a2b649c31305eec88d631f2d57ef2a45a7d4d643d861478b3a11d620c9c56
Ada-MGAD-e2e-v2-c0weight,f275156cc5bdd43ab4d3649183e3562796d678f0,experiments/p6/c1_supervision_oos/c1-supervision-oos-v1-seed42/train_cohort/cases.csv,325878,83ee698981272bfb1f89d1c2d9b1c2c622b63c419a08c251abde2bf7965821dd
Ada-MGAD-e2e-v2-c0weight,f275156cc5bdd43ab4d3649183e3562796d678f0,experiments/p6/c1_supervision_oos/c1-supervision-oos-v1-seed42/train_cohort/completion_manifest.json,4746,b36dfaa5ba38bc741e318d8cb9e59e5f225324ff9cd3422b6040faff04634550
Ada-MGAD-e2e-v2-c0weight,f275156cc5bdd43ab4d3649183e3562796d678f0,experiments/p6/c1_supervision_oos/c1-supervision-oos-v1-seed42/train_cohort/exclusions.csv,1760,3f5dc5665be94d84e76d3e1e3f84756ae4fdd00e2f42dc96eed7ac3de3941cd6
Ada-MGAD-e2e-v2-c0weight,f275156cc5bdd43ab4d3649183e3562796d678f0,experiments/p6/c1_supervision_oos/c1-supervision-oos-v1-seed42/train_cohort/matching.csv,811460,5c3aa3085f03c2061af4e89e06f6a2f138e0bf69395e2deba438a61a643d8db4
Ada-MGAD-e2e-v2-c0weight,f275156cc5bdd43ab4d3649183e3562796d678f0,experiments/p6/score_decomposition/classification/diagnosis_metrics.json,2093,60fe8440d8c42b2d3a842f7a7c7e4ae861c226ca622ae7eb1923b979c9d44a8e
Ada-MGAD-e2e-v2-c0weight,f275156cc5bdd43ab4d3649183e3562796d678f0,experiments/p6/score_decomposition/classification/event_metrics.json,5147,f40cd2d1f1940bf80eeb298a9350fec848e7b4e64b8730999fb0ed37decd3827
Ada-MGAD-e2e-v2-c0weight,f275156cc5bdd43ab4d3649183e3562796d678f0,experiments/p6/score_decomposition/classification/localization_metrics.json,28925,ceab500c6dee1d5d0fe39a18534c887edfc8355b6491b3535e12a44a423cd4f8
Ada-MGAD-e2e-v2-c0weight,f275156cc5bdd43ab4d3649183e3562796d678f0,experiments/p6/score_decomposition/classification/rca_metrics.json,5581,d8416b903e9babb73045ae016fa7ef8fc20adf7e9c100a25c25d54b767eba99f
Ada-MGAD-e2e-v2-c0weight,f275156cc5bdd43ab4d3649183e3562796d678f0,experiments/p6/score_decomposition/classification/threshold.json,1217,db3862ddb8e2b5d78cee4a4693cc7a5bc56919af20ef592134dbdd571bc6c56d
Ada-MGAD-e2e-v2-c0weight,f275156cc5bdd43ab4d3649183e3562796d678f0,experiments/p6/score_decomposition/common_cases.csv,783153,0bb6bf3e435baf179c4cb1e1deda4bdc42c749d513865a3fcc50d4abf1bdb396
Ada-MGAD-e2e-v2-c0weight,f275156cc5bdd43ab4d3649183e3562796d678f0,experiments/p6/score_decomposition/comparison.json,92985,ce6965fe10c1773e4c0021f8eb5cb1121e8c96a655067520d20d6dec3efb5190
Ada-MGAD-e2e-v2-c0weight,f275156cc5bdd43ab4d3649183e3562796d678f0,experiments/p6/score_decomposition/fused/diagnosis_metrics.json,2085,77d6d3adbb2e76b49b41d16eafb56d4d020faae6d04e25be52ab2a0d209d101c
Ada-MGAD-e2e-v2-c0weight,f275156cc5bdd43ab4d3649183e3562796d678f0,experiments/p6/score_decomposition/fused/event_metrics.json,5105,930173c6cec6c10880f6b375fbf363c1dc62988b836ba86c8c6c1ea4604e0bb6
Ada-MGAD-e2e-v2-c0weight,f275156cc5bdd43ab4d3649183e3562796d678f0,experiments/p6/score_decomposition/fused/localization_metrics.json,29146,9b230dbaee9901ce3b9d9b8308a1e69e40b782e557611e8bee24239bdbb1c095
Ada-MGAD-e2e-v2-c0weight,f275156cc5bdd43ab4d3649183e3562796d678f0,experiments/p6/score_decomposition/fused/rca_metrics.json,5617,d6489f7ed8c2c7563f990e58fdaa17e07feeccd7514f809a3a25c235b8abfb73
Ada-MGAD-e2e-v2-c0weight,f275156cc5bdd43ab4d3649183e3562796d678f0,experiments/p6/score_decomposition/fused/threshold.json,1212,8b3b74d8d838c3303c9b2e6c32c25fe5549df0e78a93790caa59ac383ee5d741
Ada-MGAD-e2e-v2-c0weight,f275156cc5bdd43ab4d3649183e3562796d678f0,experiments/p6/score_decomposition/label_identity_audit.json,1024,6652840bdf55c317b10d2ae4bf5223d6cde67a541688f5a13261b81d7b710010
Ada-MGAD-e2e-v2-c0weight,f275156cc5bdd43ab4d3649183e3562796d678f0,experiments/p6/score_decomposition/manifest.json,7530,65ef6b0a85b907dbc378bafaf712732144a35e5280ae1ab44babb8125f1067ba
Ada-MGAD-e2e-v2-c0weight,f275156cc5bdd43ab4d3649183e3562796d678f0,experiments/p6/score_decomposition/prediction_artifacts.json,1626,f552fde50da06bebf0b8aecd020e5e3825a52b279aef900154a419d04be38afc
Ada-MGAD-e2e-v2-c0weight,f275156cc5bdd43ab4d3649183e3562796d678f0,experiments/p6/score_decomposition/rca/rca_feature_health.json,1806,015b06395de0fe6b2d6ae799629230ce37068ab119564842e319b9a333035493
Ada-MGAD-e2e-v2-c0weight,f275156cc5bdd43ab4d3649183e3562796d678f0,experiments/p6/score_decomposition/rca/rca_feature_manifest.json,2831,7cb9ee84f4e2ce06db7a695027957b25ed69bbd9ccd3865bd2f17f0524c6669e
Ada-MGAD-e2e-v2-c0weight,f275156cc5bdd43ab4d3649183e3562796d678f0,experiments/p6/score_decomposition/reconstruction/diagnosis_metrics.json,2069,1f5f35c7ef97acbf3b740dadc011627b5767f60e7933f7df2bbf53ff1888b4c9
Ada-MGAD-e2e-v2-c0weight,f275156cc5bdd43ab4d3649183e3562796d678f0,experiments/p6/score_decomposition/reconstruction/event_metrics.json,5142,b54a64b01f5e3f9555d094b85787c1bfe94580121162f2a330781550375c61e4
Ada-MGAD-e2e-v2-c0weight,f275156cc5bdd43ab4d3649183e3562796d678f0,experiments/p6/score_decomposition/reconstruction/localization_metrics.json,28269,d35901afceaeac0715266af6d0110c10e444bea83774f7228be90f7a35462b82
Ada-MGAD-e2e-v2-c0weight,f275156cc5bdd43ab4d3649183e3562796d678f0,experiments/p6/score_decomposition/reconstruction/rca_metrics.json,5395,6f573174833b1afac5eba0d2eb9b10da85d498e0736d975e1324588575799b7f
Ada-MGAD-e2e-v2-c0weight,f275156cc5bdd43ab4d3649183e3562796d678f0,experiments/p6/score_decomposition/reconstruction/threshold.json,1219,001fd77e80047ef147b1b4969420c9063280ea04a25df7a59c36328bcb367140
Ada-MGAD-e2e-v2-c0weight,f275156cc5bdd43ab4d3649183e3562796d678f0,experiments/p6/score_decomposition/score_range.json,946,065dbfa7e5b3a6e53e2bc3493fd80448d9613d0b7043d15a314aa1e3f30a20b5
Ada-MGAD-e2e-v2-c0weight,f275156cc5bdd43ab4d3649183e3562796d678f0,experiments/p6/score_decomposition/score_replay.json,4465,b292ac3e2b5640703cbda942a161ec5ac048fa0c0263ca15b72089b96385ac3d
Ada-MGAD-e2e-v2-c0weight,f275156cc5bdd43ab4d3649183e3562796d678f0,experiments/p6/system_event_trigger/manifest.json,28509,cb222bb5c21d20d8a7546e8b1ee1b4882daaac5d4a397d0e07655fe646cf9794
Ada-MGAD-e2e-v2-c0weight,f275156cc5bdd43ab4d3649183e3562796d678f0,experiments/p6/system_event_trigger/split_audit.json,12293,e5c60574f4c36ba5c7ebddbc869ede70f6f9aa83cf35c46fd611dbfba310463e
Ada-MGAD-e2e-v2-c0weight,f275156cc5bdd43ab4d3649183e3562796d678f0,experiments/p6/system_event_trigger/split_manifest.json,8121,1cad441a2d207379ffd8838bc2d655e9c68f3e03b6f4f7e666413a0b33aca193
Ada-MGAD-e2e-v2-c0weight,f275156cc5bdd43ab4d3649183e3562796d678f0,experiments/p6/system_event_trigger/test_metrics.json,14261,2968632cc4da1b807d976d8bb1c449f9d755cb1c15d2ee43bcd440b74946ce5b
Ada-MGAD-e2e-v2-c0weight,f275156cc5bdd43ab4d3649183e3562796d678f0,experiments/p6/system_event_trigger/training_log.json,18166,fcd54effee28206a6cdc964458bedb98c17a26906b58497140e42b567150b48a
Ada-MGAD-e2e-v2-c0weight,f275156cc5bdd43ab4d3649183e3562796d678f0,experiments/p6/system_event_trigger/validation_selection.json,21174,b5167c8d5df9cd9eebd7812cb76733799aa3f7829f3fe1a2c5cdb0ec51715a24
Ada-MGAD-e2e-v2-mobpair,72fb67fd661bf42ae2a0ae6818eadc6b05403230,experiments/p6/c0f_failure_audit/c0f-correction-20260923T0755Z/analysis_validation.json,296,ad7a15071946ca8749cbfc26c134304b3771c8e610fe1b8b2bbb81c01767fdde
Ada-MGAD-e2e-v2-mobpair,72fb67fd661bf42ae2a0ae6818eadc6b05403230,experiments/p6/c0f_failure_audit/c0f-correction-20260923T0755Z/audit_config.json,3064,6e66534cd7adb078d7342fd189a891d59e8dd1b9c893868cbf06f92c34c6c820
Ada-MGAD-e2e-v2-mobpair,72fb67fd661bf42ae2a0ae6818eadc6b05403230,experiments/p6/c0f_failure_audit/c0f-correction-20260923T0755Z/capacity_summary.json,13508,aaa4fe3bc740aad3c1b97dac8a8c9224fcdc766b59e693f2b07a678139eccbda
Ada-MGAD-e2e-v2-mobpair,72fb67fd661bf42ae2a0ae6818eadc6b05403230,experiments/p6/c0f_failure_audit/c0f-correction-20260923T0755Z/completion_manifest.json,76920,faabd0a5e6486a89c6e6e3cab1af8f146af6cdab9fe5e728c027f5d18f80745a
Ada-MGAD-e2e-v2-mobpair,72fb67fd661bf42ae2a0ae6818eadc6b05403230,experiments/p6/c0f_failure_audit/c0f-correction-20260923T0755Z/confounding_tables.json,196447,676bf2913aefd265292b4d25c6c8fc11d9bec5813f5aebf9a3d7a6e49933487d
Ada-MGAD-e2e-v2-mobpair,72fb67fd661bf42ae2a0ae6818eadc6b05403230,experiments/p6/c0f_failure_audit/c0f-correction-20260923T0755Z/correction_summary.json,1427,95cdd9d0c51a29a47d84b851a8dda40c3d56e877203793781c4701a6852db181
Ada-MGAD-e2e-v2-mobpair,72fb67fd661bf42ae2a0ae6818eadc6b05403230,experiments/p6/c0f_failure_audit/c0f-correction-20260923T0755Z/decision.json,21910,3cdf539f1bfe2367c9e0e34430118a565645a293138e121970832cce7984c552
Ada-MGAD-e2e-v2-mobpair,72fb67fd661bf42ae2a0ae6818eadc6b05403230,experiments/p6/c0f_failure_audit/c0f-correction-20260923T0755Z/evidence_ledger.json,7998,eaf1b0a9bb641e3dd59c540512f03a61a793b4ebb83c7115b19f86ac7318e1fe
Ada-MGAD-e2e-v2-mobpair,72fb67fd661bf42ae2a0ae6818eadc6b05403230,experiments/p6/c0f_failure_audit/c0f-correction-20260923T0755Z/final_report.md,12767,cfac59ff1f3d4ac489a3c11b9670e43e3e8216999019e821d1711970fdfea656
Ada-MGAD-e2e-v2-mobpair,72fb67fd661bf42ae2a0ae6818eadc6b05403230,experiments/p6/c0f_failure_audit/c0f-correction-20260923T0755Z/input_integrity_after.json,227,bc834dc3b45aa4814b8e27a6d7b15d88994488d574057dcf8e18c5647782c7e4
Ada-MGAD-e2e-v2-mobpair,72fb67fd661bf42ae2a0ae6818eadc6b05403230,experiments/p6/c0f_failure_audit/c0f-correction-20260923T0755Z/input_manifest.json,1272,8a22a55fe1b951a78aa30fa6a185339f45235779a9b0c4a92852cc97f11fa972
Ada-MGAD-e2e-v2-mobpair,72fb67fd661bf42ae2a0ae6818eadc6b05403230,experiments/p6/c0f_failure_audit/c0f-correction-20260923T0755Z/input_snapshot.json,254827,1fdc4e0e3b82c9849e7e965471ee4431621aa3b8b7d9ec86f7afbc0fa5b9b87f
Ada-MGAD-e2e-v2-mobpair,72fb67fd661bf42ae2a0ae6818eadc6b05403230,experiments/p6/c0f_failure_audit/c0f-correction-20260923T0755Z/isolation_summary.json,46108,439b4311ae6cdeeb896971b52602928cd8f8f00581b1762b7dc199338eb8cdd9
Ada-MGAD-e2e-v2-mobpair,72fb67fd661bf42ae2a0ae6818eadc6b05403230,experiments/p6/c0f_failure_audit/c0f-correction-20260923T0755Z/ledger_invariants.json,520,a497cd0e28dc4627d27a343038ecda70ff3e2cd2c7579674175c7b0c1ebe8ab3
Ada-MGAD-e2e-v2-mobpair,72fb67fd661bf42ae2a0ae6818eadc6b05403230,experiments/p6/c0f_failure_audit/c0f-correction-20260923T0755Z/reuse_provenance.json,1297,5d40d373429d92073ad1f677ed930107abdcfec9973afa3fd940c00d79a6ad82
Ada-MGAD-e2e-v2-mobpair,72fb67fd661bf42ae2a0ae6818eadc6b05403230,experiments/p6/c0f_failure_audit/c0f-correction-20260923T0755Z/run_state.json,70344,4f58cdf5cf3c06bcc2b8ea3b12a608c6c9287a8a996a4ae0007f2a3cede3fb78
Ada-MGAD-e2e-v2-mobpair,72fb67fd661bf42ae2a0ae6818eadc6b05403230,experiments/p6/c0f_failure_audit/c0f-correction-20260923T0755Z/source_integrity.json,8617,ae61ded34933922feea8dad052f115aa50abf7c311593f0a49f47b5e73270e73
Ada-MGAD-e2e-v2-mobpair,72fb67fd661bf42ae2a0ae6818eadc6b05403230,experiments/p6/c0f_failure_audit/c0f-correction-20260923T0755Z/source_snapshot.json,27487,808bb33502694359a809657c56db3bc4ecf1a67887e45ba4c7949e67009d17fe
Ada-MGAD-e2e-v2-mobpair,72fb67fd661bf42ae2a0ae6818eadc6b05403230,experiments/p6/c0f_failure_audit/c0f-correction-20260923T0755Z/split_population_checks.json,968,e5cad5ac9211384da9c73c83304625bb4274585228b1b733edd92f4352dfd820
Ada-MGAD-e2e-v2-mobpair,72fb67fd661bf42ae2a0ae6818eadc6b05403230,experiments/p6/c0f_failure_audit/c0f-correction-20260923T0755Z/stratified_summary.json,38692,c3d3148227ad27756001b6d6b7ba1fadb603e390741e29fad34fcb8292c4962e
Ada-MGAD-e2e-v2-mobpair,72fb67fd661bf42ae2a0ae6818eadc6b05403230,experiments/p6/c0f_failure_audit/c0f-correction-20260923T0755Z/test_artifact_verification.json,1286,0385232d6ff22eb82747264c9bdf7a4d0f6b4112b40a5edc9675ec12ddd72282
Ada-MGAD-e2e-v2-mobpair,72fb67fd661bf42ae2a0ae6818eadc6b05403230,experiments/p6/c0f_failure_audit/c0f-correction-20260923T0755Z/test_results.json,1478,001ef8cbe1e1997d6a608df763aefb994e5d99b6e932f97de0c4cf88b4aa504e
Ada-MGAD-e2e-v2-mobpair,72fb67fd661bf42ae2a0ae6818eadc6b05403230,experiments/p6/c0f_failure_audit/c0f-correction-20260923T0755Z/validation_replay.json,1781,e802370c18a4bc38e497d3ab398705a0434f91bbe8c02dbf1710c7f1ad904360
Ada-MGAD-e2e-v2-mobpair,72fb67fd661bf42ae2a0ae6818eadc6b05403230,experiments/p6/c0f_failure_audit/c0f-seed42-20260919T0700/audit_config.json,2705,078c633bc1097b558439d0bc247118bf079cdbc177eac2bbe26a83b628bbbf40
Ada-MGAD-e2e-v2-mobpair,72fb67fd661bf42ae2a0ae6818eadc6b05403230,experiments/p6/c0f_failure_audit/c0f-seed42-20260919T0700/capacity_summary.json,12933,e479dfa5b2af41d141b4fd08ecbfa76a107148e57ade5e17eaa818b880821124
Ada-MGAD-e2e-v2-mobpair,72fb67fd661bf42ae2a0ae6818eadc6b05403230,experiments/p6/c0f_failure_audit/c0f-seed42-20260919T0700/completion_manifest.json,16950,97e1fd3e34da06e7b64808b9f38372628c7007b9a2533c46582b50e5b7ace53a
Ada-MGAD-e2e-v2-mobpair,72fb67fd661bf42ae2a0ae6818eadc6b05403230,experiments/p6/c0f_failure_audit/c0f-seed42-20260919T0700/confounding_tables.json,27744,bab17cda93dcb9747e23cd4519396edc2975e38bc31ed96e2ad3fc2d8fe5c9c6
Ada-MGAD-e2e-v2-mobpair,72fb67fd661bf42ae2a0ae6818eadc6b05403230,experiments/p6/c0f_failure_audit/c0f-seed42-20260919T0700/decision.json,20118,9eb7ca1ee3c04c4b8fdc1d0a9a75b873add03bfce61b026f0e4abc9f55ba9493
Ada-MGAD-e2e-v2-mobpair,72fb67fd661bf42ae2a0ae6818eadc6b05403230,experiments/p6/c0f_failure_audit/c0f-seed42-20260919T0700/evidence_ledger.json,5830,1eaca4aac0c592a5110acadb7681366ceba696f0fedc1803ec1c03379d16f90b
Ada-MGAD-e2e-v2-mobpair,72fb67fd661bf42ae2a0ae6818eadc6b05403230,experiments/p6/c0f_failure_audit/c0f-seed42-20260919T0700/final_report.md,9472,563ac665ce2641c94e80a4bd12e124473956db1c49113eb60859ba4f6f2a291f
Ada-MGAD-e2e-v2-mobpair,72fb67fd661bf42ae2a0ae6818eadc6b05403230,experiments/p6/c0f_failure_audit/c0f-seed42-20260919T0700/input_manifest.json,1267,cd5a7b02c8e78bb6021343dd2e76ca8d87819503afdecefc8cb80c5fcfdc48ef
Ada-MGAD-e2e-v2-mobpair,72fb67fd661bf42ae2a0ae6818eadc6b05403230,experiments/p6/c0f_failure_audit/c0f-seed42-20260919T0700/ledger_invariants.json,520,a497cd0e28dc4627d27a343038ecda70ff3e2cd2c7579674175c7b0c1ebe8ab3
Ada-MGAD-e2e-v2-mobpair,72fb67fd661bf42ae2a0ae6818eadc6b05403230,experiments/p6/c0f_failure_audit/c0f-seed42-20260919T0700/run_state.json,1983,5c81eb7dfb89d713ac40de4da60d8f9803b89ac1c6260ff9ca7a07e59fe40edc
Ada-MGAD-e2e-v2-mobpair,72fb67fd661bf42ae2a0ae6818eadc6b05403230,experiments/p6/c0f_failure_audit/c0f-seed42-20260919T0700/source_integrity.json,4603,7507a5bb490607692a0c7e4065f1ba79e8cde8d67305f4d8f20638feb6228c8d
Ada-MGAD-e2e-v2-mobpair,72fb67fd661bf42ae2a0ae6818eadc6b05403230,experiments/p6/c0f_failure_audit/c0f-seed42-20260919T0700/split_population_checks.json,968,e5cad5ac9211384da9c73c83304625bb4274585228b1b733edd92f4352dfd820
Ada-MGAD-e2e-v2-mobpair,72fb67fd661bf42ae2a0ae6818eadc6b05403230,experiments/p6/c0f_failure_audit/c0f-seed42-20260919T0700/stratified_summary.json,35445,babde167b0390f10a20108026516463a250f74340fcd46c8729e386610f39b57
Ada-MGAD-e2e-v2-mobpair,72fb67fd661bf42ae2a0ae6818eadc6b05403230,experiments/p6/c0f_failure_audit/c0f-seed42-20260919T0700/test_artifact_verification.json,1190,ccec4113e1846fd3509fc626a6cc14a7b64fe05ae31fa81c31bcf9ab68e22e28
Ada-MGAD-e2e-v2-mobpair,72fb67fd661bf42ae2a0ae6818eadc6b05403230,experiments/p6/c0f_failure_audit/c0f-seed42-20260919T0700/validation_replay.json,1781,24ea8a62815c7c6172bac2e3e3a0f3bfc639b803fc8bbd28c17d9e33c98fb93f
Ada-MGAD-e2e-v2-mobpair,72fb67fd661bf42ae2a0ae6818eadc6b05403230,experiments/p6/c0f_failure_audit/code-checks-20260923T075346Z/test_results.json,1175,51017a28cf2e25a31b463a4d5ead6ec19bc3062006a0f72ce40da0a60dbc43df
Ada-MGAD-e2e-v2-mobpair,72fb67fd661bf42ae2a0ae6818eadc6b05403230,experiments/p6/c1_anchor_augmentation_dev/c1-anchor-augmentation-forward-v1/predictions.csv,1429009,50ce2240a94d1d864e925058164331426efaa9be97577c90d9e9c753720f71fd
Ada-MGAD-e2e-v2-mobpair,72fb67fd661bf42ae2a0ae6818eadc6b05403230,experiments/p6/c1_anchor_augmentation_dev/c1-anchor-augmentation-forward-v1/results.json,4159,dd48d2605d156bbf6f9c19fbf90736f110808a21bd4971a78a81699d8b5d9cc2
Ada-MGAD-e2e-v2-mobpair,72fb67fd661bf42ae2a0ae6818eadc6b05403230,experiments/p6/c1_anchor_backdate/c1-anchor-backdate-v1-delta25621/predictions/features/shard_000.npy,136128,56f49fdf2f0610d9d0715d7034e8461f5d642d62846b180a58be8af3de562a59
Ada-MGAD-e2e-v2-mobpair,72fb67fd661bf42ae2a0ae6818eadc6b05403230,experiments/p6/c1_anchor_backdate/c1-anchor-backdate-v1-delta25621/predictions/features/shard_001.npy,136128,dd451670598d1ad50adf4db929a6a8e5c7745daaf7451737a5a16dc2c92c6ff5
Ada-MGAD-e2e-v2-mobpair,72fb67fd661bf42ae2a0ae6818eadc6b05403230,experiments/p6/c1_anchor_backdate/c1-anchor-backdate-v1-delta25621/predictions/features/shard_002.npy,136128,bd50a3c2fe26bbfcebe07a5638c6bbb34aa6515cbe64d199870c098c40cd4fb3
Ada-MGAD-e2e-v2-mobpair,72fb67fd661bf42ae2a0ae6818eadc6b05403230,experiments/p6/c1_anchor_backdate/c1-anchor-backdate-v1-delta25621/predictions/features/shard_003.npy,136128,b710c1b57972f945b45bef75dc5959934ba9d15915f8be4ec8fa6243669f9ddc
Ada-MGAD-e2e-v2-mobpair,72fb67fd661bf42ae2a0ae6818eadc6b05403230,experiments/p6/c1_anchor_backdate/c1-anchor-backdate-v1-delta25621/predictions/features/shard_004.npy,136128,4e9e46c0725a8cd597f6c086b9875b26524ca0a2efdb42801a8abc4d43c136ce
Ada-MGAD-e2e-v2-mobpair,72fb67fd661bf42ae2a0ae6818eadc6b05403230,experiments/p6/c1_anchor_backdate/c1-anchor-backdate-v1-delta25621/predictions/features/shard_005.npy,136128,a5c4f9cbb40403135576beb7b23fd4b3282ac426e56b3c1c98134e19b32ded33
Ada-MGAD-e2e-v2-mobpair,72fb67fd661bf42ae2a0ae6818eadc6b05403230,experiments/p6/c1_anchor_backdate/c1-anchor-backdate-v1-delta25621/predictions/features/shard_006.npy,136128,854c4d67360762b3c00512ed67564c12246f73c51232229f59d6e5e2b588227f
Ada-MGAD-e2e-v2-mobpair,72fb67fd661bf42ae2a0ae6818eadc6b05403230,experiments/p6/c1_anchor_backdate/c1-anchor-backdate-v1-delta25621/predictions/features/shard_007.npy,136128,b2c0365a2bc25e7cc20225fbfb1a24bb34df6b454529cefe97a99a6286b6fb16
Ada-MGAD-e2e-v2-mobpair,72fb67fd661bf42ae2a0ae6818eadc6b05403230,experiments/p6/c1_anchor_backdate/c1-anchor-backdate-v1-delta25621/predictions/features/shard_008.npy,136128,059623c04a3132f38bad76fb6d5603e3c5f2bf6d1c2b9b020503e04904a64029
Ada-MGAD-e2e-v2-mobpair,72fb67fd661bf42ae2a0ae6818eadc6b05403230,experiments/p6/c1_anchor_backdate/c1-anchor-backdate-v1-delta25621/predictions/features/shard_009.npy,136128,0456be197c38a68e571445d6a54931e87c55fe27bc81707e06334ba4e3741d02
Ada-MGAD-e2e-v2-mobpair,72fb67fd661bf42ae2a0ae6818eadc6b05403230,experiments/p6/c1_anchor_backdate/c1-anchor-backdate-v1-delta25621/predictions/features/shard_010.npy,136128,dbd8137be5201e3e85d78d4d8ac5f274210a5457b5aeca0420028bfd3d63f293
Ada-MGAD-e2e-v2-mobpair,72fb67fd661bf42ae2a0ae6818eadc6b05403230,experiments/p6/c1_anchor_backdate/c1-anchor-backdate-v1-delta25621/predictions/features/shard_011.npy,136128,e9c8cdc6b5833eff7daca6bdb78eb577fabeeff91ee0ead77ef2dc37df3be40a
Ada-MGAD-e2e-v2-mobpair,72fb67fd661bf42ae2a0ae6818eadc6b05403230,experiments/p6/c1_anchor_backdate/c1-anchor-backdate-v1-delta25621/predictions/features/shard_012.npy,136128,9cb8e0ee267f4657b1287c8f4877b9c8388737f46c41fa1a466aa68a7107c884
Ada-MGAD-e2e-v2-mobpair,72fb67fd661bf42ae2a0ae6818eadc6b05403230,experiments/p6/c1_anchor_backdate/c1-anchor-backdate-v1-delta25621/predictions/features/shard_013.npy,136128,5af3491bac0300741bda2f955661ea7d4f6bdeae18665e0a1464d5496f4df357
Ada-MGAD-e2e-v2-mobpair,72fb67fd661bf42ae2a0ae6818eadc6b05403230,experiments/p6/c1_anchor_backdate/c1-anchor-backdate-v1-delta25621/predictions/features/shard_014.npy,136128,e62cea5134ac811d971f19a8a56b53fcd96390955060d87b5bebf07db0741404
Ada-MGAD-e2e-v2-mobpair,72fb67fd661bf42ae2a0ae6818eadc6b05403230,experiments/p6/c1_anchor_backdate/c1-anchor-backdate-v1-delta25621/predictions/features/shard_015.npy,136128,1e03c7b45a6746eb69845d571d5c561dcab03dc722efdc09ed7c0d7b39d7b95a
Ada-MGAD-e2e-v2-mobpair,72fb67fd661bf42ae2a0ae6818eadc6b05403230,experiments/p6/c1_anchor_backdate/c1-anchor-backdate-v1-delta25621/predictions/features/shard_016.npy,136128,a38c32cd96b5d5074a8356211710bd2f87e0b861c09e503e597edb54e6ba330e
Ada-MGAD-e2e-v2-mobpair,72fb67fd661bf42ae2a0ae6818eadc6b05403230,experiments/p6/c1_anchor_backdate/c1-anchor-backdate-v1-delta25621/predictions/features/shard_017.npy,136128,b23928a2113b68af5f768928b21135228d931b8ad4fc15dfe52c1a3f2efb8390
Ada-MGAD-e2e-v2-mobpair,72fb67fd661bf42ae2a0ae6818eadc6b05403230,experiments/p6/c1_anchor_backdate/c1-anchor-backdate-v1-delta25621/predictions/features/shard_018.npy,136128,a1ba65450a308dbbf2b42de35cccfdeba29b5c8d6843b97408e2631f9f688177
Ada-MGAD-e2e-v2-mobpair,72fb67fd661bf42ae2a0ae6818eadc6b05403230,experiments/p6/c1_anchor_backdate/c1-anchor-backdate-v1-delta25621/predictions/features/shard_019.npy,136128,5369d30018f2aafc9181d9af120891fec4147d7760f24466e6dbb369a7cad22e
Ada-MGAD-e2e-v2-mobpair,72fb67fd661bf42ae2a0ae6818eadc6b05403230,experiments/p6/c1_anchor_backdate/c1-anchor-backdate-v1-delta25621/predictions/features/shard_020.npy,136128,34f34fbea47205a7e2a7fd8cf527a4303462762966c3cd39cd8d1cecafd9dccf
Ada-MGAD-e2e-v2-mobpair,72fb67fd661bf42ae2a0ae6818eadc6b05403230,experiments/p6/c1_anchor_backdate/c1-anchor-backdate-v1-delta25621/predictions/features/shard_021.npy,136128,6fc33618b780384b7a23e1dc9027411db5f437378e782e3b022ae1296d5f6503
Ada-MGAD-e2e-v2-mobpair,72fb67fd661bf42ae2a0ae6818eadc6b05403230,experiments/p6/c1_anchor_backdate/c1-anchor-backdate-v1-delta25621/predictions/features/shard_022.npy,136128,56ea14a561bad3a2406a9536d37dd09fc1ad97d87766ec43a25bf581a6d03b51
Ada-MGAD-e2e-v2-mobpair,72fb67fd661bf42ae2a0ae6818eadc6b05403230,experiments/p6/c1_anchor_backdate/c1-anchor-backdate-v1-delta25621/predictions/features/shard_023.npy,136128,a8d1e63d3dbc0aa6ea80977343c4f87ba6523bc904a20daa3eec06d662632643
Ada-MGAD-e2e-v2-mobpair,72fb67fd661bf42ae2a0ae6818eadc6b05403230,experiments/p6/c1_anchor_backdate/c1-anchor-backdate-v1-delta25621/predictions/features/shard_024.npy,136128,3d063dc3f4983f6be60b2e037d120dc20ab7736c9dd68ae84e9f90350fa13a9b
Ada-MGAD-e2e-v2-mobpair,72fb67fd661bf42ae2a0ae6818eadc6b05403230,experiments/p6/c1_anchor_backdate/c1-anchor-backdate-v1-delta25621/predictions/features/shard_025.npy,136128,010a30ee22fd674298e744380ff7cd3f5a0478174e93740d2f4879da2fad87eb
Ada-MGAD-e2e-v2-mobpair,72fb67fd661bf42ae2a0ae6818eadc6b05403230,experiments/p6/c1_anchor_backdate/c1-anchor-backdate-v1-delta25621/predictions/features/shard_026.npy,136128,2f49998e971ed7914449af02133a148d7dc6fe7f280dacb9106eb914c3a4f366
Ada-MGAD-e2e-v2-mobpair,72fb67fd661bf42ae2a0ae6818eadc6b05403230,experiments/p6/c1_anchor_backdate/c1-anchor-backdate-v1-delta25621/predictions/features/shard_027.npy,136128,8c073d702816fcee4708843e00f9964ea818b6484adc4d3cd4364da58a30d471
Ada-MGAD-e2e-v2-mobpair,72fb67fd661bf42ae2a0ae6818eadc6b05403230,experiments/p6/c1_anchor_backdate/c1-anchor-backdate-v1-delta25621/predictions/features/shard_028.npy,136128,c5735da48319b515e0cb57474def62d3b48b5897a4b54b650af7e696548ff07f
Ada-MGAD-e2e-v2-mobpair,72fb67fd661bf42ae2a0ae6818eadc6b05403230,experiments/p6/c1_anchor_backdate/c1-anchor-backdate-v1-delta25621/predictions/features/shard_029.npy,136128,0fe0ea22135f192fc228955c80d44631642b59b948ad60cb420498217d769ab3
Ada-MGAD-e2e-v2-mobpair,72fb67fd661bf42ae2a0ae6818eadc6b05403230,experiments/p6/c1_anchor_backdate/c1-anchor-backdate-v1-delta25621/predictions/features/shard_030.npy,136128,01c7884b137528f02d95cf5fb401b345dd4be666ff53ee595f6769f146825f49
Ada-MGAD-e2e-v2-mobpair,72fb67fd661bf42ae2a0ae6818eadc6b05403230,experiments/p6/c1_anchor_backdate/c1-anchor-backdate-v1-delta25621/predictions/features/shard_031.npy,136128,ec2d81b5e21093cc03069805dbd075876f7e65c611312d03811d52ed637875fc
Ada-MGAD-e2e-v2-mobpair,72fb67fd661bf42ae2a0ae6818eadc6b05403230,experiments/p6/c1_anchor_backdate/c1-anchor-backdate-v1-delta25621/predictions/features/shard_032.npy,136128,f689895e24aaa00815e54d930d85180c91d8211654b4a6599364fe965cebd195
Ada-MGAD-e2e-v2-mobpair,72fb67fd661bf42ae2a0ae6818eadc6b05403230,experiments/p6/c1_anchor_backdate/c1-anchor-backdate-v1-delta25621/predictions/features/shard_033.npy,136128,13aae995d25b2e973ee0c5db364d9d6cf92c3505da7500cfb9ba393a24db38a1
Ada-MGAD-e2e-v2-mobpair,72fb67fd661bf42ae2a0ae6818eadc6b05403230,experiments/p6/c1_anchor_backdate/c1-anchor-backdate-v1-delta25621/predictions/features/shard_034.npy,136128,6228e2633caa9d0023832011ad703daa4fa1f5b21e936540ce34700d4cbd3a80
Ada-MGAD-e2e-v2-mobpair,72fb67fd661bf42ae2a0ae6818eadc6b05403230,experiments/p6/c1_anchor_backdate/c1-anchor-backdate-v1-delta25621/predictions/features/shard_035.npy,136128,1fb64b1e4ffb4fd37eba8c3d34f8ec12171628f9f8661a5453c57dde14dc2627
Ada-MGAD-e2e-v2-mobpair,72fb67fd661bf42ae2a0ae6818eadc6b05403230,experiments/p6/c1_anchor_backdate/c1-anchor-backdate-v1-delta25621/predictions/features/shard_036.npy,136128,dc9b0896c8849278a5fc92ff5eee83f8447ec561a7e5fa677f05e1ee8b9beefe
Ada-MGAD-e2e-v2-mobpair,72fb67fd661bf42ae2a0ae6818eadc6b05403230,experiments/p6/c1_anchor_backdate/c1-anchor-backdate-v1-delta25621/predictions/features/shard_037.npy,136128,cf1c12b711af5904c2cedae45ea317a705370d21e30aac6cc2ffd2c9f56869c8
Ada-MGAD-e2e-v2-mobpair,72fb67fd661bf42ae2a0ae6818eadc6b05403230,experiments/p6/c1_anchor_backdate/c1-anchor-backdate-v1-delta25621/predictions/features/shard_038.npy,136128,e643c2a7156396a39f323b3b85011872f36a3d73c98e708629121527d9b30605
Ada-MGAD-e2e-v2-mobpair,72fb67fd661bf42ae2a0ae6818eadc6b05403230,experiments/p6/c1_anchor_backdate/c1-anchor-backdate-v1-delta25621/predictions/features/shard_039.npy,136128,4fa16bb66440b9eb351e5424592b928f4f7d3d2199e9fbad92eecbc4bdc4b48e
Ada-MGAD-e2e-v2-mobpair,72fb67fd661bf42ae2a0ae6818eadc6b05403230,experiments/p6/c1_anchor_backdate/c1-anchor-backdate-v1-delta25621/predictions/features/shard_040.npy,136128,0918e6540a552dae794b6e464dca46ff19fd129fb458a82486113fd79779b54a
Ada-MGAD-e2e-v2-mobpair,72fb67fd661bf42ae2a0ae6818eadc6b05403230,experiments/p6/c1_anchor_backdate/c1-anchor-backdate-v1-delta25621/predictions/features/shard_041.npy,136128,7d6b9fae6d9cf69bffb7181dc5d535446723b2649a102f6025335a277889709c
Ada-MGAD-e2e-v2-mobpair,72fb67fd661bf42ae2a0ae6818eadc6b05403230,experiments/p6/c1_anchor_backdate/c1-anchor-backdate-v1-delta25621/predictions/features/shard_042.npy,136128,38c428e0cf0027c27499f3d1e0b4928765d18f090ffad7a6fbed96f009e984f0
Ada-MGAD-e2e-v2-mobpair,72fb67fd661bf42ae2a0ae6818eadc6b05403230,experiments/p6/c1_anchor_backdate/c1-anchor-backdate-v1-delta25621/predictions/features/shard_043.npy,136128,535b200b9e8d309dea9231133cc39a20b42dc6573c7081a3a16557a182fce81c
Ada-MGAD-e2e-v2-mobpair,72fb67fd661bf42ae2a0ae6818eadc6b05403230,experiments/p6/c1_anchor_backdate/c1-anchor-backdate-v1-delta25621/predictions/features/shard_044.npy,136128,95c3dee90f115627d153d25c609bd48d566b82adc75e063bda88b9af544a3fad
Ada-MGAD-e2e-v2-mobpair,72fb67fd661bf42ae2a0ae6818eadc6b05403230,experiments/p6/c1_anchor_backdate/c1-anchor-backdate-v1-delta25621/predictions/features/shard_045.npy,136128,0a5d207a190e039416c185fb97a2ae163af4cd5c9c5b6c3b9644ed73327787a7
Ada-MGAD-e2e-v2-mobpair,72fb67fd661bf42ae2a0ae6818eadc6b05403230,experiments/p6/c1_anchor_backdate/c1-anchor-backdate-v1-delta25621/predictions/features/shard_046.npy,136128,342d9f66c27078b51ddeae52d232e40889c1b686e03b8e38685ae26221a6bd0b
Ada-MGAD-e2e-v2-mobpair,72fb67fd661bf42ae2a0ae6818eadc6b05403230,experiments/p6/c1_anchor_backdate/c1-anchor-backdate-v1-delta25621/predictions/features/shard_047.npy,136128,5add6cd9d581aed4d8341d71ae506e1a82891f4d6c8dbb8b1e6084cc3f767478
Ada-MGAD-e2e-v2-mobpair,72fb67fd661bf42ae2a0ae6818eadc6b05403230,experiments/p6/c1_anchor_backdate/c1-anchor-backdate-v1-delta25621/predictions/features/shard_048.npy,136128,ef85f3c5e142703053e2503a2936f1b0b01719ed864463891735165474123773
Ada-MGAD-e2e-v2-mobpair,72fb67fd661bf42ae2a0ae6818eadc6b05403230,experiments/p6/c1_anchor_backdate/c1-anchor-backdate-v1-delta25621/predictions/features/shard_049.npy,136128,203ace10cb723c000c52a9ff1c6b1446fd9d98dbac3eb2ce63c5b907045c8d55
Ada-MGAD-e2e-v2-mobpair,72fb67fd661bf42ae2a0ae6818eadc6b05403230,experiments/p6/c1_anchor_backdate/c1-anchor-backdate-v1-delta25621/predictions/features/shard_050.npy,136128,d63f771974d49685724b47a595ece7f6e5a573e3c58eab808dbaa87bfad5f301
Ada-MGAD-e2e-v2-mobpair,72fb67fd661bf42ae2a0ae6818eadc6b05403230,experiments/p6/c1_anchor_backdate/c1-anchor-backdate-v1-delta25621/predictions/features/shard_051.npy,136128,4a91a3563cefe65853f31c5c0c1c01519714cb656833510e26e43c9b81f604da
Ada-MGAD-e2e-v2-mobpair,72fb67fd661bf42ae2a0ae6818eadc6b05403230,experiments/p6/c1_anchor_backdate/c1-anchor-backdate-v1-delta25621/predictions/features/shard_052.npy,136128,777c909a2578f14f634dffc87c85028797381134fbec1c9cd4487aedbefa540b
Ada-MGAD-e2e-v2-mobpair,72fb67fd661bf42ae2a0ae6818eadc6b05403230,experiments/p6/c1_anchor_backdate/c1-anchor-backdate-v1-delta25621/predictions/features/shard_053.npy,136128,848b7c9a8260220d8f056311ca08769cbba9467c33b798dc2ce8d27715b8ce18
Ada-MGAD-e2e-v2-mobpair,72fb67fd661bf42ae2a0ae6818eadc6b05403230,experiments/p6/c1_anchor_backdate/c1-anchor-backdate-v1-delta25621/predictions/features/shard_054.npy,136128,d09af226eb1566c61898a767efd61231bb5c40541c297d0a6c6ca62b2918c456
Ada-MGAD-e2e-v2-mobpair,72fb67fd661bf42ae2a0ae6818eadc6b05403230,experiments/p6/c1_anchor_backdate/c1-anchor-backdate-v1-delta25621/predictions/features/shard_055.npy,136128,2d264feb2aa695cf553c8a3ca3f40013ce7ea05436b05e1b705f71014b43c15d
Ada-MGAD-e2e-v2-mobpair,72fb67fd661bf42ae2a0ae6818eadc6b05403230,experiments/p6/c1_anchor_backdate/c1-anchor-backdate-v1-delta25621/predictions/features/shard_056.npy,136128,9e95543774aba64dc062250445b622785dde1c8bcfa361d7d6033d607da59c6e
Ada-MGAD-e2e-v2-mobpair,72fb67fd661bf42ae2a0ae6818eadc6b05403230,experiments/p6/c1_anchor_backdate/c1-anchor-backdate-v1-delta25621/predictions/features/shard_057.npy,136128,5d50390f029036e8e791b3cc438e842008d792e234bf281338cf49774f9ef315
Ada-MGAD-e2e-v2-mobpair,72fb67fd661bf42ae2a0ae6818eadc6b05403230,experiments/p6/c1_anchor_backdate/c1-anchor-backdate-v1-delta25621/predictions/features/shard_058.npy,136128,84d806fbe66969469b21fdbf4446fae9e285cc45b2162b072e75bb2679fbc734
Ada-MGAD-e2e-v2-mobpair,72fb67fd661bf42ae2a0ae6818eadc6b05403230,experiments/p6/c1_anchor_backdate/c1-anchor-backdate-v1-delta25621/predictions/features/shard_059.npy,136128,9082d72f17647612a419ffabc52700f214ee87fb8520abedba90a3789cae97c0
Ada-MGAD-e2e-v2-mobpair,72fb67fd661bf42ae2a0ae6818eadc6b05403230,experiments/p6/c1_anchor_backdate/c1-anchor-backdate-v1-delta25621/predictions/features/shard_060.npy,136128,cdea5754f11df64dd8a58c9717828a65b906890a64f5edd49c00a7e77ea1189b
Ada-MGAD-e2e-v2-mobpair,72fb67fd661bf42ae2a0ae6818eadc6b05403230,experiments/p6/c1_anchor_backdate/c1-anchor-backdate-v1-delta25621/predictions/features/shard_061.npy,136128,91219e9eaf6406bd2ac0f2f92c34ef3e4d6ae2387671b7b5397839d8b311d10d
Ada-MGAD-e2e-v2-mobpair,72fb67fd661bf42ae2a0ae6818eadc6b05403230,experiments/p6/c1_anchor_backdate/c1-anchor-backdate-v1-delta25621/predictions/features/shard_062.npy,136128,1edb9bb04a95a61cdb2eeac054cfd5c70910f381c73e47d49ec28cba00b755da
Ada-MGAD-e2e-v2-mobpair,72fb67fd661bf42ae2a0ae6818eadc6b05403230,experiments/p6/c1_anchor_backdate/c1-anchor-backdate-v1-delta25621/predictions/features/shard_063.npy,136128,1fa3ab3901c402465c24827fc11ce385ec8a6e0a4a65cf49802e9da162ffbd1b
Ada-MGAD-e2e-v2-mobpair,72fb67fd661bf42ae2a0ae6818eadc6b05403230,experiments/p6/c1_anchor_backdate/c1-anchor-backdate-v1-delta25621/predictions/features/shard_064.npy,136128,52ae1861175c7a03f18c1015efa9d65ba15d5c0bbd97f52ea4f689fab5c2888b
Ada-MGAD-e2e-v2-mobpair,72fb67fd661bf42ae2a0ae6818eadc6b05403230,experiments/p6/c1_anchor_backdate/c1-anchor-backdate-v1-delta25621/predictions/features/shard_065.npy,136128,b3ab6fcc8b53b8ed07df71ba74c7125eade2bad267f0421519bd658165f31525
Ada-MGAD-e2e-v2-mobpair,72fb67fd661bf42ae2a0ae6818eadc6b05403230,experiments/p6/c1_anchor_backdate/c1-anchor-backdate-v1-delta25621/predictions/features/shard_066.npy,136128,ee2687760b1694641ebea8e15a65a6f204973503980d0e191f2265a14b38a378
Ada-MGAD-e2e-v2-mobpair,72fb67fd661bf42ae2a0ae6818eadc6b05403230,experiments/p6/c1_anchor_backdate/c1-anchor-backdate-v1-delta25621/predictions/features/shard_067.npy,136128,b617a35d82a718a3c9e60d9a222326a34d095029f61ab5ba968bb1c818c50a4b
Ada-MGAD-e2e-v2-mobpair,72fb67fd661bf42ae2a0ae6818eadc6b05403230,experiments/p6/c1_anchor_backdate/c1-anchor-backdate-v1-delta25621/predictions/features/shard_068.npy,136128,62e44c887158c54421a1996440a99975c2e791301aafde40304746a19509a715
Ada-MGAD-e2e-v2-mobpair,72fb67fd661bf42ae2a0ae6818eadc6b05403230,experiments/p6/c1_anchor_backdate/c1-anchor-backdate-v1-delta25621/predictions/features/shard_069.npy,136128,40878b0d3d97a3edbaa74ebc1a70517dde5e2d23dff663055ef5658aaed5966c
Ada-MGAD-e2e-v2-mobpair,72fb67fd661bf42ae2a0ae6818eadc6b05403230,experiments/p6/c1_anchor_backdate/c1-anchor-backdate-v1-delta25621/predictions/features/shard_070.npy,136128,490b32cb53ae35ef6325f1ac76bd77adb80d1716898493ccf26105b9310de150
Ada-MGAD-e2e-v2-mobpair,72fb67fd661bf42ae2a0ae6818eadc6b05403230,experiments/p6/c1_anchor_backdate/c1-anchor-backdate-v1-delta25621/predictions/features/shard_071.npy,136128,781d67c53e9d493be3041a674da0e54e46d44889005e8137a08523eae70d75a2
Ada-MGAD-e2e-v2-mobpair,72fb67fd661bf42ae2a0ae6818eadc6b05403230,experiments/p6/c1_anchor_backdate/c1-anchor-backdate-v1-delta25621/predictions/features/shard_072.npy,136128,14ce91bb0ecd542c3accce0294ae97407b900c70c13b024a533c5f74ad674c93
Ada-MGAD-e2e-v2-mobpair,72fb67fd661bf42ae2a0ae6818eadc6b05403230,experiments/p6/c1_anchor_backdate/c1-anchor-backdate-v1-delta25621/predictions/features/shard_073.npy,136128,f3e1c35ccf67282a5b8fb8788c980db748a1d0dd60953af8638357f67bdbd2d2
Ada-MGAD-e2e-v2-mobpair,72fb67fd661bf42ae2a0ae6818eadc6b05403230,experiments/p6/c1_anchor_backdate/c1-anchor-backdate-v1-delta25621/predictions/features/shard_074.npy,136128,a9cbbf36c9ae8bef5a176b802a8b73ac4b9d7f1bf505d98a70e7d8601376fe14
Ada-MGAD-e2e-v2-mobpair,72fb67fd661bf42ae2a0ae6818eadc6b05403230,experiments/p6/c1_anchor_backdate/c1-anchor-backdate-v1-delta25621/predictions/features/shard_075.npy,136128,b9a43492ecdaf6266d59f3dd0b878178a21762db60f54a8b36ad6778b0096cfa
Ada-MGAD-e2e-v2-mobpair,72fb67fd661bf42ae2a0ae6818eadc6b05403230,experiments/p6/c1_anchor_backdate/c1-anchor-backdate-v1-delta25621/predictions/features/shard_076.npy,136128,09bb57aac9e433162e10baed4cc00e11eb06f6cadccea31c3b21b21586c14fc2
Ada-MGAD-e2e-v2-mobpair,72fb67fd661bf42ae2a0ae6818eadc6b05403230,experiments/p6/c1_anchor_backdate/c1-anchor-backdate-v1-delta25621/predictions/features/shard_077.npy,136128,a17b213718322b8a36ecfd65d0c924b5cfa5c965bed9d944a12975ae9b5e2976
Ada-MGAD-e2e-v2-mobpair,72fb67fd661bf42ae2a0ae6818eadc6b05403230,experiments/p6/c1_anchor_backdate/c1-anchor-backdate-v1-delta25621/predictions/features/shard_078.npy,136128,99442efd62cd92c7375841187329a77be8bb9a59b2584e76b0729fcd774935ff
Ada-MGAD-e2e-v2-mobpair,72fb67fd661bf42ae2a0ae6818eadc6b05403230,experiments/p6/c1_anchor_backdate/c1-anchor-backdate-v1-delta25621/predictions/features/shard_079.npy,136128,aa39496ccd5b6922fc0e6f6b11cce3dcc95922e3d6723b3eee5726e7aaa9a41d
Ada-MGAD-e2e-v2-mobpair,72fb67fd661bf42ae2a0ae6818eadc6b05403230,experiments/p6/c1_anchor_backdate/c1-anchor-backdate-v1-delta25621/predictions/features/shard_080.npy,136128,958f9fa562b8df62bb046df588f4bccf7a126c97ac1b29c2937380b85e5cb11a
Ada-MGAD-e2e-v2-mobpair,72fb67fd661bf42ae2a0ae6818eadc6b05403230,experiments/p6/c1_anchor_backdate/c1-anchor-backdate-v1-delta25621/predictions/features/shard_081.npy,136128,526f7762a32209073f4b0814dd94346b259b97e4e6bb109f84c9eb8166657467
Ada-MGAD-e2e-v2-mobpair,72fb67fd661bf42ae2a0ae6818eadc6b05403230,experiments/p6/c1_anchor_backdate/c1-anchor-backdate-v1-delta25621/predictions/features/shard_082.npy,136128,4e1a076ea053ca6084f51e297d24f546d8e7c3fb4f2d4c99f4f709ea01f044f1
Ada-MGAD-e2e-v2-mobpair,72fb67fd661bf42ae2a0ae6818eadc6b05403230,experiments/p6/c1_anchor_backdate/c1-anchor-backdate-v1-delta25621/predictions/features/shard_083.npy,136128,93f02065fa95e69f845a9346baebc5c4be248cf8826a1b063d0e1dde8999671f
Ada-MGAD-e2e-v2-mobpair,72fb67fd661bf42ae2a0ae6818eadc6b05403230,experiments/p6/c1_anchor_backdate/c1-anchor-backdate-v1-delta25621/predictions/features/shard_084.npy,35488,b01b1a0d508a96cfd60eba1119b3e2706af77906f78b22a4aed60ce3db1a9635
Ada-MGAD-e2e-v2-mobpair,72fb67fd661bf42ae2a0ae6818eadc6b05403230,experiments/p6/c1_anchor_backdate/c1-anchor-backdate-v1-delta25621/predictions/prediction_lock.json,9459,54a1fec6975fca1eee30be9c2c5ffa9c278b72d657292959b308d20428d1c904
Ada-MGAD-e2e-v2-mobpair,72fb67fd661bf42ae2a0ae6818eadc6b05403230,experiments/p6/c1_anchor_backdate/c1-anchor-backdate-v1-delta25621/predictions/scope_rankings.csv,1596904,b00877d2287011707b09036f005d67bba66fcf02c4775a06571d622d7feba83f
Ada-MGAD-e2e-v2-mobpair,72fb67fd661bf42ae2a0ae6818eadc6b05403230,experiments/p6/c1_anchor_backdate/c1-anchor-backdate-v1-delta25621/predictions/shifted_feature_inputs.npy,11462208,6872c3e800e4530b7258352ec9859cd8f933a8dad26fde4577e84635f32c4bef
Ada-MGAD-e2e-v2-mobpair,72fb67fd661bf42ae2a0ae6818eadc6b05403230,experiments/p6/c1_anchor_backdate/c1-anchor-backdate-v1-delta25621/run_lock.json,2726,0e8d6655311060278caafab1d6656bf33e14183f468e694d6aed00fd60f4d838
Ada-MGAD-e2e-v2-mobpair,72fb67fd661bf42ae2a0ae6818eadc6b05403230,experiments/p6/c1_anchor_backdate/c1-anchor-backdate-v1-delta25621/train/completion_manifest.json,560,ae14645ccba4cb4b59705a84187d60fdbbe0d7a73fd1a294eecf29750d15abcd
Ada-MGAD-e2e-v2-mobpair,72fb67fd661bf42ae2a0ae6818eadc6b05403230,experiments/p6/c1_anchor_backdate/c1-anchor-backdate-v1-delta25621/train/model_state.ubj,233731,578b1baf20ff9958a990b95b724a4f8afb83aaa801ce0762ccc56a59d25f0af2
Ada-MGAD-e2e-v2-mobpair,72fb67fd661bf42ae2a0ae6818eadc6b05403230,experiments/p6/c1_anchor_backdate_dev/c1-anchor-backdate-forward-v1/feature_manifest.json,6151,aab19265928df43267de3d0b0fc3bdeee896c57fda14fce4c1832284c50f4c6f
Ada-MGAD-e2e-v2-mobpair,72fb67fd661bf42ae2a0ae6818eadc6b05403230,experiments/p6/c1_anchor_backdate_dev/c1-anchor-backdate-forward-v1/features/shard_000.npy,136128,36bd7c4de5b48a849daf0e0287bd7e6df01b9afca484c117a81941f44190b9ae
Ada-MGAD-e2e-v2-mobpair,72fb67fd661bf42ae2a0ae6818eadc6b05403230,experiments/p6/c1_anchor_backdate_dev/c1-anchor-backdate-forward-v1/features/shard_001.npy,136128,ecfbba8657b4c38ff063662570046cc52ddbaf9d0069175a3d00eaca8d300d8e
Ada-MGAD-e2e-v2-mobpair,72fb67fd661bf42ae2a0ae6818eadc6b05403230,experiments/p6/c1_anchor_backdate_dev/c1-anchor-backdate-forward-v1/features/shard_002.npy,136128,ce39d5dd8ac6cd0134a26c4314673fc9191e4266441d5a3267261d76b780a5a0
Ada-MGAD-e2e-v2-mobpair,72fb67fd661bf42ae2a0ae6818eadc6b05403230,experiments/p6/c1_anchor_backdate_dev/c1-anchor-backdate-forward-v1/features/shard_003.npy,136128,3853c1c27bb8e488dfddefeb19251053bcf74ef3b6066dac77226ea4572544e1
Ada-MGAD-e2e-v2-mobpair,72fb67fd661bf42ae2a0ae6818eadc6b05403230,experiments/p6/c1_anchor_backdate_dev/c1-anchor-backdate-forward-v1/features/shard_004.npy,136128,cb84b1e8f4c48a6ebb916c6521b637c13b8f52612375bf0be7810e455dfa88c0
Ada-MGAD-e2e-v2-mobpair,72fb67fd661bf42ae2a0ae6818eadc6b05403230,experiments/p6/c1_anchor_backdate_dev/c1-anchor-backdate-forward-v1/features/shard_005.npy,136128,42ec6f8e610aa70d793fff06e411504028b8007b2fd756a427222c7f78949756
Ada-MGAD-e2e-v2-mobpair,72fb67fd661bf42ae2a0ae6818eadc6b05403230,experiments/p6/c1_anchor_backdate_dev/c1-anchor-backdate-forward-v1/features/shard_006.npy,136128,99b070d3e6b1c788d82ff6bc68797faa102b0d0d8af6b8531f68cebcdee73f64
Ada-MGAD-e2e-v2-mobpair,72fb67fd661bf42ae2a0ae6818eadc6b05403230,experiments/p6/c1_anchor_backdate_dev/c1-anchor-backdate-forward-v1/features/shard_007.npy,136128,556ce85290bacf7187c59046864b19a4ca98a9c44381410ac146d652906f2548
Ada-MGAD-e2e-v2-mobpair,72fb67fd661bf42ae2a0ae6818eadc6b05403230,experiments/p6/c1_anchor_backdate_dev/c1-anchor-backdate-forward-v1/features/shard_008.npy,136128,368b890bf7be96f9afcf31c2b0b6bee4210e076708cd1f5058292b6da6d78038
Ada-MGAD-e2e-v2-mobpair,72fb67fd661bf42ae2a0ae6818eadc6b05403230,experiments/p6/c1_anchor_backdate_dev/c1-anchor-backdate-forward-v1/features/shard_009.npy,136128,be9621c294dcdb0ec4dbdc3da2513ee204c1bbcc9816700bbf936d668accda94
Ada-MGAD-e2e-v2-mobpair,72fb67fd661bf42ae2a0ae6818eadc6b05403230,experiments/p6/c1_anchor_backdate_dev/c1-anchor-backdate-forward-v1/features/shard_010.npy,136128,e41c03839e09b538f988c47427f7c7adf18748238116f671764ccf60ddfb0f06
Ada-MGAD-e2e-v2-mobpair,72fb67fd661bf42ae2a0ae6818eadc6b05403230,experiments/p6/c1_anchor_backdate_dev/c1-anchor-backdate-forward-v1/features/shard_011.npy,136128,06a650c033a5fbf287c60c9696d77308147245086cdfb4f0555ecbc95c63e056
Ada-MGAD-e2e-v2-mobpair,72fb67fd661bf42ae2a0ae6818eadc6b05403230,experiments/p6/c1_anchor_backdate_dev/c1-anchor-backdate-forward-v1/features/shard_012.npy,136128,43f8bda6b74ff815d27881f01bc7dcc477712f9ce71ea5fb72cba3170b086e91
Ada-MGAD-e2e-v2-mobpair,72fb67fd661bf42ae2a0ae6818eadc6b05403230,experiments/p6/c1_anchor_backdate_dev/c1-anchor-backdate-forward-v1/features/shard_013.npy,136128,24f896df81b92599ac657a6cdb361011d4ebcdf2769d7aabcc0ba7c5ba5497bf
Ada-MGAD-e2e-v2-mobpair,72fb67fd661bf42ae2a0ae6818eadc6b05403230,experiments/p6/c1_anchor_backdate_dev/c1-anchor-backdate-forward-v1/features/shard_014.npy,136128,b3137bbf1752ac2a62a15bead944b46c458676e2733ed4a0816562545a056d69
Ada-MGAD-e2e-v2-mobpair,72fb67fd661bf42ae2a0ae6818eadc6b05403230,experiments/p6/c1_anchor_backdate_dev/c1-anchor-backdate-forward-v1/features/shard_015.npy,136128,f9ea21359a7b0d1458cee039f913008fc4d4ad6c12bf8e63277357b230d69b3c
Ada-MGAD-e2e-v2-mobpair,72fb67fd661bf42ae2a0ae6818eadc6b05403230,experiments/p6/c1_anchor_backdate_dev/c1-anchor-backdate-forward-v1/features/shard_016.npy,136128,57c6712a17c24dfd43f944c5174f3e3c6321e778d792786725607f7dcd1836ed
Ada-MGAD-e2e-v2-mobpair,72fb67fd661bf42ae2a0ae6818eadc6b05403230,experiments/p6/c1_anchor_backdate_dev/c1-anchor-backdate-forward-v1/features/shard_017.npy,136128,f45cfeab78bbc718cd471fd8394dafe349180ee172c012337ba6974cdedd9d46
Ada-MGAD-e2e-v2-mobpair,72fb67fd661bf42ae2a0ae6818eadc6b05403230,experiments/p6/c1_anchor_backdate_dev/c1-anchor-backdate-forward-v1/features/shard_018.npy,136128,daf68f9ee1f5288e970aedbc17bee7d14ad0af3519c8cec48356ac2663c2b702
Ada-MGAD-e2e-v2-mobpair,72fb67fd661bf42ae2a0ae6818eadc6b05403230,experiments/p6/c1_anchor_backdate_dev/c1-anchor-backdate-forward-v1/features/shard_019.npy,136128,3989c2babd9fd853db450f91d610ff6fcd4f236cdb6164b973331ff6734330e5
Ada-MGAD-e2e-v2-mobpair,72fb67fd661bf42ae2a0ae6818eadc6b05403230,experiments/p6/c1_anchor_backdate_dev/c1-anchor-backdate-forward-v1/features/shard_020.npy,136128,d40ef53f0a9cf349c4fa22772f96caed973dd02e2d9df45326f91d78babcca17
Ada-MGAD-e2e-v2-mobpair,72fb67fd661bf42ae2a0ae6818eadc6b05403230,experiments/p6/c1_anchor_backdate_dev/c1-anchor-backdate-forward-v1/features/shard_021.npy,136128,1bdbbf1cb862ef77249d02a32f1cf678afb3becca633f51beeb4f1eb7929e95e
Ada-MGAD-e2e-v2-mobpair,72fb67fd661bf42ae2a0ae6818eadc6b05403230,experiments/p6/c1_anchor_backdate_dev/c1-anchor-backdate-forward-v1/features/shard_022.npy,136128,b3385d4bb9509a94bf4c853d9aa2a6e221bc2c97ef9f172bffb15840a2a4cf02
Ada-MGAD-e2e-v2-mobpair,72fb67fd661bf42ae2a0ae6818eadc6b05403230,experiments/p6/c1_anchor_backdate_dev/c1-anchor-backdate-forward-v1/features/shard_023.npy,136128,46fb9a7d9199af2baea7fbe9f7fcceda0cad0646485bf13ef74ccc42cf62bcf1
Ada-MGAD-e2e-v2-mobpair,72fb67fd661bf42ae2a0ae6818eadc6b05403230,experiments/p6/c1_anchor_backdate_dev/c1-anchor-backdate-forward-v1/features/shard_024.npy,136128,d8ee55b06684c6f5f8afde4af9e4ba2b57af6dc7cbb0948d694f7de36e8e68e3
Ada-MGAD-e2e-v2-mobpair,72fb67fd661bf42ae2a0ae6818eadc6b05403230,experiments/p6/c1_anchor_backdate_dev/c1-anchor-backdate-forward-v1/features/shard_025.npy,136128,ccd5cefe0d661fe7d6331e88c5046b26791ff80fb18e7e394686c41605da1e83
Ada-MGAD-e2e-v2-mobpair,72fb67fd661bf42ae2a0ae6818eadc6b05403230,experiments/p6/c1_anchor_backdate_dev/c1-anchor-backdate-forward-v1/features/shard_026.npy,136128,b56dd6212970044b1f808674a1fd135634a0f5568253580f0970ad2d7ac87ca1
Ada-MGAD-e2e-v2-mobpair,72fb67fd661bf42ae2a0ae6818eadc6b05403230,experiments/p6/c1_anchor_backdate_dev/c1-anchor-backdate-forward-v1/features/shard_027.npy,136128,8071ca11a30f6b0d825f4dc42b18bc5b539a0ed5089ec9ba44da4fa7809a3796
Ada-MGAD-e2e-v2-mobpair,72fb67fd661bf42ae2a0ae6818eadc6b05403230,experiments/p6/c1_anchor_backdate_dev/c1-anchor-backdate-forward-v1/features/shard_028.npy,136128,3d0eea0062800093c1aeeaec43a05dc98bd19ad5adc8a854fcc9ed0d02bf06a1
Ada-MGAD-e2e-v2-mobpair,72fb67fd661bf42ae2a0ae6818eadc6b05403230,experiments/p6/c1_anchor_backdate_dev/c1-anchor-backdate-forward-v1/features/shard_029.npy,136128,3a78d4d327925f2e7ea99237689d83345fc1c138ead6f98ff0f73c8112a7fefd
Ada-MGAD-e2e-v2-mobpair,72fb67fd661bf42ae2a0ae6818eadc6b05403230,experiments/p6/c1_anchor_backdate_dev/c1-anchor-backdate-forward-v1/features/shard_030.npy,136128,c0f520a862bb1f17336c248272b22e1453be360bfc7a2decefdd6611c11f3afc
Ada-MGAD-e2e-v2-mobpair,72fb67fd661bf42ae2a0ae6818eadc6b05403230,experiments/p6/c1_anchor_backdate_dev/c1-anchor-backdate-forward-v1/features/shard_031.npy,136128,bf69ddcb913c1ce793f8a225c7bd95f18a91ec0e7246889cfaf925f65b7e14aa
Ada-MGAD-e2e-v2-mobpair,72fb67fd661bf42ae2a0ae6818eadc6b05403230,experiments/p6/c1_anchor_backdate_dev/c1-anchor-backdate-forward-v1/features/shard_032.npy,136128,f070da1db71dee9678e0692664e530a99ff189787cf88e449fc2bfcb8d8f9325
Ada-MGAD-e2e-v2-mobpair,72fb67fd661bf42ae2a0ae6818eadc6b05403230,experiments/p6/c1_anchor_backdate_dev/c1-anchor-backdate-forward-v1/features/shard_033.npy,136128,93f85c4c11fc7e6b2a66aaafd34ef31344427220c00c0dd2f88c8318ac435eae
Ada-MGAD-e2e-v2-mobpair,72fb67fd661bf42ae2a0ae6818eadc6b05403230,experiments/p6/c1_anchor_backdate_dev/c1-anchor-backdate-forward-v1/features/shard_034.npy,136128,ab2b680e6746cc60ebb5c699af827731b2024a6ef3a165a9fdd6b4bc09065de9
Ada-MGAD-e2e-v2-mobpair,72fb67fd661bf42ae2a0ae6818eadc6b05403230,experiments/p6/c1_anchor_backdate_dev/c1-anchor-backdate-forward-v1/features/shard_035.npy,136128,fe69b9668c7cd1e31d1a4f600a69c151b9bb8a10183bb222c46e2db83f5c7607
Ada-MGAD-e2e-v2-mobpair,72fb67fd661bf42ae2a0ae6818eadc6b05403230,experiments/p6/c1_anchor_backdate_dev/c1-anchor-backdate-forward-v1/features/shard_036.npy,136128,14c380393e655d173dd1fd25a5214707d0adf3186594221dbd65f69a88229af5
Ada-MGAD-e2e-v2-mobpair,72fb67fd661bf42ae2a0ae6818eadc6b05403230,experiments/p6/c1_anchor_backdate_dev/c1-anchor-backdate-forward-v1/features/shard_037.npy,136128,8fefb6dbd3e3a692d8523c5c24f4c7f1ebf283dc9f356650f7f6fda3dd5699c2
Ada-MGAD-e2e-v2-mobpair,72fb67fd661bf42ae2a0ae6818eadc6b05403230,experiments/p6/c1_anchor_backdate_dev/c1-anchor-backdate-forward-v1/features/shard_038.npy,136128,c48f49c2e92fa41e848c5b2df8d28c896346f731f01bd4877c570c3bb47ab24f
Ada-MGAD-e2e-v2-mobpair,72fb67fd661bf42ae2a0ae6818eadc6b05403230,experiments/p6/c1_anchor_backdate_dev/c1-anchor-backdate-forward-v1/features/shard_039.npy,136128,1df9f7aff78ea9f6b338ccd13435fe03ea2544392415c97dd3f19162851b95a7
Ada-MGAD-e2e-v2-mobpair,72fb67fd661bf42ae2a0ae6818eadc6b05403230,experiments/p6/c1_anchor_backdate_dev/c1-anchor-backdate-forward-v1/features/shard_040.npy,136128,65551f07b7098337737f3293ad9dad920a6c78b457c187f9a94a974d380e9ede
Ada-MGAD-e2e-v2-mobpair,72fb67fd661bf42ae2a0ae6818eadc6b05403230,experiments/p6/c1_anchor_backdate_dev/c1-anchor-backdate-forward-v1/features/shard_041.npy,136128,ee8370a2948a84aed308956ce90f9755da00bd251bbd08e06146ed7f64499b89
Ada-MGAD-e2e-v2-mobpair,72fb67fd661bf42ae2a0ae6818eadc6b05403230,experiments/p6/c1_anchor_backdate_dev/c1-anchor-backdate-forward-v1/features/shard_042.npy,136128,094c97bfce532fb6adea85e65ec4fb5829e54c23810c06845097b00e3c071c8b
Ada-MGAD-e2e-v2-mobpair,72fb67fd661bf42ae2a0ae6818eadc6b05403230,experiments/p6/c1_anchor_backdate_dev/c1-anchor-backdate-forward-v1/features/shard_043.npy,136128,fc0b4b730486657ce32771c20e6162b47c491fe71c5fb37e9502c851e9566d22
Ada-MGAD-e2e-v2-mobpair,72fb67fd661bf42ae2a0ae6818eadc6b05403230,experiments/p6/c1_anchor_backdate_dev/c1-anchor-backdate-forward-v1/features/shard_044.npy,136128,839004823b4e6e81b1d254014c0a37d97f9384de439fe12d96a83f75b6122396
Ada-MGAD-e2e-v2-mobpair,72fb67fd661bf42ae2a0ae6818eadc6b05403230,experiments/p6/c1_anchor_backdate_dev/c1-anchor-backdate-forward-v1/features/shard_045.npy,136128,ab12095a28a8e0a574ba10024f444f9c69fe64c40e5f486f73c68326fe2382d1
Ada-MGAD-e2e-v2-mobpair,72fb67fd661bf42ae2a0ae6818eadc6b05403230,experiments/p6/c1_anchor_backdate_dev/c1-anchor-backdate-forward-v1/features/shard_046.npy,136128,9cbf4a2dbc734d56d1c69f5ff00687f131c172f45286d8654e8a3a6d39bc8420
Ada-MGAD-e2e-v2-mobpair,72fb67fd661bf42ae2a0ae6818eadc6b05403230,experiments/p6/c1_anchor_backdate_dev/c1-anchor-backdate-forward-v1/features/shard_047.npy,136128,3a7f33118c22cec5b05beec597245f3807d196f451ddf7a27321a8538c0d9bb4
Ada-MGAD-e2e-v2-mobpair,72fb67fd661bf42ae2a0ae6818eadc6b05403230,experiments/p6/c1_anchor_backdate_dev/c1-anchor-backdate-forward-v1/features/shard_048.npy,136128,7fc0d64847bc79acf0ef5dd8259a68630d7151f86616f44b7b188186906a439c
Ada-MGAD-e2e-v2-mobpair,72fb67fd661bf42ae2a0ae6818eadc6b05403230,experiments/p6/c1_anchor_backdate_dev/c1-anchor-backdate-forward-v1/features/shard_049.npy,136128,ddfa43e262a260fed0543802f2d5d2829059622ee57aa75065435ed7a7f5edc7
Ada-MGAD-e2e-v2-mobpair,72fb67fd661bf42ae2a0ae6818eadc6b05403230,experiments/p6/c1_anchor_backdate_dev/c1-anchor-backdate-forward-v1/features/shard_050.npy,136128,9a694f93dbdf0160d649382e7d8efb04bfb113028882cee9a8ed0177c30ff01c
Ada-MGAD-e2e-v2-mobpair,72fb67fd661bf42ae2a0ae6818eadc6b05403230,experiments/p6/c1_anchor_backdate_dev/c1-anchor-backdate-forward-v1/features/shard_051.npy,136128,bed69b26fbdb377e38bed26754a96aecbcc6541dd1d501714599868b2237da76
Ada-MGAD-e2e-v2-mobpair,72fb67fd661bf42ae2a0ae6818eadc6b05403230,experiments/p6/c1_anchor_backdate_dev/c1-anchor-backdate-forward-v1/features/shard_052.npy,136128,4b19f4c1fca7ba304d515b3489f44d3cf114acca46ee3a727dfefcc854ca60fb
Ada-MGAD-e2e-v2-mobpair,72fb67fd661bf42ae2a0ae6818eadc6b05403230,experiments/p6/c1_anchor_backdate_dev/c1-anchor-backdate-forward-v1/features/shard_053.npy,136128,5f920063515f70e058b6bccb0094e44b31eb746bb93b1014755557f7e590f47c
Ada-MGAD-e2e-v2-mobpair,72fb67fd661bf42ae2a0ae6818eadc6b05403230,experiments/p6/c1_anchor_backdate_dev/c1-anchor-backdate-forward-v1/features/shard_054.npy,136128,60a90fdf599445408f62fdc706ddce55e7c40d96fae20869d96e779e8e6ecb41
Ada-MGAD-e2e-v2-mobpair,72fb67fd661bf42ae2a0ae6818eadc6b05403230,experiments/p6/c1_anchor_backdate_dev/c1-anchor-backdate-forward-v1/features/shard_055.npy,136128,0504f66036c2a2035ad3d8fc2bcb81a384c6f3baf80f5a8af605ef7a555fc4bc
Ada-MGAD-e2e-v2-mobpair,72fb67fd661bf42ae2a0ae6818eadc6b05403230,experiments/p6/c1_anchor_backdate_dev/c1-anchor-backdate-forward-v1/features/shard_056.npy,136128,79a5e12f5c589f1a751322962f7f1e4fc8f5cbfecaac68eff7ae645e193b5dc0
Ada-MGAD-e2e-v2-mobpair,72fb67fd661bf42ae2a0ae6818eadc6b05403230,experiments/p6/c1_anchor_backdate_dev/c1-anchor-backdate-forward-v1/features/shard_057.npy,136128,495fdb266122efbb08f0b7c30942551cd02df235324f0dfdbc73f76ea31518d4
Ada-MGAD-e2e-v2-mobpair,72fb67fd661bf42ae2a0ae6818eadc6b05403230,experiments/p6/c1_anchor_backdate_dev/c1-anchor-backdate-forward-v1/features/shard_058.npy,136128,bc67e1970285a359b9394b0eb98468d39a6aed6a5edb591317c69346517aefbd
Ada-MGAD-e2e-v2-mobpair,72fb67fd661bf42ae2a0ae6818eadc6b05403230,experiments/p6/c1_anchor_backdate_dev/c1-anchor-backdate-forward-v1/features/shard_059.npy,136128,dcd047cd5fe7fbf20d2385d69c5d1929be513e18da01dc5adb29eba8424caaa3
Ada-MGAD-e2e-v2-mobpair,72fb67fd661bf42ae2a0ae6818eadc6b05403230,experiments/p6/c1_anchor_backdate_dev/c1-anchor-backdate-forward-v1/features/shard_060.npy,136128,1a2cc6842324e32b73f8cec762342ea57a5e9abf100da7dace78ce0d3b1d7106
Ada-MGAD-e2e-v2-mobpair,72fb67fd661bf42ae2a0ae6818eadc6b05403230,experiments/p6/c1_anchor_backdate_dev/c1-anchor-backdate-forward-v1/features/shard_061.npy,136128,4ca34b6dd45fa0501be4ac792ed347d40bb59c1c53ac09f3b7b662e8fbb30518
Ada-MGAD-e2e-v2-mobpair,72fb67fd661bf42ae2a0ae6818eadc6b05403230,experiments/p6/c1_anchor_backdate_dev/c1-anchor-backdate-forward-v1/features/shard_062.npy,136128,ad3b6899d4936d064d4643cfe745e016437e64c61d2d3edb64f09861f4f65610
Ada-MGAD-e2e-v2-mobpair,72fb67fd661bf42ae2a0ae6818eadc6b05403230,experiments/p6/c1_anchor_backdate_dev/c1-anchor-backdate-forward-v1/features/shard_063.npy,136128,06fe13034b90a187b03cb98d5056f03e3607599ab683229f31818e073ff6829c
Ada-MGAD-e2e-v2-mobpair,72fb67fd661bf42ae2a0ae6818eadc6b05403230,experiments/p6/c1_anchor_backdate_dev/c1-anchor-backdate-forward-v1/features/shard_064.npy,68128,9008b4b60f3c92d94d892b74cb46b22f61db837d80c294ed8daea09f4ef535c7
Ada-MGAD-e2e-v2-mobpair,72fb67fd661bf42ae2a0ae6818eadc6b05403230,experiments/p6/c1_anchor_backdate_dev/c1-anchor-backdate-forward-v1/predictions.csv,1516028,c28e46f8e9d641ef9bc9baeb6476db9aedff658303976db2b947239d5137a13a
Ada-MGAD-e2e-v2-mobpair,72fb67fd661bf42ae2a0ae6818eadc6b05403230,experiments/p6/c1_anchor_backdate_dev/c1-anchor-backdate-forward-v1/results.json,3319,d0cec86eb585beade67f0a7dd92db702c4b6f3bece339c988ea93a47b920ba2d
Ada-MGAD-e2e-v2-mobpair,72fb67fd661bf42ae2a0ae6818eadc6b05403230,experiments/p6/c1_anchor_backdate_dev/c1-anchor-backdate-forward-v1/run_lock.json,1512,0ff717c2a5e86aca688877d4f553dd1b11eee495dc5399a9fef5b24f81af4aa8
Ada-MGAD-e2e-v2-mobpair,72fb67fd661bf42ae2a0ae6818eadc6b05403230,experiments/p6/c1_anchor_backdate_dev/c1-anchor-backdate-forward-v1/shifted_features.npy,8772128,18fdba0eae529de6942cb05950be6525be080b31a4e319792770193a41b5c1bc
Ada-MGAD-e2e-v2-mobpair,72fb67fd661bf42ae2a0ae6818eadc6b05403230,experiments/p6/c1_anchor_backdate_eval_correction/c1-anchor-backdate-eval-v1/c1_paired_results.json,1945638,062aebf6ff13a8ea623695bdd3a1a56c7a492ae2ae6e1b720f550e5a21204028
Ada-MGAD-e2e-v2-mobpair,72fb67fd661bf42ae2a0ae6818eadc6b05403230,experiments/p6/c1_anchor_backdate_eval_correction/c1-anchor-backdate-eval-v1/c2_failure_ledger.csv,1257804,5d676b0eb103f5628beef9c090d145808afcf564a67761461bb33f3f2ad8447c
Ada-MGAD-e2e-v2-mobpair,72fb67fd661bf42ae2a0ae6818eadc6b05403230,experiments/p6/c1_anchor_backdate_eval_correction/c1-anchor-backdate-eval-v1/c2_full_diagnosis.json,17870,3544ead1d290f252f06182b3a768f677b0f1c8ff2bb392f738895bfb6d6e4c07
Ada-MGAD-e2e-v2-mobpair,72fb67fd661bf42ae2a0ae6818eadc6b05403230,experiments/p6/c1_anchor_backdate_eval_correction/c1-anchor-backdate-eval-v1/completion_manifest.json,524,057ec0466560efe7f600fc9cfbe2c8e7605d7cefb9d3b49b6c0846fd34f93849
Ada-MGAD-e2e-v2-mobpair,72fb67fd661bf42ae2a0ae6818eadc6b05403230,experiments/p6/c1_anchor_backdate_eval_correction/c1-anchor-backdate-eval-v1/correction_report.json,2387,d37c41c6146be4f8053e6674e57457eeb7ba11daf1f5b24df09767ed032e3265
Ada-MGAD-e2e-v2-mobpair,72fb67fd661bf42ae2a0ae6818eadc6b05403230,experiments/p6/c1_feasibility/c1-g1-20260923T105441Z/feasibility_ledger.json,25618,80718e06a801f4a4cfac085eec999285a162b4e1ebf5afff082f17925a99b3da
Ada-MGAD-e2e-v2-mobpair,72fb67fd661bf42ae2a0ae6818eadc6b05403230,experiments/p6/c1_feasibility/c1-g1-20260923T105441Z/final_report.md,8811,48c72507b5cc43f5254906be5e983547d584ca0a1a979a919e6e970112efbfc4
Ada-MGAD-e2e-v2-mobpair,72fb67fd661bf42ae2a0ae6818eadc6b05403230,experiments/p6/c1_feature_ablation_dev/c1-feature-ablation-forward-v1/results.json,25854,b16c70194069a137eb6e4f086953240394303fc16eacf6cf347028bd7a8e603c
Ada-MGAD-e2e-v2-mobpair,72fb67fd661bf42ae2a0ae6818eadc6b05403230,experiments/p6/c1_mobpair_dev/c1-mobpair-forward-v1/predictions.csv,504970,17c208ca5f6eed96e40f92e469a9fe6b43b4b81b354e7851180bcf3916e89bb0
Ada-MGAD-e2e-v2-mobpair,72fb67fd661bf42ae2a0ae6818eadc6b05403230,experiments/p6/c1_mobpair_dev/c1-mobpair-forward-v1/results.json,6584,1895fede8a4cea121ba571aaa70ddfc5bab37a478228acdd55c87299ba59b003
Ada-MGAD-e2e-v2-mobpair,72fb67fd661bf42ae2a0ae6818eadc6b05403230,experiments/p6/c1_prefix_metric_audit/c1-fold1-metric-audit-v1-20260929/candidate_ledger.csv,729152,0b25bf30626055af55d6b35ab3fe9f8ff3a375b9023b9ade6bcc8f592923edf5
Ada-MGAD-e2e-v2-mobpair,72fb67fd661bf42ae2a0ae6818eadc6b05403230,experiments/p6/c1_prefix_metric_audit/c1-fold1-metric-audit-v1-20260929/completion_manifest.json,2015,322e3bf69bd9aaa16b4b0b667a3fd98802175bdd91ec655585f7c97c765ef847
Ada-MGAD-e2e-v2-mobpair,72fb67fd661bf42ae2a0ae6818eadc6b05403230,experiments/p6/c1_prefix_metric_audit/c1-fold1-metric-audit-v1-20260929/summary.json,2334,f951ebf8419d6499dfe3864e04b4c7f3ab04f258eb3c3d40a3f2ecc43623ae1a
Ada-MGAD-e2e-v2-mobpair,72fb67fd661bf42ae2a0ae6818eadc6b05403230,experiments/p6/c1_protocol/c1-g2-py38-correction-20260924T0831Z/correction_manifest.json,2340,36a6406c80c0545f81e37f2cb4df0a1bbf5e341d5f92094631be487417f88a34
Ada-MGAD-e2e-v2-mobpair,72fb67fd661bf42ae2a0ae6818eadc6b05403230,experiments/p6/c1_protocol/c1-g2-py38-correction-20260924T0831Z/correction_report.md,3511,757d796360596b4155d91f40ed3b29cb78cc547dba0ecff819ff1a5496a58857
Ada-MGAD-e2e-v2-mobpair,72fb67fd661bf42ae2a0ae6818eadc6b05403230,experiments/p6/c1_protocol/c1-g2-v1-20260924/design_lock_report.md,2211,105b44683c01ffc8ef6eded385ec1dc3d6032415e40c58cdfd2815595c02a23f
Ada-MGAD-e2e-v2-mobpair,72fb67fd661bf42ae2a0ae6818eadc6b05403230,experiments/p6/c1_protocol/c1-g2-v1-20260924/raw_content_manifest.json,1584322,03bdefc1ad817802a9f015a5cc07c71f5e8d625c66c5d5e9fbff31d0d5671718
Ada-MGAD-e2e-v2-mobpair,72fb67fd661bf42ae2a0ae6818eadc6b05403230,experiments/p6/c1_relative_ranker_dev/c1-relative-ranker-forward-v1/predictions.csv,2397678,29389b3b41e6e20d321c1dca8f148410bb7feb7b0216974ee3ffb2e294b16b94
Ada-MGAD-e2e-v2-mobpair,72fb67fd661bf42ae2a0ae6818eadc6b05403230,experiments/p6/c1_relative_ranker_dev/c1-relative-ranker-forward-v1/results.json,7546,ab9fc5f3ee8fa21ee9ed4942fac7ced5c8c1c0c6ce72edd9d8af3a59fa5a84d9
Ada-MGAD-e2e-v2-mobpair,72fb67fd661bf42ae2a0ae6818eadc6b05403230,experiments/p6/c1_supervision_oos/c1-supervision-oos-v1-seed42/evaluation/c1_results.json,1947819,d94b67c6631229c8994b491156d616a29062537fda6955bb9a44908609786b6c
Ada-MGAD-e2e-v2-mobpair,72fb67fd661bf42ae2a0ae6818eadc6b05403230,experiments/p6/c1_supervision_oos/c1-supervision-oos-v1-seed42/evaluation/c2_failure_ledger.csv,1266920,2d7dd0703147a7f67d8e77b17f9be03be43b63baa733f7891b6f653852acef5c
Ada-MGAD-e2e-v2-mobpair,72fb67fd661bf42ae2a0ae6818eadc6b05403230,experiments/p6/c1_supervision_oos/c1-supervision-oos-v1-seed42/evaluation/c2_failure_summary.json,669,382829e8258b95882ef741004ae2715a98cc01dcd53cc11229cc12abb48c2b95
Ada-MGAD-e2e-v2-mobpair,72fb67fd661bf42ae2a0ae6818eadc6b05403230,experiments/p6/c1_supervision_oos/c1-supervision-oos-v1-seed42/evaluation/c2_full_diagnosis.json,17914,3b6635e497916cc0be7ba06f466772d1d884544d5819fa519714e3b1e2157beb
Ada-MGAD-e2e-v2-mobpair,72fb67fd661bf42ae2a0ae6818eadc6b05403230,experiments/p6/c1_supervision_oos/c1-supervision-oos-v1-seed42/evaluation/c2_raw_matching.csv,1155905,986a55d59a6f809a0a6961d76eca5402624ae776bcbd170afb935a24862a09ab
Ada-MGAD-e2e-v2-mobpair,72fb67fd661bf42ae2a0ae6818eadc6b05403230,experiments/p6/c1_supervision_oos/c1-supervision-oos-v1-seed42/evaluation/c2_stage1_reference.json,1754,104ca7578bd204131f5785fa27b9b97eb08470343f149742c74b83195f8e10c9
Ada-MGAD-e2e-v2-mobpair,72fb67fd661bf42ae2a0ae6818eadc6b05403230,experiments/p6/c1_supervision_oos/c1-supervision-oos-v1-seed42/evaluation/completion_manifest.json,4210,c113bd2b18967e9f0fac4a227bed7c19e5659f6f13833ba4b21040a9a1b9730e
Ada-MGAD-e2e-v2-mobpair,72fb67fd661bf42ae2a0ae6818eadc6b05403230,experiments/p6/c1_supervision_oos/c1-supervision-oos-v1-seed42/evaluation/oracle_a_diagnostic.json,269,d1838b5efefa11087fbbb6ecc9949740d6fbb0ece02316ec243e06cb1e4dc1ae
Ada-MGAD-e2e-v2-mobpair,72fb67fd661bf42ae2a0ae6818eadc6b05403230,experiments/p6/c1_supervision_oos/c1-supervision-oos-v1-seed42/evaluation/oracle_a_rankings.csv,990811,5a7c9576a448ce7a2a9688a214626cc3176919305643f4e89e1dada7c899eec4
Ada-MGAD-e2e-v2-mobpair,72fb67fd661bf42ae2a0ae6818eadc6b05403230,experiments/p6/c1_supervision_oos/c1-supervision-oos-v1-seed42/folds/fold_01/completion_manifest.json,9087,e5ee5d1ee7f825b18e7ef69f4764182284547d3940c77771855a40468c9b3d3c
Ada-MGAD-e2e-v2-mobpair,72fb67fd661bf42ae2a0ae6818eadc6b05403230,experiments/p6/c1_supervision_oos/c1-supervision-oos-v1-seed42/folds/fold_01/detector/completion_manifest.json,4312,77f0e0bc4f07aad21799db077c09c3d657dc5c2c106d24460257742c33df5220
Ada-MGAD-e2e-v2-mobpair,72fb67fd661bf42ae2a0ae6818eadc6b05403230,experiments/p6/c1_supervision_oos/c1-supervision-oos-v1-seed42/folds/fold_01/detector/generation_episodes.csv,106723,856797f52561e1fdc0a9a0e5ab00885ad5a0267d5ccf58f0d943e2bfde31f664
Ada-MGAD-e2e-v2-mobpair,72fb67fd661bf42ae2a0ae6818eadc6b05403230,experiments/p6/c1_supervision_oos/c1-supervision-oos-v1-seed42/folds/fold_01/detector/generation_scores.csv,750379,6e6a1343939cfbe52c5ea0cf33aa8c7d44cd656c9e5e8641a4fc1f01f0ecb9bc
Ada-MGAD-e2e-v2-mobpair,72fb67fd661bf42ae2a0ae6818eadc6b05403230,experiments/p6/c1_supervision_oos/c1-supervision-oos-v1-seed42/folds/fold_01/detector/selection.json,773,e96b42fda9f874a04866e984d36f9b32feb24cfabb9d0baf9dda72285fa85f45
Ada-MGAD-e2e-v2-mobpair,72fb67fd661bf42ae2a0ae6818eadc6b05403230,experiments/p6/c1_supervision_oos/c1-supervision-oos-v1-seed42/folds/fold_01/detector/training_log.json,19221,64dd055eb00531ae43fcead33e103fc1ec55fb6f364518eaec53daae4829a026
Ada-MGAD-e2e-v2-mobpair,72fb67fd661bf42ae2a0ae6818eadc6b05403230,experiments/p6/c1_supervision_oos/c1-supervision-oos-v1-seed42/folds/fold_02/completion_manifest.json,9096,51006c83a351a1794832be0f82fcee35bceeec0a2a1382df1c61b9e2dc7f252c
Ada-MGAD-e2e-v2-mobpair,72fb67fd661bf42ae2a0ae6818eadc6b05403230,experiments/p6/c1_supervision_oos/c1-supervision-oos-v1-seed42/folds/fold_02/detector/completion_manifest.json,4281,1ac2392e356f0da8e56fd1c944fbc86f5492d882424d942eeb12523f81a4642b
Ada-MGAD-e2e-v2-mobpair,72fb67fd661bf42ae2a0ae6818eadc6b05403230,experiments/p6/c1_supervision_oos/c1-supervision-oos-v1-seed42/folds/fold_02/detector/generation_episodes.csv,130039,237fa6eb7af28143ba38568ab9c19f5ee2cfb23c2fed25de2d680fd11ee7383a
Ada-MGAD-e2e-v2-mobpair,72fb67fd661bf42ae2a0ae6818eadc6b05403230,experiments/p6/c1_supervision_oos/c1-supervision-oos-v1-seed42/folds/fold_02/detector/generation_scores.csv,753899,7abb1f0398658ada10897f17b4f271ff084f6b1daf1e9c1adeddfb667eb3b02f
Ada-MGAD-e2e-v2-mobpair,72fb67fd661bf42ae2a0ae6818eadc6b05403230,experiments/p6/c1_supervision_oos/c1-supervision-oos-v1-seed42/folds/fold_02/detector/selection.json,741,3449a63b37f5184f9fbd86888843d6e9d8605c3b0b6502635528ff139fd3db3f
Ada-MGAD-e2e-v2-mobpair,72fb67fd661bf42ae2a0ae6818eadc6b05403230,experiments/p6/c1_supervision_oos/c1-supervision-oos-v1-seed42/folds/fold_02/detector/training_log.json,12434,9cb70fe0d388f2f964a539d9c9d21608b6aa8c710a5b097f0f71fbf27162458b
Ada-MGAD-e2e-v2-mobpair,72fb67fd661bf42ae2a0ae6818eadc6b05403230,experiments/p6/c1_supervision_oos/c1-supervision-oos-v1-seed42/folds/fold_03/completion_manifest.json,9096,a965256b6152dc4310918aa48ce7fe893ed5207d7c5022101ae3dfa818034934
Ada-MGAD-e2e-v2-mobpair,72fb67fd661bf42ae2a0ae6818eadc6b05403230,experiments/p6/c1_supervision_oos/c1-supervision-oos-v1-seed42/folds/fold_03/detector/completion_manifest.json,4300,1e94bc29015731fe875de21506a2ad16589ef7a5dce77bf00d3fb16d66c15d56
Ada-MGAD-e2e-v2-mobpair,72fb67fd661bf42ae2a0ae6818eadc6b05403230,experiments/p6/c1_supervision_oos/c1-supervision-oos-v1-seed42/folds/fold_03/detector/generation_episodes.csv,125838,6519b6f514e75972054b3d458c4dcb9320e6c4e3bfcf65a68bb8a3af7282fb05
Ada-MGAD-e2e-v2-mobpair,72fb67fd661bf42ae2a0ae6818eadc6b05403230,experiments/p6/c1_supervision_oos/c1-supervision-oos-v1-seed42/folds/fold_03/detector/generation_scores.csv,753500,3756b817680de25addd174fc2a60ebc9c934ac3ec5fdac1bbc8484de080d117f
Ada-MGAD-e2e-v2-mobpair,72fb67fd661bf42ae2a0ae6818eadc6b05403230,experiments/p6/c1_supervision_oos/c1-supervision-oos-v1-seed42/folds/fold_03/detector/selection.json,760,f73355c10d70746fffafaf12a3f8bf8bccdbfa4c85d0ea3110e630e73f3b40e8
Ada-MGAD-e2e-v2-mobpair,72fb67fd661bf42ae2a0ae6818eadc6b05403230,experiments/p6/c1_supervision_oos/c1-supervision-oos-v1-seed42/folds/fold_03/detector/training_log.json,12517,971f380db43fd6bb6f0d62044007ee0e865a6d94815d31dedca0e533c645006d
Ada-MGAD-e2e-v2-mobpair,72fb67fd661bf42ae2a0ae6818eadc6b05403230,experiments/p6/c1_supervision_oos/c1-supervision-oos-v1-seed42/g1_static/completion_manifest.json,5866,935abdc91db5fa1ddba7cb26455508433dace34c11ffa92087243f2ee7afab23
Ada-MGAD-e2e-v2-mobpair,72fb67fd661bf42ae2a0ae6818eadc6b05403230,experiments/p6/c1_supervision_oos/c1-supervision-oos-v1-seed42/g1_static/fold_manifest.json,11117,017d4b2e87d737ee7d1f3f729a63fed4775e9e8181ec04214ddda6883310d4e5
Ada-MGAD-e2e-v2-mobpair,72fb67fd661bf42ae2a0ae6818eadc6b05403230,experiments/p6/c1_supervision_oos/c1-supervision-oos-v1-seed42/g1_static/input_manifest.json,7333,a316f306e8b117b8aa9739b468c39f4cd6523310b48ad02f83f2c2f346abd3a1
Ada-MGAD-e2e-v2-mobpair,72fb67fd661bf42ae2a0ae6818eadc6b05403230,experiments/p6/c1_supervision_oos/c1-supervision-oos-v1-seed42/g1_static/integrity_report.md,1692,2afcab0765547b1e0d75aa464eff2e98e3029e857eceef1435718078395ace22
Ada-MGAD-e2e-v2-mobpair,72fb67fd661bf42ae2a0ae6818eadc6b05403230,experiments/p6/c1_supervision_oos/c1-supervision-oos-v1-seed42/g1_static/static_population.json,1545,83a5e20726f20866060bd7014784687d3860b0ccc63a76c6c0820817b311f7eb
Ada-MGAD-e2e-v2-mobpair,72fb67fd661bf42ae2a0ae6818eadc6b05403230,experiments/p6/c1_supervision_oos/c1-supervision-oos-v1-seed42/predictions/completion_manifest.json,3671,19777b7f4656f3e8b360e1ecb618dc5d0dc8a0e63a15df59596a1d87be746216
Ada-MGAD-e2e-v2-mobpair,72fb67fd661bf42ae2a0ae6818eadc6b05403230,experiments/p6/c1_supervision_oos/c1-supervision-oos-v1-seed42/predictions/prediction_lock.json,6883,ee9500730e7b982557de31d9fd138c13e09e5af397b11354e88b305f0233c967
Ada-MGAD-e2e-v2-mobpair,72fb67fd661bf42ae2a0ae6818eadc6b05403230,experiments/p6/c1_supervision_oos/c1-supervision-oos-v1-seed42/predictions/scope_rankings.csv,1596904,b444a4d92c601430b79a3fee5e6fcddc97c3a8573cd20bd0c16a828d5bf6a650
Ada-MGAD-e2e-v2-mobpair,72fb67fd661bf42ae2a0ae6818eadc6b05403230,experiments/p6/c1_supervision_oos/c1-supervision-oos-v1-seed42/rca/arm_b.json,753,2ba84aa9ec52b488db82b2dadce049c9c0105f2147176ff5716ba4d15ee8a4c7
Ada-MGAD-e2e-v2-mobpair,72fb67fd661bf42ae2a0ae6818eadc6b05403230,experiments/p6/c1_supervision_oos/c1-supervision-oos-v1-seed42/rca/arm_c.json,752,6132941dd09f098a4c711c954ddec473eac11de63f5b094586413d95d7e6ca27
Ada-MGAD-e2e-v2-mobpair,72fb67fd661bf42ae2a0ae6818eadc6b05403230,experiments/p6/c1_supervision_oos/c1-supervision-oos-v1-seed42/rca/completion_manifest.json,3538,2e446855d9e9cff34c684e8472d7510d1deb3cf5849aa9d8461e7d456127e9b0
Ada-MGAD-e2e-v2-mobpair,72fb67fd661bf42ae2a0ae6818eadc6b05403230,experiments/p6/c1_supervision_oos/c1-supervision-oos-v1-seed42/run_lock.json,6331,0b5a2b649c31305eec88d631f2d57ef2a45a7d4d643d861478b3a11d620c9c56
Ada-MGAD-e2e-v2-mobpair,72fb67fd661bf42ae2a0ae6818eadc6b05403230,experiments/p6/c1_supervision_oos/c1-supervision-oos-v1-seed42/train_cohort/cases.csv,325878,83ee698981272bfb1f89d1c2d9b1c2c622b63c419a08c251abde2bf7965821dd
Ada-MGAD-e2e-v2-mobpair,72fb67fd661bf42ae2a0ae6818eadc6b05403230,experiments/p6/c1_supervision_oos/c1-supervision-oos-v1-seed42/train_cohort/completion_manifest.json,4746,b36dfaa5ba38bc741e318d8cb9e59e5f225324ff9cd3422b6040faff04634550
Ada-MGAD-e2e-v2-mobpair,72fb67fd661bf42ae2a0ae6818eadc6b05403230,experiments/p6/c1_supervision_oos/c1-supervision-oos-v1-seed42/train_cohort/exclusions.csv,1760,3f5dc5665be94d84e76d3e1e3f84756ae4fdd00e2f42dc96eed7ac3de3941cd6
Ada-MGAD-e2e-v2-mobpair,72fb67fd661bf42ae2a0ae6818eadc6b05403230,experiments/p6/c1_supervision_oos/c1-supervision-oos-v1-seed42/train_cohort/matching.csv,811460,5c3aa3085f03c2061af4e89e06f6a2f138e0bf69395e2deba438a61a643d8db4
Ada-MGAD-e2e-v2-mobpair,72fb67fd661bf42ae2a0ae6818eadc6b05403230,experiments/p6/c1_xgb_forward_dev/c1-xgb-forward-v1/f12_to_f3_cl.json,761,0de15f38a8c2beb1091d80c7c75637ff8af2607af370d3bae2e428558178541b
Ada-MGAD-e2e-v2-mobpair,72fb67fd661bf42ae2a0ae6818eadc6b05403230,experiments/p6/c1_xgb_forward_dev/c1-xgb-forward-v1/f12_to_f3_cl.npz,19502,66a164a4f4054e0abcc5c58b5d2405dc4e7557843ded870a3dd82d0f61b48ed6
Ada-MGAD-e2e-v2-mobpair,72fb67fd661bf42ae2a0ae6818eadc6b05403230,experiments/p6/c1_xgb_forward_dev/c1-xgb-forward-v1/f12_to_f3_xgb.ubj,234003,b7c11b5cb0d5cf4a5f280e02d058ed89f4279f097301434b714810b6e10c655f
Ada-MGAD-e2e-v2-mobpair,72fb67fd661bf42ae2a0ae6818eadc6b05403230,experiments/p6/c1_xgb_forward_dev/c1-xgb-forward-v1/f1_to_f2_cl.json,759,25f29a0a9173a678fcf5901a944a30ea7192364289ab2cb5c640be231786ad25
Ada-MGAD-e2e-v2-mobpair,72fb67fd661bf42ae2a0ae6818eadc6b05403230,experiments/p6/c1_xgb_forward_dev/c1-xgb-forward-v1/f1_to_f2_cl.npz,10158,410d74dfe36cedae77929ef2725228bfa96c8e568e4973951ede53f7a270f002
Ada-MGAD-e2e-v2-mobpair,72fb67fd661bf42ae2a0ae6818eadc6b05403230,experiments/p6/c1_xgb_forward_dev/c1-xgb-forward-v1/f1_to_f2_xgb.ubj,232371,e97c207f4b060049c2ee46552e45d503d9dfd12e2d775a53cc35e96b0410aa50
Ada-MGAD-e2e-v2-mobpair,72fb67fd661bf42ae2a0ae6818eadc6b05403230,experiments/p6/c1_xgb_forward_dev/c1-xgb-forward-v1/rankings.csv,829035,9506cbbc12c76a92fa1266c8cb690831f380d5bd5830e3d1909cf30f98b52eda
Ada-MGAD-e2e-v2-mobpair,72fb67fd661bf42ae2a0ae6818eadc6b05403230,experiments/p6/c1_xgb_forward_dev/c1-xgb-forward-v1/results.json,8216,f8ec3be78afd9d8091ab03d52448a89888db565c2a777517dfc8b61dc56f283b
Ada-MGAD-e2e-v2-mobpair,72fb67fd661bf42ae2a0ae6818eadc6b05403230,experiments/p6/c1_xgb_forward_dev/c1-xgb-forward-v1/run_lock.json,3382,b28b39e536d2ff89cad07a2e759fc0e35cb4502b1a9fe2f52f60258887979018
Ada-MGAD-e2e-v2-mobpair,72fb67fd661bf42ae2a0ae6818eadc6b05403230,experiments/p6/c1_z2_xgb/c1-z2-xgb-v1-seed20260826/evaluation/c1_paired_results.json,1945882,1601223246380736d98fbdd96bafbe87b7a41e8786874870647ead037c38052e
Ada-MGAD-e2e-v2-mobpair,72fb67fd661bf42ae2a0ae6818eadc6b05403230,experiments/p6/c1_z2_xgb/c1-z2-xgb-v1-seed20260826/evaluation/c2_failure_ledger.csv,1261904,7c0feb0a15e124e1ecc8d58ac06661cc7c1bc1279c0873530e42524bfe74f702
Ada-MGAD-e2e-v2-mobpair,72fb67fd661bf42ae2a0ae6818eadc6b05403230,experiments/p6/c1_z2_xgb/c1-z2-xgb-v1-seed20260826/evaluation/c2_full_diagnosis.json,17914,ed31ee5dc67605d122bf2d9eaf98bafe8ee01a8a3254ba1f3fb59d1c9583720d
Ada-MGAD-e2e-v2-mobpair,72fb67fd661bf42ae2a0ae6818eadc6b05403230,experiments/p6/c1_z2_xgb/c1-z2-xgb-v1-seed20260826/evaluation/completion_manifest.json,749,eb3d7893fb7b1bbc49446671f6558365189fa8a506ddd0df89db3d19c5a2462a
Ada-MGAD-e2e-v2-mobpair,72fb67fd661bf42ae2a0ae6818eadc6b05403230,experiments/p6/c1_z2_xgb/c1-z2-xgb-v1-seed20260826/evaluation/evaluation_provenance.json,1082,34e7c7b7f73e62c6e8eb32f7ee78aebe4c6cab663082c4ae6551dbb46b1f45b3
Ada-MGAD-e2e-v2-mobpair,72fb67fd661bf42ae2a0ae6818eadc6b05403230,experiments/p6/c1_z2_xgb/c1-z2-xgb-v1-seed20260826/predictions/completion_manifest.json,510,d14ad91ef54a0456d709da03bced7415bdf63382f1f6badefeb82daf97a7f006
Ada-MGAD-e2e-v2-mobpair,72fb67fd661bf42ae2a0ae6818eadc6b05403230,experiments/p6/c1_z2_xgb/c1-z2-xgb-v1-seed20260826/predictions/prediction_lock.json,1678,28df471cd730177585385ee3a640dc462c63c5e7e30aaf7f2f41dc3e3d96e114
Ada-MGAD-e2e-v2-mobpair,72fb67fd661bf42ae2a0ae6818eadc6b05403230,experiments/p6/c1_z2_xgb/c1-z2-xgb-v1-seed20260826/predictions/scope_rankings.csv,1596907,57c28dab60f49ce94c029125fb3ec08c1bd135651f9388187588dbbfccb0c740
Ada-MGAD-e2e-v2-mobpair,72fb67fd661bf42ae2a0ae6818eadc6b05403230,experiments/p6/c1_z2_xgb/c1-z2-xgb-v1-seed20260826/run_lock.json,1526,03521e5570b926455cb0d26d90ef1dab84bfd9dd2131aff7a5bb3b28a776c5ab
Ada-MGAD-e2e-v2-mobpair,72fb67fd661bf42ae2a0ae6818eadc6b05403230,experiments/p6/c1_z2_xgb/c1-z2-xgb-v1-seed20260826/train/completion_manifest.json,455,cbdcafd07267166da236875caf63c74555d4fb69c0164df42a954075e0c30003
Ada-MGAD-e2e-v2-mobpair,72fb67fd661bf42ae2a0ae6818eadc6b05403230,experiments/p6/c1_z2_xgb/c1-z2-xgb-v1-seed20260826/train/model_state.ubj,234139,55a264a0aeedb47d5d5d3cc34090c2ce294419a6006d63b44e86436d063c52ee
Ada-MGAD-e2e-v2-mobpair,72fb67fd661bf42ae2a0ae6818eadc6b05403230,experiments/p6/c1_z2_xgb/c1-z2-xgb-v1-seed20260826/train/train_summary.json,1619,8549effccd537fed7b8d41291f25ec98f45f2bfb3548660553e6f45778ee6725
Ada-MGAD-e2e-v2-mobpair,72fb67fd661bf42ae2a0ae6818eadc6b05403230,experiments/p6/score_decomposition/classification/diagnosis_metrics.json,2093,60fe8440d8c42b2d3a842f7a7c7e4ae861c226ca622ae7eb1923b979c9d44a8e
Ada-MGAD-e2e-v2-mobpair,72fb67fd661bf42ae2a0ae6818eadc6b05403230,experiments/p6/score_decomposition/classification/event_metrics.json,5147,f40cd2d1f1940bf80eeb298a9350fec848e7b4e64b8730999fb0ed37decd3827
Ada-MGAD-e2e-v2-mobpair,72fb67fd661bf42ae2a0ae6818eadc6b05403230,experiments/p6/score_decomposition/classification/localization_metrics.json,28925,ceab500c6dee1d5d0fe39a18534c887edfc8355b6491b3535e12a44a423cd4f8
Ada-MGAD-e2e-v2-mobpair,72fb67fd661bf42ae2a0ae6818eadc6b05403230,experiments/p6/score_decomposition/classification/rca_metrics.json,5581,d8416b903e9babb73045ae016fa7ef8fc20adf7e9c100a25c25d54b767eba99f
Ada-MGAD-e2e-v2-mobpair,72fb67fd661bf42ae2a0ae6818eadc6b05403230,experiments/p6/score_decomposition/classification/threshold.json,1217,db3862ddb8e2b5d78cee4a4693cc7a5bc56919af20ef592134dbdd571bc6c56d
Ada-MGAD-e2e-v2-mobpair,72fb67fd661bf42ae2a0ae6818eadc6b05403230,experiments/p6/score_decomposition/common_cases.csv,783153,0bb6bf3e435baf179c4cb1e1deda4bdc42c749d513865a3fcc50d4abf1bdb396
Ada-MGAD-e2e-v2-mobpair,72fb67fd661bf42ae2a0ae6818eadc6b05403230,experiments/p6/score_decomposition/comparison.json,92985,ce6965fe10c1773e4c0021f8eb5cb1121e8c96a655067520d20d6dec3efb5190
Ada-MGAD-e2e-v2-mobpair,72fb67fd661bf42ae2a0ae6818eadc6b05403230,experiments/p6/score_decomposition/fused/diagnosis_metrics.json,2085,77d6d3adbb2e76b49b41d16eafb56d4d020faae6d04e25be52ab2a0d209d101c
Ada-MGAD-e2e-v2-mobpair,72fb67fd661bf42ae2a0ae6818eadc6b05403230,experiments/p6/score_decomposition/fused/event_metrics.json,5105,930173c6cec6c10880f6b375fbf363c1dc62988b836ba86c8c6c1ea4604e0bb6
Ada-MGAD-e2e-v2-mobpair,72fb67fd661bf42ae2a0ae6818eadc6b05403230,experiments/p6/score_decomposition/fused/localization_metrics.json,29146,9b230dbaee9901ce3b9d9b8308a1e69e40b782e557611e8bee24239bdbb1c095
Ada-MGAD-e2e-v2-mobpair,72fb67fd661bf42ae2a0ae6818eadc6b05403230,experiments/p6/score_decomposition/fused/rca_metrics.json,5617,d6489f7ed8c2c7563f990e58fdaa17e07feeccd7514f809a3a25c235b8abfb73
Ada-MGAD-e2e-v2-mobpair,72fb67fd661bf42ae2a0ae6818eadc6b05403230,experiments/p6/score_decomposition/fused/threshold.json,1212,8b3b74d8d838c3303c9b2e6c32c25fe5549df0e78a93790caa59ac383ee5d741
Ada-MGAD-e2e-v2-mobpair,72fb67fd661bf42ae2a0ae6818eadc6b05403230,experiments/p6/score_decomposition/label_identity_audit.json,1024,6652840bdf55c317b10d2ae4bf5223d6cde67a541688f5a13261b81d7b710010
Ada-MGAD-e2e-v2-mobpair,72fb67fd661bf42ae2a0ae6818eadc6b05403230,experiments/p6/score_decomposition/manifest.json,7530,65ef6b0a85b907dbc378bafaf712732144a35e5280ae1ab44babb8125f1067ba
Ada-MGAD-e2e-v2-mobpair,72fb67fd661bf42ae2a0ae6818eadc6b05403230,experiments/p6/score_decomposition/prediction_artifacts.json,1626,f552fde50da06bebf0b8aecd020e5e3825a52b279aef900154a419d04be38afc
Ada-MGAD-e2e-v2-mobpair,72fb67fd661bf42ae2a0ae6818eadc6b05403230,experiments/p6/score_decomposition/rca/rca_feature_health.json,1806,015b06395de0fe6b2d6ae799629230ce37068ab119564842e319b9a333035493
Ada-MGAD-e2e-v2-mobpair,72fb67fd661bf42ae2a0ae6818eadc6b05403230,experiments/p6/score_decomposition/rca/rca_feature_manifest.json,2831,7cb9ee84f4e2ce06db7a695027957b25ed69bbd9ccd3865bd2f17f0524c6669e
Ada-MGAD-e2e-v2-mobpair,72fb67fd661bf42ae2a0ae6818eadc6b05403230,experiments/p6/score_decomposition/reconstruction/diagnosis_metrics.json,2069,1f5f35c7ef97acbf3b740dadc011627b5767f60e7933f7df2bbf53ff1888b4c9
Ada-MGAD-e2e-v2-mobpair,72fb67fd661bf42ae2a0ae6818eadc6b05403230,experiments/p6/score_decomposition/reconstruction/event_metrics.json,5142,b54a64b01f5e3f9555d094b85787c1bfe94580121162f2a330781550375c61e4
Ada-MGAD-e2e-v2-mobpair,72fb67fd661bf42ae2a0ae6818eadc6b05403230,experiments/p6/score_decomposition/reconstruction/localization_metrics.json,28269,d35901afceaeac0715266af6d0110c10e444bea83774f7228be90f7a35462b82
Ada-MGAD-e2e-v2-mobpair,72fb67fd661bf42ae2a0ae6818eadc6b05403230,experiments/p6/score_decomposition/reconstruction/rca_metrics.json,5395,6f573174833b1afac5eba0d2eb9b10da85d498e0736d975e1324588575799b7f
Ada-MGAD-e2e-v2-mobpair,72fb67fd661bf42ae2a0ae6818eadc6b05403230,experiments/p6/score_decomposition/reconstruction/threshold.json,1219,001fd77e80047ef147b1b4969420c9063280ea04a25df7a59c36328bcb367140
Ada-MGAD-e2e-v2-mobpair,72fb67fd661bf42ae2a0ae6818eadc6b05403230,experiments/p6/score_decomposition/score_range.json,946,065dbfa7e5b3a6e53e2bc3493fd80448d9613d0b7043d15a314aa1e3f30a20b5
Ada-MGAD-e2e-v2-mobpair,72fb67fd661bf42ae2a0ae6818eadc6b05403230,experiments/p6/score_decomposition/score_replay.json,4465,b292ac3e2b5640703cbda942a161ec5ac048fa0c0263ca15b72089b96385ac3d
Ada-MGAD-e2e-v2-mobpair,72fb67fd661bf42ae2a0ae6818eadc6b05403230,experiments/p6/system_event_trigger/manifest.json,28509,cb222bb5c21d20d8a7546e8b1ee1b4882daaac5d4a397d0e07655fe646cf9794
Ada-MGAD-e2e-v2-mobpair,72fb67fd661bf42ae2a0ae6818eadc6b05403230,experiments/p6/system_event_trigger/split_audit.json,12293,e5c60574f4c36ba5c7ebddbc869ede70f6f9aa83cf35c46fd611dbfba310463e
Ada-MGAD-e2e-v2-mobpair,72fb67fd661bf42ae2a0ae6818eadc6b05403230,experiments/p6/system_event_trigger/split_manifest.json,8121,1cad441a2d207379ffd8838bc2d655e9c68f3e03b6f4f7e666413a0b33aca193
Ada-MGAD-e2e-v2-mobpair,72fb67fd661bf42ae2a0ae6818eadc6b05403230,experiments/p6/system_event_trigger/test_metrics.json,14261,2968632cc4da1b807d976d8bb1c449f9d755cb1c15d2ee43bcd440b74946ce5b
Ada-MGAD-e2e-v2-mobpair,72fb67fd661bf42ae2a0ae6818eadc6b05403230,experiments/p6/system_event_trigger/training_log.json,18166,fcd54effee28206a6cdc964458bedb98c17a26906b58497140e42b567150b48a
Ada-MGAD-e2e-v2-mobpair,72fb67fd661bf42ae2a0ae6818eadc6b05403230,experiments/p6/system_event_trigger/validation_selection.json,21174,b5167c8d5df9cd9eebd7812cb76733799aa3f7829f3fe1a2c5cdb0ec51715a24
Ada-MGAD-e2e-v2-rcatestreview,e4b80ef2067d5e74c5c2b8343faaead4894da3f2,experiments/p6/c0_causal_comparison/nn-vs-xgb-v1/comparison.json,59375,194a78013eaf73f575d5ba543954e463d426ab12bed5d9416be22b2de14c0497
Ada-MGAD-e2e-v2-rcatestreview,e4b80ef2067d5e74c5c2b8343faaead4894da3f2,experiments/p6/c0_causal_comparison/nn-vs-xgb-v1/reference_records/checkpoint_impact/checkpoint_audit.json,2442,1ec753291ba1387a8faaeefa27be1d3082661d5b4e5afd46093170cb34f65192
Ada-MGAD-e2e-v2-rcatestreview,e4b80ef2067d5e74c5c2b8343faaead4894da3f2,experiments/p6/c0_causal_comparison/nn-vs-xgb-v1/reference_records/checkpoint_impact/completion_manifest.json,1381,b64a4afa2cfba8899a96445a5cbf8715caccdeab08f812746cddfeb0dc35e031
Ada-MGAD-e2e-v2-rcatestreview,e4b80ef2067d5e74c5c2b8343faaead4894da3f2,experiments/p6/c0_causal_comparison/nn-vs-xgb-v1/reference_records/checkpoint_impact/development_input_lock.json,4693,4cba75bf00e68482994c91109659f1b62143b26451ee5147acb6a520c795175b
Ada-MGAD-e2e-v2-rcatestreview,e4b80ef2067d5e74c5c2b8343faaead4894da3f2,experiments/p6/c0_causal_comparison/nn-vs-xgb-v1/reference_records/checkpoint_impact/real_window_causality_gate.json,673,5cfcd0a8bed2684db3ab472a3c706e278b531a0514ba4da61bb0a6f8dc9ad309
Ada-MGAD-e2e-v2-rcatestreview,e4b80ef2067d5e74c5c2b8343faaead4894da3f2,experiments/p6/c0_causal_comparison/nn-vs-xgb-v1/reference_records/nn/completion_manifest.json,1361,05ed46d33516b5b58fb5ed02f29dadfc965c5b1efb5083455578a3ac3279d43c
Ada-MGAD-e2e-v2-rcatestreview,e4b80ef2067d5e74c5c2b8343faaead4894da3f2,experiments/p6/c0_causal_comparison/nn-vs-xgb-v1/reference_records/nn/development_input_lock.json,4693,4cba75bf00e68482994c91109659f1b62143b26451ee5147acb6a520c795175b
Ada-MGAD-e2e-v2-rcatestreview,e4b80ef2067d5e74c5c2b8343faaead4894da3f2,experiments/p6/c0_causal_comparison/nn-vs-xgb-v1/reference_records/nn/real_window_causality_gate.json,653,3e7d3504ec2ef49fd6b359bced1312e177b04cf07d663cd9ce3fb675ef54e231
Ada-MGAD-e2e-v2-rcatestreview,e4b80ef2067d5e74c5c2b8343faaead4894da3f2,experiments/p6/c0_causal_comparison/nn-vs-xgb-v1/reference_records/nn/training_log.json,16022,df3dc210652c2a2eecc2bdf9162db6d5c4a2b13f748ac5b212137bc6e001b840
Ada-MGAD-e2e-v2-rcatestreview,e4b80ef2067d5e74c5c2b8343faaead4894da3f2,experiments/p6/c0_causal_comparison/nn-vs-xgb-v1/reference_records/nn/validation_selection.json,19192,196582641cbbba0234ab18e6f96d2ca1d2b297646ce884888b4bb809f768a133
Ada-MGAD-e2e-v2-rcatestreview,e4b80ef2067d5e74c5c2b8343faaead4894da3f2,experiments/p6/c0_causal_comparison/nn-vs-xgb-v1/reference_records/xgb_original_fit/development_input_lock.json,5091,1031cfb1ba9801b837744d055a4fbe967ceb4cc372f90dd0616876456c708629
Ada-MGAD-e2e-v2-rcatestreview,e4b80ef2067d5e74c5c2b8343faaead4894da3f2,experiments/p6/c0_causal_comparison/nn-vs-xgb-v1/reference_records/xgb_original_fit/failure_record.json,367,da36a5d1ce1c57fcdf8706ccaa714cb4ae7c936bfba1d9c02175728e801dac2d
Ada-MGAD-e2e-v2-rcatestreview,e4b80ef2067d5e74c5c2b8343faaead4894da3f2,experiments/p6/c0_causal_comparison/nn-vs-xgb-v1/reference_records/xgb_original_fit/feature_lock.json,669,692a85d45b08e4024da5622cf4a7b81cac2a475440a889ced0bdc086a231875f
Ada-MGAD-e2e-v2-rcatestreview,e4b80ef2067d5e74c5c2b8343faaead4894da3f2,experiments/p6/c0_causal_comparison/nn-vs-xgb-v1/reference_records/xgb_original_fit/fit_report.json,1617,2f658dfff15c1639efdceef7616a1468ffc54dfda0a0e26ef1f6be7bed8fd118
Ada-MGAD-e2e-v2-rcatestreview,e4b80ef2067d5e74c5c2b8343faaead4894da3f2,experiments/p6/c0_causal_comparison/nn-vs-xgb-v1/reference_records/xgb_original_fit/validation_prediction_lock.json,402,7ffd8934c8023941444523263c1489009da8c8f056440d777bca665e1d946717
Ada-MGAD-e2e-v2-rcatestreview,e4b80ef2067d5e74c5c2b8343faaead4894da3f2,experiments/p6/c0_causal_comparison/nn-vs-xgb-v1/research_manifest.json,4788,44c8b0130db6947a07a778a79ba09c8d5691bfd607ffad907b417ac28fe42b6a
Ada-MGAD-e2e-v2-rcatestreview,e4b80ef2067d5e74c5c2b8343faaead4894da3f2,experiments/p6/c0_flat_xgb/finalized-v1-seed42/completion_manifest.json,1327,a30d583f4945a94a8af79de5af34caea0daf7cfe3fd0688a92554192738bb180
Ada-MGAD-e2e-v2-rcatestreview,e4b80ef2067d5e74c5c2b8343faaead4894da3f2,experiments/p6/c0_flat_xgb/finalized-v1-seed42/finalization_input_lock.json,6678,83443fac0726f04910c4e1a889f463f4f23b2111154f9af0179708e69c4af4a0
Ada-MGAD-e2e-v2-rcatestreview,e4b80ef2067d5e74c5c2b8343faaead4894da3f2,experiments/p6/c0_flat_xgb/finalized-v1-seed42/fit_report.json,1617,2f658dfff15c1639efdceef7616a1468ffc54dfda0a0e26ef1f6be7bed8fd118
Ada-MGAD-e2e-v2-rcatestreview,e4b80ef2067d5e74c5c2b8343faaead4894da3f2,experiments/p6/c0_flat_xgb/finalized-v1-seed42/validation_prediction_lock.json,346,5c3bce054f7113128eb55410a19c23f2be4a51a23a37928e44d47344931321af
Ada-MGAD-e2e-v2-rcatestreview,e4b80ef2067d5e74c5c2b8343faaead4894da3f2,experiments/p6/c0_flat_xgb/finalized-v1-seed42/validation_selection.json,4132,98363249a2b7a755b3622947b03c13b5b12f80fa01de7a6268bcb18be357261d
Ada-MGAD-e2e-v2-rcatestreview,e4b80ef2067d5e74c5c2b8343faaead4894da3f2,experiments/p6/c0_long_weight/development_comparison_v1.json,25913,2666db85e9422a7063b23b377efcc6a5fc205706ed7e38fafb27267eb5519f77
Ada-MGAD-e2e-v2-rcatestreview,e4b80ef2067d5e74c5c2b8343faaead4894da3f2,experiments/p6/c0_long_weight/gpu-control-v1-seed42/development_manifest.json,3907,54c217f08b951c75fbb45650e8bb599f79bec2d36e582104ed9f9c0a82fa96dd
Ada-MGAD-e2e-v2-rcatestreview,e4b80ef2067d5e74c5c2b8343faaead4894da3f2,experiments/p6/c0_long_weight/gpu-control-v1-seed42/p6_c0.log,2590,8eedf228216f7e2ec31260ec44fa2906d98b1aa853e1f7d2248e5091fa7c28c1
Ada-MGAD-e2e-v2-rcatestreview,e4b80ef2067d5e74c5c2b8343faaead4894da3f2,experiments/p6/c0_long_weight/gpu-control-v1-seed42/split_audit.json,12327,8715dd6f2cc8b5e3dc4458a00c060450ab0acd2291989c37571941e35e3d516f
Ada-MGAD-e2e-v2-rcatestreview,e4b80ef2067d5e74c5c2b8343faaead4894da3f2,experiments/p6/c0_long_weight/gpu-control-v1-seed42/split_manifest.json,8130,d1e01a7d582135d860def8389e0c57f842964c5842cb8b389fdfbbf95582a6dd
Ada-MGAD-e2e-v2-rcatestreview,e4b80ef2067d5e74c5c2b8343faaead4894da3f2,experiments/p6/c0_long_weight/gpu-control-v1-seed42/training_log.json,10778,91c12d57d43d39dc6e70e8a42ace6f4fa695b53afcc55998c9e2b82547c9aa3f
Ada-MGAD-e2e-v2-rcatestreview,e4b80ef2067d5e74c5c2b8343faaead4894da3f2,experiments/p6/c0_long_weight/gpu-control-v1-seed42/validation_episodes.csv,214650,38871d4b941cc49ac665907fb97dd2e86f6369bb8841d03980869c3ad46e3379
Ada-MGAD-e2e-v2-rcatestreview,e4b80ef2067d5e74c5c2b8343faaead4894da3f2,experiments/p6/c0_long_weight/gpu-control-v1-seed42/validation_matching.csv,522796,8bf838043e19e4e250e19ce72fa67cbea712ea0873074a1523408e3f3957586b
Ada-MGAD-e2e-v2-rcatestreview,e4b80ef2067d5e74c5c2b8343faaead4894da3f2,experiments/p6/c0_long_weight/gpu-control-v1-seed42/validation_predictions.csv,2251307,dfbd8ff19fb3fe171a117ee062ae05a080ff47e69f8b845b173b00ea9ede27a7
Ada-MGAD-e2e-v2-rcatestreview,e4b80ef2067d5e74c5c2b8343faaead4894da3f2,experiments/p6/c0_long_weight/gpu-control-v1-seed42/validation_selection.json,13913,888d68732bfdb086a0536e6321b8420ad1d4fba11921eb63f2a9577be73b0928
Ada-MGAD-e2e-v2-rcatestreview,e4b80ef2067d5e74c5c2b8343faaead4894da3f2,experiments/p6/c0_long_weight/weighted-v1-seed42/development_manifest.json,3907,97a866e7b277a7f747e5080cd7f03ad46860ed4ad774c44e46a02d905963935e
Ada-MGAD-e2e-v2-rcatestreview,e4b80ef2067d5e74c5c2b8343faaead4894da3f2,experiments/p6/c0_long_weight/weighted-v1-seed42/p6_c0.log,2815,1e93a4a8cd06d75fa0bea51c7450b0ad6aea6eed0d4187373600216e03c7a8b8
Ada-MGAD-e2e-v2-rcatestreview,e4b80ef2067d5e74c5c2b8343faaead4894da3f2,experiments/p6/c0_long_weight/weighted-v1-seed42/split_audit.json,12328,b1365b9be5117c686528a047bb586ea559b05530153ab52dff925307494e6426
Ada-MGAD-e2e-v2-rcatestreview,e4b80ef2067d5e74c5c2b8343faaead4894da3f2,experiments/p6/c0_long_weight/weighted-v1-seed42/split_manifest.json,8130,e15e678cd2c4e186abf24a877b3c6a98c44cb946580f25b2137a129752b45020
Ada-MGAD-e2e-v2-rcatestreview,e4b80ef2067d5e74c5c2b8343faaead4894da3f2,experiments/p6/c0_long_weight/weighted-v1-seed42/training_log.json,12860,5a1bec9c01c5915c049f4098248968f00387afaedc223ada5519095f96479bd7
Ada-MGAD-e2e-v2-rcatestreview,e4b80ef2067d5e74c5c2b8343faaead4894da3f2,experiments/p6/c0_long_weight/weighted-v1-seed42/validation_episodes.csv,215345,c0aa0b05371f3b470def96b533c553dc0a295f811b738d3384acfc11b90c16b4
Ada-MGAD-e2e-v2-rcatestreview,e4b80ef2067d5e74c5c2b8343faaead4894da3f2,experiments/p6/c0_long_weight/weighted-v1-seed42/validation_matching.csv,523619,db378b68a2e4bb8e2a41ded337ae56567bcc6c303511b9f9946d047eb57cbdb8
Ada-MGAD-e2e-v2-rcatestreview,e4b80ef2067d5e74c5c2b8343faaead4894da3f2,experiments/p6/c0_long_weight/weighted-v1-seed42/validation_predictions.csv,2252354,19c6d75fdcb7c5c9dab3aace09d70ae3c73b7396e9419afb3a7fb93e2d4794e1
Ada-MGAD-e2e-v2-rcatestreview,e4b80ef2067d5e74c5c2b8343faaead4894da3f2,experiments/p6/c0_long_weight/weighted-v1-seed42/validation_selection.json,16606,a34856d67c7889833e6106bc4c40537aa344f051c43d0b6c71ec8e640e9cb9c2
Ada-MGAD-e2e-v2-rcatestreview,e4b80ef2067d5e74c5c2b8343faaead4894da3f2,experiments/p6/c0_raw_onset_observability/raw-onset-v1/fit_clean_events.csv,519986,b42d0a714339ffb1f8bf07294a5fa822c48893f58bfe0475d60ab86a7aa0404a
Ada-MGAD-e2e-v2-rcatestreview,e4b80ef2067d5e74c5c2b8343faaead4894da3f2,experiments/p6/c0_raw_onset_observability/raw-onset-v1/fit_pseudo_onsets.csv,70246,b36db52779b7a745a4e47c5cf4d686b1dea0a53be2a453debdbba61e1d45f531
Ada-MGAD-e2e-v2-rcatestreview,e4b80ef2067d5e74c5c2b8343faaead4894da3f2,experiments/p6/c0_raw_onset_observability/raw-onset-v1/results.json,20440,2d8b1882fdb9a9310f9b74f848adc54033654d3a27a7ef707f609d84957d1378
Ada-MGAD-e2e-v2-rcatestreview,e4b80ef2067d5e74c5c2b8343faaead4894da3f2,experiments/p6/c0_raw_onset_observability/raw-onset-v1/validation_clean_events.csv,171016,e9715164e6b527b0570aa2ed35a4281f0847910a8356e7bcad8b53e3796181a1
Ada-MGAD-e2e-v2-rcatestreview,e4b80ef2067d5e74c5c2b8343faaead4894da3f2,experiments/p6/c0_raw_onset_observability/raw-onset-v1/validation_pseudo_onsets.csv,47187,53eb1bdcf265069cca9079495d92aae7f88415475312bdaf6da8d8e0a39dff10
Ada-MGAD-e2e-v2-rcatestreview,e4b80ef2067d5e74c5c2b8343faaead4894da3f2,experiments/p6/c0f_failure_audit/c0f-correction-20260923T0755Z/analysis_validation.json,296,ad7a15071946ca8749cbfc26c134304b3771c8e610fe1b8b2bbb81c01767fdde
Ada-MGAD-e2e-v2-rcatestreview,e4b80ef2067d5e74c5c2b8343faaead4894da3f2,experiments/p6/c0f_failure_audit/c0f-correction-20260923T0755Z/audit_config.json,3064,6e66534cd7adb078d7342fd189a891d59e8dd1b9c893868cbf06f92c34c6c820
Ada-MGAD-e2e-v2-rcatestreview,e4b80ef2067d5e74c5c2b8343faaead4894da3f2,experiments/p6/c0f_failure_audit/c0f-correction-20260923T0755Z/capacity_summary.json,13508,aaa4fe3bc740aad3c1b97dac8a8c9224fcdc766b59e693f2b07a678139eccbda
Ada-MGAD-e2e-v2-rcatestreview,e4b80ef2067d5e74c5c2b8343faaead4894da3f2,experiments/p6/c0f_failure_audit/c0f-correction-20260923T0755Z/completion_manifest.json,76920,faabd0a5e6486a89c6e6e3cab1af8f146af6cdab9fe5e728c027f5d18f80745a
Ada-MGAD-e2e-v2-rcatestreview,e4b80ef2067d5e74c5c2b8343faaead4894da3f2,experiments/p6/c0f_failure_audit/c0f-correction-20260923T0755Z/confounding_tables.json,196447,676bf2913aefd265292b4d25c6c8fc11d9bec5813f5aebf9a3d7a6e49933487d
Ada-MGAD-e2e-v2-rcatestreview,e4b80ef2067d5e74c5c2b8343faaead4894da3f2,experiments/p6/c0f_failure_audit/c0f-correction-20260923T0755Z/correction_summary.json,1427,95cdd9d0c51a29a47d84b851a8dda40c3d56e877203793781c4701a6852db181
Ada-MGAD-e2e-v2-rcatestreview,e4b80ef2067d5e74c5c2b8343faaead4894da3f2,experiments/p6/c0f_failure_audit/c0f-correction-20260923T0755Z/decision.json,21910,3cdf539f1bfe2367c9e0e34430118a565645a293138e121970832cce7984c552
Ada-MGAD-e2e-v2-rcatestreview,e4b80ef2067d5e74c5c2b8343faaead4894da3f2,experiments/p6/c0f_failure_audit/c0f-correction-20260923T0755Z/evidence_ledger.json,7998,eaf1b0a9bb641e3dd59c540512f03a61a793b4ebb83c7115b19f86ac7318e1fe
Ada-MGAD-e2e-v2-rcatestreview,e4b80ef2067d5e74c5c2b8343faaead4894da3f2,experiments/p6/c0f_failure_audit/c0f-correction-20260923T0755Z/final_report.md,12767,cfac59ff1f3d4ac489a3c11b9670e43e3e8216999019e821d1711970fdfea656
Ada-MGAD-e2e-v2-rcatestreview,e4b80ef2067d5e74c5c2b8343faaead4894da3f2,experiments/p6/c0f_failure_audit/c0f-correction-20260923T0755Z/input_integrity_after.json,227,bc834dc3b45aa4814b8e27a6d7b15d88994488d574057dcf8e18c5647782c7e4
Ada-MGAD-e2e-v2-rcatestreview,e4b80ef2067d5e74c5c2b8343faaead4894da3f2,experiments/p6/c0f_failure_audit/c0f-correction-20260923T0755Z/input_manifest.json,1272,8a22a55fe1b951a78aa30fa6a185339f45235779a9b0c4a92852cc97f11fa972
Ada-MGAD-e2e-v2-rcatestreview,e4b80ef2067d5e74c5c2b8343faaead4894da3f2,experiments/p6/c0f_failure_audit/c0f-correction-20260923T0755Z/input_snapshot.json,254827,1fdc4e0e3b82c9849e7e965471ee4431621aa3b8b7d9ec86f7afbc0fa5b9b87f
Ada-MGAD-e2e-v2-rcatestreview,e4b80ef2067d5e74c5c2b8343faaead4894da3f2,experiments/p6/c0f_failure_audit/c0f-correction-20260923T0755Z/isolation_summary.json,46108,439b4311ae6cdeeb896971b52602928cd8f8f00581b1762b7dc199338eb8cdd9
Ada-MGAD-e2e-v2-rcatestreview,e4b80ef2067d5e74c5c2b8343faaead4894da3f2,experiments/p6/c0f_failure_audit/c0f-correction-20260923T0755Z/ledger_invariants.json,520,a497cd0e28dc4627d27a343038ecda70ff3e2cd2c7579674175c7b0c1ebe8ab3
Ada-MGAD-e2e-v2-rcatestreview,e4b80ef2067d5e74c5c2b8343faaead4894da3f2,experiments/p6/c0f_failure_audit/c0f-correction-20260923T0755Z/reuse_provenance.json,1297,5d40d373429d92073ad1f677ed930107abdcfec9973afa3fd940c00d79a6ad82
Ada-MGAD-e2e-v2-rcatestreview,e4b80ef2067d5e74c5c2b8343faaead4894da3f2,experiments/p6/c0f_failure_audit/c0f-correction-20260923T0755Z/run_state.json,70344,4f58cdf5cf3c06bcc2b8ea3b12a608c6c9287a8a996a4ae0007f2a3cede3fb78
Ada-MGAD-e2e-v2-rcatestreview,e4b80ef2067d5e74c5c2b8343faaead4894da3f2,experiments/p6/c0f_failure_audit/c0f-correction-20260923T0755Z/source_integrity.json,8617,ae61ded34933922feea8dad052f115aa50abf7c311593f0a49f47b5e73270e73
Ada-MGAD-e2e-v2-rcatestreview,e4b80ef2067d5e74c5c2b8343faaead4894da3f2,experiments/p6/c0f_failure_audit/c0f-correction-20260923T0755Z/source_snapshot.json,27487,808bb33502694359a809657c56db3bc4ecf1a67887e45ba4c7949e67009d17fe
Ada-MGAD-e2e-v2-rcatestreview,e4b80ef2067d5e74c5c2b8343faaead4894da3f2,experiments/p6/c0f_failure_audit/c0f-correction-20260923T0755Z/split_population_checks.json,968,e5cad5ac9211384da9c73c83304625bb4274585228b1b733edd92f4352dfd820
Ada-MGAD-e2e-v2-rcatestreview,e4b80ef2067d5e74c5c2b8343faaead4894da3f2,experiments/p6/c0f_failure_audit/c0f-correction-20260923T0755Z/stratified_summary.json,38692,c3d3148227ad27756001b6d6b7ba1fadb603e390741e29fad34fcb8292c4962e
Ada-MGAD-e2e-v2-rcatestreview,e4b80ef2067d5e74c5c2b8343faaead4894da3f2,experiments/p6/c0f_failure_audit/c0f-correction-20260923T0755Z/test_artifact_verification.json,1286,0385232d6ff22eb82747264c9bdf7a4d0f6b4112b40a5edc9675ec12ddd72282
Ada-MGAD-e2e-v2-rcatestreview,e4b80ef2067d5e74c5c2b8343faaead4894da3f2,experiments/p6/c0f_failure_audit/c0f-correction-20260923T0755Z/test_results.json,1478,001ef8cbe1e1997d6a608df763aefb994e5d99b6e932f97de0c4cf88b4aa504e
Ada-MGAD-e2e-v2-rcatestreview,e4b80ef2067d5e74c5c2b8343faaead4894da3f2,experiments/p6/c0f_failure_audit/c0f-correction-20260923T0755Z/validation_replay.json,1781,e802370c18a4bc38e497d3ab398705a0434f91bbe8c02dbf1710c7f1ad904360
Ada-MGAD-e2e-v2-rcatestreview,e4b80ef2067d5e74c5c2b8343faaead4894da3f2,experiments/p6/c0f_failure_audit/c0f-seed42-20260919T0700/audit_config.json,2705,078c633bc1097b558439d0bc247118bf079cdbc177eac2bbe26a83b628bbbf40
Ada-MGAD-e2e-v2-rcatestreview,e4b80ef2067d5e74c5c2b8343faaead4894da3f2,experiments/p6/c0f_failure_audit/c0f-seed42-20260919T0700/capacity_summary.json,12933,e479dfa5b2af41d141b4fd08ecbfa76a107148e57ade5e17eaa818b880821124
Ada-MGAD-e2e-v2-rcatestreview,e4b80ef2067d5e74c5c2b8343faaead4894da3f2,experiments/p6/c0f_failure_audit/c0f-seed42-20260919T0700/completion_manifest.json,16950,97e1fd3e34da06e7b64808b9f38372628c7007b9a2533c46582b50e5b7ace53a
Ada-MGAD-e2e-v2-rcatestreview,e4b80ef2067d5e74c5c2b8343faaead4894da3f2,experiments/p6/c0f_failure_audit/c0f-seed42-20260919T0700/confounding_tables.json,27744,bab17cda93dcb9747e23cd4519396edc2975e38bc31ed96e2ad3fc2d8fe5c9c6
Ada-MGAD-e2e-v2-rcatestreview,e4b80ef2067d5e74c5c2b8343faaead4894da3f2,experiments/p6/c0f_failure_audit/c0f-seed42-20260919T0700/decision.json,20118,9eb7ca1ee3c04c4b8fdc1d0a9a75b873add03bfce61b026f0e4abc9f55ba9493
Ada-MGAD-e2e-v2-rcatestreview,e4b80ef2067d5e74c5c2b8343faaead4894da3f2,experiments/p6/c0f_failure_audit/c0f-seed42-20260919T0700/evidence_ledger.json,5830,1eaca4aac0c592a5110acadb7681366ceba696f0fedc1803ec1c03379d16f90b
Ada-MGAD-e2e-v2-rcatestreview,e4b80ef2067d5e74c5c2b8343faaead4894da3f2,experiments/p6/c0f_failure_audit/c0f-seed42-20260919T0700/final_report.md,9472,563ac665ce2641c94e80a4bd12e124473956db1c49113eb60859ba4f6f2a291f
Ada-MGAD-e2e-v2-rcatestreview,e4b80ef2067d5e74c5c2b8343faaead4894da3f2,experiments/p6/c0f_failure_audit/c0f-seed42-20260919T0700/input_manifest.json,1267,cd5a7b02c8e78bb6021343dd2e76ca8d87819503afdecefc8cb80c5fcfdc48ef
Ada-MGAD-e2e-v2-rcatestreview,e4b80ef2067d5e74c5c2b8343faaead4894da3f2,experiments/p6/c0f_failure_audit/c0f-seed42-20260919T0700/ledger_invariants.json,520,a497cd0e28dc4627d27a343038ecda70ff3e2cd2c7579674175c7b0c1ebe8ab3
Ada-MGAD-e2e-v2-rcatestreview,e4b80ef2067d5e74c5c2b8343faaead4894da3f2,experiments/p6/c0f_failure_audit/c0f-seed42-20260919T0700/run_state.json,1983,5c81eb7dfb89d713ac40de4da60d8f9803b89ac1c6260ff9ca7a07e59fe40edc
Ada-MGAD-e2e-v2-rcatestreview,e4b80ef2067d5e74c5c2b8343faaead4894da3f2,experiments/p6/c0f_failure_audit/c0f-seed42-20260919T0700/source_integrity.json,4603,7507a5bb490607692a0c7e4065f1ba79e8cde8d67305f4d8f20638feb6228c8d
Ada-MGAD-e2e-v2-rcatestreview,e4b80ef2067d5e74c5c2b8343faaead4894da3f2,experiments/p6/c0f_failure_audit/c0f-seed42-20260919T0700/split_population_checks.json,968,e5cad5ac9211384da9c73c83304625bb4274585228b1b733edd92f4352dfd820
Ada-MGAD-e2e-v2-rcatestreview,e4b80ef2067d5e74c5c2b8343faaead4894da3f2,experiments/p6/c0f_failure_audit/c0f-seed42-20260919T0700/stratified_summary.json,35445,babde167b0390f10a20108026516463a250f74340fcd46c8729e386610f39b57
Ada-MGAD-e2e-v2-rcatestreview,e4b80ef2067d5e74c5c2b8343faaead4894da3f2,experiments/p6/c0f_failure_audit/c0f-seed42-20260919T0700/test_artifact_verification.json,1190,ccec4113e1846fd3509fc626a6cc14a7b64fe05ae31fa81c31bcf9ab68e22e28
Ada-MGAD-e2e-v2-rcatestreview,e4b80ef2067d5e74c5c2b8343faaead4894da3f2,experiments/p6/c0f_failure_audit/c0f-seed42-20260919T0700/validation_replay.json,1781,24ea8a62815c7c6172bac2e3e3a0f3bfc639b803fc8bbd28c17d9e33c98fb93f
Ada-MGAD-e2e-v2-rcatestreview,e4b80ef2067d5e74c5c2b8343faaead4894da3f2,experiments/p6/c0f_failure_audit/code-checks-20260923T075346Z/test_results.json,1175,51017a28cf2e25a31b463a4d5ead6ec19bc3062006a0f72ce40da0a60dbc43df
Ada-MGAD-e2e-v2-rcatestreview,e4b80ef2067d5e74c5c2b8343faaead4894da3f2,experiments/p6/c0r2_trainval_dev/positive-logit-rise-v2/results.json,4986,773f05832dcefb568cc867f3eb716c3db2be234cf57d539ede7ca6a59b5dc9f0
Ada-MGAD-e2e-v2-rcatestreview,e4b80ef2067d5e74c5c2b8343faaead4894da3f2,experiments/p6/c1_feasibility/c1-g1-20260923T105441Z/feasibility_ledger.json,25618,80718e06a801f4a4cfac085eec999285a162b4e1ebf5afff082f17925a99b3da
Ada-MGAD-e2e-v2-rcatestreview,e4b80ef2067d5e74c5c2b8343faaead4894da3f2,experiments/p6/c1_feasibility/c1-g1-20260923T105441Z/final_report.md,8811,48c72507b5cc43f5254906be5e983547d584ca0a1a979a919e6e970112efbfc4
Ada-MGAD-e2e-v2-rcatestreview,e4b80ef2067d5e74c5c2b8343faaead4894da3f2,experiments/p6/c1_prefix_metric_audit/c1-fold1-metric-audit-v1-20260929/candidate_ledger.csv,729152,0b25bf30626055af55d6b35ab3fe9f8ff3a375b9023b9ade6bcc8f592923edf5
Ada-MGAD-e2e-v2-rcatestreview,e4b80ef2067d5e74c5c2b8343faaead4894da3f2,experiments/p6/c1_prefix_metric_audit/c1-fold1-metric-audit-v1-20260929/completion_manifest.json,2015,322e3bf69bd9aaa16b4b0b667a3fd98802175bdd91ec655585f7c97c765ef847
Ada-MGAD-e2e-v2-rcatestreview,e4b80ef2067d5e74c5c2b8343faaead4894da3f2,experiments/p6/c1_prefix_metric_audit/c1-fold1-metric-audit-v1-20260929/summary.json,2334,f951ebf8419d6499dfe3864e04b4c7f3ab04f258eb3c3d40a3f2ecc43623ae1a
Ada-MGAD-e2e-v2-rcatestreview,e4b80ef2067d5e74c5c2b8343faaead4894da3f2,experiments/p6/c1_protocol/c1-g2-py38-correction-20260924T0831Z/correction_manifest.json,2340,36a6406c80c0545f81e37f2cb4df0a1bbf5e341d5f92094631be487417f88a34
Ada-MGAD-e2e-v2-rcatestreview,e4b80ef2067d5e74c5c2b8343faaead4894da3f2,experiments/p6/c1_protocol/c1-g2-py38-correction-20260924T0831Z/correction_report.md,3511,757d796360596b4155d91f40ed3b29cb78cc547dba0ecff819ff1a5496a58857
Ada-MGAD-e2e-v2-rcatestreview,e4b80ef2067d5e74c5c2b8343faaead4894da3f2,experiments/p6/c1_protocol/c1-g2-v1-20260924/design_lock_report.md,2211,105b44683c01ffc8ef6eded385ec1dc3d6032415e40c58cdfd2815595c02a23f
Ada-MGAD-e2e-v2-rcatestreview,e4b80ef2067d5e74c5c2b8343faaead4894da3f2,experiments/p6/c1_protocol/c1-g2-v1-20260924/raw_content_manifest.json,1584322,03bdefc1ad817802a9f015a5cc07c71f5e8d625c66c5d5e9fbff31d0d5671718
Ada-MGAD-e2e-v2-rcatestreview,e4b80ef2067d5e74c5c2b8343faaead4894da3f2,experiments/p6/c1_supervision_oos/c1-supervision-oos-v1-seed42/evaluation/c1_results.json,1947819,d94b67c6631229c8994b491156d616a29062537fda6955bb9a44908609786b6c
Ada-MGAD-e2e-v2-rcatestreview,e4b80ef2067d5e74c5c2b8343faaead4894da3f2,experiments/p6/c1_supervision_oos/c1-supervision-oos-v1-seed42/evaluation/c2_failure_ledger.csv,1266920,2d7dd0703147a7f67d8e77b17f9be03be43b63baa733f7891b6f653852acef5c
Ada-MGAD-e2e-v2-rcatestreview,e4b80ef2067d5e74c5c2b8343faaead4894da3f2,experiments/p6/c1_supervision_oos/c1-supervision-oos-v1-seed42/evaluation/c2_failure_summary.json,669,382829e8258b95882ef741004ae2715a98cc01dcd53cc11229cc12abb48c2b95
Ada-MGAD-e2e-v2-rcatestreview,e4b80ef2067d5e74c5c2b8343faaead4894da3f2,experiments/p6/c1_supervision_oos/c1-supervision-oos-v1-seed42/evaluation/c2_full_diagnosis.json,17914,3b6635e497916cc0be7ba06f466772d1d884544d5819fa519714e3b1e2157beb
Ada-MGAD-e2e-v2-rcatestreview,e4b80ef2067d5e74c5c2b8343faaead4894da3f2,experiments/p6/c1_supervision_oos/c1-supervision-oos-v1-seed42/evaluation/c2_raw_matching.csv,1155905,986a55d59a6f809a0a6961d76eca5402624ae776bcbd170afb935a24862a09ab
Ada-MGAD-e2e-v2-rcatestreview,e4b80ef2067d5e74c5c2b8343faaead4894da3f2,experiments/p6/c1_supervision_oos/c1-supervision-oos-v1-seed42/evaluation/c2_stage1_reference.json,1754,104ca7578bd204131f5785fa27b9b97eb08470343f149742c74b83195f8e10c9
Ada-MGAD-e2e-v2-rcatestreview,e4b80ef2067d5e74c5c2b8343faaead4894da3f2,experiments/p6/c1_supervision_oos/c1-supervision-oos-v1-seed42/evaluation/completion_manifest.json,4210,c113bd2b18967e9f0fac4a227bed7c19e5659f6f13833ba4b21040a9a1b9730e
Ada-MGAD-e2e-v2-rcatestreview,e4b80ef2067d5e74c5c2b8343faaead4894da3f2,experiments/p6/c1_supervision_oos/c1-supervision-oos-v1-seed42/evaluation/oracle_a_diagnostic.json,269,d1838b5efefa11087fbbb6ecc9949740d6fbb0ece02316ec243e06cb1e4dc1ae
Ada-MGAD-e2e-v2-rcatestreview,e4b80ef2067d5e74c5c2b8343faaead4894da3f2,experiments/p6/c1_supervision_oos/c1-supervision-oos-v1-seed42/evaluation/oracle_a_rankings.csv,990811,5a7c9576a448ce7a2a9688a214626cc3176919305643f4e89e1dada7c899eec4
Ada-MGAD-e2e-v2-rcatestreview,e4b80ef2067d5e74c5c2b8343faaead4894da3f2,experiments/p6/c1_supervision_oos/c1-supervision-oos-v1-seed42/folds/fold_01/completion_manifest.json,9087,e5ee5d1ee7f825b18e7ef69f4764182284547d3940c77771855a40468c9b3d3c
Ada-MGAD-e2e-v2-rcatestreview,e4b80ef2067d5e74c5c2b8343faaead4894da3f2,experiments/p6/c1_supervision_oos/c1-supervision-oos-v1-seed42/folds/fold_01/detector/completion_manifest.json,4312,77f0e0bc4f07aad21799db077c09c3d657dc5c2c106d24460257742c33df5220
Ada-MGAD-e2e-v2-rcatestreview,e4b80ef2067d5e74c5c2b8343faaead4894da3f2,experiments/p6/c1_supervision_oos/c1-supervision-oos-v1-seed42/folds/fold_01/detector/generation_episodes.csv,106723,856797f52561e1fdc0a9a0e5ab00885ad5a0267d5ccf58f0d943e2bfde31f664
Ada-MGAD-e2e-v2-rcatestreview,e4b80ef2067d5e74c5c2b8343faaead4894da3f2,experiments/p6/c1_supervision_oos/c1-supervision-oos-v1-seed42/folds/fold_01/detector/generation_scores.csv,750379,6e6a1343939cfbe52c5ea0cf33aa8c7d44cd656c9e5e8641a4fc1f01f0ecb9bc
Ada-MGAD-e2e-v2-rcatestreview,e4b80ef2067d5e74c5c2b8343faaead4894da3f2,experiments/p6/c1_supervision_oos/c1-supervision-oos-v1-seed42/folds/fold_01/detector/selection.json,773,e96b42fda9f874a04866e984d36f9b32feb24cfabb9d0baf9dda72285fa85f45
Ada-MGAD-e2e-v2-rcatestreview,e4b80ef2067d5e74c5c2b8343faaead4894da3f2,experiments/p6/c1_supervision_oos/c1-supervision-oos-v1-seed42/folds/fold_01/detector/training_log.json,19221,64dd055eb00531ae43fcead33e103fc1ec55fb6f364518eaec53daae4829a026
Ada-MGAD-e2e-v2-rcatestreview,e4b80ef2067d5e74c5c2b8343faaead4894da3f2,experiments/p6/c1_supervision_oos/c1-supervision-oos-v1-seed42/folds/fold_02/completion_manifest.json,9096,51006c83a351a1794832be0f82fcee35bceeec0a2a1382df1c61b9e2dc7f252c
Ada-MGAD-e2e-v2-rcatestreview,e4b80ef2067d5e74c5c2b8343faaead4894da3f2,experiments/p6/c1_supervision_oos/c1-supervision-oos-v1-seed42/folds/fold_02/detector/completion_manifest.json,4281,1ac2392e356f0da8e56fd1c944fbc86f5492d882424d942eeb12523f81a4642b
Ada-MGAD-e2e-v2-rcatestreview,e4b80ef2067d5e74c5c2b8343faaead4894da3f2,experiments/p6/c1_supervision_oos/c1-supervision-oos-v1-seed42/folds/fold_02/detector/generation_episodes.csv,130039,237fa6eb7af28143ba38568ab9c19f5ee2cfb23c2fed25de2d680fd11ee7383a
Ada-MGAD-e2e-v2-rcatestreview,e4b80ef2067d5e74c5c2b8343faaead4894da3f2,experiments/p6/c1_supervision_oos/c1-supervision-oos-v1-seed42/folds/fold_02/detector/generation_scores.csv,753899,7abb1f0398658ada10897f17b4f271ff084f6b1daf1e9c1adeddfb667eb3b02f
Ada-MGAD-e2e-v2-rcatestreview,e4b80ef2067d5e74c5c2b8343faaead4894da3f2,experiments/p6/c1_supervision_oos/c1-supervision-oos-v1-seed42/folds/fold_02/detector/selection.json,741,3449a63b37f5184f9fbd86888843d6e9d8605c3b0b6502635528ff139fd3db3f
Ada-MGAD-e2e-v2-rcatestreview,e4b80ef2067d5e74c5c2b8343faaead4894da3f2,experiments/p6/c1_supervision_oos/c1-supervision-oos-v1-seed42/folds/fold_02/detector/training_log.json,12434,9cb70fe0d388f2f964a539d9c9d21608b6aa8c710a5b097f0f71fbf27162458b
Ada-MGAD-e2e-v2-rcatestreview,e4b80ef2067d5e74c5c2b8343faaead4894da3f2,experiments/p6/c1_supervision_oos/c1-supervision-oos-v1-seed42/folds/fold_03/completion_manifest.json,9096,a965256b6152dc4310918aa48ce7fe893ed5207d7c5022101ae3dfa818034934
Ada-MGAD-e2e-v2-rcatestreview,e4b80ef2067d5e74c5c2b8343faaead4894da3f2,experiments/p6/c1_supervision_oos/c1-supervision-oos-v1-seed42/folds/fold_03/detector/completion_manifest.json,4300,1e94bc29015731fe875de21506a2ad16589ef7a5dce77bf00d3fb16d66c15d56
Ada-MGAD-e2e-v2-rcatestreview,e4b80ef2067d5e74c5c2b8343faaead4894da3f2,experiments/p6/c1_supervision_oos/c1-supervision-oos-v1-seed42/folds/fold_03/detector/generation_episodes.csv,125838,6519b6f514e75972054b3d458c4dcb9320e6c4e3bfcf65a68bb8a3af7282fb05
Ada-MGAD-e2e-v2-rcatestreview,e4b80ef2067d5e74c5c2b8343faaead4894da3f2,experiments/p6/c1_supervision_oos/c1-supervision-oos-v1-seed42/folds/fold_03/detector/generation_scores.csv,753500,3756b817680de25addd174fc2a60ebc9c934ac3ec5fdac1bbc8484de080d117f
Ada-MGAD-e2e-v2-rcatestreview,e4b80ef2067d5e74c5c2b8343faaead4894da3f2,experiments/p6/c1_supervision_oos/c1-supervision-oos-v1-seed42/folds/fold_03/detector/selection.json,760,f73355c10d70746fffafaf12a3f8bf8bccdbfa4c85d0ea3110e630e73f3b40e8
Ada-MGAD-e2e-v2-rcatestreview,e4b80ef2067d5e74c5c2b8343faaead4894da3f2,experiments/p6/c1_supervision_oos/c1-supervision-oos-v1-seed42/folds/fold_03/detector/training_log.json,12517,971f380db43fd6bb6f0d62044007ee0e865a6d94815d31dedca0e533c645006d
Ada-MGAD-e2e-v2-rcatestreview,e4b80ef2067d5e74c5c2b8343faaead4894da3f2,experiments/p6/c1_supervision_oos/c1-supervision-oos-v1-seed42/g1_static/completion_manifest.json,5866,935abdc91db5fa1ddba7cb26455508433dace34c11ffa92087243f2ee7afab23
Ada-MGAD-e2e-v2-rcatestreview,e4b80ef2067d5e74c5c2b8343faaead4894da3f2,experiments/p6/c1_supervision_oos/c1-supervision-oos-v1-seed42/g1_static/fold_manifest.json,11117,017d4b2e87d737ee7d1f3f729a63fed4775e9e8181ec04214ddda6883310d4e5
Ada-MGAD-e2e-v2-rcatestreview,e4b80ef2067d5e74c5c2b8343faaead4894da3f2,experiments/p6/c1_supervision_oos/c1-supervision-oos-v1-seed42/g1_static/input_manifest.json,7333,a316f306e8b117b8aa9739b468c39f4cd6523310b48ad02f83f2c2f346abd3a1
Ada-MGAD-e2e-v2-rcatestreview,e4b80ef2067d5e74c5c2b8343faaead4894da3f2,experiments/p6/c1_supervision_oos/c1-supervision-oos-v1-seed42/g1_static/integrity_report.md,1692,2afcab0765547b1e0d75aa464eff2e98e3029e857eceef1435718078395ace22
Ada-MGAD-e2e-v2-rcatestreview,e4b80ef2067d5e74c5c2b8343faaead4894da3f2,experiments/p6/c1_supervision_oos/c1-supervision-oos-v1-seed42/g1_static/static_population.json,1545,83a5e20726f20866060bd7014784687d3860b0ccc63a76c6c0820817b311f7eb
Ada-MGAD-e2e-v2-rcatestreview,e4b80ef2067d5e74c5c2b8343faaead4894da3f2,experiments/p6/c1_supervision_oos/c1-supervision-oos-v1-seed42/predictions/completion_manifest.json,3671,19777b7f4656f3e8b360e1ecb618dc5d0dc8a0e63a15df59596a1d87be746216
Ada-MGAD-e2e-v2-rcatestreview,e4b80ef2067d5e74c5c2b8343faaead4894da3f2,experiments/p6/c1_supervision_oos/c1-supervision-oos-v1-seed42/predictions/prediction_lock.json,6883,ee9500730e7b982557de31d9fd138c13e09e5af397b11354e88b305f0233c967
Ada-MGAD-e2e-v2-rcatestreview,e4b80ef2067d5e74c5c2b8343faaead4894da3f2,experiments/p6/c1_supervision_oos/c1-supervision-oos-v1-seed42/predictions/scope_rankings.csv,1596904,b444a4d92c601430b79a3fee5e6fcddc97c3a8573cd20bd0c16a828d5bf6a650
Ada-MGAD-e2e-v2-rcatestreview,e4b80ef2067d5e74c5c2b8343faaead4894da3f2,experiments/p6/c1_supervision_oos/c1-supervision-oos-v1-seed42/rca/arm_b.json,753,2ba84aa9ec52b488db82b2dadce049c9c0105f2147176ff5716ba4d15ee8a4c7
Ada-MGAD-e2e-v2-rcatestreview,e4b80ef2067d5e74c5c2b8343faaead4894da3f2,experiments/p6/c1_supervision_oos/c1-supervision-oos-v1-seed42/rca/arm_c.json,752,6132941dd09f098a4c711c954ddec473eac11de63f5b094586413d95d7e6ca27
Ada-MGAD-e2e-v2-rcatestreview,e4b80ef2067d5e74c5c2b8343faaead4894da3f2,experiments/p6/c1_supervision_oos/c1-supervision-oos-v1-seed42/rca/completion_manifest.json,3538,2e446855d9e9cff34c684e8472d7510d1deb3cf5849aa9d8461e7d456127e9b0
Ada-MGAD-e2e-v2-rcatestreview,e4b80ef2067d5e74c5c2b8343faaead4894da3f2,experiments/p6/c1_supervision_oos/c1-supervision-oos-v1-seed42/run_lock.json,6331,0b5a2b649c31305eec88d631f2d57ef2a45a7d4d643d861478b3a11d620c9c56
Ada-MGAD-e2e-v2-rcatestreview,e4b80ef2067d5e74c5c2b8343faaead4894da3f2,experiments/p6/c1_supervision_oos/c1-supervision-oos-v1-seed42/train_cohort/cases.csv,325878,83ee698981272bfb1f89d1c2d9b1c2c622b63c419a08c251abde2bf7965821dd
Ada-MGAD-e2e-v2-rcatestreview,e4b80ef2067d5e74c5c2b8343faaead4894da3f2,experiments/p6/c1_supervision_oos/c1-supervision-oos-v1-seed42/train_cohort/completion_manifest.json,4746,b36dfaa5ba38bc741e318d8cb9e59e5f225324ff9cd3422b6040faff04634550
Ada-MGAD-e2e-v2-rcatestreview,e4b80ef2067d5e74c5c2b8343faaead4894da3f2,experiments/p6/c1_supervision_oos/c1-supervision-oos-v1-seed42/train_cohort/exclusions.csv,1760,3f5dc5665be94d84e76d3e1e3f84756ae4fdd00e2f42dc96eed7ac3de3941cd6
Ada-MGAD-e2e-v2-rcatestreview,e4b80ef2067d5e74c5c2b8343faaead4894da3f2,experiments/p6/c1_supervision_oos/c1-supervision-oos-v1-seed42/train_cohort/matching.csv,811460,5c3aa3085f03c2061af4e89e06f6a2f138e0bf69395e2deba438a61a643d8db4
Ada-MGAD-e2e-v2-rcatestreview,e4b80ef2067d5e74c5c2b8343faaead4894da3f2,experiments/p6/frozen_detector_test_audit/frozen-candidates-v1-20261002/audit.json,4267,8f526f3b6a25bbc993d6b0ca5eb9c81101afe19c78a79a0f316a88861b134e3b
Ada-MGAD-e2e-v2-rcatestreview,e4b80ef2067d5e74c5c2b8343faaead4894da3f2,experiments/p6/frozen_rca_test_review/frozen-candidates-v1-20261002/evaluation/causal_merged__backdate_failure.csv,1893186,f7c5be3aa95e8130039bf5efecd5de378fc0921e9f7082946f7eea344af0959b
Ada-MGAD-e2e-v2-rcatestreview,e4b80ef2067d5e74c5c2b8343faaead4894da3f2,experiments/p6/frozen_rca_test_review/frozen-candidates-v1-20261002/evaluation/causal_merged__original_failure.csv,1896283,cfa09f81e8845069cbe7f683e59354020c1f5c5adfb7d25d0daa0d4a2b976083
Ada-MGAD-e2e-v2-rcatestreview,e4b80ef2067d5e74c5c2b8343faaead4894da3f2,experiments/p6/frozen_rca_test_review/frozen-candidates-v1-20261002/evaluation/completion_manifest.json,4666,f251475fa04be0b24cacb14aad7682fe329bed204ba5ab618b54b1fc0c317b78
Ada-MGAD-e2e-v2-rcatestreview,e4b80ef2067d5e74c5c2b8343faaead4894da3f2,experiments/p6/frozen_rca_test_review/frozen-candidates-v1-20261002/evaluation/control_merged__backdate_failure.csv,1904576,5fc0a9c294dc084415d75453aea200aecc4b28e40c5dff36dba89aaa341345dc
Ada-MGAD-e2e-v2-rcatestreview,e4b80ef2067d5e74c5c2b8343faaead4894da3f2,experiments/p6/frozen_rca_test_review/frozen-candidates-v1-20261002/evaluation/control_merged__original_failure.csv,1907647,ab1de65d9c19dce54864b89d7ad839e82624e7189acdce0e38be3a97eaa45995
Ada-MGAD-e2e-v2-rcatestreview,e4b80ef2067d5e74c5c2b8343faaead4894da3f2,experiments/p6/frozen_rca_test_review/frozen-candidates-v1-20261002/evaluation/flat_merged__backdate_failure.csv,1850798,1886c560ca15fc2cf8ff028ec910176e633febe91e7653d3eb545b750e009e04
Ada-MGAD-e2e-v2-rcatestreview,e4b80ef2067d5e74c5c2b8343faaead4894da3f2,experiments/p6/frozen_rca_test_review/frozen-candidates-v1-20261002/evaluation/flat_merged__original_failure.csv,1853975,cdb441a9a0542f9f3038df38095a801c378862b035b88d8c50ac7dc124e963ba
Ada-MGAD-e2e-v2-rcatestreview,e4b80ef2067d5e74c5c2b8343faaead4894da3f2,experiments/p6/frozen_rca_test_review/frozen-candidates-v1-20261002/evaluation/legacy_merged__backdate_failure.csv,1940510,19be0724938c556c1296aeb9367133ba2c600535d3ff31e258723356c4a9c71d
Ada-MGAD-e2e-v2-rcatestreview,e4b80ef2067d5e74c5c2b8343faaead4894da3f2,experiments/p6/frozen_rca_test_review/frozen-candidates-v1-20261002/evaluation/legacy_merged__original_failure.csv,1943721,3d72b3a3ff488f01edaf1b913f94ce3257ab3124f32ca45c8b8cce6122a8b6be
Ada-MGAD-e2e-v2-rcatestreview,e4b80ef2067d5e74c5c2b8343faaead4894da3f2,experiments/p6/frozen_rca_test_review/frozen-candidates-v1-20261002/evaluation/legacy_rise__backdate_failure.csv,1933778,dc1db763eec76919355940b22b746dd2925ad95c576b488974ed2c6b5f762a3e
Ada-MGAD-e2e-v2-rcatestreview,e4b80ef2067d5e74c5c2b8343faaead4894da3f2,experiments/p6/frozen_rca_test_review/frozen-candidates-v1-20261002/evaluation/legacy_rise__original_failure.csv,1937224,5124c6753013e0be2e69f8c501b357052dd00198b108dcb85bd183ecdad73ac8
Ada-MGAD-e2e-v2-rcatestreview,e4b80ef2067d5e74c5c2b8343faaead4894da3f2,experiments/p6/frozen_rca_test_review/frozen-candidates-v1-20261002/evaluation/metric_merged__backdate_failure.csv,1917752,419412b14b4e33c8dfe8a847a4fc51ce1c09a886468fea64bcd4057c87cbd280
Ada-MGAD-e2e-v2-rcatestreview,e4b80ef2067d5e74c5c2b8343faaead4894da3f2,experiments/p6/frozen_rca_test_review/frozen-candidates-v1-20261002/evaluation/metric_merged__original_failure.csv,1920813,cdf78d9f77c908956df8a4df8198ef04223d6a70ebd0be7b46b733fb540984d7
Ada-MGAD-e2e-v2-rcatestreview,e4b80ef2067d5e74c5c2b8343faaead4894da3f2,experiments/p6/frozen_rca_test_review/frozen-candidates-v1-20261002/evaluation/native__no_all_magnitude_failure.csv,1943879,730e1bf037fc8cae3c65aabeab41cc81d7b84a1a143bfb2c600a0cd6f0e52f35
Ada-MGAD-e2e-v2-rcatestreview,e4b80ef2067d5e74c5c2b8343faaead4894da3f2,experiments/p6/frozen_rca_test_review/frozen-candidates-v1-20261002/evaluation/native__no_metric_failure.csv,1943731,972d11c939a5f02ea2682a80f7cf8828ad98692f1eb2b3cc50b2a22c2f109c67
Ada-MGAD-e2e-v2-rcatestreview,e4b80ef2067d5e74c5c2b8343faaead4894da3f2,experiments/p6/frozen_rca_test_review/frozen-candidates-v1-20261002/evaluation/onset_aux__backdate_failure.csv,1995329,27fac38aed4e9fd5d47377e8acde8b0436a3cf0c090d102da5d2130c3b9af132
Ada-MGAD-e2e-v2-rcatestreview,e4b80ef2067d5e74c5c2b8343faaead4894da3f2,experiments/p6/frozen_rca_test_review/frozen-candidates-v1-20261002/evaluation/onset_aux__original_failure.csv,1999253,d9fd57f5bd9f8566d0ef7d5b0f97314a4f9008bbf72bc5cf96bb0d394a4e0ca8
Ada-MGAD-e2e-v2-rcatestreview,e4b80ef2067d5e74c5c2b8343faaead4894da3f2,experiments/p6/frozen_rca_test_review/frozen-candidates-v1-20261002/evaluation/onset_bin__backdate_failure.csv,1924177,1770d0cd87bbb64dceeb2068e71fba6016e687f2b661af3d4d57ad05a9b9a3fc
Ada-MGAD-e2e-v2-rcatestreview,e4b80ef2067d5e74c5c2b8343faaead4894da3f2,experiments/p6/frozen_rca_test_review/frozen-candidates-v1-20261002/evaluation/onset_bin__original_failure.csv,1928009,54f0a73cf08846fec776541e05fcf1f41620877cd09c81e76ad6d05b47d59e9a
Ada-MGAD-e2e-v2-rcatestreview,e4b80ef2067d5e74c5c2b8343faaead4894da3f2,experiments/p6/frozen_rca_test_review/frozen-candidates-v1-20261002/evaluation/onset_merged__backdate_failure.csv,1873885,aec854c4c4a7529edae7e34c83824f94f9d4bd7dba5b84734c0853e49e6275fd
Ada-MGAD-e2e-v2-rcatestreview,e4b80ef2067d5e74c5c2b8343faaead4894da3f2,experiments/p6/frozen_rca_test_review/frozen-candidates-v1-20261002/evaluation/onset_merged__original_failure.csv,1877202,6c71695737d0744c69fef041c85ce4e4d6eb89bc103cac8829a7b64731c20455
Ada-MGAD-e2e-v2-rcatestreview,e4b80ef2067d5e74c5c2b8343faaead4894da3f2,experiments/p6/frozen_rca_test_review/frozen-candidates-v1-20261002/evaluation/rca_e2e_results.csv,14289,5e5650fa651c6f3e94e3c3df35bc3ee7bf187babe9ab0e48fdd178c4b068ca3c
Ada-MGAD-e2e-v2-rcatestreview,e4b80ef2067d5e74c5c2b8343faaead4894da3f2,experiments/p6/frozen_rca_test_review/frozen-candidates-v1-20261002/evaluation/results.json,160168,94116c712d8b20c2aa084541c011f7c6e4dc855bfbbcb8c02d9cb6b6cddd478d
Ada-MGAD-e2e-v2-rcatestreview,e4b80ef2067d5e74c5c2b8343faaead4894da3f2,experiments/p6/frozen_rca_test_review/frozen-candidates-v1-20261002/evaluation/tcn17_aux__backdate_failure.csv,2062733,b2ec1bc32736439a7a452839a3674be1a77c2b6d76479f9541453f1513991a1c
Ada-MGAD-e2e-v2-rcatestreview,e4b80ef2067d5e74c5c2b8343faaead4894da3f2,experiments/p6/frozen_rca_test_review/frozen-candidates-v1-20261002/evaluation/tcn17_aux__original_failure.csv,2066919,5860121714ff172252d4ee27a9d49a57e41443dfd641989cd143b189575261e6
Ada-MGAD-e2e-v2-rcatestreview,e4b80ef2067d5e74c5c2b8343faaead4894da3f2,experiments/p6/frozen_rca_test_review/frozen-candidates-v1-20261002/evaluation/tcn17_bin__backdate_failure.csv,2115017,2420dd8548ebf3c9c5cff15d3612e807cc0059c0022fe45f00e20b047459d76f
Ada-MGAD-e2e-v2-rcatestreview,e4b80ef2067d5e74c5c2b8343faaead4894da3f2,experiments/p6/frozen_rca_test_review/frozen-candidates-v1-20261002/evaluation/tcn17_bin__original_failure.csv,2119358,a8e043443bb36b0e79ff117ff29a7395d78d4edd5aab0a0866b7f479227bfd9f
Ada-MGAD-e2e-v2-rcatestreview,e4b80ef2067d5e74c5c2b8343faaead4894da3f2,experiments/p6/frozen_rca_test_review/frozen-candidates-v1-20261002/evaluation/tcn17_merged__backdate_failure.csv,1912847,f5af2a047cfe107231f5efbf4573c3c11f271e9e138aa7c4e2fabb70fd9c52d1
Ada-MGAD-e2e-v2-rcatestreview,e4b80ef2067d5e74c5c2b8343faaead4894da3f2,experiments/p6/frozen_rca_test_review/frozen-candidates-v1-20261002/evaluation/tcn17_merged__original_failure.csv,1915988,1288352cb413a8cd359cf2fb1fd050542cb5d6aa7a2f27637fe4e8d2347fd714
Ada-MGAD-e2e-v2-rcatestreview,e4b80ef2067d5e74c5c2b8343faaead4894da3f2,experiments/p6/frozen_rca_test_review/frozen-candidates-v1-20261002/evaluation/tcn2026_aux__backdate_failure.csv,2115494,3cfa4e7fb8399b93d0d92df2001fdd542f1be273fd9e9b6c972f324624c751ee
Ada-MGAD-e2e-v2-rcatestreview,e4b80ef2067d5e74c5c2b8343faaead4894da3f2,experiments/p6/frozen_rca_test_review/frozen-candidates-v1-20261002/evaluation/tcn2026_aux__original_failure.csv,2120036,705e2eb05727745c205b5cbbb34350ff68ace3923f53883555d6722ff80f8220
Ada-MGAD-e2e-v2-rcatestreview,e4b80ef2067d5e74c5c2b8343faaead4894da3f2,experiments/p6/frozen_rca_test_review/frozen-candidates-v1-20261002/evaluation/tcn2026_bin__backdate_failure.csv,2028341,41361557ed9c4f2dcefbc333c30964e164b121c416b383c90aa5ccab428ee5ae
Ada-MGAD-e2e-v2-rcatestreview,e4b80ef2067d5e74c5c2b8343faaead4894da3f2,experiments/p6/frozen_rca_test_review/frozen-candidates-v1-20261002/evaluation/tcn2026_bin__original_failure.csv,2032653,72b1d108e031ae537632fa27932607fdfae0bb69d37289e6ea40d10ac3f089fc
Ada-MGAD-e2e-v2-rcatestreview,e4b80ef2067d5e74c5c2b8343faaead4894da3f2,experiments/p6/frozen_rca_test_review/frozen-candidates-v1-20261002/evaluation/tcn2026_merged__backdate_failure.csv,1876005,67aca56c7ee5b9c27270ec74259433a6c52660f9c882dcf28ab90d9f888d281f
Ada-MGAD-e2e-v2-rcatestreview,e4b80ef2067d5e74c5c2b8343faaead4894da3f2,experiments/p6/frozen_rca_test_review/frozen-candidates-v1-20261002/evaluation/tcn2026_merged__original_failure.csv,1879352,d5173d35ced66ca456e1a24c03ddaa2934f54077d1b54d68ead8021c02799efa
Ada-MGAD-e2e-v2-rcatestreview,e4b80ef2067d5e74c5c2b8343faaead4894da3f2,experiments/p6/frozen_rca_test_review/frozen-candidates-v1-20261002/evaluation/tcn42_aux__backdate_failure.csv,2074663,24a84ee7d88b5ee4e38e9ce62ab32903bc283858418ab74e48e744f7b7caf407
Ada-MGAD-e2e-v2-rcatestreview,e4b80ef2067d5e74c5c2b8343faaead4894da3f2,experiments/p6/frozen_rca_test_review/frozen-candidates-v1-20261002/evaluation/tcn42_aux__original_failure.csv,2078924,0963cd009392e4cbe921bad46796e32aa0766597165a1c612092852007ca840d
Ada-MGAD-e2e-v2-rcatestreview,e4b80ef2067d5e74c5c2b8343faaead4894da3f2,experiments/p6/frozen_rca_test_review/frozen-candidates-v1-20261002/evaluation/tcn42_bin__backdate_failure.csv,2067032,7e701be2bfbaa54c2e7da7f43c254c5989a8906302f10eca6856b6a0ebad752c
Ada-MGAD-e2e-v2-rcatestreview,e4b80ef2067d5e74c5c2b8343faaead4894da3f2,experiments/p6/frozen_rca_test_review/frozen-candidates-v1-20261002/evaluation/tcn42_bin__original_failure.csv,2071248,c9abdf92d4af0e1255ab33467209ec9a47c98d1f60c920a1870b6a2a05fdaaf7
Ada-MGAD-e2e-v2-rcatestreview,e4b80ef2067d5e74c5c2b8343faaead4894da3f2,experiments/p6/frozen_rca_test_review/frozen-candidates-v1-20261002/evaluation/tcn42_merged__backdate_failure.csv,1896818,0f7e92d1c6931d221c684959f71e25f8f20a117aa945ea065b80c1a5484b8011
Ada-MGAD-e2e-v2-rcatestreview,e4b80ef2067d5e74c5c2b8343faaead4894da3f2,experiments/p6/frozen_rca_test_review/frozen-candidates-v1-20261002/evaluation/tcn42_merged__original_failure.csv,1899939,3ebaf89ca18d760e928a4dab26f23aa1b333e3b440ec7ae1cf2cd51ccc59641e
Ada-MGAD-e2e-v2-rcatestreview,e4b80ef2067d5e74c5c2b8343faaead4894da3f2,experiments/p6/frozen_rca_test_review/frozen-candidates-v1-20261002/evaluation/weighted_merged__backdate_failure.csv,1903544,8e41d34cd367945e1d2daab286a75f7417b38c48f7627537933b205342b70d53
Ada-MGAD-e2e-v2-rcatestreview,e4b80ef2067d5e74c5c2b8343faaead4894da3f2,experiments/p6/frozen_rca_test_review/frozen-candidates-v1-20261002/evaluation/weighted_merged__original_failure.csv,1906665,0dfe6aa37fd51103b8a0a9e673085ecae6c15e0e7603c63feda77ec40b4c865b
Ada-MGAD-e2e-v2-rcatestreview,e4b80ef2067d5e74c5c2b8343faaead4894da3f2,experiments/p6/frozen_rca_test_review/frozen-candidates-v1-20261002/features/anchors.npy,92280,27a6c49e71283dfb6233f20665e3cde366b07c4e7f4f190067d7581cfeeaa812
Ada-MGAD-e2e-v2-rcatestreview,e4b80ef2067d5e74c5c2b8343faaead4894da3f2,experiments/p6/frozen_rca_test_review/frozen-candidates-v1-20261002/features/completion_manifest.json,425,d258f1d12ad67cc1b1357a2c599826f85e7c73eff2af7c2afe2df6ca9f1572ab
Ada-MGAD-e2e-v2-rcatestreview,e4b80ef2067d5e74c5c2b8343faaead4894da3f2,experiments/p6/frozen_rca_test_review/frozen-candidates-v1-20261002/features/extraction_plan.json,261,87cd37f7d45fc595c9ccfa423f1ab051151486c314b6e2d17ef968100084dcb3
Ada-MGAD-e2e-v2-rcatestreview,e4b80ef2067d5e74c5c2b8343faaead4894da3f2,experiments/p6/frozen_rca_test_review/frozen-candidates-v1-20261002/features/ready.npy,11647,809a6eee553e089b846bcadf78a2b7efc32adb8d0733f7fcecfec30e47a9da80
Ada-MGAD-e2e-v2-rcatestreview,e4b80ef2067d5e74c5c2b8343faaead4894da3f2,experiments/p6/frozen_rca_test_review/frozen-candidates-v1-20261002/features/values.npy,31331808,6022c91dd17c532c668858f6eb9dcd3765bfa73e0c41dc1a576d40284dce2535
Ada-MGAD-e2e-v2-rcatestreview,e4b80ef2067d5e74c5c2b8343faaead4894da3f2,experiments/p6/frozen_rca_test_review/frozen-candidates-v1-20261002/predictions/causal_merged__backdate.csv,901464,4e205ff57ab656448645a713fbcf12e9a3cf9aaf90f0c820814c68addccffb1a
Ada-MGAD-e2e-v2-rcatestreview,e4b80ef2067d5e74c5c2b8343faaead4894da3f2,experiments/p6/frozen_rca_test_review/frozen-candidates-v1-20261002/predictions/causal_merged__original.csv,901464,7be815a24d7208ce63d6b75103aa25039dbfada0fbee6196b68b7032dd79d306
Ada-MGAD-e2e-v2-rcatestreview,e4b80ef2067d5e74c5c2b8343faaead4894da3f2,experiments/p6/frozen_rca_test_review/frozen-candidates-v1-20261002/predictions/control_merged__backdate.csv,910536,cf42f0b009237a009c4d8e3e5a2ee38b3f44530f7a403105e4c95e68041af880
Ada-MGAD-e2e-v2-rcatestreview,e4b80ef2067d5e74c5c2b8343faaead4894da3f2,experiments/p6/frozen_rca_test_review/frozen-candidates-v1-20261002/predictions/control_merged__original.csv,910536,fc6269804b79fc7afa6245424f64b379465d8bbfb40a776075d51298e633a67a
Ada-MGAD-e2e-v2-rcatestreview,e4b80ef2067d5e74c5c2b8343faaead4894da3f2,experiments/p6/frozen_rca_test_review/frozen-candidates-v1-20261002/predictions/flat_merged__backdate.csv,896332,32aac70bd518b8793bea9f5aec41ce48fb84425033b32ea5cabf06a08f9e7cd3
Ada-MGAD-e2e-v2-rcatestreview,e4b80ef2067d5e74c5c2b8343faaead4894da3f2,experiments/p6/frozen_rca_test_review/frozen-candidates-v1-20261002/predictions/flat_merged__original.csv,896496,15867ef9525d2c33ebaf9be7d55d3188fc1ee49f42d942356a56bb5ecc8c1e8d
Ada-MGAD-e2e-v2-rcatestreview,e4b80ef2067d5e74c5c2b8343faaead4894da3f2,experiments/p6/frozen_rca_test_review/frozen-candidates-v1-20261002/predictions/global_prediction_lock.json,9966,4bb32d1a229263e1b9e07297ddf15035b189dff851625e8de5afc54c6e0a2608
Ada-MGAD-e2e-v2-rcatestreview,e4b80ef2067d5e74c5c2b8343faaead4894da3f2,experiments/p6/frozen_rca_test_review/frozen-candidates-v1-20261002/predictions/legacy_merged__backdate.csv,910104,3f78043f0d88f766f2d59bb8301b87906debb48c6edb933f0499764def422fb0
Ada-MGAD-e2e-v2-rcatestreview,e4b80ef2067d5e74c5c2b8343faaead4894da3f2,experiments/p6/frozen_rca_test_review/frozen-candidates-v1-20261002/predictions/legacy_merged__original.csv,910104,541dfac1ddd883d73edeade3c0da404598211bbd8de0d9266c30252f5aa5e1a1
Ada-MGAD-e2e-v2-rcatestreview,e4b80ef2067d5e74c5c2b8343faaead4894da3f2,experiments/p6/frozen_rca_test_review/frozen-candidates-v1-20261002/predictions/legacy_rise__backdate.csv,962808,c7742a762fe17f6f1e9e4b7df5f491b6db7a5aa48f5f74227408e340dc9d5fba
Ada-MGAD-e2e-v2-rcatestreview,e4b80ef2067d5e74c5c2b8343faaead4894da3f2,experiments/p6/frozen_rca_test_review/frozen-candidates-v1-20261002/predictions/legacy_rise__original.csv,962808,078d718bd0b128366cd00d7813dba1d5efc0ef5fdc1ecf2e43650a4ab4e690b5
Ada-MGAD-e2e-v2-rcatestreview,e4b80ef2067d5e74c5c2b8343faaead4894da3f2,experiments/p6/frozen_rca_test_review/frozen-candidates-v1-20261002/predictions/metric_merged__backdate.csv,918312,b9555cb5f77b6fc375a5a2824dfd2a1d1ee90c81e23d86f060f43b3b792a0743
Ada-MGAD-e2e-v2-rcatestreview,e4b80ef2067d5e74c5c2b8343faaead4894da3f2,experiments/p6/frozen_rca_test_review/frozen-candidates-v1-20261002/predictions/metric_merged__original.csv,918312,9b492297c4e91626842729e04883f88c89c044524bbccc54426539dbb96a4fb9
Ada-MGAD-e2e-v2-rcatestreview,e4b80ef2067d5e74c5c2b8343faaead4894da3f2,experiments/p6/frozen_rca_test_review/frozen-candidates-v1-20261002/predictions/native__no_all_magnitude.csv,910104,9ea8fdf666c0502e1bd8163c477c6fd1bc2865252cea54faa84f5337ea24f2cf
Ada-MGAD-e2e-v2-rcatestreview,e4b80ef2067d5e74c5c2b8343faaead4894da3f2,experiments/p6/frozen_rca_test_review/frozen-candidates-v1-20261002/predictions/native__no_metric.csv,910104,7eb2cde050fcd566dcaab56112bd1d3baf5349cf5da3d18ba544cffb3630a4a4
Ada-MGAD-e2e-v2-rcatestreview,e4b80ef2067d5e74c5c2b8343faaead4894da3f2,experiments/p6/frozen_rca_test_review/frozen-candidates-v1-20261002/predictions/native__original.csv,910104,541dfac1ddd883d73edeade3c0da404598211bbd8de0d9266c30252f5aa5e1a1
Ada-MGAD-e2e-v2-rcatestreview,e4b80ef2067d5e74c5c2b8343faaead4894da3f2,experiments/p6/frozen_rca_test_review/frozen-candidates-v1-20261002/predictions/onset_aux__backdate.csv,1033815,9be636d70d218ac2da788120e8552840e047fb56060932d281270e9c787d264d
Ada-MGAD-e2e-v2-rcatestreview,e4b80ef2067d5e74c5c2b8343faaead4894da3f2,experiments/p6/frozen_rca_test_review/frozen-candidates-v1-20261002/predictions/onset_aux__original.csv,1033815,1953c56c5c16b3a7b81c0fab709753cc6988572b8ff150b806d2cf71c8fa4b28
Ada-MGAD-e2e-v2-rcatestreview,e4b80ef2067d5e74c5c2b8343faaead4894da3f2,experiments/p6/frozen_rca_test_review/frozen-candidates-v1-20261002/predictions/onset_bin__backdate.csv,981785,8ba17eb7adefd904cf71c9d180f8bf54a61c9c66313e3b5b3b43d15e470bf8c2
Ada-MGAD-e2e-v2-rcatestreview,e4b80ef2067d5e74c5c2b8343faaead4894da3f2,experiments/p6/frozen_rca_test_review/frozen-candidates-v1-20261002/predictions/onset_bin__original.csv,981785,06848806da46d38cc0d2450f78ce7d81df64526937a2340921004c9ccd89598a
Ada-MGAD-e2e-v2-rcatestreview,e4b80ef2067d5e74c5c2b8343faaead4894da3f2,experiments/p6/frozen_rca_test_review/frozen-candidates-v1-20261002/predictions/onset_merged__backdate.csv,886776,85f57169581fedfb6f661d7a245e78d45d032e82e920c87d822e68fcc6a0b9aa
Ada-MGAD-e2e-v2-rcatestreview,e4b80ef2067d5e74c5c2b8343faaead4894da3f2,experiments/p6/frozen_rca_test_review/frozen-candidates-v1-20261002/predictions/onset_merged__original.csv,886776,03024c948ceafb8b319812e1e3eeb06a22596499e5beac7442569df5c59d81de
Ada-MGAD-e2e-v2-rcatestreview,e4b80ef2067d5e74c5c2b8343faaead4894da3f2,experiments/p6/frozen_rca_test_review/frozen-candidates-v1-20261002/predictions/tcn17_aux__backdate.csv,1094066,b27ca81c786c6e371a61eb2c3ffcde3f0eb587b1529ba06cb4adad84a7bbb12a
Ada-MGAD-e2e-v2-rcatestreview,e4b80ef2067d5e74c5c2b8343faaead4894da3f2,experiments/p6/frozen_rca_test_review/frozen-candidates-v1-20261002/predictions/tcn17_aux__original.csv,1094066,8fe0d0b1c9dd2fe4cc51fbb9fbd859c0fa6d4805de609e6e1eefea4b638c08f0
Ada-MGAD-e2e-v2-rcatestreview,e4b80ef2067d5e74c5c2b8343faaead4894da3f2,experiments/p6/frozen_rca_test_review/frozen-candidates-v1-20261002/predictions/tcn17_bin__backdate.csv,1134107,a5e5e48f086ac4f21d882a01e599f996893b9129b5b9d54c640ccd2c0696b214
Ada-MGAD-e2e-v2-rcatestreview,e4b80ef2067d5e74c5c2b8343faaead4894da3f2,experiments/p6/frozen_rca_test_review/frozen-candidates-v1-20261002/predictions/tcn17_bin__original.csv,1134107,3e88773595fe1755e5ef1de5c4dd1f6da4c8933d5e7f6e98f4f318377e53d495
Ada-MGAD-e2e-v2-rcatestreview,e4b80ef2067d5e74c5c2b8343faaead4894da3f2,experiments/p6/frozen_rca_test_review/frozen-candidates-v1-20261002/predictions/tcn17_merged__backdate.csv,916152,d4dffe3943d6414512c18036714c8e083717592e9367da770863721499ddb0bc
Ada-MGAD-e2e-v2-rcatestreview,e4b80ef2067d5e74c5c2b8343faaead4894da3f2,experiments/p6/frozen_rca_test_review/frozen-candidates-v1-20261002/predictions/tcn17_merged__original.csv,916152,bc2fca9d02613df948aedacc9a7dcb329aeb44e121b55b8dfcedc0d140102626
Ada-MGAD-e2e-v2-rcatestreview,e4b80ef2067d5e74c5c2b8343faaead4894da3f2,experiments/p6/frozen_rca_test_review/frozen-candidates-v1-20261002/predictions/tcn2026_aux__backdate.csv,1130831,0d46dfd21329833f6bf94365df54fe9d34a23a17f2a93b0eb69bd2edee0a4798
Ada-MGAD-e2e-v2-rcatestreview,e4b80ef2067d5e74c5c2b8343faaead4894da3f2,experiments/p6/frozen_rca_test_review/frozen-candidates-v1-20261002/predictions/tcn2026_aux__original.csv,1130831,003abbed4e6e832dbd67af5331f5d1ec5455b8c13f766a86936ebff6acea26a3
Ada-MGAD-e2e-v2-rcatestreview,e4b80ef2067d5e74c5c2b8343faaead4894da3f2,experiments/p6/frozen_rca_test_review/frozen-candidates-v1-20261002/predictions/tcn2026_bin__backdate.csv,1064560,fcf8c1047d8ef8a3442fee3dee114742fca345983842c6d0658c998fac3d762a
Ada-MGAD-e2e-v2-rcatestreview,e4b80ef2067d5e74c5c2b8343faaead4894da3f2,experiments/p6/frozen_rca_test_review/frozen-candidates-v1-20261002/predictions/tcn2026_bin__original.csv,1064560,a08e90e7439898a0bb4f53ed5c74673b813d5ed1b52fef5f556c58e26fa33c48
Ada-MGAD-e2e-v2-rcatestreview,e4b80ef2067d5e74c5c2b8343faaead4894da3f2,experiments/p6/frozen_rca_test_review/frozen-candidates-v1-20261002/predictions/tcn2026_merged__backdate.csv,888720,c27280d394820a8ff8a926944e1756bdcb1d23bc2f919b6b5a752e484a203125
Ada-MGAD-e2e-v2-rcatestreview,e4b80ef2067d5e74c5c2b8343faaead4894da3f2,experiments/p6/frozen_rca_test_review/frozen-candidates-v1-20261002/predictions/tcn2026_merged__original.csv,888720,1317ee63f5cb967fe9a0ea6aba4931e3c7226a78e7a1390daeb638848b2a4c98
Ada-MGAD-e2e-v2-rcatestreview,e4b80ef2067d5e74c5c2b8343faaead4894da3f2,experiments/p6/frozen_rca_test_review/frozen-candidates-v1-20261002/predictions/tcn42_aux__backdate.csv,1104386,6dc518a2e467dc48eea9dc1447cd2e7c5bb9365a460980b212e4e24acd95703b
Ada-MGAD-e2e-v2-rcatestreview,e4b80ef2067d5e74c5c2b8343faaead4894da3f2,experiments/p6/frozen_rca_test_review/frozen-candidates-v1-20261002/predictions/tcn42_aux__original.csv,1104386,3d03a68a91d2accaced38355a87a40f1c45d281607492282fdab6223017f12f3
Ada-MGAD-e2e-v2-rcatestreview,e4b80ef2067d5e74c5c2b8343faaead4894da3f2,experiments/p6/frozen_rca_test_review/frozen-candidates-v1-20261002/predictions/tcn42_bin__backdate.csv,1098366,3f36fc9408bef16c9fd4dd4e0bd03be6c1dfb6f0c74fe62edcf0505ca135a363
Ada-MGAD-e2e-v2-rcatestreview,e4b80ef2067d5e74c5c2b8343faaead4894da3f2,experiments/p6/frozen_rca_test_review/frozen-candidates-v1-20261002/predictions/tcn42_bin__original.csv,1098366,27b30f894ce4e2a9d604c1b582f2a614495416e8d9b814708c814c803912372a
Ada-MGAD-e2e-v2-rcatestreview,e4b80ef2067d5e74c5c2b8343faaead4894da3f2,experiments/p6/frozen_rca_test_review/frozen-candidates-v1-20261002/predictions/tcn42_merged__backdate.csv,904488,d75a9cb4c067b43567a09d05fc08936d49358fe80da6a048b5afd0080ce6d1e1
Ada-MGAD-e2e-v2-rcatestreview,e4b80ef2067d5e74c5c2b8343faaead4894da3f2,experiments/p6/frozen_rca_test_review/frozen-candidates-v1-20261002/predictions/tcn42_merged__original.csv,904488,17dad99526f76f4b62c5b580857cba8abb63c58371eadee50a3f2cc7d856a69f
Ada-MGAD-e2e-v2-rcatestreview,e4b80ef2067d5e74c5c2b8343faaead4894da3f2,experiments/p6/frozen_rca_test_review/frozen-candidates-v1-20261002/predictions/weighted_merged__backdate.csv,909672,24ef2398f642e821b59e7936303f1dabce7d9d1c9bbde989007f3a860e611bdb
Ada-MGAD-e2e-v2-rcatestreview,e4b80ef2067d5e74c5c2b8343faaead4894da3f2,experiments/p6/frozen_rca_test_review/frozen-candidates-v1-20261002/predictions/weighted_merged__original.csv,909672,8b390a3a17d70c89bf8d490e2df7d5992d588f3159f0f85689021a50eaff80cc
Ada-MGAD-e2e-v2-rcatestreview,e4b80ef2067d5e74c5c2b8343faaead4894da3f2,experiments/p6/frozen_rca_test_review/frozen-candidates-v1-20261002/scope_lock.json,34943,73314227e8e699893c0c8bda9505ae77fcf16c0259b69a19fc2795487e1734a8
Ada-MGAD-e2e-v2-rcatestreview,e4b80ef2067d5e74c5c2b8343faaead4894da3f2,experiments/p6/frozen_rca_test_review/frozen-candidates-v1-20261002/train/completion_manifest.json,482,0dd1ec839d50d263eaa591c9c351fbfb52819e0ad2299bbc761aeee8cd6db4f7
Ada-MGAD-e2e-v2-rcatestreview,e4b80ef2067d5e74c5c2b8343faaead4894da3f2,experiments/p6/frozen_rca_test_review/frozen-candidates-v1-20261002/train/no_all_magnitude.json,852,837af7db737a13a0e35b081034fb220c496bc2f4fa99c220f73a2474c6d0d8a5
Ada-MGAD-e2e-v2-rcatestreview,e4b80ef2067d5e74c5c2b8343faaead4894da3f2,experiments/p6/frozen_rca_test_review/frozen-candidates-v1-20261002/train/no_all_magnitude.ubj,233731,115feb086827d17f6b0921634d96c877ef20587c14d6b804d3856eee87b027ed
Ada-MGAD-e2e-v2-rcatestreview,e4b80ef2067d5e74c5c2b8343faaead4894da3f2,experiments/p6/frozen_rca_test_review/frozen-candidates-v1-20261002/train/no_metric.json,819,85b75feb24769605000bf05fce81de8cb687a9802c17c4ebace6040a0a8aefcd
Ada-MGAD-e2e-v2-rcatestreview,e4b80ef2067d5e74c5c2b8343faaead4894da3f2,experiments/p6/frozen_rca_test_review/frozen-candidates-v1-20261002/train/no_metric.ubj,234411,0f2a8ed34ec39134cedbeccaa27619b89278d4914234e0097e84ec266fb9069a
Ada-MGAD-e2e-v2-rcatestreview,e4b80ef2067d5e74c5c2b8343faaead4894da3f2,experiments/p6/frozen_rca_test_review_driver/driver-20261002.log,2235,c8894e95b2dd92e0e253a963be123380937ec7f95fcc8da9ec288c46bc48d1cc
Ada-MGAD-e2e-v2-rcatestreview,e4b80ef2067d5e74c5c2b8343faaead4894da3f2,experiments/p6/score_decomposition/classification/diagnosis_metrics.json,2093,60fe8440d8c42b2d3a842f7a7c7e4ae861c226ca622ae7eb1923b979c9d44a8e
Ada-MGAD-e2e-v2-rcatestreview,e4b80ef2067d5e74c5c2b8343faaead4894da3f2,experiments/p6/score_decomposition/classification/event_metrics.json,5147,f40cd2d1f1940bf80eeb298a9350fec848e7b4e64b8730999fb0ed37decd3827
Ada-MGAD-e2e-v2-rcatestreview,e4b80ef2067d5e74c5c2b8343faaead4894da3f2,experiments/p6/score_decomposition/classification/localization_metrics.json,28925,ceab500c6dee1d5d0fe39a18534c887edfc8355b6491b3535e12a44a423cd4f8
Ada-MGAD-e2e-v2-rcatestreview,e4b80ef2067d5e74c5c2b8343faaead4894da3f2,experiments/p6/score_decomposition/classification/rca_metrics.json,5581,d8416b903e9babb73045ae016fa7ef8fc20adf7e9c100a25c25d54b767eba99f
Ada-MGAD-e2e-v2-rcatestreview,e4b80ef2067d5e74c5c2b8343faaead4894da3f2,experiments/p6/score_decomposition/classification/threshold.json,1217,db3862ddb8e2b5d78cee4a4693cc7a5bc56919af20ef592134dbdd571bc6c56d
Ada-MGAD-e2e-v2-rcatestreview,e4b80ef2067d5e74c5c2b8343faaead4894da3f2,experiments/p6/score_decomposition/common_cases.csv,783153,0bb6bf3e435baf179c4cb1e1deda4bdc42c749d513865a3fcc50d4abf1bdb396
Ada-MGAD-e2e-v2-rcatestreview,e4b80ef2067d5e74c5c2b8343faaead4894da3f2,experiments/p6/score_decomposition/comparison.json,92985,ce6965fe10c1773e4c0021f8eb5cb1121e8c96a655067520d20d6dec3efb5190
Ada-MGAD-e2e-v2-rcatestreview,e4b80ef2067d5e74c5c2b8343faaead4894da3f2,experiments/p6/score_decomposition/fused/diagnosis_metrics.json,2085,77d6d3adbb2e76b49b41d16eafb56d4d020faae6d04e25be52ab2a0d209d101c
Ada-MGAD-e2e-v2-rcatestreview,e4b80ef2067d5e74c5c2b8343faaead4894da3f2,experiments/p6/score_decomposition/fused/event_metrics.json,5105,930173c6cec6c10880f6b375fbf363c1dc62988b836ba86c8c6c1ea4604e0bb6
Ada-MGAD-e2e-v2-rcatestreview,e4b80ef2067d5e74c5c2b8343faaead4894da3f2,experiments/p6/score_decomposition/fused/localization_metrics.json,29146,9b230dbaee9901ce3b9d9b8308a1e69e40b782e557611e8bee24239bdbb1c095
Ada-MGAD-e2e-v2-rcatestreview,e4b80ef2067d5e74c5c2b8343faaead4894da3f2,experiments/p6/score_decomposition/fused/rca_metrics.json,5617,d6489f7ed8c2c7563f990e58fdaa17e07feeccd7514f809a3a25c235b8abfb73
Ada-MGAD-e2e-v2-rcatestreview,e4b80ef2067d5e74c5c2b8343faaead4894da3f2,experiments/p6/score_decomposition/fused/threshold.json,1212,8b3b74d8d838c3303c9b2e6c32c25fe5549df0e78a93790caa59ac383ee5d741
Ada-MGAD-e2e-v2-rcatestreview,e4b80ef2067d5e74c5c2b8343faaead4894da3f2,experiments/p6/score_decomposition/label_identity_audit.json,1024,6652840bdf55c317b10d2ae4bf5223d6cde67a541688f5a13261b81d7b710010
Ada-MGAD-e2e-v2-rcatestreview,e4b80ef2067d5e74c5c2b8343faaead4894da3f2,experiments/p6/score_decomposition/manifest.json,7530,65ef6b0a85b907dbc378bafaf712732144a35e5280ae1ab44babb8125f1067ba
Ada-MGAD-e2e-v2-rcatestreview,e4b80ef2067d5e74c5c2b8343faaead4894da3f2,experiments/p6/score_decomposition/prediction_artifacts.json,1626,f552fde50da06bebf0b8aecd020e5e3825a52b279aef900154a419d04be38afc
Ada-MGAD-e2e-v2-rcatestreview,e4b80ef2067d5e74c5c2b8343faaead4894da3f2,experiments/p6/score_decomposition/rca/rca_feature_health.json,1806,015b06395de0fe6b2d6ae799629230ce37068ab119564842e319b9a333035493
Ada-MGAD-e2e-v2-rcatestreview,e4b80ef2067d5e74c5c2b8343faaead4894da3f2,experiments/p6/score_decomposition/rca/rca_feature_manifest.json,2831,7cb9ee84f4e2ce06db7a695027957b25ed69bbd9ccd3865bd2f17f0524c6669e
Ada-MGAD-e2e-v2-rcatestreview,e4b80ef2067d5e74c5c2b8343faaead4894da3f2,experiments/p6/score_decomposition/reconstruction/diagnosis_metrics.json,2069,1f5f35c7ef97acbf3b740dadc011627b5767f60e7933f7df2bbf53ff1888b4c9
Ada-MGAD-e2e-v2-rcatestreview,e4b80ef2067d5e74c5c2b8343faaead4894da3f2,experiments/p6/score_decomposition/reconstruction/event_metrics.json,5142,b54a64b01f5e3f9555d094b85787c1bfe94580121162f2a330781550375c61e4
Ada-MGAD-e2e-v2-rcatestreview,e4b80ef2067d5e74c5c2b8343faaead4894da3f2,experiments/p6/score_decomposition/reconstruction/localization_metrics.json,28269,d35901afceaeac0715266af6d0110c10e444bea83774f7228be90f7a35462b82
Ada-MGAD-e2e-v2-rcatestreview,e4b80ef2067d5e74c5c2b8343faaead4894da3f2,experiments/p6/score_decomposition/reconstruction/rca_metrics.json,5395,6f573174833b1afac5eba0d2eb9b10da85d498e0736d975e1324588575799b7f
Ada-MGAD-e2e-v2-rcatestreview,e4b80ef2067d5e74c5c2b8343faaead4894da3f2,experiments/p6/score_decomposition/reconstruction/threshold.json,1219,001fd77e80047ef147b1b4969420c9063280ea04a25df7a59c36328bcb367140
Ada-MGAD-e2e-v2-rcatestreview,e4b80ef2067d5e74c5c2b8343faaead4894da3f2,experiments/p6/score_decomposition/score_range.json,946,065dbfa7e5b3a6e53e2bc3493fd80448d9613d0b7043d15a314aa1e3f30a20b5
Ada-MGAD-e2e-v2-rcatestreview,e4b80ef2067d5e74c5c2b8343faaead4894da3f2,experiments/p6/score_decomposition/score_replay.json,4465,b292ac3e2b5640703cbda942a161ec5ac048fa0c0263ca15b72089b96385ac3d
Ada-MGAD-e2e-v2-rcatestreview,e4b80ef2067d5e74c5c2b8343faaead4894da3f2,experiments/p6/system_event_trigger/manifest.json,28509,cb222bb5c21d20d8a7546e8b1ee1b4882daaac5d4a397d0e07655fe646cf9794
Ada-MGAD-e2e-v2-rcatestreview,e4b80ef2067d5e74c5c2b8343faaead4894da3f2,experiments/p6/system_event_trigger/split_audit.json,12293,e5c60574f4c36ba5c7ebddbc869ede70f6f9aa83cf35c46fd611dbfba310463e
Ada-MGAD-e2e-v2-rcatestreview,e4b80ef2067d5e74c5c2b8343faaead4894da3f2,experiments/p6/system_event_trigger/split_manifest.json,8121,1cad441a2d207379ffd8838bc2d655e9c68f3e03b6f4f7e666413a0b33aca193
Ada-MGAD-e2e-v2-rcatestreview,e4b80ef2067d5e74c5c2b8343faaead4894da3f2,experiments/p6/system_event_trigger/test_metrics.json,14261,2968632cc4da1b807d976d8bb1c449f9d755cb1c15d2ee43bcd440b74946ce5b
Ada-MGAD-e2e-v2-rcatestreview,e4b80ef2067d5e74c5c2b8343faaead4894da3f2,experiments/p6/system_event_trigger/training_log.json,18166,fcd54effee28206a6cdc964458bedb98c17a26906b58497140e42b567150b48a
Ada-MGAD-e2e-v2-rcatestreview,e4b80ef2067d5e74c5c2b8343faaead4894da3f2,experiments/p6/system_event_trigger/validation_selection.json,21174,b5167c8d5df9cd9eebd7812cb76733799aa3f7829f3fe1a2c5cdb0ec51715a24
Ada-MGAD-e2e-v2-testreport,5991f55852073be7743776d48cd889c17fb53551,experiments/p6/c0_causal_comparison/nn-vs-xgb-v1/comparison.json,59375,194a78013eaf73f575d5ba543954e463d426ab12bed5d9416be22b2de14c0497
Ada-MGAD-e2e-v2-testreport,5991f55852073be7743776d48cd889c17fb53551,experiments/p6/c0_causal_comparison/nn-vs-xgb-v1/reference_records/checkpoint_impact/checkpoint_audit.json,2442,1ec753291ba1387a8faaeefa27be1d3082661d5b4e5afd46093170cb34f65192
Ada-MGAD-e2e-v2-testreport,5991f55852073be7743776d48cd889c17fb53551,experiments/p6/c0_causal_comparison/nn-vs-xgb-v1/reference_records/checkpoint_impact/completion_manifest.json,1381,b64a4afa2cfba8899a96445a5cbf8715caccdeab08f812746cddfeb0dc35e031
Ada-MGAD-e2e-v2-testreport,5991f55852073be7743776d48cd889c17fb53551,experiments/p6/c0_causal_comparison/nn-vs-xgb-v1/reference_records/checkpoint_impact/development_input_lock.json,4693,4cba75bf00e68482994c91109659f1b62143b26451ee5147acb6a520c795175b
Ada-MGAD-e2e-v2-testreport,5991f55852073be7743776d48cd889c17fb53551,experiments/p6/c0_causal_comparison/nn-vs-xgb-v1/reference_records/checkpoint_impact/real_window_causality_gate.json,673,5cfcd0a8bed2684db3ab472a3c706e278b531a0514ba4da61bb0a6f8dc9ad309
Ada-MGAD-e2e-v2-testreport,5991f55852073be7743776d48cd889c17fb53551,experiments/p6/c0_causal_comparison/nn-vs-xgb-v1/reference_records/nn/completion_manifest.json,1361,05ed46d33516b5b58fb5ed02f29dadfc965c5b1efb5083455578a3ac3279d43c
Ada-MGAD-e2e-v2-testreport,5991f55852073be7743776d48cd889c17fb53551,experiments/p6/c0_causal_comparison/nn-vs-xgb-v1/reference_records/nn/development_input_lock.json,4693,4cba75bf00e68482994c91109659f1b62143b26451ee5147acb6a520c795175b
Ada-MGAD-e2e-v2-testreport,5991f55852073be7743776d48cd889c17fb53551,experiments/p6/c0_causal_comparison/nn-vs-xgb-v1/reference_records/nn/real_window_causality_gate.json,653,3e7d3504ec2ef49fd6b359bced1312e177b04cf07d663cd9ce3fb675ef54e231
Ada-MGAD-e2e-v2-testreport,5991f55852073be7743776d48cd889c17fb53551,experiments/p6/c0_causal_comparison/nn-vs-xgb-v1/reference_records/nn/training_log.json,16022,df3dc210652c2a2eecc2bdf9162db6d5c4a2b13f748ac5b212137bc6e001b840
Ada-MGAD-e2e-v2-testreport,5991f55852073be7743776d48cd889c17fb53551,experiments/p6/c0_causal_comparison/nn-vs-xgb-v1/reference_records/nn/validation_selection.json,19192,196582641cbbba0234ab18e6f96d2ca1d2b297646ce884888b4bb809f768a133
Ada-MGAD-e2e-v2-testreport,5991f55852073be7743776d48cd889c17fb53551,experiments/p6/c0_causal_comparison/nn-vs-xgb-v1/reference_records/xgb_original_fit/development_input_lock.json,5091,1031cfb1ba9801b837744d055a4fbe967ceb4cc372f90dd0616876456c708629
Ada-MGAD-e2e-v2-testreport,5991f55852073be7743776d48cd889c17fb53551,experiments/p6/c0_causal_comparison/nn-vs-xgb-v1/reference_records/xgb_original_fit/failure_record.json,367,da36a5d1ce1c57fcdf8706ccaa714cb4ae7c936bfba1d9c02175728e801dac2d
Ada-MGAD-e2e-v2-testreport,5991f55852073be7743776d48cd889c17fb53551,experiments/p6/c0_causal_comparison/nn-vs-xgb-v1/reference_records/xgb_original_fit/feature_lock.json,669,692a85d45b08e4024da5622cf4a7b81cac2a475440a889ced0bdc086a231875f
Ada-MGAD-e2e-v2-testreport,5991f55852073be7743776d48cd889c17fb53551,experiments/p6/c0_causal_comparison/nn-vs-xgb-v1/reference_records/xgb_original_fit/fit_report.json,1617,2f658dfff15c1639efdceef7616a1468ffc54dfda0a0e26ef1f6be7bed8fd118
Ada-MGAD-e2e-v2-testreport,5991f55852073be7743776d48cd889c17fb53551,experiments/p6/c0_causal_comparison/nn-vs-xgb-v1/reference_records/xgb_original_fit/validation_prediction_lock.json,402,7ffd8934c8023941444523263c1489009da8c8f056440d777bca665e1d946717
Ada-MGAD-e2e-v2-testreport,5991f55852073be7743776d48cd889c17fb53551,experiments/p6/c0_causal_comparison/nn-vs-xgb-v1/research_manifest.json,4788,44c8b0130db6947a07a778a79ba09c8d5691bfd607ffad907b417ac28fe42b6a
Ada-MGAD-e2e-v2-testreport,5991f55852073be7743776d48cd889c17fb53551,experiments/p6/c0_flat_xgb/finalized-v1-seed42/completion_manifest.json,1327,a30d583f4945a94a8af79de5af34caea0daf7cfe3fd0688a92554192738bb180
Ada-MGAD-e2e-v2-testreport,5991f55852073be7743776d48cd889c17fb53551,experiments/p6/c0_flat_xgb/finalized-v1-seed42/finalization_input_lock.json,6678,83443fac0726f04910c4e1a889f463f4f23b2111154f9af0179708e69c4af4a0
Ada-MGAD-e2e-v2-testreport,5991f55852073be7743776d48cd889c17fb53551,experiments/p6/c0_flat_xgb/finalized-v1-seed42/fit_report.json,1617,2f658dfff15c1639efdceef7616a1468ffc54dfda0a0e26ef1f6be7bed8fd118
Ada-MGAD-e2e-v2-testreport,5991f55852073be7743776d48cd889c17fb53551,experiments/p6/c0_flat_xgb/finalized-v1-seed42/validation_prediction_lock.json,346,5c3bce054f7113128eb55410a19c23f2be4a51a23a37928e44d47344931321af
Ada-MGAD-e2e-v2-testreport,5991f55852073be7743776d48cd889c17fb53551,experiments/p6/c0_flat_xgb/finalized-v1-seed42/validation_selection.json,4132,98363249a2b7a755b3622947b03c13b5b12f80fa01de7a6268bcb18be357261d
Ada-MGAD-e2e-v2-testreport,5991f55852073be7743776d48cd889c17fb53551,experiments/p6/c0_long_weight/development_comparison_v1.json,25913,2666db85e9422a7063b23b377efcc6a5fc205706ed7e38fafb27267eb5519f77
Ada-MGAD-e2e-v2-testreport,5991f55852073be7743776d48cd889c17fb53551,experiments/p6/c0_long_weight/gpu-control-v1-seed42/development_manifest.json,3907,54c217f08b951c75fbb45650e8bb599f79bec2d36e582104ed9f9c0a82fa96dd
Ada-MGAD-e2e-v2-testreport,5991f55852073be7743776d48cd889c17fb53551,experiments/p6/c0_long_weight/gpu-control-v1-seed42/p6_c0.log,2590,8eedf228216f7e2ec31260ec44fa2906d98b1aa853e1f7d2248e5091fa7c28c1
Ada-MGAD-e2e-v2-testreport,5991f55852073be7743776d48cd889c17fb53551,experiments/p6/c0_long_weight/gpu-control-v1-seed42/split_audit.json,12327,8715dd6f2cc8b5e3dc4458a00c060450ab0acd2291989c37571941e35e3d516f
Ada-MGAD-e2e-v2-testreport,5991f55852073be7743776d48cd889c17fb53551,experiments/p6/c0_long_weight/gpu-control-v1-seed42/split_manifest.json,8130,d1e01a7d582135d860def8389e0c57f842964c5842cb8b389fdfbbf95582a6dd
Ada-MGAD-e2e-v2-testreport,5991f55852073be7743776d48cd889c17fb53551,experiments/p6/c0_long_weight/gpu-control-v1-seed42/training_log.json,10778,91c12d57d43d39dc6e70e8a42ace6f4fa695b53afcc55998c9e2b82547c9aa3f
Ada-MGAD-e2e-v2-testreport,5991f55852073be7743776d48cd889c17fb53551,experiments/p6/c0_long_weight/gpu-control-v1-seed42/validation_episodes.csv,214650,38871d4b941cc49ac665907fb97dd2e86f6369bb8841d03980869c3ad46e3379
Ada-MGAD-e2e-v2-testreport,5991f55852073be7743776d48cd889c17fb53551,experiments/p6/c0_long_weight/gpu-control-v1-seed42/validation_matching.csv,522796,8bf838043e19e4e250e19ce72fa67cbea712ea0873074a1523408e3f3957586b
Ada-MGAD-e2e-v2-testreport,5991f55852073be7743776d48cd889c17fb53551,experiments/p6/c0_long_weight/gpu-control-v1-seed42/validation_predictions.csv,2251307,dfbd8ff19fb3fe171a117ee062ae05a080ff47e69f8b845b173b00ea9ede27a7
Ada-MGAD-e2e-v2-testreport,5991f55852073be7743776d48cd889c17fb53551,experiments/p6/c0_long_weight/gpu-control-v1-seed42/validation_selection.json,13913,888d68732bfdb086a0536e6321b8420ad1d4fba11921eb63f2a9577be73b0928
Ada-MGAD-e2e-v2-testreport,5991f55852073be7743776d48cd889c17fb53551,experiments/p6/c0_long_weight/weighted-v1-seed42/development_manifest.json,3907,97a866e7b277a7f747e5080cd7f03ad46860ed4ad774c44e46a02d905963935e
Ada-MGAD-e2e-v2-testreport,5991f55852073be7743776d48cd889c17fb53551,experiments/p6/c0_long_weight/weighted-v1-seed42/p6_c0.log,2815,1e93a4a8cd06d75fa0bea51c7450b0ad6aea6eed0d4187373600216e03c7a8b8
Ada-MGAD-e2e-v2-testreport,5991f55852073be7743776d48cd889c17fb53551,experiments/p6/c0_long_weight/weighted-v1-seed42/split_audit.json,12328,b1365b9be5117c686528a047bb586ea559b05530153ab52dff925307494e6426
Ada-MGAD-e2e-v2-testreport,5991f55852073be7743776d48cd889c17fb53551,experiments/p6/c0_long_weight/weighted-v1-seed42/split_manifest.json,8130,e15e678cd2c4e186abf24a877b3c6a98c44cb946580f25b2137a129752b45020
Ada-MGAD-e2e-v2-testreport,5991f55852073be7743776d48cd889c17fb53551,experiments/p6/c0_long_weight/weighted-v1-seed42/training_log.json,12860,5a1bec9c01c5915c049f4098248968f00387afaedc223ada5519095f96479bd7
Ada-MGAD-e2e-v2-testreport,5991f55852073be7743776d48cd889c17fb53551,experiments/p6/c0_long_weight/weighted-v1-seed42/validation_episodes.csv,215345,c0aa0b05371f3b470def96b533c553dc0a295f811b738d3384acfc11b90c16b4
Ada-MGAD-e2e-v2-testreport,5991f55852073be7743776d48cd889c17fb53551,experiments/p6/c0_long_weight/weighted-v1-seed42/validation_matching.csv,523619,db378b68a2e4bb8e2a41ded337ae56567bcc6c303511b9f9946d047eb57cbdb8
Ada-MGAD-e2e-v2-testreport,5991f55852073be7743776d48cd889c17fb53551,experiments/p6/c0_long_weight/weighted-v1-seed42/validation_predictions.csv,2252354,19c6d75fdcb7c5c9dab3aace09d70ae3c73b7396e9419afb3a7fb93e2d4794e1
Ada-MGAD-e2e-v2-testreport,5991f55852073be7743776d48cd889c17fb53551,experiments/p6/c0_long_weight/weighted-v1-seed42/validation_selection.json,16606,a34856d67c7889833e6106bc4c40537aa344f051c43d0b6c71ec8e640e9cb9c2
Ada-MGAD-e2e-v2-testreport,5991f55852073be7743776d48cd889c17fb53551,experiments/p6/c0_raw_onset_observability/raw-onset-v1/fit_clean_events.csv,519986,b42d0a714339ffb1f8bf07294a5fa822c48893f58bfe0475d60ab86a7aa0404a
Ada-MGAD-e2e-v2-testreport,5991f55852073be7743776d48cd889c17fb53551,experiments/p6/c0_raw_onset_observability/raw-onset-v1/fit_pseudo_onsets.csv,70246,b36db52779b7a745a4e47c5cf4d686b1dea0a53be2a453debdbba61e1d45f531
Ada-MGAD-e2e-v2-testreport,5991f55852073be7743776d48cd889c17fb53551,experiments/p6/c0_raw_onset_observability/raw-onset-v1/results.json,20440,2d8b1882fdb9a9310f9b74f848adc54033654d3a27a7ef707f609d84957d1378
Ada-MGAD-e2e-v2-testreport,5991f55852073be7743776d48cd889c17fb53551,experiments/p6/c0_raw_onset_observability/raw-onset-v1/validation_clean_events.csv,171016,e9715164e6b527b0570aa2ed35a4281f0847910a8356e7bcad8b53e3796181a1
Ada-MGAD-e2e-v2-testreport,5991f55852073be7743776d48cd889c17fb53551,experiments/p6/c0_raw_onset_observability/raw-onset-v1/validation_pseudo_onsets.csv,47187,53eb1bdcf265069cca9079495d92aae7f88415475312bdaf6da8d8e0a39dff10
Ada-MGAD-e2e-v2-testreport,5991f55852073be7743776d48cd889c17fb53551,experiments/p6/c0f_failure_audit/c0f-correction-20260923T0755Z/analysis_validation.json,296,ad7a15071946ca8749cbfc26c134304b3771c8e610fe1b8b2bbb81c01767fdde
Ada-MGAD-e2e-v2-testreport,5991f55852073be7743776d48cd889c17fb53551,experiments/p6/c0f_failure_audit/c0f-correction-20260923T0755Z/audit_config.json,3064,6e66534cd7adb078d7342fd189a891d59e8dd1b9c893868cbf06f92c34c6c820
Ada-MGAD-e2e-v2-testreport,5991f55852073be7743776d48cd889c17fb53551,experiments/p6/c0f_failure_audit/c0f-correction-20260923T0755Z/capacity_summary.json,13508,aaa4fe3bc740aad3c1b97dac8a8c9224fcdc766b59e693f2b07a678139eccbda
Ada-MGAD-e2e-v2-testreport,5991f55852073be7743776d48cd889c17fb53551,experiments/p6/c0f_failure_audit/c0f-correction-20260923T0755Z/completion_manifest.json,76920,faabd0a5e6486a89c6e6e3cab1af8f146af6cdab9fe5e728c027f5d18f80745a
Ada-MGAD-e2e-v2-testreport,5991f55852073be7743776d48cd889c17fb53551,experiments/p6/c0f_failure_audit/c0f-correction-20260923T0755Z/confounding_tables.json,196447,676bf2913aefd265292b4d25c6c8fc11d9bec5813f5aebf9a3d7a6e49933487d
Ada-MGAD-e2e-v2-testreport,5991f55852073be7743776d48cd889c17fb53551,experiments/p6/c0f_failure_audit/c0f-correction-20260923T0755Z/correction_summary.json,1427,95cdd9d0c51a29a47d84b851a8dda40c3d56e877203793781c4701a6852db181
Ada-MGAD-e2e-v2-testreport,5991f55852073be7743776d48cd889c17fb53551,experiments/p6/c0f_failure_audit/c0f-correction-20260923T0755Z/decision.json,21910,3cdf539f1bfe2367c9e0e34430118a565645a293138e121970832cce7984c552
Ada-MGAD-e2e-v2-testreport,5991f55852073be7743776d48cd889c17fb53551,experiments/p6/c0f_failure_audit/c0f-correction-20260923T0755Z/evidence_ledger.json,7998,eaf1b0a9bb641e3dd59c540512f03a61a793b4ebb83c7115b19f86ac7318e1fe
Ada-MGAD-e2e-v2-testreport,5991f55852073be7743776d48cd889c17fb53551,experiments/p6/c0f_failure_audit/c0f-correction-20260923T0755Z/final_report.md,12767,cfac59ff1f3d4ac489a3c11b9670e43e3e8216999019e821d1711970fdfea656
Ada-MGAD-e2e-v2-testreport,5991f55852073be7743776d48cd889c17fb53551,experiments/p6/c0f_failure_audit/c0f-correction-20260923T0755Z/input_integrity_after.json,227,bc834dc3b45aa4814b8e27a6d7b15d88994488d574057dcf8e18c5647782c7e4
Ada-MGAD-e2e-v2-testreport,5991f55852073be7743776d48cd889c17fb53551,experiments/p6/c0f_failure_audit/c0f-correction-20260923T0755Z/input_manifest.json,1272,8a22a55fe1b951a78aa30fa6a185339f45235779a9b0c4a92852cc97f11fa972
Ada-MGAD-e2e-v2-testreport,5991f55852073be7743776d48cd889c17fb53551,experiments/p6/c0f_failure_audit/c0f-correction-20260923T0755Z/input_snapshot.json,254827,1fdc4e0e3b82c9849e7e965471ee4431621aa3b8b7d9ec86f7afbc0fa5b9b87f
Ada-MGAD-e2e-v2-testreport,5991f55852073be7743776d48cd889c17fb53551,experiments/p6/c0f_failure_audit/c0f-correction-20260923T0755Z/isolation_summary.json,46108,439b4311ae6cdeeb896971b52602928cd8f8f00581b1762b7dc199338eb8cdd9
Ada-MGAD-e2e-v2-testreport,5991f55852073be7743776d48cd889c17fb53551,experiments/p6/c0f_failure_audit/c0f-correction-20260923T0755Z/ledger_invariants.json,520,a497cd0e28dc4627d27a343038ecda70ff3e2cd2c7579674175c7b0c1ebe8ab3
Ada-MGAD-e2e-v2-testreport,5991f55852073be7743776d48cd889c17fb53551,experiments/p6/c0f_failure_audit/c0f-correction-20260923T0755Z/reuse_provenance.json,1297,5d40d373429d92073ad1f677ed930107abdcfec9973afa3fd940c00d79a6ad82
Ada-MGAD-e2e-v2-testreport,5991f55852073be7743776d48cd889c17fb53551,experiments/p6/c0f_failure_audit/c0f-correction-20260923T0755Z/run_state.json,70344,4f58cdf5cf3c06bcc2b8ea3b12a608c6c9287a8a996a4ae0007f2a3cede3fb78
Ada-MGAD-e2e-v2-testreport,5991f55852073be7743776d48cd889c17fb53551,experiments/p6/c0f_failure_audit/c0f-correction-20260923T0755Z/source_integrity.json,8617,ae61ded34933922feea8dad052f115aa50abf7c311593f0a49f47b5e73270e73
Ada-MGAD-e2e-v2-testreport,5991f55852073be7743776d48cd889c17fb53551,experiments/p6/c0f_failure_audit/c0f-correction-20260923T0755Z/source_snapshot.json,27487,808bb33502694359a809657c56db3bc4ecf1a67887e45ba4c7949e67009d17fe
Ada-MGAD-e2e-v2-testreport,5991f55852073be7743776d48cd889c17fb53551,experiments/p6/c0f_failure_audit/c0f-correction-20260923T0755Z/split_population_checks.json,968,e5cad5ac9211384da9c73c83304625bb4274585228b1b733edd92f4352dfd820
Ada-MGAD-e2e-v2-testreport,5991f55852073be7743776d48cd889c17fb53551,experiments/p6/c0f_failure_audit/c0f-correction-20260923T0755Z/stratified_summary.json,38692,c3d3148227ad27756001b6d6b7ba1fadb603e390741e29fad34fcb8292c4962e
Ada-MGAD-e2e-v2-testreport,5991f55852073be7743776d48cd889c17fb53551,experiments/p6/c0f_failure_audit/c0f-correction-20260923T0755Z/test_artifact_verification.json,1286,0385232d6ff22eb82747264c9bdf7a4d0f6b4112b40a5edc9675ec12ddd72282
Ada-MGAD-e2e-v2-testreport,5991f55852073be7743776d48cd889c17fb53551,experiments/p6/c0f_failure_audit/c0f-correction-20260923T0755Z/test_results.json,1478,001ef8cbe1e1997d6a608df763aefb994e5d99b6e932f97de0c4cf88b4aa504e
Ada-MGAD-e2e-v2-testreport,5991f55852073be7743776d48cd889c17fb53551,experiments/p6/c0f_failure_audit/c0f-correction-20260923T0755Z/validation_replay.json,1781,e802370c18a4bc38e497d3ab398705a0434f91bbe8c02dbf1710c7f1ad904360
Ada-MGAD-e2e-v2-testreport,5991f55852073be7743776d48cd889c17fb53551,experiments/p6/c0f_failure_audit/c0f-seed42-20260919T0700/audit_config.json,2705,078c633bc1097b558439d0bc247118bf079cdbc177eac2bbe26a83b628bbbf40
Ada-MGAD-e2e-v2-testreport,5991f55852073be7743776d48cd889c17fb53551,experiments/p6/c0f_failure_audit/c0f-seed42-20260919T0700/capacity_summary.json,12933,e479dfa5b2af41d141b4fd08ecbfa76a107148e57ade5e17eaa818b880821124
Ada-MGAD-e2e-v2-testreport,5991f55852073be7743776d48cd889c17fb53551,experiments/p6/c0f_failure_audit/c0f-seed42-20260919T0700/completion_manifest.json,16950,97e1fd3e34da06e7b64808b9f38372628c7007b9a2533c46582b50e5b7ace53a
Ada-MGAD-e2e-v2-testreport,5991f55852073be7743776d48cd889c17fb53551,experiments/p6/c0f_failure_audit/c0f-seed42-20260919T0700/confounding_tables.json,27744,bab17cda93dcb9747e23cd4519396edc2975e38bc31ed96e2ad3fc2d8fe5c9c6
Ada-MGAD-e2e-v2-testreport,5991f55852073be7743776d48cd889c17fb53551,experiments/p6/c0f_failure_audit/c0f-seed42-20260919T0700/decision.json,20118,9eb7ca1ee3c04c4b8fdc1d0a9a75b873add03bfce61b026f0e4abc9f55ba9493
Ada-MGAD-e2e-v2-testreport,5991f55852073be7743776d48cd889c17fb53551,experiments/p6/c0f_failure_audit/c0f-seed42-20260919T0700/evidence_ledger.json,5830,1eaca4aac0c592a5110acadb7681366ceba696f0fedc1803ec1c03379d16f90b
Ada-MGAD-e2e-v2-testreport,5991f55852073be7743776d48cd889c17fb53551,experiments/p6/c0f_failure_audit/c0f-seed42-20260919T0700/final_report.md,9472,563ac665ce2641c94e80a4bd12e124473956db1c49113eb60859ba4f6f2a291f
Ada-MGAD-e2e-v2-testreport,5991f55852073be7743776d48cd889c17fb53551,experiments/p6/c0f_failure_audit/c0f-seed42-20260919T0700/input_manifest.json,1267,cd5a7b02c8e78bb6021343dd2e76ca8d87819503afdecefc8cb80c5fcfdc48ef
Ada-MGAD-e2e-v2-testreport,5991f55852073be7743776d48cd889c17fb53551,experiments/p6/c0f_failure_audit/c0f-seed42-20260919T0700/ledger_invariants.json,520,a497cd0e28dc4627d27a343038ecda70ff3e2cd2c7579674175c7b0c1ebe8ab3
Ada-MGAD-e2e-v2-testreport,5991f55852073be7743776d48cd889c17fb53551,experiments/p6/c0f_failure_audit/c0f-seed42-20260919T0700/run_state.json,1983,5c81eb7dfb89d713ac40de4da60d8f9803b89ac1c6260ff9ca7a07e59fe40edc
Ada-MGAD-e2e-v2-testreport,5991f55852073be7743776d48cd889c17fb53551,experiments/p6/c0f_failure_audit/c0f-seed42-20260919T0700/source_integrity.json,4603,7507a5bb490607692a0c7e4065f1ba79e8cde8d67305f4d8f20638feb6228c8d
Ada-MGAD-e2e-v2-testreport,5991f55852073be7743776d48cd889c17fb53551,experiments/p6/c0f_failure_audit/c0f-seed42-20260919T0700/split_population_checks.json,968,e5cad5ac9211384da9c73c83304625bb4274585228b1b733edd92f4352dfd820
Ada-MGAD-e2e-v2-testreport,5991f55852073be7743776d48cd889c17fb53551,experiments/p6/c0f_failure_audit/c0f-seed42-20260919T0700/stratified_summary.json,35445,babde167b0390f10a20108026516463a250f74340fcd46c8729e386610f39b57
Ada-MGAD-e2e-v2-testreport,5991f55852073be7743776d48cd889c17fb53551,experiments/p6/c0f_failure_audit/c0f-seed42-20260919T0700/test_artifact_verification.json,1190,ccec4113e1846fd3509fc626a6cc14a7b64fe05ae31fa81c31bcf9ab68e22e28
Ada-MGAD-e2e-v2-testreport,5991f55852073be7743776d48cd889c17fb53551,experiments/p6/c0f_failure_audit/c0f-seed42-20260919T0700/validation_replay.json,1781,24ea8a62815c7c6172bac2e3e3a0f3bfc639b803fc8bbd28c17d9e33c98fb93f
Ada-MGAD-e2e-v2-testreport,5991f55852073be7743776d48cd889c17fb53551,experiments/p6/c0f_failure_audit/code-checks-20260923T075346Z/test_results.json,1175,51017a28cf2e25a31b463a4d5ead6ec19bc3062006a0f72ce40da0a60dbc43df
Ada-MGAD-e2e-v2-testreport,5991f55852073be7743776d48cd889c17fb53551,experiments/p6/c0r2_trainval_dev/positive-logit-rise-v2/results.json,4986,773f05832dcefb568cc867f3eb716c3db2be234cf57d539ede7ca6a59b5dc9f0
Ada-MGAD-e2e-v2-testreport,5991f55852073be7743776d48cd889c17fb53551,experiments/p6/c1_feasibility/c1-g1-20260923T105441Z/feasibility_ledger.json,25618,80718e06a801f4a4cfac085eec999285a162b4e1ebf5afff082f17925a99b3da
Ada-MGAD-e2e-v2-testreport,5991f55852073be7743776d48cd889c17fb53551,experiments/p6/c1_feasibility/c1-g1-20260923T105441Z/final_report.md,8811,48c72507b5cc43f5254906be5e983547d584ca0a1a979a919e6e970112efbfc4
Ada-MGAD-e2e-v2-testreport,5991f55852073be7743776d48cd889c17fb53551,experiments/p6/c1_prefix_metric_audit/c1-fold1-metric-audit-v1-20260929/candidate_ledger.csv,729152,0b25bf30626055af55d6b35ab3fe9f8ff3a375b9023b9ade6bcc8f592923edf5
Ada-MGAD-e2e-v2-testreport,5991f55852073be7743776d48cd889c17fb53551,experiments/p6/c1_prefix_metric_audit/c1-fold1-metric-audit-v1-20260929/completion_manifest.json,2015,322e3bf69bd9aaa16b4b0b667a3fd98802175bdd91ec655585f7c97c765ef847
Ada-MGAD-e2e-v2-testreport,5991f55852073be7743776d48cd889c17fb53551,experiments/p6/c1_prefix_metric_audit/c1-fold1-metric-audit-v1-20260929/summary.json,2334,f951ebf8419d6499dfe3864e04b4c7f3ab04f258eb3c3d40a3f2ecc43623ae1a
Ada-MGAD-e2e-v2-testreport,5991f55852073be7743776d48cd889c17fb53551,experiments/p6/c1_protocol/c1-g2-py38-correction-20260924T0831Z/correction_manifest.json,2340,36a6406c80c0545f81e37f2cb4df0a1bbf5e341d5f92094631be487417f88a34
Ada-MGAD-e2e-v2-testreport,5991f55852073be7743776d48cd889c17fb53551,experiments/p6/c1_protocol/c1-g2-py38-correction-20260924T0831Z/correction_report.md,3511,757d796360596b4155d91f40ed3b29cb78cc547dba0ecff819ff1a5496a58857
Ada-MGAD-e2e-v2-testreport,5991f55852073be7743776d48cd889c17fb53551,experiments/p6/c1_protocol/c1-g2-v1-20260924/design_lock_report.md,2211,105b44683c01ffc8ef6eded385ec1dc3d6032415e40c58cdfd2815595c02a23f
Ada-MGAD-e2e-v2-testreport,5991f55852073be7743776d48cd889c17fb53551,experiments/p6/c1_protocol/c1-g2-v1-20260924/raw_content_manifest.json,1584322,03bdefc1ad817802a9f015a5cc07c71f5e8d625c66c5d5e9fbff31d0d5671718
Ada-MGAD-e2e-v2-testreport,5991f55852073be7743776d48cd889c17fb53551,experiments/p6/c1_supervision_oos/c1-supervision-oos-v1-seed42/evaluation/c1_results.json,1947819,d94b67c6631229c8994b491156d616a29062537fda6955bb9a44908609786b6c
Ada-MGAD-e2e-v2-testreport,5991f55852073be7743776d48cd889c17fb53551,experiments/p6/c1_supervision_oos/c1-supervision-oos-v1-seed42/evaluation/c2_failure_ledger.csv,1266920,2d7dd0703147a7f67d8e77b17f9be03be43b63baa733f7891b6f653852acef5c
Ada-MGAD-e2e-v2-testreport,5991f55852073be7743776d48cd889c17fb53551,experiments/p6/c1_supervision_oos/c1-supervision-oos-v1-seed42/evaluation/c2_failure_summary.json,669,382829e8258b95882ef741004ae2715a98cc01dcd53cc11229cc12abb48c2b95
Ada-MGAD-e2e-v2-testreport,5991f55852073be7743776d48cd889c17fb53551,experiments/p6/c1_supervision_oos/c1-supervision-oos-v1-seed42/evaluation/c2_full_diagnosis.json,17914,3b6635e497916cc0be7ba06f466772d1d884544d5819fa519714e3b1e2157beb
Ada-MGAD-e2e-v2-testreport,5991f55852073be7743776d48cd889c17fb53551,experiments/p6/c1_supervision_oos/c1-supervision-oos-v1-seed42/evaluation/c2_raw_matching.csv,1155905,986a55d59a6f809a0a6961d76eca5402624ae776bcbd170afb935a24862a09ab
Ada-MGAD-e2e-v2-testreport,5991f55852073be7743776d48cd889c17fb53551,experiments/p6/c1_supervision_oos/c1-supervision-oos-v1-seed42/evaluation/c2_stage1_reference.json,1754,104ca7578bd204131f5785fa27b9b97eb08470343f149742c74b83195f8e10c9
Ada-MGAD-e2e-v2-testreport,5991f55852073be7743776d48cd889c17fb53551,experiments/p6/c1_supervision_oos/c1-supervision-oos-v1-seed42/evaluation/completion_manifest.json,4210,c113bd2b18967e9f0fac4a227bed7c19e5659f6f13833ba4b21040a9a1b9730e
Ada-MGAD-e2e-v2-testreport,5991f55852073be7743776d48cd889c17fb53551,experiments/p6/c1_supervision_oos/c1-supervision-oos-v1-seed42/evaluation/oracle_a_diagnostic.json,269,d1838b5efefa11087fbbb6ecc9949740d6fbb0ece02316ec243e06cb1e4dc1ae
Ada-MGAD-e2e-v2-testreport,5991f55852073be7743776d48cd889c17fb53551,experiments/p6/c1_supervision_oos/c1-supervision-oos-v1-seed42/evaluation/oracle_a_rankings.csv,990811,5a7c9576a448ce7a2a9688a214626cc3176919305643f4e89e1dada7c899eec4
Ada-MGAD-e2e-v2-testreport,5991f55852073be7743776d48cd889c17fb53551,experiments/p6/c1_supervision_oos/c1-supervision-oos-v1-seed42/folds/fold_01/completion_manifest.json,9087,e5ee5d1ee7f825b18e7ef69f4764182284547d3940c77771855a40468c9b3d3c
Ada-MGAD-e2e-v2-testreport,5991f55852073be7743776d48cd889c17fb53551,experiments/p6/c1_supervision_oos/c1-supervision-oos-v1-seed42/folds/fold_01/detector/completion_manifest.json,4312,77f0e0bc4f07aad21799db077c09c3d657dc5c2c106d24460257742c33df5220
Ada-MGAD-e2e-v2-testreport,5991f55852073be7743776d48cd889c17fb53551,experiments/p6/c1_supervision_oos/c1-supervision-oos-v1-seed42/folds/fold_01/detector/generation_episodes.csv,106723,856797f52561e1fdc0a9a0e5ab00885ad5a0267d5ccf58f0d943e2bfde31f664
Ada-MGAD-e2e-v2-testreport,5991f55852073be7743776d48cd889c17fb53551,experiments/p6/c1_supervision_oos/c1-supervision-oos-v1-seed42/folds/fold_01/detector/generation_scores.csv,750379,6e6a1343939cfbe52c5ea0cf33aa8c7d44cd656c9e5e8641a4fc1f01f0ecb9bc
Ada-MGAD-e2e-v2-testreport,5991f55852073be7743776d48cd889c17fb53551,experiments/p6/c1_supervision_oos/c1-supervision-oos-v1-seed42/folds/fold_01/detector/selection.json,773,e96b42fda9f874a04866e984d36f9b32feb24cfabb9d0baf9dda72285fa85f45
Ada-MGAD-e2e-v2-testreport,5991f55852073be7743776d48cd889c17fb53551,experiments/p6/c1_supervision_oos/c1-supervision-oos-v1-seed42/folds/fold_01/detector/training_log.json,19221,64dd055eb00531ae43fcead33e103fc1ec55fb6f364518eaec53daae4829a026
Ada-MGAD-e2e-v2-testreport,5991f55852073be7743776d48cd889c17fb53551,experiments/p6/c1_supervision_oos/c1-supervision-oos-v1-seed42/folds/fold_02/completion_manifest.json,9096,51006c83a351a1794832be0f82fcee35bceeec0a2a1382df1c61b9e2dc7f252c
Ada-MGAD-e2e-v2-testreport,5991f55852073be7743776d48cd889c17fb53551,experiments/p6/c1_supervision_oos/c1-supervision-oos-v1-seed42/folds/fold_02/detector/completion_manifest.json,4281,1ac2392e356f0da8e56fd1c944fbc86f5492d882424d942eeb12523f81a4642b
Ada-MGAD-e2e-v2-testreport,5991f55852073be7743776d48cd889c17fb53551,experiments/p6/c1_supervision_oos/c1-supervision-oos-v1-seed42/folds/fold_02/detector/generation_episodes.csv,130039,237fa6eb7af28143ba38568ab9c19f5ee2cfb23c2fed25de2d680fd11ee7383a
Ada-MGAD-e2e-v2-testreport,5991f55852073be7743776d48cd889c17fb53551,experiments/p6/c1_supervision_oos/c1-supervision-oos-v1-seed42/folds/fold_02/detector/generation_scores.csv,753899,7abb1f0398658ada10897f17b4f271ff084f6b1daf1e9c1adeddfb667eb3b02f
Ada-MGAD-e2e-v2-testreport,5991f55852073be7743776d48cd889c17fb53551,experiments/p6/c1_supervision_oos/c1-supervision-oos-v1-seed42/folds/fold_02/detector/selection.json,741,3449a63b37f5184f9fbd86888843d6e9d8605c3b0b6502635528ff139fd3db3f
Ada-MGAD-e2e-v2-testreport,5991f55852073be7743776d48cd889c17fb53551,experiments/p6/c1_supervision_oos/c1-supervision-oos-v1-seed42/folds/fold_02/detector/training_log.json,12434,9cb70fe0d388f2f964a539d9c9d21608b6aa8c710a5b097f0f71fbf27162458b
Ada-MGAD-e2e-v2-testreport,5991f55852073be7743776d48cd889c17fb53551,experiments/p6/c1_supervision_oos/c1-supervision-oos-v1-seed42/folds/fold_03/completion_manifest.json,9096,a965256b6152dc4310918aa48ce7fe893ed5207d7c5022101ae3dfa818034934
Ada-MGAD-e2e-v2-testreport,5991f55852073be7743776d48cd889c17fb53551,experiments/p6/c1_supervision_oos/c1-supervision-oos-v1-seed42/folds/fold_03/detector/completion_manifest.json,4300,1e94bc29015731fe875de21506a2ad16589ef7a5dce77bf00d3fb16d66c15d56
Ada-MGAD-e2e-v2-testreport,5991f55852073be7743776d48cd889c17fb53551,experiments/p6/c1_supervision_oos/c1-supervision-oos-v1-seed42/folds/fold_03/detector/generation_episodes.csv,125838,6519b6f514e75972054b3d458c4dcb9320e6c4e3bfcf65a68bb8a3af7282fb05
Ada-MGAD-e2e-v2-testreport,5991f55852073be7743776d48cd889c17fb53551,experiments/p6/c1_supervision_oos/c1-supervision-oos-v1-seed42/folds/fold_03/detector/generation_scores.csv,753500,3756b817680de25addd174fc2a60ebc9c934ac3ec5fdac1bbc8484de080d117f
Ada-MGAD-e2e-v2-testreport,5991f55852073be7743776d48cd889c17fb53551,experiments/p6/c1_supervision_oos/c1-supervision-oos-v1-seed42/folds/fold_03/detector/selection.json,760,f73355c10d70746fffafaf12a3f8bf8bccdbfa4c85d0ea3110e630e73f3b40e8
Ada-MGAD-e2e-v2-testreport,5991f55852073be7743776d48cd889c17fb53551,experiments/p6/c1_supervision_oos/c1-supervision-oos-v1-seed42/folds/fold_03/detector/training_log.json,12517,971f380db43fd6bb6f0d62044007ee0e865a6d94815d31dedca0e533c645006d
Ada-MGAD-e2e-v2-testreport,5991f55852073be7743776d48cd889c17fb53551,experiments/p6/c1_supervision_oos/c1-supervision-oos-v1-seed42/g1_static/completion_manifest.json,5866,935abdc91db5fa1ddba7cb26455508433dace34c11ffa92087243f2ee7afab23
Ada-MGAD-e2e-v2-testreport,5991f55852073be7743776d48cd889c17fb53551,experiments/p6/c1_supervision_oos/c1-supervision-oos-v1-seed42/g1_static/fold_manifest.json,11117,017d4b2e87d737ee7d1f3f729a63fed4775e9e8181ec04214ddda6883310d4e5
Ada-MGAD-e2e-v2-testreport,5991f55852073be7743776d48cd889c17fb53551,experiments/p6/c1_supervision_oos/c1-supervision-oos-v1-seed42/g1_static/input_manifest.json,7333,a316f306e8b117b8aa9739b468c39f4cd6523310b48ad02f83f2c2f346abd3a1
Ada-MGAD-e2e-v2-testreport,5991f55852073be7743776d48cd889c17fb53551,experiments/p6/c1_supervision_oos/c1-supervision-oos-v1-seed42/g1_static/integrity_report.md,1692,2afcab0765547b1e0d75aa464eff2e98e3029e857eceef1435718078395ace22
Ada-MGAD-e2e-v2-testreport,5991f55852073be7743776d48cd889c17fb53551,experiments/p6/c1_supervision_oos/c1-supervision-oos-v1-seed42/g1_static/static_population.json,1545,83a5e20726f20866060bd7014784687d3860b0ccc63a76c6c0820817b311f7eb
Ada-MGAD-e2e-v2-testreport,5991f55852073be7743776d48cd889c17fb53551,experiments/p6/c1_supervision_oos/c1-supervision-oos-v1-seed42/predictions/completion_manifest.json,3671,19777b7f4656f3e8b360e1ecb618dc5d0dc8a0e63a15df59596a1d87be746216
Ada-MGAD-e2e-v2-testreport,5991f55852073be7743776d48cd889c17fb53551,experiments/p6/c1_supervision_oos/c1-supervision-oos-v1-seed42/predictions/prediction_lock.json,6883,ee9500730e7b982557de31d9fd138c13e09e5af397b11354e88b305f0233c967
Ada-MGAD-e2e-v2-testreport,5991f55852073be7743776d48cd889c17fb53551,experiments/p6/c1_supervision_oos/c1-supervision-oos-v1-seed42/predictions/scope_rankings.csv,1596904,b444a4d92c601430b79a3fee5e6fcddc97c3a8573cd20bd0c16a828d5bf6a650
Ada-MGAD-e2e-v2-testreport,5991f55852073be7743776d48cd889c17fb53551,experiments/p6/c1_supervision_oos/c1-supervision-oos-v1-seed42/rca/arm_b.json,753,2ba84aa9ec52b488db82b2dadce049c9c0105f2147176ff5716ba4d15ee8a4c7
Ada-MGAD-e2e-v2-testreport,5991f55852073be7743776d48cd889c17fb53551,experiments/p6/c1_supervision_oos/c1-supervision-oos-v1-seed42/rca/arm_c.json,752,6132941dd09f098a4c711c954ddec473eac11de63f5b094586413d95d7e6ca27
Ada-MGAD-e2e-v2-testreport,5991f55852073be7743776d48cd889c17fb53551,experiments/p6/c1_supervision_oos/c1-supervision-oos-v1-seed42/rca/completion_manifest.json,3538,2e446855d9e9cff34c684e8472d7510d1deb3cf5849aa9d8461e7d456127e9b0
Ada-MGAD-e2e-v2-testreport,5991f55852073be7743776d48cd889c17fb53551,experiments/p6/c1_supervision_oos/c1-supervision-oos-v1-seed42/run_lock.json,6331,0b5a2b649c31305eec88d631f2d57ef2a45a7d4d643d861478b3a11d620c9c56
Ada-MGAD-e2e-v2-testreport,5991f55852073be7743776d48cd889c17fb53551,experiments/p6/c1_supervision_oos/c1-supervision-oos-v1-seed42/train_cohort/cases.csv,325878,83ee698981272bfb1f89d1c2d9b1c2c622b63c419a08c251abde2bf7965821dd
Ada-MGAD-e2e-v2-testreport,5991f55852073be7743776d48cd889c17fb53551,experiments/p6/c1_supervision_oos/c1-supervision-oos-v1-seed42/train_cohort/completion_manifest.json,4746,b36dfaa5ba38bc741e318d8cb9e59e5f225324ff9cd3422b6040faff04634550
Ada-MGAD-e2e-v2-testreport,5991f55852073be7743776d48cd889c17fb53551,experiments/p6/c1_supervision_oos/c1-supervision-oos-v1-seed42/train_cohort/exclusions.csv,1760,3f5dc5665be94d84e76d3e1e3f84756ae4fdd00e2f42dc96eed7ac3de3941cd6
Ada-MGAD-e2e-v2-testreport,5991f55852073be7743776d48cd889c17fb53551,experiments/p6/c1_supervision_oos/c1-supervision-oos-v1-seed42/train_cohort/matching.csv,811460,5c3aa3085f03c2061af4e89e06f6a2f138e0bf69395e2deba438a61a643d8db4
Ada-MGAD-e2e-v2-testreport,5991f55852073be7743776d48cd889c17fb53551,experiments/p6/score_decomposition/classification/diagnosis_metrics.json,2093,60fe8440d8c42b2d3a842f7a7c7e4ae861c226ca622ae7eb1923b979c9d44a8e
Ada-MGAD-e2e-v2-testreport,5991f55852073be7743776d48cd889c17fb53551,experiments/p6/score_decomposition/classification/event_metrics.json,5147,f40cd2d1f1940bf80eeb298a9350fec848e7b4e64b8730999fb0ed37decd3827
Ada-MGAD-e2e-v2-testreport,5991f55852073be7743776d48cd889c17fb53551,experiments/p6/score_decomposition/classification/localization_metrics.json,28925,ceab500c6dee1d5d0fe39a18534c887edfc8355b6491b3535e12a44a423cd4f8
Ada-MGAD-e2e-v2-testreport,5991f55852073be7743776d48cd889c17fb53551,experiments/p6/score_decomposition/classification/rca_metrics.json,5581,d8416b903e9babb73045ae016fa7ef8fc20adf7e9c100a25c25d54b767eba99f
Ada-MGAD-e2e-v2-testreport,5991f55852073be7743776d48cd889c17fb53551,experiments/p6/score_decomposition/classification/threshold.json,1217,db3862ddb8e2b5d78cee4a4693cc7a5bc56919af20ef592134dbdd571bc6c56d
Ada-MGAD-e2e-v2-testreport,5991f55852073be7743776d48cd889c17fb53551,experiments/p6/score_decomposition/common_cases.csv,783153,0bb6bf3e435baf179c4cb1e1deda4bdc42c749d513865a3fcc50d4abf1bdb396
Ada-MGAD-e2e-v2-testreport,5991f55852073be7743776d48cd889c17fb53551,experiments/p6/score_decomposition/comparison.json,92985,ce6965fe10c1773e4c0021f8eb5cb1121e8c96a655067520d20d6dec3efb5190
Ada-MGAD-e2e-v2-testreport,5991f55852073be7743776d48cd889c17fb53551,experiments/p6/score_decomposition/fused/diagnosis_metrics.json,2085,77d6d3adbb2e76b49b41d16eafb56d4d020faae6d04e25be52ab2a0d209d101c
Ada-MGAD-e2e-v2-testreport,5991f55852073be7743776d48cd889c17fb53551,experiments/p6/score_decomposition/fused/event_metrics.json,5105,930173c6cec6c10880f6b375fbf363c1dc62988b836ba86c8c6c1ea4604e0bb6
Ada-MGAD-e2e-v2-testreport,5991f55852073be7743776d48cd889c17fb53551,experiments/p6/score_decomposition/fused/localization_metrics.json,29146,9b230dbaee9901ce3b9d9b8308a1e69e40b782e557611e8bee24239bdbb1c095
Ada-MGAD-e2e-v2-testreport,5991f55852073be7743776d48cd889c17fb53551,experiments/p6/score_decomposition/fused/rca_metrics.json,5617,d6489f7ed8c2c7563f990e58fdaa17e07feeccd7514f809a3a25c235b8abfb73
Ada-MGAD-e2e-v2-testreport,5991f55852073be7743776d48cd889c17fb53551,experiments/p6/score_decomposition/fused/threshold.json,1212,8b3b74d8d838c3303c9b2e6c32c25fe5549df0e78a93790caa59ac383ee5d741
Ada-MGAD-e2e-v2-testreport,5991f55852073be7743776d48cd889c17fb53551,experiments/p6/score_decomposition/label_identity_audit.json,1024,6652840bdf55c317b10d2ae4bf5223d6cde67a541688f5a13261b81d7b710010
Ada-MGAD-e2e-v2-testreport,5991f55852073be7743776d48cd889c17fb53551,experiments/p6/score_decomposition/manifest.json,7530,65ef6b0a85b907dbc378bafaf712732144a35e5280ae1ab44babb8125f1067ba
Ada-MGAD-e2e-v2-testreport,5991f55852073be7743776d48cd889c17fb53551,experiments/p6/score_decomposition/prediction_artifacts.json,1626,f552fde50da06bebf0b8aecd020e5e3825a52b279aef900154a419d04be38afc
Ada-MGAD-e2e-v2-testreport,5991f55852073be7743776d48cd889c17fb53551,experiments/p6/score_decomposition/rca/rca_feature_health.json,1806,015b06395de0fe6b2d6ae799629230ce37068ab119564842e319b9a333035493
Ada-MGAD-e2e-v2-testreport,5991f55852073be7743776d48cd889c17fb53551,experiments/p6/score_decomposition/rca/rca_feature_manifest.json,2831,7cb9ee84f4e2ce06db7a695027957b25ed69bbd9ccd3865bd2f17f0524c6669e
Ada-MGAD-e2e-v2-testreport,5991f55852073be7743776d48cd889c17fb53551,experiments/p6/score_decomposition/reconstruction/diagnosis_metrics.json,2069,1f5f35c7ef97acbf3b740dadc011627b5767f60e7933f7df2bbf53ff1888b4c9
Ada-MGAD-e2e-v2-testreport,5991f55852073be7743776d48cd889c17fb53551,experiments/p6/score_decomposition/reconstruction/event_metrics.json,5142,b54a64b01f5e3f9555d094b85787c1bfe94580121162f2a330781550375c61e4
Ada-MGAD-e2e-v2-testreport,5991f55852073be7743776d48cd889c17fb53551,experiments/p6/score_decomposition/reconstruction/localization_metrics.json,28269,d35901afceaeac0715266af6d0110c10e444bea83774f7228be90f7a35462b82
Ada-MGAD-e2e-v2-testreport,5991f55852073be7743776d48cd889c17fb53551,experiments/p6/score_decomposition/reconstruction/rca_metrics.json,5395,6f573174833b1afac5eba0d2eb9b10da85d498e0736d975e1324588575799b7f
Ada-MGAD-e2e-v2-testreport,5991f55852073be7743776d48cd889c17fb53551,experiments/p6/score_decomposition/reconstruction/threshold.json,1219,001fd77e80047ef147b1b4969420c9063280ea04a25df7a59c36328bcb367140
Ada-MGAD-e2e-v2-testreport,5991f55852073be7743776d48cd889c17fb53551,experiments/p6/score_decomposition/score_range.json,946,065dbfa7e5b3a6e53e2bc3493fd80448d9613d0b7043d15a314aa1e3f30a20b5
Ada-MGAD-e2e-v2-testreport,5991f55852073be7743776d48cd889c17fb53551,experiments/p6/score_decomposition/score_replay.json,4465,b292ac3e2b5640703cbda942a161ec5ac048fa0c0263ca15b72089b96385ac3d
Ada-MGAD-e2e-v2-testreport,5991f55852073be7743776d48cd889c17fb53551,experiments/p6/system_event_trigger/manifest.json,28509,cb222bb5c21d20d8a7546e8b1ee1b4882daaac5d4a397d0e07655fe646cf9794
Ada-MGAD-e2e-v2-testreport,5991f55852073be7743776d48cd889c17fb53551,experiments/p6/system_event_trigger/split_audit.json,12293,e5c60574f4c36ba5c7ebddbc869ede70f6f9aa83cf35c46fd611dbfba310463e
Ada-MGAD-e2e-v2-testreport,5991f55852073be7743776d48cd889c17fb53551,experiments/p6/system_event_trigger/split_manifest.json,8121,1cad441a2d207379ffd8838bc2d655e9c68f3e03b6f4f7e666413a0b33aca193
Ada-MGAD-e2e-v2-testreport,5991f55852073be7743776d48cd889c17fb53551,experiments/p6/system_event_trigger/test_metrics.json,14261,2968632cc4da1b807d976d8bb1c449f9d755cb1c15d2ee43bcd440b74946ce5b
Ada-MGAD-e2e-v2-testreport,5991f55852073be7743776d48cd889c17fb53551,experiments/p6/system_event_trigger/training_log.json,18166,fcd54effee28206a6cdc964458bedb98c17a26906b58497140e42b567150b48a
Ada-MGAD-e2e-v2-testreport,5991f55852073be7743776d48cd889c17fb53551,experiments/p6/system_event_trigger/validation_selection.json,21174,b5167c8d5df9cd9eebd7812cb76733799aa3f7829f3fe1a2c5cdb0ec51715a24
Ada-MGAD-e2e-v2-testreview,1b0efe92e43b81ded698239387571de73f6fe185,experiments/p6/c0_causal_comparison/nn-vs-xgb-v1/comparison.json,59375,194a78013eaf73f575d5ba543954e463d426ab12bed5d9416be22b2de14c0497
Ada-MGAD-e2e-v2-testreview,1b0efe92e43b81ded698239387571de73f6fe185,experiments/p6/c0_causal_comparison/nn-vs-xgb-v1/reference_records/checkpoint_impact/checkpoint_audit.json,2442,1ec753291ba1387a8faaeefa27be1d3082661d5b4e5afd46093170cb34f65192
Ada-MGAD-e2e-v2-testreview,1b0efe92e43b81ded698239387571de73f6fe185,experiments/p6/c0_causal_comparison/nn-vs-xgb-v1/reference_records/checkpoint_impact/completion_manifest.json,1381,b64a4afa2cfba8899a96445a5cbf8715caccdeab08f812746cddfeb0dc35e031
Ada-MGAD-e2e-v2-testreview,1b0efe92e43b81ded698239387571de73f6fe185,experiments/p6/c0_causal_comparison/nn-vs-xgb-v1/reference_records/checkpoint_impact/development_input_lock.json,4693,4cba75bf00e68482994c91109659f1b62143b26451ee5147acb6a520c795175b
Ada-MGAD-e2e-v2-testreview,1b0efe92e43b81ded698239387571de73f6fe185,experiments/p6/c0_causal_comparison/nn-vs-xgb-v1/reference_records/checkpoint_impact/real_window_causality_gate.json,673,5cfcd0a8bed2684db3ab472a3c706e278b531a0514ba4da61bb0a6f8dc9ad309
Ada-MGAD-e2e-v2-testreview,1b0efe92e43b81ded698239387571de73f6fe185,experiments/p6/c0_causal_comparison/nn-vs-xgb-v1/reference_records/nn/completion_manifest.json,1361,05ed46d33516b5b58fb5ed02f29dadfc965c5b1efb5083455578a3ac3279d43c
Ada-MGAD-e2e-v2-testreview,1b0efe92e43b81ded698239387571de73f6fe185,experiments/p6/c0_causal_comparison/nn-vs-xgb-v1/reference_records/nn/development_input_lock.json,4693,4cba75bf00e68482994c91109659f1b62143b26451ee5147acb6a520c795175b
Ada-MGAD-e2e-v2-testreview,1b0efe92e43b81ded698239387571de73f6fe185,experiments/p6/c0_causal_comparison/nn-vs-xgb-v1/reference_records/nn/real_window_causality_gate.json,653,3e7d3504ec2ef49fd6b359bced1312e177b04cf07d663cd9ce3fb675ef54e231
Ada-MGAD-e2e-v2-testreview,1b0efe92e43b81ded698239387571de73f6fe185,experiments/p6/c0_causal_comparison/nn-vs-xgb-v1/reference_records/nn/training_log.json,16022,df3dc210652c2a2eecc2bdf9162db6d5c4a2b13f748ac5b212137bc6e001b840
Ada-MGAD-e2e-v2-testreview,1b0efe92e43b81ded698239387571de73f6fe185,experiments/p6/c0_causal_comparison/nn-vs-xgb-v1/reference_records/nn/validation_selection.json,19192,196582641cbbba0234ab18e6f96d2ca1d2b297646ce884888b4bb809f768a133
Ada-MGAD-e2e-v2-testreview,1b0efe92e43b81ded698239387571de73f6fe185,experiments/p6/c0_causal_comparison/nn-vs-xgb-v1/reference_records/xgb_original_fit/development_input_lock.json,5091,1031cfb1ba9801b837744d055a4fbe967ceb4cc372f90dd0616876456c708629
Ada-MGAD-e2e-v2-testreview,1b0efe92e43b81ded698239387571de73f6fe185,experiments/p6/c0_causal_comparison/nn-vs-xgb-v1/reference_records/xgb_original_fit/failure_record.json,367,da36a5d1ce1c57fcdf8706ccaa714cb4ae7c936bfba1d9c02175728e801dac2d
Ada-MGAD-e2e-v2-testreview,1b0efe92e43b81ded698239387571de73f6fe185,experiments/p6/c0_causal_comparison/nn-vs-xgb-v1/reference_records/xgb_original_fit/feature_lock.json,669,692a85d45b08e4024da5622cf4a7b81cac2a475440a889ced0bdc086a231875f
Ada-MGAD-e2e-v2-testreview,1b0efe92e43b81ded698239387571de73f6fe185,experiments/p6/c0_causal_comparison/nn-vs-xgb-v1/reference_records/xgb_original_fit/fit_report.json,1617,2f658dfff15c1639efdceef7616a1468ffc54dfda0a0e26ef1f6be7bed8fd118
Ada-MGAD-e2e-v2-testreview,1b0efe92e43b81ded698239387571de73f6fe185,experiments/p6/c0_causal_comparison/nn-vs-xgb-v1/reference_records/xgb_original_fit/validation_prediction_lock.json,402,7ffd8934c8023941444523263c1489009da8c8f056440d777bca665e1d946717
Ada-MGAD-e2e-v2-testreview,1b0efe92e43b81ded698239387571de73f6fe185,experiments/p6/c0_causal_comparison/nn-vs-xgb-v1/research_manifest.json,4788,44c8b0130db6947a07a778a79ba09c8d5691bfd607ffad907b417ac28fe42b6a
Ada-MGAD-e2e-v2-testreview,1b0efe92e43b81ded698239387571de73f6fe185,experiments/p6/c0_flat_xgb/finalized-v1-seed42/completion_manifest.json,1327,a30d583f4945a94a8af79de5af34caea0daf7cfe3fd0688a92554192738bb180
Ada-MGAD-e2e-v2-testreview,1b0efe92e43b81ded698239387571de73f6fe185,experiments/p6/c0_flat_xgb/finalized-v1-seed42/finalization_input_lock.json,6678,83443fac0726f04910c4e1a889f463f4f23b2111154f9af0179708e69c4af4a0
Ada-MGAD-e2e-v2-testreview,1b0efe92e43b81ded698239387571de73f6fe185,experiments/p6/c0_flat_xgb/finalized-v1-seed42/fit_report.json,1617,2f658dfff15c1639efdceef7616a1468ffc54dfda0a0e26ef1f6be7bed8fd118
Ada-MGAD-e2e-v2-testreview,1b0efe92e43b81ded698239387571de73f6fe185,experiments/p6/c0_flat_xgb/finalized-v1-seed42/validation_prediction_lock.json,346,5c3bce054f7113128eb55410a19c23f2be4a51a23a37928e44d47344931321af
Ada-MGAD-e2e-v2-testreview,1b0efe92e43b81ded698239387571de73f6fe185,experiments/p6/c0_flat_xgb/finalized-v1-seed42/validation_selection.json,4132,98363249a2b7a755b3622947b03c13b5b12f80fa01de7a6268bcb18be357261d
Ada-MGAD-e2e-v2-testreview,1b0efe92e43b81ded698239387571de73f6fe185,experiments/p6/c0_long_weight/development_comparison_v1.json,25913,2666db85e9422a7063b23b377efcc6a5fc205706ed7e38fafb27267eb5519f77
Ada-MGAD-e2e-v2-testreview,1b0efe92e43b81ded698239387571de73f6fe185,experiments/p6/c0_long_weight/gpu-control-v1-seed42/development_manifest.json,3907,54c217f08b951c75fbb45650e8bb599f79bec2d36e582104ed9f9c0a82fa96dd
Ada-MGAD-e2e-v2-testreview,1b0efe92e43b81ded698239387571de73f6fe185,experiments/p6/c0_long_weight/gpu-control-v1-seed42/p6_c0.log,2590,8eedf228216f7e2ec31260ec44fa2906d98b1aa853e1f7d2248e5091fa7c28c1
Ada-MGAD-e2e-v2-testreview,1b0efe92e43b81ded698239387571de73f6fe185,experiments/p6/c0_long_weight/gpu-control-v1-seed42/split_audit.json,12327,8715dd6f2cc8b5e3dc4458a00c060450ab0acd2291989c37571941e35e3d516f
Ada-MGAD-e2e-v2-testreview,1b0efe92e43b81ded698239387571de73f6fe185,experiments/p6/c0_long_weight/gpu-control-v1-seed42/split_manifest.json,8130,d1e01a7d582135d860def8389e0c57f842964c5842cb8b389fdfbbf95582a6dd
Ada-MGAD-e2e-v2-testreview,1b0efe92e43b81ded698239387571de73f6fe185,experiments/p6/c0_long_weight/gpu-control-v1-seed42/training_log.json,10778,91c12d57d43d39dc6e70e8a42ace6f4fa695b53afcc55998c9e2b82547c9aa3f
Ada-MGAD-e2e-v2-testreview,1b0efe92e43b81ded698239387571de73f6fe185,experiments/p6/c0_long_weight/gpu-control-v1-seed42/validation_episodes.csv,214650,38871d4b941cc49ac665907fb97dd2e86f6369bb8841d03980869c3ad46e3379
Ada-MGAD-e2e-v2-testreview,1b0efe92e43b81ded698239387571de73f6fe185,experiments/p6/c0_long_weight/gpu-control-v1-seed42/validation_matching.csv,522796,8bf838043e19e4e250e19ce72fa67cbea712ea0873074a1523408e3f3957586b
Ada-MGAD-e2e-v2-testreview,1b0efe92e43b81ded698239387571de73f6fe185,experiments/p6/c0_long_weight/gpu-control-v1-seed42/validation_predictions.csv,2251307,dfbd8ff19fb3fe171a117ee062ae05a080ff47e69f8b845b173b00ea9ede27a7
Ada-MGAD-e2e-v2-testreview,1b0efe92e43b81ded698239387571de73f6fe185,experiments/p6/c0_long_weight/gpu-control-v1-seed42/validation_selection.json,13913,888d68732bfdb086a0536e6321b8420ad1d4fba11921eb63f2a9577be73b0928
Ada-MGAD-e2e-v2-testreview,1b0efe92e43b81ded698239387571de73f6fe185,experiments/p6/c0_long_weight/weighted-v1-seed42/development_manifest.json,3907,97a866e7b277a7f747e5080cd7f03ad46860ed4ad774c44e46a02d905963935e
Ada-MGAD-e2e-v2-testreview,1b0efe92e43b81ded698239387571de73f6fe185,experiments/p6/c0_long_weight/weighted-v1-seed42/p6_c0.log,2815,1e93a4a8cd06d75fa0bea51c7450b0ad6aea6eed0d4187373600216e03c7a8b8
Ada-MGAD-e2e-v2-testreview,1b0efe92e43b81ded698239387571de73f6fe185,experiments/p6/c0_long_weight/weighted-v1-seed42/split_audit.json,12328,b1365b9be5117c686528a047bb586ea559b05530153ab52dff925307494e6426
Ada-MGAD-e2e-v2-testreview,1b0efe92e43b81ded698239387571de73f6fe185,experiments/p6/c0_long_weight/weighted-v1-seed42/split_manifest.json,8130,e15e678cd2c4e186abf24a877b3c6a98c44cb946580f25b2137a129752b45020
Ada-MGAD-e2e-v2-testreview,1b0efe92e43b81ded698239387571de73f6fe185,experiments/p6/c0_long_weight/weighted-v1-seed42/training_log.json,12860,5a1bec9c01c5915c049f4098248968f00387afaedc223ada5519095f96479bd7
Ada-MGAD-e2e-v2-testreview,1b0efe92e43b81ded698239387571de73f6fe185,experiments/p6/c0_long_weight/weighted-v1-seed42/validation_episodes.csv,215345,c0aa0b05371f3b470def96b533c553dc0a295f811b738d3384acfc11b90c16b4
Ada-MGAD-e2e-v2-testreview,1b0efe92e43b81ded698239387571de73f6fe185,experiments/p6/c0_long_weight/weighted-v1-seed42/validation_matching.csv,523619,db378b68a2e4bb8e2a41ded337ae56567bcc6c303511b9f9946d047eb57cbdb8
Ada-MGAD-e2e-v2-testreview,1b0efe92e43b81ded698239387571de73f6fe185,experiments/p6/c0_long_weight/weighted-v1-seed42/validation_predictions.csv,2252354,19c6d75fdcb7c5c9dab3aace09d70ae3c73b7396e9419afb3a7fb93e2d4794e1
Ada-MGAD-e2e-v2-testreview,1b0efe92e43b81ded698239387571de73f6fe185,experiments/p6/c0_long_weight/weighted-v1-seed42/validation_selection.json,16606,a34856d67c7889833e6106bc4c40537aa344f051c43d0b6c71ec8e640e9cb9c2
Ada-MGAD-e2e-v2-testreview,1b0efe92e43b81ded698239387571de73f6fe185,experiments/p6/c0_raw_onset_observability/raw-onset-v1/fit_clean_events.csv,519986,b42d0a714339ffb1f8bf07294a5fa822c48893f58bfe0475d60ab86a7aa0404a
Ada-MGAD-e2e-v2-testreview,1b0efe92e43b81ded698239387571de73f6fe185,experiments/p6/c0_raw_onset_observability/raw-onset-v1/fit_pseudo_onsets.csv,70246,b36db52779b7a745a4e47c5cf4d686b1dea0a53be2a453debdbba61e1d45f531
Ada-MGAD-e2e-v2-testreview,1b0efe92e43b81ded698239387571de73f6fe185,experiments/p6/c0_raw_onset_observability/raw-onset-v1/results.json,20440,2d8b1882fdb9a9310f9b74f848adc54033654d3a27a7ef707f609d84957d1378
Ada-MGAD-e2e-v2-testreview,1b0efe92e43b81ded698239387571de73f6fe185,experiments/p6/c0_raw_onset_observability/raw-onset-v1/validation_clean_events.csv,171016,e9715164e6b527b0570aa2ed35a4281f0847910a8356e7bcad8b53e3796181a1
Ada-MGAD-e2e-v2-testreview,1b0efe92e43b81ded698239387571de73f6fe185,experiments/p6/c0_raw_onset_observability/raw-onset-v1/validation_pseudo_onsets.csv,47187,53eb1bdcf265069cca9079495d92aae7f88415475312bdaf6da8d8e0a39dff10
Ada-MGAD-e2e-v2-testreview,1b0efe92e43b81ded698239387571de73f6fe185,experiments/p6/c0f_failure_audit/c0f-correction-20260923T0755Z/analysis_validation.json,296,ad7a15071946ca8749cbfc26c134304b3771c8e610fe1b8b2bbb81c01767fdde
Ada-MGAD-e2e-v2-testreview,1b0efe92e43b81ded698239387571de73f6fe185,experiments/p6/c0f_failure_audit/c0f-correction-20260923T0755Z/audit_config.json,3064,6e66534cd7adb078d7342fd189a891d59e8dd1b9c893868cbf06f92c34c6c820
Ada-MGAD-e2e-v2-testreview,1b0efe92e43b81ded698239387571de73f6fe185,experiments/p6/c0f_failure_audit/c0f-correction-20260923T0755Z/capacity_summary.json,13508,aaa4fe3bc740aad3c1b97dac8a8c9224fcdc766b59e693f2b07a678139eccbda
Ada-MGAD-e2e-v2-testreview,1b0efe92e43b81ded698239387571de73f6fe185,experiments/p6/c0f_failure_audit/c0f-correction-20260923T0755Z/completion_manifest.json,76920,faabd0a5e6486a89c6e6e3cab1af8f146af6cdab9fe5e728c027f5d18f80745a
Ada-MGAD-e2e-v2-testreview,1b0efe92e43b81ded698239387571de73f6fe185,experiments/p6/c0f_failure_audit/c0f-correction-20260923T0755Z/confounding_tables.json,196447,676bf2913aefd265292b4d25c6c8fc11d9bec5813f5aebf9a3d7a6e49933487d
Ada-MGAD-e2e-v2-testreview,1b0efe92e43b81ded698239387571de73f6fe185,experiments/p6/c0f_failure_audit/c0f-correction-20260923T0755Z/correction_summary.json,1427,95cdd9d0c51a29a47d84b851a8dda40c3d56e877203793781c4701a6852db181
Ada-MGAD-e2e-v2-testreview,1b0efe92e43b81ded698239387571de73f6fe185,experiments/p6/c0f_failure_audit/c0f-correction-20260923T0755Z/decision.json,21910,3cdf539f1bfe2367c9e0e34430118a565645a293138e121970832cce7984c552
Ada-MGAD-e2e-v2-testreview,1b0efe92e43b81ded698239387571de73f6fe185,experiments/p6/c0f_failure_audit/c0f-correction-20260923T0755Z/evidence_ledger.json,7998,eaf1b0a9bb641e3dd59c540512f03a61a793b4ebb83c7115b19f86ac7318e1fe
Ada-MGAD-e2e-v2-testreview,1b0efe92e43b81ded698239387571de73f6fe185,experiments/p6/c0f_failure_audit/c0f-correction-20260923T0755Z/final_report.md,12767,cfac59ff1f3d4ac489a3c11b9670e43e3e8216999019e821d1711970fdfea656
Ada-MGAD-e2e-v2-testreview,1b0efe92e43b81ded698239387571de73f6fe185,experiments/p6/c0f_failure_audit/c0f-correction-20260923T0755Z/input_integrity_after.json,227,bc834dc3b45aa4814b8e27a6d7b15d88994488d574057dcf8e18c5647782c7e4
Ada-MGAD-e2e-v2-testreview,1b0efe92e43b81ded698239387571de73f6fe185,experiments/p6/c0f_failure_audit/c0f-correction-20260923T0755Z/input_manifest.json,1272,8a22a55fe1b951a78aa30fa6a185339f45235779a9b0c4a92852cc97f11fa972
Ada-MGAD-e2e-v2-testreview,1b0efe92e43b81ded698239387571de73f6fe185,experiments/p6/c0f_failure_audit/c0f-correction-20260923T0755Z/input_snapshot.json,254827,1fdc4e0e3b82c9849e7e965471ee4431621aa3b8b7d9ec86f7afbc0fa5b9b87f
Ada-MGAD-e2e-v2-testreview,1b0efe92e43b81ded698239387571de73f6fe185,experiments/p6/c0f_failure_audit/c0f-correction-20260923T0755Z/isolation_summary.json,46108,439b4311ae6cdeeb896971b52602928cd8f8f00581b1762b7dc199338eb8cdd9
Ada-MGAD-e2e-v2-testreview,1b0efe92e43b81ded698239387571de73f6fe185,experiments/p6/c0f_failure_audit/c0f-correction-20260923T0755Z/ledger_invariants.json,520,a497cd0e28dc4627d27a343038ecda70ff3e2cd2c7579674175c7b0c1ebe8ab3
Ada-MGAD-e2e-v2-testreview,1b0efe92e43b81ded698239387571de73f6fe185,experiments/p6/c0f_failure_audit/c0f-correction-20260923T0755Z/reuse_provenance.json,1297,5d40d373429d92073ad1f677ed930107abdcfec9973afa3fd940c00d79a6ad82
Ada-MGAD-e2e-v2-testreview,1b0efe92e43b81ded698239387571de73f6fe185,experiments/p6/c0f_failure_audit/c0f-correction-20260923T0755Z/run_state.json,70344,4f58cdf5cf3c06bcc2b8ea3b12a608c6c9287a8a996a4ae0007f2a3cede3fb78
Ada-MGAD-e2e-v2-testreview,1b0efe92e43b81ded698239387571de73f6fe185,experiments/p6/c0f_failure_audit/c0f-correction-20260923T0755Z/source_integrity.json,8617,ae61ded34933922feea8dad052f115aa50abf7c311593f0a49f47b5e73270e73
Ada-MGAD-e2e-v2-testreview,1b0efe92e43b81ded698239387571de73f6fe185,experiments/p6/c0f_failure_audit/c0f-correction-20260923T0755Z/source_snapshot.json,27487,808bb33502694359a809657c56db3bc4ecf1a67887e45ba4c7949e67009d17fe
Ada-MGAD-e2e-v2-testreview,1b0efe92e43b81ded698239387571de73f6fe185,experiments/p6/c0f_failure_audit/c0f-correction-20260923T0755Z/split_population_checks.json,968,e5cad5ac9211384da9c73c83304625bb4274585228b1b733edd92f4352dfd820
Ada-MGAD-e2e-v2-testreview,1b0efe92e43b81ded698239387571de73f6fe185,experiments/p6/c0f_failure_audit/c0f-correction-20260923T0755Z/stratified_summary.json,38692,c3d3148227ad27756001b6d6b7ba1fadb603e390741e29fad34fcb8292c4962e
Ada-MGAD-e2e-v2-testreview,1b0efe92e43b81ded698239387571de73f6fe185,experiments/p6/c0f_failure_audit/c0f-correction-20260923T0755Z/test_artifact_verification.json,1286,0385232d6ff22eb82747264c9bdf7a4d0f6b4112b40a5edc9675ec12ddd72282
Ada-MGAD-e2e-v2-testreview,1b0efe92e43b81ded698239387571de73f6fe185,experiments/p6/c0f_failure_audit/c0f-correction-20260923T0755Z/test_results.json,1478,001ef8cbe1e1997d6a608df763aefb994e5d99b6e932f97de0c4cf88b4aa504e
Ada-MGAD-e2e-v2-testreview,1b0efe92e43b81ded698239387571de73f6fe185,experiments/p6/c0f_failure_audit/c0f-correction-20260923T0755Z/validation_replay.json,1781,e802370c18a4bc38e497d3ab398705a0434f91bbe8c02dbf1710c7f1ad904360
Ada-MGAD-e2e-v2-testreview,1b0efe92e43b81ded698239387571de73f6fe185,experiments/p6/c0f_failure_audit/c0f-seed42-20260919T0700/audit_config.json,2705,078c633bc1097b558439d0bc247118bf079cdbc177eac2bbe26a83b628bbbf40
Ada-MGAD-e2e-v2-testreview,1b0efe92e43b81ded698239387571de73f6fe185,experiments/p6/c0f_failure_audit/c0f-seed42-20260919T0700/capacity_summary.json,12933,e479dfa5b2af41d141b4fd08ecbfa76a107148e57ade5e17eaa818b880821124
Ada-MGAD-e2e-v2-testreview,1b0efe92e43b81ded698239387571de73f6fe185,experiments/p6/c0f_failure_audit/c0f-seed42-20260919T0700/completion_manifest.json,16950,97e1fd3e34da06e7b64808b9f38372628c7007b9a2533c46582b50e5b7ace53a
Ada-MGAD-e2e-v2-testreview,1b0efe92e43b81ded698239387571de73f6fe185,experiments/p6/c0f_failure_audit/c0f-seed42-20260919T0700/confounding_tables.json,27744,bab17cda93dcb9747e23cd4519396edc2975e38bc31ed96e2ad3fc2d8fe5c9c6
Ada-MGAD-e2e-v2-testreview,1b0efe92e43b81ded698239387571de73f6fe185,experiments/p6/c0f_failure_audit/c0f-seed42-20260919T0700/decision.json,20118,9eb7ca1ee3c04c4b8fdc1d0a9a75b873add03bfce61b026f0e4abc9f55ba9493
Ada-MGAD-e2e-v2-testreview,1b0efe92e43b81ded698239387571de73f6fe185,experiments/p6/c0f_failure_audit/c0f-seed42-20260919T0700/evidence_ledger.json,5830,1eaca4aac0c592a5110acadb7681366ceba696f0fedc1803ec1c03379d16f90b
Ada-MGAD-e2e-v2-testreview,1b0efe92e43b81ded698239387571de73f6fe185,experiments/p6/c0f_failure_audit/c0f-seed42-20260919T0700/final_report.md,9472,563ac665ce2641c94e80a4bd12e124473956db1c49113eb60859ba4f6f2a291f
Ada-MGAD-e2e-v2-testreview,1b0efe92e43b81ded698239387571de73f6fe185,experiments/p6/c0f_failure_audit/c0f-seed42-20260919T0700/input_manifest.json,1267,cd5a7b02c8e78bb6021343dd2e76ca8d87819503afdecefc8cb80c5fcfdc48ef
Ada-MGAD-e2e-v2-testreview,1b0efe92e43b81ded698239387571de73f6fe185,experiments/p6/c0f_failure_audit/c0f-seed42-20260919T0700/ledger_invariants.json,520,a497cd0e28dc4627d27a343038ecda70ff3e2cd2c7579674175c7b0c1ebe8ab3
Ada-MGAD-e2e-v2-testreview,1b0efe92e43b81ded698239387571de73f6fe185,experiments/p6/c0f_failure_audit/c0f-seed42-20260919T0700/run_state.json,1983,5c81eb7dfb89d713ac40de4da60d8f9803b89ac1c6260ff9ca7a07e59fe40edc
Ada-MGAD-e2e-v2-testreview,1b0efe92e43b81ded698239387571de73f6fe185,experiments/p6/c0f_failure_audit/c0f-seed42-20260919T0700/source_integrity.json,4603,7507a5bb490607692a0c7e4065f1ba79e8cde8d67305f4d8f20638feb6228c8d
Ada-MGAD-e2e-v2-testreview,1b0efe92e43b81ded698239387571de73f6fe185,experiments/p6/c0f_failure_audit/c0f-seed42-20260919T0700/split_population_checks.json,968,e5cad5ac9211384da9c73c83304625bb4274585228b1b733edd92f4352dfd820
Ada-MGAD-e2e-v2-testreview,1b0efe92e43b81ded698239387571de73f6fe185,experiments/p6/c0f_failure_audit/c0f-seed42-20260919T0700/stratified_summary.json,35445,babde167b0390f10a20108026516463a250f74340fcd46c8729e386610f39b57
Ada-MGAD-e2e-v2-testreview,1b0efe92e43b81ded698239387571de73f6fe185,experiments/p6/c0f_failure_audit/c0f-seed42-20260919T0700/test_artifact_verification.json,1190,ccec4113e1846fd3509fc626a6cc14a7b64fe05ae31fa81c31bcf9ab68e22e28
Ada-MGAD-e2e-v2-testreview,1b0efe92e43b81ded698239387571de73f6fe185,experiments/p6/c0f_failure_audit/c0f-seed42-20260919T0700/validation_replay.json,1781,24ea8a62815c7c6172bac2e3e3a0f3bfc639b803fc8bbd28c17d9e33c98fb93f
Ada-MGAD-e2e-v2-testreview,1b0efe92e43b81ded698239387571de73f6fe185,experiments/p6/c0f_failure_audit/code-checks-20260923T075346Z/test_results.json,1175,51017a28cf2e25a31b463a4d5ead6ec19bc3062006a0f72ce40da0a60dbc43df
Ada-MGAD-e2e-v2-testreview,1b0efe92e43b81ded698239387571de73f6fe185,experiments/p6/c0r2_trainval_dev/positive-logit-rise-v2/results.json,4986,773f05832dcefb568cc867f3eb716c3db2be234cf57d539ede7ca6a59b5dc9f0
Ada-MGAD-e2e-v2-testreview,1b0efe92e43b81ded698239387571de73f6fe185,experiments/p6/c1_feasibility/c1-g1-20260923T105441Z/feasibility_ledger.json,25618,80718e06a801f4a4cfac085eec999285a162b4e1ebf5afff082f17925a99b3da
Ada-MGAD-e2e-v2-testreview,1b0efe92e43b81ded698239387571de73f6fe185,experiments/p6/c1_feasibility/c1-g1-20260923T105441Z/final_report.md,8811,48c72507b5cc43f5254906be5e983547d584ca0a1a979a919e6e970112efbfc4
Ada-MGAD-e2e-v2-testreview,1b0efe92e43b81ded698239387571de73f6fe185,experiments/p6/c1_prefix_metric_audit/c1-fold1-metric-audit-v1-20260929/candidate_ledger.csv,729152,0b25bf30626055af55d6b35ab3fe9f8ff3a375b9023b9ade6bcc8f592923edf5
Ada-MGAD-e2e-v2-testreview,1b0efe92e43b81ded698239387571de73f6fe185,experiments/p6/c1_prefix_metric_audit/c1-fold1-metric-audit-v1-20260929/completion_manifest.json,2015,322e3bf69bd9aaa16b4b0b667a3fd98802175bdd91ec655585f7c97c765ef847
Ada-MGAD-e2e-v2-testreview,1b0efe92e43b81ded698239387571de73f6fe185,experiments/p6/c1_prefix_metric_audit/c1-fold1-metric-audit-v1-20260929/summary.json,2334,f951ebf8419d6499dfe3864e04b4c7f3ab04f258eb3c3d40a3f2ecc43623ae1a
Ada-MGAD-e2e-v2-testreview,1b0efe92e43b81ded698239387571de73f6fe185,experiments/p6/c1_protocol/c1-g2-py38-correction-20260924T0831Z/correction_manifest.json,2340,36a6406c80c0545f81e37f2cb4df0a1bbf5e341d5f92094631be487417f88a34
Ada-MGAD-e2e-v2-testreview,1b0efe92e43b81ded698239387571de73f6fe185,experiments/p6/c1_protocol/c1-g2-py38-correction-20260924T0831Z/correction_report.md,3511,757d796360596b4155d91f40ed3b29cb78cc547dba0ecff819ff1a5496a58857
Ada-MGAD-e2e-v2-testreview,1b0efe92e43b81ded698239387571de73f6fe185,experiments/p6/c1_protocol/c1-g2-v1-20260924/design_lock_report.md,2211,105b44683c01ffc8ef6eded385ec1dc3d6032415e40c58cdfd2815595c02a23f
Ada-MGAD-e2e-v2-testreview,1b0efe92e43b81ded698239387571de73f6fe185,experiments/p6/c1_protocol/c1-g2-v1-20260924/raw_content_manifest.json,1584322,03bdefc1ad817802a9f015a5cc07c71f5e8d625c66c5d5e9fbff31d0d5671718
Ada-MGAD-e2e-v2-testreview,1b0efe92e43b81ded698239387571de73f6fe185,experiments/p6/c1_supervision_oos/c1-supervision-oos-v1-seed42/evaluation/c1_results.json,1947819,d94b67c6631229c8994b491156d616a29062537fda6955bb9a44908609786b6c
Ada-MGAD-e2e-v2-testreview,1b0efe92e43b81ded698239387571de73f6fe185,experiments/p6/c1_supervision_oos/c1-supervision-oos-v1-seed42/evaluation/c2_failure_ledger.csv,1266920,2d7dd0703147a7f67d8e77b17f9be03be43b63baa733f7891b6f653852acef5c
Ada-MGAD-e2e-v2-testreview,1b0efe92e43b81ded698239387571de73f6fe185,experiments/p6/c1_supervision_oos/c1-supervision-oos-v1-seed42/evaluation/c2_failure_summary.json,669,382829e8258b95882ef741004ae2715a98cc01dcd53cc11229cc12abb48c2b95
Ada-MGAD-e2e-v2-testreview,1b0efe92e43b81ded698239387571de73f6fe185,experiments/p6/c1_supervision_oos/c1-supervision-oos-v1-seed42/evaluation/c2_full_diagnosis.json,17914,3b6635e497916cc0be7ba06f466772d1d884544d5819fa519714e3b1e2157beb
Ada-MGAD-e2e-v2-testreview,1b0efe92e43b81ded698239387571de73f6fe185,experiments/p6/c1_supervision_oos/c1-supervision-oos-v1-seed42/evaluation/c2_raw_matching.csv,1155905,986a55d59a6f809a0a6961d76eca5402624ae776bcbd170afb935a24862a09ab
Ada-MGAD-e2e-v2-testreview,1b0efe92e43b81ded698239387571de73f6fe185,experiments/p6/c1_supervision_oos/c1-supervision-oos-v1-seed42/evaluation/c2_stage1_reference.json,1754,104ca7578bd204131f5785fa27b9b97eb08470343f149742c74b83195f8e10c9
Ada-MGAD-e2e-v2-testreview,1b0efe92e43b81ded698239387571de73f6fe185,experiments/p6/c1_supervision_oos/c1-supervision-oos-v1-seed42/evaluation/completion_manifest.json,4210,c113bd2b18967e9f0fac4a227bed7c19e5659f6f13833ba4b21040a9a1b9730e
Ada-MGAD-e2e-v2-testreview,1b0efe92e43b81ded698239387571de73f6fe185,experiments/p6/c1_supervision_oos/c1-supervision-oos-v1-seed42/evaluation/oracle_a_diagnostic.json,269,d1838b5efefa11087fbbb6ecc9949740d6fbb0ece02316ec243e06cb1e4dc1ae
Ada-MGAD-e2e-v2-testreview,1b0efe92e43b81ded698239387571de73f6fe185,experiments/p6/c1_supervision_oos/c1-supervision-oos-v1-seed42/evaluation/oracle_a_rankings.csv,990811,5a7c9576a448ce7a2a9688a214626cc3176919305643f4e89e1dada7c899eec4
Ada-MGAD-e2e-v2-testreview,1b0efe92e43b81ded698239387571de73f6fe185,experiments/p6/c1_supervision_oos/c1-supervision-oos-v1-seed42/folds/fold_01/completion_manifest.json,9087,e5ee5d1ee7f825b18e7ef69f4764182284547d3940c77771855a40468c9b3d3c
Ada-MGAD-e2e-v2-testreview,1b0efe92e43b81ded698239387571de73f6fe185,experiments/p6/c1_supervision_oos/c1-supervision-oos-v1-seed42/folds/fold_01/detector/completion_manifest.json,4312,77f0e0bc4f07aad21799db077c09c3d657dc5c2c106d24460257742c33df5220
Ada-MGAD-e2e-v2-testreview,1b0efe92e43b81ded698239387571de73f6fe185,experiments/p6/c1_supervision_oos/c1-supervision-oos-v1-seed42/folds/fold_01/detector/generation_episodes.csv,106723,856797f52561e1fdc0a9a0e5ab00885ad5a0267d5ccf58f0d943e2bfde31f664
Ada-MGAD-e2e-v2-testreview,1b0efe92e43b81ded698239387571de73f6fe185,experiments/p6/c1_supervision_oos/c1-supervision-oos-v1-seed42/folds/fold_01/detector/generation_scores.csv,750379,6e6a1343939cfbe52c5ea0cf33aa8c7d44cd656c9e5e8641a4fc1f01f0ecb9bc
Ada-MGAD-e2e-v2-testreview,1b0efe92e43b81ded698239387571de73f6fe185,experiments/p6/c1_supervision_oos/c1-supervision-oos-v1-seed42/folds/fold_01/detector/selection.json,773,e96b42fda9f874a04866e984d36f9b32feb24cfabb9d0baf9dda72285fa85f45
Ada-MGAD-e2e-v2-testreview,1b0efe92e43b81ded698239387571de73f6fe185,experiments/p6/c1_supervision_oos/c1-supervision-oos-v1-seed42/folds/fold_01/detector/training_log.json,19221,64dd055eb00531ae43fcead33e103fc1ec55fb6f364518eaec53daae4829a026
Ada-MGAD-e2e-v2-testreview,1b0efe92e43b81ded698239387571de73f6fe185,experiments/p6/c1_supervision_oos/c1-supervision-oos-v1-seed42/folds/fold_02/completion_manifest.json,9096,51006c83a351a1794832be0f82fcee35bceeec0a2a1382df1c61b9e2dc7f252c
Ada-MGAD-e2e-v2-testreview,1b0efe92e43b81ded698239387571de73f6fe185,experiments/p6/c1_supervision_oos/c1-supervision-oos-v1-seed42/folds/fold_02/detector/completion_manifest.json,4281,1ac2392e356f0da8e56fd1c944fbc86f5492d882424d942eeb12523f81a4642b
Ada-MGAD-e2e-v2-testreview,1b0efe92e43b81ded698239387571de73f6fe185,experiments/p6/c1_supervision_oos/c1-supervision-oos-v1-seed42/folds/fold_02/detector/generation_episodes.csv,130039,237fa6eb7af28143ba38568ab9c19f5ee2cfb23c2fed25de2d680fd11ee7383a
Ada-MGAD-e2e-v2-testreview,1b0efe92e43b81ded698239387571de73f6fe185,experiments/p6/c1_supervision_oos/c1-supervision-oos-v1-seed42/folds/fold_02/detector/generation_scores.csv,753899,7abb1f0398658ada10897f17b4f271ff084f6b1daf1e9c1adeddfb667eb3b02f
Ada-MGAD-e2e-v2-testreview,1b0efe92e43b81ded698239387571de73f6fe185,experiments/p6/c1_supervision_oos/c1-supervision-oos-v1-seed42/folds/fold_02/detector/selection.json,741,3449a63b37f5184f9fbd86888843d6e9d8605c3b0b6502635528ff139fd3db3f
Ada-MGAD-e2e-v2-testreview,1b0efe92e43b81ded698239387571de73f6fe185,experiments/p6/c1_supervision_oos/c1-supervision-oos-v1-seed42/folds/fold_02/detector/training_log.json,12434,9cb70fe0d388f2f964a539d9c9d21608b6aa8c710a5b097f0f71fbf27162458b
Ada-MGAD-e2e-v2-testreview,1b0efe92e43b81ded698239387571de73f6fe185,experiments/p6/c1_supervision_oos/c1-supervision-oos-v1-seed42/folds/fold_03/completion_manifest.json,9096,a965256b6152dc4310918aa48ce7fe893ed5207d7c5022101ae3dfa818034934
Ada-MGAD-e2e-v2-testreview,1b0efe92e43b81ded698239387571de73f6fe185,experiments/p6/c1_supervision_oos/c1-supervision-oos-v1-seed42/folds/fold_03/detector/completion_manifest.json,4300,1e94bc29015731fe875de21506a2ad16589ef7a5dce77bf00d3fb16d66c15d56
Ada-MGAD-e2e-v2-testreview,1b0efe92e43b81ded698239387571de73f6fe185,experiments/p6/c1_supervision_oos/c1-supervision-oos-v1-seed42/folds/fold_03/detector/generation_episodes.csv,125838,6519b6f514e75972054b3d458c4dcb9320e6c4e3bfcf65a68bb8a3af7282fb05
Ada-MGAD-e2e-v2-testreview,1b0efe92e43b81ded698239387571de73f6fe185,experiments/p6/c1_supervision_oos/c1-supervision-oos-v1-seed42/folds/fold_03/detector/generation_scores.csv,753500,3756b817680de25addd174fc2a60ebc9c934ac3ec5fdac1bbc8484de080d117f
Ada-MGAD-e2e-v2-testreview,1b0efe92e43b81ded698239387571de73f6fe185,experiments/p6/c1_supervision_oos/c1-supervision-oos-v1-seed42/folds/fold_03/detector/selection.json,760,f73355c10d70746fffafaf12a3f8bf8bccdbfa4c85d0ea3110e630e73f3b40e8
Ada-MGAD-e2e-v2-testreview,1b0efe92e43b81ded698239387571de73f6fe185,experiments/p6/c1_supervision_oos/c1-supervision-oos-v1-seed42/folds/fold_03/detector/training_log.json,12517,971f380db43fd6bb6f0d62044007ee0e865a6d94815d31dedca0e533c645006d
Ada-MGAD-e2e-v2-testreview,1b0efe92e43b81ded698239387571de73f6fe185,experiments/p6/c1_supervision_oos/c1-supervision-oos-v1-seed42/g1_static/completion_manifest.json,5866,935abdc91db5fa1ddba7cb26455508433dace34c11ffa92087243f2ee7afab23
Ada-MGAD-e2e-v2-testreview,1b0efe92e43b81ded698239387571de73f6fe185,experiments/p6/c1_supervision_oos/c1-supervision-oos-v1-seed42/g1_static/fold_manifest.json,11117,017d4b2e87d737ee7d1f3f729a63fed4775e9e8181ec04214ddda6883310d4e5
Ada-MGAD-e2e-v2-testreview,1b0efe92e43b81ded698239387571de73f6fe185,experiments/p6/c1_supervision_oos/c1-supervision-oos-v1-seed42/g1_static/input_manifest.json,7333,a316f306e8b117b8aa9739b468c39f4cd6523310b48ad02f83f2c2f346abd3a1
Ada-MGAD-e2e-v2-testreview,1b0efe92e43b81ded698239387571de73f6fe185,experiments/p6/c1_supervision_oos/c1-supervision-oos-v1-seed42/g1_static/integrity_report.md,1692,2afcab0765547b1e0d75aa464eff2e98e3029e857eceef1435718078395ace22
Ada-MGAD-e2e-v2-testreview,1b0efe92e43b81ded698239387571de73f6fe185,experiments/p6/c1_supervision_oos/c1-supervision-oos-v1-seed42/g1_static/static_population.json,1545,83a5e20726f20866060bd7014784687d3860b0ccc63a76c6c0820817b311f7eb
Ada-MGAD-e2e-v2-testreview,1b0efe92e43b81ded698239387571de73f6fe185,experiments/p6/c1_supervision_oos/c1-supervision-oos-v1-seed42/predictions/completion_manifest.json,3671,19777b7f4656f3e8b360e1ecb618dc5d0dc8a0e63a15df59596a1d87be746216
Ada-MGAD-e2e-v2-testreview,1b0efe92e43b81ded698239387571de73f6fe185,experiments/p6/c1_supervision_oos/c1-supervision-oos-v1-seed42/predictions/prediction_lock.json,6883,ee9500730e7b982557de31d9fd138c13e09e5af397b11354e88b305f0233c967
Ada-MGAD-e2e-v2-testreview,1b0efe92e43b81ded698239387571de73f6fe185,experiments/p6/c1_supervision_oos/c1-supervision-oos-v1-seed42/predictions/scope_rankings.csv,1596904,b444a4d92c601430b79a3fee5e6fcddc97c3a8573cd20bd0c16a828d5bf6a650
Ada-MGAD-e2e-v2-testreview,1b0efe92e43b81ded698239387571de73f6fe185,experiments/p6/c1_supervision_oos/c1-supervision-oos-v1-seed42/rca/arm_b.json,753,2ba84aa9ec52b488db82b2dadce049c9c0105f2147176ff5716ba4d15ee8a4c7
Ada-MGAD-e2e-v2-testreview,1b0efe92e43b81ded698239387571de73f6fe185,experiments/p6/c1_supervision_oos/c1-supervision-oos-v1-seed42/rca/arm_c.json,752,6132941dd09f098a4c711c954ddec473eac11de63f5b094586413d95d7e6ca27
Ada-MGAD-e2e-v2-testreview,1b0efe92e43b81ded698239387571de73f6fe185,experiments/p6/c1_supervision_oos/c1-supervision-oos-v1-seed42/rca/completion_manifest.json,3538,2e446855d9e9cff34c684e8472d7510d1deb3cf5849aa9d8461e7d456127e9b0
Ada-MGAD-e2e-v2-testreview,1b0efe92e43b81ded698239387571de73f6fe185,experiments/p6/c1_supervision_oos/c1-supervision-oos-v1-seed42/run_lock.json,6331,0b5a2b649c31305eec88d631f2d57ef2a45a7d4d643d861478b3a11d620c9c56
Ada-MGAD-e2e-v2-testreview,1b0efe92e43b81ded698239387571de73f6fe185,experiments/p6/c1_supervision_oos/c1-supervision-oos-v1-seed42/train_cohort/cases.csv,325878,83ee698981272bfb1f89d1c2d9b1c2c622b63c419a08c251abde2bf7965821dd
Ada-MGAD-e2e-v2-testreview,1b0efe92e43b81ded698239387571de73f6fe185,experiments/p6/c1_supervision_oos/c1-supervision-oos-v1-seed42/train_cohort/completion_manifest.json,4746,b36dfaa5ba38bc741e318d8cb9e59e5f225324ff9cd3422b6040faff04634550
Ada-MGAD-e2e-v2-testreview,1b0efe92e43b81ded698239387571de73f6fe185,experiments/p6/c1_supervision_oos/c1-supervision-oos-v1-seed42/train_cohort/exclusions.csv,1760,3f5dc5665be94d84e76d3e1e3f84756ae4fdd00e2f42dc96eed7ac3de3941cd6
Ada-MGAD-e2e-v2-testreview,1b0efe92e43b81ded698239387571de73f6fe185,experiments/p6/c1_supervision_oos/c1-supervision-oos-v1-seed42/train_cohort/matching.csv,811460,5c3aa3085f03c2061af4e89e06f6a2f138e0bf69395e2deba438a61a643d8db4
Ada-MGAD-e2e-v2-testreview,1b0efe92e43b81ded698239387571de73f6fe185,experiments/p6/frozen_test_review/frozen-candidates-v1-20261001/arms/causal_merged/episodes.csv,339560,702121b1b159cfe1bd2ab4fb77b46d30ffdb2d32c021c313ac7db0fd53ea20bc
Ada-MGAD-e2e-v2-testreview,1b0efe92e43b81ded698239387571de73f6fe185,experiments/p6/frozen_test_review/frozen-candidates-v1-20261001/arms/control_merged/episodes.csv,343034,20fe8919ec651aa5658e842eee37d43bf940c602ae4e34b330fec3489a150e28
Ada-MGAD-e2e-v2-testreview,1b0efe92e43b81ded698239387571de73f6fe185,experiments/p6/frozen_test_review/frozen-candidates-v1-20261001/arms/flat_merged/episodes.csv,337805,996af80fda3d9be75f45dbca70ee8389abe56a51be6a621573a3937e11b0de31
Ada-MGAD-e2e-v2-testreview,1b0efe92e43b81ded698239387571de73f6fe185,experiments/p6/frozen_test_review/frozen-candidates-v1-20261001/arms/legacy_merged/episodes.csv,378858,30bacbeecbee4b9f738fc6330fa9d8df5c1adc08e37fb1ee8476f1b47735399b
Ada-MGAD-e2e-v2-testreview,1b0efe92e43b81ded698239387571de73f6fe185,experiments/p6/frozen_test_review/frozen-candidates-v1-20261001/arms/legacy_rise/episodes.csv,316077,f43a2e1614a2b5ce95ccecd8ef67fb00307ffbba32500ff2fc6f83d23a9cea3c
Ada-MGAD-e2e-v2-testreview,1b0efe92e43b81ded698239387571de73f6fe185,experiments/p6/frozen_test_review/frozen-candidates-v1-20261001/arms/metric_merged/episodes.csv,345950,1fc8e20abb22a66c4089451ecd0f9cbac48f6d9cd5f59885ab8638195b6c1b35
Ada-MGAD-e2e-v2-testreview,1b0efe92e43b81ded698239387571de73f6fe185,experiments/p6/frozen_test_review/frozen-candidates-v1-20261001/arms/onset_aux/episodes.csv,295807,7795b6a5251ec521b434493e07eb18ee76febb3f6e2bcfdf84ae57072e49081d
Ada-MGAD-e2e-v2-testreview,1b0efe92e43b81ded698239387571de73f6fe185,experiments/p6/frozen_test_review/frozen-candidates-v1-20261001/arms/onset_bin/episodes.csv,280853,1fd6cbf5bcc741fa72d1d9c463c9586ce314066474170deca644265b5480ca90
Ada-MGAD-e2e-v2-testreview,1b0efe92e43b81ded698239387571de73f6fe185,experiments/p6/frozen_test_review/frozen-candidates-v1-20261001/arms/onset_merged/episodes.csv,334615,e936722be76fa308affc3bd3fccf9f34720142de52d691dcc2ea95d2b583963f
Ada-MGAD-e2e-v2-testreview,1b0efe92e43b81ded698239387571de73f6fe185,experiments/p6/frozen_test_review/frozen-candidates-v1-20261001/arms/tcn17_aux/episodes.csv,312270,23f4448134f0fb2da563f2f9a5da676e89b25a74747ee7f44c6393f8896cefd7
Ada-MGAD-e2e-v2-testreview,1b0efe92e43b81ded698239387571de73f6fe185,experiments/p6/frozen_test_review/frozen-candidates-v1-20261001/arms/tcn17_bin/episodes.csv,323724,cfcf0db1ac0b7c6e4ec4e606e789db2af5bece87a022b02012dcc226adbcacb6
Ada-MGAD-e2e-v2-testreview,1b0efe92e43b81ded698239387571de73f6fe185,experiments/p6/frozen_test_review/frozen-candidates-v1-20261001/arms/tcn17_merged/episodes.csv,345120,5daec08eafd1ed17633ddd4668b441970843ac933f266a645c3370b0e6a74ef4
Ada-MGAD-e2e-v2-testreview,1b0efe92e43b81ded698239387571de73f6fe185,experiments/p6/frozen_test_review/frozen-candidates-v1-20261001/arms/tcn2026_aux/episodes.csv,322792,026672dd219d50301f503d764d50da71f05a89809c17a09a2268fbcc1a1379b6
Ada-MGAD-e2e-v2-testreview,1b0efe92e43b81ded698239387571de73f6fe185,experiments/p6/frozen_test_review/frozen-candidates-v1-20261001/arms/tcn2026_bin/episodes.csv,303827,2c538a7f514a7bef18e360db85cbaadf4e1623b431d2e3df434961765ec9668a
Ada-MGAD-e2e-v2-testreview,1b0efe92e43b81ded698239387571de73f6fe185,experiments/p6/frozen_test_review/frozen-candidates-v1-20261001/arms/tcn2026_merged/episodes.csv,334802,9dded9eca234d48f570fb456fee0e1266b0a3d3b1eee35dc122082f9d371d04f
Ada-MGAD-e2e-v2-testreview,1b0efe92e43b81ded698239387571de73f6fe185,experiments/p6/frozen_test_review/frozen-candidates-v1-20261001/arms/tcn42_aux/episodes.csv,315311,88a2d716bb703c32ef9991a1f36770c5f4fa664c28c992bf3240b0ea5e55a562
Ada-MGAD-e2e-v2-testreview,1b0efe92e43b81ded698239387571de73f6fe185,experiments/p6/frozen_test_review/frozen-candidates-v1-20261001/arms/tcn42_bin/episodes.csv,313594,99f10b36ae7f4ec153e1ea5f444581e4a0f74c37c99cb17a6b7a15ed03a8ec59
Ada-MGAD-e2e-v2-testreview,1b0efe92e43b81ded698239387571de73f6fe185,experiments/p6/frozen_test_review/frozen-candidates-v1-20261001/arms/tcn42_merged/episodes.csv,340796,f3e751987e0c3a6fef2fc2f487856dd582cf9cc7da274a86eb4488c76d572d04
Ada-MGAD-e2e-v2-testreview,1b0efe92e43b81ded698239387571de73f6fe185,experiments/p6/frozen_test_review/frozen-candidates-v1-20261001/arms/weighted_merged/episodes.csv,342632,f3a60c6ec0fa0084d9cdce60d1cd79675ff011836d3fb9dc198f56f49a05c023
Ada-MGAD-e2e-v2-testreview,1b0efe92e43b81ded698239387571de73f6fe185,experiments/p6/frozen_test_review/frozen-candidates-v1-20261001/evaluation/causal_merged/failure_ledger.csv,2191506,0bc60292217cc97ceb7d2dc46916741c2a0d090caebf6ceba310706e4f7998c8
Ada-MGAD-e2e-v2-testreview,1b0efe92e43b81ded698239387571de73f6fe185,experiments/p6/frozen_test_review/frozen-candidates-v1-20261001/evaluation/causal_merged/matching.csv,948185,9b83aa3427d7eb2f9b83f165169f1e5a78785c575223da5292bf7355374033a9
Ada-MGAD-e2e-v2-testreview,1b0efe92e43b81ded698239387571de73f6fe185,experiments/p6/frozen_test_review/frozen-candidates-v1-20261001/evaluation/causal_merged/result.json,14597,040b7737bc5c0b63aaa108b92fd15b90a7ec3d63b8efb28d435aa95e308d52ae
Ada-MGAD-e2e-v2-testreview,1b0efe92e43b81ded698239387571de73f6fe185,experiments/p6/frozen_test_review/frozen-candidates-v1-20261001/evaluation/completion_manifest.json,6415,62559bd7d73775185a50af64fe445fb6f2c8e810dcb8ebeb7e418628edd3a7c2
Ada-MGAD-e2e-v2-testreview,1b0efe92e43b81ded698239387571de73f6fe185,experiments/p6/frozen_test_review/frozen-candidates-v1-20261001/evaluation/control_merged/failure_ledger.csv,2194484,891ae54d6fced43e1ca205134549d965e4aba3e74c9ccb547746dd0c25f6ba6c
Ada-MGAD-e2e-v2-testreview,1b0efe92e43b81ded698239387571de73f6fe185,experiments/p6/frozen_test_review/frozen-candidates-v1-20261001/evaluation/control_merged/matching.csv,951729,34a566ae7bb7051b85d226b191b01957c2df38bf370386dc8a1a86ce40b07bbd
Ada-MGAD-e2e-v2-testreview,1b0efe92e43b81ded698239387571de73f6fe185,experiments/p6/frozen_test_review/frozen-candidates-v1-20261001/evaluation/control_merged/result.json,14571,891328a3c3ffc7cce1ae6dd82fb91088cb90c90f16fc7adcc4ecb03d470d7548
Ada-MGAD-e2e-v2-testreview,1b0efe92e43b81ded698239387571de73f6fe185,experiments/p6/frozen_test_review/frozen-candidates-v1-20261001/evaluation/detector_results.csv,2766,eba24f35617a771f25e77deee9549ea60c2b307832ffca43dda5680d00476231
Ada-MGAD-e2e-v2-testreview,1b0efe92e43b81ded698239387571de73f6fe185,experiments/p6/frozen_test_review/frozen-candidates-v1-20261001/evaluation/flat_merged/failure_ledger.csv,2194126,f2785ea7c4726e023836f8585cd1fa58e2fb296cfe22b5848cc91f0bb9cce6ef
Ada-MGAD-e2e-v2-testreview,1b0efe92e43b81ded698239387571de73f6fe185,experiments/p6/frozen_test_review/frozen-candidates-v1-20261001/evaluation/flat_merged/matching.csv,911104,481590131ba7bb31f3da1bc42edcc001c3195e301cc065258eb3954a02ee2eec
Ada-MGAD-e2e-v2-testreview,1b0efe92e43b81ded698239387571de73f6fe185,experiments/p6/frozen_test_review/frozen-candidates-v1-20261001/evaluation/flat_merged/result.json,14203,a9108ba2e3b47fe0f9d057f2793fc7df46436edfb20c5040152ca91b6d802b9c
Ada-MGAD-e2e-v2-testreview,1b0efe92e43b81ded698239387571de73f6fe185,experiments/p6/frozen_test_review/frozen-candidates-v1-20261001/evaluation/legacy_merged/failure_ledger.csv,2189338,fcab566b06d21bbdb887c2a8893ae4110fd2c5a637a55f4213b1b43fbe5b4b2e
Ada-MGAD-e2e-v2-testreview,1b0efe92e43b81ded698239387571de73f6fe185,experiments/p6/frozen_test_review/frozen-candidates-v1-20261001/evaluation/legacy_merged/matching.csv,987765,011332f3537ee6f7d044e9da23df1d88f617fb71d3a552354343db6fd91c9c77
Ada-MGAD-e2e-v2-testreview,1b0efe92e43b81ded698239387571de73f6fe185,experiments/p6/frozen_test_review/frozen-candidates-v1-20261001/evaluation/legacy_merged/result.json,14596,cd6868159b1155da7a55676aa4f0e7f91d97233c7e25baee3c04938c1afc016b
Ada-MGAD-e2e-v2-testreview,1b0efe92e43b81ded698239387571de73f6fe185,experiments/p6/frozen_test_review/frozen-candidates-v1-20261001/evaluation/legacy_rise/failure_ledger.csv,2194135,cbe13b704b2aae409d7eb9a6947b59980badbaa1255ddf78bc58a46345b3d4bf
Ada-MGAD-e2e-v2-testreview,1b0efe92e43b81ded698239387571de73f6fe185,experiments/p6/frozen_test_review/frozen-candidates-v1-20261001/evaluation/legacy_rise/matching.csv,932142,f72c62ac24a5cbd95e5cf792c89062f5065c6dcc2950dd51a845191e272873a7
Ada-MGAD-e2e-v2-testreview,1b0efe92e43b81ded698239387571de73f6fe185,experiments/p6/frozen_test_review/frozen-candidates-v1-20261001/evaluation/legacy_rise/result.json,14578,47a6da334de26cce2388e830304559f43d9d6a4aa2fd94d8b14176aba4615977
Ada-MGAD-e2e-v2-testreview,1b0efe92e43b81ded698239387571de73f6fe185,experiments/p6/frozen_test_review/frozen-candidates-v1-20261001/evaluation/metric_merged/failure_ledger.csv,2194707,d5aa25ce04ddff6676f590231605dd839f36e414e8f29a85eb1987cc3839973f
Ada-MGAD-e2e-v2-testreview,1b0efe92e43b81ded698239387571de73f6fe185,experiments/p6/frozen_test_review/frozen-candidates-v1-20261001/evaluation/metric_merged/matching.csv,956065,d825d66a9148c2be5653e792f3c886334d5894c9611ba8b8de2a5785dc57b9ab
Ada-MGAD-e2e-v2-testreview,1b0efe92e43b81ded698239387571de73f6fe185,experiments/p6/frozen_test_review/frozen-candidates-v1-20261001/evaluation/metric_merged/result.json,14582,7aa57d83b81585479e586d959d601d181a958e88e9e35c42215b79dbfec84c28
Ada-MGAD-e2e-v2-testreview,1b0efe92e43b81ded698239387571de73f6fe185,experiments/p6/frozen_test_review/frozen-candidates-v1-20261001/evaluation/onset_aux/failure_ledger.csv,2189586,d43e801b2dd0786635d524a9df882011150a239a1caa4fcb8dd86d1e3d7852e6
Ada-MGAD-e2e-v2-testreview,1b0efe92e43b81ded698239387571de73f6fe185,experiments/p6/frozen_test_review/frozen-candidates-v1-20261001/evaluation/onset_aux/matching.csv,918917,8531a7b3e8f0f519f3ed091294d83e650706bb8640790e9ee74771ae2090873c
Ada-MGAD-e2e-v2-testreview,1b0efe92e43b81ded698239387571de73f6fe185,experiments/p6/frozen_test_review/frozen-candidates-v1-20261001/evaluation/onset_aux/result.json,14633,d8dbb57d19b3974a765ec9a8b3f4588bebf5339f8e1534cbeb1a80feca5672fb
Ada-MGAD-e2e-v2-testreview,1b0efe92e43b81ded698239387571de73f6fe185,experiments/p6/frozen_test_review/frozen-candidates-v1-20261001/evaluation/onset_bin/failure_ledger.csv,2185531,f5b094c55186741bec43b318a748512686e2507069e1cd58ad0ccd81916b95ad
Ada-MGAD-e2e-v2-testreview,1b0efe92e43b81ded698239387571de73f6fe185,experiments/p6/frozen_test_review/frozen-candidates-v1-20261001/evaluation/onset_bin/matching.csv,899265,a9250e458415afc6983e115447c9865da8ddc9f618efdcf9e09131492abc7f19
Ada-MGAD-e2e-v2-testreview,1b0efe92e43b81ded698239387571de73f6fe185,experiments/p6/frozen_test_review/frozen-candidates-v1-20261001/evaluation/onset_bin/result.json,14596,5eb83243b9f04a2a1787b46793b8de282a1cd4274e16f8f141a20e7ebea35568
Ada-MGAD-e2e-v2-testreview,1b0efe92e43b81ded698239387571de73f6fe185,experiments/p6/frozen_test_review/frozen-candidates-v1-20261001/evaluation/onset_merged/failure_ledger.csv,2181408,8a1d3f2d1d84975f0cf32844764f73ff90c949e855b33227b83bb4df40003630
Ada-MGAD-e2e-v2-testreview,1b0efe92e43b81ded698239387571de73f6fe185,experiments/p6/frozen_test_review/frozen-candidates-v1-20261001/evaluation/onset_merged/matching.csv,942560,fb43991c3f5b6b9725a1c6ac55c3e49b9d261f89d99a3062369bae9c2e0c6688
Ada-MGAD-e2e-v2-testreview,1b0efe92e43b81ded698239387571de73f6fe185,experiments/p6/frozen_test_review/frozen-candidates-v1-20261001/evaluation/onset_merged/result.json,14581,3cbf0cc558c448bd2954aef5bd0935539b6d52ececa78f348e66320ad62f05dc
Ada-MGAD-e2e-v2-testreview,1b0efe92e43b81ded698239387571de73f6fe185,experiments/p6/frozen_test_review/frozen-candidates-v1-20261001/evaluation/purged_gt.csv,325,32066fd5a166950ffa18cba3118c9d987673563234b2561d3990addc48eabcf0
Ada-MGAD-e2e-v2-testreview,1b0efe92e43b81ded698239387571de73f6fe185,experiments/p6/frozen_test_review/frozen-candidates-v1-20261001/evaluation/results.json,589295,b2adeb69eea31226cba72b3c61bbee9e300ba60df5d690c9bb86eb28f34d6094
Ada-MGAD-e2e-v2-testreview,1b0efe92e43b81ded698239387571de73f6fe185,experiments/p6/frozen_test_review/frozen-candidates-v1-20261001/evaluation/tcn17_aux/failure_ledger.csv,2202350,302543bf244fbed3b5fafe0a03019685ff518bbb27032d8abdb1ce3845d6f523
Ada-MGAD-e2e-v2-testreview,1b0efe92e43b81ded698239387571de73f6fe185,experiments/p6/frozen_test_review/frozen-candidates-v1-20261001/evaluation/tcn17_aux/matching.csv,935645,ccfd7ee6dd3078cff41fccc1e5dd242b54314b5e568e15bf80498ab13865e3f6
Ada-MGAD-e2e-v2-testreview,1b0efe92e43b81ded698239387571de73f6fe185,experiments/p6/frozen_test_review/frozen-candidates-v1-20261001/evaluation/tcn17_aux/result.json,14592,90958c6c3f7c8e00452ff618f80a129525c38803741ff8dd63c4133e1a63a58f
Ada-MGAD-e2e-v2-testreview,1b0efe92e43b81ded698239387571de73f6fe185,experiments/p6/frozen_test_review/frozen-candidates-v1-20261001/evaluation/tcn17_bin/failure_ledger.csv,2206007,c8fc0a5f13fbd28519eefdea757567061681c56314f5b3f738922b31b543243c
Ada-MGAD-e2e-v2-testreview,1b0efe92e43b81ded698239387571de73f6fe185,experiments/p6/frozen_test_review/frozen-candidates-v1-20261001/evaluation/tcn17_bin/matching.csv,949892,7ea86b239db8ff99f47dfa0175f4e77ef2b0cc8bea6c8ccbd0b2c992b6a6cbdf
Ada-MGAD-e2e-v2-testreview,1b0efe92e43b81ded698239387571de73f6fe185,experiments/p6/frozen_test_review/frozen-candidates-v1-20261001/evaluation/tcn17_bin/result.json,14567,e9fe930e3f61cd7a0e3fc37061309b8c6e433b6763d06f5fc0a709d542cd9115
Ada-MGAD-e2e-v2-testreview,1b0efe92e43b81ded698239387571de73f6fe185,experiments/p6/frozen_test_review/frozen-candidates-v1-20261001/evaluation/tcn17_merged/failure_ledger.csv,2194901,dd223e413e75c369d4dcd384ae0d17a0cec96ee3cb538e13881b5ee80a5298e5
Ada-MGAD-e2e-v2-testreview,1b0efe92e43b81ded698239387571de73f6fe185,experiments/p6/frozen_test_review/frozen-candidates-v1-20261001/evaluation/tcn17_merged/matching.csv,954373,39014a963c05eba47c65250199f2b3e9af23cd4314eb04c1c0142ded110cfbb4
Ada-MGAD-e2e-v2-testreview,1b0efe92e43b81ded698239387571de73f6fe185,experiments/p6/frozen_test_review/frozen-candidates-v1-20261001/evaluation/tcn17_merged/result.json,14549,ac10f453bb163c83c16839b191a3693e8ee996dad85466faf4980aefc0a1bb2a
Ada-MGAD-e2e-v2-testreview,1b0efe92e43b81ded698239387571de73f6fe185,experiments/p6/frozen_test_review/frozen-candidates-v1-20261001/evaluation/tcn2026_aux/failure_ledger.csv,2204009,36994aa4f1de800b3ea1b57c0bd2ca933d3cabd80acf679d59f03caba7ad8982
Ada-MGAD-e2e-v2-testreview,1b0efe92e43b81ded698239387571de73f6fe185,experiments/p6/frozen_test_review/frozen-candidates-v1-20261001/evaluation/tcn2026_aux/matching.csv,950494,56793b8e6965ae8198c588b1f9f15b1d90db970640857b985398a73e94338ab4
Ada-MGAD-e2e-v2-testreview,1b0efe92e43b81ded698239387571de73f6fe185,experiments/p6/frozen_test_review/frozen-candidates-v1-20261001/evaluation/tcn2026_aux/result.json,14621,3b1a82fba0500e181244f27380fbb17a08f303485a0b8c12a6bbbf9b9193ff2f
Ada-MGAD-e2e-v2-testreview,1b0efe92e43b81ded698239387571de73f6fe185,experiments/p6/frozen_test_review/frozen-candidates-v1-20261001/evaluation/tcn2026_bin/failure_ledger.csv,2197506,b78e6b7c22f0fa12aae0d188a048715af0d3ecebcba5b00949bd3d00ccf657a6
Ada-MGAD-e2e-v2-testreview,1b0efe92e43b81ded698239387571de73f6fe185,experiments/p6/frozen_test_review/frozen-candidates-v1-20261001/evaluation/tcn2026_bin/matching.csv,926760,5635fb1a903c03f938e897f9193301807c47c5d311e1d3814aaa74a59ab6d08a
Ada-MGAD-e2e-v2-testreview,1b0efe92e43b81ded698239387571de73f6fe185,experiments/p6/frozen_test_review/frozen-candidates-v1-20261001/evaluation/tcn2026_bin/result.json,14650,6572b016bf19de6b5245f0d2cc3f80f0c872fae0ce6468b290fbe35d5593dde5
Ada-MGAD-e2e-v2-testreview,1b0efe92e43b81ded698239387571de73f6fe185,experiments/p6/frozen_test_review/frozen-candidates-v1-20261001/evaluation/tcn2026_merged/failure_ledger.csv,2187683,64cc4e4a94fd26d284c20fb04b5234eb27fd90dc65250b8b28d9dcf894155c51
Ada-MGAD-e2e-v2-testreview,1b0efe92e43b81ded698239387571de73f6fe185,experiments/p6/frozen_test_review/frozen-candidates-v1-20261001/evaluation/tcn2026_merged/matching.csv,942837,d87495a133c2c48d14e83a922551469991fc68e0e023b361877faccbf660c849
Ada-MGAD-e2e-v2-testreview,1b0efe92e43b81ded698239387571de73f6fe185,experiments/p6/frozen_test_review/frozen-candidates-v1-20261001/evaluation/tcn2026_merged/result.json,14588,de6279be8252aa6fefb3ef5742a82d0b28bd065404c139429a453227f652b746
Ada-MGAD-e2e-v2-testreview,1b0efe92e43b81ded698239387571de73f6fe185,experiments/p6/frozen_test_review/frozen-candidates-v1-20261001/evaluation/tcn42_aux/failure_ledger.csv,2204559,fc6e87aa411b34d113f4c602c3f4ad0985eb64570cadaff78a67f292b81738ab
Ada-MGAD-e2e-v2-testreview,1b0efe92e43b81ded698239387571de73f6fe185,experiments/p6/frozen_test_review/frozen-candidates-v1-20261001/evaluation/tcn42_aux/matching.csv,938796,9eecda8ab6d9de66b04e7365e14c9667df26e91029a2b3e8daf1ebc07d2aab8c
Ada-MGAD-e2e-v2-testreview,1b0efe92e43b81ded698239387571de73f6fe185,experiments/p6/frozen_test_review/frozen-candidates-v1-20261001/evaluation/tcn42_aux/result.json,14557,0ca612596ec83685f7b2c8365aebc2a56d45da02cab6dfb3f6b45a037b10d58b
Ada-MGAD-e2e-v2-testreview,1b0efe92e43b81ded698239387571de73f6fe185,experiments/p6/frozen_test_review/frozen-candidates-v1-20261001/evaluation/tcn42_bin/failure_ledger.csv,2203916,0f8d5bf272cab61417ff71a9f2b9f06797e41be78b5bb6fb9f9b39f120edd6e3
Ada-MGAD-e2e-v2-testreview,1b0efe92e43b81ded698239387571de73f6fe185,experiments/p6/frozen_test_review/frozen-candidates-v1-20261001/evaluation/tcn42_bin/matching.csv,936755,abbb5f178722637bfc2767348c8e9c155cbdf56539cab5dbe5207e02a721f3e1
Ada-MGAD-e2e-v2-testreview,1b0efe92e43b81ded698239387571de73f6fe185,experiments/p6/frozen_test_review/frozen-candidates-v1-20261001/evaluation/tcn42_bin/result.json,14574,272d76bbfc9d24a40fe4c960119487963c8746ad205ee1a1ec04c0f3f76620f7
Ada-MGAD-e2e-v2-testreview,1b0efe92e43b81ded698239387571de73f6fe185,experiments/p6/frozen_test_review/frozen-candidates-v1-20261001/evaluation/tcn42_merged/failure_ledger.csv,2193502,ef81403343c6765b454fe348673d4ae7826d1e4d3d332fe9f94265172a07717f
Ada-MGAD-e2e-v2-testreview,1b0efe92e43b81ded698239387571de73f6fe185,experiments/p6/frozen_test_review/frozen-candidates-v1-20261001/evaluation/tcn42_merged/matching.csv,949357,7509201eec7281523cc9575f33de393e28966867746e96fe5594caa9eabb0611
Ada-MGAD-e2e-v2-testreview,1b0efe92e43b81ded698239387571de73f6fe185,experiments/p6/frozen_test_review/frozen-candidates-v1-20261001/evaluation/tcn42_merged/result.json,14594,a0ef601fd56b57cb04e8e614c24c0736be202e0e23505d30396f8c906f61338c
Ada-MGAD-e2e-v2-testreview,1b0efe92e43b81ded698239387571de73f6fe185,experiments/p6/frozen_test_review/frozen-candidates-v1-20261001/evaluation/test_gt.csv,736176,78ced0a7cf7f5787e957e4c3a1f12cf9deb46af792376f0ad9f21586eda427f3
Ada-MGAD-e2e-v2-testreview,1b0efe92e43b81ded698239387571de73f6fe185,experiments/p6/frozen_test_review/frozen-candidates-v1-20261001/evaluation/weighted_merged/failure_ledger.csv,2175696,e3b9c93368c4e6162c6cd9e3b9c8ab382fdb06b37d9e753b88a53f93e09d2b78
Ada-MGAD-e2e-v2-testreview,1b0efe92e43b81ded698239387571de73f6fe185,experiments/p6/frozen_test_review/frozen-candidates-v1-20261001/evaluation/weighted_merged/matching.csv,951369,95d227621719e8d30c18a1951255eb050a774477a1bc53c55f01c59845662268
Ada-MGAD-e2e-v2-testreview,1b0efe92e43b81ded698239387571de73f6fe185,experiments/p6/frozen_test_review/frozen-candidates-v1-20261001/evaluation/weighted_merged/result.json,14574,8481d03b93e05e4d9882f6511ded8b143a5d6411920f2edcc0f644429dbf967c
Ada-MGAD-e2e-v2-testreview,1b0efe92e43b81ded698239387571de73f6fe185,experiments/p6/frozen_test_review/frozen-candidates-v1-20261001/global_prediction_lock.json,29783,3e8a9a8e94763ad7be25491a9e53339cc5e18da4b4e1ac86a8dca9250f9e9116
Ada-MGAD-e2e-v2-testreview,1b0efe92e43b81ded698239387571de73f6fe185,experiments/p6/frozen_test_review/frozen-candidates-v1-20261001/models/causal/completion_manifest.json,406,baea0b32a93d3b1f81445af58c342e598e5f45ab0b404215b3c6749e00898f13
Ada-MGAD-e2e-v2-testreview,1b0efe92e43b81ded698239387571de73f6fe185,experiments/p6/frozen_test_review/frozen-candidates-v1-20261001/models/causal/replay.json,501,67e8da9dd7a8e0188b7dfcb29228ac819d2e044deab2e71b222b61d6bc76b5a4
Ada-MGAD-e2e-v2-testreview,1b0efe92e43b81ded698239387571de73f6fe185,experiments/p6/frozen_test_review/frozen-candidates-v1-20261001/models/causal/scores.csv,1062689,03a2aed61fee3d3c57b5d98cd49eb2481273cc474a9d81eb3e950a238383d3e9
Ada-MGAD-e2e-v2-testreview,1b0efe92e43b81ded698239387571de73f6fe185,experiments/p6/frozen_test_review/frozen-candidates-v1-20261001/models/control/completion_manifest.json,407,c3b772d38ee9b812945dd2cf4ead1235156fc0ed2520dcfbb2b21fa9acbb5290
Ada-MGAD-e2e-v2-testreview,1b0efe92e43b81ded698239387571de73f6fe185,experiments/p6/frozen_test_review/frozen-candidates-v1-20261001/models/control/replay.json,485,1f29bac07a75f5e951a266b9377efdb492bfef36bfda773801b88317c0a9d4da
Ada-MGAD-e2e-v2-testreview,1b0efe92e43b81ded698239387571de73f6fe185,experiments/p6/frozen_test_review/frozen-candidates-v1-20261001/models/control/scores.csv,1063984,dc33b38f17de264a542a76d19d08319b15166fbd41ec3d94f9b7211540d056ee
Ada-MGAD-e2e-v2-testreview,1b0efe92e43b81ded698239387571de73f6fe185,experiments/p6/frozen_test_review/frozen-candidates-v1-20261001/models/flat/completion_manifest.json,403,427d0ddc89ced28a37873cbfbddc49d742dbd135bb7792ef80cec8dea9d68f5e
Ada-MGAD-e2e-v2-testreview,1b0efe92e43b81ded698239387571de73f6fe185,experiments/p6/frozen_test_review/frozen-candidates-v1-20261001/models/flat/replay.json,118,cb5d5aa7a5ba421a0e8aa57cd0d6bd37fc0ad7b7b6a8e86e4812eaa7a275d64a
Ada-MGAD-e2e-v2-testreview,1b0efe92e43b81ded698239387571de73f6fe185,experiments/p6/frozen_test_review/frozen-candidates-v1-20261001/models/flat/scores.csv,1066355,0af380cedd93b3c39ae17ae2a7ce11bf1a4aa36b6122022bf8ad0ed8cc8789d5
Ada-MGAD-e2e-v2-testreview,1b0efe92e43b81ded698239387571de73f6fe185,experiments/p6/frozen_test_review/frozen-candidates-v1-20261001/models/legacy/completion_manifest.json,407,78d6453767854b1d10d4f8efd6ca0671bdd76807026c0b45802eede952bcdd81
Ada-MGAD-e2e-v2-testreview,1b0efe92e43b81ded698239387571de73f6fe185,experiments/p6/frozen_test_review/frozen-candidates-v1-20261001/models/legacy/replay.json,90,2bfb8a98d323687586a883227271ccb13198a652fd9d0a841f16c9ca25163b58
Ada-MGAD-e2e-v2-testreview,1b0efe92e43b81ded698239387571de73f6fe185,experiments/p6/frozen_test_review/frozen-candidates-v1-20261001/models/legacy/scores.csv,1520813,44856cc6045cc5325621dfc137040ede5eeb0a87920b02ccad6d3b40526b6877
Ada-MGAD-e2e-v2-testreview,1b0efe92e43b81ded698239387571de73f6fe185,experiments/p6/frozen_test_review/frozen-candidates-v1-20261001/models/metric/completion_manifest.json,406,b7905fed82e7482d771119990793591372057afc2e07f41e7ae6054b0953ed54
Ada-MGAD-e2e-v2-testreview,1b0efe92e43b81ded698239387571de73f6fe185,experiments/p6/frozen_test_review/frozen-candidates-v1-20261001/models/metric/replay.json,480,637e02245b2d1b575773a1db043bcd78f471e572800fa46690634cd68301a3f1
Ada-MGAD-e2e-v2-testreview,1b0efe92e43b81ded698239387571de73f6fe185,experiments/p6/frozen_test_review/frozen-candidates-v1-20261001/models/metric/scores.csv,1062142,ce7f03612b30c5ab49a74b968918dd20d4c2feb8f23afd2fd7de31e539b81106
Ada-MGAD-e2e-v2-testreview,1b0efe92e43b81ded698239387571de73f6fe185,experiments/p6/frozen_test_review/frozen-candidates-v1-20261001/models/onset/completion_manifest.json,405,76fab23f34d34c55dc523b84018c04ff7478baa1863959774bfa1eb984b8ca61
Ada-MGAD-e2e-v2-testreview,1b0efe92e43b81ded698239387571de73f6fe185,experiments/p6/frozen_test_review/frozen-candidates-v1-20261001/models/onset/replay.json,484,ca7a7169767a4c5ac543e98538145b7756a5f221a4e5ce9e7611a19b834fdde2
Ada-MGAD-e2e-v2-testreview,1b0efe92e43b81ded698239387571de73f6fe185,experiments/p6/frozen_test_review/frozen-candidates-v1-20261001/models/onset/scores.csv,1075807,fd702bf3303c56e68dd8a85e1e713a47f77fd95586844e2087dd71f97ebb6da8
Ada-MGAD-e2e-v2-testreview,1b0efe92e43b81ded698239387571de73f6fe185,experiments/p6/frozen_test_review/frozen-candidates-v1-20261001/models/tcn17/completion_manifest.json,404,ac6aafafc4f7a05714ee78e9eb9d2e8d0575342857075cd4b2aa0bfdf030eb87
Ada-MGAD-e2e-v2-testreview,1b0efe92e43b81ded698239387571de73f6fe185,experiments/p6/frozen_test_review/frozen-candidates-v1-20261001/models/tcn17/replay.json,486,75a8be403426e04dd1a9b8cfe8ec3f2c48560208c222cc9a258d6a35529eee73
Ada-MGAD-e2e-v2-testreview,1b0efe92e43b81ded698239387571de73f6fe185,experiments/p6/frozen_test_review/frozen-candidates-v1-20261001/models/tcn17/scores.csv,1069825,8623409bf1146cbf4989c1ddf75946eddf7e6630f18677df4500342d70d28db0
Ada-MGAD-e2e-v2-testreview,1b0efe92e43b81ded698239387571de73f6fe185,experiments/p6/frozen_test_review/frozen-candidates-v1-20261001/models/tcn2026/completion_manifest.json,406,2ffcafb6f483df915f9f0fc373cc0ad7c34aaa844bdb3602b80b3e35e81f2983
Ada-MGAD-e2e-v2-testreview,1b0efe92e43b81ded698239387571de73f6fe185,experiments/p6/frozen_test_review/frozen-candidates-v1-20261001/models/tcn2026/replay.json,465,b2fdbda2c510772ce9ab1e469207f3dc9b45aff14796457241f34ece8b2354c0
Ada-MGAD-e2e-v2-testreview,1b0efe92e43b81ded698239387571de73f6fe185,experiments/p6/frozen_test_review/frozen-candidates-v1-20261001/models/tcn2026/scores.csv,1071872,a93d4b40e283a83ef7ac4c6b2435dbe417b563dc1c80f43cfc2b28a72d4d18bc
Ada-MGAD-e2e-v2-testreview,1b0efe92e43b81ded698239387571de73f6fe185,experiments/p6/frozen_test_review/frozen-candidates-v1-20261001/models/tcn42/completion_manifest.json,404,3a86772218057171a9850e9e5f6ce981bb76da42a2adf54bc3209cf11f0ae80b
Ada-MGAD-e2e-v2-testreview,1b0efe92e43b81ded698239387571de73f6fe185,experiments/p6/frozen_test_review/frozen-candidates-v1-20261001/models/tcn42/replay.json,487,e9c3e9c1a10028642277fa5952d6b7d0a9b0944fc8f94aa62b822f97c09ecbd3
Ada-MGAD-e2e-v2-testreview,1b0efe92e43b81ded698239387571de73f6fe185,experiments/p6/frozen_test_review/frozen-candidates-v1-20261001/models/tcn42/scores.csv,1069087,17f7a4bf537bf0a264bf3f32b2c04fd6e04b720a976f90d17aba0583835a10a2
Ada-MGAD-e2e-v2-testreview,1b0efe92e43b81ded698239387571de73f6fe185,experiments/p6/frozen_test_review/frozen-candidates-v1-20261001/models/weighted/completion_manifest.json,408,331e6f6fff57a0727b265a5f375bc2246d306945a243d183323faf831670c1db
Ada-MGAD-e2e-v2-testreview,1b0efe92e43b81ded698239387571de73f6fe185,experiments/p6/frozen_test_review/frozen-candidates-v1-20261001/models/weighted/replay.json,501,7a78fa82c9ad01fb47d9d8bbff0fc04299edc4ec21d4aa25606b0a29cffdb5c1
Ada-MGAD-e2e-v2-testreview,1b0efe92e43b81ded698239387571de73f6fe185,experiments/p6/frozen_test_review/frozen-candidates-v1-20261001/models/weighted/scores.csv,1062138,4b2714b5f3b5ca8fb6a7da1f7a200644299b1d395a1d6a5432f19b1990a7505f
Ada-MGAD-e2e-v2-testreview,1b0efe92e43b81ded698239387571de73f6fe185,experiments/p6/frozen_test_review/frozen-candidates-v1-20261001/scope_lock.json,55501,094ae888fa59df1e794140fd61b9d481cce4574dd8567fec3a1222e880344819
Ada-MGAD-e2e-v2-testreview,1b0efe92e43b81ded698239387571de73f6fe185,experiments/p6/score_decomposition/classification/diagnosis_metrics.json,2093,60fe8440d8c42b2d3a842f7a7c7e4ae861c226ca622ae7eb1923b979c9d44a8e
Ada-MGAD-e2e-v2-testreview,1b0efe92e43b81ded698239387571de73f6fe185,experiments/p6/score_decomposition/classification/event_metrics.json,5147,f40cd2d1f1940bf80eeb298a9350fec848e7b4e64b8730999fb0ed37decd3827
Ada-MGAD-e2e-v2-testreview,1b0efe92e43b81ded698239387571de73f6fe185,experiments/p6/score_decomposition/classification/localization_metrics.json,28925,ceab500c6dee1d5d0fe39a18534c887edfc8355b6491b3535e12a44a423cd4f8
Ada-MGAD-e2e-v2-testreview,1b0efe92e43b81ded698239387571de73f6fe185,experiments/p6/score_decomposition/classification/rca_metrics.json,5581,d8416b903e9babb73045ae016fa7ef8fc20adf7e9c100a25c25d54b767eba99f
Ada-MGAD-e2e-v2-testreview,1b0efe92e43b81ded698239387571de73f6fe185,experiments/p6/score_decomposition/classification/threshold.json,1217,db3862ddb8e2b5d78cee4a4693cc7a5bc56919af20ef592134dbdd571bc6c56d
Ada-MGAD-e2e-v2-testreview,1b0efe92e43b81ded698239387571de73f6fe185,experiments/p6/score_decomposition/common_cases.csv,783153,0bb6bf3e435baf179c4cb1e1deda4bdc42c749d513865a3fcc50d4abf1bdb396
Ada-MGAD-e2e-v2-testreview,1b0efe92e43b81ded698239387571de73f6fe185,experiments/p6/score_decomposition/comparison.json,92985,ce6965fe10c1773e4c0021f8eb5cb1121e8c96a655067520d20d6dec3efb5190
Ada-MGAD-e2e-v2-testreview,1b0efe92e43b81ded698239387571de73f6fe185,experiments/p6/score_decomposition/fused/diagnosis_metrics.json,2085,77d6d3adbb2e76b49b41d16eafb56d4d020faae6d04e25be52ab2a0d209d101c
Ada-MGAD-e2e-v2-testreview,1b0efe92e43b81ded698239387571de73f6fe185,experiments/p6/score_decomposition/fused/event_metrics.json,5105,930173c6cec6c10880f6b375fbf363c1dc62988b836ba86c8c6c1ea4604e0bb6
Ada-MGAD-e2e-v2-testreview,1b0efe92e43b81ded698239387571de73f6fe185,experiments/p6/score_decomposition/fused/localization_metrics.json,29146,9b230dbaee9901ce3b9d9b8308a1e69e40b782e557611e8bee24239bdbb1c095
Ada-MGAD-e2e-v2-testreview,1b0efe92e43b81ded698239387571de73f6fe185,experiments/p6/score_decomposition/fused/rca_metrics.json,5617,d6489f7ed8c2c7563f990e58fdaa17e07feeccd7514f809a3a25c235b8abfb73
Ada-MGAD-e2e-v2-testreview,1b0efe92e43b81ded698239387571de73f6fe185,experiments/p6/score_decomposition/fused/threshold.json,1212,8b3b74d8d838c3303c9b2e6c32c25fe5549df0e78a93790caa59ac383ee5d741
Ada-MGAD-e2e-v2-testreview,1b0efe92e43b81ded698239387571de73f6fe185,experiments/p6/score_decomposition/label_identity_audit.json,1024,6652840bdf55c317b10d2ae4bf5223d6cde67a541688f5a13261b81d7b710010
Ada-MGAD-e2e-v2-testreview,1b0efe92e43b81ded698239387571de73f6fe185,experiments/p6/score_decomposition/manifest.json,7530,65ef6b0a85b907dbc378bafaf712732144a35e5280ae1ab44babb8125f1067ba
Ada-MGAD-e2e-v2-testreview,1b0efe92e43b81ded698239387571de73f6fe185,experiments/p6/score_decomposition/prediction_artifacts.json,1626,f552fde50da06bebf0b8aecd020e5e3825a52b279aef900154a419d04be38afc
Ada-MGAD-e2e-v2-testreview,1b0efe92e43b81ded698239387571de73f6fe185,experiments/p6/score_decomposition/rca/rca_feature_health.json,1806,015b06395de0fe6b2d6ae799629230ce37068ab119564842e319b9a333035493
Ada-MGAD-e2e-v2-testreview,1b0efe92e43b81ded698239387571de73f6fe185,experiments/p6/score_decomposition/rca/rca_feature_manifest.json,2831,7cb9ee84f4e2ce06db7a695027957b25ed69bbd9ccd3865bd2f17f0524c6669e
Ada-MGAD-e2e-v2-testreview,1b0efe92e43b81ded698239387571de73f6fe185,experiments/p6/score_decomposition/reconstruction/diagnosis_metrics.json,2069,1f5f35c7ef97acbf3b740dadc011627b5767f60e7933f7df2bbf53ff1888b4c9
Ada-MGAD-e2e-v2-testreview,1b0efe92e43b81ded698239387571de73f6fe185,experiments/p6/score_decomposition/reconstruction/event_metrics.json,5142,b54a64b01f5e3f9555d094b85787c1bfe94580121162f2a330781550375c61e4
Ada-MGAD-e2e-v2-testreview,1b0efe92e43b81ded698239387571de73f6fe185,experiments/p6/score_decomposition/reconstruction/localization_metrics.json,28269,d35901afceaeac0715266af6d0110c10e444bea83774f7228be90f7a35462b82
Ada-MGAD-e2e-v2-testreview,1b0efe92e43b81ded698239387571de73f6fe185,experiments/p6/score_decomposition/reconstruction/rca_metrics.json,5395,6f573174833b1afac5eba0d2eb9b10da85d498e0736d975e1324588575799b7f
Ada-MGAD-e2e-v2-testreview,1b0efe92e43b81ded698239387571de73f6fe185,experiments/p6/score_decomposition/reconstruction/threshold.json,1219,001fd77e80047ef147b1b4969420c9063280ea04a25df7a59c36328bcb367140
Ada-MGAD-e2e-v2-testreview,1b0efe92e43b81ded698239387571de73f6fe185,experiments/p6/score_decomposition/score_range.json,946,065dbfa7e5b3a6e53e2bc3493fd80448d9613d0b7043d15a314aa1e3f30a20b5
Ada-MGAD-e2e-v2-testreview,1b0efe92e43b81ded698239387571de73f6fe185,experiments/p6/score_decomposition/score_replay.json,4465,b292ac3e2b5640703cbda942a161ec5ac048fa0c0263ca15b72089b96385ac3d
Ada-MGAD-e2e-v2-testreview,1b0efe92e43b81ded698239387571de73f6fe185,experiments/p6/system_event_trigger/manifest.json,28509,cb222bb5c21d20d8a7546e8b1ee1b4882daaac5d4a397d0e07655fe646cf9794
Ada-MGAD-e2e-v2-testreview,1b0efe92e43b81ded698239387571de73f6fe185,experiments/p6/system_event_trigger/split_audit.json,12293,e5c60574f4c36ba5c7ebddbc869ede70f6f9aa83cf35c46fd611dbfba310463e
Ada-MGAD-e2e-v2-testreview,1b0efe92e43b81ded698239387571de73f6fe185,experiments/p6/system_event_trigger/split_manifest.json,8121,1cad441a2d207379ffd8838bc2d655e9c68f3e03b6f4f7e666413a0b33aca193
Ada-MGAD-e2e-v2-testreview,1b0efe92e43b81ded698239387571de73f6fe185,experiments/p6/system_event_trigger/test_metrics.json,14261,2968632cc4da1b807d976d8bb1c449f9d755cb1c15d2ee43bcd440b74946ce5b
Ada-MGAD-e2e-v2-testreview,1b0efe92e43b81ded698239387571de73f6fe185,experiments/p6/system_event_trigger/training_log.json,18166,fcd54effee28206a6cdc964458bedb98c17a26906b58497140e42b567150b48a
Ada-MGAD-e2e-v2-testreview,1b0efe92e43b81ded698239387571de73f6fe185,experiments/p6/system_event_trigger/validation_selection.json,21174,b5167c8d5df9cd9eebd7812cb76733799aa3f7829f3fe1a2c5cdb0ec51715a24
Ada-MGAD-e2e-v2-xgb,31017ecf3359af00d63ebb2b705b84a695a0de4a,experiments/p6/c0f_failure_audit/c0f-correction-20260923T0755Z/analysis_validation.json,296,ad7a15071946ca8749cbfc26c134304b3771c8e610fe1b8b2bbb81c01767fdde
Ada-MGAD-e2e-v2-xgb,31017ecf3359af00d63ebb2b705b84a695a0de4a,experiments/p6/c0f_failure_audit/c0f-correction-20260923T0755Z/audit_config.json,3064,6e66534cd7adb078d7342fd189a891d59e8dd1b9c893868cbf06f92c34c6c820
Ada-MGAD-e2e-v2-xgb,31017ecf3359af00d63ebb2b705b84a695a0de4a,experiments/p6/c0f_failure_audit/c0f-correction-20260923T0755Z/capacity_summary.json,13508,aaa4fe3bc740aad3c1b97dac8a8c9224fcdc766b59e693f2b07a678139eccbda
Ada-MGAD-e2e-v2-xgb,31017ecf3359af00d63ebb2b705b84a695a0de4a,experiments/p6/c0f_failure_audit/c0f-correction-20260923T0755Z/completion_manifest.json,76920,faabd0a5e6486a89c6e6e3cab1af8f146af6cdab9fe5e728c027f5d18f80745a
Ada-MGAD-e2e-v2-xgb,31017ecf3359af00d63ebb2b705b84a695a0de4a,experiments/p6/c0f_failure_audit/c0f-correction-20260923T0755Z/confounding_tables.json,196447,676bf2913aefd265292b4d25c6c8fc11d9bec5813f5aebf9a3d7a6e49933487d
Ada-MGAD-e2e-v2-xgb,31017ecf3359af00d63ebb2b705b84a695a0de4a,experiments/p6/c0f_failure_audit/c0f-correction-20260923T0755Z/correction_summary.json,1427,95cdd9d0c51a29a47d84b851a8dda40c3d56e877203793781c4701a6852db181
Ada-MGAD-e2e-v2-xgb,31017ecf3359af00d63ebb2b705b84a695a0de4a,experiments/p6/c0f_failure_audit/c0f-correction-20260923T0755Z/decision.json,21910,3cdf539f1bfe2367c9e0e34430118a565645a293138e121970832cce7984c552
Ada-MGAD-e2e-v2-xgb,31017ecf3359af00d63ebb2b705b84a695a0de4a,experiments/p6/c0f_failure_audit/c0f-correction-20260923T0755Z/evidence_ledger.json,7998,eaf1b0a9bb641e3dd59c540512f03a61a793b4ebb83c7115b19f86ac7318e1fe
Ada-MGAD-e2e-v2-xgb,31017ecf3359af00d63ebb2b705b84a695a0de4a,experiments/p6/c0f_failure_audit/c0f-correction-20260923T0755Z/final_report.md,12767,cfac59ff1f3d4ac489a3c11b9670e43e3e8216999019e821d1711970fdfea656
Ada-MGAD-e2e-v2-xgb,31017ecf3359af00d63ebb2b705b84a695a0de4a,experiments/p6/c0f_failure_audit/c0f-correction-20260923T0755Z/input_integrity_after.json,227,bc834dc3b45aa4814b8e27a6d7b15d88994488d574057dcf8e18c5647782c7e4
Ada-MGAD-e2e-v2-xgb,31017ecf3359af00d63ebb2b705b84a695a0de4a,experiments/p6/c0f_failure_audit/c0f-correction-20260923T0755Z/input_manifest.json,1272,8a22a55fe1b951a78aa30fa6a185339f45235779a9b0c4a92852cc97f11fa972
Ada-MGAD-e2e-v2-xgb,31017ecf3359af00d63ebb2b705b84a695a0de4a,experiments/p6/c0f_failure_audit/c0f-correction-20260923T0755Z/input_snapshot.json,254827,1fdc4e0e3b82c9849e7e965471ee4431621aa3b8b7d9ec86f7afbc0fa5b9b87f
Ada-MGAD-e2e-v2-xgb,31017ecf3359af00d63ebb2b705b84a695a0de4a,experiments/p6/c0f_failure_audit/c0f-correction-20260923T0755Z/isolation_summary.json,46108,439b4311ae6cdeeb896971b52602928cd8f8f00581b1762b7dc199338eb8cdd9
Ada-MGAD-e2e-v2-xgb,31017ecf3359af00d63ebb2b705b84a695a0de4a,experiments/p6/c0f_failure_audit/c0f-correction-20260923T0755Z/ledger_invariants.json,520,a497cd0e28dc4627d27a343038ecda70ff3e2cd2c7579674175c7b0c1ebe8ab3
Ada-MGAD-e2e-v2-xgb,31017ecf3359af00d63ebb2b705b84a695a0de4a,experiments/p6/c0f_failure_audit/c0f-correction-20260923T0755Z/reuse_provenance.json,1297,5d40d373429d92073ad1f677ed930107abdcfec9973afa3fd940c00d79a6ad82
Ada-MGAD-e2e-v2-xgb,31017ecf3359af00d63ebb2b705b84a695a0de4a,experiments/p6/c0f_failure_audit/c0f-correction-20260923T0755Z/run_state.json,70344,4f58cdf5cf3c06bcc2b8ea3b12a608c6c9287a8a996a4ae0007f2a3cede3fb78
Ada-MGAD-e2e-v2-xgb,31017ecf3359af00d63ebb2b705b84a695a0de4a,experiments/p6/c0f_failure_audit/c0f-correction-20260923T0755Z/source_integrity.json,8617,ae61ded34933922feea8dad052f115aa50abf7c311593f0a49f47b5e73270e73
Ada-MGAD-e2e-v2-xgb,31017ecf3359af00d63ebb2b705b84a695a0de4a,experiments/p6/c0f_failure_audit/c0f-correction-20260923T0755Z/source_snapshot.json,27487,808bb33502694359a809657c56db3bc4ecf1a67887e45ba4c7949e67009d17fe
Ada-MGAD-e2e-v2-xgb,31017ecf3359af00d63ebb2b705b84a695a0de4a,experiments/p6/c0f_failure_audit/c0f-correction-20260923T0755Z/split_population_checks.json,968,e5cad5ac9211384da9c73c83304625bb4274585228b1b733edd92f4352dfd820
Ada-MGAD-e2e-v2-xgb,31017ecf3359af00d63ebb2b705b84a695a0de4a,experiments/p6/c0f_failure_audit/c0f-correction-20260923T0755Z/stratified_summary.json,38692,c3d3148227ad27756001b6d6b7ba1fadb603e390741e29fad34fcb8292c4962e
Ada-MGAD-e2e-v2-xgb,31017ecf3359af00d63ebb2b705b84a695a0de4a,experiments/p6/c0f_failure_audit/c0f-correction-20260923T0755Z/test_artifact_verification.json,1286,0385232d6ff22eb82747264c9bdf7a4d0f6b4112b40a5edc9675ec12ddd72282
Ada-MGAD-e2e-v2-xgb,31017ecf3359af00d63ebb2b705b84a695a0de4a,experiments/p6/c0f_failure_audit/c0f-correction-20260923T0755Z/test_results.json,1478,001ef8cbe1e1997d6a608df763aefb994e5d99b6e932f97de0c4cf88b4aa504e
Ada-MGAD-e2e-v2-xgb,31017ecf3359af00d63ebb2b705b84a695a0de4a,experiments/p6/c0f_failure_audit/c0f-correction-20260923T0755Z/validation_replay.json,1781,e802370c18a4bc38e497d3ab398705a0434f91bbe8c02dbf1710c7f1ad904360
Ada-MGAD-e2e-v2-xgb,31017ecf3359af00d63ebb2b705b84a695a0de4a,experiments/p6/c0f_failure_audit/c0f-seed42-20260919T0700/audit_config.json,2705,078c633bc1097b558439d0bc247118bf079cdbc177eac2bbe26a83b628bbbf40
Ada-MGAD-e2e-v2-xgb,31017ecf3359af00d63ebb2b705b84a695a0de4a,experiments/p6/c0f_failure_audit/c0f-seed42-20260919T0700/capacity_summary.json,12933,e479dfa5b2af41d141b4fd08ecbfa76a107148e57ade5e17eaa818b880821124
Ada-MGAD-e2e-v2-xgb,31017ecf3359af00d63ebb2b705b84a695a0de4a,experiments/p6/c0f_failure_audit/c0f-seed42-20260919T0700/completion_manifest.json,16950,97e1fd3e34da06e7b64808b9f38372628c7007b9a2533c46582b50e5b7ace53a
Ada-MGAD-e2e-v2-xgb,31017ecf3359af00d63ebb2b705b84a695a0de4a,experiments/p6/c0f_failure_audit/c0f-seed42-20260919T0700/confounding_tables.json,27744,bab17cda93dcb9747e23cd4519396edc2975e38bc31ed96e2ad3fc2d8fe5c9c6
Ada-MGAD-e2e-v2-xgb,31017ecf3359af00d63ebb2b705b84a695a0de4a,experiments/p6/c0f_failure_audit/c0f-seed42-20260919T0700/decision.json,20118,9eb7ca1ee3c04c4b8fdc1d0a9a75b873add03bfce61b026f0e4abc9f55ba9493
Ada-MGAD-e2e-v2-xgb,31017ecf3359af00d63ebb2b705b84a695a0de4a,experiments/p6/c0f_failure_audit/c0f-seed42-20260919T0700/evidence_ledger.json,5830,1eaca4aac0c592a5110acadb7681366ceba696f0fedc1803ec1c03379d16f90b
Ada-MGAD-e2e-v2-xgb,31017ecf3359af00d63ebb2b705b84a695a0de4a,experiments/p6/c0f_failure_audit/c0f-seed42-20260919T0700/final_report.md,9472,563ac665ce2641c94e80a4bd12e124473956db1c49113eb60859ba4f6f2a291f
Ada-MGAD-e2e-v2-xgb,31017ecf3359af00d63ebb2b705b84a695a0de4a,experiments/p6/c0f_failure_audit/c0f-seed42-20260919T0700/input_manifest.json,1267,cd5a7b02c8e78bb6021343dd2e76ca8d87819503afdecefc8cb80c5fcfdc48ef
Ada-MGAD-e2e-v2-xgb,31017ecf3359af00d63ebb2b705b84a695a0de4a,experiments/p6/c0f_failure_audit/c0f-seed42-20260919T0700/ledger_invariants.json,520,a497cd0e28dc4627d27a343038ecda70ff3e2cd2c7579674175c7b0c1ebe8ab3
Ada-MGAD-e2e-v2-xgb,31017ecf3359af00d63ebb2b705b84a695a0de4a,experiments/p6/c0f_failure_audit/c0f-seed42-20260919T0700/run_state.json,1983,5c81eb7dfb89d713ac40de4da60d8f9803b89ac1c6260ff9ca7a07e59fe40edc
Ada-MGAD-e2e-v2-xgb,31017ecf3359af00d63ebb2b705b84a695a0de4a,experiments/p6/c0f_failure_audit/c0f-seed42-20260919T0700/source_integrity.json,4603,7507a5bb490607692a0c7e4065f1ba79e8cde8d67305f4d8f20638feb6228c8d
Ada-MGAD-e2e-v2-xgb,31017ecf3359af00d63ebb2b705b84a695a0de4a,experiments/p6/c0f_failure_audit/c0f-seed42-20260919T0700/split_population_checks.json,968,e5cad5ac9211384da9c73c83304625bb4274585228b1b733edd92f4352dfd820
Ada-MGAD-e2e-v2-xgb,31017ecf3359af00d63ebb2b705b84a695a0de4a,experiments/p6/c0f_failure_audit/c0f-seed42-20260919T0700/stratified_summary.json,35445,babde167b0390f10a20108026516463a250f74340fcd46c8729e386610f39b57
Ada-MGAD-e2e-v2-xgb,31017ecf3359af00d63ebb2b705b84a695a0de4a,experiments/p6/c0f_failure_audit/c0f-seed42-20260919T0700/test_artifact_verification.json,1190,ccec4113e1846fd3509fc626a6cc14a7b64fe05ae31fa81c31bcf9ab68e22e28
Ada-MGAD-e2e-v2-xgb,31017ecf3359af00d63ebb2b705b84a695a0de4a,experiments/p6/c0f_failure_audit/c0f-seed42-20260919T0700/validation_replay.json,1781,24ea8a62815c7c6172bac2e3e3a0f3bfc639b803fc8bbd28c17d9e33c98fb93f
Ada-MGAD-e2e-v2-xgb,31017ecf3359af00d63ebb2b705b84a695a0de4a,experiments/p6/c0f_failure_audit/code-checks-20260923T075346Z/test_results.json,1175,51017a28cf2e25a31b463a4d5ead6ec19bc3062006a0f72ce40da0a60dbc43df
Ada-MGAD-e2e-v2-xgb,31017ecf3359af00d63ebb2b705b84a695a0de4a,experiments/p6/c1_feasibility/c1-g1-20260923T105441Z/feasibility_ledger.json,25618,80718e06a801f4a4cfac085eec999285a162b4e1ebf5afff082f17925a99b3da
Ada-MGAD-e2e-v2-xgb,31017ecf3359af00d63ebb2b705b84a695a0de4a,experiments/p6/c1_feasibility/c1-g1-20260923T105441Z/final_report.md,8811,48c72507b5cc43f5254906be5e983547d584ca0a1a979a919e6e970112efbfc4
Ada-MGAD-e2e-v2-xgb,31017ecf3359af00d63ebb2b705b84a695a0de4a,experiments/p6/c1_prefix_metric_audit/c1-fold1-metric-audit-v1-20260929/candidate_ledger.csv,729152,0b25bf30626055af55d6b35ab3fe9f8ff3a375b9023b9ade6bcc8f592923edf5
Ada-MGAD-e2e-v2-xgb,31017ecf3359af00d63ebb2b705b84a695a0de4a,experiments/p6/c1_prefix_metric_audit/c1-fold1-metric-audit-v1-20260929/completion_manifest.json,2015,322e3bf69bd9aaa16b4b0b667a3fd98802175bdd91ec655585f7c97c765ef847
Ada-MGAD-e2e-v2-xgb,31017ecf3359af00d63ebb2b705b84a695a0de4a,experiments/p6/c1_prefix_metric_audit/c1-fold1-metric-audit-v1-20260929/summary.json,2334,f951ebf8419d6499dfe3864e04b4c7f3ab04f258eb3c3d40a3f2ecc43623ae1a
Ada-MGAD-e2e-v2-xgb,31017ecf3359af00d63ebb2b705b84a695a0de4a,experiments/p6/c1_protocol/c1-g2-py38-correction-20260924T0831Z/correction_manifest.json,2340,36a6406c80c0545f81e37f2cb4df0a1bbf5e341d5f92094631be487417f88a34
Ada-MGAD-e2e-v2-xgb,31017ecf3359af00d63ebb2b705b84a695a0de4a,experiments/p6/c1_protocol/c1-g2-py38-correction-20260924T0831Z/correction_report.md,3511,757d796360596b4155d91f40ed3b29cb78cc547dba0ecff819ff1a5496a58857
Ada-MGAD-e2e-v2-xgb,31017ecf3359af00d63ebb2b705b84a695a0de4a,experiments/p6/c1_protocol/c1-g2-v1-20260924/design_lock_report.md,2211,105b44683c01ffc8ef6eded385ec1dc3d6032415e40c58cdfd2815595c02a23f
Ada-MGAD-e2e-v2-xgb,31017ecf3359af00d63ebb2b705b84a695a0de4a,experiments/p6/c1_protocol/c1-g2-v1-20260924/raw_content_manifest.json,1584322,03bdefc1ad817802a9f015a5cc07c71f5e8d625c66c5d5e9fbff31d0d5671718
Ada-MGAD-e2e-v2-xgb,31017ecf3359af00d63ebb2b705b84a695a0de4a,experiments/p6/c1_supervision_oos/c1-supervision-oos-v1-seed42/evaluation/c1_results.json,1947819,d94b67c6631229c8994b491156d616a29062537fda6955bb9a44908609786b6c
Ada-MGAD-e2e-v2-xgb,31017ecf3359af00d63ebb2b705b84a695a0de4a,experiments/p6/c1_supervision_oos/c1-supervision-oos-v1-seed42/evaluation/c2_failure_ledger.csv,1266920,2d7dd0703147a7f67d8e77b17f9be03be43b63baa733f7891b6f653852acef5c
Ada-MGAD-e2e-v2-xgb,31017ecf3359af00d63ebb2b705b84a695a0de4a,experiments/p6/c1_supervision_oos/c1-supervision-oos-v1-seed42/evaluation/c2_failure_summary.json,669,382829e8258b95882ef741004ae2715a98cc01dcd53cc11229cc12abb48c2b95
Ada-MGAD-e2e-v2-xgb,31017ecf3359af00d63ebb2b705b84a695a0de4a,experiments/p6/c1_supervision_oos/c1-supervision-oos-v1-seed42/evaluation/c2_full_diagnosis.json,17914,3b6635e497916cc0be7ba06f466772d1d884544d5819fa519714e3b1e2157beb
Ada-MGAD-e2e-v2-xgb,31017ecf3359af00d63ebb2b705b84a695a0de4a,experiments/p6/c1_supervision_oos/c1-supervision-oos-v1-seed42/evaluation/c2_raw_matching.csv,1155905,986a55d59a6f809a0a6961d76eca5402624ae776bcbd170afb935a24862a09ab
Ada-MGAD-e2e-v2-xgb,31017ecf3359af00d63ebb2b705b84a695a0de4a,experiments/p6/c1_supervision_oos/c1-supervision-oos-v1-seed42/evaluation/c2_stage1_reference.json,1754,104ca7578bd204131f5785fa27b9b97eb08470343f149742c74b83195f8e10c9
Ada-MGAD-e2e-v2-xgb,31017ecf3359af00d63ebb2b705b84a695a0de4a,experiments/p6/c1_supervision_oos/c1-supervision-oos-v1-seed42/evaluation/completion_manifest.json,4210,c113bd2b18967e9f0fac4a227bed7c19e5659f6f13833ba4b21040a9a1b9730e
Ada-MGAD-e2e-v2-xgb,31017ecf3359af00d63ebb2b705b84a695a0de4a,experiments/p6/c1_supervision_oos/c1-supervision-oos-v1-seed42/evaluation/oracle_a_diagnostic.json,269,d1838b5efefa11087fbbb6ecc9949740d6fbb0ece02316ec243e06cb1e4dc1ae
Ada-MGAD-e2e-v2-xgb,31017ecf3359af00d63ebb2b705b84a695a0de4a,experiments/p6/c1_supervision_oos/c1-supervision-oos-v1-seed42/evaluation/oracle_a_rankings.csv,990811,5a7c9576a448ce7a2a9688a214626cc3176919305643f4e89e1dada7c899eec4
Ada-MGAD-e2e-v2-xgb,31017ecf3359af00d63ebb2b705b84a695a0de4a,experiments/p6/c1_supervision_oos/c1-supervision-oos-v1-seed42/folds/fold_01/completion_manifest.json,9087,e5ee5d1ee7f825b18e7ef69f4764182284547d3940c77771855a40468c9b3d3c
Ada-MGAD-e2e-v2-xgb,31017ecf3359af00d63ebb2b705b84a695a0de4a,experiments/p6/c1_supervision_oos/c1-supervision-oos-v1-seed42/folds/fold_01/detector/completion_manifest.json,4312,77f0e0bc4f07aad21799db077c09c3d657dc5c2c106d24460257742c33df5220
Ada-MGAD-e2e-v2-xgb,31017ecf3359af00d63ebb2b705b84a695a0de4a,experiments/p6/c1_supervision_oos/c1-supervision-oos-v1-seed42/folds/fold_01/detector/generation_episodes.csv,106723,856797f52561e1fdc0a9a0e5ab00885ad5a0267d5ccf58f0d943e2bfde31f664
Ada-MGAD-e2e-v2-xgb,31017ecf3359af00d63ebb2b705b84a695a0de4a,experiments/p6/c1_supervision_oos/c1-supervision-oos-v1-seed42/folds/fold_01/detector/generation_scores.csv,750379,6e6a1343939cfbe52c5ea0cf33aa8c7d44cd656c9e5e8641a4fc1f01f0ecb9bc
Ada-MGAD-e2e-v2-xgb,31017ecf3359af00d63ebb2b705b84a695a0de4a,experiments/p6/c1_supervision_oos/c1-supervision-oos-v1-seed42/folds/fold_01/detector/selection.json,773,e96b42fda9f874a04866e984d36f9b32feb24cfabb9d0baf9dda72285fa85f45
Ada-MGAD-e2e-v2-xgb,31017ecf3359af00d63ebb2b705b84a695a0de4a,experiments/p6/c1_supervision_oos/c1-supervision-oos-v1-seed42/folds/fold_01/detector/training_log.json,19221,64dd055eb00531ae43fcead33e103fc1ec55fb6f364518eaec53daae4829a026
Ada-MGAD-e2e-v2-xgb,31017ecf3359af00d63ebb2b705b84a695a0de4a,experiments/p6/c1_supervision_oos/c1-supervision-oos-v1-seed42/folds/fold_02/completion_manifest.json,9096,51006c83a351a1794832be0f82fcee35bceeec0a2a1382df1c61b9e2dc7f252c
Ada-MGAD-e2e-v2-xgb,31017ecf3359af00d63ebb2b705b84a695a0de4a,experiments/p6/c1_supervision_oos/c1-supervision-oos-v1-seed42/folds/fold_02/detector/completion_manifest.json,4281,1ac2392e356f0da8e56fd1c944fbc86f5492d882424d942eeb12523f81a4642b
Ada-MGAD-e2e-v2-xgb,31017ecf3359af00d63ebb2b705b84a695a0de4a,experiments/p6/c1_supervision_oos/c1-supervision-oos-v1-seed42/folds/fold_02/detector/generation_episodes.csv,130039,237fa6eb7af28143ba38568ab9c19f5ee2cfb23c2fed25de2d680fd11ee7383a
Ada-MGAD-e2e-v2-xgb,31017ecf3359af00d63ebb2b705b84a695a0de4a,experiments/p6/c1_supervision_oos/c1-supervision-oos-v1-seed42/folds/fold_02/detector/generation_scores.csv,753899,7abb1f0398658ada10897f17b4f271ff084f6b1daf1e9c1adeddfb667eb3b02f
Ada-MGAD-e2e-v2-xgb,31017ecf3359af00d63ebb2b705b84a695a0de4a,experiments/p6/c1_supervision_oos/c1-supervision-oos-v1-seed42/folds/fold_02/detector/selection.json,741,3449a63b37f5184f9fbd86888843d6e9d8605c3b0b6502635528ff139fd3db3f
Ada-MGAD-e2e-v2-xgb,31017ecf3359af00d63ebb2b705b84a695a0de4a,experiments/p6/c1_supervision_oos/c1-supervision-oos-v1-seed42/folds/fold_02/detector/training_log.json,12434,9cb70fe0d388f2f964a539d9c9d21608b6aa8c710a5b097f0f71fbf27162458b
Ada-MGAD-e2e-v2-xgb,31017ecf3359af00d63ebb2b705b84a695a0de4a,experiments/p6/c1_supervision_oos/c1-supervision-oos-v1-seed42/folds/fold_03/completion_manifest.json,9096,a965256b6152dc4310918aa48ce7fe893ed5207d7c5022101ae3dfa818034934
Ada-MGAD-e2e-v2-xgb,31017ecf3359af00d63ebb2b705b84a695a0de4a,experiments/p6/c1_supervision_oos/c1-supervision-oos-v1-seed42/folds/fold_03/detector/completion_manifest.json,4300,1e94bc29015731fe875de21506a2ad16589ef7a5dce77bf00d3fb16d66c15d56
Ada-MGAD-e2e-v2-xgb,31017ecf3359af00d63ebb2b705b84a695a0de4a,experiments/p6/c1_supervision_oos/c1-supervision-oos-v1-seed42/folds/fold_03/detector/generation_episodes.csv,125838,6519b6f514e75972054b3d458c4dcb9320e6c4e3bfcf65a68bb8a3af7282fb05
Ada-MGAD-e2e-v2-xgb,31017ecf3359af00d63ebb2b705b84a695a0de4a,experiments/p6/c1_supervision_oos/c1-supervision-oos-v1-seed42/folds/fold_03/detector/generation_scores.csv,753500,3756b817680de25addd174fc2a60ebc9c934ac3ec5fdac1bbc8484de080d117f
Ada-MGAD-e2e-v2-xgb,31017ecf3359af00d63ebb2b705b84a695a0de4a,experiments/p6/c1_supervision_oos/c1-supervision-oos-v1-seed42/folds/fold_03/detector/selection.json,760,f73355c10d70746fffafaf12a3f8bf8bccdbfa4c85d0ea3110e630e73f3b40e8
Ada-MGAD-e2e-v2-xgb,31017ecf3359af00d63ebb2b705b84a695a0de4a,experiments/p6/c1_supervision_oos/c1-supervision-oos-v1-seed42/folds/fold_03/detector/training_log.json,12517,971f380db43fd6bb6f0d62044007ee0e865a6d94815d31dedca0e533c645006d
Ada-MGAD-e2e-v2-xgb,31017ecf3359af00d63ebb2b705b84a695a0de4a,experiments/p6/c1_supervision_oos/c1-supervision-oos-v1-seed42/g1_static/completion_manifest.json,5866,935abdc91db5fa1ddba7cb26455508433dace34c11ffa92087243f2ee7afab23
Ada-MGAD-e2e-v2-xgb,31017ecf3359af00d63ebb2b705b84a695a0de4a,experiments/p6/c1_supervision_oos/c1-supervision-oos-v1-seed42/g1_static/fold_manifest.json,11117,017d4b2e87d737ee7d1f3f729a63fed4775e9e8181ec04214ddda6883310d4e5
Ada-MGAD-e2e-v2-xgb,31017ecf3359af00d63ebb2b705b84a695a0de4a,experiments/p6/c1_supervision_oos/c1-supervision-oos-v1-seed42/g1_static/input_manifest.json,7333,a316f306e8b117b8aa9739b468c39f4cd6523310b48ad02f83f2c2f346abd3a1
Ada-MGAD-e2e-v2-xgb,31017ecf3359af00d63ebb2b705b84a695a0de4a,experiments/p6/c1_supervision_oos/c1-supervision-oos-v1-seed42/g1_static/integrity_report.md,1692,2afcab0765547b1e0d75aa464eff2e98e3029e857eceef1435718078395ace22
Ada-MGAD-e2e-v2-xgb,31017ecf3359af00d63ebb2b705b84a695a0de4a,experiments/p6/c1_supervision_oos/c1-supervision-oos-v1-seed42/g1_static/static_population.json,1545,83a5e20726f20866060bd7014784687d3860b0ccc63a76c6c0820817b311f7eb
Ada-MGAD-e2e-v2-xgb,31017ecf3359af00d63ebb2b705b84a695a0de4a,experiments/p6/c1_supervision_oos/c1-supervision-oos-v1-seed42/predictions/completion_manifest.json,3671,19777b7f4656f3e8b360e1ecb618dc5d0dc8a0e63a15df59596a1d87be746216
Ada-MGAD-e2e-v2-xgb,31017ecf3359af00d63ebb2b705b84a695a0de4a,experiments/p6/c1_supervision_oos/c1-supervision-oos-v1-seed42/predictions/prediction_lock.json,6883,ee9500730e7b982557de31d9fd138c13e09e5af397b11354e88b305f0233c967
Ada-MGAD-e2e-v2-xgb,31017ecf3359af00d63ebb2b705b84a695a0de4a,experiments/p6/c1_supervision_oos/c1-supervision-oos-v1-seed42/predictions/scope_rankings.csv,1596904,b444a4d92c601430b79a3fee5e6fcddc97c3a8573cd20bd0c16a828d5bf6a650
Ada-MGAD-e2e-v2-xgb,31017ecf3359af00d63ebb2b705b84a695a0de4a,experiments/p6/c1_supervision_oos/c1-supervision-oos-v1-seed42/rca/arm_b.json,753,2ba84aa9ec52b488db82b2dadce049c9c0105f2147176ff5716ba4d15ee8a4c7
Ada-MGAD-e2e-v2-xgb,31017ecf3359af00d63ebb2b705b84a695a0de4a,experiments/p6/c1_supervision_oos/c1-supervision-oos-v1-seed42/rca/arm_c.json,752,6132941dd09f098a4c711c954ddec473eac11de63f5b094586413d95d7e6ca27
Ada-MGAD-e2e-v2-xgb,31017ecf3359af00d63ebb2b705b84a695a0de4a,experiments/p6/c1_supervision_oos/c1-supervision-oos-v1-seed42/rca/completion_manifest.json,3538,2e446855d9e9cff34c684e8472d7510d1deb3cf5849aa9d8461e7d456127e9b0
Ada-MGAD-e2e-v2-xgb,31017ecf3359af00d63ebb2b705b84a695a0de4a,experiments/p6/c1_supervision_oos/c1-supervision-oos-v1-seed42/run_lock.json,6331,0b5a2b649c31305eec88d631f2d57ef2a45a7d4d643d861478b3a11d620c9c56
Ada-MGAD-e2e-v2-xgb,31017ecf3359af00d63ebb2b705b84a695a0de4a,experiments/p6/c1_supervision_oos/c1-supervision-oos-v1-seed42/train_cohort/cases.csv,325878,83ee698981272bfb1f89d1c2d9b1c2c622b63c419a08c251abde2bf7965821dd
Ada-MGAD-e2e-v2-xgb,31017ecf3359af00d63ebb2b705b84a695a0de4a,experiments/p6/c1_supervision_oos/c1-supervision-oos-v1-seed42/train_cohort/completion_manifest.json,4746,b36dfaa5ba38bc741e318d8cb9e59e5f225324ff9cd3422b6040faff04634550
Ada-MGAD-e2e-v2-xgb,31017ecf3359af00d63ebb2b705b84a695a0de4a,experiments/p6/c1_supervision_oos/c1-supervision-oos-v1-seed42/train_cohort/exclusions.csv,1760,3f5dc5665be94d84e76d3e1e3f84756ae4fdd00e2f42dc96eed7ac3de3941cd6
Ada-MGAD-e2e-v2-xgb,31017ecf3359af00d63ebb2b705b84a695a0de4a,experiments/p6/c1_supervision_oos/c1-supervision-oos-v1-seed42/train_cohort/matching.csv,811460,5c3aa3085f03c2061af4e89e06f6a2f138e0bf69395e2deba438a61a643d8db4
Ada-MGAD-e2e-v2-xgb,31017ecf3359af00d63ebb2b705b84a695a0de4a,experiments/p6/c1_xgb_forward_dev/c1-xgb-forward-v1/f12_to_f3_cl.json,761,0de15f38a8c2beb1091d80c7c75637ff8af2607af370d3bae2e428558178541b
Ada-MGAD-e2e-v2-xgb,31017ecf3359af00d63ebb2b705b84a695a0de4a,experiments/p6/c1_xgb_forward_dev/c1-xgb-forward-v1/f12_to_f3_cl.npz,19502,66a164a4f4054e0abcc5c58b5d2405dc4e7557843ded870a3dd82d0f61b48ed6
Ada-MGAD-e2e-v2-xgb,31017ecf3359af00d63ebb2b705b84a695a0de4a,experiments/p6/c1_xgb_forward_dev/c1-xgb-forward-v1/f12_to_f3_xgb.ubj,234003,b7c11b5cb0d5cf4a5f280e02d058ed89f4279f097301434b714810b6e10c655f
Ada-MGAD-e2e-v2-xgb,31017ecf3359af00d63ebb2b705b84a695a0de4a,experiments/p6/c1_xgb_forward_dev/c1-xgb-forward-v1/f1_to_f2_cl.json,759,25f29a0a9173a678fcf5901a944a30ea7192364289ab2cb5c640be231786ad25
Ada-MGAD-e2e-v2-xgb,31017ecf3359af00d63ebb2b705b84a695a0de4a,experiments/p6/c1_xgb_forward_dev/c1-xgb-forward-v1/f1_to_f2_cl.npz,10158,410d74dfe36cedae77929ef2725228bfa96c8e568e4973951ede53f7a270f002
Ada-MGAD-e2e-v2-xgb,31017ecf3359af00d63ebb2b705b84a695a0de4a,experiments/p6/c1_xgb_forward_dev/c1-xgb-forward-v1/f1_to_f2_xgb.ubj,232371,e97c207f4b060049c2ee46552e45d503d9dfd12e2d775a53cc35e96b0410aa50
Ada-MGAD-e2e-v2-xgb,31017ecf3359af00d63ebb2b705b84a695a0de4a,experiments/p6/c1_xgb_forward_dev/c1-xgb-forward-v1/rankings.csv,829035,9506cbbc12c76a92fa1266c8cb690831f380d5bd5830e3d1909cf30f98b52eda
Ada-MGAD-e2e-v2-xgb,31017ecf3359af00d63ebb2b705b84a695a0de4a,experiments/p6/c1_xgb_forward_dev/c1-xgb-forward-v1/results.json,8216,f8ec3be78afd9d8091ab03d52448a89888db565c2a777517dfc8b61dc56f283b
Ada-MGAD-e2e-v2-xgb,31017ecf3359af00d63ebb2b705b84a695a0de4a,experiments/p6/c1_xgb_forward_dev/c1-xgb-forward-v1/run_lock.json,3382,b28b39e536d2ff89cad07a2e759fc0e35cb4502b1a9fe2f52f60258887979018
Ada-MGAD-e2e-v2-xgb,31017ecf3359af00d63ebb2b705b84a695a0de4a,experiments/p6/c1_z2_xgb/c1-z2-xgb-v1-seed20260826/evaluation/c1_paired_results.json,1945882,1601223246380736d98fbdd96bafbe87b7a41e8786874870647ead037c38052e
Ada-MGAD-e2e-v2-xgb,31017ecf3359af00d63ebb2b705b84a695a0de4a,experiments/p6/c1_z2_xgb/c1-z2-xgb-v1-seed20260826/evaluation/c2_failure_ledger.csv,1261904,7c0feb0a15e124e1ecc8d58ac06661cc7c1bc1279c0873530e42524bfe74f702
Ada-MGAD-e2e-v2-xgb,31017ecf3359af00d63ebb2b705b84a695a0de4a,experiments/p6/c1_z2_xgb/c1-z2-xgb-v1-seed20260826/evaluation/c2_full_diagnosis.json,17914,ed31ee5dc67605d122bf2d9eaf98bafe8ee01a8a3254ba1f3fb59d1c9583720d
Ada-MGAD-e2e-v2-xgb,31017ecf3359af00d63ebb2b705b84a695a0de4a,experiments/p6/c1_z2_xgb/c1-z2-xgb-v1-seed20260826/evaluation/completion_manifest.json,749,eb3d7893fb7b1bbc49446671f6558365189fa8a506ddd0df89db3d19c5a2462a
Ada-MGAD-e2e-v2-xgb,31017ecf3359af00d63ebb2b705b84a695a0de4a,experiments/p6/c1_z2_xgb/c1-z2-xgb-v1-seed20260826/evaluation/evaluation_provenance.json,1082,34e7c7b7f73e62c6e8eb32f7ee78aebe4c6cab663082c4ae6551dbb46b1f45b3
Ada-MGAD-e2e-v2-xgb,31017ecf3359af00d63ebb2b705b84a695a0de4a,experiments/p6/c1_z2_xgb/c1-z2-xgb-v1-seed20260826/predictions/completion_manifest.json,510,d14ad91ef54a0456d709da03bced7415bdf63382f1f6badefeb82daf97a7f006
Ada-MGAD-e2e-v2-xgb,31017ecf3359af00d63ebb2b705b84a695a0de4a,experiments/p6/c1_z2_xgb/c1-z2-xgb-v1-seed20260826/predictions/prediction_lock.json,1678,28df471cd730177585385ee3a640dc462c63c5e7e30aaf7f2f41dc3e3d96e114
Ada-MGAD-e2e-v2-xgb,31017ecf3359af00d63ebb2b705b84a695a0de4a,experiments/p6/c1_z2_xgb/c1-z2-xgb-v1-seed20260826/predictions/scope_rankings.csv,1596907,57c28dab60f49ce94c029125fb3ec08c1bd135651f9388187588dbbfccb0c740
Ada-MGAD-e2e-v2-xgb,31017ecf3359af00d63ebb2b705b84a695a0de4a,experiments/p6/c1_z2_xgb/c1-z2-xgb-v1-seed20260826/run_lock.json,1526,03521e5570b926455cb0d26d90ef1dab84bfd9dd2131aff7a5bb3b28a776c5ab
Ada-MGAD-e2e-v2-xgb,31017ecf3359af00d63ebb2b705b84a695a0de4a,experiments/p6/c1_z2_xgb/c1-z2-xgb-v1-seed20260826/train/completion_manifest.json,455,cbdcafd07267166da236875caf63c74555d4fb69c0164df42a954075e0c30003
Ada-MGAD-e2e-v2-xgb,31017ecf3359af00d63ebb2b705b84a695a0de4a,experiments/p6/c1_z2_xgb/c1-z2-xgb-v1-seed20260826/train/model_state.ubj,234139,55a264a0aeedb47d5d5d3cc34090c2ce294419a6006d63b44e86436d063c52ee
Ada-MGAD-e2e-v2-xgb,31017ecf3359af00d63ebb2b705b84a695a0de4a,experiments/p6/c1_z2_xgb/c1-z2-xgb-v1-seed20260826/train/train_summary.json,1619,8549effccd537fed7b8d41291f25ec98f45f2bfb3548660553e6f45778ee6725
Ada-MGAD-e2e-v2-xgb,31017ecf3359af00d63ebb2b705b84a695a0de4a,experiments/p6/score_decomposition/classification/diagnosis_metrics.json,2093,60fe8440d8c42b2d3a842f7a7c7e4ae861c226ca622ae7eb1923b979c9d44a8e
Ada-MGAD-e2e-v2-xgb,31017ecf3359af00d63ebb2b705b84a695a0de4a,experiments/p6/score_decomposition/classification/event_metrics.json,5147,f40cd2d1f1940bf80eeb298a9350fec848e7b4e64b8730999fb0ed37decd3827
Ada-MGAD-e2e-v2-xgb,31017ecf3359af00d63ebb2b705b84a695a0de4a,experiments/p6/score_decomposition/classification/localization_metrics.json,28925,ceab500c6dee1d5d0fe39a18534c887edfc8355b6491b3535e12a44a423cd4f8
Ada-MGAD-e2e-v2-xgb,31017ecf3359af00d63ebb2b705b84a695a0de4a,experiments/p6/score_decomposition/classification/rca_metrics.json,5581,d8416b903e9babb73045ae016fa7ef8fc20adf7e9c100a25c25d54b767eba99f
Ada-MGAD-e2e-v2-xgb,31017ecf3359af00d63ebb2b705b84a695a0de4a,experiments/p6/score_decomposition/classification/threshold.json,1217,db3862ddb8e2b5d78cee4a4693cc7a5bc56919af20ef592134dbdd571bc6c56d
Ada-MGAD-e2e-v2-xgb,31017ecf3359af00d63ebb2b705b84a695a0de4a,experiments/p6/score_decomposition/common_cases.csv,783153,0bb6bf3e435baf179c4cb1e1deda4bdc42c749d513865a3fcc50d4abf1bdb396
Ada-MGAD-e2e-v2-xgb,31017ecf3359af00d63ebb2b705b84a695a0de4a,experiments/p6/score_decomposition/comparison.json,92985,ce6965fe10c1773e4c0021f8eb5cb1121e8c96a655067520d20d6dec3efb5190
Ada-MGAD-e2e-v2-xgb,31017ecf3359af00d63ebb2b705b84a695a0de4a,experiments/p6/score_decomposition/fused/diagnosis_metrics.json,2085,77d6d3adbb2e76b49b41d16eafb56d4d020faae6d04e25be52ab2a0d209d101c
Ada-MGAD-e2e-v2-xgb,31017ecf3359af00d63ebb2b705b84a695a0de4a,experiments/p6/score_decomposition/fused/event_metrics.json,5105,930173c6cec6c10880f6b375fbf363c1dc62988b836ba86c8c6c1ea4604e0bb6
Ada-MGAD-e2e-v2-xgb,31017ecf3359af00d63ebb2b705b84a695a0de4a,experiments/p6/score_decomposition/fused/localization_metrics.json,29146,9b230dbaee9901ce3b9d9b8308a1e69e40b782e557611e8bee24239bdbb1c095
Ada-MGAD-e2e-v2-xgb,31017ecf3359af00d63ebb2b705b84a695a0de4a,experiments/p6/score_decomposition/fused/rca_metrics.json,5617,d6489f7ed8c2c7563f990e58fdaa17e07feeccd7514f809a3a25c235b8abfb73
Ada-MGAD-e2e-v2-xgb,31017ecf3359af00d63ebb2b705b84a695a0de4a,experiments/p6/score_decomposition/fused/threshold.json,1212,8b3b74d8d838c3303c9b2e6c32c25fe5549df0e78a93790caa59ac383ee5d741
Ada-MGAD-e2e-v2-xgb,31017ecf3359af00d63ebb2b705b84a695a0de4a,experiments/p6/score_decomposition/label_identity_audit.json,1024,6652840bdf55c317b10d2ae4bf5223d6cde67a541688f5a13261b81d7b710010
Ada-MGAD-e2e-v2-xgb,31017ecf3359af00d63ebb2b705b84a695a0de4a,experiments/p6/score_decomposition/manifest.json,7530,65ef6b0a85b907dbc378bafaf712732144a35e5280ae1ab44babb8125f1067ba
Ada-MGAD-e2e-v2-xgb,31017ecf3359af00d63ebb2b705b84a695a0de4a,experiments/p6/score_decomposition/prediction_artifacts.json,1626,f552fde50da06bebf0b8aecd020e5e3825a52b279aef900154a419d04be38afc
Ada-MGAD-e2e-v2-xgb,31017ecf3359af00d63ebb2b705b84a695a0de4a,experiments/p6/score_decomposition/rca/rca_feature_health.json,1806,015b06395de0fe6b2d6ae799629230ce37068ab119564842e319b9a333035493
Ada-MGAD-e2e-v2-xgb,31017ecf3359af00d63ebb2b705b84a695a0de4a,experiments/p6/score_decomposition/rca/rca_feature_manifest.json,2831,7cb9ee84f4e2ce06db7a695027957b25ed69bbd9ccd3865bd2f17f0524c6669e
Ada-MGAD-e2e-v2-xgb,31017ecf3359af00d63ebb2b705b84a695a0de4a,experiments/p6/score_decomposition/reconstruction/diagnosis_metrics.json,2069,1f5f35c7ef97acbf3b740dadc011627b5767f60e7933f7df2bbf53ff1888b4c9
Ada-MGAD-e2e-v2-xgb,31017ecf3359af00d63ebb2b705b84a695a0de4a,experiments/p6/score_decomposition/reconstruction/event_metrics.json,5142,b54a64b01f5e3f9555d094b85787c1bfe94580121162f2a330781550375c61e4
Ada-MGAD-e2e-v2-xgb,31017ecf3359af00d63ebb2b705b84a695a0de4a,experiments/p6/score_decomposition/reconstruction/localization_metrics.json,28269,d35901afceaeac0715266af6d0110c10e444bea83774f7228be90f7a35462b82
Ada-MGAD-e2e-v2-xgb,31017ecf3359af00d63ebb2b705b84a695a0de4a,experiments/p6/score_decomposition/reconstruction/rca_metrics.json,5395,6f573174833b1afac5eba0d2eb9b10da85d498e0736d975e1324588575799b7f
Ada-MGAD-e2e-v2-xgb,31017ecf3359af00d63ebb2b705b84a695a0de4a,experiments/p6/score_decomposition/reconstruction/threshold.json,1219,001fd77e80047ef147b1b4969420c9063280ea04a25df7a59c36328bcb367140
Ada-MGAD-e2e-v2-xgb,31017ecf3359af00d63ebb2b705b84a695a0de4a,experiments/p6/score_decomposition/score_range.json,946,065dbfa7e5b3a6e53e2bc3493fd80448d9613d0b7043d15a314aa1e3f30a20b5
Ada-MGAD-e2e-v2-xgb,31017ecf3359af00d63ebb2b705b84a695a0de4a,experiments/p6/score_decomposition/score_replay.json,4465,b292ac3e2b5640703cbda942a161ec5ac048fa0c0263ca15b72089b96385ac3d
Ada-MGAD-e2e-v2-xgb,31017ecf3359af00d63ebb2b705b84a695a0de4a,experiments/p6/system_event_trigger/manifest.json,28509,cb222bb5c21d20d8a7546e8b1ee1b4882daaac5d4a397d0e07655fe646cf9794
Ada-MGAD-e2e-v2-xgb,31017ecf3359af00d63ebb2b705b84a695a0de4a,experiments/p6/system_event_trigger/split_audit.json,12293,e5c60574f4c36ba5c7ebddbc869ede70f6f9aa83cf35c46fd611dbfba310463e
Ada-MGAD-e2e-v2-xgb,31017ecf3359af00d63ebb2b705b84a695a0de4a,experiments/p6/system_event_trigger/split_manifest.json,8121,1cad441a2d207379ffd8838bc2d655e9c68f3e03b6f4f7e666413a0b33aca193
Ada-MGAD-e2e-v2-xgb,31017ecf3359af00d63ebb2b705b84a695a0de4a,experiments/p6/system_event_trigger/test_metrics.json,14261,2968632cc4da1b807d976d8bb1c449f9d755cb1c15d2ee43bcd440b74946ce5b
Ada-MGAD-e2e-v2-xgb,31017ecf3359af00d63ebb2b705b84a695a0de4a,experiments/p6/system_event_trigger/training_log.json,18166,fcd54effee28206a6cdc964458bedb98c17a26906b58497140e42b567150b48a
Ada-MGAD-e2e-v2-xgb,31017ecf3359af00d63ebb2b705b84a695a0de4a,experiments/p6/system_event_trigger/validation_selection.json,21174,b5167c8d5df9cd9eebd7812cb76733799aa3f7829f3fe1a2c5cdb0ec51715a24
