case_id,split,fault_type,start_ms,duration_seconds,supported,metric_mean_abs,metric_max_abs,log_mean_abs,log_max_abs,trace_mean_abs,trace_max_abs
gaia-v3-00055,fit,login_failure,1625134313366,11.0,True,0.021724255408503267,0.6771646589040756,0.017568319477140902,0.3909478485584259,0.012225388652877882,0.9948896169662476
gaia-v3-00157,fit,login_failure,1625134644031,11.0,True,0.02543531205559475,0.58792544901371,0.018122761184349655,0.3456871211528778,0.013496641389792785,0.99526047706604
gaia-v3-00158,fit,login_failure,1625134753952,11.0,True,0.022985276060484238,0.5620050132274628,0.01678042779676616,0.3456871211528778,0.013508683507097885,0.9952394962310791
gaia-v3-00162,fit,login_failure,1625135152652,11.0,True,0.02366307140587954,0.6560694947838783,0.021686597215011715,0.3456871211528778,0.013409156902926043,0.99526047706604
gaia-v3-00061,fit,login_failure,1625137106889,11.0,True,0.018659464716250795,0.3551737889647484,0.017679597530514003,0.4902998208999634,0.01482381226029247,0.9947236776351929
gaia-v3-00062,fit,login_failure,1625137441342,11.0,True,0.020085808257274115,0.533794179558754,0.024727468425408006,0.3909478485584259,0.014104724370408803,0.9947900176048279
gaia-v3-00068,fit,login_failure,1625138904509,11.0,True,0.014468487361303536,0.4000000059604645,0.015874378522858022,0.3456871211528778,0.012684800814604387,0.9950407147407532
gaia-v3-00176,fit,login_failure,1625140148186,11.0,True,0.019306412961509523,0.6066509559750557,0.02413450344465673,0.3821229338645935,0.012029205606668257,0.9951609373092651
gaia-v3-00070,fit,login_failure,1625140466845,11.0,True,0.02529046182144915,0.467369869351387,0.016386885894462466,0.3456871211528778,0.0137979048746638,0.9963469505310059
gaia-v3-00178,fit,login_failure,1625140779894,11.0,True,0.02172670184392397,0.5741535127162933,0.018724657781422138,0.3456871211528778,0.012322965272469446,0.9950735569000244
gaia-v3-00072,fit,login_failure,1625141275640,11.0,True,0.029531768859372202,0.4917457401752472,0.025211398396641015,0.4201399087905884,0.01377127443207428,0.9951217770576477
gaia-v3-00180,fit,login_failure,1625141878578,11.0,True,0.0216643434164439,0.41731882095336914,0.02936868485994637,0.3456871211528778,0.015886390511877835,0.9949076175689697
gaia-v3-00181,fit,login_failure,1625142371588,11.0,True,0.019488029527946083,0.3477890118956566,0.020292605785652996,0.3456871211528778,0.009670016430318356,0.99555903673172
gaia-v3-00073,fit,login_failure,1625142697996,11.0,True,0.018855239562890348,0.48095138370990753,0.026027907198294998,0.45815688371658325,0.012733888407237827,0.9946427345275879
gaia-v3-00075,fit,login_failure,1625143709652,11.0,True,0.02316892270680834,0.5371890068054199,0.023841278813779353,0.3456871211528778,0.010663087116554379,0.9948564171791077
gaia-v3-00182,fit,login_failure,1625144306887,11.0,True,0.02156493757531166,0.5452162474393845,0.01597051965072751,0.3456871211528778,0.013176976619288325,0.9960349798202515
gaia-v3-00076,fit,login_failure,1625144515027,11.0,True,0.024062091742545515,0.49527508020401,0.0216303420253098,0.4201399087905884,0.012270432249642908,0.9947754144668579
gaia-v3-00079,fit,login_failure,1625144838548,11.0,True,0.021707445532331348,0.5232880115509033,0.02056919508613646,0.4902998208999634,0.012089886022731661,0.9951401352882385
gaia-v3-00188,fit,login_failure,1625146308103,11.0,True,0.04029832273846902,0.6612545549869537,0.027455460745841265,0.3909478485584259,0.013018694242928177,0.9961885213851929
gaia-v3-00189,fit,login_failure,1625146472371,11.0,True,0.02186477807385927,0.4944917596876621,0.019703401112928988,0.3456871211528778,0.012845155013492331,0.9955048561096191
gaia-v3-00085,fit,login_failure,1625146580815,11.0,True,0.02656917315625833,0.9424873106181622,0.014826846215873957,0.3456871211528778,0.009918709852499888,0.9959678053855896
gaia-v3-00190,fit,login_failure,1625146909426,11.0,True,0.02091845070296472,0.5908541232347488,0.01271072835661471,0.3456871211528778,0.010093491156585515,0.9955921769142151
gaia-v3-00191,fit,login_failure,1625147143024,11.0,True,0.01969050173342642,0.45457801036536694,0.020289275888353588,0.3456871211528778,0.012726972994860261,0.9950403571128845
gaia-v3-00192,fit,login_failure,1625147270983,11.0,True,0.023912376137718638,0.8273503184318542,0.016902568703517317,0.3456871211528778,0.010189694119617343,0.9952062964439392
gaia-v3-00086,fit,login_failure,1625147379810,11.0,True,0.018635585604458053,0.3960604965686798,0.023205021861940622,0.5064224600791931,0.012082279943861067,0.994941234588623
gaia-v3-00087,fit,login_failure,1625148163155,11.0,True,0.03195775138592391,0.45246056467294693,0.014096806477755307,0.4201399087905884,0.01022813634481281,0.9950738549232483
gaia-v3-00193,fit,login_failure,1625148267438,11.0,True,0.01989310185652092,0.4951142966747284,0.01849508648738265,0.3533506691455841,0.011262418385595083,0.99555903673172
gaia-v3-00090,fit,login_failure,1625148523177,11.0,True,0.03042666481744239,0.8344221897423267,0.021629059221595526,0.3456871211528778,0.011420302243204788,0.9951069951057434
gaia-v3-00093,fit,login_failure,1625148932768,11.0,True,0.030486459504966965,0.8035212680697441,0.017039059149101376,0.3456871211528778,0.009899496455909684,0.9945099949836731
gaia-v3-00195,fit,login_failure,1625149009184,11.0,True,0.026414672096359483,0.7693963795900345,0.03395407870411873,0.3456871211528778,0.011468525319360197,0.9951609373092651
gaia-v3-00207,fit,login_failure,1625150642706,11.0,True,0.021089686302591795,0.5355086959898472,0.025103162322193385,0.3456871211528778,0.012597157700220123,0.9950735569000244
gaia-v3-00210,fit,login_failure,1625150986978,11.0,True,0.02181147777755541,0.7535533830523491,0.016349213616922497,0.3456871211528778,0.011495335090439767,0.9955379962921143
gaia-v3-00105,fit,login_failure,1625152677359,11.0,True,0.018403532335234254,0.8819759786128998,0.019947701459750534,0.3456871211528778,0.010751282837009057,0.9949559569358826
gaia-v3-00108,fit,login_failure,1625153338140,11.0,True,0.01850263464939606,0.5090220831334591,0.024218499660491943,0.3456871211528778,0.011444097957573831,0.9950554966926575
gaia-v3-00109,fit,login_failure,1625153510692,11.0,True,0.024053297683303755,0.6286444216966629,0.016602796595543624,0.3456871211528778,0.01016398913692683,0.9948564171791077
gaia-v3-00110,fit,login_failure,1625153898194,11.0,True,0.018085852601905116,0.649408370256424,0.0214936797041446,0.3456871211528778,0.011559882520232349,0.995320737361908
gaia-v3-00223,fit,login_failure,1625154028271,11.0,True,0.021945975907438728,0.3267485499382019,0.019660339085385205,0.3456871211528778,0.010851574796251953,0.9955379962921143
gaia-v3-00112,fit,login_failure,1625154526012,11.0,True,0.021876846645265385,0.6568387225270271,0.03209093054756522,0.3456871211528778,0.014148695711046457,0.9947422742843628
gaia-v3-00228,fit,login_failure,1625154666329,11.0,True,0.019679832028970168,0.4049798548221588,0.020286171091720463,0.4201399087905884,0.011425555471796543,0.9951609373092651
gaia-v3-00229,fit,login_failure,1625155162573,11.0,True,0.024621126027269232,0.43648603558540344,0.01543982052244246,0.3456871211528778,0.009603818096220493,0.9954716563224792
gaia-v3-00511,fit,login_failure,1625155350373,11.0,True,0.02287158928057996,0.61275814473629,0.01780331223271787,0.3456871211528778,0.010436509021092206,0.9945763945579529
gaia-v3-00512,fit,login_failure,1625155898435,11.0,True,0.019897334101221985,0.49634093791246414,0.0238602505531162,0.3456871211528778,0.011761062918230892,0.9945099949836731
gaia-v3-00513,fit,login_failure,1625156044173,11.0,True,0.022965540007047973,0.6363128796219826,0.021693922718986867,0.3456871211528778,0.010903157107532025,0.9948232173919678
gaia-v3-00518,fit,login_failure,1625157036091,11.0,True,0.019922477372716685,0.5093529522418976,0.016352976299822332,0.3456871211528778,0.011122267288155853,0.9948896169662476
gaia-v3-00256,fit,login_failure,1625157145836,11.0,True,0.01585732979462288,0.4000289738178253,0.016072055883705617,0.3456871211528778,0.010235617163125425,0.9953721761703491
gaia-v3-00519,fit,login_failure,1625157460310,11.0,True,0.018971087088986375,0.40000002086162567,0.018766189040616155,0.3821229338645935,0.012015796373598278,0.994675874710083
gaia-v3-00258,fit,login_failure,1625157549895,11.0,True,0.0205464981887341,0.6971916481852531,0.03300811005756259,0.3456871211528778,0.013294172314926982,0.9955379962921143
gaia-v3-00259,fit,login_failure,1625157648012,11.0,True,0.025305551909237542,0.8205198459327221,0.01944319922477007,0.3456871211528778,0.010710126847261563,0.9950945377349854
gaia-v3-00522,fit,login_failure,1625158192927,11.0,True,0.016547177479424136,0.3714717924594879,0.021474135015159844,0.3456871211528778,0.010099781677126884,0.9946427345275879
gaia-v3-00523,fit,login_failure,1625158769806,11.0,True,0.02074740284306055,0.3599839210510254,0.01608377806842327,0.4522828459739685,0.010247046714648605,0.9952875971794128
gaia-v3-00524,fit,login_failure,1625158903896,11.0,True,0.016726662841889114,0.47423459216952324,0.021894755167886616,0.3456871211528778,0.01206275291275233,0.9950075745582581
gaia-v3-00262,fit,login_failure,1625159222706,11.0,True,0.024758334556167938,0.8995183892548084,0.019322628527879714,0.3456871211528778,0.010199744910933077,0.9955379962921143
gaia-v3-00265,fit,login_failure,1625160354732,11.0,True,0.023377853062955485,0.6701798737049103,0.020530037954449652,0.3973703160881996,0.01103503247955814,0.9951609373092651
gaia-v3-00527,fit,login_failure,1625160549137,11.0,True,0.025420597515352483,0.5264415144920349,0.027056213561445476,0.3456871211528778,0.012368245898978785,0.994675874710083
gaia-v3-00530,fit,login_failure,1625160960292,11.0,True,0.024111226497403018,0.6025230437517166,0.01848980472423136,0.3821229338645935,0.009028257974423469,0.9946427345275879
gaia-v3-00531,fit,login_failure,1625161216075,11.0,True,0.025170715392783906,0.6992246210575104,0.021711122058331967,0.3456871211528778,0.0119777773716487,0.9952875971794128
gaia-v3-00266,fit,login_failure,1625161407707,11.0,True,0.018052625783817198,0.5131180435419083,0.023588746972382068,0.3456871211528778,0.012382768514798954,0.995857298374176
gaia-v3-00535,fit,login_failure,1625162131348,11.0,True,0.018634460035420373,0.4000000059604645,0.028561434848234056,0.3456871211528778,0.013979755535256117,0.995320737361908
gaia-v3-00536,fit,login_failure,1625162294687,11.0,True,0.020018961019042082,0.4632355719804764,0.03297280250117183,0.3456871211528778,0.01392577301710844,0.9950738549232483
gaia-v3-00269,fit,login_failure,1625162441859,11.0,True,0.019692250862487982,0.40866064839065075,0.01540506985038519,0.3456871211528778,0.009495045996736735,0.99555903673172
gaia-v3-00270,fit,login_failure,1625162808073,11.0,True,0.028446570342381013,0.5255568325519562,0.02064252276904881,0.3456871211528778,0.012111118803732097,0.9955379962921143
gaia-v3-00537,fit,login_failure,1625163120433,11.0,True,0.026179987992793485,0.6355888247489929,0.020987617457285522,0.3456871211528778,0.012052842793054878,0.9950738549232483
gaia-v3-00543,fit,login_failure,1625164606284,11.0,True,0.021567696737594132,0.8213287442922592,0.030468449322506787,0.3456871211528778,0.013709687336813658,0.9948896169662476
gaia-v3-00544,fit,login_failure,1625164816929,11.0,True,0.02619650884520676,0.507773756980896,0.022991717187687756,0.3456871211528778,0.011074177534319461,0.9952875971794128
gaia-v3-00279,fit,login_failure,1625165353386,11.0,True,0.020163568392229082,0.5733964294195175,0.024687242601066826,0.3456871211528778,0.014035664186812936,0.9955921769142151
gaia-v3-00550,fit,login_failure,1625166009617,11.0,True,0.030432091031749074,0.7091991007328033,0.036854095244780186,0.3456871211528778,0.015269074542447924,0.9953538775444031
gaia-v3-00284,fit,login_failure,1625166471899,11.0,True,0.01815797302172655,0.4716946929693222,0.018857202818617226,0.3533506691455841,0.011823399524437263,0.9950613379478455
gaia-v3-00552,fit,login_failure,1625166549657,11.0,True,0.023055890959833885,0.5135399699211121,0.034611750533804296,0.3456871211528778,0.013937748216558249,0.9951401352882385
gaia-v3-00287,fit,login_failure,1625166959301,11.0,True,0.023970566031338573,0.6546340510249138,0.018346823286265135,0.3533506691455841,0.011867732153041289,0.9952272772789001
gaia-v3-00554,fit,login_failure,1625167306616,11.0,True,0.016980329035836423,0.3991875872015953,0.024641748797148467,0.45815688371658325,0.012260220400057732,0.9953870177268982
gaia-v3-00557,fit,login_failure,1625168411759,11.0,True,0.03897311485741473,0.9911016006954014,0.029558386374264955,0.550286203622818,0.011540206484496593,0.9950738549232483
gaia-v3-00563,fit,login_failure,1625169376163,11.0,True,0.024511860470058384,0.6739071235060692,0.026715786941349507,0.45815688371658325,0.013437813059426843,0.9948564171791077
gaia-v3-00564,fit,login_failure,1625169524087,11.0,True,0.027796507259917766,0.6326160989701748,0.019421181315556167,0.3456871211528778,0.010123219047673047,0.9948564171791077
gaia-v3-00298,fit,login_failure,1625169933462,11.0,True,0.01502724002754879,0.39292898774147034,0.022223271150141954,0.45815688371658325,0.010605795828159898,0.9951609373092651
gaia-v3-00569,fit,login_failure,1625170260456,11.0,True,0.02361318164231155,0.5926171541213989,0.019154768763110043,0.3456871211528778,0.010756031070486642,0.9945244193077087
gaia-v3-00301,fit,login_failure,1625170372582,11.0,True,0.01940163922072505,0.6974177807569504,0.021619956893846392,0.7092047333717346,0.012689228260423988,0.9951277375221252
gaia-v3-00302,fit,login_failure,1625170466298,11.0,True,0.01759186414102866,0.43891075253486633,0.0326025752350688,0.3456871211528778,0.014243745321873575,0.9951277375221252
gaia-v3-00570,fit,login_failure,1625170563771,11.0,True,0.032030285183844855,0.8983439803123474,0.02116285883821547,0.7413476705551147,0.009216049852548168,0.9958838224411011
gaia-v3-00571,fit,login_failure,1625171327408,11.0,True,0.026617143035415815,0.6023682951927185,0.02110953601077199,0.3456871211528778,0.0118018283508718,0.9950075745582581
gaia-v3-00304,fit,login_failure,1625171890335,11.0,True,0.019119312378813903,0.5091720223426819,0.029689755477011203,0.4902998208999634,0.012329793502576649,0.995968759059906
gaia-v3-00305,fit,login_failure,1625172034759,11.0,True,0.021607329689751018,0.4236099123954773,0.02392773376777768,0.4201399087905884,0.012236048835329711,0.9954716563224792
gaia-v3-00572,fit,login_failure,1625172287886,11.0,True,0.0292342013401291,0.6260613650083542,0.021452747052535415,0.3456871211528778,0.011694349262397737,0.995320737361908
gaia-v3-00573,fit,login_failure,1625172453376,11.0,True,0.01940163544200004,0.4681369960308075,0.018332124408334493,0.3456871211528778,0.010213843947276473,0.9955857992172241
gaia-v3-00310,fit,login_failure,1625173184271,11.0,True,0.024517395778779396,0.5420707911252975,0.026960141910240053,0.3456871211528778,0.013343875571154058,0.99555903673172
gaia-v3-00311,fit,login_failure,1625173432400,11.0,True,0.020919157672862336,0.5292961671948433,0.017976965568959714,0.3456871211528778,0.009845557142980396,0.99555903673172
gaia-v3-00314,fit,login_failure,1625174119147,11.0,True,0.021909560230005808,0.4717920422554016,0.014320788066834211,0.4902998208999634,0.010751744280569256,0.9951067566871643
gaia-v3-00579,fit,login_failure,1625174275896,11.0,True,0.01958840403603593,0.5565375275909901,0.013902138965204359,0.3456871211528778,0.010774121056310832,0.9951069951057434
gaia-v3-00319,fit,login_failure,1625175509630,11.0,True,0.017426455892018567,0.5406800955533981,0.019772762944921852,0.3456871211528778,0.01181933408137411,0.9952394962310791
gaia-v3-00587,fit,login_failure,1625176447034,11.0,True,0.02865288811929645,0.7966815233230591,0.016845591878518463,0.3456871211528778,0.011035492449300363,0.9972715973854065
gaia-v3-00588,fit,login_failure,1625176573806,11.0,True,0.02326040917419429,0.6540029123425484,0.01560595016926527,0.3456871211528778,0.011795260523213074,0.9948564171791077
gaia-v3-00589,fit,login_failure,1625176773928,11.0,True,0.018855524115737883,0.43157215788960457,0.030960448458790778,0.3456871211528778,0.014547358835116028,0.9962653517723083
gaia-v3-00590,fit,login_failure,1625177181061,11.0,True,0.016743830075233744,0.5000000149011612,0.0173078877851367,0.3456871211528778,0.01042466212529689,0.9948232173919678
gaia-v3-00591,fit,login_failure,1625177420335,11.0,True,0.0245639237922281,0.5048248171806335,0.013237723149359226,0.3456871211528778,0.011049838229082525,0.9956369400024414
gaia-v3-00592,fit,login_failure,1625177563640,11.0,True,0.018915786161808987,0.40155333653092384,0.030577000044286252,0.3456871211528778,0.014377757131587714,0.9960162043571472
gaia-v3-00593,fit,login_failure,1625177725412,11.0,True,0.022071000118561793,0.5871703177690506,0.019150438811630012,0.3456871211528778,0.01080209519714117,0.9953720569610596
gaia-v3-00326,fit,login_failure,1625177887366,11.0,True,0.022847406513399924,0.5843411535024643,0.0198441787622869,0.3909478485584259,0.0114548160135746,0.9951609373092651
gaia-v3-00594,fit,login_failure,1625177969672,11.0,True,0.019194830421368655,0.45545145869255066,0.03873948347754776,0.4201399087905884,0.01700071831699461,0.9948564171791077
gaia-v3-00595,fit,login_failure,1625178195667,11.0,True,0.018234504857196042,0.5987995825707912,0.018604277959093453,0.3456871211528778,0.011837388712447137,0.9949744343757629
gaia-v3-00600,fit,login_failure,1625179518771,11.0,True,0.02173329357307239,0.6809686068445444,0.020381939597427845,0.3456871211528778,0.013208345943130553,0.9955857992172241
gaia-v3-00601,fit,login_failure,1625179606235,11.0,True,0.03741194795939009,0.7066201716661453,0.028444295143708588,0.3456871211528778,0.01729101554490626,0.9948896169662476
gaia-v3-00602,fit,login_failure,1625179890368,11.0,True,0.017977320272734687,0.5374056398868561,0.015030622761696578,0.3456871211528778,0.009817232927307486,0.9951549768447876
gaia-v3-00330,fit,login_failure,1625180011673,11.0,True,0.02905368529787135,0.747547909617424,0.018813775014132263,0.5064224600791931,0.011550126076908782,0.9950735569000244
gaia-v3-00332,fit,login_failure,1625180687756,11.0,True,0.01909609010624725,0.5534340143203735,0.022503531770780683,0.5224427580833435,0.011084623248316348,0.9955379962921143
gaia-v3-00333,fit,login_failure,1625180803736,11.0,True,0.020581926819363616,0.4672401547431946,0.023692240985110403,0.3456871211528778,0.012689125130418689,0.9950071573257446
gaia-v3-00607,fit,login_failure,1625181031588,11.0,True,0.026149640543553686,0.6006382703781128,0.017591580701991915,0.5181432664394379,0.008683852285612375,0.994675874710083
gaia-v3-00334,fit,login_failure,1625181169430,11.0,True,0.02254491627330708,0.5315552949905396,0.01311021177098155,0.3456871211528778,0.010089931742404587,0.9951067566871643
gaia-v3-00336,fit,login_failure,1625181935999,11.0,True,0.023706172193999463,0.45221957564353943,0.019494653632864355,0.3456871211528778,0.011398343680193648,0.9948288798332214
gaia-v3-00345,fit,login_failure,1625184084516,11.0,True,0.01701603887155443,0.40000002086162567,0.013507711887359618,0.3456871211528778,0.009524344255914911,0.9950735569000244
gaia-v3-00624,fit,login_failure,1625184995276,11.0,True,0.019098851368687518,0.5375648215413094,0.015048317704349756,0.3456871211528778,0.010027666927780956,0.9948564171791077
gaia-v3-00625,fit,login_failure,1625185292911,11.0,True,0.0237348710946056,0.7244205176830292,0.03289837278425693,0.3821229338645935,0.01458322095219046,0.9949744343757629
gaia-v3-00626,fit,login_failure,1625185516677,11.0,True,0.02119938887118072,0.45635743346065283,0.02382422247901559,0.3456871211528778,0.012376069742022083,0.9963974952697754
gaia-v3-00629,fit,login_failure,1625185850853,11.0,True,0.020313017252842278,0.5168314278125763,0.016758160758763553,0.5181432664394379,0.010985666355118155,0.9947900176048279
gaia-v3-00350,fit,login_failure,1625185946904,11.0,True,0.017517079210400275,0.3476177453994751,0.017948510497808455,0.3456871211528778,0.010654586574528366,0.9951277375221252
gaia-v3-00630,fit,login_failure,1625186079368,11.0,True,0.02018629003312829,0.5136736556887627,0.018868806818500162,0.3456871211528778,0.012644156365422533,0.9952875971794128
gaia-v3-00632,fit,login_failure,1625186578682,11.0,True,0.023267333305727788,0.3920378917828202,0.043547534570097926,0.3456871211528778,0.018072367087006568,0.9952064156532288
gaia-v3-00352,fit,login_failure,1625186884367,11.0,True,0.022367023119107897,0.927446074783802,0.027153510367497802,0.3456871211528778,0.013835154557600617,0.9953721761703491
gaia-v3-00633,fit,login_failure,1625187038878,11.0,True,0.019665541817928064,0.40000002086162567,0.016558148013427854,0.3456871211528778,0.011075755334459245,0.9945908784866333
gaia-v3-00353,fit,login_failure,1625187228008,11.0,True,0.02185001034472028,0.4886936731636524,0.02193130278028548,0.3456871211528778,0.010776492505101487,0.995736837387085
gaia-v3-00354,fit,login_failure,1625187620805,11.0,True,0.02804531017275167,0.7198251187801361,0.018051828444004058,0.3456871211528778,0.012094821678474546,0.9951609373092651
gaia-v3-00355,fit,login_failure,1625187899712,11.0,True,0.03011743253458545,0.450177401304245,0.028942096652463077,0.3456871211528778,0.015432639014907181,0.9957910776138306
gaia-v3-00356,fit,login_failure,1625187970952,11.0,True,0.01601334670505047,0.4577454775571823,0.018035631440579892,0.5064224600791931,0.01239530263002962,0.9956915974617004
gaia-v3-00358,fit,login_failure,1625189038113,11.0,True,0.018745051567411034,0.48994119465351105,0.024313633656129242,0.3920033872127533,0.012065566077362746,0.9951067566871643
gaia-v3-00635,fit,login_failure,1625189113795,11.0,True,0.024029152542436805,0.7757337391376495,0.02691266988404095,0.3456871211528778,0.013406229944666847,0.9948086142539978
gaia-v3-00636,fit,login_failure,1625190168265,11.0,True,0.021392604085804123,0.47440406680107117,0.03088405542075634,0.3456871211528778,0.013174411966465413,0.9954864382743835
gaia-v3-00637,fit,login_failure,1625190266496,11.0,True,0.022572277846218944,0.6916850358247757,0.013858428038656712,0.3456871211528778,0.010499462811276316,0.9946427345275879
gaia-v3-00359,fit,login_failure,1625190480207,11.0,True,0.020851569079282702,0.42337530851364136,0.04159206738695502,0.4201399087905884,0.022418874064460397,0.9956915974617004
gaia-v3-00362,fit,login_failure,1625191007908,11.0,True,0.028618942264881753,0.5212444514036179,0.02543235393241048,0.3456871211528778,0.01607214325107634,0.9951277375221252
gaia-v3-00638,fit,login_failure,1625191330488,11.0,True,0.020956208629017207,0.3999360501766205,0.02197657888755202,0.6711877584457397,0.013469094564206897,0.9963800311088562
gaia-v3-00639,fit,login_failure,1625192048325,11.0,True,0.020259444046757835,0.5094627179205418,0.029811938107013703,0.3456871211528778,0.01529931936878711,0.9947568774223328
gaia-v3-00641,fit,login_failure,1625193447788,11.0,True,0.02034394142851473,0.511007783934474,0.015727241290733218,0.37361085414886475,0.01256190937012434,0.9943107962608337
gaia-v3-00642,fit,login_failure,1625193520471,11.0,True,0.02557699628444728,0.7919517457485199,0.01941730626858771,0.3456871211528778,0.014559171916916967,0.9946427345275879
gaia-v3-00645,fit,login_failure,1625193957976,11.0,True,0.028423383338199906,0.9555383343249559,0.016517716692760587,0.3456871211528778,0.011554874228313566,0.995320737361908
gaia-v3-00646,fit,login_failure,1625194261097,11.0,True,0.0215512744336498,0.6327729374170303,0.02008815696462989,0.3456871211528778,0.011430036867968738,0.9951069951057434
gaia-v3-00373,fit,login_failure,1625194627038,11.0,True,0.02224429091581328,0.5860284846276045,0.01892734202556312,0.3456871211528778,0.011455907194176688,0.996056079864502
gaia-v3-00653,fit,login_failure,1625196051029,11.0,True,0.016173362900436434,0.42412520945072174,0.023257735511288048,0.3456871211528778,0.016270730040268973,0.9951401352882385
gaia-v3-00376,fit,login_failure,1625196475248,11.0,True,0.018389216245680018,0.4561896473169327,0.033052097028121355,0.3456871211528778,0.01553288193885237,0.9950735569000244
gaia-v3-00655,fit,login_failure,1625196955885,11.0,True,0.014995305097151383,0.4531339295208454,0.02072166930884123,0.3981705456972122,0.01585517831495963,0.9951881170272827
gaia-v3-00378,fit,login_failure,1625197326887,11.0,True,0.01881562016116239,0.6758426576852798,0.024475565971806647,0.4201399087905884,0.014166641109623014,0.99555903673172
gaia-v3-00656,fit,login_failure,1625197791679,11.0,True,0.012820185498408894,0.2665377026423812,0.01665142010897398,0.3456871211528778,0.013168130849953741,1.0
gaia-v3-00379,fit,login_failure,1625197917494,11.0,True,0.020792252323999113,0.39903998374938965,0.0289026846177876,0.6246587038040161,0.015067254016175867,0.9954053163528442
gaia-v3-00380,fit,login_failure,1625198011422,11.0,True,0.05265253654863192,1.0,0.02587459748610854,0.3456871211528778,0.014402397960657254,0.995272696018219
gaia-v3-00657,fit,login_failure,1625198617225,11.0,True,0.010075073982659433,0.3188329041004181,0.03462685332633555,0.3821229338645935,0.01484409874305129,0.995320737361908
gaia-v3-00382,fit,login_failure,1625199017917,11.0,True,0.0072796540945698025,0.4000000059604645,0.017598368413746356,0.3456871211528778,0.009869507346302271,0.9955379962921143
gaia-v3-00660,fit,login_failure,1625199451581,11.0,True,0.012480577435117842,0.5975194498896599,0.025874902680516242,0.3533506691455841,0.01086399707943201,0.9956189393997192
gaia-v3-00664,fit,login_failure,1625200116841,11.0,True,0.007326920081883751,0.21341460943222046,0.024449850572273134,0.3456871211528778,0.014578701336868108,0.9949744343757629
gaia-v3-00665,fit,login_failure,1625200255408,11.0,True,0.009989738451008635,0.4470662288367748,0.015353453857824207,0.45815688371658325,0.011522783704567701,0.9950075745582581
gaia-v3-00392,fit,login_failure,1625201118716,11.0,True,0.00817049720834196,0.2808378338813782,0.02026818711310625,0.3456871211528778,0.012742180414497851,0.9956915974617004
gaia-v3-00394,fit,login_failure,1625201895773,11.0,True,0.0183113160505665,0.5912685170769691,0.02471246300265193,0.6246587038040161,0.011682499616872519,0.9953721761703491
gaia-v3-00395,fit,login_failure,1625201990269,11.0,True,0.016990052983455448,0.9081810843199492,0.01927257967181504,0.3456871211528778,0.013170149532379582,0.9954594969749451
gaia-v3-00396,fit,login_failure,1625202102783,11.0,True,0.012016227130004609,0.6148757487535477,0.01866083205677569,0.3456871211528778,0.011306526494445279,0.9952394962310791
gaia-v3-00399,fit,login_failure,1625202884436,11.0,True,0.016169745749975088,0.6021859273314476,0.024267699010670184,0.45815688371658325,0.014400351720396429,0.9954053163528442
gaia-v3-00671,fit,login_failure,1625203076555,11.0,True,0.01543933129812558,0.7306116942781955,0.016909204609692096,0.3456871211528778,0.01266116022481583,0.9963800311088562
gaia-v3-00676,fit,login_failure,1625203819061,11.0,True,0.010978612403789612,0.8030427768826485,0.01728101084008813,0.3456871211528778,0.011122746907640249,0.9952212572097778
gaia-v3-00678,fit,login_failure,1625204497637,11.0,True,0.011414147360327812,0.44707563519477844,0.028057950409129263,0.3456871211528778,0.014917646136600524,0.9965956807136536
gaia-v3-00679,fit,login_failure,1625204760625,11.0,True,0.013272958825556696,0.6813896335661411,0.014673528354614973,0.3456871211528778,0.010059298042906449,0.9958176016807556
gaia-v3-00406,fit,login_failure,1625205734276,11.0,True,0.013076378378847646,0.4269808381795883,0.024626843724399806,0.3821229338645935,0.014510192810557782,0.9955921769142151
gaia-v3-00407,fit,login_failure,1625206042171,11.0,True,0.006576671337484186,0.23418432474136353,0.017135958932340146,0.3456871211528778,0.014191029369831085,0.9947414994239807
gaia-v3-00411,fit,login_failure,1625207571148,11.0,True,0.011326353574262763,0.34248383343219757,0.018647359870374202,0.3456871211528778,0.013197885318659246,0.99542635679245
gaia-v3-00689,fit,login_failure,1625207778173,11.0,True,0.013212291435623531,0.4728388488292694,0.025328940944746137,0.3456871211528778,0.013979724519886076,0.9952875971794128
gaia-v3-00690,fit,login_failure,1625207954117,11.0,True,0.014998213401736394,0.5234421528875828,0.03294036304578185,0.3456871211528778,0.021289709131233393,0.996232271194458
gaia-v3-00413,fit,login_failure,1625208270961,11.0,True,0.013578648263379971,0.7533217668533325,0.03770254687406123,0.34951815009117126,0.01583048713859171,0.9951399564743042
gaia-v3-00693,fit,login_failure,1625208952673,11.0,True,0.01303794481644521,0.6808825135231018,0.018895174423232675,0.3456871211528778,0.011565824991557748,0.9950075745582581
gaia-v3-00695,fit,login_failure,1625209389953,11.0,True,0.00821837146800893,0.25677911937236786,0.022725003445520996,0.3456871211528778,0.013505723152775317,0.9952875971794128
gaia-v3-00697,fit,login_failure,1625209957205,11.0,True,0.006943311793141523,0.3629280901513994,0.028427998954430222,0.4201399087905884,0.014584489846602083,0.9949080944061279
gaia-v3-00700,fit,login_failure,1625210165098,11.0,True,0.009607910755513179,0.5450267195701599,0.021539979381486773,0.436208575963974,0.012861674251034856,0.995254397392273
gaia-v3-00701,fit,login_failure,1625210246553,11.0,True,0.008187150293724698,0.36452751606702805,0.018753607664257287,0.4201399087905884,0.01415783173055388,0.9955527186393738
gaia-v3-00702,fit,login_failure,1625210488013,11.0,True,0.009613539981334423,0.4558229800313711,0.014546419586986303,0.3456871211528778,0.01105300333350897,0.995320737361908
gaia-v3-00421,fit,login_failure,1625211377280,11.0,True,0.010588244892574039,0.6023648399859667,0.01898605739697814,0.3456871211528778,0.012075404739007353,0.9971474409103394
gaia-v3-00706,fit,login_failure,1625211927397,11.0,True,0.012699255539807079,0.44220292568206787,0.018405663128942252,0.3456871211528778,0.012091541611589492,0.9951881170272827
gaia-v3-00707,fit,login_failure,1625212026269,11.0,True,0.009362355334519634,0.7166664749383926,0.0223334024194628,0.3456871211528778,0.014819330121390521,0.9950075745582581
gaia-v3-00423,fit,login_failure,1625212111485,11.0,True,0.008606791761000447,0.6586634516716003,0.022931986814364792,0.3456871211528778,0.015436593773774803,0.9950945377349854
gaia-v3-00424,fit,login_failure,1625212228289,11.0,True,0.01307386142937806,0.48399025201797485,0.02272346867248416,0.3456871211528778,0.014632649151608348,0.9954385161399841
gaia-v3-00427,fit,login_failure,1625212666931,11.0,True,0.008427004497279237,0.560914546251297,0.03751782495528459,0.3456871211528778,0.015277935967314988,0.9958242177963257
gaia-v3-00428,fit,login_failure,1625212750492,11.0,True,0.009545684579620684,0.39699945878237486,0.027845770493149756,0.3456871211528778,0.012921516279457137,0.995339035987854
gaia-v3-00429,fit,login_failure,1625212830160,11.0,True,0.013190348166123538,0.44124338030815125,0.023837355338037013,0.45815688371658325,0.01399989570840262,0.9951277375221252
gaia-v3-00715,fit,login_failure,1625213469229,11.0,True,0.011563688828823615,0.5804354548454285,0.016452099801972507,0.3456871211528778,0.01303039179649204,0.9950075745582581
gaia-v3-00716,fit,login_failure,1625213705281,11.0,True,0.013008323446736842,0.5424699261784554,0.024769069021567704,0.3456871211528778,0.015802427555900066,0.9950738549232483
gaia-v3-00717,fit,login_failure,1625213839490,11.0,True,0.006186651122993681,0.20000000298023224,0.015483723673969507,0.3456871211528778,0.010670522139407694,0.996232271194458
gaia-v3-00437,fit,login_failure,1625214900940,11.0,True,0.00583657513242315,0.22332322597503662,0.026165688829496502,0.45815688371658325,0.015066105069126933,0.995194137096405
gaia-v3-00438,fit,login_failure,1625215202818,11.0,True,0.011986353971898704,0.8612850457429886,0.024610023526474834,0.3456871211528778,0.014996934458613395,0.995492696762085
gaia-v3-00720,fit,login_failure,1625215584829,11.0,True,0.010505671295239457,0.38518931716680527,0.016534004453569652,0.3456871211528778,0.012037618295289576,0.9954201579093933
gaia-v3-00439,fit,login_failure,1625215673610,11.0,True,0.009822462230916547,0.32736584544181824,0.020480154780671,0.3909478485584259,0.015062183886766434,0.9955048561096191
gaia-v3-00721,fit,login_failure,1625215764466,11.0,True,0.008888732055978229,0.3714110255241394,0.016928670601919292,0.3456871211528778,0.012694073291495443,0.9950407147407532
gaia-v3-00440,fit,login_failure,1625216041810,11.0,True,0.012482762388314465,0.5520931426435709,0.023531949752941726,0.3821229338645935,0.01292080751620233,0.9951731562614441
gaia-v3-00722,fit,login_failure,1625216235998,11.0,True,0.012246715673995823,0.3890235647559166,0.02461682544089854,0.3973703160881996,0.01348424625582993,0.994941234588623
gaia-v3-00727,fit,login_failure,1625216832213,11.0,True,0.014189170242036652,0.6091784201562405,0.02750311139971018,0.3456871211528778,0.015064793683122843,0.9951549768447876
gaia-v3-00729,fit,login_failure,1625217034473,11.0,True,0.010609364196326018,0.497941255569458,0.022520209243521095,0.3456871211528778,0.01333539396058768,0.9950075745582581
gaia-v3-00730,fit,login_failure,1625217253885,11.0,True,0.008967695370733964,0.2926373779773712,0.0251509053632617,0.3456871211528778,0.014628379414789379,0.9951549768447876
gaia-v3-00731,fit,login_failure,1625217473221,11.0,True,0.00865055679703346,0.49180316738784313,0.011013599578291178,0.3456871211528778,0.010669917094055563,0.9949744343757629
gaia-v3-00442,fit,login_failure,1625217566449,11.0,True,0.010373902773994814,0.49206966161727905,0.020983940921723843,0.3456871211528778,0.014684936723206192,0.9951277375221252
gaia-v3-00444,fit,login_failure,1625218922321,11.0,True,0.011063881604021239,0.4340197443962097,0.023510959278792144,0.3456871211528778,0.01403048490989022,0.9954053163528442
gaia-v3-00445,fit,login_failure,1625219142756,11.0,True,0.009143375314874903,0.3526855604723096,0.023336574714630843,0.3821229338645935,0.015393432481214404,0.9956705570220947
gaia-v3-00737,fit,login_failure,1625219296657,11.0,True,0.011539342619899647,0.40558814629912376,0.02915618633851409,0.3456871211528778,0.017167724268510938,0.9949744343757629
gaia-v3-00446,fit,login_failure,1625219531440,11.0,True,0.010312741718867832,0.5743006011471152,0.016928309062495827,0.4421093016862869,0.012518523447215556,0.9955379962921143
gaia-v3-00739,fit,login_failure,1625219882629,11.0,True,0.007006293699091278,0.36814528703689575,0.017272604163736105,0.3456871211528778,0.013211634836625307,0.9952064156532288
gaia-v3-00449,fit,login_failure,1625220207539,11.0,True,0.009796153742049304,0.4829397890716791,0.020477033546194436,0.3456871211528778,0.014150357596809044,0.9955711364746094
gaia-v3-00450,fit,login_failure,1625220469340,11.0,True,0.007384447086875904,0.2703702747821808,0.021645580092445015,0.3456871211528778,0.015567424218170344,0.9956042766571045
gaia-v3-00744,fit,login_failure,1625221551237,11.0,True,0.006992414441049278,0.40000002086162567,0.015223241457715631,0.3456871211528778,0.00959399314946495,0.9951069951057434
gaia-v3-00451,fit,login_failure,1625222183794,11.0,True,0.011563529570609413,0.5025327205657959,0.01627498366869986,0.3456871211528778,0.010483249416574835,0.9953721761703491
gaia-v3-00452,fit,login_failure,1625222612004,11.0,True,0.011066802299293006,0.8788738399744034,0.020831915969029068,0.3456871211528778,0.01355518250260502,0.9954594969749451
gaia-v3-00453,fit,login_failure,1625222767712,11.0,True,0.013213114870397173,0.44110533595085144,0.029769676551222802,0.45815688371658325,0.013864221279509365,0.9955379962921143
gaia-v3-00454,fit,login_failure,1625222913170,11.0,True,0.009343682316481743,0.3390914797782898,0.017165689868852495,0.3456871211528778,0.013056145559530705,0.99542635679245
gaia-v3-00456,fit,login_failure,1625223668824,11.0,True,0.008682859955452689,0.4103017672896385,0.013682280015200377,0.3456871211528778,0.013990772091783583,0.9952394962310791
gaia-v3-00749,fit,login_failure,1625223865741,11.0,True,0.007913323884330718,0.5001955479383469,0.022811335790902377,0.3821229338645935,0.012711444896413014,0.9950075745582581
gaia-v3-00750,fit,login_failure,1625224503601,11.0,True,0.009277197548059727,0.34443875402212143,0.024104290641844273,0.3456871211528778,0.014477213760837913,0.9957031011581421
gaia-v3-00751,fit,login_failure,1625224803192,11.0,True,0.012096451439879275,0.44035814702510834,0.027844774443656205,0.3456871211528778,0.01725854250602424,0.9961485266685486
gaia-v3-00458,fit,login_failure,1625225243602,11.0,True,0.007493557095676806,0.4392469823360443,0.014667236525565387,0.3821229338645935,0.011188660152256488,0.9950735569000244
gaia-v3-00752,fit,login_failure,1625225357564,11.0,True,0.013688691443864325,0.504961758852005,0.021951348846778275,0.4201399087905884,0.011434443120379001,0.9957845211029053
gaia-v3-00753,fit,login_failure,1625225436185,11.0,True,0.010060898249654808,0.4418759271502495,0.0201290441211313,0.3973703160881996,0.013439820545027032,0.995320737361908
gaia-v3-00459,fit,login_failure,1625225580215,11.0,True,0.009102300104996176,0.41603855788707733,0.012995010195299982,0.3456871211528778,0.010279652425087988,0.9955048561096191
gaia-v3-00754,fit,login_failure,1625225901861,11.0,True,0.01122272965500694,0.4000000059604645,0.030289518414065242,0.3456871211528778,0.012657599288504571,0.9951732754707336
gaia-v3-00462,fit,login_failure,1625226021668,11.0,True,0.01278236096039412,0.630149957660251,0.019375576730817558,0.3456871211528778,0.011573556994553655,0.9955379962921143
gaia-v3-00466,fit,login_failure,1625226678843,11.0,True,0.01098004420888022,0.4119193032383919,0.028178782667964697,0.4201399087905884,0.014096771519398317,0.9953721761703491
gaia-v3-00757,fit,login_failure,1625226786358,11.0,True,0.006153412408419475,0.23646635562181473,0.01577122542075813,0.3456871211528778,0.012087940918281675,0.995254397392273
gaia-v3-00759,fit,login_failure,1625227036476,11.0,True,0.011666632732927458,0.6085876612924039,0.02527118199504912,0.3456871211528778,0.012644055015407503,0.9953870177268982
gaia-v3-00768,fit,login_failure,1625228985455,11.0,True,0.009566774208701645,0.2720150053501129,0.021490178955718874,0.3456871211528778,0.013263120361370966,0.9952212572097778
gaia-v3-00769,fit,login_failure,1625229364777,11.0,True,0.008883199271798503,0.4000000059604645,0.021080528665333987,0.3456871211528778,0.009957307915901764,0.9950554966926575
gaia-v3-00770,fit,login_failure,1625229548981,11.0,True,0.009672875250983756,0.37115849554538727,0.023370220651850106,0.3456871211528778,0.012596066882833839,0.9949559569358826
gaia-v3-00771,fit,login_failure,1625229704917,11.0,True,0.011842220937857443,0.5543366149067879,0.022417752956971525,0.3456871211528778,0.012787413545884191,0.9947422742843628
gaia-v3-00473,fit,login_failure,1625230048905,11.0,True,0.009273017487483532,0.31573396921157837,0.01933907074853778,0.3456871211528778,0.011395718334242702,0.9951067566871643
gaia-v3-00475,fit,login_failure,1625230348948,11.0,True,0.009594085079046029,0.4953530430793762,0.017330584581941366,0.3456871211528778,0.01086955179926008,0.99542635679245
gaia-v3-00777,fit,login_failure,1625230575565,11.0,True,0.010380456288210856,0.40000002086162567,0.028564043855294586,0.45815688371658325,0.016032894272357226,0.9953538775444031
gaia-v3-00778,fit,login_failure,1625230798005,11.0,True,0.0119893673023095,0.44531600177288055,0.03086970094591379,0.4201399087905884,0.013925414888653904,0.9953538775444031
gaia-v3-00477,fit,login_failure,1625231177115,11.0,True,0.009601858399143263,0.42663511633872986,0.020280991680920124,0.5224427580833435,0.011361793186515569,0.9955048561096191
gaia-v3-00779,fit,login_failure,1625231349593,11.0,True,0.0072061555106605136,0.3980809152126312,0.02407662062905729,0.550286203622818,0.012218520919559524,0.9950407147407532
gaia-v3-00780,fit,login_failure,1625231507461,11.0,True,0.013239815212875783,0.5347712337970734,0.021709910593926907,0.3456871211528778,0.01166201924905181,0.9951881170272827
gaia-v3-00478,fit,login_failure,1625231779095,11.0,True,0.008579881005042958,0.4000000059604645,0.0193500270601362,0.3456871211528778,0.011068372656591236,0.9953932166099548
gaia-v3-00479,fit,login_failure,1625232112252,11.0,True,0.010779467128615276,0.3430062010884285,0.014169102534651756,0.3456871211528778,0.013454065630212427,0.9965643882751465
gaia-v3-00480,fit,login_failure,1625232268690,11.0,True,0.009348265627272668,0.37727636098861694,0.019121313560754062,0.3456871211528778,0.011457835328765214,0.9957036972045898
gaia-v3-00482,fit,login_failure,1625233759937,11.0,True,0.007547210808153674,0.30388120748102665,0.018978374684229492,0.3456871211528778,0.013662543203681708,0.995272696018219
gaia-v3-00485,fit,login_failure,1625234102625,11.0,True,0.008550962631867757,0.41898156702518463,0.017936522234231235,0.3456871211528778,0.012841254526283591,0.9954053163528442
gaia-v3-00487,fit,login_failure,1625234508829,11.0,True,0.012220417581200611,0.4182143621146679,0.030087209725752472,0.37561553716659546,0.01428333141375333,0.9971922039985657
gaia-v3-00490,fit,login_failure,1625235014024,11.0,True,0.013347898877448946,0.47053319215774536,0.025101027451455593,0.37361085414886475,0.011818590611219405,0.9951067566871643
gaia-v3-00496,fit,login_failure,1625237005887,11.0,True,0.010834686372118086,0.4105111360549927,0.026918504666537047,0.4201399087905884,0.013057020113337784,0.99542635679245
gaia-v3-00499,fit,login_failure,1625237307472,11.0,True,0.01275316651100032,0.7472008168697357,0.017908895714208485,0.4201399087905884,0.010806875937851146,0.9955048561096191
gaia-v3-00786,fit,login_failure,1625237679205,11.0,True,0.010950643904690575,0.3710538446903229,0.015352817252278328,0.3456871211528778,0.011146370372734964,0.9951881170272827
gaia-v3-00787,fit,login_failure,1625237942253,11.0,True,0.009451342780103763,0.5441184863448143,0.021573984436690806,0.3456871211528778,0.011940060551278293,0.9951069951057434
gaia-v3-00500,fit,login_failure,1625238225413,11.0,True,0.011573597114329459,0.324602872133255,0.024965851800516248,0.3456871211528778,0.012477092011831701,0.9955921769142151
gaia-v3-00788,fit,login_failure,1625238327242,11.0,True,0.014460714026775652,0.7820495516061783,0.01697425195015967,0.3456871211528778,0.009980983952991664,0.9951069951057434
gaia-v3-00501,fit,login_failure,1625238862496,11.0,True,0.013768965104263012,0.7427885606884956,0.020739122247323393,0.3456871211528778,0.013023877418600022,0.9957036972045898
gaia-v3-00789,fit,login_failure,1625239510825,11.0,True,0.008755241176853208,0.30736225843429565,0.019145039655268193,0.4201399087905884,0.011571272497531027,0.9964130520820618
gaia-v3-00791,fit,login_failure,1625239879980,11.0,True,0.012419677017165516,0.36648815870285034,0.019094387954100966,0.3456871211528778,0.010068834305275231,0.9950407147407532
gaia-v3-00792,fit,login_failure,1625240104821,11.0,True,0.009469790580449928,0.4000000059604645,0.020179909840226173,0.4201399087905884,0.011413066550157964,0.9953720569610596
gaia-v3-00793,fit,login_failure,1625240221821,11.0,True,0.007441746196510242,0.47482095658779144,0.026709902891889216,0.4522828459739685,0.015548840835690499,0.995320737361908
gaia-v3-00505,fit,login_failure,1625240489134,11.0,True,0.013747387818686245,0.6000000238418579,0.012226233771070839,0.6711877584457397,0.011384415132924914,0.99542635679245
gaia-v3-00510,fit,login_failure,1625241585416,11.0,True,0.011419486582019545,0.45977018401026726,0.01759697599336505,0.3456871211528778,0.01211270853993483,0.9954594969749451
gaia-v3-00836,fit,login_failure,1625241682291,11.0,True,0.00970268708333227,0.300186425447464,0.012199256988242268,0.3456871211528778,0.008897540643811225,0.9957247972488403
gaia-v3-01130,fit,login_failure,1625241831689,11.0,True,0.008186338735663412,0.30000000447034836,0.013903569057583809,0.3456871211528778,0.010533994080033153,0.9954201579093933
gaia-v3-00839,fit,login_failure,1625242215591,11.0,True,0.011555087713092386,0.40000002086162567,0.022059093974530698,0.3456871211528778,0.012041604677215219,0.9954053163528442
gaia-v3-01136,fit,login_failure,1625242901633,11.0,True,0.013657030293764668,0.7041934430599213,0.02064203526824713,0.4201399087905884,0.01231546726077795,0.9961000680923462
gaia-v3-01140,fit,login_failure,1625244140661,11.0,True,0.01544421433751495,0.4739953577518463,0.019660520600154996,0.3456871211528778,0.0126917307311669,0.9948232173919678
gaia-v3-01141,fit,login_failure,1625244248593,11.0,True,0.009228930849803873,0.40000002086162567,0.025427828123793007,0.3456871211528778,0.011807422565761954,0.9951732754707336
gaia-v3-01142,fit,login_failure,1625244481248,11.0,True,0.011655357503055559,0.6000000238418579,0.026100367959588765,0.3456871211528778,0.014080472412751987,0.9951881170272827
gaia-v3-01143,fit,login_failure,1625244693567,11.0,True,0.005678725027576092,0.6052748262882233,0.018250276660546662,0.3456871211528778,0.012670312800910324,0.9952064156532288
gaia-v3-01144,fit,login_failure,1625244954085,11.0,True,0.012982234000601996,0.5016662999987602,0.017736217007040977,0.436208575963974,0.01208729126607068,0.9951732754707336
gaia-v3-01145,fit,login_failure,1625245373305,11.0,True,0.007986125607734115,0.3968008682131767,0.019867822574451566,0.3456871211528778,0.010716374590992927,0.9950075745582581
gaia-v3-01152,fit,login_failure,1625246047040,11.0,True,0.011815382883973295,0.5398030318319798,0.01771606388501823,0.3456871211528778,0.01101647556759417,0.995272696018219
gaia-v3-00851,fit,login_failure,1625246738115,11.0,True,0.010563722934652258,0.4000000059604645,0.026166328322142364,0.45815688371658325,0.013154447441920639,0.9954053163528442
gaia-v3-00852,fit,login_failure,1625246832664,11.0,True,0.008950569079843262,0.2500547468662262,0.027784764394164087,0.3456871211528778,0.013395784003660084,0.995194137096405
gaia-v3-01154,fit,login_failure,1625246990469,11.0,True,0.010474308692308417,0.48569613695144653,0.01709810341708362,0.3456871211528778,0.01262374275829643,0.996512234210968
gaia-v3-01155,fit,login_failure,1625247231933,11.0,True,0.009787044814637132,0.5624820394441485,0.01894752406515181,0.4902998208999634,0.01393419827800244,1.0
gaia-v3-00855,fit,login_failure,1625247354429,11.0,True,0.01031996554977468,0.40700384974479675,0.014376374706625939,0.3456871211528778,0.011309370949165896,0.9953932166099548
gaia-v3-01156,fit,login_failure,1625247547489,11.0,True,0.011747754156503257,0.3755215108394623,0.024713543802499773,0.43359723687171936,0.012405019253492355,0.9950738549232483
gaia-v3-01157,fit,login_failure,1625248003014,11.0,True,0.006391922193453563,0.4807913601398468,0.011458634585142135,0.3456871211528778,0.011080299739260226,0.9951549768447876
gaia-v3-01158,fit,login_failure,1625248156705,11.0,True,0.01107955606781843,0.4882982075214386,0.024021584540605545,0.3456871211528778,0.012753036872018128,0.9958176016807556
gaia-v3-00857,fit,login_failure,1625248534183,11.0,True,0.009637780137260658,0.4745640978217125,0.027588757500052453,0.5224427580833435,0.012573362571420148,0.9954716563224792
gaia-v3-00860,fit,login_failure,1625249045886,11.0,True,0.008808471938224708,0.6115401834249496,0.01690997858531773,0.3456871211528778,0.011669222451746463,0.9954716563224792
gaia-v3-01162,fit,login_failure,1625249521734,11.0,True,0.009926278076807193,0.5030476227402687,0.024561073165386915,0.7472217082977295,0.013218722359742969,0.995254397392273
gaia-v3-00867,fit,login_failure,1625250100632,11.0,True,0.009075766292653498,0.3219126984477043,0.023836934380233286,0.3456871211528778,0.011677278376882896,0.99542635679245
gaia-v3-00868,fit,login_failure,1625250234649,11.0,True,0.0054568274753971,0.35534292459487915,0.014377615228295327,0.3456871211528778,0.012081418964080513,0.9960229396820068
gaia-v3-01163,fit,login_failure,1625250317601,11.0,True,0.008628049388975493,0.4736775681376457,0.01692784922197461,0.3533506691455841,0.00968207351397723,0.9953057765960693
gaia-v3-01164,fit,login_failure,1625250435821,11.0,True,0.010860105821041088,0.42916616797447205,0.02419565203599632,0.3456871211528778,0.012600510022602976,0.9952875971794128
gaia-v3-00871,fit,login_failure,1625250765344,11.0,True,0.012783274734696684,0.46353545784950256,0.024875334510579706,0.3456871211528778,0.0125607117312029,0.99555903673172
gaia-v3-01165,fit,login_failure,1625250917089,11.0,True,0.010141642911533685,0.2801844924688339,0.027235538652166724,0.3456871211528778,0.014254655900876968,0.995320737361908
gaia-v3-01166,fit,login_failure,1625251164897,11.0,True,0.011550422214603865,0.35224220156669617,0.01825139452703297,0.3456871211528778,0.010140934545779601,0.9951069951057434
gaia-v3-01168,fit,login_failure,1625251477145,11.0,True,0.01315172212946057,0.3911403864622116,0.022949622198939323,0.4902998208999634,0.012832068620482459,0.9956520199775696
gaia-v3-01169,fit,login_failure,1625251580701,11.0,True,0.014469752707115428,0.5801815986633301,0.01743284147232771,0.3456871211528778,0.012222551599843428,0.9951069951057434
gaia-v3-00875,fit,login_failure,1625251824112,11.0,True,0.014242996149588787,0.5748278647661209,0.017297736182808877,0.3456871211528778,0.010443011292954907,0.99555903673172
gaia-v3-01170,fit,login_failure,1625251927301,11.0,True,0.006644168124057615,0.27036772668361664,0.019111821381375193,0.3456871211528778,0.011380808362737298,0.9950407147407532
gaia-v3-00878,fit,login_failure,1625252691396,11.0,True,0.012885079166299345,0.3897687494754791,0.017014339659363033,0.3456871211528778,0.01042495752684772,0.9950735569000244
gaia-v3-00880,fit,login_failure,1625252949231,11.0,True,0.037930844098684705,1.0,0.022421816270798443,0.3456871211528778,0.013598462229128926,0.9971592426300049
gaia-v3-01175,fit,login_failure,1625253160141,11.0,True,0.0083757830179934,0.44852580642327666,0.02489512418396771,0.45815688371658325,0.015266881557181478,0.9949744343757629
gaia-v3-00881,fit,login_failure,1625253366210,11.0,True,0.031007052618671576,1.0,0.0190215352922678,0.3456871211528778,0.015259567000903189,0.9960349798202515
gaia-v3-01176,fit,login_failure,1625254174019,11.0,True,0.0,0.0,0.016286176489666106,0.3456871211528778,0.011371507323347033,0.9950407147407532
gaia-v3-00882,fit,login_failure,1625254344922,11.0,True,0.0,0.0,0.02570852981880307,0.3533506691455841,0.02298672282136977,0.9965856075286865
gaia-v3-01177,fit,login_failure,1625254486350,11.0,True,0.0,0.0,0.026175301522016525,0.3456871211528778,0.01503636728040874,0.9964130520820618
gaia-v3-00886,fit,login_failure,1625255177956,11.0,True,0.0,0.0,0.024141343729570507,0.43414223194122314,0.01834347938885912,0.9953721761703491
gaia-v3-01181,fit,login_failure,1625255398510,11.0,True,0.0,0.0,0.018327557807788254,0.3456871211528778,0.01235113515285775,0.9950738549232483
gaia-v3-01182,fit,login_failure,1625255665901,11.0,True,0.0,0.0,0.021020623063668607,0.3456871211528778,0.013451876300387085,0.9951069951057434
gaia-v3-00888,fit,login_failure,1625256129378,11.0,True,0.0,0.0,0.027119984524324535,0.3456871211528778,0.012172574587166309,0.99555903673172
gaia-v3-00890,fit,login_failure,1625256420842,11.0,True,0.0,0.0,0.022679758723825216,0.4902998208999634,0.011435603685677052,0.9954716563224792
gaia-v3-00893,fit,login_failure,1625257386878,11.0,True,0.0,0.0,0.021002398617565633,0.436208575963974,0.01152597220032476,0.9954053163528442
gaia-v3-01190,fit,login_failure,1625257624065,11.0,True,0.0,0.0,0.01627380750142038,0.3909478485584259,0.011525164935737848,0.9951549768447876
gaia-v3-01191,fit,login_failure,1625257728533,11.0,True,0.0,0.0,0.029705988010391593,0.4201399087905884,0.01514788331463933,0.9952212572097778
gaia-v3-01193,fit,login_failure,1625257974296,11.0,True,0.0,0.0,0.016152614541351796,0.3456871211528778,0.012039546528831125,0.9951069951057434
gaia-v3-01194,fit,login_failure,1625258252749,11.0,True,0.0,0.0,0.01876566158607602,0.3456871211528778,0.01127072136150673,0.9952212572097778
gaia-v3-01195,fit,login_failure,1625258431709,11.0,True,0.0,0.0,0.029322910122573376,0.7092047333717346,0.015192857343936338,0.9950075745582581
gaia-v3-00894,fit,login_failure,1625258542578,11.0,True,0.0,0.0,0.01703530573286116,0.3456871211528778,0.01163313960074447,0.99542635679245
gaia-v3-00895,fit,login_failure,1625258703431,11.0,True,0.0,0.0,0.046694585541263225,0.4902998208999634,0.018530579954385756,0.9954594969749451
gaia-v3-00896,fit,login_failure,1625259121221,11.0,True,0.0,0.0,0.02559225121513009,0.3456871211528778,0.012322916871635243,0.996056079864502
gaia-v3-01199,fit,login_failure,1625259377548,11.0,True,0.0,0.0,0.01836177734658122,0.3456871211528778,0.010997507595457137,0.9952395558357239
gaia-v3-00897,fit,login_failure,1625259517568,11.0,True,0.0,0.0,0.02673370917327702,0.4201399087905884,0.013453046032227576,0.9957247972488403
gaia-v3-01200,fit,login_failure,1625259970125,11.0,True,0.0,0.0,0.013545694388449192,0.3456871211528778,0.010839845635928214,0.9953538775444031
gaia-v3-01203,fit,login_failure,1625260628197,11.0,True,0.0,0.0,0.016260831197723747,0.3456871211528778,0.009769541772548108,0.996430516242981
gaia-v3-00902,fit,login_failure,1625260784806,11.0,True,0.0,0.0,0.01843718928284943,0.3456871211528778,0.011694106169743463,0.9954053163528442
gaia-v3-00904,fit,login_failure,1625261230944,11.0,True,0.0,0.0,0.025503972871229054,0.3456871211528778,0.014436466270126402,0.9966305494308472
gaia-v3-01206,fit,login_failure,1625261714029,11.0,True,0.0,0.0,0.030032715015113353,0.7472217082977295,0.014891195704694837,0.9952064156532288
gaia-v3-01207,fit,login_failure,1625262012873,11.0,True,0.0,0.0,0.021984902396798133,0.3456871211528778,0.012533239881740883,0.9948564171791077
gaia-v3-00908,fit,login_failure,1625262518970,11.0,True,0.0,0.0,0.01517021032050252,0.3456871211528778,0.011501030512154103,0.9955379962921143
gaia-v3-01209,fit,login_failure,1625262771189,11.0,True,0.0,0.0,0.014654489187523722,0.3456871211528778,0.011170564438216388,0.9951401352882385
gaia-v3-00909,fit,login_failure,1625263114148,11.0,True,0.0,0.0,0.025613299990072846,0.3456871211528778,0.012935359871480614,0.9955921769142151
gaia-v3-00911,fit,login_failure,1625263582912,11.0,True,0.0,0.0,0.01642654431052506,0.3456871211528778,0.01160637384862639,0.9954594969749451
gaia-v3-00914,fit,login_failure,1625263998489,11.0,True,0.0,0.0,0.020611226838082076,0.3456871211528778,0.01187452268321067,0.9953058362007141
gaia-v3-01217,fit,login_failure,1625264697609,11.0,True,0.0,0.0,0.017185372579842807,0.3456871211528778,0.010623136085923761,0.9952212572097778
gaia-v3-00918,fit,login_failure,1625265267002,11.0,True,0.0,0.0,0.021201305370777846,0.3456871211528778,0.010860843020491302,0.9960229396820068
gaia-v3-00919,fit,login_failure,1625265397090,11.0,True,0.0,0.0,0.023955715401098133,0.3456871211528778,0.011012964739929885,0.9953721761703491
gaia-v3-01223,fit,login_failure,1625266164725,11.0,True,0.0,0.0,0.020177647843956946,0.4201399087905884,0.01090795717551373,0.9952875971794128
gaia-v3-00923,fit,login_failure,1625266517709,11.0,True,0.0,0.0,0.020967977307736873,0.3456871211528778,0.010526655544526874,0.9954594969749451
gaia-v3-00924,fit,login_failure,1625266603758,11.0,True,0.0,0.0,0.015409935731440783,0.5224427580833435,0.010974069754593075,0.995968759059906
gaia-v3-01224,fit,login_failure,1625266714345,11.0,True,0.0,0.0,0.018048923276364804,0.3456871211528778,0.011729176687076688,0.9951401352882385
gaia-v3-01225,fit,login_failure,1625266872233,11.0,True,0.0,0.0,0.03044539615511894,0.3456871211528778,0.013221109225414694,0.9950075745582581
gaia-v3-01226,fit,login_failure,1625266971720,11.0,True,0.0,0.0,0.0165475444868207,0.3456871211528778,0.010225006446707994,0.9951881170272827
gaia-v3-01227,fit,login_failure,1625267081921,11.0,True,0.0,0.0,0.02647558613680303,0.3456871211528778,0.014331686235964298,0.9951881170272827
gaia-v3-00925,fit,login_failure,1625267181414,11.0,True,0.0,0.0,0.017966693779453636,0.5224427580833435,0.011089832646539434,0.99542635679245
gaia-v3-00926,fit,login_failure,1625267406710,11.0,True,0.0,0.0,0.01607012962922454,0.3456871211528778,0.009564671954140068,0.9956705570220947
gaia-v3-00929,fit,login_failure,1625268061901,11.0,True,0.0,0.0,0.02190506914630532,0.3456871211528778,0.013015293983044103,0.9954053163528442
gaia-v3-01232,fit,login_failure,1625268148737,11.0,True,0.0,0.0,0.01819255999289453,0.3456871211528778,0.011013065516017377,0.9951401352882385
gaia-v3-00930,fit,login_failure,1625268300962,11.0,True,0.0,0.0,0.036708955513313414,0.6246587038040161,0.01638579391175881,0.9953058362007141
gaia-v3-00934,fit,login_failure,1625268824586,11.0,True,0.0,0.0,0.020793261704966426,0.3456871211528778,0.012110852530458942,0.9952394962310791
gaia-v3-01239,fit,login_failure,1625270336303,11.0,True,0.0,0.0,0.019470298709347845,0.3456871211528778,0.011378679489716888,0.9953538775444031
gaia-v3-00941,fit,login_failure,1625270899437,11.0,True,0.0,0.0,0.01972884191200137,0.3456871211528778,0.010205563809722661,0.9953721761703491
gaia-v3-01241,fit,login_failure,1625271089126,11.0,True,0.0,0.0,0.024329520016908645,0.3456871211528778,0.013243926293216645,0.9950407147407532
gaia-v3-01243,fit,login_failure,1625271604349,11.0,True,0.0,0.0,0.02469544210471213,0.3456871211528778,0.011975659111049025,0.9955857992172241
gaia-v3-00944,fit,login_failure,1625271676773,11.0,True,0.0,0.0,0.02708655162714422,0.38204705715179443,0.013827135260216892,0.9954053163528442
gaia-v3-00945,fit,login_failure,1625271824359,11.0,True,0.0,0.0,0.017663765186443924,0.4902998208999634,0.010905335942516104,0.9953932166099548
gaia-v3-01244,fit,login_failure,1625271946489,11.0,True,0.0,0.0,0.02291206452064216,0.3456871211528778,0.010708731119520962,0.9950407147407532
gaia-v3-00946,fit,login_failure,1625272062023,11.0,True,0.0,0.0,0.028883794648572804,0.3456871211528778,0.01317420840379782,0.9948288798332214
gaia-v3-00947,fit,login_failure,1625272379482,11.0,True,0.0,0.0,0.02027541012503207,0.4902998208999634,0.011932627580827103,0.9970152974128723
gaia-v3-00949,fit,login_failure,1625272692634,11.0,True,0.0,0.0,0.015004886174574494,0.3456871211528778,0.010905164432479068,0.9956915974617004
gaia-v3-00950,fit,login_failure,1625272928657,11.0,True,0.0,0.0,0.036317174788564444,0.37144792079925537,0.016168822781182826,0.99542635679245
gaia-v3-00951,fit,login_failure,1625273768273,11.0,True,0.0,0.0,0.015453121857717633,0.3456871211528778,0.009156165281310677,0.9954053163528442
gaia-v3-01255,fit,login_failure,1625274026345,11.0,True,0.0,0.0,0.017313374392688274,0.3821229338645935,0.009869684253353626,0.9954201579093933
gaia-v3-01256,fit,login_failure,1625274155793,11.0,True,0.0,0.0,0.03136115507222712,0.4902998208999634,0.014428488002158702,0.9951217770576477
gaia-v3-01257,fit,login_failure,1625274812383,11.0,True,0.0,0.0,0.016129942750558256,0.3456871211528778,0.010102654891088605,0.9957362413406372
gaia-v3-00959,fit,login_failure,1625276124322,11.0,True,0.0,0.0,0.02063150336034596,0.3533506691455841,0.011938428354915232,0.9950071573257446
gaia-v3-01261,fit,login_failure,1625276367445,11.0,True,0.0,0.0,0.015862464252859355,0.3456871211528778,0.01328644574736245,0.995254397392273
gaia-v3-00962,fit,login_failure,1625277602719,11.0,True,0.0,0.0,0.024772500433027745,0.3456871211528778,0.01165170795051381,0.9955921769142151
gaia-v3-01267,fit,login_failure,1625277817077,11.0,True,0.0,0.0,0.035098533378914,0.3456871211528778,0.016619227218907327,0.995320737361908
gaia-v3-00963,fit,login_failure,1625278109712,11.0,True,0.0,0.0,0.025674923323094845,0.3456871211528778,0.011404365070629864,0.9965313673019409
gaia-v3-01275,fit,login_failure,1625279629105,11.0,True,0.0,0.0,0.019878952763974667,0.4522828459739685,0.010474428562447428,0.995570719242096
gaia-v3-00971,fit,login_failure,1625279742015,11.0,True,0.0,0.0,0.0185903896111995,0.5781296491622925,0.011523597687482835,0.995326817035675
gaia-v3-01276,fit,login_failure,1625279956113,11.0,True,0.0,0.0,0.017987136170268057,0.3456871211528778,0.012322488622739911,0.9951069951057434
gaia-v3-01278,fit,login_failure,1625280215449,11.0,True,0.0,0.0,0.01369896549731493,0.3456871211528778,0.009929595032008364,0.995320737361908
gaia-v3-00973,fit,login_failure,1625280307319,11.0,True,0.0,0.0,0.021516058454290034,0.3456871211528778,0.012338179488433526,0.9955711364746094
gaia-v3-00974,fit,login_failure,1625280547541,11.0,True,0.0,0.0,0.025727655040100217,0.4902998208999634,0.012446819329634309,0.9965856075286865
gaia-v3-00977,fit,login_failure,1625280779811,11.0,True,0.0,0.0,0.01731471256352961,0.3456871211528778,0.012034876944962889,0.9954053163528442
gaia-v3-01279,fit,login_failure,1625280996380,11.0,True,0.0,0.0,0.020423360401764512,0.3456871211528778,0.011299792043864727,0.995320737361908
gaia-v3-00978,fit,login_failure,1625281072612,11.0,True,0.0,0.0,0.014533699583262205,0.550286203622818,0.012732975797262043,0.9951399564743042
gaia-v3-01284,fit,login_failure,1625281813701,11.0,True,0.0,0.0,0.02516198712401092,0.7793646454811096,0.013455246359808371,0.9952064156532288
gaia-v3-01288,fit,login_failure,1625282960113,11.0,True,0.0,0.0,0.01590055781416595,0.3456871211528778,0.011196171438787133,0.9949891567230225
gaia-v3-01292,fit,login_failure,1625283454669,11.0,True,0.0,0.0,0.022143518133088947,0.3456871211528778,0.011770913894288242,0.9951549768447876
gaia-v3-01293,fit,login_failure,1625283601905,11.0,True,0.0,0.0,0.014847152214497328,0.3456871211528778,0.011619784208014607,0.9955527186393738
gaia-v3-00984,fit,login_failure,1625283893323,11.0,True,0.0,0.0,0.015941974800080062,0.3456871211528778,0.010487425900064408,0.995272696018219
gaia-v3-00985,fit,login_failure,1625283983158,11.0,True,0.0,0.0,0.02585955522954464,0.3456871211528778,0.011205077448394149,0.9950403571128845
gaia-v3-00986,fit,login_failure,1625284228897,11.0,True,0.0,0.0,0.017801175825297832,0.3456871211528778,0.011575365520548076,0.9954053163528442
gaia-v3-00987,fit,login_failure,1625284305394,11.0,True,0.0,0.0,0.020741371950134636,0.3456871211528778,0.012677287987899036,0.9951067566871643
gaia-v3-00988,fit,login_failure,1625284376987,11.0,True,0.0,0.0,0.02359331357292831,0.3456871211528778,0.012459955206140875,0.99555903673172
gaia-v3-01294,fit,login_failure,1625284732109,11.0,True,0.0,0.0,0.03339567240327597,0.7092047333717346,0.01715455499943346,0.9966617226600647
gaia-v3-01295,fit,login_failure,1625284810919,11.0,True,0.0,0.0,0.031248242501169442,0.3456871211528778,0.016888990870211274,0.9951401352882385
gaia-v3-00989,fit,login_failure,1625284907227,11.0,True,0.0,0.0,0.026303345523774623,0.45815688371658325,0.012801258355611935,0.9954716563224792
gaia-v3-00991,fit,login_failure,1625285139770,11.0,True,0.0,0.0,0.02509863069280982,0.3456871211528778,0.01209304822725244,0.9956584572792053
gaia-v3-01297,fit,login_failure,1625285889116,11.0,True,0.0,0.0,0.028377140779048203,0.3456871211528778,0.014029440262820572,0.9954532980918884
gaia-v3-00994,fit,login_failure,1625286317417,11.0,True,0.030039180384494556,1.0,0.019476840924471616,0.3456871211528778,0.012227295520715416,0.9953058362007141
gaia-v3-01298,fit,login_failure,1625286497573,11.0,True,0.0019344285078242744,0.20000000298023224,0.012915784306824208,0.3456871211528778,0.012802361340727658,0.995272696018219
gaia-v3-01299,fit,login_failure,1625286648269,11.0,True,0.005564013411155126,0.6375192850828171,0.022947149397805334,0.3456871211528778,0.012756979846162721,0.9953389167785645
gaia-v3-00996,fit,login_failure,1625287175581,11.0,True,0.0030211109248246735,0.36696649342775345,0.025033257389441132,0.3456871211528778,0.013033548505045473,0.99542635679245
gaia-v3-00997,fit,login_failure,1625287353433,11.0,True,0.0025592526236247674,0.2058599591255188,0.01841452196240425,0.45815688371658325,0.012134373888839036,0.9953058362007141
gaia-v3-01303,fit,login_failure,1625287918345,11.0,True,0.0024177977109313058,0.24726492539048195,0.032953511783853175,0.4201399087905884,0.017500012628734112,0.9964130520820618
gaia-v3-01304,fit,login_failure,1625288118648,11.0,True,0.0017583351264837195,0.20000000298023224,0.015118531323969365,0.3456871211528778,0.011409942538011818,0.995320737361908
gaia-v3-01305,fit,login_failure,1625288306598,11.0,True,0.0026526575177058475,0.2874779552221298,0.018674521381035446,0.3973703160881996,0.012164376103319227,0.9956700205802917
gaia-v3-00999,fit,login_failure,1625288402718,11.0,True,0.0025952454331748718,0.15436596050858498,0.019894701056182386,0.3456871211528778,0.01221812956733629,0.9954594969749451
gaia-v3-01306,fit,login_failure,1625288629501,11.0,True,0.0023333389336282076,0.32545915246009827,0.016178119461983442,0.3456871211528778,0.010272665228694678,0.9951732754707336
gaia-v3-01310,fit,login_failure,1625289280977,11.0,True,0.002811831044952366,0.20000000298023224,0.020008652843534945,0.3456871211528778,0.013196987260598689,0.9954201579093933
gaia-v3-01312,fit,login_failure,1625289644745,11.0,True,0.0028167454665037894,0.2776591032743454,0.022285540401935578,0.5224427580833435,0.011038795614149421,0.9952064156532288
gaia-v3-01002,fit,login_failure,1625290079714,11.0,True,0.0035631855497399558,0.32847268879413605,0.028306736750528215,0.5224427580833435,0.014506701831705868,0.9966305494308472
gaia-v3-01003,fit,login_failure,1625290240918,11.0,True,0.0029436023783015724,0.2194197177886963,0.014551747124642134,0.3456871211528778,0.010951525657437742,0.9951067566871643
gaia-v3-01321,fit,login_failure,1625292998985,11.0,True,0.0029428008283427214,0.36812540888786316,0.03301253127865493,0.3456871211528778,0.017380079608410596,0.9950075745582581
gaia-v3-01322,fit,login_failure,1625293536028,11.0,True,0.0016243901792752998,0.20000000298023224,0.026601895969361068,0.3456871211528778,0.012822813999373467,0.995254397392273
gaia-v3-01323,fit,login_failure,1625293799948,11.0,True,0.003493314046424227,0.24781446438282728,0.02309319991618395,0.3456871211528778,0.011417129897745326,0.9953538775444031
gaia-v3-01014,fit,login_failure,1625294093735,11.0,True,0.003918786641918359,0.33481615036726,0.01993767935782671,0.4201399087905884,0.011713917357847095,0.995272696018219
gaia-v3-01324,fit,login_failure,1625294765932,11.0,True,0.0036444640227159654,0.2533825486898422,0.027738749980926514,0.45815688371658325,0.014310632538981736,0.995320737361908
gaia-v3-01026,fit,login_failure,1625297820772,11.0,True,0.006867029273306949,0.40000002086162567,0.021404075995087625,0.3456871211528778,0.013387942910194397,0.9954716563224792
gaia-v3-01333,fit,login_failure,1625297906849,11.0,True,0.007623095496459579,0.40000002086162567,0.013909398578107357,0.4201399087905884,0.011187254646793009,0.9950075745582581
gaia-v3-01334,fit,login_failure,1625298074641,11.0,True,0.00993205118876214,0.4985147714614868,0.0171357040759176,0.3456871211528778,0.013747631604783237,0.9960162043571472
gaia-v3-01027,fit,login_failure,1625298191452,11.0,True,0.006670752044518243,0.39225909486413,0.0223078781273216,0.3456871211528778,0.012280610108282417,0.9956705570220947
gaia-v3-01335,fit,login_failure,1625298364413,11.0,True,0.008233529339988385,0.5816183388233185,0.026288854796439408,0.3456871211528778,0.014497267324477434,0.9951881170272827
gaia-v3-01336,fit,login_failure,1625299138897,11.0,True,0.010473721929914366,0.621734656393528,0.024197164457291365,0.3456871211528778,0.01452684004791081,0.9950075745582581
gaia-v3-01028,fit,login_failure,1625299230659,11.0,True,0.007378150542170185,0.6492885947227478,0.012524112034589053,0.3456871211528778,0.009106601164676249,0.9949285387992859
gaia-v3-01337,fit,login_failure,1625299303797,11.0,True,0.00656407363977299,0.4230702072381973,0.02617553686723113,0.6711877584457397,0.012292509144172072,0.994675874710083
gaia-v3-01029,fit,login_failure,1625299391089,11.0,True,0.006554857196600021,0.22384881973266602,0.02383256475441158,0.3456871211528778,0.013497558012604714,0.9956253170967102
gaia-v3-01030,fit,login_failure,1625299462938,11.0,True,0.006451657299970747,0.3527129888534546,0.01702229371294379,0.3456871211528778,0.01208907482912764,0.9952062964439392
gaia-v3-01031,fit,login_failure,1625300214892,11.0,True,0.00996153411951468,0.7875913586467505,0.017281785514205693,0.3821229338645935,0.01150874964427203,0.9953600168228149
gaia-v3-01341,fit,login_failure,1625300739829,11.0,True,0.005858119080755841,0.29496870189905167,0.01560737336985767,0.3456871211528778,0.010609092011582106,0.9951549768447876
gaia-v3-01342,fit,login_failure,1625300844930,11.0,True,0.012686297066183745,0.4423478990793228,0.024770271312445403,0.3456871211528778,0.014432193342363462,0.9950738549232483
gaia-v3-01032,fit,login_failure,1625300918992,11.0,True,0.010010259494566753,0.40000002086162567,0.026885615289211275,0.3456871211528778,0.012609214120311662,0.9953721761703491
gaia-v3-01343,fit,login_failure,1625301054250,11.0,True,0.008228441710667767,0.5398363545536995,0.018735137907788156,0.4902998208999634,0.011838336007203907,0.9951069951057434
gaia-v3-01347,fit,login_failure,1625301387741,11.0,True,0.012094458938169813,0.635180801153183,0.01679271711036563,0.3456871211528778,0.008814340687822551,0.9958024024963379
gaia-v3-01036,fit,login_failure,1625302247144,11.0,True,0.0122870122113549,0.508894607424736,0.022353348787873983,0.3456871211528778,0.011481442691292613,0.9950403571128845
gaia-v3-01037,fit,login_failure,1625302320868,11.0,True,0.009734789895477054,0.5931973233819008,0.0179434253834188,0.3456871211528778,0.011660551528912037,0.9953721761703491
gaia-v3-01352,fit,login_failure,1625302441077,11.0,True,0.008014209734426458,0.600002683699131,0.030682297656312585,0.3533506691455841,0.014948740790132434,0.9949744343757629
gaia-v3-01353,fit,login_failure,1625302661081,11.0,True,0.008510254740419517,0.323017954826355,0.02923859595321119,0.3456871211528778,0.014093314318452031,0.9952875971794128
gaia-v3-01354,fit,login_failure,1625302807145,11.0,True,0.013671283049306263,0.9279838874936104,0.028492695279419424,0.5224427580833435,0.014032459915615619,0.9951549768447876
gaia-v3-01038,fit,login_failure,1625302917528,11.0,True,0.011049490905232535,0.9266995117068291,0.020614999672397973,0.3456871211528778,0.011749422845896333,0.9956915974617004
gaia-v3-01357,fit,login_failure,1625303880825,11.0,True,0.013665689045291174,0.5767709910869598,0.018249263428151606,0.3456871211528778,0.012396503775380551,0.994941234588623
gaia-v3-01358,fit,login_failure,1625303970614,11.0,True,0.007898806966871537,0.4291761051863432,0.026633899332955478,0.3456871211528778,0.01252911522053182,0.9953870177268982
gaia-v3-01043,fit,login_failure,1625304236794,11.0,True,0.011499126534715742,0.4074247181415558,0.024257910391315817,0.5181432664394379,0.013982324753887951,0.995736837387085
gaia-v3-01359,fit,login_failure,1625304406161,11.0,True,0.012002650923250258,0.3999999761581421,0.023397029424086214,0.3456871211528778,0.01254923400003463,0.9958176016807556
gaia-v3-01360,fit,login_failure,1625304485085,11.0,True,0.010873994450597972,0.6996797323226929,0.021256734803318977,0.3456871211528778,0.010456098108552397,0.9953538775444031
gaia-v3-01044,fit,login_failure,1625304745195,11.0,True,0.009047750999549938,0.36879757046699524,0.014956646086648106,0.3456871211528778,0.011305903708562255,0.9954053163528442
gaia-v3-01365,fit,login_failure,1625305300701,11.0,True,0.009502344065460496,0.5525678396224976,0.017474624142050744,0.3821229338645935,0.00967164864181541,0.9953538775444031
gaia-v3-01048,fit,login_failure,1625305492154,11.0,True,0.010415113826276941,0.4617578387260437,0.023109063087031246,0.5064224600791931,0.013209358077729121,0.9953721761703491
gaia-v3-01366,fit,login_failure,1625305564645,11.0,True,0.011537181592590666,0.8071887791156769,0.023124647233635186,0.6711877584457397,0.013666023011319339,0.9954201579093933
gaia-v3-01367,fit,login_failure,1625305726245,11.0,True,0.011713524132187559,0.3744426816701889,0.023772708047181366,0.3456871211528778,0.013424568906193599,0.9953538775444031
gaia-v3-01049,fit,login_failure,1625306054707,11.0,True,0.008099246310547415,0.3501935303211212,0.039958793204277754,0.45815688371658325,0.015696400490123778,0.9958031177520752
gaia-v3-01050,fit,login_failure,1625306178848,11.0,True,0.006421605254757878,0.40000002086162567,0.018483262881636618,0.3456871211528778,0.010545678945491091,0.995339035987854
gaia-v3-01051,fit,login_failure,1625306474036,11.0,True,0.00755535225923154,0.30000001192092896,0.025684943655505776,0.4522828459739685,0.01166848216438666,0.9955921769142151
gaia-v3-01368,fit,login_failure,1625306742098,11.0,True,0.008324514734727017,0.44525623321533203,0.028619089536368846,0.3456871211528778,0.01579856191761792,0.9950738549232483
gaia-v3-01052,fit,login_failure,1625307215708,11.0,True,0.0071797959275083185,0.3931482285261154,0.029780534794554114,0.3456871211528778,0.017485922013875096,0.9958031177520752
gaia-v3-01369,fit,login_failure,1625307349533,11.0,True,0.0072130547422811254,0.3672751486301422,0.02432988784275949,0.3456871211528778,0.013725877430988475,0.9947090744972229
gaia-v3-01053,fit,login_failure,1625307634360,11.0,True,0.00813877952321415,0.47034749388694763,0.02407577745616436,0.3753412961959839,0.014670942958910018,0.9956042766571045
gaia-v3-01370,fit,login_failure,1625307884382,11.0,True,0.009968268415301887,0.37085264921188354,0.016276473505422474,0.3456871211528778,0.010769222902599723,0.994941234588623
gaia-v3-01371,fit,login_failure,1625307969387,11.0,True,0.00930496103054755,0.4388287514448166,0.023780811158940197,0.4902998208999634,0.012453888719901442,0.995320737361908
gaia-v3-01054,fit,login_failure,1625308102103,11.0,True,0.010708380799853028,0.32565419375896454,0.01648690886795521,0.3456871211528778,0.01085088495630771,0.99555903673172
gaia-v3-01374,fit,login_failure,1625308457137,11.0,True,0.013148293199465873,0.7129107415676117,0.022447068896144628,0.45815688371658325,0.012045372140128165,0.995320737361908
gaia-v3-01056,fit,login_failure,1625308570465,11.0,True,0.008117559007062406,0.35095082223415375,0.02239478612318635,0.6711877584457397,0.014064982469426468,0.9954594969749451
gaia-v3-01375,fit,login_failure,1625309081069,11.0,True,0.008800242596042078,0.40000002086162567,0.026151543390005826,0.3456871211528778,0.012997996606864036,0.9951881170272827
gaia-v3-01057,fit,login_failure,1625309169874,11.0,True,0.00815779976213662,0.30604657530784607,0.01476092729717493,0.3456871211528778,0.011159107917919756,0.9956915974617004
gaia-v3-01376,fit,login_failure,1625309515721,11.0,True,0.010299620689503778,0.42667461931705475,0.019607091136276723,0.3456871211528778,0.012494157159235329,0.9951881170272827
gaia-v3-01058,fit,login_failure,1625309698307,11.0,True,0.010765475914066276,0.4037827029824257,0.02003681492060423,0.4902998208999634,0.011012587646255269,0.9970601201057434
gaia-v3-01060,fit,login_failure,1625310072862,11.0,True,0.009625906770893759,0.2762492299079895,0.027560581173747777,0.3811941146850586,0.0128275002585724,0.9954385161399841
gaia-v3-01063,fit,login_failure,1625310368221,11.0,True,0.010735222512706363,0.494046226143837,0.023529213666915894,0.4902998208999634,0.01103052903432399,0.9954053163528442
gaia-v3-01377,fit,login_failure,1625310656433,11.0,True,0.008601551611504495,0.5453880596905947,0.018018108746036886,0.7472217082977295,0.012558662940282374,0.995320737361908
gaia-v3-01378,fit,login_failure,1625310770589,11.0,True,0.009804645297562805,0.3783717453479767,0.01902671279385686,0.3456871211528778,0.012045248873764649,0.994941234588623
gaia-v3-01379,fit,login_failure,1625311024389,11.0,True,0.011164475403662284,0.666896641254425,0.02411888921633363,0.3456871211528778,0.012953996728174388,0.9963974952697754
gaia-v3-01380,fit,login_failure,1625311154740,11.0,True,0.008585012335712842,0.28286662697792053,0.026839120825752617,0.4902998208999634,0.013491322565823794,0.9947422742843628
gaia-v3-01064,fit,login_failure,1625311408823,11.0,True,0.00628652512416655,0.454131543636322,0.0264979156665504,0.3456871211528778,0.015398211281280964,0.99542635679245
gaia-v3-01069,fit,login_failure,1625312354098,11.0,True,0.008669409651758997,0.3835329581052065,0.023957613622769713,0.3456871211528778,0.013102973505156115,0.99542635679245
gaia-v3-01070,fit,login_failure,1625312435256,11.0,True,0.012272208554370915,0.7762209922075272,0.019006660347804426,0.3456871211528778,0.011462296560639516,0.9955258369445801
gaia-v3-01386,fit,login_failure,1625312768496,11.0,True,0.008651187017449047,0.4000000059604645,0.026857330137863754,0.3456871211528778,0.01459871158003807,0.996430516242981
gaia-v3-01075,fit,login_failure,1625313435847,11.0,True,0.013167415618412785,0.3999999761581421,0.028365085134282708,0.4201399087905884,0.013536554228048772,0.99542635679245
gaia-v3-01387,fit,login_failure,1625313644006,11.0,True,0.010267153649857618,0.5893545318394899,0.027810771763324738,0.3456871211528778,0.014330341299064457,0.9953538775444031
gaia-v3-01076,fit,login_failure,1625314137888,11.0,True,0.009399605131657532,0.30329185724258423,0.018251339392736553,0.3456871211528778,0.01252654422307387,0.9954594969749451
gaia-v3-01079,fit,login_failure,1625314582226,11.0,True,0.011003128873695308,0.3999999761581421,0.015717531088739634,0.3456871211528778,0.011523303783033043,0.9953600168228149
gaia-v3-01388,fit,login_failure,1625314724794,11.0,True,0.005370630328470346,0.30000000447034836,0.013579428615048527,0.3456871211528778,0.009510051753604785,0.9959347248077393
gaia-v3-01080,fit,login_failure,1625315649864,11.0,True,0.013521418709835113,0.903267826884985,0.03584531359374523,0.45815688371658325,0.0176241102674976,0.995272696018219
gaia-v3-01390,fit,login_failure,1625315756965,11.0,True,0.010827673918330068,0.829682245850563,0.01510631344281137,0.3456871211528778,0.011671156212687493,0.995254397392273
gaia-v3-01083,fit,login_failure,1625316800396,11.0,True,0.009055482474805861,0.35061416029930115,0.016021352726966143,0.3456871211528778,0.009885825791861862,0.9956374168395996
gaia-v3-01391,fit,login_failure,1625316897410,11.0,True,0.011414669005663807,0.5678738653659821,0.024096224643290042,0.45815688371658325,0.01270289376960136,0.995320737361908
gaia-v3-01084,fit,login_failure,1625317146032,11.0,True,0.012383728540714855,0.7029666006565094,0.027379404986277223,0.3456871211528778,0.012639619747642428,0.9953721761703491
gaia-v3-01085,fit,login_failure,1625317523601,11.0,True,0.011269154101527571,0.5250455066561699,0.019607884297147393,0.3456871211528778,0.010886870636604727,0.99542635679245
gaia-v3-01394,fit,login_failure,1625318006405,11.0,True,0.00916282177071821,0.3731759488582611,0.016710650688037277,0.3456871211528778,0.01137802296783775,0.9951069951057434
gaia-v3-01395,fit,login_failure,1625318262949,11.0,True,0.008343875384438586,0.5101099163293839,0.02505364241078496,0.7092047333717346,0.013078545853495598,0.9951069951057434
gaia-v3-01092,fit,login_failure,1625318591373,11.0,True,0.006952848534192905,0.3154224753379822,0.018992993514984846,0.3811941146850586,0.013948882753029466,0.99542635679245
gaia-v3-01399,fit,login_failure,1625319190015,11.0,True,0.007975788480803204,0.3818961977958679,0.018938358733430506,0.3973703160881996,0.011185240495251492,0.9951732754707336
gaia-v3-01402,fit,login_failure,1625320156343,11.0,True,0.008158223990631087,0.2258467972278595,0.023307674657553436,0.3456871211528778,0.011670049354434013,0.9948564171791077
gaia-v3-01403,fit,login_failure,1625320750011,11.0,True,0.01505815424541197,0.5878786146640778,0.025361695559695363,0.4902998208999634,0.013494218024425209,0.9955195784568787
gaia-v3-01112,fit,login_failure,1625323273892,11.0,True,0.008265750524295375,0.2974195182323456,0.0169046463444829,0.3456871211528778,0.013229892492527142,0.9954716563224792
gaia-v3-01113,fit,login_failure,1625323395975,11.0,True,0.010940388827710498,0.40000002086162567,0.031136801466345787,0.3456871211528778,0.01462031750008464,0.9954053163528442
gaia-v3-01414,fit,login_failure,1625323584759,11.0,True,0.012553796512122517,0.36030763387680054,0.017327772034332157,0.3456871211528778,0.011552801235811785,0.9953538775444031
gaia-v3-01114,fit,login_failure,1625324088003,11.0,True,0.014647154980851458,0.29939863085746765,0.020764514431357385,0.3456871211528778,0.011262713653268292,0.99542635679245
gaia-v3-01119,fit,login_failure,1625325813369,11.0,True,0.012279857421380788,0.6670707613229752,0.014405047707259654,0.3456871211528778,0.009858455585781484,0.9958693981170654
gaia-v3-01122,fit,login_failure,1625326455125,11.0,True,0.013337696814960508,0.34896472096443176,0.02531063025817275,0.4228115975856781,0.013633834994398058,0.9961674213409424
gaia-v3-01123,fit,login_failure,1625326530967,11.0,True,0.013494814932640035,0.558151587843895,0.013886029832065105,0.7793646454811096,0.010043225279077887,0.9958693981170654
gaia-v3-01125,fit,login_failure,1625327048083,11.0,True,0.01243798399540689,0.6548997983336449,0.020867237448692323,0.3456871211528778,0.01231380046112463,0.995272696018219
gaia-v3-01126,fit,login_failure,1625327168319,11.0,True,0.016224052973501556,0.6095303744077682,0.014488640800118446,0.3456871211528778,0.010550348507240414,0.9954053163528442
gaia-v3-01477,fit,login_failure,1625328408465,11.0,True,0.01234325193887571,0.38015034794807434,0.015627097291871905,0.3456871211528778,0.010050148186273873,0.9958904385566711
gaia-v3-01758,fit,login_failure,1625329495440,11.0,True,0.011294579005177259,0.6000000089406967,0.01804334088228643,0.7472217082977295,0.011978578581474721,0.9952875971794128
gaia-v3-01485,fit,login_failure,1625329878218,11.0,True,0.008691818427424398,0.30000001937150955,0.014330853521823884,0.3456871211528778,0.009194809775799513,0.9957700371742249
gaia-v3-01498,fit,login_failure,1625333054892,11.0,True,0.013774818049519884,0.41487541794776917,0.022059048246592283,0.3456871211528778,0.013894082931801676,0.9959897994995117
gaia-v3-01499,fit,login_failure,1625333219941,11.0,True,0.009964621396994744,0.4000000059604645,0.015874196123331786,0.3456871211528778,0.010186181892640889,0.9959567189216614
gaia-v3-01768,fit,login_failure,1625333507064,11.0,True,0.013681002358434094,0.3180205225944519,0.026556868478655814,0.4902998208999634,0.013544842710252851,0.9953389167785645
gaia-v3-01500,fit,login_failure,1625333585597,11.0,True,0.01689192411449388,0.8107202723622322,0.022181973699480294,0.3456871211528778,0.013614673020783811,0.99555903673172
gaia-v3-01773,fit,login_failure,1625334530767,11.0,True,0.01370076154418598,0.4000000059604645,0.013218923145905137,0.3456871211528778,0.009934361563064159,0.9951401352882385
gaia-v3-01507,fit,login_failure,1625334856437,11.0,True,0.012152948356343056,0.5258953869342804,0.01994637930765748,0.3456871211528778,0.013756623043445871,0.99555903673172
gaia-v3-01508,fit,login_failure,1625334964151,11.0,True,0.015162052863530562,0.552437923848629,0.025616131071001292,0.3456871211528778,0.012051947796717286,0.99555903673172
gaia-v3-01774,fit,login_failure,1625335131621,11.0,True,0.012105213521361216,0.46176333725452423,0.01623579990118742,0.3533506691455841,0.011525503159500659,0.9950407147407532
gaia-v3-01513,fit,login_failure,1625336105316,11.0,True,0.0139638154617766,0.4446401447057724,0.02579319467768073,0.4201399087905884,0.013416096644941717,0.9955048561096191
gaia-v3-01783,fit,login_failure,1625336671301,11.0,True,0.012711958744815396,0.5066657662391663,0.03967337422072888,0.3456871211528778,0.017171492082998157,0.9951881170272827
gaia-v3-01519,fit,login_failure,1625337457791,11.0,True,0.018410258312629442,0.8023478388786316,0.042251963075250386,0.43341073393821716,0.017730923192575573,0.9953721761703491
gaia-v3-01521,fit,login_failure,1625337804949,11.0,True,0.022675295963106617,0.854158490896225,0.025918568298220635,0.3456871211528778,0.01483111605513841,0.9955048561096191
gaia-v3-01787,fit,login_failure,1625337973952,11.0,True,0.011028633503079248,0.43633291497826576,0.016793126100674273,0.3456871211528778,0.01285776344127953,0.9947754144668579
gaia-v3-01788,fit,login_failure,1625338072797,11.0,True,0.011862779006168011,0.45441322959959507,0.01940162032842636,0.3456871211528778,0.0117430790187791,0.9952875971794128
gaia-v3-01793,fit,login_failure,1625339679262,11.0,True,0.022121199794351773,0.5894251465797424,0.024042127886787057,0.3456871211528778,0.013754666544264183,0.9951069951057434
gaia-v3-01794,fit,login_failure,1625339827465,11.0,True,0.014281451333505401,0.7380078434944153,0.02201198311522603,0.3456871211528778,0.013411184586584569,0.9953389167785645
gaia-v3-01795,fit,login_failure,1625340199377,11.0,True,0.01348576422141529,0.40000002086162567,0.017436344735324384,0.4201399087905884,0.010243350542150437,0.9950738549232483
gaia-v3-01796,fit,login_failure,1625340412305,11.0,True,0.016783615111918,0.4272761940956116,0.0275287545286119,0.3456871211528778,0.0129969011223875,0.9952875971794128
gaia-v3-01797,fit,login_failure,1625340669944,11.0,True,0.018467654842845606,0.772498220205307,0.03107260470278561,0.3456871211528778,0.022823188891634344,0.996562659740448
gaia-v3-01804,fit,login_failure,1625341760040,11.0,True,0.011958340999304559,0.31762273237109184,0.018134421575814484,0.3456871211528778,0.011141847097314894,0.995438277721405
gaia-v3-01805,fit,login_failure,1625342292121,11.0,True,0.016457586205929905,0.8026644363999367,0.01615254394710064,0.3456871211528778,0.014466190154198557,0.9950407147407532
gaia-v3-01539,fit,login_failure,1625343406251,11.0,True,0.01631167827330273,0.4061537981033325,0.022219404159113765,0.4902998208999634,0.011671610536286608,0.9957910776138306
gaia-v3-01809,fit,login_failure,1625343484047,11.0,True,0.013778750683894714,0.5483074709773064,0.017353024613112212,0.3456871211528778,0.010450015742098912,0.9961331486701965
gaia-v3-01813,fit,login_failure,1625344556193,11.0,True,0.016413490863112657,0.4137289598584175,0.016374759003520013,0.3456871211528778,0.010951636987738312,0.9957513809204102
gaia-v3-01541,fit,login_failure,1625344951478,11.0,True,0.014085472970469937,0.4636179208755493,0.01950132423080504,0.3456871211528778,0.01118457379983738,0.9958242177963257
gaia-v3-01815,fit,login_failure,1625345157333,11.0,True,0.00934865467892602,0.4000000059604645,0.01760506578721106,0.3456871211528778,0.012335912877460942,0.9951401352882385
gaia-v3-01821,fit,login_failure,1625346374737,11.0,True,0.0133320657494437,0.46722888946533203,0.04038047855719924,0.3909478485584259,0.017068781901616602,0.9968425631523132
gaia-v3-01544,fit,login_failure,1625346505568,11.0,True,0.014417813515202245,0.3920672833919525,0.022123579727485777,0.45815688371658325,0.01351455266471021,0.9971922039985657
gaia-v3-01545,fit,login_failure,1625346619915,11.0,True,0.013115569835288927,0.45299290865659714,0.016398776369169355,0.3456871211528778,0.00964389842818491,0.9951609373092651
gaia-v3-01823,fit,login_failure,1625346959868,11.0,True,0.016010677234671297,0.409888356924057,0.0213882967364043,0.3456871211528778,0.012217587472405285,0.995272696018219
gaia-v3-01824,fit,login_failure,1625347111077,11.0,True,0.018774398271930674,0.8623422235250473,0.023020933102816343,0.3821229338645935,0.012966356037650258,0.9951881170272827
gaia-v3-01550,fit,login_failure,1625348403252,11.0,True,0.010925101449250482,0.3598724831826985,0.020188645413145422,0.3456871211528778,0.013418545061722398,0.9956042766571045
gaia-v3-01551,fit,login_failure,1625348793642,11.0,True,0.015264511411574706,0.44893984496593475,0.021826827665790915,0.3456871211528778,0.013929590999614447,0.9953932166099548
gaia-v3-01829,fit,login_failure,1625348918316,11.0,True,0.01567911610218668,0.5582101941108704,0.037455889862030745,0.3456871211528778,0.015966590520692988,0.9950407147407532
gaia-v3-01830,fit,login_failure,1625349140033,11.0,True,0.012700610726502267,0.40752336382865906,0.018624641839414834,0.3456871211528778,0.011797651869710536,0.9957693219184875
gaia-v3-01832,fit,login_failure,1625349489537,11.0,True,0.014291146563243729,0.5950623005628586,0.023151552863419057,0.3456871211528778,0.012367791044525803,0.9952875971794128
gaia-v3-01561,fit,login_failure,1625352796824,11.0,True,0.0195152385166845,0.6242933459579945,0.024475880339741705,0.3456871211528778,0.01354703969322145,0.9951399564743042
gaia-v3-01564,fit,login_failure,1625352976740,11.0,True,0.01598336609905194,0.5015337467193604,0.02178987511433661,0.3821229338645935,0.011472550383768976,0.99555903673172
gaia-v3-01846,fit,login_failure,1625353149845,11.0,True,0.01732251761650332,0.5058653503656387,0.024557858565822245,0.3456871211528778,0.012384481085464359,0.9951881170272827
gaia-v3-01565,fit,login_failure,1625353428078,11.0,True,0.013757513009405404,0.4262908399105072,0.025844539841637017,0.3456871211528778,0.012535219890996813,0.9954053163528442
gaia-v3-01847,fit,login_failure,1625353527737,11.0,True,0.013492366183642919,0.5455521643161774,0.01607929551973939,0.3456871211528778,0.010435468677897006,0.9951069951057434
gaia-v3-01848,fit,login_failure,1625353736549,11.0,True,0.01366228448437899,0.29716506600379944,0.01998375146649778,0.6711877584457397,0.012084071621065959,0.9951069951057434
gaia-v3-01849,fit,login_failure,1625353817497,11.0,True,0.0185527509965785,0.6485629826784134,0.02501048780977726,0.3753412961959839,0.01277094142860733,0.9953538775444031
gaia-v3-01566,fit,login_failure,1625354026406,11.0,True,0.0160640337447641,0.46224427223205566,0.023140292055904864,0.3456871211528778,0.011827238942496479,0.995492696762085
gaia-v3-01854,fit,login_failure,1625355454797,11.0,True,0.016708651810445948,0.5244471207261086,0.026644888147711755,0.3456871211528778,0.012510166235733778,0.9950407147407532
gaia-v3-01571,fit,login_failure,1625355603399,11.0,True,0.0075281320827760585,0.20457521080970764,0.018136768136173487,0.37361085414886475,0.011612797133857385,0.9951399564743042
gaia-v3-01572,fit,login_failure,1625356168882,11.0,True,0.018495071115588266,0.5883454084396362,0.04476852151565254,0.43067118525505066,0.017902300585992636,0.9954594969749451
gaia-v3-01855,fit,login_failure,1625356274740,11.0,True,0.018263603936310345,0.8148010838776827,0.028867871174588798,0.4201399087905884,0.013217833891976625,0.9950738549232483
gaia-v3-01862,fit,login_failure,1625357674721,11.0,True,0.016547672506190263,0.755111038684845,0.020764395082369446,0.3456871211528778,0.011424042219296097,0.9954051971435547
gaia-v3-01578,fit,login_failure,1625358245759,11.0,True,0.009041397095717229,0.41025326028466225,0.01809017756022513,0.3456871211528778,0.013327669650316239,0.9957700371742249
gaia-v3-01864,fit,login_failure,1625358527568,11.0,True,0.013239651780922183,0.3620345890522003,0.021479292958974838,0.3456871211528778,0.012123746641445905,0.9952875971794128
gaia-v3-01865,fit,login_failure,1625358605380,11.0,True,0.011333480470610387,0.5746838450431824,0.018651274451985955,0.3456871211528778,0.010182989371242002,0.9966443777084351
gaia-v3-01579,fit,login_failure,1625358817377,11.0,True,0.015122662948355507,0.5003683418035507,0.0244049861561507,0.3456871211528778,0.013039519077865406,0.9958362579345703
gaia-v3-01866,fit,login_failure,1625358993189,11.0,True,0.013383398305027565,0.5337548553943634,0.024603140959516167,0.3456871211528778,0.012131606175098569,0.9950075745582581
gaia-v3-01580,fit,login_failure,1625359099002,11.0,True,0.015180338198628835,0.5063589180354029,0.01845737649127841,0.3456871211528778,0.01036503354087472,0.9954594969749451
gaia-v3-01581,fit,login_failure,1625359193326,11.0,True,0.013970649222320239,0.531611293554306,0.013791470788419247,0.3821229338645935,0.010067901324946433,0.9960891604423523
gaia-v3-01868,fit,login_failure,1625359781309,11.0,True,0.011928318671893597,0.40000002086162567,0.023875210247933865,0.3533506691455841,0.011425052834674716,0.9970576763153076
gaia-v3-01583,fit,login_failure,1625360062080,11.0,True,0.017641212498051572,0.6206369549036026,0.020878955954685807,0.5181432664394379,0.01122401304775849,0.995492696762085
gaia-v3-01584,fit,login_failure,1625360489741,11.0,True,0.01322006127030401,0.3595725893974304,0.01848663534037769,0.3456871211528778,0.01248882781714201,0.99555903673172
gaia-v3-01589,fit,login_failure,1625361027285,11.0,True,0.012949621682527853,0.6451023146510124,0.017062663985416292,0.3456871211528778,0.01106715815141797,0.9955921769142151
gaia-v3-01590,fit,login_failure,1625361174432,11.0,True,0.012591880236859273,0.425194188952446,0.021650301339104772,0.3456871211528778,0.012532352188136428,0.9954594969749451
gaia-v3-01872,fit,login_failure,1625361615909,11.0,True,0.01621663569303943,0.48571428656578064,0.025922073191031812,0.3456871211528778,0.014275804464705288,0.9950738549232483
gaia-v3-01873,fit,login_failure,1625361830017,11.0,True,0.015411350941225995,0.5395942330360413,0.01894040107727051,0.3456871211528778,0.009984200545586646,0.9949744343757629
gaia-v3-01593,fit,login_failure,1625362016646,11.0,True,0.013864012932922757,0.3463163673877716,0.021114113461226224,0.3456871211528778,0.013208906641229987,0.99555903673172
gaia-v3-01874,fit,login_failure,1625362199953,11.0,True,0.016073614653339518,0.4401034936308861,0.027399907680228354,0.45815688371658325,0.012960985470563173,0.9952875971794128
gaia-v3-01594,fit,login_failure,1625362298712,11.0,True,0.01580776821778424,0.7762209922075272,0.021045472798869015,0.45815688371658325,0.010583764603361488,0.9957247972488403
gaia-v3-01595,fit,login_failure,1625363385906,11.0,True,0.01060495561042482,0.48571428656578064,0.017595732165500522,0.3456871211528778,0.010748565243557096,0.995326817035675
gaia-v3-01596,fit,login_failure,1625363862587,11.0,True,0.010574620393890654,0.3927641957998276,0.018666965747252108,0.3456871211528778,0.011586795004550367,0.9956253170967102
gaia-v3-01597,fit,login_failure,1625363966462,11.0,True,0.011625077031610923,0.4538832902908325,0.016596000734716655,0.436208575963974,0.010592951647704468,0.9955379962921143
gaia-v3-01598,fit,login_failure,1625364130268,11.0,True,0.014629067964438035,0.7550899274647236,0.022875221073627473,0.3456871211528778,0.013296522602904587,0.9954053163528442
gaia-v3-01599,fit,login_failure,1625364229756,11.0,True,0.014441705089656883,0.520288497209549,0.014594083884730935,0.3456871211528778,0.014586094906553626,0.9967297315597534
gaia-v3-01876,fit,login_failure,1625364395104,11.0,True,0.013960603930534414,0.4169197455048561,0.023683290323242547,0.3456871211528778,0.012840103334747255,0.9950075745582581
gaia-v3-01877,fit,login_failure,1625364481158,11.0,True,0.015252484231348262,0.494483083486557,0.025341282971203326,0.3456871211528778,0.012894495928194374,0.9951549768447876
gaia-v3-01878,fit,login_failure,1625364694221,11.0,True,0.012090189440287228,0.45586345344781876,0.025762872770428658,0.3456871211528778,0.013315988711547107,0.9951401352882385
gaia-v3-01600,fit,login_failure,1625364789169,11.0,True,0.011184442382123431,0.40000002086162567,0.021671056374907495,0.3456871211528778,0.012659096247516573,0.9955921769142151
gaia-v3-01879,fit,login_failure,1625364948828,11.0,True,0.016917839395332143,0.43706047534942627,0.020861597126349808,0.3456871211528778,0.014780956986360252,0.9950075745582581
gaia-v3-01880,fit,login_failure,1625365037505,11.0,True,0.018449512201302316,0.5499958992004395,0.025870429072529077,0.7092047333717346,0.012506507677026093,0.9950075745582581
gaia-v3-01602,fit,login_failure,1625365658213,11.0,True,0.0104731348085636,0.5260607581585646,0.019579505594447256,0.436208575963974,0.012282424913719297,0.99555903673172
gaia-v3-01883,fit,login_failure,1625365751689,11.0,True,0.009179126538310812,0.30000001937150955,0.028470918536186218,0.3871394991874695,0.013200834451708943,0.9953870177268982
gaia-v3-01604,fit,login_failure,1625366593748,11.0,True,0.013944136559750102,0.28301551938056946,0.024080973584204912,0.45815688371658325,0.011668520737439394,0.995857298374176
gaia-v3-01892,fit,login_failure,1625366716394,11.0,True,0.012995722051679573,0.3751150965690613,0.023404172202572227,0.3456871211528778,0.014300328472163528,0.9951069951057434
gaia-v3-01607,fit,login_failure,1625367759226,11.0,True,0.012401649157463149,0.3834545947611332,0.024431762332096697,0.3456871211528778,0.012098445140291006,0.9954594969749451
gaia-v3-01896,fit,login_failure,1625367907089,11.0,True,0.013962836833540375,0.5376418782398105,0.02602084600366652,0.3456871211528778,0.014126237313030287,0.9953538775444031
gaia-v3-01898,fit,login_failure,1625368080177,11.0,True,0.015682363514827102,0.6485309638082981,0.024075165623798966,0.3456871211528778,0.011469012279994785,0.995320737361908
gaia-v3-01608,fit,login_failure,1625368325944,11.0,True,0.012403038761813907,0.3815135881304741,0.024563488690182565,0.3456871211528778,0.013087855607736856,0.9954053163528442
gaia-v3-01899,fit,login_failure,1625368467753,11.0,True,0.012592407008565943,0.5106836557388306,0.03706270935945213,0.3456871211528778,0.015427426837850361,0.9950738549232483
gaia-v3-01900,fit,login_failure,1625368548851,11.0,True,0.02093189449379338,0.7134076207876205,0.020579316280782224,0.3456871211528778,0.010251826704479754,0.996512234210968
gaia-v3-01611,fit,login_failure,1625369007556,11.0,True,0.01364440215784839,0.5387937128543854,0.020936146145686507,0.4201399087905884,0.010899246720364318,0.9956253170967102
gaia-v3-01612,fit,login_failure,1625369128636,11.0,True,0.013444231141105926,0.4854457676410675,0.020856847753748298,0.3456871211528778,0.010905191962374374,0.99555903673172
gaia-v3-01613,fit,login_failure,1625369223244,11.0,True,0.017070252060947647,0.7522164434194565,0.022991920448839666,0.3456871211528778,0.013182216074783355,0.9953721761703491
gaia-v3-01901,fit,login_failure,1625369405837,11.0,True,0.014030239306134718,0.391867533326149,0.0232077457010746,0.4201399087905884,0.012157983020879328,0.9954201579093933
gaia-v3-01902,fit,login_failure,1625369519975,11.0,True,0.013173440607329213,0.4552285224199295,0.020278398785740136,0.3456871211528778,0.010848577744327485,0.9952875971794128
gaia-v3-01903,fit,login_failure,1625369648466,11.0,True,0.013687461832106843,0.40000002086162567,0.027147813327610494,0.4902998208999634,0.01407885069726035,0.9951217770576477
gaia-v3-01904,fit,login_failure,1625370137542,11.0,True,0.011229853244619411,0.48571428656578064,0.014226211607456208,0.3456871211528778,0.010975072223227472,0.9951069951057434
gaia-v3-01614,fit,login_failure,1625370300847,11.0,True,0.013824444704979063,0.4208328425884247,0.028161160182207823,0.3456871211528778,0.014213147171540185,0.9954594969749451
gaia-v3-01615,fit,login_failure,1625370505727,11.0,True,0.015430436462037279,0.5082704871892929,0.018535372987389564,0.3456871211528778,0.011367081208154559,0.9954053163528442
gaia-v3-01616,fit,login_failure,1625370599590,11.0,True,0.014527038308132963,0.34285715222358704,0.02215519961901009,0.3456871211528778,0.013487753286026418,0.9953932166099548
gaia-v3-01906,fit,login_failure,1625371050017,11.0,True,0.015330694709647711,0.44991306215524673,0.026584013644605876,0.3909478485584259,0.013047520662657916,0.9952212572097778
gaia-v3-01623,fit,login_failure,1625372166508,11.0,True,0.011451160234192534,0.6028786450624466,0.02411803025752306,0.3456871211528778,0.012719753384590148,0.9954594969749451
gaia-v3-01626,fit,login_failure,1625372580140,11.0,True,0.012031837434646302,0.5866354703903198,0.02319375709630549,0.436208575963974,0.011424340561497957,0.9966186285018921
gaia-v3-01914,fit,login_failure,1625372741604,11.0,True,0.012760813157278032,0.497084841132164,0.025208927132189272,0.3456871211528778,0.013455795272020623,0.9954051971435547
gaia-v3-01915,fit,login_failure,1625372896378,11.0,True,0.01115164304674939,0.5081749781966209,0.017831432027742268,0.3456871211528778,0.012876198310405016,0.9953870177268982
gaia-v3-01627,fit,login_failure,1625373042541,11.0,True,0.01152009639837388,0.3349002003669739,0.02330664610490203,0.4902998208999634,0.011432991437613964,0.9953058362007141
gaia-v3-01628,fit,login_failure,1625373124988,11.0,True,0.016431945641772926,0.8600875735282898,0.02238877322524786,0.3456871211528778,0.012807880197651684,0.9954053163528442
gaia-v3-01629,fit,login_failure,1625373271055,11.0,True,0.013946253338104952,0.511128306388855,0.03902524784207344,0.3821229338645935,0.01755432492005639,0.9951067566871643
gaia-v3-01916,fit,login_failure,1625373354569,11.0,True,0.013713919059709194,0.7376218996942043,0.01547061875462532,0.3456871211528778,0.010833997651934624,0.9951549768447876
gaia-v3-01918,fit,login_failure,1625373946578,11.0,True,0.01362124381915919,0.520452231168747,0.024418163439258934,0.3456871211528778,0.01235201180446893,0.9954201579093933
gaia-v3-01919,fit,login_failure,1625374019588,11.0,True,0.014432187047803306,0.4624996315687895,0.018535028118640183,0.6711877584457397,0.011409849303308874,0.9954532980918884
gaia-v3-01920,fit,login_failure,1625374203661,11.0,True,0.012744354983218879,0.36451417207717896,0.025323436548933386,0.3456871211528778,0.012863478006329388,0.994675874710083
gaia-v3-01632,fit,login_failure,1625374413070,11.0,True,0.012834512799467271,0.48154185712337494,0.021844717534258963,0.3456871211528778,0.01321470785420388,0.9964321255683899
gaia-v3-01922,fit,login_failure,1625374485647,11.0,True,0.01483249302282843,0.5444549471139908,0.024631040543317793,0.3456871211528778,0.013144492087885738,0.9960008859634399
gaia-v3-01634,fit,login_failure,1625375513955,11.0,True,0.014513820743860605,0.30000000447034836,0.02000276925973594,0.3456871211528778,0.012196426494047046,0.996056079864502
gaia-v3-01635,fit,login_failure,1625375600199,11.0,True,0.015515019566324402,0.31869539618492126,0.019958414137363434,0.3821229338645935,0.012311613438650965,0.996783971786499
gaia-v3-01927,fit,login_failure,1625375965099,11.0,True,0.02032096803233685,0.36320479959249496,0.01965875388123095,0.3821229338645935,0.011830271128565073,0.9950738549232483
gaia-v3-01638,fit,login_failure,1625376882819,11.0,True,0.010394421461895339,0.446051687002182,0.025911023980006574,0.3456871211528778,0.013835535373073072,0.99542635679245
gaia-v3-01929,fit,login_failure,1625377231272,11.0,True,0.0076460610064562696,0.42373988032341003,0.023192807100713253,0.3456871211528778,0.010731533830985428,0.9955195784568787
gaia-v3-01930,fit,login_failure,1625377662270,11.0,True,0.005808223604367413,0.25908445566892624,0.01718052728101611,0.3456871211528778,0.01069443138781935,0.9961154460906982
gaia-v3-01639,fit,login_failure,1625377809993,11.0,True,0.009164910886609808,0.3314640372991562,0.024432004243135453,0.3456871211528778,0.010860625584609807,0.99555903673172
gaia-v3-01934,fit,login_failure,1625378081354,11.0,True,0.0055976084146702005,0.24285714328289032,0.01593748922459781,0.3456871211528778,0.010422695924062282,0.9953538775444031
gaia-v3-01935,fit,login_failure,1625378299934,11.0,True,0.007369939361668306,0.4348301291465759,0.012451196974143385,0.3456871211528778,0.010251324037089943,0.9950886368751526
gaia-v3-01938,fit,login_failure,1625378848213,11.0,True,0.0069432708423467675,0.6738186851143837,0.023166323127225042,0.3456871211528778,0.012051489352015778,0.9952212572097778
gaia-v3-01941,fit,login_failure,1625379602016,11.0,True,0.00514796829148357,0.4569845497608185,0.014479693491011858,0.3456871211528778,0.01238715706509538,0.9956369400024414
gaia-v3-01943,fit,login_failure,1625380014101,11.0,True,0.007838073615414488,0.3763962648808956,0.016733279312029482,0.3456871211528778,0.010734292168635876,0.9951069951057434
gaia-v3-01644,fit,login_failure,1625380351614,11.0,True,0.008554145083083615,0.32882557809352875,0.0262551455758512,0.3456871211528778,0.014060411867685616,0.9953721761703491
gaia-v3-01948,fit,login_failure,1625380742057,11.0,True,0.005992780209661912,0.30943550169467926,0.017378700990229846,0.3456871211528778,0.01028596023679711,0.9954201579093933
gaia-v3-01645,fit,login_failure,1625380853096,11.0,True,0.007009742647160995,0.48571430146694183,0.014620277239009738,0.45815688371658325,0.009902139347977935,0.99555903673172
gaia-v3-01949,fit,login_failure,1625381028345,11.0,True,0.006744143040161059,0.2571428716182709,0.015951191633939744,0.3456871211528778,0.011307605544570833,0.9950407147407532
gaia-v3-01646,fit,login_failure,1625381243491,11.0,True,0.008257714629030488,0.28679968416690826,0.019664879655465484,0.3456871211528778,0.01240740270819515,0.9955379962921143
gaia-v3-01647,fit,login_failure,1625381650793,11.0,True,0.009046104520992533,0.43821096420288086,0.026769395172595977,0.5224427580833435,0.013777890631463379,0.9954053163528442
gaia-v3-01648,fit,login_failure,1625382833050,11.0,True,0.00934055960257183,0.45519404113292694,0.023787485808134078,0.3456871211528778,0.011948067839257418,0.995326817035675
gaia-v3-01650,fit,login_failure,1625383163038,11.0,True,0.007039677254302508,0.28602443635463715,0.01597597491927445,0.3456871211528778,0.01128460355103016,0.9959025382995605
gaia-v3-01954,fit,login_failure,1625383393749,11.0,True,0.009816021320693835,0.5543977841734886,0.025704088108614086,0.3821229338645935,0.012674453025683761,0.9950075745582581
gaia-v3-01654,fit,login_failure,1625384110489,11.0,True,0.008170544759775567,0.39780645072460175,0.029785157600417732,0.7092047333717346,0.015120542380027474,0.9955048561096191
gaia-v3-01959,fit,login_failure,1625384662693,11.0,True,0.008735717870001736,0.3678763508796692,0.01733723534271121,0.5224427580833435,0.011398275191895664,0.9950738549232483
gaia-v3-01960,fit,login_failure,1625385160755,11.0,True,0.007669418857134739,0.4000000059604645,0.01928624426946044,0.3533506691455841,0.010525772129185498,0.9953870177268982
gaia-v3-01655,fit,login_failure,1625385453314,11.0,True,0.008910753952970177,0.4000000059604645,0.02690860745497048,0.550286203622818,0.012412794227711856,0.9952062964439392
gaia-v3-01656,fit,login_failure,1625385657105,11.0,True,0.0064010866503470725,0.3736035227775574,0.018886801321059465,0.4902998208999634,0.012985618370585143,0.9956253170967102
gaia-v3-01657,fit,login_failure,1625385779925,11.0,True,0.004773024612719231,0.31487707793712616,0.026320538436993956,0.45815688371658325,0.013918667724356055,0.9957578778266907
gaia-v3-01659,fit,login_failure,1625386166420,11.0,True,0.007883494529278324,0.4528801813721657,0.015436251927167178,0.3821229338645935,0.010958685830701143,0.995326817035675
gaia-v3-01967,fit,login_failure,1625387167625,11.0,True,0.009355131483653167,0.40372058749198914,0.02402052623219788,0.7092047333717346,0.010995552607346326,0.9950075745582581
gaia-v3-01663,fit,login_failure,1625388227283,11.0,True,0.006433781748398815,0.5426268987357616,0.026303419144824147,0.6711877584457397,0.012465790079440922,0.9954594969749451
gaia-v3-01969,fit,login_failure,1625388401148,11.0,True,0.010106481665532858,0.647551953792572,0.028833467094227672,0.3456871211528778,0.014627652014605702,1.0
gaia-v3-01976,fit,login_failure,1625390079945,11.0,True,0.007796970451132286,0.2827366888523102,0.025754350051283837,0.3456871211528778,0.012929586465470494,0.9951401352882385
gaia-v3-01978,fit,login_failure,1625390276569,11.0,True,0.005832048236929192,0.4562487006187439,0.015378003194928169,0.3456871211528778,0.011162230609916151,0.9952212572097778
gaia-v3-01979,fit,login_failure,1625390373589,11.0,True,0.007109427076935996,0.38581984117627144,0.022247410099953412,0.5224427580833435,0.010902956820791588,0.9953720569610596
gaia-v3-01668,fit,login_failure,1625390475954,11.0,True,0.008039479518458847,0.3792383372783661,0.02289457814767957,0.3533506691455841,0.01361805540858768,0.9950735569000244
gaia-v3-01980,fit,login_failure,1625390727321,11.0,True,0.00815980429102486,0.3595243841409683,0.02164499992504716,0.3456871211528778,0.01138783608097583,0.9951881170272827
gaia-v3-01669,fit,login_failure,1625390817020,11.0,True,0.007981715794691506,0.6689679324626923,0.019282165821641682,0.3456871211528778,0.0122212293301709,0.9950281381607056
gaia-v3-01675,fit,login_failure,1625391976969,11.0,True,0.009317594373464999,0.46246691048145294,0.0246764175593853,0.3456871211528778,0.011638537517283111,0.9954716563224792
gaia-v3-01676,fit,login_failure,1625392076109,11.0,True,0.01140926581228238,0.4000000059604645,0.018030491145327687,0.34905117750167847,0.011953363874927164,0.9965525269508362
gaia-v3-01989,fit,login_failure,1625393349057,11.0,True,0.0077655092395427045,0.40000002086162567,0.025805730000138284,0.45815688371658325,0.01251971470657736,0.9959500432014465
gaia-v3-01990,fit,login_failure,1625393433909,11.0,True,0.00846983476137287,0.30000001937150955,0.0253739173989743,0.3456871211528778,0.012673372547142207,0.9954532980918884
gaia-v3-01683,fit,login_failure,1625393717552,11.0,True,0.00717456284127896,0.43412870541214943,0.02123310761526227,0.6122961640357971,0.0103990285564214,0.9954053163528442
gaia-v3-01684,fit,login_failure,1625393914619,11.0,True,0.006906804480646163,0.37142858654260635,0.014970893505960703,0.3456871211528778,0.010510497933719307,0.995339035987854
gaia-v3-01992,fit,login_failure,1625394109915,11.0,True,0.007263795284992132,0.48658549040555954,0.01563824382610619,0.3456871211528778,0.012308045062236489,0.9949559569358826
gaia-v3-01993,fit,login_failure,1625394359312,11.0,True,0.006939930207139847,0.2945212952326983,0.02616439387202263,0.6711877584457397,0.012186785880476236,0.9955195784568787
gaia-v3-01996,fit,login_failure,1625394964909,11.0,True,0.007086393337359217,0.28386759757995605,0.022796462662518023,0.3456871211528778,0.012774738401640206,0.9958685636520386
gaia-v3-01693,fit,login_failure,1625397194294,11.0,True,0.0077031609253026545,0.582266416400671,0.01840758421458304,0.3456871211528778,0.011625341740436852,0.9953600168228149
gaia-v3-01698,fit,login_failure,1625397790463,11.0,True,0.007756508584338917,0.5994442850351334,0.027077410789206623,0.5224427580833435,0.015501404171809554,0.9959356188774109
gaia-v3-01700,fit,login_failure,1625398063454,11.0,True,0.006647184278892837,0.34355786442756653,0.022532731760293245,0.3456871211528778,0.012271584277041257,0.9956584572792053
gaia-v3-01701,fit,login_failure,1625398264474,11.0,True,0.014460980861997541,0.6127464473247528,0.04405707633122802,0.41148096323013306,0.01962902648607269,0.9950735569000244
gaia-v3-02005,fit,login_failure,1625398594924,11.0,True,0.005868796434011377,0.2855754494667053,0.02783417608588934,0.3456871211528778,0.013939424485433847,0.9952212572097778
gaia-v3-01702,fit,login_failure,1625398742224,11.0,True,0.008433749956842955,0.37556906044483185,0.02359454007819295,0.3456871211528778,0.012225974281318486,0.9967178702354431
gaia-v3-02006,fit,login_failure,1625398861514,11.0,True,0.005998429331464194,0.34368592500686646,0.02254167548380792,0.3456871211528778,0.01153703201096505,0.9951217770576477
gaia-v3-02008,fit,login_failure,1625399205717,11.0,True,0.006346057036231893,0.29374153912067413,0.02208640715107322,0.3456871211528778,0.012013515694998205,0.9948896169662476
gaia-v3-01705,fit,login_failure,1625399432385,11.0,True,0.007768747445364473,0.40000002086162567,0.024980583461001515,0.3456871211528778,0.01273783290758729,0.9956915974617004
gaia-v3-01706,fit,login_failure,1625399535034,11.0,True,0.011761900918922189,0.49377448856830597,0.026217503985390068,0.5781296491622925,0.01360813986742869,0.9951067566871643
gaia-v3-02009,fit,login_failure,1625399751749,11.0,True,0.009790754247342192,0.44877302646636963,0.015820374339818956,0.3456871211528778,0.011710369470529258,0.996710479259491
gaia-v3-01713,fit,login_failure,1625400533475,11.0,True,0.008015730826874309,0.36017391085624695,0.016749854711815716,0.3456871211528778,0.012372634951025247,0.99542635679245
gaia-v3-02014,fit,login_failure,1625400779905,11.0,True,0.006257704905052227,0.25270622968673706,0.02509283642284572,0.3973703160881996,0.01371218976099044,0.9947090744972229
gaia-v3-01715,fit,login_failure,1625400932575,11.0,True,0.008909417166194089,0.3710522474721074,0.02800216698087752,0.3456871211528778,0.011646611001342535,0.99542635679245
gaia-v3-01716,fit,login_failure,1625401082963,11.0,True,0.007605932452490075,0.3215470016002655,0.021482026576995848,0.4201399087905884,0.011713860086165368,0.99555903673172
gaia-v3-02015,fit,login_failure,1625401160205,11.0,True,0.009697668323959381,0.4659624621272087,0.01730707143433392,0.3456871211528778,0.01226542141288519,0.9951401352882385
gaia-v3-02016,fit,login_failure,1625401555861,11.0,True,0.009302861545810023,0.3693964555859566,0.015319716744124889,0.3456871211528778,0.010664460125844925,0.9953057765960693
gaia-v3-01717,fit,login_failure,1625401797990,11.0,True,0.007772375469824055,0.37142858654260635,0.02031531548127532,0.4201399087905884,0.011078186507802457,0.9954053163528442
gaia-v3-02017,fit,login_failure,1625401882219,11.0,True,0.00927841908959787,0.48378679156303406,0.015826502908021213,0.3456871211528778,0.012097376991296187,0.9948896169662476
gaia-v3-02018,fit,login_failure,1625402072439,11.0,True,0.00602793553612931,0.4911855086684227,0.014301981078460813,0.3456871211528778,0.009221100501017645,0.995254397392273
gaia-v3-02020,fit,login_failure,1625402503952,11.0,True,0.007584174181325428,0.40828368067741394,0.028892499674111605,0.4902998208999634,0.013349595421459526,0.9950407147407532
gaia-v3-01720,fit,login_failure,1625403400418,11.0,True,0.009313252096160341,0.5144637227058411,0.035775518510490656,0.3608487844467163,0.016328161205165087,0.9954594969749451
gaia-v3-02023,fit,login_failure,1625403619813,11.0,True,0.006297680348465443,0.3519105836749077,0.017502715857699514,0.8671944737434387,0.011950006193947047,0.9954201579093933
gaia-v3-02024,fit,login_failure,1625403693545,11.0,True,0.00769304036361594,0.3300594091415405,0.024576009763404728,0.3456871211528778,0.012390553881414235,0.9952212572097778
gaia-v3-02030,fit,login_failure,1625404337624,11.0,True,0.00817270110779494,0.4511450566351414,0.02291530999355018,0.3456871211528778,0.013367851870134473,0.9947422742843628
gaia-v3-01722,fit,login_failure,1625404420297,11.0,True,0.010328572316548918,0.5302020534873009,0.02532653952948749,0.3456871211528778,0.011210528118535876,0.9954053163528442
gaia-v3-02031,fit,login_failure,1625404751836,11.0,True,0.007316401613066622,0.3312942236661911,0.027356499852612615,0.4902998208999634,0.012825023862533272,0.9952395558357239
gaia-v3-01724,fit,login_failure,1625405351734,11.0,True,0.010376248457388708,0.596956005319953,0.018749878834933044,0.3456871211528778,0.009820068321423604,0.9952062964439392
gaia-v3-01725,fit,login_failure,1625405643226,11.0,True,0.006838221914226021,0.4764928873628378,0.027393961697816847,0.5224427580833435,0.014169541627634317,0.9954594969749451
gaia-v3-01726,fit,login_failure,1625405736459,11.0,True,0.007173858182985289,0.4876043125987053,0.015587609820067882,0.3456871211528778,0.009925561100244522,0.9954594969749451
gaia-v3-02036,fit,login_failure,1625405851696,11.0,True,0.002941706242222608,0.20000000298023224,0.02038593734614551,0.3909478485584259,0.012445970699191093,0.9950075745582581
gaia-v3-02037,fit,login_failure,1625406484013,11.0,True,0.008635881017388177,0.6585622131824493,0.024154479848220944,0.45815688371658325,0.01173033052822575,0.9955044984817505
gaia-v3-01730,fit,login_failure,1625406851355,11.0,True,0.009262937107174215,0.4447060823440552,0.030614697095006704,0.3456871211528778,0.015298322108574212,0.9962336421012878
gaia-v3-02038,fit,login_failure,1625406936264,11.0,True,0.00962084914112135,0.771616980433464,0.017059550434350968,0.3533506691455841,0.009969596350565553,0.995272696018219
gaia-v3-02039,fit,login_failure,1625407115637,11.0,True,0.005479270315837918,0.3148098886013031,0.013756247563287615,0.3456871211528778,0.011374674988910555,0.9955044984817505
gaia-v3-02040,fit,login_failure,1625407548519,11.0,True,0.007999778532204497,0.34333691000938416,0.030451356200501323,0.7472217082977295,0.014198179175145924,0.9953538775444031
gaia-v3-01733,fit,login_failure,1625407648997,11.0,True,0.005869709597508669,0.24285714328289032,0.018668153462931512,0.5032440200448036,0.012557606301270426,0.9955921769142151
gaia-v3-02041,fit,login_failure,1625407796484,11.0,True,0.0061398233315382335,0.43818336725234985,0.02075144383125007,0.45815688371658325,0.010541816432960332,0.9953870177268982
gaia-v3-02044,fit,login_failure,1625408594742,11.0,True,0.008992863164612194,0.35698986425995827,0.020069149462506174,0.3456871211528778,0.011263187525328249,0.9951401352882385
gaia-v3-01739,fit,login_failure,1625409116931,11.0,True,0.008495359450084077,0.387036994099617,0.020384895661845804,0.3533506691455841,0.010683516804128886,0.9971804618835449
gaia-v3-02046,fit,login_failure,1625409216509,11.0,True,0.007916927055858499,0.3566768765449524,0.01911491327919066,0.3811941146850586,0.010934969317167998,0.9951549768447876
gaia-v3-01740,fit,login_failure,1625409856528,11.0,True,0.013238788592305657,0.5721896290779114,0.025465305894613266,0.3456871211528778,0.012092215013690294,0.9956253170967102
gaia-v3-01741,fit,login_failure,1625410016768,11.0,True,0.007240616470721761,0.3753850758075714,0.016989918332546948,0.3456871211528778,0.009667141498066485,0.99542635679245
gaia-v3-01742,fit,login_failure,1625410296955,11.0,True,0.00876274057025057,0.43390122056007385,0.025008232146501542,0.3456871211528778,0.013285880216863007,0.9956042766571045
gaia-v3-01743,fit,login_failure,1625410405300,11.0,True,0.009259112064345725,0.4000000059604645,0.017592646786943077,0.3456871211528778,0.010388580122962595,0.99555903673172
gaia-v3-01744,fit,login_failure,1625410808396,11.0,True,0.00758153994767478,0.2843375504016876,0.028321758890524507,0.45815688371658325,0.013831294737756253,0.9955048561096191
gaia-v3-01746,fit,login_failure,1625411646697,11.0,True,0.0074490764158364675,0.4253849685192108,0.02556798062287271,0.3456871211528778,0.013938099117949606,0.9951399564743042
gaia-v3-02048,fit,login_failure,1625411818772,11.0,True,0.005880542895575521,0.3386118412017822,0.026301252702251077,0.3456871211528778,0.012466534120030702,0.9952064156532288
gaia-v3-02049,fit,login_failure,1625411988248,11.0,True,0.009263103245242139,0.506952315568924,0.014187596691772341,0.3456871211528778,0.009434677048120647,0.9951217770576477
gaia-v3-01747,fit,login_failure,1625412252050,11.0,True,0.008403899496272516,0.33828529715538025,0.025465126521885394,0.3533506691455841,0.012674865496810525,0.9951067566871643
gaia-v3-01748,fit,login_failure,1625412332707,11.0,True,0.013118768942338951,0.6006744196638465,0.024318467220291497,0.4201399087905884,0.011406641408102587,0.99542635679245
gaia-v3-02050,fit,login_failure,1625412549308,11.0,True,0.010183219243545712,0.4246208369731903,0.022943533072248102,0.3456871211528778,0.01217669488163665,0.9951732754707336
gaia-v3-01749,fit,login_failure,1625413087067,11.0,True,0.010694629524630272,0.5171715915203094,0.027428917586803436,0.3456871211528778,0.012955715209245681,0.9953721761703491
gaia-v3-01750,fit,login_failure,1625413173538,11.0,True,0.010443890781471055,0.5704059600830078,0.023466595588251947,0.3456871211528778,0.011190625810995699,0.995272696018219
gaia-v3-01751,fit,login_failure,1625413245887,11.0,True,0.010727924536695355,0.4316503256559372,0.021617497177794577,0.3456871211528778,0.011409073977265507,0.9955921769142151
gaia-v3-01752,fit,login_failure,1625413396581,11.0,True,0.010391751236507691,0.5152049399912357,0.024238745169714093,0.3456871211528778,0.013683343417942523,0.9955379962921143
gaia-v3-01753,fit,login_failure,1625413755242,11.0,True,0.011126132575774743,0.39126265048980713,0.02700635064393282,0.7092047333717346,0.01289219783153385,0.9951277375221252
gaia-v3-02051,fit,login_failure,1625414077110,11.0,True,0.008242738103259246,0.36890409886837006,0.025011689960956575,0.3821229338645935,0.01208784906892106,0.9951069951057434
gaia-v3-01754,fit,login_failure,1625414205603,11.0,True,0.009338875554722867,0.41779143922030926,0.027121667144820095,0.3456871211528778,0.013680457145674153,0.9955048561096191
gaia-v3-02338,fit,login_failure,1625414526599,11.0,True,0.008155843181323992,0.3955222964286804,0.054704425111413005,0.9602338075637817,0.012873814641498029,1.0
gaia-v3-02339,fit,login_failure,1625414699144,11.0,True,0.008132137937582228,0.38877080380916595,0.029151047952473162,0.45815688371658325,0.01652614605613053,0.9950075745582581
gaia-v3-02340,fit,login_failure,1625415141808,11.0,True,0.009176220061764677,0.7210623621940613,0.012395233055576682,0.2818957045674324,0.010481713644694537,0.9952212572097778
gaia-v3-02090,fit,login_failure,1625415218108,11.0,True,0.008918391893602499,0.5175168067216873,0.01806028592400253,0.3456871211528778,0.014241201368859037,0.995736837387085
gaia-v3-02091,fit,login_failure,1625415676285,11.0,True,0.007634172237677224,0.3417583107948303,0.019205053756013512,0.6711877584457397,0.013660536613315344,0.9951067566871643
gaia-v3-02092,fit,login_failure,1625415831097,11.0,True,0.007512452455034691,0.35782361775636673,0.01796477986499667,0.4201399087905884,0.014000171101652087,0.9954385161399841
gaia-v3-02094,fit,login_failure,1625416075463,11.0,True,0.00897723003735488,0.46624308824539185,0.016980705922469495,0.3456871211528778,0.01213764653308317,0.9955048561096191
gaia-v3-02095,fit,login_failure,1625416217603,11.0,True,0.0076642397854319215,0.36159518361091614,0.019565465999767183,0.37361085414886475,0.012087440137984231,0.9959567189216614
gaia-v3-02342,fit,login_failure,1625416300244,11.0,True,0.009860144898891577,0.3504231572151184,0.015779195306822657,0.3456871211528778,0.012028861980652436,0.9954532980918884
gaia-v3-02343,fit,login_failure,1625416434437,11.0,True,0.00872816368198528,0.4708227813243866,0.01740985829383135,0.3456871211528778,0.01172126000514254,0.9948896169662476
gaia-v3-02345,fit,login_failure,1625416766411,11.0,True,0.006129345421303848,0.2661318238824606,0.026445710426196457,0.45815688371658325,0.01706967971753329,0.9953538775444031
gaia-v3-02097,fit,login_failure,1625416864740,11.0,True,0.011151950364448264,0.6458701491355896,0.017401986941695213,0.45815688371658325,0.011916451496072114,0.9953721761703491
gaia-v3-02098,fit,login_failure,1625416969191,11.0,True,0.00893141787340331,0.4171474575996399,0.013081667246297002,0.3456871211528778,0.010445070476271212,0.9955379962921143
gaia-v3-02346,fit,login_failure,1625417242300,11.0,True,0.01142866095063179,0.7611295729875565,0.01699258587323129,0.3456871211528778,0.012593584740534425,0.9953538775444031
gaia-v3-02101,fit,login_failure,1625417628601,11.0,True,0.008612965083405774,0.5060362280346453,0.013850552216172218,0.3456871211528778,0.009900373455602676,0.9954053163528442
gaia-v3-02102,fit,login_failure,1625417753712,11.0,True,0.009260160100510954,0.48571430146694183,0.01924544111825526,0.2818957045674324,0.009494110820814966,0.9955048561096191
gaia-v3-02103,fit,login_failure,1625418337078,11.0,True,0.009051400994606714,0.3928214907646179,0.01813285923562944,0.3821229338645935,0.011939098462462425,0.995492696762085
gaia-v3-02348,fit,login_failure,1625419041835,11.0,True,0.011372265576172443,0.40514689683914185,0.01745753437280655,0.3456871211528778,0.010440013632178306,0.9953538775444031
gaia-v3-02349,fit,login_failure,1625419271865,11.0,True,0.008905217473924646,0.40981340408325195,0.015330895781517029,0.2883181720972061,0.011286804643459618,0.9956369400024414
gaia-v3-02350,fit,login_failure,1625419389409,11.0,True,0.010033080869633674,0.49913774989545345,0.01998190665617585,0.436208575963974,0.013039193945005537,0.9967435002326965
gaia-v3-02105,fit,login_failure,1625419707860,11.0,True,0.006366677849428015,0.2571428567171097,0.013429524283856154,0.3456871211528778,0.012409628331661225,1.0
gaia-v3-02106,fit,login_failure,1625419821418,11.0,True,0.009200946432633828,0.44950228929519653,0.013574737077578902,0.3456871211528778,0.012152028488926589,0.9968289136886597
gaia-v3-02351,fit,login_failure,1625420092120,11.0,True,0.009892242903314733,0.43083325028419495,0.02500380896963179,0.3456871211528778,0.011342956116423011,0.9953057765960693
gaia-v3-02107,fit,login_failure,1625421021215,11.0,True,0.005761892391133946,0.38629820942878723,0.010838303156197071,0.3456871211528778,0.0113109488831833,0.99526047706604
gaia-v3-02108,fit,login_failure,1625421476777,11.0,True,0.008098091114273604,0.5220765471458435,0.016170993028208614,0.3456871211528778,0.012306373484898358,0.99555903673172
gaia-v3-02353,fit,login_failure,1625421670739,11.0,True,0.006087753964019764,0.4664894565939903,0.011393669666722417,0.7092047333717346,0.009629600215703249,0.9964791536331177
gaia-v3-02109,fit,login_failure,1625421743632,11.0,True,0.008290697692965901,0.47891087317839265,0.014634392457082868,0.3456871211528778,0.011481001779902727,0.9954594969749451
gaia-v3-02354,fit,login_failure,1625421997797,11.0,True,0.006431320716035316,0.27809736132621765,0.016405211109668017,0.3456871211528778,0.01228000469505787,0.9952212572097778
gaia-v3-02355,fit,login_failure,1625422173892,11.0,True,0.008287118110880934,0.5682889446616173,0.01853369134478271,0.6246587038040161,0.011168450163677335,0.9950075745582581
gaia-v3-02111,fit,login_failure,1625422643974,11.0,True,0.006682935265617592,0.45273810625076294,0.016110148467123508,0.3456871211528778,0.010696619681548327,0.9953058362007141
gaia-v3-02357,fit,login_failure,1625423068959,11.0,True,0.006046862825652018,0.41003450751304626,0.014534708578139544,0.2818957045674324,0.011211945286486297,0.9957845211029053
gaia-v3-02112,fit,login_failure,1625423209057,11.0,True,0.007935736617101459,0.3674713671207428,0.01364969853311777,0.3516414910554886,0.010885670820716769,0.9953932166099548
gaia-v3-02358,fit,login_failure,1625423294309,11.0,True,0.007076887743664884,0.5150373429059982,0.019815214397385716,0.3456871211528778,0.011107825442450122,0.9963313937187195
gaia-v3-02360,fit,login_failure,1625423464553,11.0,True,0.007013418188296328,0.4260195642709732,0.016721947817131877,0.4902998208999634,0.012735620390158147,0.995254397392273
gaia-v3-02367,fit,login_failure,1625424615412,11.0,True,0.009185277628709325,0.4001851752400398,0.012515666708350182,0.3456871211528778,0.010387577411020175,0.9953057765960693
gaia-v3-02373,fit,login_failure,1625425425621,11.0,True,0.011017403098848414,0.5801638960838318,0.017056445125490427,0.3456871211528778,0.01228144787135534,0.9972056150436401
gaia-v3-02375,fit,login_failure,1625425873368,11.0,True,0.05366618349902031,1.0,0.021979002002626657,0.4902998208999634,0.014164880795869977,0.9950075745582581
gaia-v3-02121,fit,login_failure,1625426868657,11.0,True,0.0,0.0,0.01728245667181909,0.4201399087905884,0.012018668849486857,0.9971474409103394
gaia-v3-02122,fit,login_failure,1625427031188,11.0,True,0.0,0.0,0.023127697827294468,0.3821229338645935,0.0245151665690355,0.9964321255683899
gaia-v3-02381,fit,login_failure,1625427766648,11.0,True,0.0,0.0,0.021299527306109668,0.3271564319729805,0.017304650684818627,0.9968425631523132
gaia-v3-02384,fit,login_failure,1625428099645,11.0,True,0.0,0.0,0.013970836391672492,0.251047819852829,0.013942304169759154,0.9954864382743835
gaia-v3-02385,fit,login_failure,1625428554408,11.0,True,0.0,0.0,0.020493316277861596,0.3821229338645935,0.011795659302733838,0.9951881170272827
gaia-v3-02386,fit,login_failure,1625428628475,11.0,True,0.0,0.0,0.015086234221234918,0.436208575963974,0.011174044590443372,0.9949744343757629
gaia-v3-02387,fit,login_failure,1625428740812,11.0,True,0.0,0.0,0.012689059972763062,0.4362085610628128,0.016155568505637347,0.9950075745582581
gaia-v3-02388,fit,login_failure,1625429252864,11.0,True,0.0,0.0,0.01815815968438983,0.3821229338645935,0.01377038837876171,0.9948896169662476
gaia-v3-02130,fit,login_failure,1625430381676,11.0,True,0.0,0.0,0.023630058160051703,0.3456871211528778,0.010511284340173005,0.9964982867240906
gaia-v3-02394,fit,login_failure,1625430581288,11.0,True,0.0,0.0,0.031547815352678296,0.45815688371658325,0.017931926688179375,0.9951732754707336
gaia-v3-02131,fit,login_failure,1625430793534,11.0,True,0.0,0.0,0.02561276201158762,0.6711877584457397,0.016287469677627085,0.9959356188774109
gaia-v3-02132,fit,login_failure,1625430905425,11.0,True,0.0,0.0,0.018310928996652365,0.4902998208999634,0.012048276029527188,0.9955711364746094
gaia-v3-02133,fit,login_failure,1625431332088,11.0,True,0.0,0.0,0.020184200443327426,0.218104287981987,0.012776127131655813,0.9951277375221252
gaia-v3-02395,fit,login_failure,1625431765568,11.0,True,0.0,0.0,0.02482276246882975,0.4201399087905884,0.016736825327388943,0.9952212572097778
gaia-v3-02397,fit,login_failure,1625432731277,11.0,True,0.0,0.0,0.017987861996516585,0.3533506691455841,0.01477014830801636,0.9951881170272827
gaia-v3-02135,fit,login_failure,1625432805942,11.0,True,0.0,0.0,0.012900019716471433,0.3456871211528778,0.010358012311626226,0.995326817035675
gaia-v3-02136,fit,login_failure,1625433092509,11.0,True,0.0,0.0,0.02184156533330679,0.3456871211528778,0.01328998604323715,0.9957036972045898
gaia-v3-02141,fit,login_failure,1625434847201,11.0,True,0.0,0.0,0.02084344206377864,0.3456871211528778,0.012194938799366355,0.9954716563224792
gaia-v3-02401,fit,login_failure,1625435241691,11.0,True,0.0,0.0,0.016591222723945975,0.3456871211528778,0.01067971828393638,0.9952395558357239
gaia-v3-02402,fit,login_failure,1625435405895,11.0,True,0.0,0.0,0.014249280653893947,0.218104287981987,0.010936044896952808,0.9950407147407532
gaia-v3-02403,fit,login_failure,1625435761661,11.0,True,0.0,0.0,0.017964263306930663,0.4201399087905884,0.012046169207897037,0.9952212572097778
gaia-v3-02404,fit,login_failure,1625436535224,11.0,True,0.0,0.0,0.01592191532254219,0.23900088667869568,0.01307789161335677,0.9954051971435547
gaia-v3-02405,fit,login_failure,1625436789337,11.0,True,0.0,0.0,0.018133652955293657,0.218104287981987,0.01198387358803302,0.9948896169662476
gaia-v3-02154,fit,login_failure,1625436873206,11.0,True,0.0,0.0,0.0217317839153111,0.4201399087905884,0.013857831223867833,0.9951067566871643
gaia-v3-02406,fit,login_failure,1625437138128,11.0,True,0.0,0.0,0.015257959347218275,0.2818957045674324,0.01109110904391855,0.9948417544364929
gaia-v3-02155,fit,login_failure,1625437793741,11.0,True,0.0,0.0,0.02163965576328337,0.45815688371658325,0.011138211931101977,0.99555903673172
gaia-v3-02156,fit,login_failure,1625437867473,11.0,True,0.0,0.0,0.015873737959191205,0.4201399087905884,0.010486876564100385,0.995339035987854
gaia-v3-02159,fit,login_failure,1625438343046,11.0,True,0.0,0.0,0.013986545195803047,0.4201399087905884,0.011475153849460185,0.9961553812026978
gaia-v3-02160,fit,login_failure,1625439033322,11.0,True,0.0,0.0,0.010551368957385421,0.3456871211528778,0.010899639120325447,0.9959356188774109
gaia-v3-02161,fit,login_failure,1625439885900,11.0,True,0.0,0.0,0.02601151424460113,0.6711877584457397,0.014382990505546332,0.9951067566871643
gaia-v3-02162,fit,login_failure,1625440016182,11.0,True,0.0,0.0,0.01567906062118709,0.3456871211528778,0.010602825998794287,0.995736837387085
gaia-v3-02165,fit,login_failure,1625441181290,11.0,True,0.0,0.0,0.01200558291748166,0.3456871211528778,0.009977765213698149,0.9953058362007141
gaia-v3-02166,fit,login_failure,1625441677740,11.0,True,0.0,0.0,0.019724296312779187,0.3456871211528778,0.012792450569104403,0.9955711364746094
gaia-v3-02169,fit,login_failure,1625442745628,11.0,True,0.0,0.0,0.015139198070392013,0.3981705456972122,0.010652425070293247,0.9955921769142151
gaia-v3-02170,fit,login_failure,1625443072279,11.0,True,0.0,0.0,0.012928627105429769,0.218104287981987,0.011469445242546498,0.9951067566871643
gaia-v3-02419,fit,login_failure,1625443228475,11.0,True,0.0,0.0,0.01858236351981759,0.3456871211528778,0.012207252173684537,0.9953538775444031
gaia-v3-02423,fit,login_failure,1625443816064,11.0,True,0.0,0.0,0.015130241122096776,0.3456871211528778,0.014291705477517099,0.9962807893753052
gaia-v3-02424,fit,login_failure,1625443995304,11.0,True,0.0,0.0,0.012462275242432952,0.3456871211528778,0.012723464616574347,0.9968425631523132
gaia-v3-02434,fit,login_failure,1625446057620,11.0,True,0.0,0.0,0.016896394779905677,0.3821229338645935,0.013049382014432922,0.995438277721405
gaia-v3-02179,fit,login_failure,1625446523472,11.0,True,0.0,0.0,0.011635111691430212,0.3456871211528778,0.010826140630524606,0.9967178702354431
gaia-v3-02439,fit,login_failure,1625447160569,11.0,True,0.0,0.0,0.01877344148233533,0.321207731962204,0.011809643199667335,0.9950738549232483
gaia-v3-02180,fit,login_failure,1625447251035,11.0,True,0.0,0.0,0.01088837250135839,0.3456871211528778,0.010469372521620245,0.9951067566871643
gaia-v3-02183,fit,login_failure,1625448296981,11.0,True,0.0,0.0,0.016767007345333696,0.2818957045674324,0.016025471524335443,0.9955711364746094
gaia-v3-02443,fit,login_failure,1625448952498,11.0,True,0.0,0.0,0.013188725709915161,0.2818957045674324,0.011677077454514802,0.9958024024963379
gaia-v3-02444,fit,login_failure,1625449254462,11.0,True,0.0,0.0,0.013677403191104531,0.2366349771618843,0.013906237045302987,0.9951549768447876
gaia-v3-02445,fit,login_failure,1625449406276,11.0,True,0.0,0.0,0.013893461599946023,0.3456871211528778,0.014770008716732263,0.9977660775184631
gaia-v3-02450,fit,login_failure,1625450148893,11.0,True,0.0,0.0,0.016923793731257318,0.2818957045674324,0.011913984618149697,0.9949744343757629
gaia-v3-02188,fit,login_failure,1625450244326,11.0,True,0.0,0.0,0.015148284705355763,0.3456871211528778,0.014855738573241978,1.0
gaia-v3-02189,fit,login_failure,1625450512235,11.0,True,0.0,0.0,0.015613034646958113,0.3456871211528778,0.015465962644666433,0.9960349798202515
gaia-v3-02190,fit,login_failure,1625450746708,11.0,True,0.0,0.0,0.017104180855676533,0.3821229338645935,0.013151961546391248,0.9968831539154053
gaia-v3-02451,fit,login_failure,1625451271430,11.0,True,0.0,0.0,0.015467660594731569,0.3821229338645935,0.014128382368944585,0.9950738549232483
gaia-v3-02191,fit,login_failure,1625451615039,11.0,True,0.0,0.0,0.015572136640548706,0.436208575963974,0.012444840343669057,0.9952394962310791
gaia-v3-02192,fit,login_failure,1625451751717,11.0,True,0.0,0.0,0.02320606354624033,0.22265660762786865,0.012324988052714616,0.9952936768531799
gaia-v3-02452,fit,login_failure,1625451847583,11.0,True,0.0,0.0,0.02302908138372004,0.3973703160881996,0.017211411161115395,0.9958176016807556
gaia-v3-02194,fit,login_failure,1625452801958,11.0,True,0.0,0.0,0.011889535561203956,0.3456871211528778,0.012003868536558002,0.9957578778266907
gaia-v3-02455,fit,login_failure,1625453173153,11.0,True,0.0,0.0,0.014904681872576476,0.3456871211528778,0.013252096963115037,0.9962983727455139
gaia-v3-02197,fit,login_failure,1625454552654,11.0,True,0.0,0.0,0.0246899273712188,0.28343451023101807,0.01601776739116758,0.9961553812026978
gaia-v3-02198,fit,login_failure,1625454739896,11.0,True,0.0,0.0,0.01531767351552844,0.2875553369522095,0.013700002047698945,0.9954053163528442
gaia-v3-02462,fit,login_failure,1625454888607,11.0,True,0.0,0.0,0.010356334410607815,0.218104287981987,0.014035396270919591,0.9972884654998779
gaia-v3-02200,fit,login_failure,1625455702300,11.0,True,0.0,0.0,0.027934088092297315,0.3456871211528778,0.01775227319216356,0.9953721761703491
gaia-v3-02467,fit,login_failure,1625456377997,11.0,True,0.0,0.0,0.019442356284707786,0.28906479477882385,0.01414925639750436,0.9952212572097778
gaia-v3-02205,fit,login_failure,1625456450914,11.0,True,0.0,0.0,0.019097038172185422,0.45815688371658325,0.014052376666804776,0.9954716563224792
gaia-v3-02206,fit,login_failure,1625456846183,11.0,True,0.0,0.0,0.013068392500281334,0.2818957045674324,0.011780879307771101,0.9970813989639282
gaia-v3-02471,fit,login_failure,1625456937406,11.0,True,0.0,0.0,0.01649957331828773,0.3456871211528778,0.012751376075902954,0.994941234588623
gaia-v3-02207,fit,login_failure,1625457152930,11.0,True,0.0,0.0,0.016340078506618737,0.28906479477882385,0.012291834717616438,0.995194137096405
gaia-v3-02208,fit,login_failure,1625457478361,11.0,True,0.0,0.0,0.01917121154256165,0.3456871211528778,0.012455737558193505,0.9956253170967102
gaia-v3-02209,fit,login_failure,1625457633304,11.0,True,0.0,0.0,0.011993734398856759,0.3456871211528778,0.013949084472842514,0.9955048561096191
gaia-v3-02472,fit,login_failure,1625457942708,11.0,True,0.0,0.0,0.013880425645038486,0.3456871211528778,0.011854568317066877,0.9950554966926575
gaia-v3-02473,fit,login_failure,1625458385363,11.0,True,0.0,0.0,0.017972321808338167,0.3456871211528778,0.011992195432540029,0.9967607259750366
gaia-v3-02212,fit,login_failure,1625458513509,11.0,True,0.0,0.0,0.018506513303145768,0.3456871211528778,0.011680460965726525,0.9954594969749451
gaia-v3-02475,fit,login_failure,1625459478493,11.0,True,0.0,0.0,0.023153217742219567,0.3456871211528778,0.012240976735483855,0.9950554966926575
gaia-v3-02218,fit,login_failure,1625460499143,11.0,True,0.0,0.0,0.018781160563230516,0.3821229338645935,0.010139003084041177,0.9953721761703491
gaia-v3-02477,fit,login_failure,1625461111980,11.0,True,0.0,0.0,0.010859453678131103,0.2366349771618843,0.011212641224265098,0.9958024024963379
gaia-v3-02478,fit,login_failure,1625461253229,11.0,True,0.0,0.0,0.014416443509981036,0.3456871211528778,0.011669648410752416,0.9951881170272827
gaia-v3-02221,fit,login_failure,1625461502378,11.0,True,0.0,0.0,0.018121895426884294,0.3456871211528778,0.01180436264257878,0.9958242177963257
gaia-v3-02479,fit,login_failure,1625461799803,11.0,True,0.0,0.0,0.013374517299234867,0.3456871211528778,0.01192002980504185,0.9947090744972229
gaia-v3-02222,fit,login_failure,1625462161640,11.0,True,0.0,0.0,0.016402698867022992,0.3456871211528778,0.012598150442354381,0.9954594969749451
gaia-v3-02223,fit,login_failure,1625462329669,11.0,True,0.0,0.0,0.02470460799522698,0.4218703508377075,0.013349736398085952,0.9952936768531799
gaia-v3-02224,fit,login_failure,1625462429976,11.0,True,0.0,0.0,0.015150425117462873,0.28906479477882385,0.012617732351645827,0.9954716563224792
gaia-v3-02480,fit,login_failure,1625462506134,11.0,True,0.0,0.0,0.01956302309408784,0.28906479477882385,0.014148277076892556,0.9950738549232483
gaia-v3-02228,fit,login_failure,1625462810517,11.0,True,0.0,0.0,0.014771849010139703,0.2933643013238907,0.011428399606375024,0.9968500733375549
gaia-v3-02229,fit,login_failure,1625462893364,11.0,True,0.0,0.0,0.013341149920597673,0.3136245161294937,0.009947860194370151,0.9955258369445801
gaia-v3-02481,fit,login_failure,1625463214312,11.0,True,0.0,0.0,0.01972029795870185,0.3456871211528778,0.014109678366221488,0.995254397392273
gaia-v3-02490,fit,login_failure,1625465424361,11.0,True,0.0,0.0,0.013491134997457266,0.2366349771618843,0.012145075665321201,0.9949744343757629
gaia-v3-02236,fit,login_failure,1625465520885,11.0,True,0.0,0.0,0.014244039263576268,0.3456871211528778,0.013217914936831221,0.9967178702354431
gaia-v3-02491,fit,login_failure,1625465654113,11.0,True,0.0,0.0,0.015148607827723027,0.3608487844467163,0.013113860536832363,0.9952212572097778
gaia-v3-02239,fit,login_failure,1625465996150,11.0,True,0.0,0.0,0.013522779056802391,0.2818957045674324,0.012060128481825813,0.9955048561096191
gaia-v3-02493,fit,login_failure,1625466182833,11.0,True,0.0,0.0,0.013055038871243596,0.3456871211528778,0.011374290056992323,0.9952212572097778
gaia-v3-02494,fit,login_failure,1625466280996,11.0,True,0.0,0.0,0.021177338669076562,0.3456871211528778,0.018321193382143976,0.9953538775444031
gaia-v3-02495,fit,login_failure,1625466417960,11.0,True,0.0,0.0,0.014684057701379061,0.4201399087905884,0.016004262716742233,0.9958838224411011
gaia-v3-02241,fit,login_failure,1625466520000,11.0,True,0.0,0.0,0.013762926729395986,0.3456871211528778,0.011402579947607593,0.9955048561096191
gaia-v3-02242,fit,login_failure,1625466630322,11.0,True,0.0,0.0,0.01709841680712998,0.218104287981987,0.012790912045165897,0.9969610571861267
gaia-v3-02496,fit,login_failure,1625466854377,11.0,True,0.0,0.0,0.016277376050129532,0.2818957045674324,0.013238187959650531,0.9951217770576477
gaia-v3-02497,fit,login_failure,1625466976520,11.0,True,0.0,0.0,0.0188698154874146,0.3456871211528778,0.01311897182604298,0.995438277721405
gaia-v3-02498,fit,login_failure,1625467085729,11.0,True,0.0732406642481313,1.0,0.017948189238086342,0.3456871211528778,0.013255816006567328,0.995320737361908
gaia-v3-02499,fit,login_failure,1625467666605,11.0,True,0.0,0.0,0.019747975375503303,0.6246587038040161,0.013952788738533855,0.9950738549232483
gaia-v3-02243,fit,login_failure,1625467814394,11.0,True,0.0,0.0,0.021778519777581096,0.436208575963974,0.016286466176388785,0.9957247972488403
gaia-v3-02500,fit,login_failure,1625468182253,11.0,True,0.0,0.0,0.01613625925965607,0.30070069432258606,0.013504141275770962,0.9952395558357239
gaia-v3-02501,fit,login_failure,1625468449868,11.0,True,0.0,0.0,0.017644373467192054,0.28906479477882385,0.013124250997789204,0.9948896169662476
gaia-v3-02244,fit,login_failure,1625468619883,11.0,True,0.0,0.0,0.025392093416303396,0.4201399087905884,0.018377481829375028,0.9954053163528442
gaia-v3-02246,fit,login_failure,1625469173172,11.0,True,0.0,0.0,0.013056615367531776,0.3456871211528778,0.011999056828208267,0.9953721761703491
gaia-v3-02504,fit,login_failure,1625469474841,11.0,True,0.0,0.0,0.014808347122743726,0.3456871211528778,0.01194928718265146,0.9952064156532288
gaia-v3-02247,fit,login_failure,1625469625398,11.0,True,0.0,0.0,0.012206832924857736,0.3456871211528778,0.012598912676330655,0.99526047706604
gaia-v3-02248,fit,login_failure,1625469731506,11.0,True,0.05795753542185669,1.0,0.018970584077760578,0.6246587038040161,0.014248225613264366,0.9955048561096191
gaia-v3-02505,fit,login_failure,1625470005904,11.0,True,0.004816381601669187,0.44407840818166733,0.02239994420669973,0.5781296491622925,0.0177657290128991,0.9953538775444031
gaia-v3-02249,fit,login_failure,1625470211223,11.0,True,0.07374230692115588,1.0,0.031601085886359216,0.7245267629623413,0.019004766173893586,0.9979509115219116
gaia-v3-02506,fit,login_failure,1625470502252,11.0,True,0.04018273194347444,1.0,0.020716566918417813,0.3069329261779785,0.014275102481478825,0.9953870177268982
gaia-v3-02250,fit,login_failure,1625470680539,11.0,True,0.014640113707734296,0.6979727447032928,0.02225453914143145,0.6333045065402985,0.016952688919845967,0.9954716563224792
gaia-v3-02508,fit,login_failure,1625471197829,11.0,True,0.028593658772939533,0.5545094534754753,0.027955175004899503,0.4111081063747406,0.019117978075519203,0.9951881170272827
gaia-v3-02254,fit,login_failure,1625471831574,11.0,True,0.021970894426976882,0.6062022745609283,0.014649594156071543,0.3456871211528778,0.011074145666789263,0.9953721761703491
gaia-v3-02514,fit,login_failure,1625473234361,11.0,True,0.023476363135885473,0.7846419457346201,0.015357092907652258,0.218104287981987,0.014894517991924658,0.9952875971794128
gaia-v3-02260,fit,login_failure,1625473843127,11.0,True,0.023676725450333908,0.7422635555267334,0.01934479484334588,0.3456871211528778,0.013825177206890658,0.9953721761703491
gaia-v3-02261,fit,login_failure,1625474212413,11.0,True,0.027561208387870312,0.4682014137506485,0.022004226269200445,0.6148097515106201,0.016055495847249402,0.9953932166099548
gaia-v3-02515,fit,login_failure,1625474347985,11.0,True,0.01895477634821153,0.5028430409729481,0.022426628367975356,1.0,0.012743674325756729,0.9951401352882385
gaia-v3-02262,fit,login_failure,1625474578390,11.0,True,0.017912347898436563,0.47678913176059723,0.019598555471748113,0.3821229338645935,0.01604936831514351,0.9954594969749451
gaia-v3-02516,fit,login_failure,1625475289468,11.0,True,0.02021458282384098,0.5156250335276127,0.014126169122755527,0.436208575963974,0.011878573297290132,0.9950407147407532
gaia-v3-02263,fit,login_failure,1625475691664,11.0,True,0.016536582271497006,0.4835264980792999,0.019099259050562978,0.3456871211528778,0.01579406812787056,0.9953058362007141
gaia-v3-02517,fit,login_failure,1625475887809,11.0,True,0.023478888397750097,0.4951191693544388,0.01811683038249612,0.5781296491622925,0.013143162208143622,0.9953538775444031
gaia-v3-02518,fit,login_failure,1625476140149,11.0,True,0.013394333431123565,0.3838505297899246,0.021902777440845966,0.5781296491622925,0.01612857635365799,0.9964130520820618
gaia-v3-02275,fit,login_failure,1625478294806,11.0,True,0.018668773334741217,0.35280319675803185,0.01512287468649447,0.2818957045674324,0.013584928893251344,0.9967178702354431
gaia-v3-02276,fit,login_failure,1625478429474,11.0,True,0.014100169463131352,0.357142873108387,0.029743387643247843,0.7390009164810181,0.025529711606213822,0.9955258369445801
gaia-v3-02527,fit,login_failure,1625478567946,11.0,True,0.017332816388017137,0.526782438158989,0.016130611300468445,0.436208575963974,0.013390140976989642,0.9966113567352295
gaia-v3-02277,fit,login_failure,1625478986211,11.0,True,0.013178987920952068,0.4000000059604645,0.01861552447080612,0.4999999850988388,0.01604636344476603,0.9953721761703491
gaia-v3-02278,fit,login_failure,1625479070432,11.0,True,0.01792563555354339,0.4674997925758362,0.015627863863483072,0.3456871211528778,0.01334488385473378,0.9960681200027466
gaia-v3-02529,fit,login_failure,1625480309008,11.0,True,0.018383583445374066,0.43198653496801853,0.02091110683977604,0.436208575963974,0.018286120122065767,0.9953538775444031
gaia-v3-02281,fit,login_failure,1625481177051,11.0,True,0.022543961965353295,0.6064139008522034,0.018559454008936882,0.3456871211528778,0.013324487686622888,0.9957910776138306
gaia-v3-02530,fit,login_failure,1625481399373,11.0,True,0.01922857094935845,0.5525806099176407,0.019005145505070688,0.3608487844467163,0.013219938150141388,0.9950222969055176
gaia-v3-02536,fit,login_failure,1625483521909,11.0,True,0.015699393706086084,0.41882213950157166,0.019795168563723563,0.3456871211528778,0.013416026185732335,0.9952875971794128
gaia-v3-02284,fit,login_failure,1625483971946,11.0,True,0.019332661668297155,0.40000002086162567,0.015308322245255112,0.3724171444773674,0.013955384268192574,0.995272696018219
gaia-v3-02285,fit,login_failure,1625484265125,11.0,True,0.022196481559766803,0.4584873244166374,0.017087339702993632,0.3456871211528778,0.012149660736322404,0.9964532852172852
gaia-v3-02287,fit,login_failure,1625485170303,11.0,True,0.023347368953848976,0.9046299010515213,0.015281163016334176,0.3955802470445633,0.01308217724901624,0.9954053163528442
gaia-v3-02290,fit,login_failure,1625485913579,11.0,True,0.011952037411003858,0.3298012539744377,0.012127590831369162,0.3456871211528778,0.011706959564471618,0.9950945377349854
gaia-v3-02540,fit,login_failure,1625486260672,11.0,True,0.01687893812831097,0.5766716450452805,0.02172803971916437,0.3304004594683647,0.015399260162375868,0.9954714179039001
gaia-v3-02541,fit,login_failure,1625486397913,11.0,True,0.020056113219158078,0.37698099575936794,0.024261599546298383,0.3456871211528778,0.016917977799894287,0.9949744343757629
gaia-v3-02291,fit,login_failure,1625486517786,11.0,True,0.015310243617981693,0.5275733768939972,0.021582300122827292,0.5064224600791931,0.01636449176352471,0.9954716563224792
gaia-v3-02297,fit,login_failure,1625487598317,11.0,True,0.019714972773889863,0.48571430146694183,0.011067429883405566,0.218104287981987,0.012558939136797563,0.9954594969749451
gaia-v3-02298,fit,login_failure,1625487950659,11.0,True,0.01960677334460191,0.4000000059604645,0.01505437665618956,0.3456871211528778,0.011152774380752817,0.9953721761703491
gaia-v3-02299,fit,login_failure,1625488223427,11.0,True,0.02305402234143609,0.5636209547519684,0.013747806008905173,0.3456871211528778,0.012863394871819764,0.9959025382995605
gaia-v3-02543,fit,login_failure,1625488675716,11.0,True,0.022470171978979655,0.39458489418029785,0.019353073136880995,0.3456871211528778,0.013267620154656469,0.9952395558357239
gaia-v3-02300,fit,login_failure,1625489018595,11.0,True,0.01877507103312913,0.7185685932636261,0.01125123999081552,0.3456871211528778,0.011906655406346545,0.9963540434837341
gaia-v3-02553,fit,login_failure,1625491437220,11.0,True,0.02003516601908094,0.4450473338365555,0.02017704863101244,0.3821229338645935,0.013427685104543343,0.9952064156532288
gaia-v3-02310,fit,login_failure,1625491702758,11.0,True,0.017485111620042442,0.5995516888797283,0.0125801594927907,0.218104287981987,0.01107222248101607,0.9953721761703491
gaia-v3-02311,fit,login_failure,1625491793298,11.0,True,0.020388613104499125,0.5781731009483337,0.013192530162632466,0.3239780068397522,0.011904120893450453,0.9954053163528442
gaia-v3-02554,fit,login_failure,1625491952921,11.0,True,0.016495997963839198,0.3775789439678192,0.023108556307852267,0.47131551802158356,0.014351467427331954,0.9952875971794128
gaia-v3-02557,fit,login_failure,1625492700329,11.0,True,0.018043324163100276,0.6364049166440964,0.017771101277321576,0.3335789144039154,0.01141423869994469,0.995320737361908
gaia-v3-02558,fit,login_failure,1625492940904,11.0,True,0.020313724467473548,0.8322961702942848,0.01806040513329208,0.3821229338645935,0.011862581090535968,0.9951732754707336
gaia-v3-02560,fit,login_failure,1625493299020,11.0,True,0.028604982273441236,0.6216305922716856,0.016030569607391954,0.436208575963974,0.012223718327004463,0.9952212572097778
gaia-v3-02315,fit,login_failure,1625493386911,11.0,True,0.017157823767610124,0.5008721090853214,0.014243737002834678,0.3456871211528778,0.010852148153353482,0.9951399564743042
gaia-v3-02561,fit,login_failure,1625493467573,11.0,True,0.019180053478343475,0.3999999761581421,0.015944637544453143,0.3456871211528778,0.011653462999965995,0.9953538775444031
gaia-v3-02320,fit,login_failure,1625494871649,11.0,True,0.024221276824044936,0.7391380965709686,0.016427293233573437,0.3456871211528778,0.012871355853276327,0.9965643882751465
gaia-v3-02321,fit,login_failure,1625495174394,11.0,True,0.022404133295575928,0.60124421864748,0.015235167555510997,0.3456871211528778,0.012066897687036544,0.9965643882751465
gaia-v3-02322,fit,login_failure,1625496407704,11.0,True,0.020915469063347323,0.40766347327735275,0.020484657632187007,0.3456871211528778,0.014708526590839028,0.9957700371742249
gaia-v3-02569,fit,login_failure,1625496727768,11.0,True,0.01785962920504479,0.4142453372478485,0.018829047540202738,0.42605479061603546,0.012140258419094607,0.9951069951057434
gaia-v3-02570,fit,login_failure,1625496848824,11.0,True,0.018331011622463696,0.5566540956497192,0.017061120131984353,0.28906482458114624,0.0129837715823669,0.9950075745582581
gaia-v3-02573,fit,login_failure,1625497327445,11.0,True,0.02182614182287163,0.8086778447031975,0.014023167127743364,0.3941918760538101,0.01075845598941669,0.9964965581893921
gaia-v3-02323,fit,login_failure,1625497491534,11.0,True,0.01825271176947278,0.48571430146694183,0.014730981085449457,0.3456871211528778,0.013716935124248266,0.9958242177963257
gaia-v3-02326,fit,login_failure,1625497656656,11.0,True,0.03005122944189793,0.6649199202656746,0.01667258427478373,0.7092047333717346,0.012224235950270668,0.9954716563224792
gaia-v3-02574,fit,login_failure,1625497754933,11.0,True,0.020983952450556367,0.48717059940099716,0.01784122330136597,0.3456871211528778,0.012131743553327396,0.9954201579093933
gaia-v3-02330,fit,login_failure,1625498892847,11.0,True,0.023098560267586284,0.6013681888580322,0.017807057220488788,0.3456871211528778,0.012862039712490513,0.9953721761703491
gaia-v3-02331,fit,login_failure,1625498982425,11.0,True,0.023214239004439228,0.4885897971689701,0.014449740294367075,0.3456871211528778,0.010350174874765798,0.9966517090797424
gaia-v3-02578,fit,login_failure,1625499279998,11.0,True,0.017068112393127423,0.575059711933136,0.015616225451231003,0.4732699543237686,0.013357591818785295,0.9951549768447876
gaia-v3-02332,fit,login_failure,1625499356892,11.0,True,0.022901256286375352,0.6691090315580368,0.011631736950948834,0.23337793350219727,0.010091249247780069,0.995492696762085
gaia-v3-02337,fit,login_failure,1625500559230,11.0,True,0.020822013461048526,0.46820391103392467,0.012365542771294712,0.3821229338645935,0.009033603186253458,0.9954053163528442
gaia-v3-02874,fit,login_failure,1625501101511,11.0,True,0.018397212051525003,0.48571430146694183,0.014979352615773678,0.4201399087905884,0.000667770216241479,0.1802990436553955
gaia-v3-02878,fit,login_failure,1625502052365,11.0,True,0.025922187929362888,0.42198529094457626,0.019662914471700786,0.3456871211528778,0.0008573566004633904,0.1866767406463623
gaia-v3-02879,fit,login_failure,1625502573273,11.0,True,0.019768043937773427,0.6995035633444786,0.02158749494701624,0.436208575963974,0.0006670516263693571,0.17488649487495422
gaia-v3-02635,fit,login_failure,1625502976313,11.0,True,0.019582498202576442,0.43468376249074936,0.02583982367068529,0.45815688371658325,0.000769825205206871,0.3461897075176239
gaia-v3-02637,fit,login_failure,1625503673663,11.0,True,0.021227522814592704,0.4298447370529175,0.02874819654971361,0.5351069271564484,0.000887886481359601,0.24465054273605347
gaia-v3-02638,fit,login_failure,1625504109178,11.0,True,0.022216388556533198,0.6242973282933235,0.019411253510043025,0.3456871211528778,0.0010357036255300045,0.21393930912017822
gaia-v3-02639,fit,login_failure,1625504444961,11.0,True,0.021391359697713597,0.6981242718175054,0.024632204230874775,0.3456871211528778,0.0005295504722744226,0.1802990436553955
gaia-v3-02641,fit,login_failure,1625504708800,11.0,True,0.017854336859289787,0.5357931852340698,0.020204135961830617,0.3456871211528778,0.0006830305885523558,0.20029908418655396
gaia-v3-02642,fit,login_failure,1625504786744,11.0,True,0.015452019045269102,0.5589856877923012,0.024086072016507386,0.6711877584457397,0.0005657852813601493,0.14271074533462524
gaia-v3-02643,fit,login_failure,1625504905761,11.0,True,0.01707359645060554,0.5296242237091064,0.017563039995729925,0.3456871211528778,0.0006642497610300779,0.15363413095474243
gaia-v3-02886,fit,login_failure,1625505224313,11.0,True,0.014190172645237453,0.37477707862854004,0.01442083204165101,0.3909478485584259,0.0009032922051846981,0.12979072332382202
gaia-v3-02645,fit,login_failure,1625505447312,11.0,True,0.024417715501491934,0.55449578166008,0.023778609279543162,0.5781296491622925,0.0007406544499099255,0.15057682991027832
gaia-v3-02646,fit,login_failure,1625505519209,11.0,True,0.018849262633125363,0.4256478250026703,0.015796071803197264,0.6711877584457397,0.0009055854193866252,0.33446963131427765
gaia-v3-02891,fit,login_failure,1625506520913,11.0,True,0.021324795527188675,0.4909159243106842,0.020936123002320527,0.3456871211528778,0.0009357061237096787,0.2614706754684448
gaia-v3-02650,fit,login_failure,1625506673017,11.0,True,0.020267919724805475,0.5163899436593056,0.02074192063882947,0.3909478485584259,0.0007998748030513525,0.2428768277168274
gaia-v3-02893,fit,login_failure,1625506860813,11.0,True,0.016503212701339483,0.37503769993782043,0.018609170615673066,0.3456871211528778,0.0008073926158249378,0.3234104514122009
gaia-v3-02651,fit,login_failure,1625507260629,11.0,True,0.016802714047533602,0.5271442602388561,0.018941412027925254,0.3456871211528778,0.0007143980264663697,0.17673373222351074
gaia-v3-02652,fit,login_failure,1625507355914,11.0,True,0.02486512852041945,0.6710149645805359,0.04386834260076285,0.6246587038040161,0.001468570027500391,0.28622275590896606
gaia-v3-02653,fit,login_failure,1625507727866,11.0,True,0.024410221128291217,0.5191820561885834,0.034484974667429925,0.45815688371658325,0.0009091586340218783,0.2782908082008362
gaia-v3-02657,fit,login_failure,1625508082498,11.0,True,0.02377051377763261,0.7095413766801357,0.019026410579681397,0.3456871211528778,0.0005680969543755054,0.211675226688385
gaia-v3-02895,fit,login_failure,1625509167005,11.0,True,0.017664955373444022,0.5757955312728882,0.025669682025909423,0.5064224600791931,0.0005748509895056487,0.14907050132751465
gaia-v3-02660,fit,login_failure,1625509252042,11.0,True,0.030582967597183597,0.631981149315834,0.029472308326512577,0.3456871211528778,0.0013888500537723302,0.3234104514122009
gaia-v3-02664,fit,login_failure,1625510218028,11.0,True,0.0221219985367649,0.4678560793399811,0.020603367080911993,0.3821229338645935,0.0006278166733682156,0.1798609495162964
gaia-v3-02665,fit,login_failure,1625510373445,11.0,True,0.01889819148893063,0.8919477611780167,0.02223559757694602,0.3456871211528778,0.0010024954844266177,0.23064658045768738
gaia-v3-02900,fit,login_failure,1625510505729,11.0,True,0.014762058094921334,0.3999999761581421,0.02343721385113895,0.45815688371658325,0.0008338024374097586,0.3048166036605835
gaia-v3-02901,fit,login_failure,1625510782808,11.0,True,0.019113867026817388,0.4491087421774864,0.01726284036412835,0.3456871211528778,0.000564580075442791,0.137353777885437
gaia-v3-02902,fit,login_failure,1625510945232,11.0,True,0.01653090732623165,0.6173485219478607,0.024648053757846355,0.3456871211528778,0.0005875895172357559,0.19711917638778687
gaia-v3-02667,fit,login_failure,1625511465760,11.0,True,0.0155846724590693,0.41281092166900635,0.01821366189979017,0.45815688371658325,0.0010172706935554744,0.2782908082008362
gaia-v3-02668,fit,login_failure,1625511628476,11.0,True,0.017832121839666114,0.4628574661910534,0.030934243556112052,0.45815688371658325,0.0007435957342386245,0.17046833038330078
gaia-v3-02669,fit,login_failure,1625511819425,11.0,True,0.01898482037326327,0.5589809771627188,0.015166846755892038,0.3456871211528778,0.0006751889735460282,0.17046833038330078
gaia-v3-02670,fit,login_failure,1625512125835,11.0,True,0.013352614122436535,0.28214024007320404,0.01818195078521967,0.3909478485584259,0.0013839914835989476,0.2936464250087738
gaia-v3-02671,fit,login_failure,1625512258074,11.0,True,0.0429244633911973,0.7904286980628967,0.023722587106749415,0.3909478485584259,0.0006513164937496185,0.17488649487495422
gaia-v3-02672,fit,login_failure,1625512419248,11.0,True,0.029152969767517335,0.8447165489196777,0.021624755579978228,0.3456871211528778,0.0007915098126977682,0.1932407096028328
gaia-v3-02905,fit,login_failure,1625513115268,11.0,True,0.018314805298969835,0.5290931314229965,0.02410927931778133,0.7472217082977295,0.0006167316250503064,0.17843741178512573
gaia-v3-02906,fit,login_failure,1625513326581,11.0,True,0.024250281794076047,0.6491671800613403,0.027929473482072354,0.3456871211528778,0.000714297741651535,0.1802990436553955
gaia-v3-02676,fit,login_failure,1625513568391,11.0,True,0.028493820224444258,0.5639334619045258,0.019573209900408985,0.3456871211528778,0.0021195022575557234,0.526172436773777
gaia-v3-02908,fit,login_failure,1625513775392,11.0,True,0.024632087942781784,0.506902426481247,0.031328067369759086,0.6711877584457397,0.001139270793646574,0.5238621085882187
gaia-v3-02915,fit,login_failure,1625514310133,11.0,True,0.044083351693331,0.7456859946250916,0.02289158906787634,0.47131551802158356,0.001965343952178955,0.3212273567914963
gaia-v3-02682,fit,login_failure,1625514522161,11.0,True,0.020473284298121067,0.8134152740240097,0.02010091347619891,0.3456871211528778,0.0005141881946474314,0.13947251439094543
gaia-v3-02683,fit,login_failure,1625514717354,11.0,True,0.0249097311486139,0.7561052739620209,0.01821812205016613,0.3456871211528778,0.001559390164911747,0.5603612586855888
gaia-v3-02917,fit,login_failure,1625514824200,11.0,True,0.027076540804646734,0.8115407526493073,0.027184960804879664,0.5351069271564484,0.0008963044453412294,0.2232598215341568
gaia-v3-02920,fit,login_failure,1625515166148,11.0,True,0.01983557504526819,0.7862053774297237,0.02811620901338756,0.5064224600791931,0.0008467379957437515,0.2614706754684448
gaia-v3-02684,fit,login_failure,1625515358836,11.0,True,0.018933662660204693,0.40000002086162567,0.018991783261299133,0.47131551802158356,0.0008797845896333456,0.1595308780670166
gaia-v3-02685,fit,login_failure,1625515475749,11.0,True,0.02365470875345371,0.7131423875689507,0.02274265242740512,0.4201399087905884,0.00044896507635712625,0.1802990436553955
gaia-v3-02924,fit,login_failure,1625517419782,11.0,True,0.028234272065975573,0.7741498202085495,0.017527044285088778,0.3456871211528778,0.0007425158098340035,0.28622275590896606
gaia-v3-02925,fit,login_failure,1625517923351,11.0,True,0.016730935970588234,0.391461618244648,0.018965545250102876,0.3456871211528778,0.0004907949268817902,0.1277557909488678
gaia-v3-02697,fit,login_failure,1625519652544,11.0,True,0.019093519409113923,0.6129446113482118,0.01990657839924097,0.3456871211528778,0.0009386287629604339,0.28394126892089844
gaia-v3-02699,fit,login_failure,1625519874364,11.0,True,0.019316669293952298,0.7673790007829666,0.020708878803998233,0.3821229338645935,0.0005470132641494274,0.14311140775680542
gaia-v3-02930,fit,login_failure,1625520090605,11.0,True,0.02328829562345387,0.6249469481408596,0.03212207145988941,0.3456871211528778,0.0011924655828624963,0.42494961619377136
gaia-v3-02700,fit,login_failure,1625520871997,11.0,True,0.01948437409136581,0.48571430146694183,0.029472154565155506,0.3608487844467163,0.001192562971264124,0.35705071687698364
gaia-v3-02936,fit,login_failure,1625522471479,11.0,True,0.020251816783645418,0.48571430146694183,0.01866653598845005,0.3456871211528778,0.0005828145053237677,0.1866767406463623
gaia-v3-02937,fit,login_failure,1625522558865,11.0,True,0.019062061840944486,0.4277728572487831,0.018347051553428174,0.3456871211528778,0.0011815189477056265,0.3471386432647705
gaia-v3-02938,fit,login_failure,1625523012301,11.0,True,0.02197766531745439,0.4603746235370636,0.03327546501532197,0.436208575963974,0.001029725121334195,0.31527602672576904
gaia-v3-02939,fit,login_failure,1625523133741,11.0,True,0.0218923746132513,0.4536312222480774,0.020083704451099037,0.3456871211528778,0.0009788310062140227,0.24961793422698975
gaia-v3-02940,fit,login_failure,1625523409079,11.0,True,0.016235310797463855,0.5142305493354797,0.015319222118705511,0.3456871211528778,0.00048256219364702704,0.12979072332382202
gaia-v3-02709,fit,login_failure,1625524475915,11.0,True,0.024546105896985183,0.6480548679828644,0.03696170300245285,0.3456871211528778,0.0016772175207734109,0.41950665414333344
gaia-v3-02943,fit,login_failure,1625524694456,11.0,True,0.019495095632072433,0.6462172567844391,0.03258875687606633,0.5064224749803543,0.0007065194379538297,0.16498848795890808
gaia-v3-02944,fit,login_failure,1625524781164,11.0,True,0.02206813263539781,0.7562804594635963,0.02122596432454884,0.3456871211528778,0.000828957986086607,0.2011215090751648
gaia-v3-02711,fit,login_failure,1625525404960,11.0,True,0.020222536953421393,0.4199470281600952,0.03246386386454105,0.4201399087905884,0.0008883746713399887,0.3877619504928589
gaia-v3-02947,fit,login_failure,1625525965774,11.0,True,0.017911013099539255,0.5194609016180038,0.018243321031332017,0.5064224600791931,0.0009206541441380978,0.3296886086463928
gaia-v3-02714,fit,login_failure,1625526153265,11.0,True,0.02131180789321926,0.6295393854379654,0.02210395261645317,0.3909478485584259,0.0006512151286005974,0.24780824780464172
gaia-v3-02715,fit,login_failure,1625526412245,11.0,True,0.02587927549811487,0.6254830956459045,0.021308209374547006,0.3909478485584259,0.000985110690817237,0.2920342683792114
gaia-v3-02716,fit,login_failure,1625526582899,11.0,True,0.01827769833702367,0.48571430146694183,0.020064430218189953,0.42605479061603546,0.0011710989009588958,0.4893011152744293
gaia-v3-02948,fit,login_failure,1625526824194,11.0,True,0.01585882074282381,0.6519593391567469,0.016374200582504272,0.47131551802158356,0.0007046106085181236,0.1595308780670166
gaia-v3-02717,fit,login_failure,1625526969013,11.0,True,0.015740580098859407,0.33241140842437744,0.014833242120221257,0.4732699543237686,0.00037890241481363773,0.08115055412054062
gaia-v3-02949,fit,login_failure,1625527171444,11.0,True,0.020605288476747318,0.5571039319038391,0.036264514364302156,0.436208575963974,0.001074822386726737,0.28622275590896606
gaia-v3-02718,fit,login_failure,1625527672816,11.0,True,0.021630978624290264,0.6548615097999573,0.015144184324890375,0.42605479061603546,0.0005559923872351647,0.25877630710601807
gaia-v3-02950,fit,login_failure,1625527850028,11.0,True,0.023666395102293337,0.6389912888407707,0.016886889468878508,0.4218703508377075,0.00044366765767335893,0.17488649487495422
gaia-v3-02719,fit,login_failure,1625528059817,11.0,True,0.01748629771450586,0.3748529478907585,0.01958794314414263,0.3456871211528778,0.0008059797342866659,0.3234104514122009
gaia-v3-02720,fit,login_failure,1625528617150,11.0,True,0.020397078117408304,0.5381501577794552,0.020738423988223075,0.3821229338645935,0.0011975465156137944,0.24961793422698975
gaia-v3-02954,fit,login_failure,1625529034952,11.0,True,0.019962255098712,0.7961183339357376,0.017744194716215134,0.3456871211528778,0.000759003534913063,0.31332073360681534
gaia-v3-02727,fit,login_failure,1625530307052,11.0,True,0.0269159723642133,0.7711714208126068,0.030781276803463698,1.0,0.0009030107036232948,0.25877630710601807
gaia-v3-02955,fit,login_failure,1625530711140,11.0,True,0.02161805468050299,0.5232414603233337,0.023031495278701186,0.5781296491622925,0.0007316313125193119,0.2859805226325989
gaia-v3-02729,fit,login_failure,1625530941857,11.0,True,0.0196260848106931,0.4880084991455078,0.019498801976442336,0.3456871211528778,0.0009207113459706307,0.35705071687698364
gaia-v3-02957,fit,login_failure,1625531136559,11.0,True,0.01886252691922247,0.3502516448497772,0.02532378155738115,0.7472217082977295,0.0005961995478719473,0.1595308780670166
gaia-v3-02730,fit,login_failure,1625531346594,11.0,True,0.020065492355951165,0.5323239285498857,0.02486738869920373,0.3909478485584259,0.0007047446351498366,0.18327348679304123
gaia-v3-02731,fit,login_failure,1625531520287,11.0,True,0.023293654450268757,0.6025201193988323,0.028351873485371472,0.436208575963974,0.0007767178490757942,0.1595308780670166
gaia-v3-02733,fit,login_failure,1625531814979,11.0,True,0.02408640656419152,0.8232897445559502,0.015650260308757425,0.3456871211528778,0.0005031407903879881,0.1258906126022339
gaia-v3-02735,fit,login_failure,1625531991566,11.0,True,0.021714681221328646,0.6241021156311035,0.016876003751531244,0.3456871211528778,0.0007990128919482232,0.24961793422698975
gaia-v3-02959,fit,login_failure,1625532086789,11.0,True,0.01622515096363486,0.4000000059604645,0.018126345053315163,0.436208575963974,0.00032977784983813764,0.11240017414093018
gaia-v3-02736,fit,login_failure,1625532327050,11.0,True,0.017381873264158305,0.597955722361803,0.011775462934747339,0.4201399087905884,0.0002852084115147591,0.07875990867614746
gaia-v3-02960,fit,login_failure,1625532413653,11.0,True,0.02674835454348757,0.4399837255477905,0.027410930814221503,0.3909478485584259,0.0009638215694576502,0.28394126892089844
gaia-v3-02961,fit,login_failure,1625532761347,11.0,True,0.026619185329650463,0.7882168143987656,0.029942808067426087,0.45815688371658325,0.0011454476416110993,0.3402305841445923
gaia-v3-02737,fit,login_failure,1625533123710,11.0,True,0.019726185282881184,0.7718701660633087,0.02089002663269639,0.3821229338645935,0.0006313676200807094,0.1426793560385704
gaia-v3-02962,fit,login_failure,1625533447286,11.0,True,0.024216666897130305,0.7960023134946823,0.03353132549673319,0.5059726536273956,0.0014323653280735016,0.26543664932250977
gaia-v3-02963,fit,login_failure,1625533614282,11.0,True,0.020347866817180222,0.4981900751590729,0.02771893497556448,0.3821229338645935,0.0006617058627307415,0.18032211065292358
gaia-v3-02739,fit,login_failure,1625534611098,11.0,True,0.020247926467468837,0.4601092040538788,0.025317900674417616,0.3456871211528778,0.0007919838465750218,0.19711917638778687
gaia-v3-02966,fit,login_failure,1625535483528,11.0,True,0.027489468332443798,0.7277660481631756,0.018066161684691905,0.3456871211528778,0.0005287410505115986,0.12053364515304565
gaia-v3-02740,fit,login_failure,1625535700521,11.0,True,0.019598486474006905,0.5020265094935894,0.016196618089452386,0.3456871211528778,0.0009105471335351467,0.3368168771266937
gaia-v3-02741,fit,login_failure,1625535802218,11.0,True,0.01934663844284804,0.5082428473979235,0.022004407225176693,0.3456871211528778,0.0010716811660677194,0.2677316665649414
gaia-v3-02967,fit,login_failure,1625535931771,11.0,True,0.013205020922941912,0.3582184612751007,0.01616332707926631,0.436208575963974,0.0005210122466087341,0.10729676485061646
gaia-v3-02968,fit,login_failure,1625536411827,11.0,True,0.019669407185962957,0.5749436467885971,0.028528444468975067,0.3456871211528778,0.0012126867473125458,0.2936464250087738
gaia-v3-02742,fit,login_failure,1625536675480,11.0,True,0.01900855376470645,0.6092613860964775,0.020729968277737498,0.3909478485584259,0.0008808346930891276,0.3402305841445923
gaia-v3-02970,fit,login_failure,1625537247425,11.0,True,0.02475186288826497,0.6985388249158859,0.020789287658408283,0.3821229338645935,0.0006199353188276291,0.16498848795890808
gaia-v3-02752,fit,login_failure,1625539240964,11.0,True,0.03140727281802735,0.7810110002756119,0.028099082875996828,0.47131551802158356,0.0008809849247336388,0.14311134815216064
gaia-v3-02974,fit,login_failure,1625539376776,11.0,True,0.021398806562802974,0.44249241054058075,0.017634655628353358,0.3456871211528778,0.0007619167491793633,0.2339642122387886
gaia-v3-02753,fit,login_failure,1625539572938,11.0,True,0.022185341098035376,0.47509586811065674,0.026536644715815783,0.3456871211528778,0.0016365460213273763,0.3877619206905365
gaia-v3-02755,fit,login_failure,1625540145763,11.0,True,0.021764272819693058,0.6997794061899185,0.02456851932220161,0.47131551802158356,0.000610498171299696,0.1460171341896057
gaia-v3-02976,fit,login_failure,1625540366204,11.0,True,0.015339358780272505,0.4472533166408539,0.020215465780347587,0.5064224600791931,0.0007073438540101052,0.17136293649673462
gaia-v3-02979,fit,login_failure,1625541624121,11.0,True,0.018165764639464517,0.4235103726387024,0.02029238441027701,0.3456871211528778,0.0004483724571764469,0.12646029144525528
gaia-v3-02758,fit,login_failure,1625541743568,11.0,True,0.023588980790240535,0.7836795672774315,0.02519125253893435,0.5064224600791931,0.0009279086720198393,0.24465054273605347
gaia-v3-02980,fit,login_failure,1625541913073,11.0,True,0.021060740078481407,0.6531589329242706,0.03214452592656016,0.3456871211528778,0.0007031424250453711,0.29960864782333374
gaia-v3-02759,fit,login_failure,1625542221357,11.0,True,0.01893187027753811,0.40405163913965225,0.021741902641952037,0.3456871211528778,0.0004448859579861164,0.1258906126022339
gaia-v3-02760,fit,login_failure,1625542414785,11.0,True,0.025983568400569843,0.6979166567325592,0.014931657537817954,0.47131551802158356,0.0006047841347754002,0.1802990436553955
gaia-v3-02761,fit,login_failure,1625542522948,11.0,True,0.029511910160997936,0.6145833283662796,0.026012286311015487,0.47131551802158356,0.0007578093279153108,0.3372535705566406
gaia-v3-02981,fit,login_failure,1625543899009,11.0,True,0.018495348865722388,0.45665306225419044,0.016323345107957722,0.37361085414886475,0.0006569190695881843,0.2010851502418518
gaia-v3-02983,fit,login_failure,1625544230928,11.0,True,0.02349829610200042,0.5475576370954514,0.030117964930832387,0.3456871211528778,0.0012466938793659211,0.2677777409553528
gaia-v3-02768,fit,login_failure,1625545109867,11.0,True,0.019531282304899377,0.4346872791647911,0.02129832310602069,0.45815688371658325,0.00048296754248440267,0.16274069994688034
gaia-v3-02985,fit,login_failure,1625545480301,11.0,True,0.02020383216507374,0.653964027762413,0.014864883059635759,0.3724171444773674,0.0005177876632660628,0.1802990436553955
gaia-v3-02770,fit,login_failure,1625545613974,11.0,True,0.01985566444842751,0.7463216036558151,0.026011302787810563,0.5064224600791931,0.0007048094924539328,0.22386443614959717
gaia-v3-02771,fit,login_failure,1625545877946,11.0,True,0.01720381803306547,0.4000000059604645,0.027068927744403483,0.436208575963974,0.0009573489055037499,0.24465054273605347
gaia-v3-02986,fit,login_failure,1625545956116,11.0,True,0.016240138072386875,0.4595341105014086,0.027996279066428542,0.6246587038040161,0.0008000951446592808,0.2167888879776001
gaia-v3-02773,fit,login_failure,1625546259312,11.0,True,0.018349846741441904,0.49225324764847755,0.022807150334119796,0.3909478485584259,0.0005926250666379928,0.18448448181152344
gaia-v3-02989,fit,login_failure,1625546482925,11.0,True,0.026310952552728396,0.5580086708068848,0.029879180435091256,0.5781296491622925,0.0010943418182432652,0.3090020418167114
gaia-v3-02774,fit,login_failure,1625546687606,11.0,True,0.01918677621690866,0.8846971560269594,0.022119181323796512,0.6333045065402985,0.000540859131142497,0.11093565821647644
gaia-v3-02990,fit,login_failure,1625546868836,11.0,True,0.02083528296992275,0.6790740787982941,0.029419771395623684,0.7092047333717346,0.00048133033327758313,0.16277003288269043
gaia-v3-02775,fit,login_failure,1625546944512,11.0,True,0.017133743577987085,0.49575766921043396,0.02289392128586769,0.5064224600791931,0.0005138067621737719,0.1802990436553955
gaia-v3-02776,fit,login_failure,1625547064949,11.0,True,0.01897697762231587,0.5980198606848717,0.0295035308226943,0.7092047333717346,0.0006239033862948418,0.19711917638778687
gaia-v3-02777,fit,login_failure,1625547270377,11.0,True,0.015582826385476286,0.5509131923317909,0.02064210274256766,0.3456871211528778,0.0007241392508149147,0.3110056221485138
gaia-v3-02991,fit,login_failure,1625547760621,11.0,True,0.018414538601240336,0.7193221300840378,0.02711058799177408,0.3456871211528778,0.0007211318705230951,0.24780824780464172
gaia-v3-02992,fit,login_failure,1625547835081,11.0,True,0.02470543387368783,0.7864092215895653,0.0181286808103323,0.3821229338645935,0.0007177974004298448,0.137353777885437
gaia-v3-02784,fit,login_failure,1625548617879,11.0,True,0.014874546665858664,0.39210812002420425,0.020662125572562216,0.41613391041755676,0.0005648110061883926,0.12007597088813782
gaia-v3-02996,fit,login_failure,1625548809568,11.0,True,0.0185720446117917,0.4799402058124542,0.03233741745352745,0.6711877584457397,0.0009066640958189965,0.32997697591781616
gaia-v3-02997,fit,login_failure,1625548900156,11.0,True,0.023599149900604743,0.7272558435797691,0.02507508178241551,0.436208575963974,0.000762877045199275,0.24961793422698975
gaia-v3-03005,fit,login_failure,1625550729596,11.0,True,0.028153038279231168,0.7806404232978821,0.023771891044452785,0.47131551802158356,0.0006077501829713583,0.16277003288269043
gaia-v3-03006,fit,login_failure,1625550967109,11.0,True,0.023731099462719386,0.4185177981853485,0.02705703042447567,0.6246587038040161,0.000601937435567379,0.19711917638778687
gaia-v3-02789,fit,login_failure,1625551086646,11.0,True,0.015550712608974967,0.7485042959451675,0.016928223613649606,0.3456871211528778,0.00036528730764985085,0.07226604223251343
gaia-v3-03007,fit,login_failure,1625551175689,11.0,True,0.018220326869648792,0.40596819669008255,0.02613398004323244,0.5637913942337036,0.0010974044911563397,0.3110056221485138
gaia-v3-02790,fit,login_failure,1625551391151,11.0,True,0.017774875840912804,0.5249810367822647,0.0209319029469043,0.34905119240283966,0.0007468913681805134,0.1802990436553955
gaia-v3-03013,fit,login_failure,1625552302736,11.0,True,0.02381639350682576,0.39382249116897583,0.017935099825263024,0.5781296491622925,0.0006124836299568415,0.1530948281288147
gaia-v3-02614,fit,memory_anomalies,1625553555715,600.0,True,0.04235954967797397,0.8177083507180214,0.03796886913478374,0.5351069271564484,0.0014323973096907138,0.3226243555545807
gaia-v3-02804,fit,login_failure,1625556506014,11.0,True,0.02060092750465022,0.30382294580340385,0.02267661686055362,0.3456871211528778,0.0015136320237070322,0.7003080025315285
gaia-v3-02805,fit,login_failure,1625556978590,11.0,True,0.023190791378510767,0.633731946349144,0.029298844933509826,0.3456871211528778,0.0025906510185450316,0.7547377347946167
gaia-v3-03018,fit,login_failure,1625557412629,11.0,True,0.020020804050849012,0.6000000089406967,0.02072690618224442,0.5637913942337036,0.0016943874303251504,0.504850372672081
gaia-v3-03019,fit,login_failure,1625557524539,11.0,True,0.01698552324717942,0.35117314010858536,0.0233535829000175,0.4999999850988388,0.0019543722830712793,0.5622457265853882
gaia-v3-03022,fit,login_failure,1625559531209,11.0,True,0.017657937495581186,0.40000002086162567,0.014773298427462578,0.47131551802158356,0.0011224316339939833,0.2711091637611389
gaia-v3-02814,fit,login_failure,1625560259458,11.0,True,0.014650862757237822,0.40000002086162567,0.019548327149823307,0.3909478485584259,0.0007950395718216896,0.23989266157150269
gaia-v3-02819,fit,login_failure,1625561684938,11.0,True,0.017135933874063387,0.43866854906082153,0.01788675654679537,0.3456871211528778,0.00114799945615232,0.41524915397167206
gaia-v3-03031,fit,login_failure,1625561980782,11.0,True,0.022421734434465178,0.4969414472579956,0.026247118692845108,0.4090375602245331,0.0013685085903853177,0.3226243555545807
gaia-v3-03032,fit,login_failure,1625562265923,11.0,True,0.015828739363738957,0.4000000059604645,0.013734617456793784,0.3456871211528778,0.0005226487573236227,0.14311134815216064
gaia-v3-02820,fit,login_failure,1625562686631,11.0,True,0.018897771972600216,0.4000000059604645,0.017928432300686838,0.3821229338645935,0.0012955996301025152,0.46601879596710205
gaia-v3-03033,fit,login_failure,1625562828168,11.0,True,0.017165529690585875,0.38817743957042694,0.029386304412037136,0.3456871211528778,0.000979852955788374,0.3669758141040802
gaia-v3-03034,fit,login_failure,1625562913152,11.0,True,0.01374251660132965,0.22004035115242004,0.02203639536164701,0.5181432813405991,0.0010516920872032643,0.24961793422698975
gaia-v3-03035,fit,login_failure,1625563067424,11.0,True,0.018658381774730514,0.4918198976665735,0.026839016051962972,0.45815691351890564,0.0011813868954777718,0.24961793422698975
gaia-v3-02822,fit,login_failure,1625563513170,11.0,True,0.02274223865097156,0.5439179018139839,0.02029088237322867,0.3909478485584259,0.0008461776562035083,0.21744632720947266
gaia-v3-02825,fit,login_failure,1625564020286,11.0,True,0.01898610070415998,0.37375021912157536,0.021899901423603298,0.3821229338645935,0.0015053114574402572,0.30392885208129883
gaia-v3-03040,fit,login_failure,1625564411856,11.0,True,0.02125016680765839,0.47639472782611847,0.017611420433968305,0.3456871211528778,0.0012635210063308478,0.3256446123123169
gaia-v3-03041,fit,login_failure,1625564553601,11.0,True,0.019305279609155453,0.4560310021042824,0.020317704090848564,0.3456871211528778,0.0010310155246406794,0.24770185351371765
gaia-v3-03043,fit,login_failure,1625564901097,11.0,True,0.017349000891287384,0.2191027756780386,0.01753944540396333,0.3533506691455841,0.0010371576994657517,0.42107489705085754
gaia-v3-02826,fit,login_failure,1625564992748,11.0,True,0.014527442574277908,0.30455484020058066,0.01805706722661853,0.37361083924770355,0.0010611018631607294,0.4047796279191971
gaia-v3-02827,fit,login_failure,1625565209789,11.0,True,0.021721119436066753,0.8347218381240964,0.019594843732193112,0.3456871211528778,0.0017969626560807228,0.519683837890625
gaia-v3-03044,fit,login_failure,1625565337863,11.0,True,0.01688160367678696,0.4410651624202728,0.023070415062829853,0.48185671865940094,0.0006219339091330766,0.16139653325080872
gaia-v3-02831,fit,login_failure,1625567499450,11.0,True,0.014733600404845977,0.4000000059604645,0.02502139862626791,0.3456871211528778,0.0013387668691575527,0.5436521619558334
gaia-v3-02832,fit,login_failure,1625567592639,11.0,True,0.01953648513748097,0.22022458165884018,0.02307006996124983,0.6122961640357971,0.0015102588571608067,0.43804021179676056
gaia-v3-03050,fit,login_failure,1625567769032,11.0,True,0.01581534323777305,0.4974627159535885,0.028177375439554453,0.5637913942337036,0.0014873935561627149,0.3622572273015976
gaia-v3-02833,fit,login_failure,1625568408949,11.0,True,0.020355733000724286,0.462371401488781,0.018046079948544503,0.436208575963974,0.001025008037686348,0.3669758141040802
gaia-v3-02834,fit,login_failure,1625568628389,11.0,True,0.019619614236823204,0.4000000059604645,0.03308967845514417,0.5023630261421204,0.0015323428343981505,0.4137168526649475
gaia-v3-03051,fit,login_failure,1625568993088,11.0,True,0.018002493805640066,0.47391192615032196,0.015554093150421977,0.3456871211528778,0.0009462485555559397,0.23020604252815247
gaia-v3-02835,fit,login_failure,1625569085637,11.0,True,0.01601692143788872,0.4107222128659487,0.027296167472377418,0.3456871211528778,0.001300904517993331,0.45799490809440613
gaia-v3-03052,fit,login_failure,1625569322229,11.0,True,0.017945046807290053,0.4000000059604645,0.031147871818393468,0.3456871211528778,0.0012935866694897414,0.3532187342643738
gaia-v3-02836,fit,login_failure,1625569599375,11.0,True,0.0160890451874972,0.4000000059604645,0.024928746139630677,0.3456871211528778,0.001290996139869094,0.45114821195602417
gaia-v3-03053,fit,login_failure,1625570059572,11.0,True,0.02326802746829344,0.41656339168548584,0.027792696747928856,0.4732699543237686,0.001394521975889802,0.3532187342643738
gaia-v3-03054,fit,login_failure,1625570308276,11.0,True,0.022640854417841184,0.39689429104328156,0.024495399417355658,0.3456871211528778,0.0011901105288416147,0.3669758141040802
gaia-v3-02837,fit,login_failure,1625570768414,11.0,True,0.01879996190896236,0.5062434859573841,0.018453350104391576,0.3456871211528778,0.0015093122515827417,0.3787817358970642
gaia-v3-02838,fit,login_failure,1625570853063,11.0,True,0.013545014796060665,0.2670338451862335,0.022702640015631916,0.3456871211528778,0.0012677223794162274,0.39979836344718933
gaia-v3-02839,fit,login_failure,1625571135386,11.0,True,0.01797643763323625,0.4038372114300728,0.024939149664714933,0.5181432813405991,0.0019825143832713364,0.7339516282081604
gaia-v3-02841,fit,login_failure,1625571691479,11.0,True,0.017221304363920352,0.30000001192092896,0.0214470608625561,0.6711877584457397,0.0012938047107309103,0.3317493796348572
gaia-v3-03056,fit,login_failure,1625572318693,11.0,True,0.018652617495778637,0.3867092137224972,0.022952634701505305,0.3941918760538101,0.0015360561199486255,0.3089057579636574
gaia-v3-02843,fit,login_failure,1625573723579,11.0,True,0.017678662039300738,0.41110414266586304,0.01935050543397665,0.5181432813405991,0.0016099350992590188,0.4763168394565582
gaia-v3-02844,fit,login_failure,1625573876068,11.0,True,0.018486082561624546,0.4000000059604645,0.04055938650853932,0.5781296491622925,0.0010425565484911204,0.29923340678215027
gaia-v3-02845,fit,login_failure,1625574048306,11.0,True,0.015555910488061878,0.35313794389367104,0.023744759894907475,0.436208575963974,0.000940589914098382,0.2773745059967041
gaia-v3-03058,fit,login_failure,1625574217168,11.0,True,0.015358633715489607,0.4347139373421669,0.019727001199498773,0.3456871211528778,0.001132002817466855,0.2784430980682373
gaia-v3-03059,fit,login_failure,1625574571032,11.0,True,0.019756053307355616,0.7192118316888809,0.018617198709398507,0.3909478485584259,0.0012092317175120115,0.5484025776386261
gaia-v3-02846,fit,login_failure,1625574680052,11.0,True,0.01836812555823902,0.2652173936367035,0.018053893465548754,0.3456871211528778,0.0009419610630720854,0.22108519077301025
gaia-v3-03060,fit,login_failure,1625574765289,11.0,True,0.018010450023939483,0.4000000059604645,0.018945038272067904,0.5181432813405991,0.0009920999314635992,0.24184196442365646
gaia-v3-03061,fit,login_failure,1625574841828,11.0,True,0.01817734813860928,0.7094528265297413,0.02614153306931257,0.6711877584457397,0.0008839811943471431,0.18475499749183655
gaia-v3-03062,fit,login_failure,1625575104408,11.0,True,0.020600376385846175,0.4115420877933502,0.02108125202357769,0.45815691351890564,0.0012225754931569099,0.2976258248090744
gaia-v3-03064,fit,login_failure,1625575510960,11.0,True,0.021786227875175732,0.44895463436841965,0.022563609946519136,0.3456871211528778,0.0016869194991886616,0.5365926176309586
gaia-v3-03065,fit,login_failure,1625575647133,11.0,True,0.012416790831290806,0.39803874492645264,0.015983105963096024,0.5181432813405991,0.00102589407004416,0.3021807074546814
gaia-v3-02848,fit,login_failure,1625576162191,11.0,True,0.019013807247392833,0.7510160021483898,0.027096411073580386,0.5781296491622925,0.00106548972427845,0.24465054273605347
gaia-v3-02849,fit,login_failure,1625577058624,11.0,True,0.02111953297474732,0.2669975012540817,0.029533753357827663,0.3941918760538101,0.0009718749579042197,0.20441371202468872
gaia-v3-02850,fit,login_failure,1625577596296,11.0,True,0.023562503977639912,0.358485147356987,0.025836407020688058,0.5781296491622925,0.001918090684339404,0.7912701368331909
gaia-v3-02851,fit,login_failure,1625577692543,11.0,True,0.015335620714176912,0.6598696932196617,0.01947484528645873,0.3941918760538101,0.0012066664267331361,0.38499683886766434
gaia-v3-02853,fit,login_failure,1625578224330,11.0,True,0.017943849152652548,0.4013735642656684,0.019733883533626796,0.4362085610628128,0.001404792470857501,0.35535094141960144
gaia-v3-02854,fit,login_failure,1625578428898,11.0,True,0.019161808366819362,0.35202623903751373,0.018496407987549902,0.3909478485584259,0.0009458567015826702,0.23795218765735626
gaia-v3-02856,fit,login_failure,1625579239721,11.0,True,0.024306099376311372,0.41731998324394226,0.02288416917435825,0.4160291850566864,0.000987270697951317,0.4850963056087494
gaia-v3-03068,fit,login_failure,1625579712952,11.0,True,0.0141602278794835,0.20413062307488872,0.017405711580067873,0.3456871211528778,0.0009145123790949583,0.25029847025871277
gaia-v3-03070,fit,login_failure,1625580033823,11.0,True,0.058330598670969874,0.6538945734500885,0.021319683454930783,0.6711877584457397,0.001093756975606084,0.3756840229034424
gaia-v3-03071,fit,login_failure,1625580988709,11.0,True,0.022452078294130238,0.4160379758104682,0.02151126046665013,0.3456871211528778,0.0009579969663172961,0.21925127506256104
gaia-v3-03073,fit,login_failure,1625581556613,11.0,True,0.022090295315744395,0.3098767399787903,0.020487033668905495,0.3456871211528778,0.001351419361308217,0.5275091379880905
gaia-v3-03074,fit,login_failure,1625581773265,11.0,True,0.01939562887928332,0.6130348891019821,0.01949305864982307,0.4201399087905884,0.0008837376907467842,0.2595241069793701
gaia-v3-02859,fit,login_failure,1625581871563,11.0,True,0.016369113672772072,0.4000000059604645,0.0224227927159518,0.6246587038040161,0.0013775859773159026,0.3461897075176239
gaia-v3-03075,fit,login_failure,1625581960645,11.0,True,0.01734733249298491,0.6000000238418579,0.02124877371825278,0.3456871211528778,0.0007199424691498279,0.24569785594940186
gaia-v3-03079,fit,login_failure,1625582687657,11.0,True,0.02112364111065593,0.3644492030143738,0.037790149403736,0.4522828459739685,0.0016256786230951547,0.4460690915584564
gaia-v3-02862,fit,login_failure,1625582981927,11.0,True,0.024501124439605823,0.4356238394975662,0.023229028889909388,0.3456871211528778,0.0014095422718673944,0.24961793422698975
gaia-v3-02863,fit,login_failure,1625583206236,11.0,True,0.017530340795444015,0.4028385654091835,0.014636715920642019,0.3456871211528778,0.0008677167911082507,0.24961793422698975
gaia-v3-02866,fit,login_failure,1625584574428,11.0,True,0.02233410224580439,0.4645458906888962,0.034623649809509514,0.5781296491622925,0.0008116081636399031,0.22822317481040955
gaia-v3-02868,fit,login_failure,1625585889793,11.0,True,0.019435383264014186,0.49752214923501015,0.026094750594347717,0.3456871211528778,0.0010264483466744423,0.35167935490608215
gaia-v3-03087,fit,login_failure,1625586088368,11.0,True,0.020343960237975505,0.3883891589939594,0.018045963393524288,0.3456871211528778,0.000967207932844758,0.24320322275161743
gaia-v3-03088,fit,login_failure,1625586226200,11.0,True,0.015863751666014045,0.2950775921344757,0.020079692732542752,0.4426310583949089,0.0011674194876104592,0.28622275590896606
gaia-v3-03089,fit,login_failure,1625586805000,11.0,True,0.01770451276388485,0.5256858915090561,0.022839399985969067,0.436208575963974,0.0011804580595344305,0.29007989168167114
gaia-v3-03324,fit,login_failure,1625587550076,11.0,True,0.018786706089607228,0.3546016812324524,0.020382202975451947,0.3456871211528778,0.0009191065281629562,0.28622275590896606
gaia-v3-03130,fit,login_failure,1625587872463,11.0,True,0.022297201003190516,0.4965313784778118,0.027503679459914564,0.3821229338645935,0.0016491692885756493,0.28622275590896606
gaia-v3-03133,fit,login_failure,1625588809617,11.0,True,0.027476436439489285,0.5782294571399689,0.026023927284404634,0.5781296491622925,0.0009586848318576813,0.22605669498443604
gaia-v3-03328,fit,login_failure,1625589814912,11.0,True,0.015608446755262169,0.4733110424131155,0.017188052460551263,0.3456871211528778,0.0010114417783915997,0.19751983880996704
gaia-v3-03135,fit,login_failure,1625589934176,11.0,True,0.016603627377602,0.39541061222553253,0.01641990225762129,0.3456871211528778,0.0008118953369557857,0.4219798743724823
gaia-v3-03139,fit,login_failure,1625591198553,11.0,True,0.01773357106212643,0.34035908803343773,0.015474492171779274,0.3456871211528778,0.0010315393563359975,0.20153027772903442
gaia-v3-03330,fit,login_failure,1625591309521,11.0,True,0.015057096499125086,0.31424640491604805,0.0256924522574991,0.4362085610628128,0.0007514014933258295,0.19314774870872498
gaia-v3-03334,fit,login_failure,1625592074843,11.0,True,0.03295532934401611,0.7691616714000702,0.021704132901504636,0.3456871211528778,0.001144312433898449,0.2529912292957306
gaia-v3-03335,fit,login_failure,1625592421296,11.0,True,0.02364039268104534,0.40517131984233856,0.02113394849002361,0.3456871211528778,0.0013035036716610192,0.3840639889240265
gaia-v3-03142,fit,login_failure,1625593155340,11.0,True,0.02054554968490265,0.6522900313138962,0.03267618860118091,0.45815688371658325,0.0009149077162146569,0.2990590035915375
gaia-v3-03337,fit,login_failure,1625594366417,11.0,True,0.014389911034959369,0.4414775697514415,0.01364766238257289,0.3456871211528778,0.0011408909875899554,0.22789345681667328
gaia-v3-03144,fit,login_failure,1625594521134,11.0,True,0.023857799664256163,0.7927336245775223,0.022833667462691665,0.3456871211528778,0.0007928056828677654,0.2074628472328186
gaia-v3-03338,fit,login_failure,1625594613445,11.0,True,0.019943922080589496,0.5828312337398529,0.029740502452477814,0.3456871211528778,0.0014165842439979315,0.3461897075176239
gaia-v3-03147,fit,login_failure,1625595001110,11.0,True,0.02015701668327286,0.5705991685390472,0.029675559559836983,0.3456871211528778,0.0016376062855124475,0.5308732986450195
gaia-v3-03148,fit,login_failure,1625595176503,11.0,True,0.019830583911728657,0.5449341237545013,0.019886431004852056,0.3456871211528778,0.001125185415148735,0.3669758141040802
gaia-v3-03149,fit,login_failure,1625595343143,11.0,True,0.01807986085404991,0.4131604712456465,0.020356201753020286,0.3456871211528778,0.0008519784547388554,0.3811049163341522
gaia-v3-03150,fit,login_failure,1625595800077,11.0,True,0.018075176493342344,0.3533162623643875,0.016399727715179325,0.3456871211528778,0.0007963427249342203,0.20857571065425873
gaia-v3-03151,fit,login_failure,1625596022122,11.0,True,0.016146874356248495,0.37186578288674355,0.022006747778505087,0.3456871211528778,0.0008231359161436557,0.22557410597801208
gaia-v3-03339,fit,login_failure,1625596395108,11.0,True,0.01681163280227338,0.5445439293980598,0.019968201452866197,0.5781296491622925,0.0006820941809564829,0.165890634059906
gaia-v3-03152,fit,login_failure,1625596793258,11.0,True,0.020475149526343255,0.570228323340416,0.024991858610883357,0.3456871211528778,0.0012594714760780334,0.36364467442035675
gaia-v3-03343,fit,login_failure,1625597632653,11.0,True,0.018892571006896713,0.3095504567027092,0.01901141214184463,0.3456871211528778,0.002651744969189167,0.7426569014787674
gaia-v3-03153,fit,login_failure,1625597754856,11.0,True,0.013869995446778678,0.32690244913101196,0.01704160077497363,0.45815688371658325,0.000799263110384345,0.260133758187294
gaia-v3-03154,fit,login_failure,1625597859898,11.0,True,0.01584621184701973,0.3405724763870239,0.01878560264594853,0.3456871211528778,0.0009194106608629227,0.24465054273605347
gaia-v3-03344,fit,login_failure,1625598132630,11.0,True,0.018367354027092612,0.39067402482032776,0.020487055554986,0.3456871211528778,0.0013039863109588622,0.4174755662679672
gaia-v3-03345,fit,login_failure,1625598791141,11.0,True,0.026329414319479837,0.752276174724102,0.023023446323350072,0.6246587038040161,0.0020031752809882165,0.7248099744319916
gaia-v3-03155,fit,login_failure,1625599343949,11.0,True,0.020865751382370946,0.4000000059604645,0.018436390021815897,0.3456871211528778,0.0013221726194024086,0.4679924249649048
gaia-v3-03346,fit,login_failure,1625599568416,11.0,True,0.019860752514311266,0.45263317227363586,0.02540425262413919,0.3456871211528778,0.00147460101172328,0.40688636898994446
gaia-v3-03347,fit,login_failure,1625599724380,11.0,True,0.02181894467503298,0.40000002086162567,0.026451127091422676,0.5781296491622925,0.0011966425646096467,0.3149281144142151
gaia-v3-03156,fit,login_failure,1625600045244,11.0,True,0.02162989664041864,0.6401432454586029,0.02326395190320909,0.3456871211528778,0.001928471215069294,0.5910494923591614
gaia-v3-03157,fit,login_failure,1625600141061,11.0,True,0.023956523884044144,0.38816777616739273,0.0290613972581923,0.3456871211528778,0.001613374687731266,0.35038813948631287
gaia-v3-03357,fit,login_failure,1625602690336,11.0,True,0.028671888130096097,0.4000000059604645,0.02079917974770069,0.3821229338645935,0.0014096231479197741,0.5219753980636597
gaia-v3-03165,fit,login_failure,1625602856778,11.0,True,0.017048180320610604,0.30000001192092896,0.01780575350858271,0.3456871211528778,0.0016949847433716059,0.4518365263938904
gaia-v3-03358,fit,login_failure,1625603081645,11.0,True,0.019480322917418864,0.30000000447034836,0.025065174465999006,0.3456871211528778,0.001713181445375085,0.4421703815460205
gaia-v3-03362,fit,login_failure,1625603549235,11.0,True,0.016814868534371877,0.49897293001413345,0.02020872267894447,0.3456871211528778,0.0011394912004470826,0.42023807764053345
gaia-v3-03170,fit,login_failure,1625604766103,11.0,True,0.02021957726671341,0.6434399411082268,0.02669827276840806,0.3456871211528778,0.0010726508405059577,0.21983283758163452
gaia-v3-03178,fit,login_failure,1625607387148,11.0,True,0.016408807862899267,0.27963149547576904,0.01969928075559437,0.3456871211528778,0.0013735847268253566,0.7475943639874458
gaia-v3-03179,fit,login_failure,1625608058848,11.0,True,0.01856357008922108,0.42082226276397705,0.0258750154171139,0.5781296491622925,0.0008697659522294998,0.1949983537197113
gaia-v3-03183,fit,login_failure,1625609332145,11.0,True,0.01556666496374722,0.33037930727005005,0.017412386694923045,0.6711877584457397,0.0012076499592512846,0.3220643401145935
gaia-v3-03184,fit,login_failure,1625609989058,11.0,True,0.01755677951963056,0.2512825056910515,0.017310070479288696,0.3456871211528778,0.0011351918522268533,0.2445901557803154
gaia-v3-03185,fit,login_failure,1625610353840,11.0,True,0.023832538444457894,0.3566467612981796,0.025512946397066118,0.5181432813405991,0.0007081249170005321,0.24465054273605347
gaia-v3-03186,fit,login_failure,1625610466916,11.0,True,0.02067683091930424,0.6581111028790474,0.01902808337472379,0.3456871211528778,0.0012179693393409253,0.3689377009868622
gaia-v3-03187,fit,login_failure,1625610790108,11.0,True,0.01430831133426788,0.3899112194776535,0.025745186395943163,0.3456871211528778,0.001102159358561039,0.24465054273605347
gaia-v3-03375,fit,login_failure,1625610881525,11.0,True,0.015026068270769126,0.3939742147922516,0.022464961698278784,0.3456871211528778,0.0009229223057627678,0.2779986262321472
gaia-v3-03376,fit,login_failure,1625611026976,11.0,True,0.017045132708153686,0.4000748470425606,0.023418197780847548,0.3456871211528778,0.0009510122798383236,0.2773745059967041
gaia-v3-03377,fit,login_failure,1625611359457,11.0,True,0.020697078160204305,0.42023736611008644,0.01759174303151667,0.3456871211528778,0.001183424573391676,0.42693281173706055
gaia-v3-03188,fit,login_failure,1625611858025,11.0,True,0.015703191743644613,0.4746764004230499,0.020073895202949645,0.436208575963974,0.0008288617432117462,0.26543664932250977
gaia-v3-03380,fit,login_failure,1625612145465,11.0,True,0.017139574267669863,0.47767147794365883,0.02284744968637824,0.5781296491622925,0.001272850725799799,0.3982006311416626
gaia-v3-03381,fit,login_failure,1625612460632,11.0,True,0.018184608679924472,0.39321460388600826,0.02223407747223973,0.3456871211528778,0.0009092634078115225,0.4590430408716202
gaia-v3-03191,fit,login_failure,1625612641765,11.0,True,0.017461042941188984,0.4700641930103302,0.01814372423104942,0.3456871211528778,0.0014391331933438778,0.5332333445549011
gaia-v3-03382,fit,login_failure,1625613750185,11.0,True,0.023249693712568843,0.5076814293861389,0.040046570263803004,0.3938048183917999,0.0018034059554338454,0.3669758141040802
gaia-v3-03383,fit,login_failure,1625613828828,11.0,True,0.027822837238636565,0.6775719299912453,0.019334696233272552,0.3456871211528778,0.001489110291004181,0.41781359910964966
gaia-v3-03195,fit,login_failure,1625613929331,11.0,True,0.017509985487868106,0.3142901863902807,0.021657104091718792,0.3456871211528778,0.0017197296116501094,0.5192273259162903
gaia-v3-03386,fit,login_failure,1625614467056,11.0,True,0.019875840708846227,0.550677727907896,0.0294480889569968,0.6246587038040161,0.0014854098204523324,0.33982594311237335
gaia-v3-03387,fit,login_failure,1625614566208,11.0,True,0.01974250953644514,0.34192363917827606,0.025525710824877024,0.3456871211528778,0.0011008157767355442,0.3877619206905365
gaia-v3-03388,fit,login_failure,1625615381324,11.0,True,0.025132020235954164,0.5322026312351227,0.02239398271776736,0.3456871211528778,0.001752907270565629,0.5139381736516953
gaia-v3-03197,fit,login_failure,1625616533356,11.0,True,0.020225975093004913,0.27870973944664,0.02092278664931655,0.3821229338645935,0.0007813315466046333,0.2074628472328186
gaia-v3-03389,fit,login_failure,1625616648267,11.0,True,0.0182681336281045,0.4000000059604645,0.023146065371111035,0.3456871211528778,0.0013618144765496253,0.2727654129266739
gaia-v3-03390,fit,login_failure,1625617476232,11.0,True,0.024050885470205684,0.7181786298751831,0.02262003500945866,0.3821229338645935,0.0017852776683866978,0.5490755438804626
gaia-v3-03199,fit,login_failure,1625618166700,11.0,True,0.011155161841512988,0.4000000059604645,0.017468688497319817,0.3456871211528778,0.0008336184732615948,0.2779781222343445
gaia-v3-03200,fit,login_failure,1625618318274,11.0,True,0.020434345595761745,0.4687336767092347,0.026056258054450155,0.3456871211528778,0.0010099901631474494,0.3293885663151741
gaia-v3-03201,fit,login_failure,1625618598082,11.0,True,0.024412307058810256,0.5966988131403923,0.037203451013192536,0.6246587038040161,0.0009532105643302203,0.40711307525634766
gaia-v3-03202,fit,login_failure,1625618748630,11.0,True,0.02169871509662092,0.46693721413612366,0.025719013810157777,0.3456871211528778,0.001460962826386094,0.4080357253551483
gaia-v3-03204,fit,login_failure,1625618943541,11.0,True,0.018428567300240197,0.4338676631450653,0.02195097804069519,0.3533506691455841,0.0012137383315712214,0.2840304970741272
gaia-v3-03392,fit,login_failure,1625619047435,11.0,True,0.020980587003092903,0.4000000059604645,0.022112731542438268,0.3456871211528778,0.0020615610759705306,0.5400256216526031
gaia-v3-03205,fit,login_failure,1625619311614,11.0,True,0.018995430828848234,0.34840064588934183,0.02288718014024198,0.3456871211528778,0.0010859459266066552,0.205330491065979
gaia-v3-03206,fit,login_failure,1625619456442,11.0,True,0.017205982597806722,0.5099163725972176,0.014432568568736315,0.3456871211528778,0.0007332535833120346,0.17664220929145813
gaia-v3-03207,fit,login_failure,1625619735933,11.0,True,0.01618452404703324,0.4076013118028641,0.02201464558020234,0.3456871211528778,0.001091678449884057,0.28710347414016724
gaia-v3-03209,fit,login_failure,1625621077600,11.0,True,0.018327878800725252,0.3094375357031822,0.022642780281603336,0.3456871211528778,0.0008640396595001221,0.4421703815460205
gaia-v3-03396,fit,login_failure,1625621675160,11.0,True,0.013041257458826293,0.30000000447034836,0.023256013123318552,0.3456871211528778,0.0011006754450500012,0.25387708842754364
gaia-v3-03397,fit,login_failure,1625621781933,11.0,True,0.011808723846722083,0.40000002086162567,0.019500961946323513,0.3456871211528778,0.0014064028207212687,0.5116046220064163
gaia-v3-03210,fit,login_failure,1625622068506,11.0,True,0.015742018611247962,0.4000000059604645,0.022173967119306325,0.3456871211528778,0.0012155332788825034,0.3713444471359253
gaia-v3-03399,fit,login_failure,1625622691340,11.0,True,0.017073119944204032,0.27114903926849365,0.019860006449744106,0.3456871211528778,0.0019974706787616015,0.45593464374542236
gaia-v3-03211,fit,login_failure,1625623364512,11.0,True,0.015554799211683228,0.23142069950699806,0.020113538624718784,0.37361083924770355,0.0012898870278149842,0.37695470452308655
gaia-v3-03403,fit,login_failure,1625623933184,11.0,True,0.016793938766204518,0.29205355048179626,0.029940703604370355,0.3861648738384247,0.0016533141117542982,0.4376841187477112
gaia-v3-03214,fit,login_failure,1625624142512,11.0,True,0.01840714732631265,0.40000002086162567,0.024037615023553373,0.3821229338645935,0.0014291466027498245,0.29954075813293457
gaia-v3-03404,fit,login_failure,1625624312144,11.0,True,0.015156185314359997,0.4000000059604645,0.023151700338348746,0.5064224600791931,0.0012871494144201278,0.4034450873732567
gaia-v3-03406,fit,login_failure,1625624824517,11.0,True,0.017475630272141038,0.4409874305129051,0.017841180320829153,0.3456871211528778,0.0010090629756450654,0.2155655473470688
gaia-v3-03407,fit,login_failure,1625625261440,11.0,True,0.01514912976611716,0.29182539391331375,0.019542454788461328,1.0,0.0014164632745087148,0.35319244861602783
gaia-v3-03217,fit,login_failure,1625626315513,11.0,True,0.013290298481903544,0.4000000059604645,0.02016649069264531,0.3456871211528778,0.0015504707489162684,0.41645675897598267
gaia-v3-03412,fit,login_failure,1625626968109,11.0,True,0.01307505282748025,0.2811107933521271,0.019624013686552644,0.3456871211528778,0.0010900170914828777,0.4149661660194397
gaia-v3-03413,fit,login_failure,1625627336479,11.0,True,0.015630083002421694,0.2621123492717743,0.01876739878207445,0.5781296491622925,0.0009449334349483252,0.2823997735977173
gaia-v3-03221,fit,login_failure,1625628422387,11.0,True,0.017386430486415822,0.40230700373649597,0.020054183527827264,0.45815691351890564,0.001094512566924095,0.2789837121963501
gaia-v3-03222,fit,login_failure,1625628908140,11.0,True,0.01383450717115314,0.3619919903576374,0.017222848115488888,0.4362085610628128,0.0019162699580192565,0.5315734073519707
gaia-v3-03417,fit,login_failure,1625629532421,11.0,True,0.019046079514858625,0.520203173160553,0.02329852506518364,0.49402737617492676,0.0012116946931928396,0.3019993305206299
gaia-v3-03418,fit,login_failure,1625629977941,11.0,True,0.01563023842354596,0.41096102073788643,0.0185956216417253,0.45815691351890564,0.0014419771451503038,0.5020450800657272
gaia-v3-03419,fit,login_failure,1625630210305,11.0,True,0.015203025558639638,0.40000002086162567,0.019445782341063023,0.45815691351890564,0.0006584910582751036,0.19751983880996704
gaia-v3-03420,fit,login_failure,1625630694240,11.0,True,0.013580131804701523,0.3177607264369726,0.02309570456854999,0.4378967136144638,0.0011838986724615097,0.3226243555545807
gaia-v3-03421,fit,login_failure,1625631525881,11.0,True,0.015363894682377578,0.4091731607913971,0.01874902555719018,0.3456871211528778,0.0010252734925597906,0.1851409152150154
gaia-v3-03422,fit,login_failure,1625631601136,11.0,True,0.022785822191144688,0.7791766375303268,0.023045607656240464,0.5181432813405991,0.001042689746245742,0.3532187342643738
gaia-v3-03227,fit,login_failure,1625631692344,11.0,True,0.02136303322331514,0.6105557270348072,0.022098295297473668,0.3909478485584259,0.0018582545965909957,0.41407036781311035
gaia-v3-03425,fit,login_failure,1625632595743,11.0,True,0.014900187217669251,0.5115473717451096,0.0208718940615654,0.3456871211528778,0.0010790334921330213,0.3160211145877838
gaia-v3-03229,fit,login_failure,1625632707763,11.0,True,0.018524871892320032,0.25021903216838837,0.01720955679193139,0.3821229338645935,0.0013420884124934673,0.3606420159339905
gaia-v3-03230,fit,login_failure,1625632845318,11.0,True,0.013054824401357716,0.4000000059604645,0.02114497823640704,0.3456871211528778,0.0012755216006189584,0.3532620370388031
gaia-v3-03428,fit,login_failure,1625633990312,11.0,True,0.01703438052306107,0.3186992146074772,0.020608135731890798,0.3456871211528778,0.002081404607743025,0.775523841381073
gaia-v3-03429,fit,login_failure,1625634075049,11.0,True,0.01819838960461008,0.7540159672498703,0.02430000570602715,0.3456871211528778,0.002021286925300956,0.4657357335090637
gaia-v3-03232,fit,login_failure,1625634582024,11.0,True,0.022492338420124724,0.5719707235693932,0.026456058071926237,0.3941918760538101,0.0018874132912606002,0.45728856325149536
gaia-v3-03233,fit,login_failure,1625634804840,11.0,True,0.021592516858178593,0.8273617252707481,0.018526745308190585,0.4094785377383232,0.0008587753027677536,0.35859574377536774
gaia-v3-03237,fit,login_failure,1625635876606,11.0,True,0.014503143949089766,0.3572736978530884,0.016562368953600526,0.3456871211528778,0.0012472767569124698,0.3669758141040802
gaia-v3-03241,fit,login_failure,1625636545085,11.0,True,0.01661264991950399,0.2604414224624634,0.019717562710866332,0.3456871211528778,0.0010848854295909406,0.3048166036605835
gaia-v3-03245,fit,login_failure,1625637416334,11.0,True,0.020054596758564004,0.4921642988920212,0.02043207543902099,0.6711877584457397,0.0006838576309382916,0.2055070400238037
gaia-v3-03247,fit,login_failure,1625637820001,11.0,True,0.014680171073026334,0.33761955983936787,0.012748448085039854,0.3456871211528778,0.0010764752142131328,0.3616219162940979
gaia-v3-03442,fit,login_failure,1625639030316,11.0,True,0.023181306823001555,0.3855450451374054,0.018783359276130795,0.45815691351890564,0.0009437361638993025,0.365711972117424
gaia-v3-03443,fit,login_failure,1625639990246,11.0,True,0.018069922552482846,0.5026429146528244,0.01859375606290996,0.45815691351890564,0.0010763990227133035,0.34854286909103394
gaia-v3-03254,fit,login_failure,1625642603626,11.0,True,0.025571767811197788,0.6024509072303772,0.016926833661273122,0.3821229338645935,0.0013728673290461302,0.32850664108991623
gaia-v3-03449,fit,login_failure,1625642752285,11.0,True,0.015971136338218155,0.2867601215839386,0.024895625375211238,0.3456871211528778,0.001293187066912651,0.32371512055397034
gaia-v3-03450,fit,login_failure,1625642840918,11.0,True,0.017408382885090154,0.40000002086162567,0.018755085347220302,0.3456871211528778,0.0006961093470454216,0.1873571276664734
gaia-v3-03451,fit,login_failure,1625643840593,11.0,True,0.017400694780614383,0.4000000059604645,0.027525097085162997,0.6246587038040161,0.001983446413651109,0.48930108547210693
gaia-v3-03255,fit,login_failure,1625643931869,11.0,True,0.017392721318659217,0.26791253313422203,0.020883832732215522,0.3456871211528778,0.0016737335082143544,0.40635576844215393
gaia-v3-03452,fit,login_failure,1625644143862,11.0,True,0.018234855389406827,0.428867369890213,0.026691299956291915,1.0,0.0014960358384996653,0.3555862009525299
gaia-v3-03454,fit,login_failure,1625645187795,11.0,True,0.016338919111573584,0.4000000059604645,0.019421255821362136,0.3821229338645935,0.001036735652014613,0.3505055904388428
gaia-v3-03257,fit,login_failure,1625645519755,11.0,True,0.019036964527185774,0.40313902497291565,0.01720237359404564,0.3456871211528778,0.0014210265316069127,0.389247864484787
gaia-v3-03261,fit,login_failure,1625646517999,11.0,True,0.022691181660775328,0.6024566292762756,0.02490001139231026,0.6711877584457397,0.0008794865943491459,0.24465054273605347
gaia-v3-03457,fit,login_failure,1625646748685,11.0,True,0.01785419379096614,0.38901105523109436,0.023391834972426296,0.5781296491622925,0.0011667385697364807,0.34887152910232544
gaia-v3-03458,fit,login_failure,1625646967216,11.0,True,0.01816422310651736,0.46611595153808594,0.021521038049831985,0.3456871211528778,0.0017975404113531113,0.3877619504928589
gaia-v3-03262,fit,login_failure,1625647066146,11.0,True,0.015491216287652302,0.46594224870204926,0.017750640958547594,0.3909478485584259,0.0010642745345830918,0.42860177159309387
gaia-v3-03265,fit,login_failure,1625648255329,11.0,True,0.014734703037860678,0.34023845195770264,0.01705841883085668,0.3456871211528778,0.0014782981481403113,0.2990590035915375
gaia-v3-03269,fit,login_failure,1625648628076,11.0,True,0.01642271211070086,0.2924526482820511,0.03597419569268823,0.5781296491622925,0.0019136939756572247,0.3226243555545807
gaia-v3-03460,fit,login_failure,1625648815460,11.0,True,0.020451459859881047,0.3233410641551018,0.03227530540898442,0.3456871211528778,0.001412904877215624,0.4149661660194397
gaia-v3-03462,fit,login_failure,1625649649849,11.0,True,0.01891314635334614,0.4000000059604645,0.024028206849470733,0.3456871211528778,0.0008170300722122192,0.17528709769248962
gaia-v3-03271,fit,login_failure,1625649971581,11.0,True,0.014538069789220268,0.46619434654712677,0.01998565187677741,0.5181432813405991,0.0007648938521742821,0.21964752674102783
gaia-v3-03464,fit,login_failure,1625650130821,11.0,True,0.01683359789312817,0.42722125351428986,0.018865545140579344,0.3456871211528778,0.0012780417595058679,0.32946571707725525
gaia-v3-03273,fit,login_failure,1625651249017,11.0,True,0.01265359123650948,0.4000000059604645,0.018997779535129666,0.3456871211528778,0.0008669503964483738,0.35059934854507446
gaia-v3-03276,fit,login_failure,1625652146208,11.0,True,0.021701666010388483,0.6023683100938797,0.02518468084745109,0.4935836046934128,0.0014576731435954572,0.48930108547210693
gaia-v3-03277,fit,login_failure,1625653087699,11.0,True,0.014446336618781667,0.3337142877280712,0.019891485292464494,0.3456871211528778,0.000840185796841979,0.22605669498443604
gaia-v3-03278,fit,login_failure,1625653195651,11.0,True,0.017570476413796617,0.2891668826341629,0.02851125947199762,0.5781296491622925,0.001373750139027834,0.4336735010147095
gaia-v3-03468,fit,login_failure,1625654517127,11.0,True,0.020856712784370755,0.6414734870195389,0.02138548418879509,0.3941918760538101,0.0012695675436407328,0.4992358684539795
gaia-v3-03281,fit,login_failure,1625654740790,11.0,True,0.015499844529889137,0.35754886269569397,0.01931182835251093,0.3456871211528778,0.0012688224390149116,0.3539954721927643
gaia-v3-03285,fit,login_failure,1625655434171,11.0,True,0.019035702193408117,0.43795526400208473,0.03195392568595708,0.5781296491622925,0.000986249065026641,0.3479017913341522
gaia-v3-03287,fit,login_failure,1625655951183,11.0,True,0.016392564453417434,0.6000000089406967,0.021663663489744068,0.3456871211528778,0.0016226777341216802,0.34085938334465027
gaia-v3-03288,fit,login_failure,1625656449447,11.0,True,0.01731822892324999,0.4324712613597512,0.032158739678561685,0.6122961640357971,0.0012300827354192734,0.28622275590896606
gaia-v3-03471,fit,login_failure,1625656538381,11.0,True,0.016618235368999496,0.3040589801967144,0.019174462044611575,0.3456871211528778,0.0009596587251871824,0.3806842267513275
gaia-v3-03289,fit,login_failure,1625656623853,11.0,True,0.01763053941297888,0.40000002086162567,0.021311646932736038,0.3456871211528778,0.0014243127964437008,0.3291749060153961
gaia-v3-03475,fit,login_failure,1625657666753,11.0,True,0.016895623402281974,0.537427207455039,0.0288889576215297,0.3456871211528778,0.001119994930922985,0.2519291639328003
gaia-v3-03476,fit,login_failure,1625657759812,11.0,True,0.019202619711290937,0.4243111163377762,0.025686280522495508,0.3456871211528778,0.0006824674084782601,0.165890634059906
gaia-v3-03292,fit,login_failure,1625658093329,11.0,True,0.01217914788236764,0.4000000059604645,0.01380887972190976,0.3456871211528778,0.0011758004035800696,0.2557896673679352
gaia-v3-03478,fit,login_failure,1625658189447,11.0,True,0.019777535028697456,0.4613599479198456,0.019570212345570326,0.37361083924770355,0.0009769402723759412,0.24465057253837585
gaia-v3-03293,fit,login_failure,1625658924765,11.0,True,0.02373464987073627,0.4000000059604645,0.033671068772673604,0.3608488142490387,0.0016831196658313274,0.459824800491333
gaia-v3-03480,fit,login_failure,1625659176473,11.0,True,0.015010188097949139,0.6000000238418579,0.019970084680244325,0.5181432813405991,0.001003244575113058,0.19751983880996704
gaia-v3-03481,fit,login_failure,1625659958854,11.0,True,0.020901259812914456,0.2944071292877197,0.027038083178922534,0.5781296491622925,0.0010403079353272914,0.3141154944896698
gaia-v3-03482,fit,login_failure,1625660186232,11.0,True,0.015332187878569433,0.3032194743864238,0.019644988514482976,0.3456871211528778,0.0013037753757089376,0.3461897075176239
gaia-v3-03485,fit,login_failure,1625660485561,11.0,True,0.014464595135359559,0.5619401335716248,0.0206588635686785,0.5181432813405991,0.000766053581610322,0.19704267382621765
gaia-v3-03486,fit,login_failure,1625660672924,11.0,True,0.01881298390141334,0.42198362946510315,0.025229365658015014,0.3456871211528778,0.0017467222083359956,0.4657357335090637
gaia-v3-03294,fit,login_failure,1625661333783,11.0,True,0.014715386896295968,0.31855204328894615,0.020102588273584843,0.436208575963974,0.0010746651235967874,0.3226327896118164
gaia-v3-03295,fit,login_failure,1625661634529,11.0,True,0.015832230493348712,0.4203106388449669,0.027448611427098514,0.436208575963974,0.0014494183845818042,0.31107673048973083
gaia-v3-03488,fit,login_failure,1625662435827,11.0,True,0.015387382506257078,0.3412995729595423,0.015356633299961685,0.3456871211528778,0.0014154029544442893,0.31838295608758926
gaia-v3-03489,fit,login_failure,1625662607324,11.0,True,0.018148247379576786,0.40000002086162567,0.020135890506207944,0.3456871211528778,0.0010583664942532779,0.27133309841156006
gaia-v3-03303,fit,login_failure,1625664770874,11.0,True,0.01614446565605855,0.4000000059604645,0.023372840834781528,0.3909478485584259,0.0009681149572134018,0.20581835508346558
gaia-v3-03497,fit,login_failure,1625664843336,11.0,True,0.021594398501474644,0.5313082635402679,0.02501786812208593,0.3909478485584259,0.000817192243412137,0.25703901052474976
gaia-v3-03304,fit,login_failure,1625665289167,11.0,True,0.024349000406588554,0.4216071665287018,0.025693886820226906,0.5781296491622925,0.001149872187525034,0.22789345681667328
gaia-v3-03498,fit,login_failure,1625665583636,11.0,True,0.019982418849849637,0.40000002086162567,0.019447964522987603,0.3909478485584259,0.0011981830094009637,0.2990590035915375
gaia-v3-03499,fit,login_failure,1625665701509,11.0,True,0.015905138149901177,0.40978097170591354,0.019485644763335586,0.3821229338645935,0.001512859733775258,0.5756146907806396
gaia-v3-03307,fit,login_failure,1625665809426,11.0,True,0.021502078942103254,0.47036662325263023,0.03412607377395034,0.3456871211528778,0.0009238955285400152,0.22828444093465805
gaia-v3-03500,fit,login_failure,1625665887615,11.0,True,0.019900394529880336,0.6394820883870125,0.020874947123229504,0.3456871211528778,0.0011551166605204344,0.47056906670331955
gaia-v3-03308,fit,login_failure,1625666093988,11.0,True,0.018337617133026167,0.3164691627025604,0.019624394830316305,0.3456871211528778,0.001961461789906025,0.38556966185569763
gaia-v3-03309,fit,login_failure,1625666499163,11.0,True,0.017384577072637814,0.46914245188236237,0.029806063044816256,0.5064224600791931,0.001610453585162759,0.40635576844215393
gaia-v3-03310,fit,login_failure,1625666834765,11.0,True,0.014392380613814263,0.45783865451812744,0.025214306684210895,0.3456871211528778,0.0018784611858427525,0.5416522026062012
gaia-v3-03501,fit,login_failure,1625666939481,11.0,True,0.021396300640966124,0.41070783138275146,0.023271052213385702,0.3533506691455841,0.001072949729859829,0.2897791862487793
gaia-v3-03502,fit,login_failure,1625667142767,11.0,True,0.015655229826127954,0.49276649206876755,0.015958027355372904,0.3456871211528778,0.0008640168327838183,0.24961793422698975
gaia-v3-03313,fit,login_failure,1625667376025,11.0,True,0.021799260620900894,0.5991863161325455,0.02495424635708332,0.3456871211528778,0.001254889080300927,0.37482601404190063
gaia-v3-03316,fit,login_failure,1625667704816,11.0,True,0.016449571922324442,0.4000000059604645,0.01980371414683759,0.3456871211528778,0.0015042911469936371,0.4421703815460205
gaia-v3-03320,fit,login_failure,1625669368920,11.0,True,0.01940629957037648,0.7935499399900436,0.016529305651783944,0.3456871211528778,0.0011935411300510168,0.3110056221485138
gaia-v3-03321,fit,login_failure,1625669440992,11.0,True,0.018358792379391767,0.5433313772082329,0.017378885438665746,0.3456871211528778,0.0016252413857728242,0.38760022819042206
gaia-v3-03322,fit,login_failure,1625670835965,11.0,True,0.01927012696445066,0.4975033327937126,0.013806247245520353,0.3909478485584259,0.001416165940463543,0.32850664108991623
gaia-v3-03510,fit,login_failure,1625671333684,11.0,True,0.016288708135834894,0.32259565591812134,0.022442927956581114,0.5781296491622925,0.0005020366143435239,0.16565868258476257
gaia-v3-03511,fit,login_failure,1625671527036,11.0,True,0.01816418475767326,0.34015896916389465,0.01795895555987954,0.3456871211528778,0.001317271813750267,0.3909483999013901
gaia-v3-03512,fit,login_failure,1625672041240,11.0,True,0.020150902578704215,0.5468227565288544,0.03031467185355723,0.5781296491622925,0.0012996699009090661,0.3308285176753998
gaia-v3-03513,fit,login_failure,1625672393316,11.0,True,0.02367277850571554,0.5462479963898659,0.02360728499479592,0.37361085414886475,0.0011606942396610975,0.46828773617744446
gaia-v3-03514,fit,login_failure,1625672659480,11.0,True,0.0167767742779688,0.4000000059604645,0.019542773766443134,0.3456871211528778,0.0009937114082276821,0.3802587389945984
gaia-v3-03515,fit,login_failure,1625672952504,11.0,True,0.017718400568507302,0.34826547652482986,0.02242705998942256,0.436208575963974,0.0006043514143675566,0.1359655261039734
gaia-v3-03323,fit,login_failure,1625673223746,11.0,True,0.017821734358828206,0.3673149347305298,0.0165058015845716,0.3456871211528778,0.0011748615466058254,0.3872830867767334
gaia-v3-03563,fit,login_failure,1625674606681,11.0,True,0.01714538917100678,0.3684515655040741,0.027573132840916514,0.5286339521408081,0.015540976985357701,0.9979392886161804
gaia-v3-03730,fit,login_failure,1625676266427,11.0,True,0.018882107960780558,0.3032303899526596,0.018528778897598387,0.34905119240283966,0.014468741308664903,0.9956520199775696
gaia-v3-03565,fit,login_failure,1625676431086,11.0,True,0.017277870909310877,0.5450608879327774,0.02154332366771996,0.3456871211528778,0.014234959310851992,0.9959025382995605
gaia-v3-03731,fit,login_failure,1625676758035,11.0,True,0.020391083527647423,0.45394978439435363,0.023653490794822575,0.3456871211528778,0.014433472075033933,0.9975520968437195
gaia-v3-03732,fit,login_failure,1625676971488,11.0,True,0.01869271966619029,0.639408603310585,0.024958218773826958,0.3456871211528778,0.01169028580887243,0.995438277721405
gaia-v3-03566,fit,login_failure,1625677085365,11.0,True,0.017707238953577568,0.49918046593666077,0.01586107546463609,0.5181432813405991,0.01249098331318237,0.9959025382995605
gaia-v3-03568,fit,login_failure,1625678318543,11.0,True,0.018571937725452396,0.47213417291641235,0.02097700210288167,0.3456871211528778,0.015515580624341965,0.997609555721283
gaia-v3-03736,fit,login_failure,1625678627024,11.0,True,0.015988286160184845,0.3343694433569908,0.01711938688531518,0.3973703160881996,0.01370594597654417,0.9956520199775696
gaia-v3-03571,fit,login_failure,1625680196329,11.0,True,0.022179842355353686,0.5552902184426785,0.026575752487406134,0.5781296491622925,0.021340231471695007,0.9978733658790588
gaia-v3-03572,fit,login_failure,1625680290839,11.0,True,0.01454789841955062,0.4139616787433624,0.020950245717540384,0.5181432813405991,0.016347762905061246,0.9977084994316101
gaia-v3-03741,fit,login_failure,1625680446987,11.0,True,0.01884526711461755,0.44805431365966797,0.027463408838957547,0.3533506691455841,0.018321222607046366,0.9993114471435547
gaia-v3-03573,fit,login_failure,1625680616563,11.0,True,0.015111745127554362,0.39418184757232666,0.020278346119448544,0.3456871211528778,0.015082643122877926,0.9998248815536499
gaia-v3-03574,fit,login_failure,1625680910551,11.0,True,0.013999594515189529,0.39847415313124657,0.011781579069793224,0.3456871211528778,0.01343429029919207,0.997609555721283
gaia-v3-03742,fit,login_failure,1625681086726,11.0,True,0.0192215873588187,0.40492579340934753,0.021360973315313458,0.3821229338645935,0.016040737014263867,0.9982103705406189
gaia-v3-03743,fit,login_failure,1625681519770,11.0,True,0.014080605301811981,0.30000000447034836,0.021526378020644187,0.3456871211528778,0.014922356954775751,0.9982761144638062
gaia-v3-03744,fit,login_failure,1625681719961,11.0,True,0.016815924928717627,0.4000000059604645,0.01795768938027322,0.3456871211528778,0.01829719196073711,1.0
gaia-v3-03575,fit,login_failure,1625681870504,11.0,True,0.01887800860761975,0.40000002086162567,0.0214723801240325,0.3821229338645935,0.01549797798274085,0.9985765814781189
gaia-v3-03576,fit,login_failure,1625682098073,11.0,True,0.0178531377161562,0.3747905194759369,0.026355425361543894,0.3938048183917999,0.01768970351200551,0.9975882172584534
gaia-v3-03580,fit,login_failure,1625683250266,11.0,True,0.024502659286372363,0.5782239437103271,0.017224809248000385,0.3456871211528778,0.01610356625635177,0.9997592568397522
gaia-v3-03581,fit,login_failure,1625683400637,11.0,True,0.015211355383507907,0.3110356256365776,0.0179566846229136,0.3456871211528778,0.01608610142255202,0.9978520274162292
gaia-v3-03582,fit,login_failure,1625683662262,11.0,True,0.018681388228045156,0.4091929718852043,0.02581992307677865,0.5781296491622925,0.016045417620334776,0.9975222945213318
gaia-v3-03749,fit,login_failure,1625684419991,11.0,True,0.014864833396859466,0.40000002086162567,0.017930710455402732,0.3456871211528778,0.017106301659950987,0.9971895813941956
gaia-v3-03750,fit,login_failure,1625684500631,11.0,True,0.01699719749158248,0.42520730197429657,0.03267468991689384,0.3456871211528778,0.018003108898410572,0.9994754791259766
gaia-v3-03751,fit,login_failure,1625684752730,11.0,True,0.01626774408808463,0.4120534509420395,0.018404353130608796,0.3456871211528778,0.0145888465619646,0.9974532723426819
gaia-v3-03752,fit,login_failure,1625685003968,11.0,True,0.04834440530782255,0.9250098988413811,0.025506716733798385,0.3456871211528778,0.016890559900784866,0.9976012706756592
gaia-v3-03583,fit,login_failure,1625685310162,11.0,True,0.02990673255699221,0.8859814926981926,0.026717305555939673,0.3456871211528778,0.018902036577928813,0.9979392886161804
gaia-v3-03753,fit,login_failure,1625685519597,11.0,True,0.015135579141497147,0.34410919970832765,0.02261715503409505,0.3821229338645935,0.01636053419788368,1.0
gaia-v3-03759,fit,login_failure,1625687319320,11.0,True,0.028080312081146985,0.8404880911111832,0.034229603689163925,0.3648362457752228,0.02590981203597039,0.9974532723426819
gaia-v3-03760,fit,login_failure,1625687439603,11.0,True,0.04121062319184906,0.9245878458023071,0.02348179663531482,0.3456871211528778,0.015467176765669137,0.999245822429657
gaia-v3-03594,fit,login_failure,1625688226862,11.0,True,0.015392657578255845,0.41526685655117035,0.020186666399240494,0.3456871211528778,0.013436514894710854,0.9985650777816772
gaia-v3-03763,fit,login_failure,1625688715887,11.0,True,0.023472674844075905,0.40000002086162567,0.023689418798312545,0.3456871211528778,0.015458249499788508,0.9977826476097107
gaia-v3-03595,fit,login_failure,1625688927148,11.0,True,0.016038720392195196,0.29585298895835876,0.016669945558533072,0.3456871211528778,0.015598165014525876,0.998005211353302
gaia-v3-03764,fit,login_failure,1625689267777,11.0,True,0.020383114026238523,0.4386831074953079,0.02331532575190067,0.5781296491622925,0.018596708631375806,0.9974035024642944
gaia-v3-03765,fit,login_failure,1625689503840,11.0,True,0.016509517792534702,0.6556855775415897,0.02098762006498873,0.3456871211528778,0.01629170912783593,0.9973543882369995
gaia-v3-03766,fit,login_failure,1625689634496,11.0,True,0.015742258799339954,0.4000000059604645,0.028461549384519457,0.37361085414886475,0.020670075269881637,0.9975024461746216
gaia-v3-03597,fit,login_failure,1625690209367,11.0,True,0.019505957805085926,0.4261387586593628,0.03414229778572917,0.7782391905784607,0.017862172088352963,0.9984005093574524
gaia-v3-03598,fit,login_failure,1625690347218,11.0,True,0.01732066676731847,0.4309011995792389,0.019558293046429753,0.45815691351890564,0.017610011759679765,0.9974563121795654
gaia-v3-03768,fit,login_failure,1625691336851,11.0,True,0.02312696731435911,0.5783737003803253,0.02280867942608893,0.3456871211528778,0.01578883477021009,0.9996066689491272
gaia-v3-03769,fit,login_failure,1625691642560,11.0,True,0.016085091342877906,0.299520879983902,0.02023197812959552,0.5781296491622925,0.016711787430103868,0.9976509213447571
gaia-v3-03770,fit,login_failure,1625691808616,11.0,True,0.015477796776879889,0.47949324548244476,0.02202054439112544,0.3456871211528778,0.015575225709471851,0.9972884654998779
gaia-v3-03603,fit,login_failure,1625692159144,11.0,True,0.014955679616347577,0.6118025318719447,0.018468638835474848,0.3456871211528778,0.014166438076645136,1.0
gaia-v3-03771,fit,login_failure,1625693464156,11.0,True,0.014908408478186174,0.4543517678976059,0.018573110364377497,0.3456871211528778,0.01431483521591872,1.0
gaia-v3-03772,fit,login_failure,1625693639923,11.0,True,0.019679552491773698,0.43633499555289745,0.038220397336408495,0.7216976284980774,0.024059682902880013,0.9994754791259766
gaia-v3-03773,fit,login_failure,1625694301116,11.0,True,0.01958510570693761,0.40000002086162567,0.019023822015151383,0.45815691351890564,0.018076005370821803,0.9974694848060608
gaia-v3-03606,fit,login_failure,1625694379801,11.0,True,0.01589426709315376,0.4000000059604645,0.01646491661667824,0.3456871211528778,0.016112514848355203,1.0
gaia-v3-03774,fit,login_failure,1625694577889,11.0,True,0.01671403227034413,0.40000002086162567,0.022852368745952846,0.3456871211528778,0.01705724941100925,0.9978319406509399
gaia-v3-03775,fit,login_failure,1625694730312,11.0,True,0.016820866643683985,0.38671739026904106,0.02203048379160464,0.3456871211528778,0.016988483043387532,0.9980953931808472
gaia-v3-03607,fit,login_failure,1625694927747,11.0,True,0.018916113709565252,0.33783215284347534,0.019291707035154104,0.3456871211528778,0.016803097325609997,0.9978190660476685
gaia-v3-03777,fit,login_failure,1625695902672,11.0,True,0.018196643851115368,0.35635361075401306,0.020341533608734606,0.3456871211528778,0.015593178836861626,0.9977660775184631
gaia-v3-03778,fit,login_failure,1625696083388,11.0,True,0.020919726414528366,0.5290976911783218,0.025058172270655633,0.5181432813405991,0.018160238573327662,0.9974532723426819
gaia-v3-03780,fit,login_failure,1625696326108,11.0,True,0.01784736767585855,0.5250798165798187,0.021066351188346745,0.3456871211528778,0.01667124448576942,0.9989004135131836
gaia-v3-03611,fit,login_failure,1625696731506,11.0,True,0.0224673900819198,0.7692139819264412,0.026217767084017397,0.5181432813405991,0.020182758742012082,1.0
gaia-v3-03781,fit,login_failure,1625696827300,11.0,True,0.02295330214255955,0.7904850207269192,0.03579239952377975,0.5181432813405991,0.01865931712789461,0.9991801381111145
gaia-v3-03612,fit,login_failure,1625696940223,11.0,True,0.015646591925966884,0.4379304051399231,0.028641961654648183,0.37361086905002594,0.020233889042865483,0.9986752271652222
gaia-v3-03782,fit,login_failure,1625697384390,11.0,True,0.0185057072842028,0.42041438817977905,0.021970331110060214,0.3456871211528778,0.01716064744628966,0.9976179599761963
gaia-v3-03615,fit,login_failure,1625698487034,11.0,True,0.017175020930396082,0.30000001937150955,0.02209618189372122,0.3456871211528778,0.017881360691972076,0.997510552406311
gaia-v3-03616,fit,login_failure,1625698631721,11.0,True,0.017981670784259527,0.374939083121717,0.023504943959414958,0.3456871211528778,0.016636085823411122,0.9978074431419373
gaia-v3-03786,fit,login_failure,1625699590252,11.0,True,0.012317435711156576,0.2546303793787956,0.02597192977555096,0.5781296491622925,0.0183714540861547,0.9974861741065979
gaia-v3-03787,fit,login_failure,1625699763909,11.0,True,0.015654949924404114,0.30882498621940613,0.014457205450162292,0.3456871211528778,0.012421491913264616,0.9975354075431824
gaia-v3-03788,fit,login_failure,1625699915660,11.0,True,0.016945862504265583,0.30000000447034836,0.023523149825632573,0.3456871211528778,0.01654845350421965,0.9998840689659119
gaia-v3-03792,fit,login_failure,1625700916876,11.0,True,0.017549640344805086,0.4730950891971588,0.021283401595428585,0.3456871211528778,0.01717074332293123,0.9974203109741211
gaia-v3-03793,fit,login_failure,1625700992643,11.0,True,0.016837559501861204,0.40000002086162567,0.028034130902960898,0.6543128490447998,0.01980252646608278,0.9973045587539673
gaia-v3-03624,fit,login_failure,1625701141463,11.0,True,0.020139220691877804,0.44062167406082153,0.019972629938274623,0.3456871211528778,0.01585096838651225,0.998005211353302
gaia-v3-03625,fit,login_failure,1625701341395,11.0,True,0.01672854004815842,0.40000002086162567,0.016530934162437914,0.3456871211528778,0.015017105631995946,0.99933260679245
gaia-v3-03626,fit,login_failure,1625701470832,11.0,True,0.016026813510143255,0.4316427931189537,0.01661185808479786,0.3456871211528778,0.013976479009725153,0.9976425170898438
gaia-v3-03796,fit,login_failure,1625702639424,11.0,True,0.014505516643597123,0.22506380081176758,0.03504286594688892,0.5781296491622925,0.019871351153124123,0.9976012706756592
gaia-v3-03630,fit,login_failure,1625703450655,11.0,True,0.029131810851443635,0.5099057480692863,0.021555137261748313,0.3456871211528778,0.014857808842789382,0.9993212819099426
gaia-v3-03631,fit,login_failure,1625704045372,11.0,True,0.018975086841722562,0.3357331156730652,0.02166086877696216,0.3456871211528778,0.017308927598642186,0.9976541996002197
gaia-v3-03803,fit,login_failure,1625705506908,11.0,True,0.01967565490922425,0.4160470813512802,0.02248427732847631,0.3456871211528778,0.01574787930585444,0.9974035024642944
gaia-v3-03634,fit,login_failure,1625706443497,11.0,True,0.015317551428355121,0.4000000059604645,0.015935055539011957,0.436208575963974,0.015061580578330904,0.9977861046791077
gaia-v3-03806,fit,login_failure,1625706517872,11.0,True,0.015087370552646463,0.30000000447034836,0.03264959459193051,0.6804244220256805,0.022797628466505557,0.9972884654998779
gaia-v3-03807,fit,login_failure,1625706605944,11.0,True,0.014959555979294237,0.31421612948179245,0.018420730857178567,0.5064224600791931,0.019277700481470674,0.9975024461746216
gaia-v3-03635,fit,login_failure,1625707060759,11.0,True,0.016555763179591548,0.5288700833916664,0.025119344191625714,0.45815691351890564,0.01917326593073085,0.9976541996002197
gaia-v3-03636,fit,login_failure,1625707265331,11.0,True,0.016854292703889464,0.40000002086162567,0.01871539410203695,0.3456871211528778,0.015508037654217332,0.9976425170898438
gaia-v3-03810,fit,login_failure,1625709023172,11.0,True,0.014236363231611903,0.4117080047726631,0.016352999210357665,0.3456871211528778,0.014552568662911653,0.9977990388870239
gaia-v3-03813,fit,login_failure,1625710322072,11.0,True,0.015734513678277533,0.7415044270455837,0.020214252546429633,0.3608488142490387,0.01678404564037919,0.9980459213256836
gaia-v3-03641,fit,login_failure,1625711400680,11.0,True,0.01848407722754928,0.27713795751333237,0.030159632582217454,0.3456871211528778,0.02136012296192348,0.9976425170898438
gaia-v3-03814,fit,login_failure,1625711896351,11.0,True,0.017348967078335893,0.305118590593338,0.02583215027116239,0.5781296491622925,0.016011502894107254,0.9976342916488647
gaia-v3-03815,fit,login_failure,1625712291288,11.0,True,0.015091657697727594,0.33359114453196526,0.015614445274695753,0.3456871211528778,0.017327436837367715,0.9973045587539673
gaia-v3-03642,fit,login_failure,1625712388006,11.0,True,0.017280313314161806,0.40000002086162567,0.018549157259985804,0.3456871211528778,0.015174074362730607,0.9988611340522766
gaia-v3-03646,fit,login_failure,1625713691796,11.0,True,0.019495192044754125,0.5487218350172043,0.02765650753863156,1.0,0.01974595886771567,0.9984334111213684
gaia-v3-03648,fit,login_failure,1625713824051,11.0,True,0.01595202637690818,0.40000002086162567,0.022226570267230274,0.3456871211528778,0.02028789112926461,0.998005211353302
gaia-v3-03649,fit,login_failure,1625713985611,11.0,True,0.01313846829192092,0.40000002086162567,0.021728638885542752,0.3456871211528778,0.019953192707616835,1.0
gaia-v3-03818,fit,login_failure,1625714358304,11.0,True,0.018127568146883277,0.5292969364672899,0.021213492518290876,0.5781296491622925,0.018781721610575914,0.9979307651519775
gaia-v3-03650,fit,login_failure,1625714594404,11.0,True,0.01680743104176751,0.4000000059604645,0.02086311364546418,0.5781296491622925,0.01818900848273188,0.997840404510498
gaia-v3-03653,fit,login_failure,1625715861873,11.0,True,0.015152633041907393,0.4714210946112871,0.015185629203915595,0.4547392502427101,0.016478674826212226,1.0
gaia-v3-03654,fit,login_failure,1625716245753,11.0,True,0.01208121571016818,0.22307391464710236,0.019431890454143286,0.45815691351890564,0.017491973796859385,0.9979179501533508
gaia-v3-03655,fit,login_failure,1625716334148,11.0,True,0.016726137982914224,0.30000000447034836,0.031057327520102262,0.3608488142490387,0.02002453040331602,0.9977414608001709
gaia-v3-03826,fit,login_failure,1625716794467,11.0,True,0.014643025922002078,0.37198352068662643,0.01902029602788389,0.5781296491622925,0.017839685855433343,0.9985062479972839
gaia-v3-03827,fit,login_failure,1625717532796,11.0,True,0.01668472733096375,0.6286249309778214,0.0227373284753412,0.3941918760538101,0.019007050401996822,0.9972884654998779
gaia-v3-03828,fit,login_failure,1625717776732,11.0,True,0.017441795613073432,0.5031889230012894,0.02331261020153761,0.3456871211528778,0.01680095068993978,0.9991629719734192
gaia-v3-03833,fit,login_failure,1625719048859,11.0,True,0.012303849968399541,0.2568422183394432,0.016681259451434016,0.3456871211528778,0.014986652062507346,0.9972555041313171
gaia-v3-03659,fit,login_failure,1625721315130,11.0,True,0.012747341422558142,0.31140194088220596,0.0260084115434438,0.45815691351890564,0.022208157166605815,1.0
gaia-v3-03836,fit,login_failure,1625721815304,11.0,True,0.014312913115524377,0.3394094705581665,0.01893378384411335,0.3456871211528778,0.016853922770824283,0.9970906972885132
gaia-v3-03662,fit,login_failure,1625722690399,11.0,True,0.018480059795304746,0.2964146137237549,0.023462833557277917,0.5064224600791931,0.01715106572955847,0.997609555721283
gaia-v3-03839,fit,login_failure,1625724027052,11.0,True,0.02517060558348021,0.4529109597206116,0.01720511941239238,0.3456871211528778,0.016776843895204365,0.9976012706756592
gaia-v3-03840,fit,login_failure,1625724141284,11.0,True,0.01642128727059268,0.22862082719802856,0.02346888682805002,0.3456871211528778,0.01729697085916996,0.9972225427627563
gaia-v3-03841,fit,login_failure,1625724343332,11.0,True,0.014575018234002831,0.3602341231890023,0.022899887431412934,0.3456871211528778,0.0201268190308474,0.9996722936630249
gaia-v3-03842,fit,login_failure,1625724522519,11.0,True,0.018820246267326486,0.7041901666671038,0.023057019896805288,0.3456871211528778,0.019098897075746208,0.9974364638328552
gaia-v3-03843,fit,login_failure,1625724752222,11.0,True,0.016477068381694455,0.4526892527937889,0.018418422574177383,0.3456871211528778,0.014594066359568387,0.9993770718574524
gaia-v3-03844,fit,login_failure,1625725267028,11.0,True,0.01692312786132485,0.3527202680706978,0.020248559257015585,0.3456871211528778,0.02046803936827928,0.9998185634613037
gaia-v3-03664,fit,login_failure,1625725724970,11.0,True,0.01784516284824349,0.462787251919508,0.020765671227127313,0.3456871211528778,0.014649575967341661,0.9975765347480774
gaia-v3-03848,fit,login_failure,1625728425400,11.0,True,0.020968357039964757,0.40000002086162567,0.022876652609556913,0.5181432813405991,0.016026496733538807,0.9975520968437195
gaia-v3-03849,fit,login_failure,1625728559064,11.0,True,0.0175959224604109,0.40000002086162567,0.02030006442219019,0.3456871211528778,0.01710333816939965,0.9974203109741211
gaia-v3-03851,fit,login_failure,1625729359136,11.0,True,0.01842543286353854,0.5896416306495667,0.018607471976429223,0.5781296491622925,0.019539829574059694,0.9979472160339355
gaia-v3-03857,fit,login_failure,1625731510055,11.0,True,0.020203957063737715,0.3995640128850937,0.02492200587876141,0.5781296491622925,0.019285906847799197,1.0
gaia-v3-03673,fit,login_failure,1625731669570,11.0,True,0.015375555500698586,0.44494083896279335,0.019060808792710306,0.3456871211528778,0.016479053949005902,0.9975882172584534
gaia-v3-03858,fit,login_failure,1625732218352,11.0,True,0.013811606748883301,0.4000000059604645,0.020943896705284716,0.3456871211528778,0.017734130180906506,0.9974694848060608
gaia-v3-03676,fit,login_failure,1625732372055,11.0,True,0.016254466877823386,0.49454911425709724,0.021772173559293152,0.6246587038040161,0.016029240423813464,1.0
gaia-v3-03677,fit,login_failure,1625732742388,11.0,True,0.014425724096205765,0.38373639481142163,0.02696430208161473,0.3456871211528778,0.020913039001170544,0.9976755380630493
gaia-v3-03860,fit,login_failure,1625732964716,11.0,True,0.01524802098380557,0.43337981402873993,0.020927645778283478,0.3456871211528778,0.01898569295182824,0.9973214268684387
gaia-v3-03863,fit,login_failure,1625734189729,11.0,True,0.022453610652155474,0.439016617834568,0.02864539995789528,0.3456871211528778,0.016271657334873454,0.9972715973854065
gaia-v3-03680,fit,login_failure,1625735762305,11.0,True,0.016989083465887234,0.47240491583943367,0.02300645145587623,0.3456871211528778,0.019524204772897066,0.9984663128852844
gaia-v3-03682,fit,login_failure,1625736463678,11.0,True,0.01787817031860565,0.3369640950113535,0.02474317215383053,0.3456871211528778,0.016906407681526615,0.9975882172584534
gaia-v3-03865,fit,login_failure,1625736542580,11.0,True,0.01726745392297744,0.45475810393691063,0.01923488383181393,0.3456871211528778,0.01691199833061546,0.9974364638328552
gaia-v3-03684,fit,login_failure,1625737578718,11.0,True,0.01633529546185552,0.3524416908621788,0.018400744488462805,0.3941918760538101,0.018606173067819327,1.0
gaia-v3-03685,fit,login_failure,1625737676308,11.0,True,0.017292238649679346,0.34877684712409973,0.024507455714046954,0.5637914091348648,0.01987119207973592,0.9977201819419861
gaia-v3-03686,fit,login_failure,1625737813503,11.0,True,0.01859675562688305,0.24996331334114075,0.023907799506559968,0.5781296491622925,0.021117931900080295,0.9990584254264832
gaia-v3-03870,fit,login_failure,1625738901828,11.0,True,0.020751266443645968,0.37153273075819016,0.031012092530727387,0.5181432813405991,0.020435282189864665,0.9974364638328552
gaia-v3-03687,fit,login_failure,1625740143812,11.0,True,0.016218178265019863,0.29788538813591003,0.027342699514701963,0.5181432813405991,0.02093424094025977,0.9979179501533508
gaia-v3-03873,fit,login_failure,1625740410912,11.0,True,0.014172359434693742,0.3294084668159485,0.017367151705548166,0.3456871211528778,0.017082124806474894,0.9972884654998779
gaia-v3-03688,fit,login_failure,1625740599419,11.0,True,0.017623033665586263,0.42752860486507416,0.020107642328366638,0.3456871211528778,0.017724084202200174,0.9973573088645935
gaia-v3-03874,fit,login_failure,1625740691831,11.0,True,0.015859971964528086,0.4457651786506176,0.014765430940315127,0.3456871211528778,0.015187228338327259,0.9977001547813416
gaia-v3-03875,fit,login_failure,1625740841744,11.0,True,0.01948647864361798,0.40000002086162567,0.022801952064037324,0.3456871211528778,0.01983129671541974,0.9972884654998779
gaia-v3-03689,fit,login_failure,1625741011532,11.0,True,0.01758336585238188,0.6671237871050835,0.022926571872085334,0.3456871211528778,0.01909080332610756,0.9981040358543396
gaia-v3-03691,fit,login_failure,1625742116593,11.0,True,0.016409547447741108,0.4881296791136265,0.026106976345181464,0.4218703508377075,0.01799257562495768,0.9979179501533508
gaia-v3-03879,fit,login_failure,1625743355948,11.0,True,0.01847782855781285,0.700032114982605,0.01634069881401956,0.3456871211528778,0.01890851740259677,0.9971895813941956
gaia-v3-03697,fit,login_failure,1625744469134,11.0,True,0.016705055097069512,0.3364895172417164,0.020037954626604914,0.3456871211528778,0.01820901917759329,0.9977084994316101
gaia-v3-03881,fit,login_failure,1625745305472,11.0,True,0.01597778585892229,0.573115199804306,0.02090851664543152,0.3456871211528778,0.017561780912801625,0.9990816712379456
gaia-v3-03698,fit,login_failure,1625746533896,11.0,True,0.012076574198727031,0.36415114998817444,0.022384335938841104,0.3456871211528778,0.018614674244308845,0.9975882172584534
gaia-v3-03882,fit,login_failure,1625747365795,11.0,True,0.017128651322855147,0.31956047378480434,0.014620427507907152,0.43359723687171936,0.017885756224859505,1.0
gaia-v3-03883,fit,login_failure,1625747599972,11.0,True,0.012619992625453354,0.2472950965166092,0.017869926616549493,0.3456871211528778,0.017662463397718965,0.9973214268684387
gaia-v3-03703,fit,login_failure,1625749221749,11.0,True,0.020298025941641148,0.38745562732219696,0.021337071526795627,0.3938048183917999,0.014488533921539783,0.9986094236373901
gaia-v3-03891,fit,login_failure,1625749461021,11.0,True,0.015318915477837435,0.34406283497810364,0.014958525402471423,0.5181432813405991,0.01376691807527095,1.0
gaia-v3-03892,fit,login_failure,1625749595852,11.0,True,0.015053853187904071,0.5225358754396439,0.02153902444988489,0.3456871211528778,0.014543945114128291,1.0
gaia-v3-03893,fit,login_failure,1625749780492,11.0,True,0.01992545685194879,0.3898184150457382,0.02229178948327899,0.3456871211528778,0.018871406156104057,0.99994957447052
gaia-v3-03894,fit,login_failure,1625750708708,11.0,True,0.016215539210194644,0.4000000059604645,0.029623715812340377,0.4111081063747406,0.020055688829161228,1.0
gaia-v3-03898,fit,login_failure,1625752225033,11.0,True,0.017421822460649612,0.3363597057759762,0.021785633405670524,0.5646723359823227,0.019121440376620738,0.9978813529014587
gaia-v3-03899,fit,login_failure,1625752467537,11.0,True,0.017010137768617522,0.39280440425500274,0.021283498546108604,0.3456871211528778,0.018015314924996348,0.9973214268684387
gaia-v3-03900,fit,login_failure,1625752559940,11.0,True,0.015797634789062917,0.3961941823363304,0.019828703068196774,0.3456871211528778,0.018576418085722253,0.9983586072921753
gaia-v3-03710,fit,login_failure,1625753071370,11.0,True,0.01515626081212152,0.392825111746788,0.023482110677286984,0.3456871211528778,0.01996610878733918,0.9995952248573303
gaia-v3-03903,fit,login_failure,1625754265468,11.0,True,0.015503640878402317,0.45781842432916164,0.01862341449595988,0.3456871211528778,0.016287863716715947,0.9975520968437195
gaia-v3-03712,fit,login_failure,1625754346049,11.0,True,0.018530367519997527,0.6000000089406967,0.032150226272642614,0.45815691351890564,0.01915827063494362,0.9976541996002197
gaia-v3-03904,fit,login_failure,1625754500704,11.0,True,0.014016581876057898,0.40000002086162567,0.016430517891421914,0.436208575963974,0.015145017348695547,0.9997530579566956
gaia-v3-03905,fit,login_failure,1625754851656,11.0,True,0.017127867873447635,0.4244621661491692,0.026693055080249904,0.6246587038040161,0.018662288242485375,0.9973705410957336
gaia-v3-03714,fit,login_failure,1625756456459,11.0,True,0.01211790826455399,0.4000000059604645,0.022472052183002234,0.3456871211528778,0.016012219085823745,0.9990697503089905
gaia-v3-03719,fit,login_failure,1625757595235,11.0,True,0.01941178523044679,0.3045487552881241,0.025204228097572924,0.7092047333717346,0.018292370433919132,0.9974445700645447
gaia-v3-03913,fit,login_failure,1625757902636,11.0,True,0.015723737185665717,0.34829798340797424,0.020792246283963322,0.4201399087905884,0.015255171731114387,1.0
gaia-v3-03914,fit,login_failure,1625758230288,11.0,True,0.023312602632601435,0.4447416253387928,0.022903631255030633,0.37815210223197937,0.018576470456318928,0.9988188743591309
gaia-v3-03915,fit,login_failure,1625758317208,11.0,True,0.01837918286085672,0.46340224891901016,0.027627593697980048,0.3456871211528778,0.02017180256196298,0.9974694848060608
gaia-v3-03916,fit,login_failure,1625758687914,11.0,True,0.013809276760245364,0.30000000447034836,0.012800153810530901,0.3456871211528778,0.015483934171497822,0.9976012706756592
gaia-v3-03721,fit,login_failure,1625759244510,11.0,True,0.014322825834096876,0.40000002086162567,0.014931316953152418,0.3456871211528778,0.017448630346916617,0.9976871609687805
gaia-v3-03722,fit,login_failure,1625759351629,11.0,True,0.015196762491056386,0.40000002086162567,0.02049977853894234,0.5781296491622925,0.013796057151630521,0.9989054203033447
gaia-v3-03921,fit,login_failure,1625759830319,11.0,True,0.01719266966295739,0.6419716775417328,0.016895790863782168,0.5781296491622925,0.014038126217201352,1.0
gaia-v3-03723,fit,login_failure,1625759985073,11.0,True,0.02321045019198209,0.44615083932876587,0.03428140659816563,0.8961774408817291,0.015902214855886995,0.9975435733795166
gaia-v3-04153,fit,login_failure,1625760061559,11.0,True,0.02050365656274759,0.800000011920929,0.03366569760255515,0.8651440143585205,0.017479312303476036,0.9991472959518433
gaia-v3-03970,fit,login_failure,1625760268837,11.0,True,0.019598277250770478,0.5727886967360973,0.021818522829562426,0.5181432813405991,0.01800343983108178,0.9982687830924988
gaia-v3-04155,fit,login_failure,1625760480950,11.0,True,0.015524386505906781,0.5648522973060608,0.01573042757809162,0.3456871211528778,0.016392881793435662,0.9980953931808472
gaia-v3-04157,fit,login_failure,1625761358269,11.0,True,0.028242771609438933,0.7013046555221081,0.021581147657707335,0.3456871211528778,0.017761984285898508,0.9974364638328552
gaia-v3-03979,fit,login_failure,1625762224535,11.0,True,0.01559033767747072,0.3716225326061249,0.01985232373699546,0.3821229338645935,0.01623226783121936,0.99788498878479
gaia-v3-04164,fit,login_failure,1625762322220,11.0,True,0.02021347804014416,0.44854072481393814,0.015428985981270672,0.5181432813405991,0.018982466318411752,0.9973543882369995
gaia-v3-04165,fit,login_failure,1625762503037,11.0,True,0.020853908634914358,0.39622472366318107,0.021348815271630885,0.3456871211528778,0.013857759914826602,0.9978155493736267
gaia-v3-04166,fit,login_failure,1625762956668,11.0,True,0.01843404613803917,0.34323742985725403,0.022780722100287677,0.45815691351890564,0.016302845333702864,0.9973214268684387
gaia-v3-04167,fit,login_failure,1625763179749,11.0,True,0.017226241557121588,0.40000002086162567,0.018784785689786077,0.3355938792228699,0.01367399989394471,0.9994909167289734
gaia-v3-04168,fit,login_failure,1625763427660,11.0,True,0.01741930041171145,0.3183846175670624,0.01579179656691849,0.3456871211528778,0.019623821880668402,0.9976342916488647
gaia-v3-03981,fit,login_failure,1625764562701,11.0,True,0.01985036685364321,0.5316013246774673,0.02539113238453865,0.45815691351890564,0.01776840348728001,0.9976212382316589
gaia-v3-04171,fit,login_failure,1625764830792,11.0,True,0.015591090010517897,0.40000002086162567,0.01949096005409956,0.3456871211528778,0.017143839859636502,0.9977826476097107
gaia-v3-03982,fit,login_failure,1625765976253,11.0,True,0.01721195897501578,0.39910776913166046,0.014388940529897809,0.3456871211528778,0.011553766131401062,0.9979179501533508
gaia-v3-04175,fit,login_failure,1625766086788,11.0,True,0.01840450911501345,0.4248749911785126,0.019972968054935335,0.3456871211528778,0.014207058995962142,0.9971235990524292
gaia-v3-03983,fit,login_failure,1625766913709,11.0,True,0.017551685872361607,0.39172831550240517,0.018033320317044854,0.3456871211528778,0.016627079294994473,0.9976541996002197
gaia-v3-03986,fit,login_failure,1625767630229,11.0,True,0.01778514546980053,0.40000002086162567,0.023797305300831795,0.5781296491622925,0.017826388675021006,0.9996824264526367
gaia-v3-04178,fit,login_failure,1625767826909,11.0,True,0.015964499889863266,0.2246626317501068,0.020447582472115755,0.6711877584457397,0.014768309500068426,0.9972555041313171
gaia-v3-03987,fit,login_failure,1625769012537,11.0,True,0.022673807216294032,0.32817649096250534,0.022195799741894007,0.3456871211528778,0.0156532599311322,0.9990584254264832
gaia-v3-03988,fit,login_failure,1625769416893,11.0,True,0.01833532995903321,0.319965235888958,0.021386457607150078,0.5781296491622925,0.01816096403868869,0.9973242878913879
gaia-v3-04179,fit,login_failure,1625769564983,11.0,True,0.017275704164543035,0.6000000238418579,0.018156090890988706,0.3973703160881996,0.0159749916754663,1.0
gaia-v3-03989,fit,login_failure,1625769727914,11.0,True,0.01697414237811851,0.3994108587503433,0.018220071867108344,0.3456871211528778,0.015718676305841655,0.9976425170898438
gaia-v3-04180,fit,login_failure,1625770322094,11.0,True,0.016663921071449296,0.45030550099909306,0.016477202204987405,0.34905119240283966,0.015500524253584445,0.9993770718574524
gaia-v3-03990,fit,login_failure,1625771424378,11.0,True,0.043031948869853905,0.867602426558733,0.011728144995868207,0.218104287981987,0.015308149913325906,1.0
gaia-v3-04181,fit,login_failure,1625771704919,11.0,True,0.02776120082659569,0.8486005067825317,0.01974775702692568,0.3456871211528778,0.01762174120405689,0.9983257055282593
gaia-v3-03991,fit,login_failure,1625772133541,11.0,True,0.0160145683514808,0.4000000059604645,0.016262722620740532,0.436208575963974,0.015768627484794705,0.9992227554321289
gaia-v3-04182,fit,login_failure,1625772432264,11.0,True,0.016690771183008716,0.30118128657341003,0.012809277884662152,0.3456871211528778,0.016681360737420617,0.9974203109741211
gaia-v3-03992,fit,login_failure,1625772682289,11.0,True,0.024094190304943672,0.7771831974387169,0.01635564984753728,0.3456871211528778,0.016004182817414402,0.9974892735481262
gaia-v3-04183,fit,login_failure,1625772757115,11.0,True,0.020507170458101125,0.41741756349802017,0.02081328211352229,0.3456871211528778,0.017530001406557857,1.0
gaia-v3-03993,fit,login_failure,1625772884551,11.0,True,0.017446021985961124,0.5000000223517418,0.015206663031131029,0.3821229338645935,0.015163703598082065,0.997609555721283
gaia-v3-04184,fit,login_failure,1625772993199,11.0,True,0.015717873231430226,0.48056063801050186,0.019571142597123982,0.5646723359823227,0.01605948659358546,1.0
gaia-v3-03995,fit,login_failure,1625773288208,11.0,True,0.030847433035523862,0.9267830066382885,0.03289950052276254,0.7092047333717346,0.019583157384768127,0.9993212819099426
gaia-v3-03998,fit,login_failure,1625773715375,11.0,True,0.023270266347390135,0.32060953974723816,0.02155276737175882,0.3456871211528778,0.016310200940351932,0.9990255236625671
gaia-v3-03999,fit,login_failure,1625773795704,11.0,True,0.028148294385755435,0.8888929188251495,0.014735680911689997,0.5781296491622925,0.01321413073921576,0.9981040358543396
gaia-v3-04188,fit,login_failure,1625774414346,11.0,True,0.027702166703556942,0.9461420066654682,0.016916063707321884,0.2818957045674324,0.016047919518314302,0.9990816712379456
gaia-v3-04000,fit,login_failure,1625774513050,11.0,True,0.02236599935082874,0.40000002086162567,0.020954129472374915,0.3456871211528778,0.015174766958225519,0.9979392886161804
gaia-v3-04189,fit,login_failure,1625774645454,11.0,True,0.014392537970707053,0.3334723562002182,0.016356730181723834,0.3456871211528778,0.01414073516963981,0.9983586072921753
gaia-v3-04192,fit,login_failure,1625775968223,11.0,True,0.019297946807152282,0.3890763819217682,0.020258999709039927,0.3456871211528778,0.016764988363720475,1.0
gaia-v3-04197,fit,login_failure,1625777639331,11.0,True,0.01607011526163357,0.35369211435317993,0.01590258996002376,0.3456871211528778,0.017192692388780417,0.9981611967086792
gaia-v3-04007,fit,login_failure,1625777837415,11.0,True,0.015480487735476344,0.40000002086162567,0.023067505145445467,0.3089904487133026,0.018070451410021632,0.9980497360229492
gaia-v3-04009,fit,login_failure,1625778124788,11.0,True,0.013158596623300885,0.28399016708135605,0.023012276412919162,0.3456871211528778,0.02055289677577093,1.0
gaia-v3-04010,fit,login_failure,1625778448103,11.0,True,0.016593753505731,0.4930228143930435,0.015153110073879362,0.3533506691455841,0.013615501393796876,1.0
gaia-v3-04199,fit,login_failure,1625778538746,11.0,True,0.012271274793116996,0.43702900409698486,0.013872981630265712,0.3941918760538101,0.014862649750430137,0.9995083212852478
gaia-v3-04202,fit,login_failure,1625779713452,11.0,True,0.0162499566123491,0.2891604006290436,0.033304895740002394,0.45815691351890564,0.020730331542436035,0.9974364638328552
gaia-v3-04018,fit,login_failure,1625780477809,11.0,True,0.013042161467213494,0.35376350581645966,0.01591785396449268,0.3456871211528778,0.015720047098584475,0.9975552558898926
gaia-v3-04019,fit,login_failure,1625780646843,11.0,True,0.01683063868525399,0.26193098723888397,0.016701441537588835,0.3456871211528778,0.01739532165462151,1.0
gaia-v3-04206,fit,login_failure,1625781093084,11.0,True,0.016205467107405034,0.4000000059604645,0.026399561436846852,1.0,0.01695913655683398,1.0
gaia-v3-04208,fit,login_failure,1625781432672,11.0,True,0.017281886551669838,0.34218379855155945,0.02308602286502719,0.3456871211528778,0.014783638259395958,0.9973214268684387
gaia-v3-04209,fit,login_failure,1625781833775,11.0,True,0.014057023585337447,0.36232319846749306,0.018353151390329003,0.3456871211528778,0.015018529158551246,0.9979142546653748
gaia-v3-04211,fit,login_failure,1625782182772,11.0,True,0.012958245289094823,0.24622243642807007,0.020613990863785146,0.3456871211528778,0.016291572105837985,0.9992941617965698
gaia-v3-04212,fit,login_failure,1625782313913,11.0,True,0.016154820862963486,0.2765369899570942,0.016166509315371513,0.3355938792228699,0.017517659596633164,0.9987033605575562
gaia-v3-04213,fit,login_failure,1625782576848,11.0,True,0.01645116598980773,0.5000000074505806,0.02202191944234073,0.2978704869747162,0.018272835726384072,1.0
gaia-v3-04025,fit,login_failure,1625782678437,11.0,True,0.019345216536263858,0.30000001937150955,0.022969772666692735,0.5781296491622925,0.017305994140915573,0.9994854927062988
gaia-v3-04214,fit,login_failure,1625782897176,11.0,True,0.018106014781127062,0.5506913959980011,0.02247162237763405,0.7092047333717346,0.018644780674949287,0.9975191354751587
gaia-v3-04026,fit,login_failure,1625783034194,11.0,True,0.01990551325143315,0.44786353409290314,0.015575040969997645,0.3456871211528778,0.016958073321729897,1.0
gaia-v3-04027,fit,login_failure,1625783244555,11.0,True,0.018330519511558428,0.2924586380831897,0.016991842072457075,0.3456871211528778,0.016557402149774133,0.9971262216567993
gaia-v3-04215,fit,login_failure,1625783857197,11.0,True,0.019400308381348926,0.3193063735961914,0.02314434596337378,0.5181432813405991,0.01696663155220449,0.9976342916488647
gaia-v3-04028,fit,login_failure,1625784219822,11.0,True,0.01761431429864994,0.5328933298587799,0.02120168642140925,0.3456871211528778,0.01758171191904694,0.9977201819419861
gaia-v3-04216,fit,login_failure,1625784497440,11.0,True,0.01526383223826997,0.33646467328071594,0.02064308412373066,0.3456871211528778,0.01643846054095775,0.9997705817222595
gaia-v3-04217,fit,login_failure,1625784572156,11.0,True,0.015401439097574136,0.2745400071144104,0.02228482635691762,0.3456871211528778,0.019109111055731775,0.9994581341743469
gaia-v3-04218,fit,login_failure,1625785035356,11.0,True,0.014424917148183643,0.28624621219933033,0.012370894709601999,0.3456871211528778,0.014545686300843954,0.9994754791259766
gaia-v3-04219,fit,login_failure,1625785239195,11.0,True,0.01558358945379344,0.3535940796136856,0.01306084105744958,0.3456871211528778,0.014582087739836425,0.9977496862411499
gaia-v3-04224,fit,login_failure,1625785860419,11.0,True,0.017826186055602496,0.30000000447034836,0.017132789455354215,0.3456871211528778,0.018316553339827804,0.9974861741065979
gaia-v3-04033,fit,login_failure,1625786334642,11.0,True,0.017010211119971547,0.4380000829696655,0.012946891458705067,0.3456871211528778,0.01401291748508811,0.9994526505470276
gaia-v3-04226,fit,login_failure,1625787822342,11.0,True,0.01428083181429732,0.38979846239089966,0.014088170975446701,0.3456871211528778,0.013976572290994227,0.9994581341743469
gaia-v3-04227,fit,login_failure,1625788011728,11.0,True,0.02102040647538767,0.3402925878763199,0.027581142634153365,0.5781296491622925,0.01520633218344301,0.9973873496055603
gaia-v3-04228,fit,login_failure,1625788171686,11.0,True,0.012883172800259975,0.23207325488328934,0.013861571718007327,0.3456871211528778,0.013190275076776743,0.9980953931808472
gaia-v3-04229,fit,login_failure,1625788282888,11.0,True,0.014345418727316428,0.35815031826496124,0.01288206847384572,0.3456871211528778,0.014004086083732546,0.9977660775184631
gaia-v3-04035,fit,login_failure,1625788684014,11.0,True,0.014253462645380447,0.3147600442171097,0.017026316793635487,0.436208575963974,0.014764849990606309,0.9978520274162292
gaia-v3-04230,fit,login_failure,1625788981396,11.0,True,0.01990759835462086,0.7021164819598198,0.019936973042786122,0.3456871211528778,0.015111891236156225,0.9975354075431824
gaia-v3-04235,fit,login_failure,1625790891809,11.0,True,0.018536068848334253,0.40000002086162567,0.021087141428142785,0.3456871211528778,0.018243190217763185,1.0
gaia-v3-04039,fit,login_failure,1625791014649,11.0,True,0.01921020351195087,0.27454362879507244,0.017567428713664412,0.3456871211528778,0.01617341068573296,0.9979392886161804
gaia-v3-04236,fit,login_failure,1625791105332,11.0,True,0.015079011404304765,0.6962839663028717,0.017357751494273543,0.436208575963974,0.015225830292329191,0.9977660775184631
gaia-v3-04040,fit,login_failure,1625791433888,11.0,True,0.02180343534273561,0.33320383727550507,0.02528194058686495,0.4547392502427101,0.017363690445199607,0.9981815218925476
gaia-v3-04238,fit,login_failure,1625792942897,11.0,True,0.016488316014874726,0.6215117573738098,0.016095598973333836,0.3456871211528778,0.017058748400304465,0.9974364638328552
gaia-v3-04239,fit,login_failure,1625793162441,11.0,True,0.015416068169967427,0.20000000298023224,0.016280396701768042,0.2818957045674324,0.017327864771941676,0.9975683689117432
gaia-v3-04042,fit,login_failure,1625793364070,11.0,True,0.01886726429462821,0.3833702728152275,0.02385844844393432,0.3456871211528778,0.017834732930641622,0.998202919960022
gaia-v3-04240,fit,login_failure,1625793592336,11.0,True,0.0167765760900996,0.3584729731082916,0.011315553169697522,0.6711877584457397,0.015828705062158405,0.9977660775184631
gaia-v3-04243,fit,login_failure,1625794135284,11.0,True,0.014759253466521235,0.29877057671546936,0.017060979874804615,0.3456871211528778,0.018882244748529047,0.9977660775184631
gaia-v3-04244,fit,login_failure,1625794405025,11.0,True,0.013693676760279534,0.44236332178115845,0.01860789991915226,0.45815691351890564,0.01736122158821672,0.9971235990524292
gaia-v3-04245,fit,login_failure,1625795113890,11.0,True,0.013322766027219284,0.33947964757680893,0.022002320596948267,0.3456871211528778,0.018855747994966806,0.9973543882369995
gaia-v3-04045,fit,login_failure,1625795423390,11.0,True,0.01741030558187049,0.4569774270057678,0.013710742024704814,0.22907845675945282,0.01682314872043207,0.9977744817733765
gaia-v3-04246,fit,login_failure,1625795730641,11.0,True,0.016174639402500666,0.6298066824674606,0.017316303914412856,0.3456871211528778,0.01795370128704235,0.9982761144638062
gaia-v3-04046,fit,login_failure,1625795838820,11.0,True,0.01641319681002642,0.41929861903190613,0.01803996888920665,0.3456871211528778,0.018757569373119624,0.9974563121795654
gaia-v3-04247,fit,login_failure,1625795913100,11.0,True,0.017332301825323762,0.3914555348455906,0.017458336101844905,0.45815691351890564,0.020407970633823425,0.9974694848060608
gaia-v3-04047,fit,login_failure,1625796719579,11.0,True,0.025595779002833295,0.6000000238418579,0.022379830246791244,0.5668810456991196,0.018166562230326234,0.9977414608001709
gaia-v3-04255,fit,login_failure,1625799007532,11.0,True,0.017634207663165095,0.4274815768003464,0.018330013612285256,0.5781296491622925,0.015703710506204515,0.9973214268684387
gaia-v3-04051,fit,login_failure,1625799234480,11.0,True,0.014809479408480304,0.30000001937150955,0.010598545148968696,0.3456871211528778,0.015951617113314567,0.9978733658790588
gaia-v3-04054,fit,login_failure,1625799703370,11.0,True,0.020801469894407395,0.5591743309050798,0.0260464979801327,0.45534050464630127,0.024359634739812463,0.9992011785507202
gaia-v3-04256,fit,login_failure,1625801117528,11.0,True,0.02015500471316045,0.4545179307460785,0.026995120150968433,0.436208575963974,0.021883430876769125,1.0
gaia-v3-04060,fit,login_failure,1625801347169,11.0,True,0.013403166368273862,0.47218357026576996,0.02213076106272638,0.3456871211528778,0.017061323968227952,0.9977201819419861
gaia-v3-04061,fit,login_failure,1625801635691,11.0,True,0.015915795463176133,0.2844233959913254,0.020409952430054546,0.41148096323013306,0.0156314602564089,0.9978733658790588
gaia-v3-04257,fit,login_failure,1625801821964,11.0,True,0.016422935643155747,0.36978766322135925,0.03408817867748439,0.6711877584457397,0.020587785484967754,0.9973045587539673
gaia-v3-04067,fit,login_failure,1625803226331,11.0,True,0.019635922346302927,0.6026952117681503,0.01981831081211567,0.3909478485584259,0.01541872624773532,1.0
gaia-v3-04260,fit,login_failure,1625804424760,11.0,True,0.021591837753658184,0.4000000059604645,0.014831918897107244,0.3456871211528778,0.016108111914945766,0.9992129802703857
gaia-v3-04261,fit,login_failure,1625805457621,11.0,True,0.02270094578464826,0.4000000059604645,0.035108540765941144,0.3456871211528778,0.020111088736448436,0.9976012706756592
gaia-v3-04069,fit,login_failure,1625805832841,11.0,True,0.0183279803187664,0.5929946303367615,0.01771381963044405,0.45815691351890564,0.018763505667448045,0.9974563121795654
gaia-v3-04070,fit,login_failure,1625806166100,11.0,True,0.015340838224316637,0.5079655945301056,0.021449237177148462,0.5224427580833435,0.018156765059102326,0.9976541996002197
gaia-v3-04071,fit,login_failure,1625806621897,11.0,True,0.013638463688160603,0.39187241718173027,0.02311332952231169,0.4111081063747406,0.01567160855047405,0.999004065990448
gaia-v3-04264,fit,login_failure,1625806879656,11.0,True,0.022539861589514962,0.7374234572052956,0.015777512546628715,0.6246587038040161,0.015509905216749758,0.9998185634613037
gaia-v3-04072,fit,login_failure,1625807146663,11.0,True,0.018124794306155916,0.45246442407369614,0.024337269132956862,0.5781296491622925,0.018206138419918715,0.9965313673019409
gaia-v3-04073,fit,login_failure,1625807729802,11.0,True,0.019030589181056712,0.40000002086162567,0.022275620233267547,0.5781296491622925,0.019952180953696372,0.997609555721283
gaia-v3-04074,fit,login_failure,1625807882269,11.0,True,0.01556426895573774,0.39984758011996746,0.017526259040459992,0.3456871211528778,0.016514255141373724,0.9976541996002197
gaia-v3-04265,fit,login_failure,1625808029104,11.0,True,0.01807276763235374,0.36111806333065033,0.021149072563275695,0.45815691351890564,0.020188360675238073,0.9966617226600647
gaia-v3-04076,fit,login_failure,1625808842126,11.0,True,0.022324613323386682,0.6260093301534653,0.017345813615247608,0.3456871211528778,0.01717412060359493,0.9980381727218628
gaia-v3-04267,fit,login_failure,1625809091034,11.0,True,0.012579192813670185,0.2544141300022602,0.014801969099789859,0.3821229338645935,0.017661712202243506,0.9993269443511963
gaia-v3-04077,fit,login_failure,1625809165709,11.0,True,0.015927308572766682,0.2510513588786125,0.016276300558820365,0.3456871211528778,0.015672308634966613,0.9995623826980591
gaia-v3-04268,fit,login_failure,1625809651256,11.0,True,0.018304579854157055,0.46734650433063507,0.022757241595536472,0.6246587038040161,0.01523209005012177,0.9973045587539673
gaia-v3-04078,fit,login_failure,1625809773896,11.0,True,0.017104839158128014,0.6341219395399094,0.01752674556337297,0.3456871211528778,0.016994414578657597,0.9976871609687805
gaia-v3-04269,fit,login_failure,1625809878462,11.0,True,0.017810807064279288,0.437716506421566,0.018837207509204746,0.436208575963974,0.014638720988295972,0.9977660775184631
gaia-v3-04079,fit,login_failure,1625810578933,11.0,True,0.013479535060469061,0.42683494091033936,0.025932202022522687,0.3456871211528778,0.018444488591048868,0.9980497360229492
gaia-v3-04272,fit,login_failure,1625810939408,11.0,True,0.01562471553091503,0.5306170582771301,0.016066996240988375,0.251047819852829,0.017327674345578997,1.0
gaia-v3-04273,fit,login_failure,1625811471467,11.0,True,0.015376737369297188,0.4000000059604645,0.01597308269701898,0.3456871211528778,0.0158788066287525,1.0
gaia-v3-04274,fit,login_failure,1625811587654,11.0,True,0.018900102611708765,0.46427780389785767,0.026052250526845455,0.436208575963974,0.024761891886591912,0.996826708316803
gaia-v3-04275,fit,login_failure,1625811804386,11.0,True,0.017923111188186642,0.35700394213199615,0.015003744512796402,0.436208575963974,0.015725914009381087,0.9985390901565552
gaia-v3-04082,fit,login_failure,1625812145950,11.0,True,0.022711799200139163,0.2990563213825226,0.026356750447303057,0.3456871211528778,0.020417176741175352,0.9979509115219116
gaia-v3-04276,fit,login_failure,1625812447680,11.0,True,0.01876169636088889,0.34451862424612045,0.023724939627572893,0.3456871211528778,0.018685142644681036,0.9988188743591309
gaia-v3-04277,fit,login_failure,1625812783899,11.0,True,0.015513156174711185,0.4169810269959271,0.022418218199163675,0.3973703160881996,0.01862284692004323,0.9977001547813416
gaia-v3-04083,fit,login_failure,1625812940296,11.0,True,0.015329019691368255,0.4179908484220505,0.016128286765888334,0.7092047333717346,0.016982267182320356,0.9976871609687805
gaia-v3-04084,fit,login_failure,1625813145506,11.0,True,0.01226391944316371,0.5582907013595104,0.01842260090634227,0.3456871211528778,0.01602229305775836,1.0
gaia-v3-04085,fit,login_failure,1625813387488,11.0,True,0.013527972045509765,0.40000002086162567,0.015534396702423691,0.5181432813405991,0.016223472363781185,1.0
gaia-v3-04086,fit,login_failure,1625813592755,11.0,True,0.015633139191534914,0.40000002086162567,0.024010792979970573,0.3821229338645935,0.019317160183563827,0.9977201819419861
gaia-v3-04278,fit,login_failure,1625813813893,11.0,True,0.013575533807549315,0.40000002086162567,0.014171810727566481,0.3456871211528778,0.016548822154290974,0.9981282949447632
gaia-v3-04279,fit,login_failure,1625814576831,11.0,True,0.01567855052247372,0.24472118448466063,0.01959812380373478,0.3456871211528778,0.01585277265869081,0.9990488290786743
gaia-v3-04087,fit,login_failure,1625814742561,11.0,True,0.011869901737857921,0.39194566011428833,0.015118018770590425,0.3456871211528778,0.01647207231959328,0.9977531433105469
gaia-v3-04088,fit,login_failure,1625815239581,11.0,True,0.015625644013198325,0.5322662256658077,0.023732043989002704,0.3456871211528778,0.017839828245341777,0.9981369972229004
gaia-v3-04281,fit,login_failure,1625816709413,11.0,True,0.027767122757359174,0.5635714530944824,0.02977279732003808,0.45815691351890564,0.01838374699698761,1.0
gaia-v3-04282,fit,login_failure,1625817438397,11.0,True,0.015668692865923126,0.4000000059604645,0.01749766068533063,0.3456871211528778,0.016424982452299446,0.9973214268684387
gaia-v3-04091,fit,login_failure,1625817677835,11.0,True,0.013384793169097974,0.3065755218267441,0.015404114965349436,0.6246587038040161,0.014398839799687266,0.9995511770248413
gaia-v3-04286,fit,login_failure,1625818522844,11.0,True,0.01765507621166762,0.283469557762146,0.018646637396886944,0.3456871211528778,0.017623185062548147,1.0
gaia-v3-04287,fit,login_failure,1625818906003,11.0,True,0.016888334930808924,0.30814410746097565,0.021402269275858997,0.3456871211528778,0.016282519901869817,1.0
gaia-v3-04096,fit,login_failure,1625819238058,11.0,True,0.016198202478699388,0.3041508998721838,0.022506484156474472,0.31934288144111633,0.018851000706199557,0.9976212382316589
gaia-v3-04097,fit,login_failure,1625819465204,11.0,True,0.016105882192884263,0.3857881464064121,0.021485707117244603,0.3456871211528778,0.01817501439480111,0.9978190660476685
gaia-v3-04098,fit,login_failure,1625819545569,11.0,True,0.02174403606186388,0.5484199970960617,0.01678331820294261,0.31957560777664185,0.01593572407728061,0.9978190660476685
gaia-v3-04099,fit,login_failure,1625820419025,11.0,True,0.01634962117653534,0.3011790066957474,0.02365972804836929,0.3456871211528778,0.02063520411495119,0.9979392886161804
gaia-v3-04294,fit,login_failure,1625820620564,11.0,True,0.014162801004689148,0.3101477697491646,0.01642081937752664,0.5181432813405991,0.0171957317518536,0.9990159869194031
gaia-v3-04295,fit,login_failure,1625820946375,11.0,True,0.015510782813847376,0.5000000223517418,0.028018057765439152,0.3909478485584259,0.0238065190508496,0.9979801177978516
gaia-v3-04100,fit,login_failure,1625821767256,11.0,True,0.01678804555873891,0.31595178437419236,0.022085935389623047,0.3456871211528778,0.017615241218591107,1.0
gaia-v3-04296,fit,login_failure,1625821874944,11.0,True,0.01916466726221794,0.3451697304844856,0.03042460777796805,0.3456871211528778,0.021252096032258125,1.0
gaia-v3-04297,fit,login_failure,1625822156814,11.0,True,0.014603627639356393,0.34514227556064725,0.019382019340991975,0.3456871211528778,0.017001231255708262,0.9979801177978516
gaia-v3-04101,fit,login_failure,1625822433886,11.0,True,0.013273562129567533,0.26021138206124306,0.01540752281434834,0.37361083924770355,0.020869047604501246,0.99788498878479
gaia-v3-04298,fit,login_failure,1625822818154,11.0,True,0.011322142428010313,0.2609008150175214,0.021491406206041574,0.3456871211528778,0.01952136315056123,0.9975191354751587
gaia-v3-04102,fit,login_failure,1625822912431,11.0,True,0.015558286694673977,0.41531556844711304,0.020761389331892133,0.5781296491622925,0.01888427051133476,0.9979509115219116
gaia-v3-04103,fit,login_failure,1625823522380,11.0,True,0.019272991771867965,0.4140425845980644,0.018771394761279224,0.3456871211528778,0.01859466849360615,0.9977861046791077
gaia-v3-04299,fit,login_failure,1625823814173,11.0,True,0.017296783569084557,0.6392093859612942,0.025212234910577537,0.3973703160881996,0.02175796960364096,0.9975683689117432
gaia-v3-04304,fit,login_failure,1625825052264,11.0,True,0.014196727092955068,0.40000002086162567,0.023750670114532114,0.6246587038040161,0.018751406794181094,0.9983915090560913
gaia-v3-04105,fit,login_failure,1625825135948,11.0,True,0.013102439030626556,0.46417056769132614,0.023629512684419752,0.5181432813405991,0.018021347015164793,0.9979722499847412
gaia-v3-04305,fit,login_failure,1625825506468,11.0,True,0.016977991820992126,0.3378824442625046,0.021434757625684142,0.34905119240283966,0.019494175851577894,0.9973543882369995
gaia-v3-04106,fit,login_failure,1625825945142,11.0,True,0.01747530576879702,0.625047355890274,0.015244519803673029,0.3456871211528778,0.015240926519036293,0.9977531433105469
gaia-v3-04306,fit,login_failure,1625827288138,11.0,True,0.011523716434445911,0.4490639418363571,0.023364723660051823,0.3456871211528778,0.018270655150990932,0.9972555041313171
gaia-v3-04309,fit,login_failure,1625828811868,11.0,True,0.012229106570399988,0.30000001937150955,0.01815031669102609,0.3456871211528778,0.01591324483160861,0.9974203109741211
gaia-v3-04310,fit,login_failure,1625828913148,11.0,True,0.013812028131602953,0.7154340818524361,0.01799518461339176,0.28906482458114624,0.017396271832985803,0.9973705410957336
gaia-v3-04311,fit,login_failure,1625829554970,11.0,True,0.021435499399478884,0.5717786997556686,0.022612872440367936,0.5781296491622925,0.01730459453072399,0.9989332556724548
gaia-v3-04312,fit,login_failure,1625829731312,11.0,True,0.017675270428784036,0.4756273254752159,0.021720211673527955,0.4935836046934128,0.015636836318299173,0.9978813529014587
gaia-v3-04112,fit,login_failure,1625830253788,11.0,True,0.0218902735747785,0.5927856415510178,0.019182987650856374,0.3456871211528778,0.017897056518122553,0.9975222945213318
gaia-v3-04113,fit,login_failure,1625830682227,11.0,True,0.015301340274163522,0.4554162099957466,0.026383091369643806,0.3456871211528778,0.022283988625276835,0.9970483779907227
gaia-v3-04313,fit,login_failure,1625830857335,11.0,True,0.016930126786852875,0.2389518916606903,0.02241483433172107,0.5781296491622925,0.015320847999537363,0.9973873496055603
gaia-v3-04114,fit,login_failure,1625831429372,11.0,True,0.015846649704811474,0.37125539779663086,0.01827138289809227,0.3456871211528778,0.015047534261830151,0.9975222945213318
gaia-v3-04116,fit,login_failure,1625832206365,11.0,True,0.030018429053598084,0.7242029309272766,0.0160594976041466,0.5181432813405991,0.018437022087164225,1.0
gaia-v3-04117,fit,login_failure,1625833115931,11.0,True,0.014927178678287115,0.3631078749895096,0.01298557622358203,0.3456871211528778,0.01573962882044725,0.9981485605239868
gaia-v3-04118,fit,login_failure,1625833316775,11.0,True,0.0160431315782868,0.275228776037693,0.01551612513139844,0.5781296491622925,0.018078237406443806,0.997510552406311
gaia-v3-04119,fit,login_failure,1625834237059,11.0,True,0.015156737820749793,0.3160302937030792,0.019980104360729455,0.3955802470445633,0.016944697627332063,0.99788498878479
gaia-v3-04316,fit,login_failure,1625834334648,11.0,True,0.021231863321978985,0.40000002086162567,0.02248069257475436,0.3456871211528778,0.018574284140486272,0.9979472160339355
gaia-v3-04319,fit,login_failure,1625836021544,11.0,True,0.019460617585112534,0.4311102628707886,0.023146897554397583,0.3456871211528778,0.016725434185937048,0.9974532723426819
gaia-v3-04122,fit,login_failure,1625836413380,11.0,True,0.014685679734733033,0.30000001192092896,0.020098195318132638,0.3456871211528778,0.016242751642130314,0.9993982315063477
gaia-v3-04123,fit,login_failure,1625836545464,11.0,True,0.015590666493517346,0.33796438574790955,0.02162820231169462,0.3456871211528778,0.016935983260627837,0.9993982315063477
gaia-v3-04320,fit,login_failure,1625837299996,11.0,True,0.019656274983572076,0.3543395698070526,0.016799959633499385,0.2836604118347168,0.01387197817210108,0.9974694848060608
gaia-v3-04129,fit,login_failure,1625838563582,11.0,True,0.0170470545334562,0.4000000059604645,0.018498242320492863,0.3456871211528778,0.01894407912855968,0.9981485605239868
gaia-v3-04132,fit,login_failure,1625839095798,11.0,True,0.016451197788046556,0.40000002086162567,0.01953369742259383,0.5181432813405991,0.01511293530347757,0.9978733658790588
gaia-v3-04138,fit,login_failure,1625840304168,11.0,True,0.0228617386649906,0.4266381002962589,0.017435257229954003,0.34905119240283966,0.01631152828456834,0.9980168342590332
gaia-v3-04139,fit,login_failure,1625840470752,11.0,True,0.01873595510502734,0.5074719190597534,0.027611520187929273,0.36886200308799744,0.02216385885956697,0.9995183348655701
gaia-v3-04142,fit,login_failure,1625840883160,11.0,True,0.014365574694238603,0.4000000059604645,0.016286964574828745,0.6711877584457397,0.015079714683815837,0.9979063272476196
gaia-v3-04325,fit,login_failure,1625842248391,11.0,True,0.01587029406670505,0.2330082505941391,0.017866298370063306,0.3456871211528778,0.014442358311498538,0.9966113567352295
gaia-v3-04145,fit,login_failure,1625842401718,11.0,True,0.017251413955485382,0.4315530098974705,0.017384863598272203,0.3456871211528778,0.01663108133827336,1.0
gaia-v3-04147,fit,login_failure,1625843389615,11.0,True,0.013223110123241592,0.40000002086162567,0.016225618403404952,0.3456871211528778,0.018704898487776518,0.9976755380630493
gaia-v3-04328,fit,login_failure,1625844088240,11.0,True,0.016591982768053033,0.49926242232322693,0.02310978313907981,0.5781296491622925,0.01527860640315339,0.9977990388870239
gaia-v3-04329,fit,login_failure,1625844390012,11.0,True,0.016307646492532513,0.30000000447034836,0.017994924914091825,0.22961747646331787,0.017114042630419136,0.9984573125839233
gaia-v3-04332,fit,login_failure,1625846175844,11.0,True,0.024835523841708586,0.5797888785600662,0.018790243985131384,0.5781296491622925,0.016243780055083333,1.0
gaia-v3-04333,fit,login_failure,1625846298861,11.0,True,0.0158263626518116,0.33829841017723083,0.018533917749300598,0.2818957045674324,0.013990789963863791,0.9992613792419434
gaia-v3-04582,fit,login_failure,1625846881701,11.0,True,0.01940684478637801,0.4773322194814682,0.022989462967962025,0.3456871211528778,0.017144671680871398,0.9977001547813416
gaia-v3-04583,fit,login_failure,1625847146388,11.0,True,0.013594137361239215,0.40000002086162567,0.015012460481375455,0.3456871211528778,0.016436598959844558,0.9975354075431824
gaia-v3-04586,fit,login_failure,1625847516115,11.0,True,0.0186190096802117,0.4195721298456192,0.026226829318329693,0.4201399087905884,0.01980445660185069,0.9975683689117432
gaia-v3-04380,fit,login_failure,1625848078644,11.0,True,0.01688893021006758,0.2706564664840698,0.018408800987526775,0.3456871211528778,0.0145007503638044,0.997840404510498
gaia-v3-04381,fit,login_failure,1625848152855,11.0,True,0.018181305397107887,0.42026232182979584,0.018613168457522988,0.3456871211528778,0.015754597688792272,0.9971592426300049
gaia-v3-04382,fit,login_failure,1625848250893,11.0,True,0.01933904453374756,0.6818757727742195,0.015406978596001864,0.3821229338645935,0.014979558549821376,0.9975435733795166
gaia-v3-04385,fit,login_failure,1625848503884,11.0,True,0.015047396456551117,0.4000000059604645,0.019347786018624902,0.34905119240283966,0.013731953226961196,0.9973455667495728
gaia-v3-04588,fit,login_failure,1625848621608,11.0,True,0.017611375292229545,0.4748071879148483,0.020437371637672185,0.436208575963974,0.015321387085132301,0.9972555041313171
gaia-v3-04386,fit,login_failure,1625848741249,11.0,True,0.013436643606110011,0.2213767170906067,0.019720326503738762,0.3456871211528778,0.013543761500623077,0.9977414608001709
gaia-v3-04589,fit,login_failure,1625849187383,11.0,True,0.018184608494145018,0.4631938710808754,0.01946058268658817,0.3456871211528778,0.015593087705783546,0.9993442893028259
gaia-v3-04591,fit,login_failure,1625849884916,11.0,True,0.01934630207324517,0.4527694880962372,0.028006890416145326,0.3456871211528778,0.016128475468140096,0.997024655342102
gaia-v3-04592,fit,login_failure,1625850243339,11.0,True,0.016867272848200325,0.440958708524704,0.017961133224889635,0.3456871211528778,0.013718927442096174,0.997106671333313
gaia-v3-04595,fit,login_failure,1625852631690,11.0,True,0.01908044372976292,0.40000002086162567,0.01823915573768318,0.3456871211528778,0.014852389302104712,0.9973214268684387
gaia-v3-04596,fit,login_failure,1625852914799,11.0,True,0.018194763630647988,0.39940401166677475,0.019834829773753882,0.3456871211528778,0.01663041208870709,0.9970576763153076
gaia-v3-04393,fit,login_failure,1625853036635,11.0,True,0.016157491554380007,0.3727579861879349,0.026683325273916127,0.5873745679855347,0.018838293384760618,0.9977531433105469
gaia-v3-04603,fit,login_failure,1625854818892,11.0,True,0.018736999734149624,0.2682287096977234,0.01916061695665121,0.3533506691455841,0.01671126499772072,1.0
gaia-v3-04397,fit,login_failure,1625854950757,11.0,True,0.017047335615886065,0.35211651865392923,0.024643921153619887,0.4902998208999634,0.015795563855208458,0.9993982315063477
gaia-v3-04398,fit,login_failure,1625855302032,11.0,True,0.01683181422801378,0.34091468062251806,0.020597981521859765,0.6246587038040161,0.016723636590177192,0.997840404510498
gaia-v3-04399,fit,login_failure,1625855428780,11.0,True,0.01621730343613308,0.6000000238418579,0.014383723214268684,0.3456871211528778,0.01374329646350816,0.9981369972229004
gaia-v3-04605,fit,login_failure,1625855802507,11.0,True,0.012367300101323054,0.4000000059604645,0.01613945923745632,0.3821229338645935,0.01768048861529678,0.9969257116317749
gaia-v3-04609,fit,login_failure,1625856694131,11.0,True,0.019196510114124977,0.9069455564022064,0.023469207296147942,0.5224427580833435,0.01667189978645183,0.9974203109741211
gaia-v3-04405,fit,login_failure,1625856973187,11.0,True,0.01790885831142077,0.4171777069568634,0.020089679351076483,0.3821229338645935,0.017833763669477774,0.9966186285018921
gaia-v3-04611,fit,login_failure,1625857949352,11.0,True,0.03693320442204519,0.7080605700612068,0.02499472424387932,0.3456871211528778,0.017834294046042486,1.0
gaia-v3-04407,fit,login_failure,1625858236443,11.0,True,0.017219517394551076,0.4000000059604645,0.025430003367364406,0.3456871211528778,0.015585806833114476,0.9976755380630493
gaia-v3-04612,fit,login_failure,1625858340387,11.0,True,0.018790095270378514,0.4000000059604645,0.027825572388246657,0.5286339521408081,0.019410648361081258,0.9978155493736267
gaia-v3-04408,fit,login_failure,1625858857675,11.0,True,0.017252368032738257,0.6097238063812256,0.023565394710749386,0.3456871211528778,0.01725786127848551,0.9982687830924988
gaia-v3-04410,fit,login_failure,1625859459397,11.0,True,0.018518348288489507,0.4000000059604645,0.023368735378608108,0.3456871211528778,0.018792663037311287,0.9997480511665344
gaia-v3-04614,fit,login_failure,1625859735273,11.0,True,0.03143012905978442,0.930955994874239,0.018966922955587506,0.3456871211528778,0.01569194733398035,0.9966113567352295
gaia-v3-04617,fit,login_failure,1625860058568,11.0,True,0.023509774963410262,0.6461426615715027,0.03124555917456746,0.42512595653533936,0.018787108140531927,0.996727705001831
gaia-v3-04618,fit,login_failure,1625860153188,11.0,True,0.025844491773144303,0.4956037253141403,0.02720417072996497,0.4201399087905884,0.015480151204392313,0.9969587326049805
gaia-v3-04418,fit,login_failure,1625860721709,11.0,True,0.01944325747899711,0.6991489827632904,0.018534467602148653,0.3456871211528778,0.014014450134709477,0.9977861046791077
gaia-v3-04624,fit,login_failure,1625861917802,11.0,True,0.024014481870108285,0.5410845726728439,0.020927054155617953,0.3456871211528778,0.017435496733523907,0.9965956807136536
gaia-v3-04626,fit,login_failure,1625862500973,11.0,True,0.018970629209555532,0.4332999587059021,0.01763646472245455,0.6711877584457397,0.015315593277337029,0.9995564818382263
gaia-v3-04627,fit,login_failure,1625862749748,11.0,True,0.01898476509474373,0.4588891416788101,0.020972098037600518,0.3456871211528778,0.013683320367708801,0.996826708316803
gaia-v3-04628,fit,login_failure,1625862848492,11.0,True,0.014050437835248886,0.5000000074505806,0.016580560058355332,0.3909478485584259,0.016745195240946486,0.9980953931808472
gaia-v3-04629,fit,login_failure,1625863524629,11.0,True,0.015459025548807404,0.38837870955467224,0.016944682179018854,0.436208575963974,0.016503081906121222,0.9974364638328552
gaia-v3-04630,fit,login_failure,1625863668392,11.0,True,0.01518515931481185,0.554145559668541,0.01680296971462667,0.3821229338645935,0.014922456099884584,0.9976012706756592
gaia-v3-04631,fit,login_failure,1625864073603,11.0,True,0.01553282530803699,0.4000000059604645,0.02428323929198086,0.3456871211528778,0.01595548164099455,0.9976342916488647
gaia-v3-04424,fit,login_failure,1625864862914,11.0,True,0.017255596489121672,0.3798419199883938,0.017493418185040355,0.3456871211528778,0.015341065156972035,0.9985765814781189
gaia-v3-04632,fit,login_failure,1625864946755,11.0,True,0.013286276941653342,0.29221947118639946,0.017425614362582564,0.3456871211528778,0.01579532491741702,0.9981940984725952
gaia-v3-04633,fit,login_failure,1625865061758,11.0,True,0.012199120161434015,0.4000000059604645,0.01608124151825905,0.3456871211528778,0.013718403117964044,1.0
gaia-v3-04425,fit,login_failure,1625865171756,11.0,True,0.01782121166276435,0.4000000059604645,0.017812976939603688,0.3456871211528778,0.01695500116678886,0.9984992146492004
gaia-v3-04427,fit,login_failure,1625866267910,11.0,True,0.01848554032382405,0.4000000059604645,0.02585398033261299,0.6711877584457397,0.01755521927960217,0.9973785877227783
gaia-v3-04428,fit,login_failure,1625866576707,11.0,True,0.020230456117618208,0.3900417387485504,0.020397222181782127,0.3456871211528778,0.01548014192841947,0.9989926815032959
gaia-v3-04637,fit,login_failure,1625867012183,11.0,True,0.02176892521092668,0.47338996082544327,0.03673519636504352,0.5181432813405991,0.01779987576417625,0.9972386360168457
gaia-v3-04638,fit,login_failure,1625867098676,11.0,True,0.02109094922003957,0.687248632311821,0.023898953385651112,0.3456871211528778,0.01617797652259469,0.9990645051002502
gaia-v3-04430,fit,login_failure,1625867991453,11.0,True,0.015845753392447173,0.45593923330307007,0.015474288584664464,0.3456871211528778,0.01603376157116145,0.9970932006835938
gaia-v3-04642,fit,login_failure,1625868182867,11.0,True,0.012215069851178366,0.3156891539692879,0.019417446572333574,0.3456871211528778,0.01610592592624016,0.9973705410957336
gaia-v3-04431,fit,login_failure,1625868441766,11.0,True,0.019572901673867212,0.43258196860551834,0.02128918650560081,0.3456871211528778,0.0184313549392391,0.997246503829956
gaia-v3-04432,fit,login_failure,1625868536613,11.0,True,0.024815316970731752,0.6246715784072876,0.020785342995077373,0.3456871211528778,0.017338546029059217,0.9971144199371338
gaia-v3-04433,fit,login_failure,1625868662263,11.0,True,0.018019250920042397,0.37920792400836945,0.020284233195707203,0.3456871211528778,0.015581696544541047,1.0
gaia-v3-04646,fit,login_failure,1625869487459,11.0,True,0.024358348672588667,0.6024210453033447,0.021232104627415538,0.3456871211528778,0.017350026029162108,0.9975024461746216
gaia-v3-04436,fit,login_failure,1625870050944,11.0,True,0.01702222192689078,0.4777577593922615,0.02337435558438301,0.3456871211528778,0.01844898661132902,0.997840404510498
gaia-v3-04437,fit,login_failure,1625870122151,11.0,True,0.015997103999446458,0.4225118085741997,0.01865445259027183,0.3456871211528778,0.01778264748165384,0.9978190660476685
gaia-v3-04438,fit,login_failure,1625870379807,11.0,True,0.016935674279617768,0.4915926456451416,0.016500237723812462,0.5646723359823227,0.01702300357981585,0.9971144199371338
gaia-v3-04439,fit,login_failure,1625870902259,11.0,True,0.02253169535736864,0.4000000059604645,0.02187618175521493,0.6711877584457397,0.01696584023302421,0.9973125457763672
gaia-v3-04647,fit,login_failure,1625870991666,11.0,True,0.024020437101717106,0.6705364882946014,0.022457318333908915,0.3821229338645935,0.01777749975444749,0.9976671934127808
gaia-v3-04440,fit,login_failure,1625871314983,11.0,True,0.020682299985007074,0.3863612487912178,0.027749140607193114,0.3456871211528778,0.01869589806185104,0.9971474409103394
gaia-v3-04441,fit,login_failure,1625871408213,11.0,True,0.013579416709641615,0.38092905282974243,0.017761793499812484,0.3821229338645935,0.014222291597397997,0.99788498878479
gaia-v3-04648,fit,login_failure,1625871547832,11.0,True,0.01631192631806092,0.440208300948143,0.021436714706942438,0.4201399087905884,0.01425798367941752,0.9970736503601074
gaia-v3-04446,fit,login_failure,1625872714269,11.0,True,0.016693502378742172,0.33114035427570343,0.018642414081841707,0.3456871211528778,0.018002700945362448,0.9971922039985657
gaia-v3-04652,fit,login_failure,1625872829921,11.0,True,0.01184770126613633,0.5413274355232716,0.02084487318061292,0.7092047333717346,0.01615271996706724,1.0
gaia-v3-04653,fit,login_failure,1625873151928,11.0,True,0.01847351659380365,0.5236203670501709,0.019204501947388052,0.5181432813405991,0.014977346535306423,0.9975024461746216
gaia-v3-04447,fit,login_failure,1625873256170,11.0,True,0.014897837057408955,0.45663099735975266,0.026646166294813155,0.5637913942337036,0.019660627637058496,0.9979063272476196
gaia-v3-04654,fit,login_failure,1625873482830,11.0,True,0.01715190585067224,0.40000002086162567,0.01737380474805832,0.3941918760538101,0.016018454092554747,0.9967765212059021
gaia-v3-04659,fit,login_failure,1625875135773,11.0,True,0.019748870920739136,0.4000000059604645,0.021775522315874696,0.3456871211528778,0.016177472906420007,0.9978649020195007
gaia-v3-04454,fit,login_failure,1625875732597,11.0,True,0.02026034502972228,0.4191498402506113,0.022995256818830967,0.3753412961959839,0.015790504270698877,0.9970483779907227
gaia-v3-04660,fit,login_failure,1625876223723,11.0,True,0.012511312289279885,0.40000002086162567,0.021318071661517023,1.0,0.013944555406924337,0.9978978037834167
gaia-v3-04661,fit,login_failure,1625876649620,11.0,True,0.015756364285577244,0.40655654668807983,0.018418936477974057,0.3456871211528778,0.013338574273511768,0.9966286420822144
gaia-v3-04455,fit,login_failure,1625876810090,11.0,True,0.01713867741236754,0.3788081556558609,0.0161146467551589,0.3456871211528778,0.01617800593841821,0.9977531433105469
gaia-v3-04459,fit,login_failure,1625878133959,11.0,True,0.01573337319714483,0.38303666189312935,0.019232669752091168,0.5781296491622925,0.014477189256576822,0.99788498878479
gaia-v3-04664,fit,login_failure,1625878526003,11.0,True,0.018615904044903195,0.40000002086162567,0.020673909317702056,0.3456871211528778,0.01940193013753742,0.9976671934127808
gaia-v3-04460,fit,login_failure,1625879053388,11.0,True,0.02255720220564399,0.49420594703406096,0.021451312070712446,0.3456871211528778,0.015297301402315498,0.9979179501533508
gaia-v3-04665,fit,login_failure,1625879186024,11.0,True,0.01651860407437198,0.6000000238418579,0.020902696065604687,0.3456871211528778,0.016882577892392874,0.9973375797271729
gaia-v3-04666,fit,login_failure,1625879340584,11.0,True,0.019690539993947216,0.6265464853495359,0.02038617115467787,0.6246587038040161,0.02063836524495855,0.9991629719734192
gaia-v3-04667,fit,login_failure,1625879466787,11.0,True,0.014925235037420255,0.40000002086162567,0.01621968923136592,0.3533506691455841,0.015359002316836267,0.9969745874404907
gaia-v3-04464,fit,login_failure,1625880514487,11.0,True,0.016916656588364276,0.3949577137827873,0.01885601207613945,0.45815688371658325,0.01332311237230897,0.9968949556350708
gaia-v3-04465,fit,login_failure,1625880657633,11.0,True,0.012654019870145325,0.22431118786334991,0.014493827102705836,0.3456871211528778,0.01523087547859177,0.9979509115219116
gaia-v3-04466,fit,login_failure,1625880808088,11.0,True,0.017237884231387095,0.48625095933675766,0.020219489512965084,0.4201399087905884,0.01567586852470413,0.9976541996002197
gaia-v3-04467,fit,login_failure,1625881610684,11.0,True,0.018320091594190065,0.47988367080688477,0.015688223438337444,0.3456871211528778,0.014281347154174,0.9979838728904724
gaia-v3-04469,fit,login_failure,1625883498870,11.0,True,0.02052700198595024,0.4000000059604645,0.02055142130702734,0.37361085414886475,0.014819411435164511,0.9988067746162415
gaia-v3-04675,fit,login_failure,1625883658046,11.0,True,0.016980623501634304,0.36358832009136677,0.01859150123782456,0.3456871211528778,0.0165395924821496,0.9976509213447571
gaia-v3-04676,fit,login_failure,1625884233353,11.0,True,0.017230736759180822,0.44405603408813477,0.02378282239660621,0.5181432813405991,0.016746218926273287,0.9972225427627563
gaia-v3-04474,fit,login_failure,1625885351776,11.0,True,0.022233052373849205,0.6025208234786987,0.023773401929065584,0.3456871211528778,0.015750052974326537,0.9977084994316101
gaia-v3-04476,fit,login_failure,1625885733975,11.0,True,0.011152089344977866,0.33345872163772583,0.01905807703733444,0.3456871211528778,0.015868759476579727,0.9975765347480774
gaia-v3-04679,fit,login_failure,1625885909889,11.0,True,0.022297689668509216,0.5943806823343039,0.021420330833643676,0.3821229338645935,0.016422012203838675,0.9968755841255188
gaia-v3-04477,fit,login_failure,1625886201214,11.0,True,0.018211711831584883,0.2759251296520233,0.01779177589341998,0.3456871211528778,0.013507761829532682,0.9970601201057434
gaia-v3-04478,fit,login_failure,1625886707140,11.0,True,0.014560049121670696,0.2798987030982971,0.01859938129782677,0.3909478485584259,0.0160805251612328,1.0
gaia-v3-04681,fit,login_failure,1625886817912,11.0,True,0.013671908342075767,0.32401589676737785,0.018624470522627234,0.6711877584457397,0.014872925747185945,0.9974694848060608
gaia-v3-04479,fit,login_failure,1625886956979,11.0,True,0.012957939422631171,0.23160087317228317,0.017166454764083027,0.3456871211528778,0.016006301972083747,0.9976425170898438
gaia-v3-04682,fit,login_failure,1625887039587,11.0,True,0.014378864707638665,0.44657738134264946,0.015011068573221565,0.3456871211528778,0.014063933187862858,0.9975520968437195
gaia-v3-04480,fit,login_failure,1625887212995,11.0,True,0.01854531242812906,0.31897569075226784,0.026643170369789006,0.3456871211528778,0.0192592399881687,0.9992340207099915
gaia-v3-04683,fit,login_failure,1625887457864,11.0,True,0.019203868825085617,0.34813499450683594,0.027065294655039908,0.6246587038040161,0.018775053687859325,0.9996547698974609
gaia-v3-04684,fit,login_failure,1625887553998,11.0,True,0.022487831482915985,0.6982923746109009,0.016953359078615903,0.3456871211528778,0.01460060459910892,0.9973873496055603
gaia-v3-04481,fit,login_failure,1625888032994,11.0,True,0.016269579956561604,0.4705487761839322,0.02008278495632112,0.5181432813405991,0.018613720167195424,1.0
gaia-v3-04687,fit,login_failure,1625888408543,11.0,True,0.016931104744556554,0.6009268239140511,0.021342930430546404,0.6246587038040161,0.013261683960445225,0.9972884654998779
gaia-v3-04688,fit,login_failure,1625888646951,11.0,True,0.016426758151404406,0.33368441462516785,0.018041593441739678,0.3456871211528778,0.015498636830598116,0.9976179599761963
gaia-v3-04484,fit,login_failure,1625889345078,11.0,True,0.016721279932729278,0.5087505877017975,0.021850906452164053,0.34655895829200745,0.016517591645242646,0.9987624883651733
gaia-v3-04690,fit,login_failure,1625889547836,11.0,True,0.01777379544194749,0.601116769015789,0.02901107119396329,0.3456871211528778,0.018398452457040547,1.0
gaia-v3-04691,fit,login_failure,1625889673609,11.0,True,0.015060061755745362,0.3286898285150528,0.023663646588101984,0.3456871211528778,0.017366720624268056,1.0
gaia-v3-04692,fit,login_failure,1625890135668,11.0,True,0.018563579138329563,0.3133479356765747,0.021204300597310065,0.3821229338645935,0.014479662072844804,0.9981116652488708
gaia-v3-04693,fit,login_failure,1625890702548,11.0,True,0.019220259679908244,0.3999623507261276,0.0223703202791512,0.3456871211528778,0.01681035146350041,1.0
gaia-v3-04485,fit,login_failure,1625890852902,11.0,True,0.022464670837750115,0.4252333492040634,0.01861973269842565,0.4201399087905884,0.016225693090818824,0.9973902702331543
gaia-v3-04486,fit,login_failure,1625891910501,11.0,True,0.0195691895467462,0.4448702596127987,0.02805133000947535,0.3642178103327751,0.017592512860428542,0.9985436201095581
gaia-v3-04694,fit,login_failure,1625892097713,11.0,True,0.014598131270031445,0.40000002086162567,0.019016288826242088,0.3456871211528778,0.015926312714582308,0.9969416260719299
gaia-v3-04487,fit,login_failure,1625892467623,11.0,True,0.01812967079270796,0.3171532303094864,0.024174722842872143,0.3456871211528778,0.01743782783509232,0.9980497360229492
gaia-v3-04695,fit,login_failure,1625892606827,11.0,True,0.01391581359882063,0.40662503242492676,0.019076009374111892,0.3456871211528778,0.014545383251970634,0.996727705001831
gaia-v3-04696,fit,login_failure,1625892779763,11.0,True,0.014339865392927701,0.4000000059604645,0.016571676591411233,0.3456871211528778,0.014891094320919365,0.9963800311088562
gaia-v3-04697,fit,login_failure,1625893246045,11.0,True,0.01910313366582462,0.4532235413789749,0.025720225414261222,0.3456871211528778,0.020590373462764548,0.9966617226600647
gaia-v3-04700,fit,login_failure,1625893747926,11.0,True,0.01892685820251548,0.3289271742105484,0.02541629718616605,0.3456871211528778,0.018513191206147896,0.9967607259750366
gaia-v3-04488,fit,login_failure,1625893902191,11.0,True,0.02095659814949613,0.6533258855342865,0.0277578794863075,0.6246587038040161,0.01883092850097455,1.0
gaia-v3-04702,fit,login_failure,1625894423204,11.0,True,0.015271008485190881,0.40000002086162567,0.01730564422905445,0.4218703508377075,0.01704813920892775,0.9998361468315125
gaia-v3-04703,fit,login_failure,1625894813543,11.0,True,0.016757985024984615,0.306075842352584,0.01630796086974442,0.3821229338645935,0.01644333919743076,0.9968927502632141
gaia-v3-04490,fit,login_failure,1625895647630,11.0,True,0.026231428069877438,0.4995853900909424,0.02122242175973952,0.5781296491622925,0.017092891214415432,1.0
gaia-v3-04491,fit,login_failure,1625895743556,11.0,True,0.013766608449805063,0.46355435997247696,0.015552306966856121,0.3456871211528778,0.016353917280212044,0.9998465180397034
gaia-v3-04705,fit,login_failure,1625895983981,11.0,True,0.014471859799232333,0.4000000059604645,0.020598187809810042,0.4547392502427101,0.017334112324751915,1.0
gaia-v3-04707,fit,login_failure,1625896348691,11.0,True,0.013385874196925822,0.2235049456357956,0.021798361837863923,0.5781296491622925,0.016862758650677278,0.996826708316803
gaia-v3-04493,fit,login_failure,1625896867820,11.0,True,0.019822207793671016,0.6989427283406258,0.02876568529754877,0.3456871211528778,0.02131762816570699,0.9972795248031616
gaia-v3-04494,fit,login_failure,1625897228748,11.0,True,0.01917584202310536,0.40931978821754456,0.02589651197195053,0.3821229338645935,0.01874833379406482,0.9969280362129211
gaia-v3-04711,fit,login_failure,1625898161535,11.0,True,0.01950585546922715,0.5868232063949108,0.025641986960545184,0.3456871211528778,0.016072371263289822,0.9975024461746216
gaia-v3-04498,fit,login_failure,1625899719173,11.0,True,0.01666095098577595,0.4000000059604645,0.019733877712860705,0.3821229338645935,0.015420361268334092,0.9971474409103394
gaia-v3-04712,fit,login_failure,1625899956889,11.0,True,0.013315106257020185,0.4000000059604645,0.017357914289459587,0.436208575963974,0.016387988752685486,1.0
gaia-v3-04713,fit,login_failure,1625900114911,11.0,True,0.01959379324738014,0.44780072569847107,0.023542440636083482,0.3821229338645935,0.012741193481488153,0.9966617226600647
gaia-v3-04714,fit,login_failure,1625900242599,11.0,True,0.014092039455620882,0.4702857732772827,0.01628267257474363,0.3456871211528778,0.01473935994436033,0.9973214268684387
gaia-v3-04499,fit,login_failure,1625900439020,11.0,True,0.019338852991859314,0.6000000238418579,0.022340774396434428,0.6711877584457397,0.014998491555452347,0.9972583055496216
gaia-v3-04718,fit,login_failure,1625901515585,11.0,True,0.01491824931872543,0.4419362097978592,0.023667899379506706,0.3456871211528778,0.019747473486931996,0.997024655342102
gaia-v3-04719,fit,login_failure,1625901612588,11.0,True,0.021720992526388726,0.8371915146708488,0.021451700804755093,0.4362085610628128,0.01701776061439887,0.997106671333313
gaia-v3-04721,fit,login_failure,1625903132315,11.0,True,0.020285849353240338,0.4137169122695923,0.024869372230023147,0.3456871211528778,0.017144782952964305,0.9977660775184631
gaia-v3-04507,fit,login_failure,1625904683046,11.0,True,0.023758237547008322,0.7949944138526917,0.028545806556940077,0.8186720609664917,0.024378782970597968,0.9980168342590332
gaia-v3-04724,fit,login_failure,1625904816361,11.0,True,0.015346635705645895,0.4000000059604645,0.02112069083377719,0.3533506691455841,0.01677949447534047,1.0
gaia-v3-04726,fit,login_failure,1625905261282,11.0,True,0.01960953497570396,0.40704306215047836,0.022765759099274873,0.3456871211528778,0.016833825539797544,0.9968927502632141
gaia-v3-04727,fit,login_failure,1625905469873,11.0,True,0.01735999669787513,0.4000000059604645,0.025327314250171186,0.3973703160881996,0.018909931523958222,0.9970406293869019
gaia-v3-04728,fit,login_failure,1625905590582,11.0,True,0.015611271306746251,0.39723236858844757,0.015904522174969314,0.3456871211528778,0.01884158177417703,0.9970406293869019
gaia-v3-04510,fit,login_failure,1625905686736,11.0,True,0.01814117622707272,0.3616672232747078,0.021050450345501303,0.3456871211528778,0.017825493675190957,0.9987739324569702
gaia-v3-04511,fit,login_failure,1625905878551,11.0,True,0.015956544809644885,0.36414168402552605,0.01622432409785688,0.3456871211528778,0.01423274672124535,0.9977744817733765
gaia-v3-04731,fit,login_failure,1625906226382,11.0,True,0.022461442873706498,0.4000000059604645,0.027954493556171654,0.3456871211528778,0.02088118006824516,0.9977001547813416
gaia-v3-04732,fit,login_failure,1625906328157,11.0,True,0.015089983995615815,0.4049781709909439,0.02131483773700893,0.3456871211528778,0.014328778400085866,0.9974203109741211
gaia-v3-04514,fit,login_failure,1625906607677,11.0,True,0.018220361323134662,0.6000000089406967,0.016774911992251874,0.3456871211528778,0.016581021811580287,0.998005211353302
gaia-v3-04515,fit,login_failure,1625906826644,11.0,True,0.019122487814941753,0.45021642465144396,0.023999073170125486,0.3456871211528778,0.019641785667045043,0.9973455667495728
gaia-v3-04734,fit,login_failure,1625906914137,11.0,True,0.018379872789955697,0.38293661922216415,0.02605600133538246,0.6246587038040161,0.01662206229637377,0.9971566200256348
gaia-v3-04738,fit,login_failure,1625908238856,11.0,True,0.02129455218576671,0.6108153555542231,0.02535664034076035,0.3456871211528778,0.019163396819494666,0.9997050762176514
gaia-v3-04742,fit,login_failure,1625909823992,11.0,True,0.02223661227787185,0.48948171734809875,0.0276294921990484,0.6246587038040161,0.02050888673053123,0.9977826476097107
gaia-v3-04528,fit,login_failure,1625909895961,11.0,True,0.020605211036551434,0.6000000089406967,0.026294270483776926,0.3456871211528778,0.020980958307627588,0.9981815218925476
gaia-v3-04529,fit,login_failure,1625910497987,11.0,True,0.016974527572832205,0.40000002086162567,0.02094861390069127,0.6711877584457397,0.015881558486726136,0.9995183348655701
gaia-v3-04743,fit,login_failure,1625910622685,11.0,True,0.01931840964462026,0.37252625823020935,0.015896039176732303,0.3456871211528778,0.016371670975349844,0.9970406293869019
gaia-v3-04530,fit,login_failure,1625910790249,11.0,True,0.016216885768759917,0.39696334092877805,0.02529259156435728,0.3456871211528778,0.018195538618601858,0.9970270991325378
gaia-v3-04746,fit,login_failure,1625911752533,11.0,True,0.012930962619914983,0.3360397703945637,0.016148188058286904,0.3456871211528778,0.014978423221036792,0.9970906972885132
gaia-v3-04533,fit,login_failure,1625911856563,11.0,True,0.019096873192271838,0.3022144287824631,0.02167798886075616,0.3456871211528778,0.015743757295422257,0.9974115490913391
gaia-v3-04534,fit,login_failure,1625912085602,11.0,True,0.015449336491777406,0.3187667429447174,0.021187169337645174,0.3456871211528778,0.01725261749699712,0.997246503829956
gaia-v3-04541,fit,login_failure,1625914256156,11.0,True,0.015073698396251226,0.3506605923175812,0.01878288104198873,0.3456871211528778,0.015405418606242165,0.9970270991325378
gaia-v3-04753,fit,login_failure,1625914713220,11.0,True,0.020839551952485637,0.5248639099299908,0.023905883682891725,0.3456871211528778,0.017371698929928243,0.9970906972885132
gaia-v3-04754,fit,login_failure,1625915013788,11.0,True,0.01718376463589569,0.4270085245370865,0.024944134475663304,0.6246587038040161,0.018881293274462224,0.9972555041313171
gaia-v3-04755,fit,login_failure,1625915222176,11.0,True,0.01815762713813456,0.47042569518089294,0.022782696317881344,0.3456871211528778,0.01614889906835742,0.9974694848060608
gaia-v3-04546,fit,login_failure,1625916032918,11.0,True,0.02551284367655171,0.5782867074012756,0.02347684991545975,0.3909478485584259,0.019378294968046248,0.9998465180397034
gaia-v3-04756,fit,login_failure,1625916250529,11.0,True,0.013542012915907738,0.20000001788139343,0.017558041028678417,0.3456871211528778,0.014981288280105219,0.9974203109741211
gaia-v3-04550,fit,login_failure,1625917616339,11.0,True,0.013909834915830288,0.2535100132226944,0.014824143750593067,0.3456871211528778,0.013939166693016886,1.0
gaia-v3-04551,fit,login_failure,1625917834090,11.0,True,0.01641197093340452,0.30000000447034836,0.026021403865888713,0.3821229338645935,0.017573030586354434,0.9988396763801575
gaia-v3-04758,fit,login_failure,1625917950781,11.0,True,0.021919999341480433,0.8161446414887905,0.02749011074192822,0.6711877584457397,0.017971898636315018,0.9969416260719299
gaia-v3-04552,fit,login_failure,1625918291092,11.0,True,0.018804810070529736,0.40000002086162567,0.024463978642597795,0.41148096323013306,0.018880522609688342,0.9971262216567993
gaia-v3-04759,fit,login_failure,1625918383208,11.0,True,0.0159350836208129,0.3769722506403923,0.024564129766076803,0.3456871211528778,0.015796744463732467,0.997106671333313
gaia-v3-04555,fit,login_failure,1625919465929,11.0,True,0.015800539842651538,0.25170907378196716,0.025792261632159353,0.3456871211528778,0.018123447286197917,0.9973573088645935
gaia-v3-04556,fit,login_failure,1625919623270,11.0,True,0.015618466828406478,0.36666667461395264,0.01839963081292808,0.6246587038040161,0.014357080548070372,0.9975882172584534
gaia-v3-04557,fit,login_failure,1625919717084,11.0,True,0.01815633158136431,0.4000000059604645,0.01878778003156185,0.4362085610628128,0.014109661848051474,0.9963659644126892
gaia-v3-04762,fit,login_failure,1625919893607,11.0,True,0.016154086314782035,0.40000002086162567,0.021498934598639607,0.3456871211528778,0.013770669419318437,0.9969745874404907
gaia-v3-04763,fit,login_failure,1625920233621,11.0,True,0.02020650221481143,0.479416087269783,0.025880954042077065,0.7472217082977295,0.01675177543191239,1.0
gaia-v3-04764,fit,login_failure,1625920801400,11.0,True,0.018915952968867108,0.5423496067523956,0.024521438870579004,0.3821229338645935,0.016861681332811712,0.9971566200256348
gaia-v3-04765,fit,login_failure,1625921684389,11.0,True,0.022392134111335813,0.5298706591129303,0.028015316091477872,0.6246587038040161,0.018912381309783087,0.9968927502632141
gaia-v3-04561,fit,login_failure,1625922072935,11.0,True,0.021118525394558673,0.3785064220428467,0.021779490588232874,0.3821229338645935,0.0171672046801541,1.0
gaia-v3-04767,fit,login_failure,1625923059157,11.0,True,0.023106962306580197,0.6482060477137566,0.01369016575627029,0.3456871211528778,0.014430029871873558,0.9976671934127808
gaia-v3-04768,fit,login_failure,1625923280585,11.0,True,0.02112389510924307,0.3328518122434616,0.020186340110376476,0.6246587038040161,0.01563752903137356,0.9982761144638062
gaia-v3-04769,fit,login_failure,1625923389229,11.0,True,0.017285722275846637,0.35066570341587067,0.023375759506598114,0.3821229338645935,0.018165666186250748,0.9990317225456238
gaia-v3-04563,fit,login_failure,1625923502915,11.0,True,0.017263676320847784,0.5677084922790527,0.01443275846540928,0.3456871211528778,0.013062603971920907,0.9978733658790588
gaia-v3-04770,fit,login_failure,1625923603519,11.0,True,0.02072559965890832,0.38703063130378723,0.03369340025819838,0.6711877584457397,0.019108456391841173,0.9967765212059021
gaia-v3-04773,fit,login_failure,1625924833515,11.0,True,0.01880817790903772,0.45237623155117035,0.0268069036770612,0.3821229338645935,0.016804358247900383,0.9976179599761963
gaia-v3-04568,fit,login_failure,1625925726339,11.0,True,0.03962081030531408,0.38488661497831345,0.023656873125582935,0.3456871211528778,0.017192553700879215,0.9980711340904236
gaia-v3-04776,fit,login_failure,1625925798043,11.0,True,0.0231804614225742,0.5462283394299448,0.017694522766396402,0.3456871211528778,0.014289488040376455,0.997024655342102
gaia-v3-04570,fit,login_failure,1625927189080,11.0,True,0.018961854466518466,0.3640029802918434,0.021346079045906664,0.5781296491622925,0.013469203962013126,0.9973125457763672
gaia-v3-04778,fit,login_failure,1625927322605,11.0,True,0.01651021071932822,0.5300312116742134,0.023182610515505075,0.6246587038040161,0.016006393807474525,0.9971895813941956
gaia-v3-04571,fit,login_failure,1625927565950,11.0,True,0.012289982253908724,0.3068626672029495,0.01750683202408254,0.3456871211528778,0.013601784911006689,0.9986094236373901
gaia-v3-04572,fit,login_failure,1625927654846,11.0,True,0.019484440122081045,0.3605566695332527,0.024979895213618875,0.3456871211528778,0.015860182314645498,0.997246503829956
gaia-v3-04783,fit,login_failure,1625928879108,11.0,True,0.013735688324474419,0.5000000149011612,0.01634570173919201,0.3456871211528778,0.015477911196649074,1.0
gaia-v3-04784,fit,login_failure,1625928961708,11.0,True,0.017695769290245758,0.4833914414048195,0.026204553712159396,0.3456871211528778,0.016468334309756756,1.0
gaia-v3-04575,fit,login_failure,1625929217321,11.0,True,0.022854464422622792,0.43804075568914413,0.028145105624571443,0.436208575963974,0.01556824192404747,0.9971144199371338
gaia-v3-04785,fit,login_failure,1625929326833,11.0,True,0.018435895511962976,0.42393816262483597,0.02755351234227419,0.5781296491622925,0.016982700428925454,0.9978155493736267
gaia-v3-04578,fit,login_failure,1625930038403,11.0,True,0.018192078649735776,0.42031753063201904,0.021349108219146727,0.3456871211528778,0.013789401417598128,0.9973785877227783
gaia-v3-04790,fit,login_failure,1625930800064,11.0,True,0.01974639462517492,0.40000002086162567,0.023693804861977696,0.3456871211528778,0.014883466067258268,0.9975849986076355
gaia-v3-04791,fit,login_failure,1625931269604,11.0,True,0.01969011713263171,0.5329256653785706,0.024545843666419386,0.3456871211528778,0.017897716891020536,1.0
gaia-v3-05092,fit,login_failure,1625932926472,11.0,True,0.025584078222163954,0.4134974777698517,0.05031723193824291,0.9121371805667877,0.014481165749020874,0.9972884654998779
gaia-v3-04833,fit,login_failure,1625933252733,11.0,True,0.016522678869902545,0.4000000059604645,0.018691543163731693,0.3456871211528778,0.014437193730846048,0.9976212382316589
gaia-v3-04834,fit,login_failure,1625933607120,11.0,True,0.02187395447108429,0.5160398464649916,0.02163437632843852,0.3456871211528778,0.01572890153154731,1.0
gaia-v3-04837,fit,login_failure,1625934539924,11.0,True,0.016546335627693528,0.3501603603363037,0.017733544297516345,0.3456871211528778,0.017161979037337006,0.9975435733795166
gaia-v3-04838,fit,login_failure,1625934612596,11.0,True,0.02056851646217789,0.5152547806501389,0.019172899518162013,0.3821229338645935,0.016179233412258326,0.9971922039985657
gaia-v3-04839,fit,login_failure,1625934773654,11.0,True,0.015923751102915655,0.45662277936935425,0.014831564109772443,0.5181432813405991,0.013946867226622998,0.9972134828567505
gaia-v3-04810,fit,memory_anomalies,1625934895803,600.0,True,0.03602623745925181,0.5840815436094999,0.024659514287486674,0.4553404748439789,0.02195548902731389,1.0
gaia-v3-05098,fit,login_failure,1625936373716,11.0,True,0.017126166451150008,0.34539905190467834,0.020571946073323487,0.2883181720972061,0.01574300543172285,0.9969086050987244
gaia-v3-05099,fit,login_failure,1625936744728,11.0,True,0.022431360234092305,0.41101137548685074,0.022190534602850677,0.3456871211528778,0.01271519589354284,0.9958176016807556
gaia-v3-04842,fit,login_failure,1625937102104,11.0,True,0.017766528912761714,0.4000000059604645,0.014238985208794474,0.3456871211528778,0.011471196742495521,0.995968759059906
gaia-v3-04843,fit,login_failure,1625937210109,11.0,True,0.018809606953436742,0.43475382775068283,0.018360647931694986,0.45815688371658325,0.01312555190641433,0.997510552406311
gaia-v3-05101,fit,login_failure,1625938488504,11.0,True,0.020346309890495226,0.44579617865383625,0.023189754132181405,0.8115075826644897,0.014853369287448005,0.9957845211029053
gaia-v3-05102,fit,login_failure,1625938733900,11.0,True,0.015998546946017694,0.23905888199806213,0.01371229523792863,0.3456871211528778,0.013164981324225665,0.9961661696434021
gaia-v3-04851,fit,login_failure,1625938886934,11.0,True,0.0221831993641293,0.5047124177217484,0.017993283923715353,0.3456871211528778,0.014863202350679785,0.9978520274162292
gaia-v3-05103,fit,login_failure,1625939147840,11.0,True,0.015152677602115243,0.4000000059604645,0.016610671347007156,0.3456871062517166,0.014328351120930165,0.9956038594245911
gaia-v3-04852,fit,login_failure,1625939223925,11.0,True,0.019569648798884978,0.4049559682607651,0.015659343777224423,0.3456871211528778,0.012482955094892532,0.9961223006248474
gaia-v3-05106,fit,login_failure,1625939757888,11.0,True,0.019428008316026535,0.5000000074505806,0.01673708143644035,0.6711877584457397,0.011642445448087528,0.9963138699531555
gaia-v3-04854,fit,login_failure,1625939868681,11.0,True,0.023529783429694362,0.3739359378814697,0.017109541781246664,0.25897568464279175,0.012945484597003088,0.9958693981170654
gaia-v3-05107,fit,login_failure,1625940156438,11.0,True,0.018747904746093506,0.5175717696547508,0.015233389381319285,0.4362085610628128,0.012622247439576312,0.9955044984817505
gaia-v3-05108,fit,login_failure,1625940305434,11.0,True,0.021381696446042042,0.40000002086162567,0.020018694223836064,0.6711877584457397,0.013486007378669456,0.995570719242096
gaia-v3-05109,fit,login_failure,1625940647820,11.0,True,0.023928108318553618,0.474148653447628,0.024388864915817977,0.3909478485584259,0.015491231930209324,0.9993442893028259
gaia-v3-04855,fit,login_failure,1625940910604,11.0,True,0.02136315050229314,0.7239201366901398,0.01746686641126871,0.3456871211528778,0.015608350143302231,0.9974775910377502
gaia-v3-04856,fit,login_failure,1625941013204,11.0,True,0.019895284083516648,0.34202900528907776,0.01457311725243926,0.37361085414886475,0.012929258297663181,0.9971592426300049
gaia-v3-04857,fit,login_failure,1625941437164,11.0,True,0.023892467810461917,0.4287928193807602,0.017376324720680715,0.5781296491622925,0.014395919180242345,0.9969940781593323
gaia-v3-05110,fit,login_failure,1625941616120,11.0,True,0.015444211375749244,0.3192393034696579,0.011848230194300414,0.3456871211528778,0.013634388643549756,0.9957845211029053
gaia-v3-05111,fit,login_failure,1625941692562,11.0,True,0.01818869630418097,0.34504374861717224,0.015577440289780498,0.4201399087905884,0.012194219648372383,0.995254397392273
gaia-v3-04858,fit,login_failure,1625941962796,11.0,True,0.022556086538437135,0.5848088264465332,0.019459293456748128,0.6711877584457397,0.01395014610607177,0.9971592426300049
gaia-v3-05112,fit,login_failure,1625942512350,11.0,True,0.022259925771989705,0.4080353379249573,0.014967629080638289,0.31384605169296265,0.01362694097450003,0.9967937469482422
gaia-v3-04861,fit,login_failure,1625943266076,11.0,True,0.01758063366166122,0.510312320664525,0.01333016287535429,0.3456871211528778,0.013015796523541212,0.995857298374176
gaia-v3-05115,fit,login_failure,1625943505046,11.0,True,0.021031262479785557,0.5096457153558731,0.015159499924629926,0.3821229338645935,0.013590899229748175,0.9970406293869019
gaia-v3-05121,fit,login_failure,1625945045732,11.0,True,0.02010084958334725,0.374480452388525,0.019657742511481047,0.3909478485584259,0.014392765093361959,0.9954714179039001
gaia-v3-05122,fit,login_failure,1625945129344,11.0,True,0.01759587022127865,0.4472547769546509,0.011042993515729904,0.3456871211528778,0.011983595468336716,0.9957362413406372
gaia-v3-04866,fit,login_failure,1625945437811,11.0,True,0.027991566747853844,0.8669014200568199,0.022400315711274744,0.3821229338645935,0.02043751028133556,0.9973125457763672
gaia-v3-05124,fit,login_failure,1625945648998,11.0,True,0.023690098647299842,0.4209113121032715,0.020695287361741067,0.4201399087905884,0.017447863698471337,0.9969257116317749
gaia-v3-04867,fit,login_failure,1625945793474,11.0,True,0.015842704030607516,0.6000000238418579,0.014961830386891962,0.3456871211528778,0.016263020485639573,1.0
gaia-v3-04869,fit,login_failure,1625946062688,11.0,True,0.0337236006099071,0.9631145000457764,0.01752927149645984,0.4362085610628128,0.020003243412356823,0.9958242177963257
gaia-v3-04873,fit,login_failure,1625946274975,11.0,True,0.03593494954208533,0.7009247094392776,0.01172394873574376,0.3456871211528778,0.013831829321570694,0.997246503829956
gaia-v3-05130,fit,login_failure,1625946863674,11.0,True,0.02456908109500849,0.7279201373457909,0.015234810952097177,0.4547392576932907,0.012321351417340339,0.9968425631523132
gaia-v3-04877,fit,login_failure,1625947511560,11.0,True,0.019065277329597546,0.37087371200323105,0.01831936677917838,0.3456871211528778,0.01308848236920312,0.9958693981170654
gaia-v3-04878,fit,login_failure,1625947670377,11.0,True,0.020405566956924304,0.45876098424196243,0.013857135782018304,0.3322691321372986,0.012020164106506854,0.9958242177963257
gaia-v3-04879,fit,login_failure,1625947793879,11.0,True,0.017772557835269254,0.3041585348546505,0.021111632138490675,0.436208575963974,0.017419943703571333,0.9959897994995117
gaia-v3-05132,fit,login_failure,1625948258827,11.0,True,0.02418023772788729,0.5302301235496998,0.02032640534453094,0.45815691351890564,0.015121185008902104,0.9974203109741211
gaia-v3-04881,fit,login_failure,1625948349265,11.0,True,0.021475659949404265,0.6211201399564743,0.01774884797632694,0.5064224600791931,0.014757540735881775,1.0
gaia-v3-05137,fit,login_failure,1625949254478,11.0,True,0.026473500458329604,0.3855237364768982,0.020850614830851554,0.3516414910554886,0.014807958052260801,0.9968597292900085
gaia-v3-04886,fit,login_failure,1625949886899,11.0,True,0.017905205209171982,0.31067339330911636,0.020652743335813285,0.436208575963974,0.016339875661069526,0.9973785877227783
gaia-v3-05138,fit,login_failure,1625949967298,11.0,True,0.016647514421492815,0.5641440153121948,0.01676515839062631,0.3304004594683647,0.01443551842472516,0.9956520199775696
gaia-v3-04887,fit,login_failure,1625950147408,11.0,True,0.019783514063844147,0.43766310811042786,0.01675641555339098,0.3456871211528778,0.01464074207120575,0.9974232912063599
gaia-v3-04891,fit,login_failure,1625951379811,11.0,True,0.01991351312608458,0.40000002086162567,0.01905305772088468,0.3456871211528778,0.014314123407239095,0.9964863657951355
gaia-v3-05141,fit,login_failure,1625951620403,11.0,True,0.023054470275140678,0.553181815892458,0.01995367417111993,0.3909478485584259,0.013619000398321077,0.9957031011581421
gaia-v3-05142,fit,login_failure,1625951770574,11.0,True,0.01640446449649365,0.41586272418498993,0.011485941475257277,0.3909478485584259,0.012416328386170789,1.0
gaia-v3-05147,fit,login_failure,1625953736749,11.0,True,0.01893860269919969,0.2878563851118088,0.013866101298481226,0.3533506691455841,0.012531312872888521,0.9960492849349976
gaia-v3-05148,fit,login_failure,1625954123560,11.0,True,0.02112430739265013,0.3823329508304596,0.012227007513865828,0.2818957045674324,0.013671482705976814,0.9956038594245911
gaia-v3-04897,fit,login_failure,1625954414425,11.0,True,0.017438039643214626,0.3103105127811432,0.01666211630217731,0.6711877584457397,0.012808062515687198,0.9970813989639282
gaia-v3-04899,fit,login_failure,1625955068268,11.0,True,0.016969472823742157,0.40000002086162567,0.017838851222768425,0.2818957045674324,0.01723699381109327,0.9969161748886108
gaia-v3-05150,fit,login_failure,1625955277021,11.0,True,0.017442354774296596,0.4000000059604645,0.018057570699602364,0.3456871211528778,0.01251372474594973,0.9958176016807556
gaia-v3-04903,fit,login_failure,1625956514858,11.0,True,0.02588712356130903,0.5181833058595657,0.019769814517349004,0.3456871211528778,0.015574076951015741,0.9974232912063599
gaia-v3-04906,fit,login_failure,1625956775269,11.0,True,0.02378589189174818,0.4612372890114784,0.018172965198755265,0.3456871211528778,0.01432318559032865,0.9959897994995117
gaia-v3-05153,fit,login_failure,1625956894862,11.0,True,0.019873890090578546,0.5588815398514271,0.015942764421924948,0.3456871211528778,0.013917006853735075,1.0
gaia-v3-05154,fit,login_failure,1625957201329,11.0,True,0.01981633278289034,0.40439632907509804,0.020097591821104287,0.2818957045674324,0.013927448572358116,0.9957183003425598
gaia-v3-05155,fit,login_failure,1625957497408,11.0,True,0.01942258814718419,0.4053586944937706,0.02327739163301885,0.3821229338645935,0.015425533110974356,0.995272696018219
gaia-v3-05158,fit,login_failure,1625957864850,11.0,True,0.01821950605905537,0.3585430383682251,0.020110636623576282,0.5781296491622925,0.013344588037580252,0.9958176016807556
gaia-v3-05163,fit,login_failure,1625958939918,11.0,True,0.01703253365897884,0.5675964429974556,0.015014325408264995,0.2425357699394226,0.013495724690146744,0.996710479259491
gaia-v3-05164,fit,login_failure,1625960346523,11.0,True,0.021910629395923326,0.410807054489851,0.02124482663348317,0.3456871211528778,0.016668061821255832,0.996710479259491
gaia-v3-05165,fit,login_failure,1625960783407,11.0,True,0.02184142899004655,0.3735075816512108,0.014285883214324713,0.218104287981987,0.014726659964071586,0.9969587326049805
gaia-v3-04915,fit,login_failure,1625961467467,11.0,True,0.01485600230022707,0.4105014130473137,0.013134399242699147,0.6711877584457397,0.0113708807725925,0.995968759059906
gaia-v3-04916,fit,login_failure,1625962227103,11.0,True,0.019384926206597205,0.402944877743721,0.01691800644621253,0.436208575963974,0.013089914639713242,0.9966967105865479
gaia-v3-04920,fit,login_failure,1625963476979,11.0,True,0.02003828116794466,0.4755817763507366,0.017039803462103008,0.3456871211528778,0.014015440926887095,0.9971262216567993
gaia-v3-04921,fit,login_failure,1625963692752,11.0,True,0.023369645529601257,0.3530382588505745,0.016927397111430764,0.3973703160881996,0.014440281572751701,0.9972912669181824
gaia-v3-05175,fit,login_failure,1625964124078,11.0,True,0.013649304970992185,0.29464532854035497,0.010670724185183644,0.4201399087905884,0.012278452031314373,0.9958507418632507
gaia-v3-04923,fit,login_failure,1625964357528,11.0,True,0.021474361784445742,0.8646695502102375,0.013209829293191432,0.3456871211528778,0.01343112489557825,0.9961342811584473
gaia-v3-04925,fit,login_failure,1625964689027,11.0,True,0.01842702410115938,0.5257165879011154,0.015169042348861694,0.3456871211528778,0.01242249590344727,0.9965313673019409
gaia-v3-05183,fit,login_failure,1625965562717,11.0,True,0.01872693008869343,0.4632369577884674,0.016519856359809636,0.2818957045674324,0.011535907626384869,0.9959169030189514
gaia-v3-04927,fit,login_failure,1625965875071,11.0,True,0.017911937711323843,0.27215832099318504,0.01613389081321657,0.3456871211528778,0.013448467719135805,1.0
gaia-v3-05184,fit,login_failure,1625965960403,11.0,True,0.02286636280672004,0.40676434338092804,0.018858165480196476,0.3456871211528778,0.016605997090227902,0.9966113567352295
gaia-v3-04928,fit,login_failure,1625966567214,11.0,True,0.02129736403536905,0.4723815880715847,0.021353762270882724,0.2818957045674324,0.013102336298907176,0.9967178702354431
gaia-v3-04929,fit,login_failure,1625967528819,11.0,True,0.01798603140511356,0.3783736526966095,0.018091601319611073,0.2425357699394226,0.01377210379112512,0.9959897994995117
gaia-v3-05186,fit,login_failure,1625968874038,11.0,True,0.02341102422021019,0.5894729197025299,0.01926034679636359,0.251047819852829,0.013999837059527636,0.9970076084136963
gaia-v3-05187,fit,login_failure,1625969358451,11.0,True,0.02085051952841847,0.5000000149011612,0.016427554190158844,0.3271564319729805,0.010781275723129511,0.9955376386642456
gaia-v3-05188,fit,login_failure,1625970003716,11.0,True,0.018671093105028073,0.49082232266664505,0.02310168957337737,0.6711877584457397,0.017685218430124224,0.9990159869194031
gaia-v3-04931,fit,login_failure,1625970289528,11.0,True,0.02134740126687878,0.44042879715561867,0.01769464388489723,0.3456871211528778,0.01372648284654133,0.9971804618835449
gaia-v3-04933,fit,login_failure,1625970853822,11.0,True,0.0212597218361528,0.6096854507923126,0.019582258677110075,0.3941918760538101,0.014765489504206926,0.9959567189216614
gaia-v3-04934,fit,login_failure,1625971295142,11.0,True,0.014295520415907958,0.40000002086162567,0.016714092204347254,0.3456871211528778,0.014167708402965218,0.9972583055496216
gaia-v3-04935,fit,login_failure,1625971421002,11.0,True,0.025178712203827065,0.4392508864402771,0.029262683540582656,0.3804042935371399,0.015250488544115797,0.9965974688529968
gaia-v3-05191,fit,login_failure,1625971654368,11.0,True,0.018645670959570756,0.5369267016649246,0.022227517887949945,0.3456871211528778,0.017980387861607595,0.9957845211029053
gaia-v3-04936,fit,login_failure,1625971778034,11.0,True,0.01575221047484471,0.6727293133735657,0.016160725522786377,0.3821229338645935,0.01254100924357772,0.9959567189216614
gaia-v3-04939,fit,login_failure,1625972492191,11.0,True,0.023842842347949044,0.44145849347114563,0.021753005078062417,0.3456871211528778,0.015518276367802173,0.9971804618835449
gaia-v3-05196,fit,login_failure,1625972778156,11.0,True,0.013700455930666067,0.33119572699069977,0.024979722686111927,0.6711877584457397,0.018558222635183485,0.9956038594245911
gaia-v3-04940,fit,login_failure,1625973106828,11.0,True,0.02201911612743667,0.48465079069137573,0.01854940764605999,0.218104287981987,0.013568029128946365,0.9960349798202515
gaia-v3-04942,fit,login_failure,1625973734047,11.0,True,0.019479121220259306,0.43063607066869736,0.022424490330740808,0.28906479477882385,0.016480255963979288,0.9972583055496216
gaia-v3-04943,fit,login_failure,1625974693154,11.0,True,0.01938401327255027,0.540999710559845,0.018422191543504596,0.4201399087905884,0.01613148708594963,0.9957700371742249
gaia-v3-04944,fit,login_failure,1625975335920,11.0,True,0.02569137829495958,0.43549612257629633,0.018637020979076623,0.436208575963974,0.013113297950476409,0.9969822764396667
gaia-v3-05201,fit,login_failure,1625975421258,11.0,True,0.024425725224621903,0.4007590115070343,0.010842139832675457,0.3821229338645935,0.01106955155148171,0.9955195784568787
gaia-v3-05202,fit,login_failure,1625975532281,11.0,True,0.019329645000349654,0.5867609083652496,0.01386112654581666,0.2666090428829193,0.010488331649685278,0.9951069951057434
gaia-v3-04947,fit,login_failure,1625976048674,11.0,True,0.023273908118911397,0.4000000059604645,0.022253578901290892,0.5351069271564484,0.014671871302416548,0.9972583055496216
gaia-v3-04950,fit,login_failure,1625976618279,11.0,True,0.023838501039426772,0.5107262916862965,0.018201912008225917,0.218104287981987,0.012976806496735662,0.9963990449905396
gaia-v3-05208,fit,login_failure,1625977031686,11.0,True,0.01608639861709283,0.3637729063630104,0.019592692516744135,0.5593593120574951,0.01483498398330994,0.9962653517723083
gaia-v3-05211,fit,login_failure,1625977631649,11.0,True,0.024256683324832315,0.6980232708156109,0.019151139818131924,0.3456871211528778,0.012428870103321969,0.995438277721405
gaia-v3-04954,fit,login_failure,1625977879038,11.0,True,0.02560996907147152,0.47838519513607025,0.017913187388330698,0.436208575963974,0.010536623311927541,0.9965194463729858
gaia-v3-04956,fit,login_failure,1625978904713,11.0,True,0.03229816969712071,0.815311037003994,0.013889533840119839,0.3271564319729805,0.01281970557407476,0.9980381727218628
gaia-v3-04958,fit,login_failure,1625979168927,11.0,True,0.02442630699054765,0.4806239828467369,0.018164990283548833,0.3861648738384247,0.013930022449931129,0.9958031177520752
gaia-v3-05213,fit,login_failure,1625979392225,11.0,True,0.021896576327465785,0.4000000059604645,0.015070777013897895,0.3909478485584259,0.012263239903841167,0.9957031011581421
gaia-v3-05215,fit,login_failure,1625979550399,11.0,True,0.02946619235056763,0.7499939203262329,0.018800398940220474,0.45815688371658325,0.013379089280497282,0.9967435002326965
gaia-v3-05216,fit,login_failure,1625979997128,11.0,True,0.019769302991820344,0.4953055903315544,0.02158379820175469,0.3456871211528778,0.015528701641596854,0.9957845211029053
gaia-v3-04962,fit,login_failure,1625980392402,11.0,True,0.01702659286869069,0.7574116066098213,0.015851904358714818,0.3724171444773674,0.011902557619614527,0.9969610571861267
gaia-v3-04974,fit,login_failure,1625984145137,11.0,True,0.02725364047413071,0.642909899353981,0.019229956110939382,0.3456871211528778,0.014502921323291958,0.9959567189216614
gaia-v3-05225,fit,login_failure,1625984232506,11.0,True,0.024666651707199585,0.643225684762001,0.018234402779489754,0.3456871211528778,0.011289540210273117,0.9957513809204102
gaia-v3-04980,fit,login_failure,1625986358380,11.0,True,0.026602642872846142,0.7009717226028442,0.023238711524754763,0.436208575963974,0.013110859646694735,0.9956705570220947
gaia-v3-05240,fit,login_failure,1625986786234,11.0,True,0.01781703519591247,0.6222130656242371,0.01707728747278452,0.436208575963974,0.01303139787632972,0.996430516242981
gaia-v3-04983,fit,login_failure,1625986870377,11.0,True,0.018810884760053645,0.4244071990251541,0.01268405383452773,0.3271564319729805,0.00934798139729537,0.9960891604423523
gaia-v3-04984,fit,login_failure,1625986993839,11.0,True,0.023164048439866747,0.6004242449998856,0.017094817757606507,0.3355938792228699,0.01203839561669156,0.9959356188774109
gaia-v3-05241,fit,login_failure,1625987151869,11.0,True,0.021267880146721534,0.4727002615109086,0.012534108152613044,0.4201399087905884,0.011347553129307925,0.9961000680923462
gaia-v3-05242,fit,login_failure,1625987422935,11.0,True,0.020780470757745206,0.3827117681503296,0.014115547062829137,0.3456871211528778,0.0118399321322795,0.9963138699531555
gaia-v3-04985,fit,login_failure,1625987808413,11.0,True,0.022053240446014873,0.3706081360578537,0.022713895607739686,0.4547392502427101,0.01639630923164077,1.0
gaia-v3-05243,fit,login_failure,1625988168584,11.0,True,0.02323834844379841,0.3424876928329468,0.02416201336309314,0.3909478485584259,0.013305440711556003,0.995570719242096
gaia-v3-04987,fit,login_failure,1625988578756,11.0,True,0.01939057201622442,0.4753977060317993,0.018751178216189147,0.2864108681678772,0.01416882110061124,0.9959567189216614
gaia-v3-04989,fit,login_failure,1625988891486,11.0,True,0.027221593840416367,0.6926407516002655,0.02130348947830498,0.6154746189713478,0.012512796358205378,0.9962878227233887
gaia-v3-04990,fit,login_failure,1625990255512,11.0,True,0.026882252413391445,0.6434856504201889,0.01789476373232901,0.3788396418094635,0.012439565437380224,0.9961885213851929
gaia-v3-05250,fit,login_failure,1625990646695,11.0,True,0.02260207097400174,0.5311343148350716,0.01965319593437016,0.3456871211528778,0.012751307843718678,0.9954714179039001
gaia-v3-05251,fit,login_failure,1625990834114,11.0,True,0.017413753704264914,0.3999999761581421,0.013773442013189197,0.2818957045674324,0.012112003999063745,0.9953720569610596
gaia-v3-04991,fit,login_failure,1625990999195,11.0,True,0.024063353255041876,0.636619808152318,0.016570497350767256,0.6246587038040161,0.014462901931256055,0.995968759059906
gaia-v3-04993,fit,login_failure,1625991708850,11.0,True,0.015363166518121337,0.4387703239917755,0.01637615975923836,0.3821229338645935,0.01096219438011758,0.9959567189216614
gaia-v3-04994,fit,login_failure,1625992171240,11.0,True,0.0193842756319403,0.4273100644350052,0.016335364524275066,0.3456871211528778,0.010727444178191945,0.9955379962921143
gaia-v3-05254,fit,login_failure,1625992769844,11.0,True,0.02078165736408361,0.44530972838401794,0.016266091354191305,0.4201399087905884,0.012061984215397387,0.9956520199775696
gaia-v3-05255,fit,login_failure,1625993039431,11.0,True,0.02363385462279742,0.4776020050048828,0.029892070684581995,0.45815688371658325,0.017584943717811257,0.9954714179039001
gaia-v3-04996,fit,login_failure,1625993623602,11.0,True,0.016653879141813377,0.4000000059604645,0.014406508207321167,0.3456871062517166,0.01236252912087366,0.9958362579345703
gaia-v3-05261,fit,login_failure,1625994871340,11.0,True,0.01813781438662166,0.44051001965999603,0.01486310614272952,0.3821229338645935,0.01295215671416372,0.9958176016807556
gaia-v3-05001,fit,login_failure,1625995110260,11.0,True,0.013788307266077026,0.30000000447034836,0.013485974073410035,0.3456871211528778,0.011426403695950285,0.9960018992424011
gaia-v3-05262,fit,login_failure,1625995218027,11.0,True,0.020516815865024303,0.2855396866798401,0.02019216688349843,0.3456871211528778,0.013304740304592997,0.9959500432014465
gaia-v3-05004,fit,login_failure,1625995693864,11.0,True,0.021402846922865138,0.7397138029336929,0.016492941044270994,0.3456871211528778,0.012207029804121703,0.9962005019187927
gaia-v3-05265,fit,login_failure,1625995910460,11.0,True,0.024399209480179707,0.6499946340918541,0.012647274415940046,0.3355938792228699,0.013011666199890897,0.9964791536331177
gaia-v3-05005,fit,login_failure,1625996076754,11.0,True,0.01905464064354116,0.3955102823674679,0.017681289464235306,0.6711877584457397,0.01212949024979025,0.9960229396820068
gaia-v3-05006,fit,login_failure,1625996359379,11.0,True,0.02450139186451755,0.4548499882221222,0.019481613021343946,0.2818957045674324,0.01133097174577415,0.9965525269508362
gaia-v3-05007,fit,login_failure,1625996496964,11.0,True,0.0215305682271719,0.4794672280550003,0.020154023822396994,0.45815688371658325,0.014466046609450132,0.995857298374176
gaia-v3-05009,fit,login_failure,1625997043005,11.0,True,0.02316985524763974,0.4358667731285095,0.02350573786534369,0.436208575963974,0.014252610974945129,0.9959025382995605
gaia-v3-05010,fit,login_failure,1625997192706,11.0,True,0.020127978450909724,0.4611836653202772,0.017425014451146126,0.3456871211528778,0.014396040274295956,0.9960681200027466
gaia-v3-05011,fit,login_failure,1625997470419,11.0,True,0.0248154838848374,0.6751202568411827,0.015155585668981075,0.3821229338645935,0.012511953891953453,0.9959235787391663
gaia-v3-05267,fit,login_failure,1625997565418,11.0,True,0.022533626530639596,0.5940404236316681,0.01563224894925952,0.436208575963974,0.013642298701452091,0.9954714179039001
gaia-v3-05268,fit,login_failure,1625997714050,11.0,True,0.018060717434855177,0.451441528275609,0.013489347882568836,0.4201399087905884,0.01083425316028297,0.9961485266685486
gaia-v3-05269,fit,login_failure,1625997875314,11.0,True,0.03205404721860153,0.8671048283576965,0.022801210265606643,0.6246587038040161,0.013250875873491169,0.9955376386642456
gaia-v3-05016,fit,login_failure,1625999409945,11.0,True,0.012863932369509713,0.435219407081604,0.015369759220629931,0.3909478485584259,0.014746201373636723,0.9959567189216614
gaia-v3-05017,fit,login_failure,1625999869309,11.0,True,0.026520833093366038,0.636841868981719,0.016404918860644102,0.218104287981987,0.011164933078689501,0.9961342811584473
gaia-v3-05019,fit,login_failure,1626000463695,11.0,True,0.024019284432870335,0.4634529948234558,0.020384860504418612,0.3456871211528778,0.01482743168482557,1.0
gaia-v3-05020,fit,login_failure,1626000812134,11.0,True,0.027755633174577573,0.6860214322805405,0.020105323661118744,0.3909478485584259,0.014225098738679663,0.9959567189216614
gaia-v3-05279,fit,login_failure,1626002282704,11.0,True,0.022346531365959283,0.5234667453914881,0.02022747304290533,0.5064224600791931,0.013913283108267933,0.9956520199775696
gaia-v3-05281,fit,login_failure,1626002551579,11.0,True,0.022547058426910856,0.4000000059604645,0.021816749405115844,0.4902998208999634,0.017304680966772137,0.9956038594245911
gaia-v3-05288,fit,login_failure,1626004086341,11.0,True,0.01776868609279821,0.5665504150092602,0.015548746241256595,0.4426310583949089,0.012905505343805999,0.9953057765960693
gaia-v3-05290,fit,login_failure,1626004320784,11.0,True,0.028950944239234864,0.6700113601982594,0.026763759832829238,0.47131551802158356,0.01622946639545262,0.9956369400024414
gaia-v3-05043,fit,login_failure,1626004872105,11.0,True,0.022045311904124294,0.5149280987679958,0.024847945524379612,0.3909478485584259,0.017428421380463986,0.9969610571861267
gaia-v3-05044,fit,login_failure,1626005074110,11.0,True,0.018951746058640615,0.5246915221214294,0.018056810600683093,0.4201399087905884,0.01428958305506967,0.9955258369445801
gaia-v3-05045,fit,login_failure,1626005173050,11.0,True,0.022188683206331918,0.5773794949054718,0.018215044075623153,0.3821229338645935,0.013187354549299925,0.9970601201057434
gaia-v3-05046,fit,login_failure,1626005305876,11.0,True,0.018082114991072255,0.40441834926605225,0.012017439166083933,0.3381841778755188,0.013024586705723777,0.9959567189216614
gaia-v3-05293,fit,login_failure,1626005380562,11.0,True,0.022444912695209495,0.4553493931889534,0.022975477296859025,0.3456871211528778,0.017305103924591093,0.995438277721405
gaia-v3-05049,fit,login_failure,1626005898002,11.0,True,0.01896928276012962,0.38192978501319885,0.018943289713934063,0.3608487844467163,0.013121364898979663,0.9960229396820068
gaia-v3-05294,fit,login_failure,1626005983126,11.0,True,0.026145849250557754,0.6949295662343502,0.02406980386003852,0.7472217082977295,0.015287196889985352,0.9956520199775696
gaia-v3-05295,fit,login_failure,1626006177009,11.0,True,0.018021395464408365,0.6570139229297638,0.016994299041107296,0.3941918760538101,0.014192925642710179,0.9969745874404907
gaia-v3-05298,fit,login_failure,1626006862205,11.0,True,0.020533800253178924,0.4000000059604645,0.01543716760352254,0.47131551802158356,0.01170533368946053,0.9957183003425598
gaia-v3-05055,fit,login_failure,1626006965402,11.0,True,0.023867642172020472,0.6675434857606888,0.026642251387238504,0.7092047333717346,0.01711904733791016,0.995968759059906
gaia-v3-05299,fit,login_failure,1626007152204,11.0,True,0.01944662705572,0.34372109174728394,0.018951450008898973,0.3909478485584259,0.012964283404871822,0.996512234210968
gaia-v3-05300,fit,login_failure,1626007644410,11.0,True,0.016910828155202277,0.4227522909641266,0.010032227169722319,0.436208575963974,0.012754622832871973,1.0
gaia-v3-05301,fit,login_failure,1626007896804,11.0,True,0.022403464509200905,0.42860519886016846,0.02118583982810378,0.3456871211528778,0.013343655714998022,0.9957362413406372
gaia-v3-05056,fit,login_failure,1626008297133,11.0,True,0.01534090974079542,0.40000002086162567,0.013708749087527394,0.218104287981987,0.010159932917449623,0.9961674213409424
gaia-v3-05302,fit,login_failure,1626008422452,11.0,True,0.027538209358317543,0.6126734241843224,0.017612593388184904,0.3941918760538101,0.014710805274080484,0.9964461326599121
gaia-v3-05303,fit,login_failure,1626008537604,11.0,True,0.01935527764496025,0.8107429035007954,0.023281113244593143,0.3941918760538101,0.015527794646332041,0.995438277721405
gaia-v3-05059,fit,login_failure,1626008986920,11.0,True,0.02175701615160506,0.7400709316134453,0.01577041926793754,0.218104287981987,0.011906033095438034,0.9958031177520752
gaia-v3-05060,fit,login_failure,1626009202767,11.0,True,0.02096185510290525,0.44076113402843475,0.011861818050965667,0.3456871211528778,0.011947170231724157,0.9970152974128723
gaia-v3-05063,fit,login_failure,1626009647281,11.0,True,0.01813312993811754,0.3771772086620331,0.017141963727772234,0.34905119240283966,0.012510419848840684,0.9959356188774109
gaia-v3-05064,fit,login_failure,1626009725281,11.0,True,0.022679528454318643,0.5712718367576599,0.014815417863428593,0.45815688371658325,0.011477296266239136,0.9957910776138306
gaia-v3-05065,fit,login_failure,1626010100747,11.0,True,0.02301306001706204,0.313043475151062,0.016760210040956736,0.3909478485584259,0.013941951643209905,0.9957700371742249
gaia-v3-05309,fit,login_failure,1626010509001,11.0,True,0.016351986885031995,0.39282673597335815,0.011820427468046546,0.3456871211528778,0.011897529773414135,1.0
gaia-v3-05066,fit,login_failure,1626010823643,11.0,True,0.029182050001691096,0.5713610649108887,0.02093929424881935,0.46139463782310486,0.01531699484330602,0.9958693981170654
gaia-v3-05067,fit,login_failure,1626010918615,11.0,True,0.029095424917371323,0.7754551395773888,0.015160022210329771,0.436208575963974,0.01288348863949068,0.9956705570220947
gaia-v3-05068,fit,login_failure,1626011094346,11.0,True,0.0172855870143394,0.40000002086162567,0.012599948421120643,0.47131551802158356,0.011402799943462015,0.9960018992424011
gaia-v3-05310,fit,login_failure,1626011250783,11.0,True,0.017348355638144616,0.40000002086162567,0.02165461340919137,0.36131417751312256,0.013716557099251077,0.997106671333313
gaia-v3-05069,fit,login_failure,1626011329513,11.0,True,0.02051074154539189,0.40000002086162567,0.013072779774665833,0.3456871211528778,0.012217395399929956,0.9956584572792053
gaia-v3-05311,fit,login_failure,1626011499095,11.0,True,0.015278276461807157,0.4000000059604645,0.014744835812598467,0.3335789144039154,0.011857888922095298,0.9954714179039001
gaia-v3-05312,fit,login_failure,1626011765964,11.0,True,0.02554762393750328,0.6900236457586288,0.01983995921909809,0.3456871211528778,0.014257998027605936,0.9956189393997192
gaia-v3-05313,fit,login_failure,1626011918562,11.0,True,0.015597252365841996,0.42980873584747314,0.012619186146184801,0.3724171444773674,0.009804512404371054,0.9960339069366455
gaia-v3-05070,fit,login_failure,1626012094560,11.0,True,0.027062778975232505,0.7549137892201543,0.023975045885890722,0.6711877584457397,0.016560277598910034,0.9959235787391663
gaia-v3-05315,fit,login_failure,1626012694965,11.0,True,0.019128515550498073,0.48463499546051025,0.013153689680621028,0.28906482458114624,0.010145471304422244,0.9957845211029053
gaia-v3-05072,fit,login_failure,1626013063320,11.0,True,0.02141494382400803,0.3763948753476143,0.018779087206348778,0.2818956896662712,0.013222575508989394,0.996221661567688
gaia-v3-05073,fit,login_failure,1626013173173,11.0,True,0.02299818637863306,0.45531323552131653,0.019200000260025264,0.3456871211528778,0.014088745936751365,0.9961012005805969
gaia-v3-05074,fit,login_failure,1626013426359,11.0,True,0.02235707444003007,0.5461255386471748,0.021389682916924356,0.3456871211528778,0.012066215068334713,0.9960229396820068
gaia-v3-05079,fit,login_failure,1626014804869,11.0,True,0.02332304887046727,0.5335347717627883,0.014027392026036978,0.3456871211528778,0.012314292227383703,0.9960229396820068
gaia-v3-05080,fit,login_failure,1626014960036,11.0,True,0.023411914096747446,0.40658389031887054,0.01513054771348834,0.3456871211528778,0.012705708796856926,0.9960229396820068
gaia-v3-05322,fit,login_failure,1626015094766,11.0,True,0.027665480065722173,0.6835981905460358,0.021401913184672595,0.4201399087905884,0.015112439976073802,0.9954714179039001
gaia-v3-05081,fit,login_failure,1626015494759,11.0,True,0.023591379822270633,0.6802286058664322,0.026205959916114806,0.4362085610628128,0.01655761887319386,0.9958031177520752
gaia-v3-05323,fit,login_failure,1626015581859,11.0,True,0.023727976930482935,0.7325839698314667,0.021605149516835807,0.45815688371658325,0.01199683257495053,0.9953720569610596
gaia-v3-05082,fit,login_failure,1626015841558,11.0,True,0.019205508195197278,0.3447422385215759,0.018217533454298974,0.32601678371429443,0.012125682847108693,0.9968500733375549
gaia-v3-05327,fit,login_failure,1626016507218,11.0,True,0.01754094461988037,0.3649669587612152,0.013348524738103152,0.3456871211528778,0.011975223211338743,0.9955195784568787
gaia-v3-05328,fit,login_failure,1626016578344,11.0,True,0.019225743576438012,0.4527249336242676,0.02361796530894935,0.3811941146850586,0.014177563290577382,0.9954532980918884
gaia-v3-05332,fit,login_failure,1626017542509,11.0,True,0.02827302731675445,0.529331237077713,0.022588599007576704,0.6711877584457397,0.013821479715406895,0.9956851601600647
gaia-v3-05087,fit,login_failure,1626017755336,11.0,True,0.02203322792580972,0.3048265278339386,0.016777503630146386,0.3456871211528778,0.010798763919156044,0.9963659644126892
gaia-v3-05090,fit,login_failure,1626018493116,11.0,True,0.02400014599528125,0.7286392599344254,0.021078214002773165,0.3456871211528778,0.014552947202464566,0.9970932006835938
gaia-v3-05377,fit,login_failure,1626020088024,11.0,True,0.031245673331432043,0.5588824152946472,0.023790282430127263,0.3724171444773674,0.006847358234226704,0.995857298374176
gaia-v3-05641,fit,login_failure,1626020262908,11.0,True,0.026267865903597944,0.8451938405632973,0.023447951255366205,0.3456871211528778,0.006793160252273083,0.9956038594245911
gaia-v3-05642,fit,login_failure,1626020344423,11.0,True,0.02968206292328735,0.7622299343347549,0.02075070017017424,0.3456871211528778,0.007384559214115143,0.9957693219184875
gaia-v3-05379,fit,login_failure,1626020492869,11.0,True,0.02706278634723276,0.7162055820226669,0.018081688042730092,0.5781296491622925,0.005487539265304804,0.9964863657951355
gaia-v3-05380,fit,login_failure,1626020619966,11.0,True,0.031382707252244776,0.5186674147844315,0.025718094874173404,0.3456871211528778,0.007505541248247027,0.9955921769142151
gaia-v3-05643,fit,login_failure,1626020747863,11.0,True,0.024234097493657222,0.4903091490268707,0.019798017246648668,0.3941918760538101,0.0069696991890668865,0.9970406293869019
gaia-v3-05648,fit,login_failure,1626022110333,11.0,True,0.016224468604195862,0.43246036767959595,0.022890301467850805,0.436208575963974,0.007386607807129622,0.9964461326599121
gaia-v3-05649,fit,login_failure,1626022186855,11.0,True,0.018539846076115887,0.5166201591491699,0.02230840506963432,0.5781296491622925,0.007185237891972065,0.9957513809204102
gaia-v3-05651,fit,login_failure,1626022593416,11.0,True,0.0266698091433985,0.8820231072604656,0.035106887295842173,0.3456871211528778,0.008814914859831333,0.9957362413406372
gaia-v3-05387,fit,login_failure,1626023062929,11.0,True,0.02371352647023741,0.3447495922446251,0.019640352483838795,0.5781296491622925,0.00796214135363698,0.9955711364746094
gaia-v3-05663,fit,login_failure,1626026339663,11.0,True,0.02250595307753732,0.5305373594164848,0.023847332363948225,0.4999999850988388,0.006451387861743569,0.9959500432014465
gaia-v3-05394,fit,login_failure,1626026417953,11.0,True,0.016551982010908736,0.46375948190689087,0.019127643201500177,0.4090375602245331,0.0059056922979652884,0.99788498878479
gaia-v3-05666,fit,login_failure,1626026956592,11.0,True,0.01986437019731966,0.5181925296783447,0.01984660029411316,0.4201399087905884,0.006006790716201067,0.9954714179039001
gaia-v3-05398,fit,login_failure,1626027159037,11.0,True,0.021504635944923696,0.49565863609313965,0.014883435145020486,0.436208575963974,0.005749351419508457,0.9970270991325378
gaia-v3-05399,fit,login_failure,1626027318846,11.0,True,0.022455286954451974,0.32255183160305023,0.023309323517605663,0.4362085610628128,0.007554180100560188,0.9957700371742249
gaia-v3-05673,fit,login_failure,1626028558138,11.0,True,0.03914021147332581,0.9004986993968487,0.021075447788462043,0.3456871211528778,0.0072611628472805025,0.9958507418632507
gaia-v3-05674,fit,login_failure,1626028646333,11.0,True,0.031840346969571935,0.651236355304718,0.013761296356096863,0.3821229338645935,0.005615872368216515,0.9957183003425598
gaia-v3-05675,fit,login_failure,1626028963824,11.0,True,0.02088050179978988,0.5104143507778645,0.023422509990632535,0.3973703160881996,0.0061161467246711254,0.9972056150436401
gaia-v3-05402,fit,login_failure,1626029230847,11.0,True,0.01593162309024289,0.3687007799744606,0.012269565789029001,0.3456871211528778,0.005722912037745118,0.9961674213409424
gaia-v3-05403,fit,login_failure,1626029482558,11.0,True,0.019817445386433975,0.34043425880372524,0.015641816519200803,0.3456871211528778,0.00550984701141715,0.9953058362007141
gaia-v3-05676,fit,login_failure,1626029837738,11.0,True,0.019802680236171,0.4580221604555845,0.02249364396557212,0.6246587038040161,0.0073165703564882275,0.9953389167785645
gaia-v3-05404,fit,login_failure,1626030127357,11.0,True,0.020244186529695677,0.4745640903711319,0.01913117398507893,0.3456871211528778,0.006419992642477155,0.9958904385566711
gaia-v3-05679,fit,login_failure,1626030337377,11.0,True,0.025154224205107312,0.6118541657924652,0.02832129751332104,0.3456871211528778,0.008087516203522683,0.9969257116317749
gaia-v3-05680,fit,login_failure,1626030420436,11.0,True,0.02133220921847775,0.5843304321169853,0.018387830769643187,0.3456871211528778,0.006807506503537297,0.9955527186393738
gaia-v3-05409,fit,login_failure,1626031150823,11.0,True,0.01976334756397288,0.77168383076787,0.02253138762898743,0.3788396418094635,0.006933434205129743,0.996783971786499
gaia-v3-05682,fit,login_failure,1626031529950,11.0,True,0.023504441873971396,0.6400177180767059,0.018448761990293862,0.3456871211528778,0.0069151238724589345,0.9958176016807556
gaia-v3-05414,fit,login_failure,1626031752438,11.0,True,0.02483493416584679,0.5283874869346619,0.03154750266112387,0.3456871211528778,0.007622539233416319,0.9959356188774109
gaia-v3-05683,fit,login_failure,1626031949658,11.0,True,0.029080687933795465,0.5915311798453331,0.03041068259626627,0.662675678730011,0.015005769962444902,0.9969916939735413
gaia-v3-05415,fit,login_failure,1626032078453,11.0,True,0.02165232441633028,0.3911862373352051,0.03298842539079487,0.3456871211528778,0.010058802459388972,0.9973125457763672
gaia-v3-05416,fit,login_failure,1626032260456,11.0,True,0.023202092648352844,0.649630606174469,0.03545499397441745,0.3909478485584259,0.01066662224009633,0.9979063272476196
gaia-v3-05426,fit,login_failure,1626033361473,11.0,True,0.025341703549202066,0.7511974051594734,0.016901836451143026,0.45815688371658325,0.008829859010875225,0.9970270991325378
gaia-v3-05688,fit,login_failure,1626033633957,11.0,True,0.021974459641448143,0.6050921976566315,0.024362845066934823,0.3821229338645935,0.008641627049073577,0.9953720569610596
gaia-v3-05689,fit,login_failure,1626033711956,11.0,True,0.017213433468229292,0.5727761536836624,0.019230005983263253,0.3821229338645935,0.005981603832915425,0.995438277721405
gaia-v3-05695,fit,login_failure,1626035088680,11.0,True,0.02546000149062214,0.6705332780256867,0.02186746643856168,0.3909478485584259,0.007337676947936416,0.9970906972885132
gaia-v3-05429,fit,login_failure,1626035224466,11.0,True,0.028915943538110393,0.6622585207223892,0.024795069405809046,0.3456871211528778,0.006631268467754125,0.9958362579345703
gaia-v3-05696,fit,login_failure,1626035303305,11.0,True,0.021003604947812466,0.6622585207223892,0.019237268762663007,0.3456871211528778,0.006746739754453302,0.9958507418632507
gaia-v3-05697,fit,login_failure,1626035393392,11.0,True,0.017678206014291695,0.4000000059604645,0.015347593929618597,0.42605479061603546,0.005818634647876024,0.9962653517723083
gaia-v3-05430,fit,login_failure,1626036061087,11.0,True,0.02460589462813611,0.4695751667022705,0.04304728964343667,0.6711877584457397,0.008151470003649592,0.995968759059906
gaia-v3-05700,fit,login_failure,1626037830504,11.0,True,0.024588540715437073,0.6540320217609406,0.03462092792615294,0.5051325559616089,0.008643954144790768,0.9957031011581421
gaia-v3-05439,fit,login_failure,1626038746795,11.0,True,0.022509700294661646,0.3722682297229767,0.025723615754395725,0.3821229338645935,0.00684521415270865,0.995857298374176
gaia-v3-05442,fit,login_failure,1626039811287,11.0,True,0.021209766982550112,0.8180165588855743,0.01379069611430168,0.3456871211528778,0.0056610129214823245,0.9966967105865479
gaia-v3-05701,fit,login_failure,1626039976516,11.0,True,0.0196381771248222,0.427158385515213,0.022640005638822912,0.3456871211528778,0.007585294088348746,0.995438277721405
gaia-v3-05703,fit,login_failure,1626040142648,11.0,True,0.022802430570542733,0.7157410532236099,0.026673020189628006,0.3456871211528778,0.007364571429789067,0.9957031011581421
gaia-v3-05707,fit,login_failure,1626041333826,11.0,True,0.023345046290099467,0.4562917873263359,0.014350798120722175,0.3456871211528778,0.0073973396699875595,0.9964791536331177
gaia-v3-05708,fit,login_failure,1626041579170,11.0,True,0.025061504852298338,0.47701042145490646,0.020899131149053573,0.3456871211528778,0.006592873856425286,0.9953720569610596
gaia-v3-05448,fit,login_failure,1626042001650,11.0,True,0.02399382123427737,0.7300457432866096,0.020107630640268326,0.3456871211528778,0.00632437564432621,0.9962878227233887
gaia-v3-05449,fit,login_failure,1626042174778,11.0,True,0.025598679151153193,0.5796236395835876,0.0222305856179446,0.3456871211528778,0.006901666596531868,0.995968759059906
gaia-v3-05712,fit,login_failure,1626043534949,11.0,True,0.018525657056549485,0.5392269492149353,0.019067521300166847,0.3456871211528778,0.006343477182090282,0.9961331486701965
gaia-v3-05713,fit,login_failure,1626043657261,11.0,True,0.022351668022262555,0.5945755802094936,0.017323566414415837,0.3909478485584259,0.006889147693291306,0.9958176016807556
gaia-v3-05714,fit,login_failure,1626043955946,11.0,True,0.02173471765369565,0.4554429482668638,0.018724606651812793,0.6246587038040161,0.006038163574412465,0.9955376386642456
gaia-v3-05452,fit,login_failure,1626044099761,11.0,True,0.016900665072413782,0.5477350279688835,0.018180461740121244,0.6711877584457397,0.005737326582893729,0.9968831539154053
gaia-v3-05453,fit,login_failure,1626044194866,11.0,True,0.017975203621123606,0.5070017352700233,0.020413380488753317,0.3456871211528778,0.008192469300702214,1.0
gaia-v3-05715,fit,login_failure,1626044270902,11.0,True,0.01589340678450147,0.26100480556488037,0.022133200895041227,0.3456871211528778,0.00750424756668508,0.9957513809204102
gaia-v3-05456,fit,login_failure,1626044664292,11.0,True,0.020655667657168426,0.5847810059785843,0.017373126931488514,0.5781296491622925,0.006431613015010953,0.9972795248031616
gaia-v3-05719,fit,login_failure,1626045696382,11.0,True,0.020814445740931355,0.4376554638147354,0.026158035034313798,0.3456871211528778,0.007604025732725859,0.9954051971435547
gaia-v3-05458,fit,login_failure,1626046208667,11.0,True,0.0311004640100388,0.8300880789756775,0.020108820497989656,0.3456871211528778,0.007127875536680222,0.9958031177520752
gaia-v3-05459,fit,login_failure,1626046319403,11.0,True,0.01849327597010415,0.4663804769515991,0.02584391599521041,0.42605479061603546,0.0061667909193784,0.9971474409103394
gaia-v3-05720,fit,login_failure,1626046393906,11.0,True,0.02184249327207605,0.36351533979177475,0.01999970688484609,0.36226337403059006,0.006578917298465967,0.9963974952697754
gaia-v3-05461,fit,login_failure,1626046869153,11.0,True,0.024570289389036284,0.9105932544916868,0.030381381744518876,0.3456871211528778,0.009256214248016476,0.9959025382995605
gaia-v3-05721,fit,login_failure,1626047102117,11.0,True,0.024287640951418627,0.4290171470493078,0.014217349421232938,0.3456871211528778,0.005896218745037913,0.9955195784568787
gaia-v3-05722,fit,login_failure,1626047269333,11.0,True,0.026402541240046654,0.39769840240478516,0.018818476935848594,0.4090375602245331,0.007701373668387532,0.9956189393997192
gaia-v3-05723,fit,login_failure,1626047387473,11.0,True,0.020845438639904994,0.40810587257146835,0.021676747919991614,0.436208575963974,0.007408626051619649,0.9957513809204102
gaia-v3-05463,fit,login_failure,1626047623287,11.0,True,0.017186408288155992,0.4218659810721874,0.018742115795612337,0.436208575963974,0.006176313795149327,0.996056079864502
gaia-v3-05724,fit,login_failure,1626048022708,11.0,True,0.025411993310505445,0.5070267580449581,0.021810469077900053,0.3456871211528778,0.006295904386788607,0.9956520199775696
gaia-v3-05725,fit,login_failure,1626048245121,11.0,True,0.020766665681730957,0.40000002086162567,0.024671484669670462,0.3456871211528778,0.0074477167613804345,0.9957031011581421
gaia-v3-05729,fit,login_failure,1626049477312,11.0,True,0.027502497500972823,0.9167090449482203,0.021901963325217367,0.3456871211528778,0.006966311158612371,0.9958507418632507
gaia-v3-05469,fit,login_failure,1626051114717,11.0,True,0.03239910737902392,0.5186915695667267,0.026997861731797457,0.3456871211528778,0.006866466756910086,0.996320903301239
gaia-v3-05736,fit,login_failure,1626051265216,11.0,True,0.023967755616952975,0.4000000059604645,0.019620907958596945,0.3821229338645935,0.005924517242237926,0.9956851601600647
gaia-v3-05470,fit,login_failure,1626051570771,11.0,True,0.020340486546532095,0.5821749866008759,0.020986359380185605,0.3456871211528778,0.006210915744304657,0.995736837387085
gaia-v3-05473,fit,login_failure,1626052574876,11.0,True,0.0213109397397299,0.5325854886323214,0.016691900929436086,0.6711877584457397,0.005214745393022895,0.9958362579345703
gaia-v3-05737,fit,login_failure,1626052669277,11.0,True,0.022495371017430443,0.414623498916626,0.023601013841107486,0.48163118958473206,0.005808075973764062,0.9954051971435547
gaia-v3-05738,fit,login_failure,1626052865169,11.0,True,0.01854739561288928,0.40000002086162567,0.02384398253634572,0.47131551802158356,0.005911574754863977,0.9957513809204102
gaia-v3-05474,fit,login_failure,1626052977495,11.0,True,0.022557341306067732,0.5423218458890915,0.022870055865496397,0.3456871211528778,0.00566177161410451,0.9960891604423523
gaia-v3-05475,fit,login_failure,1626053078323,11.0,True,0.019142829074310915,0.34337079524993896,0.022521362453699113,0.3909478485584259,0.006818337813019753,0.9956253170967102
gaia-v3-05739,fit,login_failure,1626053294779,11.0,True,0.026430030867049936,0.47284969687461853,0.022450297651812435,0.3788396418094635,0.007801817720755935,0.9955044984817505
gaia-v3-05740,fit,login_failure,1626053617229,11.0,True,0.020448053657310082,0.39849380403757095,0.026783178746700286,0.6246587038040161,0.007940145488828421,0.9954714179039001
gaia-v3-05476,fit,login_failure,1626054428787,11.0,True,0.01788172901675959,0.533354640007019,0.025117535470053555,0.3456871211528778,0.008669980289414524,0.9964863657951355
gaia-v3-05479,fit,login_failure,1626054782600,11.0,True,0.01575408602972554,0.466966912150383,0.019879917986690997,0.3456871211528778,0.007470579110085964,0.9959567189216614
gaia-v3-05741,fit,login_failure,1626055106624,11.0,True,0.01972458203745191,0.4824521727859974,0.01731158755719662,0.5113306641578674,0.006923001334071159,0.995272696018219
gaia-v3-05742,fit,login_failure,1626055536149,11.0,True,0.015117744107071,0.44813649356365204,0.024974186765030028,0.5781296491622925,0.006366145974025131,0.9954051971435547
gaia-v3-05481,fit,login_failure,1626055958582,11.0,True,0.017240970646283434,0.4469815492630005,0.02558087054640055,0.45815691351890564,0.007124114837497472,0.996056079864502
gaia-v3-05751,fit,login_failure,1626058266396,11.0,True,0.017479501801426524,0.4000000059604645,0.02370226667262614,0.3456871211528778,0.008304648734629154,0.9968755841255188
gaia-v3-05752,fit,login_failure,1626058403131,11.0,True,0.025815880729351193,0.4000000059604645,0.021482272073626518,0.3456871211528778,0.00793197943829,0.9959500432014465
gaia-v3-05753,fit,login_failure,1626058777633,11.0,True,0.02094871752876012,0.49296027421951294,0.020615207543596626,0.45815688371658325,0.007453890163451433,0.9956851601600647
gaia-v3-05757,fit,login_failure,1626059446495,11.0,True,0.020751210252395444,0.314001202583313,0.0332369601354003,0.3821229338645935,0.009422787670046092,0.9968425631523132
gaia-v3-05758,fit,login_failure,1626059585797,11.0,True,0.0315537126463217,0.5585847422480583,0.05076181786134839,0.4427994191646576,0.009902630234137177,0.9955857992172241
gaia-v3-05487,fit,login_failure,1626059829760,11.0,True,0.021415857214014976,0.6866618245840073,0.030816627759486438,0.5781296491622925,0.008916485169902445,0.996056079864502
gaia-v3-05488,fit,login_failure,1626059982597,11.0,True,0.014017067364329705,0.30000000447034836,0.014521837141364813,0.3533506691455841,0.007207924220710993,0.995968759059906
gaia-v3-05759,fit,login_failure,1626060537509,11.0,True,0.014983167200504492,0.25895439088344574,0.018721416173502804,0.3456871211528778,0.0071538374666124584,0.9957513809204102
gaia-v3-05760,fit,login_failure,1626060666768,11.0,True,0.029916229511096997,0.561227947473526,0.0302778625395149,0.3456871211528778,0.007755942009389401,0.9957183003425598
gaia-v3-05489,fit,login_failure,1626060749685,11.0,True,0.031218812648633805,0.43195003271102905,0.016996375191956757,0.3456871211528778,0.006688164435327053,0.9959235787391663
gaia-v3-05490,fit,login_failure,1626060851840,11.0,True,0.023131459676854624,0.45913591980934143,0.021360989520326258,0.3456871211528778,0.006610794961452484,0.995857298374176
gaia-v3-05762,fit,login_failure,1626061618021,11.0,True,0.020502133209447493,0.313689187169075,0.02187370778992772,0.42539793252944946,0.007385270604863763,0.995320737361908
gaia-v3-05763,fit,login_failure,1626062014786,11.0,True,0.018000915402687192,0.42514123022556305,0.02353407139889896,0.3456871211528778,0.00639641921967268,0.9955044984817505
gaia-v3-05492,fit,login_failure,1626062133877,11.0,True,0.016593916900698485,0.28814300894737244,0.024772244086489082,0.3456871211528778,0.007106654299423099,0.9968949556350708
gaia-v3-05764,fit,login_failure,1626062622954,11.0,True,0.024169802470714784,0.7790479436516762,0.023859383910894393,0.3456871211528778,0.008059918824583292,0.9955376386642456
gaia-v3-05765,fit,login_failure,1626063023200,11.0,True,0.019200000099954196,0.43826451897621155,0.018052693363279103,0.3456871211528778,0.007988555263727904,1.0
gaia-v3-05493,fit,login_failure,1626063098503,11.0,True,0.027386202225655628,0.6777687892317772,0.02089739656075835,0.3456871211528778,0.007645020559430123,0.9968619346618652
gaia-v3-05496,fit,login_failure,1626063628051,11.0,True,0.028717088344759154,0.5871793637052178,0.019003791036084294,0.3456871211528778,0.006768801417201757,0.996056079864502
gaia-v3-05767,fit,login_failure,1626063980405,11.0,True,0.022043793134313698,0.4000000059604645,0.01764622302725911,0.3456871211528778,0.005885217068716884,0.9955857992172241
gaia-v3-05499,fit,login_failure,1626064288501,11.0,True,0.020265998365114987,0.5846393466927111,0.012756234779953957,0.3456871211528778,0.0051057248841971156,0.9960018992424011
gaia-v3-05768,fit,login_failure,1626064597046,11.0,True,0.017970937448020172,0.5141130834817886,0.023685669619590045,0.3981705456972122,0.006961092436686158,0.9956851601600647
gaia-v3-05770,fit,login_failure,1626064927248,11.0,True,0.019253060106226863,0.4298876225948334,0.025630030687898396,0.3821229338645935,0.0074596336763352155,0.9961816072463989
gaia-v3-05776,fit,login_failure,1626065910512,11.0,True,0.017298070300603284,0.45668867230415344,0.021646963246166707,0.3456871211528778,0.006476463358849287,0.9962807893753052
gaia-v3-05505,fit,login_failure,1626066292684,11.0,True,0.0238755773253312,0.40000002086162567,0.021323662204667925,0.3456871211528778,0.006416463619098067,0.9961674213409424
gaia-v3-05518,fit,login_failure,1626069795906,11.0,True,0.025865463444885488,0.4564049541950226,0.02664633942767978,0.44105064868927,0.008522869339212775,0.9957700371742249
gaia-v3-05787,fit,login_failure,1626070353634,11.0,True,0.017901613919336038,0.445303276181221,0.019854381727054716,0.3821229338645935,0.007136345077306032,0.9960162043571472
gaia-v3-05519,fit,login_failure,1626070609890,11.0,True,0.0157695590685762,0.39324937760829926,0.01936499187722802,0.3821229338645935,0.006825631847605109,0.9957578778266907
gaia-v3-05789,fit,login_failure,1626071729644,11.0,True,0.0207737501936208,0.35446713864803314,0.037744740443304184,0.3456871211528778,0.008200237322598695,0.9957513809204102
gaia-v3-05522,fit,login_failure,1626072965648,11.0,True,0.021940421238832643,0.6481156051158905,0.027685324009507895,0.42605479061603546,0.007568866489455104,0.9961342811584473
gaia-v3-05792,fit,login_failure,1626073842388,11.0,True,0.025973243358748732,0.6503358781337738,0.03814134649001062,0.5781296491622925,0.008415548112243414,0.996232271194458
gaia-v3-05793,fit,login_failure,1626073919392,11.0,True,0.023943093193035263,0.6026157736778259,0.023803737945854664,0.436208575963974,0.008415048578754067,0.9957031011581421
gaia-v3-05794,fit,login_failure,1626074144613,11.0,True,0.016143483750056475,0.4000000059604645,0.017134206369519234,0.3456871211528778,0.0059003159590065475,0.9979307651519775
gaia-v3-05524,fit,login_failure,1626074339470,11.0,True,0.017752268699890314,0.4053558111190796,0.021018541371449827,0.3456871211528778,0.0067341867834329605,0.9958031177520752
gaia-v3-05797,fit,login_failure,1626075967431,11.0,True,0.02087006245080071,0.41284460481256247,0.026686945371329783,0.3871394991874695,0.00852403306402266,0.9957031011581421
gaia-v3-05529,fit,login_failure,1626076532846,11.0,True,0.015931233058411938,0.36389128863811493,0.01972685381770134,0.3456871211528778,0.006379449255764485,0.9961223006248474
gaia-v3-05804,fit,login_failure,1626077782989,11.0,True,0.01700946378405206,0.4584304019808769,0.014981181640177966,0.3456871211528778,0.006566562168300152,0.9951732754707336
gaia-v3-05533,fit,login_failure,1626078714160,11.0,True,0.023913252634762707,0.6491808816790581,0.02011805586516857,0.3456871211528778,0.008747834740206599,0.9966186285018921
gaia-v3-05806,fit,login_failure,1626078993828,11.0,True,0.014419193638605065,0.5935546308755875,0.02181935771368444,0.3456871211528778,0.007665358483791351,0.995570719242096
gaia-v3-05807,fit,login_failure,1626079352979,11.0,True,0.02179956937980023,0.6290696747601032,0.017631365079432727,0.3456871211528778,0.005669082403182983,0.9969086050987244
gaia-v3-05810,fit,login_failure,1626081219097,11.0,True,0.025324787285110992,0.4179193675518036,0.03673894023522735,0.6711877584457397,0.007458931431174278,0.9953057765960693
gaia-v3-05538,fit,login_failure,1626081627016,11.0,True,0.026413702511369288,0.7212004363536835,0.01626132777892053,0.3456871211528778,0.0070407953299582,0.9959356188774109
gaia-v3-05540,fit,login_failure,1626082732111,11.0,True,0.021005900929594645,0.4071195274591446,0.024525248585268854,0.5351069271564484,0.007826539380475879,0.9958362579345703
gaia-v3-05811,fit,login_failure,1626083026672,11.0,True,0.02085225220847254,0.5197520703077316,0.023403335083276033,0.45815691351890564,0.0071603402495384215,0.9956189393997192
gaia-v3-05812,fit,login_failure,1626083116651,11.0,True,0.016184853838785783,0.45503405202180147,0.025985674699768424,0.436208575963974,0.006849194290116429,0.9969745874404907
gaia-v3-05814,fit,login_failure,1626083565222,11.0,True,0.020788556531260837,0.45146414637565613,0.033116225898265836,0.3456871211528778,0.008834961475804448,0.9958507418632507
gaia-v3-05542,fit,login_failure,1626083748255,11.0,True,0.01740165576241755,0.4000000059604645,0.024171426240354777,0.3456871211528778,0.007112415544688702,0.995857298374176
gaia-v3-05545,fit,login_failure,1626084738176,11.0,True,0.02828888021564732,0.7981389462947845,0.027620494645088912,0.3456871211528778,0.007097978359088302,0.9958242177963257
gaia-v3-05546,fit,login_failure,1626084998179,11.0,True,0.0210559708695655,0.569870114326477,0.029255127394571902,0.436208575963974,0.00759316673502326,0.9960018992424011
gaia-v3-05551,fit,login_failure,1626085771793,11.0,True,0.01604914383982153,0.2822018265724182,0.03313464331440628,0.436208575963974,0.009243665914982557,0.9958031177520752
gaia-v3-05816,fit,login_failure,1626086094608,11.0,True,0.020836651635666687,0.3710322380065918,0.029310589423403144,0.6246587038040161,0.007018920732662082,0.9956851601600647
gaia-v3-05552,fit,login_failure,1626086403752,11.0,True,0.016569038972617516,0.3532583527266979,0.023279194394126533,0.3456871211528778,0.007691250843927264,0.9972134828567505
gaia-v3-05553,fit,login_failure,1626086531469,11.0,True,0.023909735652705422,0.732558436691761,0.02017929437570274,0.3724171444773674,0.00579456421546638,0.9960681200027466
gaia-v3-05557,fit,login_failure,1626087096054,11.0,True,0.01797866213088734,0.4495494142174721,0.030175017891451716,0.3456871211528778,0.010036311289295554,0.9975882172584534
gaia-v3-05818,fit,login_failure,1626087462805,11.0,True,0.021006474320104947,0.42499666661024094,0.027966858120635152,0.3909478485584259,0.009461096841841937,0.9961816072463989
gaia-v3-05819,fit,login_failure,1626087736486,11.0,True,0.01856796840620518,0.4300372749567032,0.018349022278562187,0.3456871211528778,0.007267755977809429,0.9963138699531555
gaia-v3-05561,fit,login_failure,1626088815159,11.0,True,0.017639952541867388,0.3187579151126556,0.0210301720071584,0.5646723359823227,0.007914528399705887,0.995857298374176
gaia-v3-05822,fit,login_failure,1626088899378,11.0,True,0.02276443644417062,0.43874698504805565,0.031164324982091783,0.436208575963974,0.009887323742732405,1.0
gaia-v3-05823,fit,login_failure,1626088988205,11.0,True,0.02101737636597439,0.3764929324388504,0.01846613297238946,0.3909478485584259,0.006861261473968625,0.9956189393997192
gaia-v3-05563,fit,login_failure,1626089579783,11.0,True,0.02504182001202935,0.6000000238418579,0.03561401832848787,0.3456871211528778,0.00759777745231986,0.9961342811584473
gaia-v3-05564,fit,login_failure,1626089950842,11.0,True,0.02392919163303304,0.6160977855324745,0.021028092363849282,0.5181432813405991,0.0063301837351173165,0.9958693981170654
gaia-v3-05824,fit,login_failure,1626090248561,11.0,True,0.012475588729406203,0.25406786799430847,0.019022757560014723,1.0,0.00527283763512969,0.9955376386642456
gaia-v3-05567,fit,login_failure,1626090663440,11.0,True,0.01816467724808414,0.40837158262729645,0.025011939462274313,0.5781296491622925,0.00850427132099867,0.9959025382995605
gaia-v3-05568,fit,login_failure,1626090740857,11.0,True,0.018343647919634047,0.2958076409995556,0.025756896659731864,0.36993949115276337,0.006987625537440181,0.9959897994995117
gaia-v3-05825,fit,login_failure,1626090977798,11.0,True,0.02259567539828519,0.4000000059604645,0.03054194329306483,0.5351069271564484,0.007088901558890939,0.9955857992172241
gaia-v3-05569,fit,login_failure,1626091539037,11.0,True,0.015917862084643276,0.40000002086162567,0.015286975912749768,0.3456871211528778,0.005660262843593955,0.9959897994995117
gaia-v3-05572,fit,login_failure,1626092381018,11.0,True,0.020078000055218582,0.40000002086162567,0.01685228757560253,0.3456871211528778,0.005636854022741318,0.9960681200027466
gaia-v3-05828,fit,login_failure,1626092531689,11.0,True,0.023842925179633313,0.5555363148450851,0.02664370690472424,0.4421093016862869,0.007398360371589661,0.9957845211029053
gaia-v3-05829,fit,login_failure,1626093485849,11.0,True,0.022956600829396243,0.56869126111269,0.018367044115439057,0.3456871211528778,0.005613411515951156,0.9953057765960693
gaia-v3-05830,fit,login_failure,1626093656023,11.0,True,0.017052626003472446,0.33370813727378845,0.01387675404548645,0.3456871211528778,0.005923908976837993,0.9956189393997192
gaia-v3-05574,fit,login_failure,1626093785289,11.0,True,0.022594839861267247,0.39351171255111694,0.024356117099523546,0.5351069271564484,0.006785701233893633,0.995326817035675
gaia-v3-05835,fit,login_failure,1626094127628,11.0,True,0.02029604300041683,0.2699114680290222,0.019497098634019494,0.3456871211528778,0.006469449773430824,0.9954714179039001
gaia-v3-05841,fit,login_failure,1626095279279,11.0,True,0.017360373591751948,0.4473273456096649,0.01576838083565235,0.3456871211528778,0.006205377709120512,0.9953870177268982
gaia-v3-05590,fit,login_failure,1626096698825,11.0,True,0.02549934898246041,0.4737751930952072,0.03622781597077847,0.5181432813405991,0.008095825891941785,0.9973125457763672
gaia-v3-05591,fit,login_failure,1626096895024,11.0,True,0.01709155813562878,0.3490368574857712,0.018382530985400082,0.5181432813405991,0.00566693720407784,0.9961012005805969
gaia-v3-05844,fit,login_failure,1626097043241,11.0,True,0.01923447503480323,0.40000002086162567,0.018859117198735474,0.3456871211528778,0.007634072965011,0.9955857992172241
gaia-v3-05592,fit,login_failure,1626097395237,11.0,True,0.02061570439618663,0.3999999761581421,0.025078375823795795,0.3456871211528778,0.007139467326924205,0.9961674213409424
gaia-v3-05606,fit,login_failure,1626100443248,11.0,True,0.02143053603261554,0.4485684037208557,0.02067299778573215,0.40882977843284607,0.00862470716238022,0.9972583055496216
gaia-v3-05607,fit,login_failure,1626100820939,11.0,True,0.026167425927512037,0.6465744078159332,0.021755272150039674,0.4522828459739685,0.005921411598101258,0.9971474409103394
gaia-v3-05615,fit,login_failure,1626102127292,11.0,True,0.016921292624950488,0.4000000059604645,0.024410601891577243,0.4201399087905884,0.0067885972186923025,0.9960229396820068
gaia-v3-05616,fit,login_failure,1626102374919,11.0,True,0.02335914807202547,0.40000002086162567,0.024479344161227344,0.3456871211528778,0.0071083373017609116,0.9956374168395996
gaia-v3-05621,fit,login_failure,1626103410596,11.0,True,0.020670858163308974,0.49352748692035675,0.02780438414774835,0.4362085610628128,0.008919059466570615,0.9965194463729858
gaia-v3-05622,fit,login_failure,1626103770723,11.0,True,0.020076351314977123,0.5188725963234901,0.019959691725671292,0.3456871211528778,0.006270092781633139,0.995857298374176
gaia-v3-05623,fit,login_failure,1626104014034,11.0,True,0.01969135924349151,0.4616127014160156,0.017277938779443502,0.5064224600791931,0.005696088401600718,0.9958904385566711
gaia-v3-05859,fit,login_failure,1626104357004,11.0,True,0.021889016970817465,0.5982063598930836,0.02407088507898152,0.3456871211528778,0.0064851964451372625,0.9969745874404907
gaia-v3-05624,fit,login_failure,1626104543393,11.0,True,0.01887087120127641,0.46289825439453125,0.01956742606125772,0.3456871211528778,0.006167830638587475,0.9964863657951355
gaia-v3-05860,fit,login_failure,1626104615630,11.0,True,0.018936454673348636,0.4318143427371979,0.018553431145846844,0.3456871211528778,0.0055620109848678115,0.9956851601600647
gaia-v3-05625,fit,login_failure,1626104737151,11.0,True,0.0160923773349244,0.48809676337987185,0.015456747682765126,0.4201399087905884,0.004585153190419078,0.9958362579345703
gaia-v3-05626,fit,login_failure,1626104927044,11.0,True,0.023713828852836134,0.38142505288124084,0.023595844861119986,0.3456871211528778,0.00772671147249639,0.9974115490913391
gaia-v3-05627,fit,login_failure,1626105029817,11.0,True,0.02450501542480197,0.4411815255880356,0.019041966972872616,0.3821229338645935,0.007480588722974062,0.9956915974617004
gaia-v3-05628,fit,login_failure,1626105489018,11.0,True,0.019871483066284175,0.4250996969640255,0.022159701120108365,0.3821229338645935,0.00711169620975852,0.9959897994995117
gaia-v3-05902,fit,login_failure,1626105631994,11.0,True,0.0177330990244324,0.43600206077098846,0.049418513430282474,0.946224570274353,0.006574598653241992,0.9972795248031616
gaia-v3-05903,fit,login_failure,1626105781005,11.0,True,0.020207149082246665,0.48181572556495667,0.010297835199162364,0.3381841778755188,0.006243087667971849,0.9960229396820068
gaia-v3-06187,fit,login_failure,1626105956375,11.0,True,0.020467497617937626,0.5084899067878723,0.01203183364123106,0.6246587038040161,0.006215386688709259,0.9948749542236328
gaia-v3-06188,fit,login_failure,1626106081885,11.0,True,0.022554696208923513,0.38379670679569244,0.02514486014842987,0.6711877584457397,0.008820034889504313,0.995272696018219
gaia-v3-05904,fit,login_failure,1626106205719,11.0,True,0.01879275993075377,0.4865894168615341,0.019740755716338754,1.0,0.0051639721356332305,0.9976755380630493
gaia-v3-05905,fit,login_failure,1626106294735,11.0,True,0.015143613850523253,0.4315016735345125,0.019951550103724004,0.3456871211528778,0.005851689232513308,0.9958242177963257
gaia-v3-06191,fit,login_failure,1626106848380,11.0,True,0.024857687076049236,0.4548766613006592,0.01837187297642231,0.251047819852829,0.006712574250996113,0.9955376386642456
gaia-v3-05906,fit,login_failure,1626106961383,11.0,True,0.026592644858465065,0.6016493737697601,0.019891314674168825,0.7472217082977295,0.00891626932658255,0.9970932006835938
gaia-v3-05908,fit,login_failure,1626107289472,11.0,True,0.02083601365739014,0.49776627868413925,0.015234682243317366,0.436208575963974,0.007497157715260982,0.9962336421012878
gaia-v3-05909,fit,login_failure,1626107501313,11.0,True,0.02040032736695139,0.47332391142845154,0.021525275334715842,0.436208575963974,0.007996466718614101,0.9966517090797424
gaia-v3-05910,fit,login_failure,1626107858403,11.0,True,0.019982790904274832,0.8160730861127377,0.02348952102474868,0.5781296491622925,0.006958038359880447,0.996056079864502
gaia-v3-05911,fit,login_failure,1626108225195,11.0,True,0.02034254489602366,0.49224915355443954,0.015740693546831608,0.436208575963974,0.008144909972324968,1.0
gaia-v3-05912,fit,login_failure,1626108400516,11.0,True,0.020716457870730665,0.725183516740799,0.015101035684347152,0.5781296491622925,0.006537143001332879,0.9968500733375549
gaia-v3-05915,fit,login_failure,1626108839102,11.0,True,0.02589601058061817,0.5000000074505806,0.030212960485368968,0.5781296491622925,0.008314791154116392,0.9959567189216614
gaia-v3-05916,fit,login_failure,1626108911657,11.0,True,0.02700584587000776,0.7023900151252747,0.017089297203347086,0.2818957045674324,0.007302550515159965,0.995968759059906
gaia-v3-05917,fit,login_failure,1626109166217,11.0,True,0.024351504271423133,0.5125146210193634,0.018096680147573353,0.4201399087905884,0.006865368690341711,0.9974445700645447
gaia-v3-05921,fit,login_failure,1626110477014,11.0,True,0.02660298779713533,0.5073091648519039,0.026110228803008794,0.3821229338645935,0.009221387738361954,0.9956253170967102
gaia-v3-05922,fit,login_failure,1626110692005,11.0,True,0.030671613163697962,0.5210905410349369,0.018917371798306704,0.4201399087905884,0.006162322135642171,0.9970270991325378
gaia-v3-05923,fit,login_failure,1626111303935,11.0,True,0.01856692736109835,0.4682427942752838,0.016378421196714045,0.28906479477882385,0.007224265979602933,0.9958362579345703
gaia-v3-06194,fit,login_failure,1626111396807,11.0,True,0.016038752027331307,0.4000000059604645,0.018643149081617592,0.3456871211528778,0.007699595736339688,0.9956369400024414
gaia-v3-05924,fit,login_failure,1626111699719,11.0,True,0.015693640257813966,0.3456335887312889,0.01755198696628213,0.3909478485584259,0.006544101880863309,0.9960229396820068
gaia-v3-05925,fit,login_failure,1626111786163,11.0,True,0.01698324142198544,0.6551967859268188,0.01524612600915134,0.6711877584457397,0.005126218926161528,0.9958362579345703
gaia-v3-05926,fit,login_failure,1626111868119,11.0,True,0.020014726113489208,0.5354066137224436,0.016099132364615798,0.3456871211528778,0.007331475121900439,0.9959025382995605
gaia-v3-06198,fit,login_failure,1626111970789,11.0,True,0.0305334633536404,0.7755516767501831,0.02085542706772685,0.3821229338645935,0.0066131989937275645,0.9958507418632507
gaia-v3-05927,fit,login_failure,1626112138180,11.0,True,0.021934769623718844,0.4617297947406769,0.01606763177551329,0.3909478485584259,0.005778198735788465,0.9959235787391663
gaia-v3-06199,fit,login_failure,1626112221628,11.0,True,0.01947859207818207,0.521232932806015,0.01618029223755002,0.40882977843284607,0.00624722926877439,0.9957513809204102
gaia-v3-05933,fit,login_failure,1626112672285,11.0,True,0.026228110794909297,0.5498680472373962,0.018434802489355206,0.3821229338645935,0.006921873297542334,0.995968759059906
gaia-v3-05934,fit,login_failure,1626113235143,11.0,True,0.029510144875772918,0.5009982287883759,0.025517457444220782,0.3821229338645935,0.009205143982544541,0.995857298374176
gaia-v3-05935,fit,login_failure,1626113541492,11.0,True,0.020024195883888752,0.4165295287966728,0.014876337815076112,0.5646723359823227,0.006387360403314233,0.9959235787391663
gaia-v3-05937,fit,login_failure,1626113796299,11.0,True,0.021620723604185817,0.5341721028089523,0.017289791628718375,0.6246587038040161,0.008010424189269543,0.9962336421012878
gaia-v3-05938,fit,login_failure,1626114207749,11.0,True,0.023692885016983686,0.4352973662316799,0.016042312467470767,0.3456871211528778,0.00572917259298265,0.9956374168395996
gaia-v3-05940,fit,login_failure,1626114477198,11.0,True,0.024442352846987585,0.43470174074172974,0.02515025418251753,0.436208575963974,0.008150116382166743,0.9959025382995605
gaia-v3-05941,fit,login_failure,1626114862786,11.0,True,0.018619539504288695,0.5997914522886276,0.018717162404209377,0.3909478485584259,0.00633140966296196,0.9958242177963257
gaia-v3-06205,fit,login_failure,1626115347648,11.0,True,0.022049728341517038,0.3930507004261017,0.017802769178524615,0.3456871211528778,0.005699947327375412,0.9958507418632507
gaia-v3-05943,fit,login_failure,1626115727641,11.0,True,0.02149246627135047,0.6729750707745552,0.015497604850679636,0.218104287981987,0.0066760516073554755,0.9958031177520752
gaia-v3-06209,fit,login_failure,1626117651496,11.0,True,0.022131393971115663,0.4000000059604645,0.015196735691279172,0.3909478485584259,0.006151923146098852,0.9965296387672424
gaia-v3-06210,fit,login_failure,1626118205282,11.0,True,0.026662385084394676,0.6618467271327972,0.01932562659494579,0.2818957045674324,0.010394171755760908,0.9956700205802917
gaia-v3-06211,fit,login_failure,1626118556683,11.0,True,0.02135248230697471,0.7194202914834023,0.01766769983805716,0.2829706370830536,0.0096146434918046,0.9973705410957336
gaia-v3-06212,fit,login_failure,1626118652672,11.0,True,0.019937431094391892,0.48112958669662476,0.016235196869820355,0.4732699543237686,0.009315815716981889,0.996727705001831
gaia-v3-05958,fit,login_failure,1626118885619,11.0,True,0.03069965526156011,0.9398648156784475,0.018587310891598464,0.34655895829200745,0.009742340575903653,0.9979063272476196
gaia-v3-05965,fit,login_failure,1626119342323,11.0,True,0.022419106820598243,0.624109148979187,0.017392012150958182,0.47131551802158356,0.005815820368006826,0.9977861046791077
gaia-v3-05968,fit,login_failure,1626119907890,11.0,True,0.02277542130711178,0.4385111778974533,0.011264650477096438,0.2818957045674324,0.00824628246948123,0.9961885213851929
gaia-v3-05974,fit,login_failure,1626120683094,11.0,True,0.02971200025252377,0.6010823547840118,0.029352569347247483,0.956549733877182,0.011212983299046755,0.9958904385566711
gaia-v3-06218,fit,login_failure,1626120930862,11.0,True,0.0244451395526994,0.6087860763072968,0.021828768495470285,0.4902998208999634,0.008950106259435415,0.9956369400024414
gaia-v3-05975,fit,login_failure,1626121066456,11.0,True,0.02149442967493087,0.5705305486917496,0.015504551632329822,0.3456871211528778,0.007004791675135493,0.9958242177963257
gaia-v3-05976,fit,login_failure,1626121216641,11.0,True,0.01628698243778975,0.36242303252220154,0.01497009010054171,0.3456871211528778,0.0055895391572266815,0.9955921769142151
gaia-v3-05977,fit,login_failure,1626121298068,11.0,True,0.022440751757433947,0.4343857765197754,0.013924842653796076,0.3456871211528778,0.006913336087018251,0.9961553812026978
gaia-v3-05978,fit,login_failure,1626121614152,11.0,True,0.027125878307803455,0.6168526113033295,0.014531081495806574,0.218104287981987,0.005606974139809608,0.9956374168395996
gaia-v3-06221,fit,login_failure,1626122581082,11.0,True,0.018050877703353764,0.3638914227485657,0.018790679425001143,0.3909478485584259,0.007169372178614139,0.9960823655128479
gaia-v3-05981,fit,login_failure,1626122701128,11.0,True,0.021390073425815597,0.41283876448869705,0.013813614333048462,0.28906482458114624,0.0067916463874280455,0.9971922039985657
gaia-v3-06224,fit,login_failure,1626123145030,11.0,True,0.02274047631265906,0.438478946685791,0.015012556361034513,0.6711877584457397,0.0051514618191868065,0.9958176016807556
gaia-v3-06225,fit,login_failure,1626123222085,11.0,True,0.02449421084408338,0.49841541051864624,0.014779968280345201,0.2818957045674324,0.006502127619460225,0.9973045587539673
gaia-v3-06226,fit,login_failure,1626123566619,11.0,True,0.024194005158885073,0.3616102896630764,0.015374067379161716,0.47131551802158356,0.006880120830610395,0.9955044984817505
gaia-v3-05983,fit,login_failure,1626124752249,11.0,True,0.020587640482456968,0.5230435132980347,0.016462800046429037,0.28906479477882385,0.007163611650466919,0.9959235787391663
gaia-v3-06230,fit,login_failure,1626124823294,11.0,True,0.02022179822185232,0.42835912108421326,0.015109218610450625,0.3456871211528778,0.0075661674700677395,0.9957845211029053
gaia-v3-06231,fit,login_failure,1626125042581,11.0,True,0.020702120226148205,0.5597086772322655,0.015557607635855675,0.436208575963974,0.006639444688335061,0.9951401352882385
gaia-v3-05984,fit,login_failure,1626125183915,11.0,True,0.01972280847937024,0.42342621088027954,0.012842455971986055,0.3456871211528778,0.006030476577579975,0.9959567189216614
gaia-v3-06232,fit,login_failure,1626125439086,11.0,True,0.01723886490605461,0.3593352735042572,0.01846990599296987,0.4999999850988388,0.006178548047319055,0.9955857992172241
gaia-v3-05987,fit,login_failure,1626126002868,11.0,True,0.02170811203541234,0.5152566432952881,0.016600525379180907,0.363569051027298,0.00600026966072619,0.9960229396820068
gaia-v3-05988,fit,login_failure,1626126265128,11.0,True,0.02099856569742163,0.5782325863838196,0.018846265505999327,0.7092047333717346,0.006553703537210822,0.9958242177963257
gaia-v3-05989,fit,login_failure,1626126855652,11.0,True,0.020137647629599086,0.6390931382775307,0.0226432628929615,0.31852978467941284,0.007065266538411379,0.9970601201057434
gaia-v3-05990,fit,login_failure,1626127201340,11.0,True,0.020906053748331033,0.45847173780202866,0.01929540140554309,0.3456871211528778,0.007056545857340097,0.9958693981170654
gaia-v3-06235,fit,login_failure,1626127275510,11.0,True,0.0133624934523444,0.4000000059604645,0.01304481141269207,0.47131551802158356,0.0077741196192801,0.9969745874404907
gaia-v3-06236,fit,login_failure,1626127390888,11.0,True,0.021318771818187088,0.7644495442509651,0.020157680101692676,0.3456871211528778,0.00651561870239675,0.9955376386642456
gaia-v3-05991,fit,login_failure,1626127694212,11.0,True,0.020595689496258274,0.39614059031009674,0.01646886197850108,0.45815688371658325,0.006498797154054045,0.9962005019187927
gaia-v3-05996,fit,login_failure,1626129035453,11.0,True,0.028315842364099807,0.6027708649635315,0.013880889490246772,0.3456871211528778,0.0060986265819519755,0.9960229396820068
gaia-v3-05997,fit,login_failure,1626129260420,11.0,True,0.02735672290752215,0.6091645359992981,0.022641212912276387,0.4201399087905884,0.0056457753852009775,0.995492696762085
gaia-v3-06242,fit,login_failure,1626129493047,11.0,True,0.021161821954107533,0.5580525761470199,0.014473090134561061,0.3456871211528778,0.0062961631733924155,0.9951732754707336
gaia-v3-06000,fit,login_failure,1626130395792,11.0,True,0.031111857575403214,0.47583144903182983,0.02802840922959149,0.3456871211528778,0.009705862188711762,0.9959235787391663
gaia-v3-06245,fit,login_failure,1626130964044,11.0,True,0.022258229025707503,0.5615774989128113,0.019758053962141274,0.3533506691455841,0.007371036428958177,0.9959169030189514
gaia-v3-06001,fit,login_failure,1626131116435,11.0,True,0.026405700374016305,0.5001043677330017,0.0316243645735085,0.436208575963974,0.00856876422651112,0.9959897994995117
gaia-v3-06005,fit,login_failure,1626131869341,11.0,True,0.02329711658621818,0.4000000059604645,0.022101624822244047,0.5059726536273956,0.0064883734844625,0.9959356188774109
gaia-v3-06007,fit,login_failure,1626132291287,11.0,True,0.02375907510286197,0.5225809514522552,0.01801971993409097,0.3456871211528778,0.007597905183210969,0.9960349798202515
gaia-v3-06249,fit,login_failure,1626132401013,11.0,True,0.021924252346313247,0.6468690261244774,0.019815629301592707,0.4732699543237686,0.00574886186979711,0.9956189393997192
gaia-v3-06008,fit,login_failure,1626132506213,11.0,True,0.019742413533094805,0.4461617171764374,0.013091978942975402,0.37361085414886475,0.006226137932389975,0.9957700371742249
gaia-v3-06250,fit,login_failure,1626132664834,11.0,True,0.025531397819092187,0.5711909327656031,0.028827958507463336,0.7472217082977295,0.009729133546352386,0.9969745874404907
gaia-v3-06251,fit,login_failure,1626133020355,11.0,True,0.024115837369754443,0.5824966430664062,0.023409065837040544,0.2818957045674324,0.007569745201617479,0.9956038594245911
gaia-v3-06009,fit,login_failure,1626133203822,11.0,True,0.024195320885822488,0.4073328673839569,0.015484767500311136,0.3456871211528778,0.006071209637448192,0.996056079864502
gaia-v3-06012,fit,login_failure,1626133596880,11.0,True,0.01691041627394346,0.3268458843231201,0.015653323987498878,0.3456871211528778,0.006366130271926522,0.995857298374176
gaia-v3-06252,fit,login_failure,1626133765615,11.0,True,0.0197955051776565,0.530077981762588,0.015599077800288796,0.2883181720972061,0.006455785315483809,0.9960339069366455
gaia-v3-06013,fit,login_failure,1626133977314,11.0,True,0.023268775038498765,0.4407554864883423,0.027032268093898894,0.3355938792228699,0.008652347642928361,0.9963990449905396
gaia-v3-06014,fit,login_failure,1626134329411,11.0,True,0.023300640322850084,0.44010429084300995,0.016103534074500204,0.3973703160881996,0.0064310940075665715,0.9957036972045898
gaia-v3-06017,fit,login_failure,1626135211100,11.0,True,0.019676103178062475,0.5779363960027695,0.015712517499923705,0.3941918760538101,0.00592086860910058,0.9976541996002197
gaia-v3-06020,fit,login_failure,1626135956160,11.0,True,0.02066985667916015,0.5405024774372578,0.014420514879748225,0.3811941146850586,0.006598545368760824,0.9959897994995117
gaia-v3-06027,fit,login_failure,1626137365792,11.0,True,0.02279607723345786,0.6277374923229218,0.014208490494638681,0.3456871211528778,0.005942795788869261,0.9960681200027466
gaia-v3-06029,fit,login_failure,1626137736916,11.0,True,0.020613406766400052,0.5444323569536209,0.019903696747496723,0.3456871062517166,0.008715198682621121,0.9959025382995605
gaia-v3-06265,fit,login_failure,1626138309527,11.0,True,0.031113056694933524,0.821561262011528,0.027862131083384156,0.3456871062517166,0.008951621102169157,0.995320737361908
gaia-v3-06266,fit,login_failure,1626138560359,11.0,True,0.024666047388745938,0.4917078912258148,0.019136291462928057,0.3456871211528778,0.005861981268972158,0.9958176016807556
gaia-v3-06038,fit,login_failure,1626139930944,11.0,True,0.025491383224834862,0.5237598419189453,0.015691962279379367,0.28906479477882385,0.0073841547034680845,0.9995623826980591
gaia-v3-06271,fit,login_failure,1626140017543,11.0,True,0.018485081092997766,0.2864837050437927,0.015770686464384197,0.3456871211528778,0.00571047680452466,0.9955195784568787
gaia-v3-06039,fit,login_failure,1626140282697,11.0,True,0.02305085235372341,0.49281685054302216,0.019095980376005173,0.42539793252944946,0.007005299990996718,0.9955048561096191
gaia-v3-06273,fit,login_failure,1626140661375,11.0,True,0.01904578111983331,0.4000000059604645,0.021485333796590567,0.45815691351890564,0.007848429679870605,0.9954714179039001
gaia-v3-06274,fit,login_failure,1626141116103,11.0,True,0.01925265963654965,0.4000000059604645,0.014264155551791191,0.28906482458114624,0.008204470640048384,0.9956189393997192
gaia-v3-06040,fit,login_failure,1626141207430,11.0,True,0.02036063642760079,0.35851627588272095,0.0198236005846411,0.5364126116037369,0.006944507909938693,0.9964863657951355
gaia-v3-06277,fit,login_failure,1626141624105,11.0,True,0.02428672167491944,0.8489881884306669,0.01678624553605914,0.45815691351890564,0.006656385855749249,0.9955044984817505
gaia-v3-06278,fit,login_failure,1626141791297,11.0,True,0.02038089535975208,0.4597533494234085,0.01806244528852403,0.3456871211528778,0.0062534601334482435,0.9955857992172241
gaia-v3-06279,fit,login_failure,1626141996443,11.0,True,0.02030762813713712,0.7705172896385193,0.015310194622725249,0.436208575963974,0.006610139366239309,0.9960669875144958
gaia-v3-06280,fit,login_failure,1626142798416,11.0,True,0.017090641156149406,0.30797091126441956,0.017314537009224296,0.3456871211528778,0.0067683337163180115,0.9965956807136536
gaia-v3-06281,fit,login_failure,1626142942987,11.0,True,0.01623927185792127,0.2794823497533798,0.02002425156533718,0.3861648738384247,0.006958752619102598,0.9957362413406372
gaia-v3-06282,fit,login_failure,1626143021062,11.0,True,0.017979425581385537,0.38585126399993896,0.015270587848499417,0.42605479061603546,0.005992848863825202,0.9953389167785645
gaia-v3-05894,fit,access_permission_denied,1626144372912,3600.0,True,0.02622984814127752,0.6537156105041504,0.025889631360769272,0.8504368364810944,0.00464137620292604,0.44776708632707596
gaia-v3-06309,fit,login_failure,1626152071012,11.0,True,0.02354094784532208,0.40000002086162567,0.01770954895764589,0.3724171444773674,0.006888246368616819,0.995570719242096
gaia-v3-06066,fit,login_failure,1626152429333,11.0,True,0.026935191044564512,0.36687150597572327,0.023534328723326326,0.3909478485584259,0.0069754787627607584,0.9962336421012878
gaia-v3-06310,fit,login_failure,1626152974459,11.0,True,0.018603218265343457,0.3486703261733055,0.014137613913044333,0.3456871211528778,0.006715934341773391,0.996430516242981
gaia-v3-06311,fit,login_failure,1626153224228,11.0,True,0.024537693905100848,0.4931992292404175,0.025019293138757347,0.4201399087905884,0.009157188925892115,0.996232271194458
gaia-v3-06067,fit,login_failure,1626153353513,11.0,True,0.02659656306520143,0.3805225305259228,0.018603009777143596,0.3456871211528778,0.00720013240352273,0.996221661567688
gaia-v3-06068,fit,login_failure,1626153517487,11.0,True,0.019889404631127643,0.5712720509618521,0.018876261170953514,0.3533506691455841,0.007391859963536263,0.9976755380630493
gaia-v3-06312,fit,login_failure,1626153744643,11.0,True,0.018493564768141367,0.5616702735424042,0.013819660339504481,0.3821229338645935,0.006457725763320923,0.9957362413406372
gaia-v3-06313,fit,login_failure,1626153991036,11.0,True,0.0198020203739361,0.4198179095983505,0.018872039532288908,0.436208575963974,0.006745159011334181,0.9951732754707336
gaia-v3-06069,fit,login_failure,1626154346427,11.0,True,0.01742472627471822,0.6468873471021652,0.016698108147829772,0.4732699543237686,0.006202322486788034,0.9959235787391663
gaia-v3-06070,fit,login_failure,1626154432911,11.0,True,0.02409607353862763,0.4531535506248474,0.012913795560598374,0.3456871211528778,0.00578804973512888,0.9958362579345703
gaia-v3-06314,fit,login_failure,1626154563566,11.0,True,0.015729229179487447,0.33205967396497726,0.013547286810353398,0.3456871211528778,0.0051398210879415275,0.9955044984817505
gaia-v3-06319,fit,login_failure,1626155209749,11.0,True,0.022748418575065443,0.46716801542788744,0.010957047436386346,0.23337793350219727,0.005931914579123259,0.9966773986816406
gaia-v3-06322,fit,login_failure,1626155873013,11.0,True,0.029696599260447935,0.5916507095098495,0.02233606199733913,0.6246587038040161,0.007742277830839157,0.9957183003425598
gaia-v3-06328,fit,login_failure,1626157552968,11.0,True,0.021455720348391574,0.6497810184955597,0.017297402350232007,0.5781296491622925,0.005847609220072627,0.9955044984817505
gaia-v3-06081,fit,login_failure,1626157964818,11.0,True,0.022940829688256295,0.5398806035518646,0.03421753132715821,0.5781296491622925,0.010314463023096323,0.9967178702354431
gaia-v3-06082,fit,login_failure,1626158094340,11.0,True,0.01764556616186989,0.3295718263834715,0.016870778053998947,0.4426310583949089,0.006946036648005247,0.9959356188774109
gaia-v3-06331,fit,login_failure,1626158367152,11.0,True,0.017078792552638333,0.2622927650809288,0.016505853179842232,0.3821229338645935,0.006345200883224607,0.995438277721405
gaia-v3-06083,fit,login_failure,1626158981292,11.0,True,0.023816579561632047,0.45493263006210327,0.019246143847703935,0.3456871211528778,0.007468110611662269,0.9958242177963257
gaia-v3-06333,fit,login_failure,1626160342785,11.0,True,0.02645216119538721,0.8648932762444019,0.014581097709015011,0.5452607050538063,0.0071860535256564615,0.9956038594245911
gaia-v3-06334,fit,login_failure,1626160632973,11.0,True,0.02401897745730821,0.6883180737495422,0.021736322715878487,0.5064224600791931,0.008172308364883064,0.9965296387672424
gaia-v3-06335,fit,login_failure,1626161098939,11.0,True,0.026705327797875118,0.4622402787208557,0.02835510652512312,0.44105064868927,0.007877917867153883,0.9953870177268982
gaia-v3-06338,fit,login_failure,1626161382736,11.0,True,0.021813229269658525,0.5024690926074982,0.028297749627381564,0.48232653737068176,0.011530869407579303,0.9957183003425598
gaia-v3-06339,fit,login_failure,1626161487214,11.0,True,0.022189880334190094,0.8249938189983368,0.016047743055969475,0.436208575963974,0.006088622445240617,0.9952212572097778
gaia-v3-06087,fit,login_failure,1626161673131,11.0,True,0.02068874302979869,0.4061250239610672,0.018148483708500862,0.5781296491622925,0.009481917694211006,0.9980711340904236
gaia-v3-06340,fit,login_failure,1626162644374,11.0,True,0.020461331253075817,0.4296402409672737,0.014616537792608141,0.3456871211528778,0.006481421664357185,0.9959347248077393
gaia-v3-06341,fit,login_failure,1626162832125,11.0,True,0.019334046505779648,0.43572959303855896,0.017673394363373517,0.3909478485584259,0.005798231121152639,0.9958024024963379
gaia-v3-06088,fit,login_failure,1626163074817,11.0,True,0.019246998608772024,0.32448631525039673,0.015948200365528464,0.6711877584457397,0.0063860301207751035,0.9958693981170654
gaia-v3-06089,fit,login_failure,1626163606636,11.0,True,0.01731079098766107,0.4448891133069992,0.01736754747107625,0.3456871211528778,0.007189718997105956,0.9958031177520752
gaia-v3-06090,fit,login_failure,1626163746026,11.0,True,0.021455382326583578,0.7091825008392334,0.02086496502161026,0.47131551802158356,0.007704583005979657,1.0
gaia-v3-06094,fit,login_failure,1626164286766,11.0,True,0.02396145239569402,0.7958374544978142,0.014554361859336496,0.3456871211528778,0.006678365403786302,0.9957578778266907
gaia-v3-06096,fit,login_failure,1626164511810,11.0,True,0.023650819766893014,0.48142801970243454,0.02118163388222456,0.3456871211528778,0.007169335819780826,0.996221661567688
gaia-v3-06346,fit,login_failure,1626164857137,11.0,True,0.021525879630159277,0.44191330671310425,0.01962975235655904,0.47131551802158356,0.006463032243773341,0.9954714179039001
gaia-v3-06350,fit,login_failure,1626165272963,11.0,True,0.02094610453932546,0.4850272536277771,0.018122815527021885,0.436208575963974,0.006818142449483275,0.9956369400024414
gaia-v3-06099,fit,login_failure,1626165433318,11.0,True,0.02160138465696946,0.410330094397068,0.02408738066442311,0.6711877584457397,0.007637366391718387,0.9959356188774109
gaia-v3-06103,fit,login_failure,1626166677859,11.0,True,0.020174568478250877,0.4000000059604645,0.01922354199923575,0.6246587038040161,0.006884693931788206,0.9962005019187927
gaia-v3-06354,fit,login_failure,1626167387032,11.0,True,0.026389830666206156,0.6893797405064106,0.022024929523468018,0.5781296491622925,0.008638124605640769,0.9955376386642456
gaia-v3-06358,fit,login_failure,1626167826518,11.0,True,0.019336731122651447,0.3903457224369049,0.02086705369874835,0.3456871211528778,0.007789277685806156,0.9956520199775696
gaia-v3-06107,fit,login_failure,1626168356535,11.0,True,0.01849381564215946,0.3129192814230919,0.02430638261139393,0.218104287981987,0.007381686205044389,0.9964202046394348
gaia-v3-06361,fit,login_failure,1626168447654,11.0,True,0.019292865897841693,0.3892883285880089,0.01606605821289122,0.3456871211528778,0.007064410038292408,0.9954864382743835
gaia-v3-06112,fit,login_failure,1626170316134,11.0,True,0.020051241005967314,0.5594242047518492,0.01804450200870633,0.5781296491622925,0.005641623055562377,0.9958031177520752
gaia-v3-06113,fit,login_failure,1626170660069,11.0,True,0.01484957526748379,0.40000002086162567,0.023780968459323048,0.6711877584457397,0.006889782138168812,0.9958031177520752
gaia-v3-06374,fit,login_failure,1626170801254,11.0,True,0.020347100750465568,0.5236063897609711,0.01647121482528746,0.3456871211528778,0.006175635708495974,0.9957362413406372
gaia-v3-06375,fit,login_failure,1626171039895,11.0,True,0.021255283880357943,0.3542046844959259,0.026616846118122338,0.5351069271564484,0.007879253504797816,0.9955527186393738
gaia-v3-06376,fit,login_failure,1626171229888,11.0,True,0.018533366591630813,0.5350525677204132,0.020361952017992735,0.47131551802158356,0.007566612502560019,0.9952395558357239
gaia-v3-06379,fit,login_failure,1626171495582,11.0,True,0.022575392946600915,0.6945989523082972,0.01910986388102174,0.28906482458114624,0.007257301975041628,0.9956851601600647
gaia-v3-06116,fit,login_failure,1626171851965,11.0,True,0.016187730896065962,0.3582216426730156,0.017697124974802136,0.436208575963974,0.006836335584521294,0.9959356188774109
gaia-v3-06380,fit,login_failure,1626172159576,11.0,True,0.023819156405230992,0.4565335512161255,0.01855176701210439,0.5781296491622925,0.0064800122939050195,0.9958838224411011
gaia-v3-06121,fit,login_failure,1626173154607,11.0,True,0.022007910836176356,0.4537992775440216,0.019495942816138267,0.7793646454811096,0.006959983808919787,0.9958362579345703
gaia-v3-06123,fit,login_failure,1626173385529,11.0,True,0.023097990416378403,0.36694541573524475,0.027218450978398322,0.2818957045674324,0.008208003155887126,0.9958362579345703
gaia-v3-06383,fit,login_failure,1626173727627,11.0,True,0.014094305348226043,0.40000002086162567,0.015041702380403876,0.436208575963974,0.006231340328231454,0.9958685636520386
gaia-v3-06125,fit,login_failure,1626174636188,11.0,True,0.020085729737184012,0.4413372874259949,0.017828525649383663,0.3456871211528778,0.008418894801288844,0.998235821723938
gaia-v3-06388,fit,login_failure,1626175171446,11.0,True,0.024650201475985036,0.6631185114383698,0.01891644485294819,0.3821229338645935,0.00832618061453104,0.996430516242981
gaia-v3-06131,fit,login_failure,1626176297497,11.0,True,0.018626835334362112,0.4846399240195751,0.016359156742691994,0.2818957045674324,0.007762624006718397,0.9958693981170654
gaia-v3-06392,fit,login_failure,1626176477407,11.0,True,0.02319700616786425,0.5713072046637535,0.012339243199676275,0.3355938792228699,0.006090004378929734,0.9956038594245911
gaia-v3-06132,fit,login_failure,1626177005100,11.0,True,0.018458047121324248,0.5276024788618088,0.015931857749819756,0.3821229338645935,0.006936013353988528,0.9959897994995117
gaia-v3-06393,fit,login_failure,1626177484779,11.0,True,0.01874579417168813,0.3209050465375185,0.022068100795149804,0.3821229338645935,0.007001099195331335,0.9957031011581421
gaia-v3-06134,fit,login_failure,1626177959275,11.0,True,0.01835688915622692,0.451748039573431,0.016851624799892308,0.3941918760538101,0.0058636157214641575,0.9970932006835938
gaia-v3-06136,fit,login_failure,1626178110234,11.0,True,0.023228476230724483,0.633213683962822,0.021791881741955878,0.6246587038040161,0.007105781533755362,0.9964202046394348
gaia-v3-06396,fit,login_failure,1626178216596,11.0,True,0.020133560134127038,0.5666405558586121,0.01776171214878559,0.5781296491622925,0.006583600044250488,0.9957513809204102
gaia-v3-06137,fit,login_failure,1626178729160,11.0,True,0.018285816799470923,0.3505258932709694,0.016586183803156018,0.3456871211528778,0.0076589710358530285,0.9959356188774109
gaia-v3-06141,fit,login_failure,1626179926263,11.0,True,0.020459367229583827,0.3658739849925041,0.019904175540432334,0.5781296491622925,0.006658888375386596,0.996056079864502
gaia-v3-06142,fit,login_failure,1626180049957,11.0,True,0.02452319512910132,0.4236360788345337,0.027815735433250666,0.5781296491622925,0.005757330423220992,0.9973455667495728
gaia-v3-06404,fit,login_failure,1626180462542,11.0,True,0.023411534744567083,0.5443630218505859,0.01663092221133411,0.37087318301200867,0.00686326245777309,0.9954714179039001
gaia-v3-06146,fit,login_failure,1626181374940,11.0,True,0.021944662230089305,0.4556666761636734,0.018498868495225907,0.3456871211528778,0.005837977826595306,0.9959897994995117
gaia-v3-06408,fit,login_failure,1626181464281,11.0,True,0.01798216007397665,0.293927401304245,0.013066619634628296,0.436208575963974,0.006046057678759098,0.9955376386642456
gaia-v3-06410,fit,login_failure,1626181910562,11.0,True,0.02097077769237027,0.5189144760370255,0.013850980252027512,0.3004263937473297,0.005910277096554637,0.9954051971435547
gaia-v3-06152,fit,login_failure,1626182615272,11.0,True,0.033335789506478856,0.6679666340351105,0.028335796389728784,0.47131551802158356,0.008446408426389098,0.9959897994995117
gaia-v3-06155,fit,login_failure,1626183913417,11.0,True,0.02282695824081505,0.4574911743402481,0.019621472945436834,0.5781296491622925,0.007978354478254915,0.9960891604423523
gaia-v3-06158,fit,login_failure,1626184627119,11.0,True,0.023173090035804002,0.6682034432888031,0.021620228420943022,0.3456871211528778,0.007493939716368914,0.9972795248031616
gaia-v3-06414,fit,login_failure,1626184762984,11.0,True,0.023984932521610366,0.5127363502979279,0.015960189141333105,0.3456871211528778,0.006180777847766876,0.995438277721405
gaia-v3-06159,fit,login_failure,1626184913295,11.0,True,0.02941888671872827,0.5505540370941162,0.018454053485766054,0.5181432813405991,0.005953812710940838,0.995736837387085
gaia-v3-06416,fit,login_failure,1626185322420,11.0,True,0.014273573663861802,0.4000000059604645,0.01734760026447475,0.4919872283935547,0.007072834987193346,0.9957513809204102
gaia-v3-06162,fit,login_failure,1626185653330,11.0,True,0.027034296640583003,0.4000000059604645,0.026820146664977073,0.5064224600791931,0.00835601189173758,0.9968949556350708
gaia-v3-06164,fit,login_failure,1626186207709,11.0,True,0.02138664738255708,0.4033359885215759,0.02099995487369597,0.5251860544085503,0.006146882185712457,0.9965643882751465
gaia-v3-06165,fit,login_failure,1626186477977,11.0,True,0.021761806476085135,0.42853444814682007,0.014493109891191125,0.2883181720972061,0.006421068729832768,0.9958693981170654
gaia-v3-06417,fit,login_failure,1626186605555,11.0,True,0.016579354379791765,0.3999973386526108,0.012673950055614114,0.2666090428829193,0.005317087359726429,0.9955376386642456
gaia-v3-06166,fit,login_failure,1626186772605,11.0,True,0.022346386885571216,0.38271617889404297,0.02044776752591133,0.5064224600791931,0.006470635402947665,0.9961223006248474
gaia-v3-06167,fit,login_failure,1626186892581,11.0,True,0.015571499754635927,0.3858243376016617,0.017896920535713436,0.29165512323379517,0.00594569138251245,0.9969492554664612
gaia-v3-06168,fit,login_failure,1626187447836,11.0,True,0.020070055146910213,0.561701089143753,0.02190969754010439,0.3456871211528778,0.007270523114129901,0.995968759059906
gaia-v3-06419,fit,login_failure,1626187633202,11.0,True,0.023465030006263987,0.5447616232559085,0.015441701747477055,0.3821229338645935,0.006551000699400902,0.9969745874404907
gaia-v3-06421,fit,login_failure,1626187893821,11.0,True,0.022086721589706333,0.5143702328205109,0.013940355041995645,0.3456871211528778,0.0066173913888633255,0.9958507418632507
gaia-v3-06170,fit,login_failure,1626188509715,11.0,True,0.025325516945167693,0.5279162898659706,0.015962734166532756,0.3456871211528778,0.006076227789744735,0.9957700371742249
gaia-v3-06177,fit,login_failure,1626191343477,11.0,True,0.019502169006470164,0.6393648330704309,0.012206732667982579,0.6711877584457397,0.006262296792119742,0.9958362579345703
gaia-v3-06180,fit,login_failure,1626191624774,11.0,True,0.021051160763211858,0.6422484070062637,0.018859256245195865,0.2818957045674324,0.00736764189787209,0.9957700371742249
gaia-v3-06720,fit,login_failure,1626195879682,11.0,True,0.02382120049733203,0.656379621475935,0.019770454661920667,0.4522828459739685,0.007256362605839967,0.9960492849349976
gaia-v3-06486,fit,login_failure,1626196126193,11.0,True,0.022300216975660685,0.6791882067918777,0.018815626529976724,0.3456871211528778,0.006421716483309865,0.995968759059906
gaia-v3-06490,fit,login_failure,1626196807872,11.0,True,0.01959259466845348,0.499595008790493,0.017497982969507574,0.3456871211528778,0.008662493042647839,0.9959897994995117
gaia-v3-06491,fit,login_failure,1626197103044,11.0,True,0.018465062585892155,0.30226337909698486,0.01904490850865841,0.3456871211528778,0.0066964429896324874,0.9961885213851929
gaia-v3-06727,fit,login_failure,1626197234993,11.0,True,0.01803538389103778,0.4721992015838623,0.025219324650242923,0.436208575963974,0.008049161937087775,0.996727705001831
gaia-v3-06492,fit,login_failure,1626197325189,11.0,True,0.018066229347217206,0.3584393262863159,0.016288861772045492,0.3456871211528778,0.006035054046660662,0.9959567189216614
gaia-v3-06731,fit,login_failure,1626198471251,11.0,True,0.020528216334059834,0.40866011194884777,0.01655802517198026,0.3821229338645935,0.005737031660974026,0.9956851601600647
gaia-v3-06496,fit,login_failure,1626199137599,11.0,True,0.019404172645287567,0.5276770442724228,0.01677736253477633,0.3456871211528778,0.006682471726089716,0.9958362579345703
gaia-v3-06498,fit,login_failure,1626199725460,11.0,True,0.02269329429066905,0.6000000238418579,0.036831383826211095,0.3456871211528778,0.00893907026387751,0.9960229396820068
gaia-v3-06733,fit,login_failure,1626200530125,11.0,True,0.024705001817589316,0.5498260408639908,0.022545917658135295,0.45815688371658325,0.007232705261558294,0.9955044984817505
gaia-v3-06734,fit,login_failure,1626200862122,11.0,True,0.020297777046410677,0.439382866024971,0.02375746387988329,0.3456871211528778,0.006483898684382439,0.9955857992172241
gaia-v3-06503,fit,login_failure,1626201553201,11.0,True,0.019069384276129617,0.31910109519958496,0.024329016590490936,0.436208575963974,0.008404020825400949,0.9974232912063599
gaia-v3-06504,fit,login_failure,1626201625983,11.0,True,0.018155669872188203,0.4553258568048477,0.016659521823748948,0.3456871211528778,0.006981475688517094,0.9961674213409424
gaia-v3-06505,fit,login_failure,1626202207073,11.0,True,0.016422185061189035,0.4000000059604645,0.017420370317995548,0.3456871211528778,0.0064295653719455,0.9977084994316101
gaia-v3-06737,fit,login_failure,1626202447411,11.0,True,0.018445096470046943,0.3954204432666302,0.020984558248892428,0.3456871211528778,0.00713318900205195,0.9957362413406372
gaia-v3-06506,fit,login_failure,1626202748322,11.0,True,0.01972995207876617,0.40000002086162567,0.021381852310150863,0.3456871211528778,0.005741716902703047,0.9961553812026978
gaia-v3-06738,fit,login_failure,1626202963488,11.0,True,0.025100279254062722,0.5728648900985718,0.01965569737367332,0.3909478485584259,0.006391472648829222,0.9956851601600647
gaia-v3-06507,fit,login_failure,1626203782903,11.0,True,0.0336692765102877,0.6359017193317413,0.028015506453812122,0.3456871211528778,0.007274041529744864,0.9958362579345703
gaia-v3-06741,fit,login_failure,1626204187976,11.0,True,0.02318625194990697,0.6612432077527046,0.021118737850338222,0.3456871211528778,0.006317626899108291,0.9954714179039001
gaia-v3-06508,fit,login_failure,1626204713660,11.0,True,0.03447487215162255,0.5305461585521698,0.02618478178046644,0.3456871211528778,0.015163337010890246,0.9971922039985657
gaia-v3-06744,fit,login_failure,1626204790201,11.0,True,0.027918699768755082,0.5096924006938934,0.017491380916908383,0.34905119240283966,0.010141669269651175,0.9968927502632141
gaia-v3-06750,fit,login_failure,1626205467200,11.0,True,0.037215496273711325,0.9028989374637604,0.01661912719719112,0.3456871211528778,0.011810407442972064,0.995570719242096
gaia-v3-06513,fit,login_failure,1626205655374,11.0,True,0.025570132801658475,0.7107872739434242,0.028127358155325057,0.3456871211528778,0.007940905448049308,0.995736837387085
gaia-v3-06514,fit,login_failure,1626205730466,11.0,True,0.024145827247411943,0.7107872739434242,0.017175698699429632,0.3456871211528778,0.006669729379937052,0.995857298374176
gaia-v3-06515,fit,login_failure,1626206006637,11.0,True,0.018077976971593065,0.3468697965145111,0.01589998244307935,0.3456871211528778,0.006172851743176579,0.9961223006248474
gaia-v3-06751,fit,login_failure,1626206125422,11.0,True,0.030463866124046036,0.7446187511086464,0.02419400210492313,0.6711877584457397,0.009989972310140729,0.9955527186393738
gaia-v3-06530,fit,login_failure,1626210711717,11.0,True,0.025814265306689777,0.5319137200713158,0.02565273717045784,0.3456871211528778,0.006025999505072832,0.995968759059906
gaia-v3-06775,fit,login_failure,1626211767448,11.0,True,0.02514515167464803,0.6028041541576385,0.014153368026018142,0.3456871211528778,0.005933981910347938,0.9954051971435547
gaia-v3-06777,fit,login_failure,1626212065806,11.0,True,0.028093731646125282,0.49366649240255356,0.01918201777152717,0.3456871211528778,0.006157320681959391,0.9955857992172241
gaia-v3-06537,fit,login_failure,1626212248889,11.0,True,0.023943901773842906,0.5943767428398132,0.02170630949549377,0.5637913942337036,0.006948420135304331,0.9958031177520752
gaia-v3-06778,fit,login_failure,1626212333284,11.0,True,0.018053931460841947,0.43738409876823425,0.017354141036048532,0.3456871211528778,0.0057633569557219745,0.9956851601600647
gaia-v3-06538,fit,login_failure,1626212575096,11.0,True,0.017476126810652203,0.4000000059604645,0.01715748100541532,0.3456871211528778,0.006113806357607245,0.9961553812026978
gaia-v3-06779,fit,login_failure,1626212693280,11.0,True,0.02708547618325004,0.517580509185791,0.01657175994478166,0.3821229338645935,0.005957333939149976,0.9956369400024414
gaia-v3-06545,fit,login_failure,1626214598137,11.0,True,0.016830589512361865,0.47443704307079315,0.024107270780950783,0.3456871211528778,0.00909423891454935,0.9960891604423523
gaia-v3-06786,fit,login_failure,1626215024570,11.0,True,0.019229467276697203,0.5168282836675644,0.027970112534239887,0.3456871211528778,0.008449059026315809,0.995570719242096
gaia-v3-06546,fit,login_failure,1626215316711,11.0,True,0.019804847097354163,0.5030512809753418,0.023270437540486456,0.436208575963974,0.008590427357703448,0.9960681200027466
gaia-v3-06787,fit,login_failure,1626215810499,11.0,True,0.02178930667966294,0.4404163658618927,0.017256855219602584,0.3456871211528778,0.006911343839019537,0.9957845211029053
gaia-v3-06791,fit,login_failure,1626216453503,11.0,True,0.019269392622906403,0.5051459074020386,0.019694181391969323,0.436208575963974,0.007206161906942725,0.9959169030189514
gaia-v3-06792,fit,login_failure,1626217045216,11.0,True,0.026337736662632474,0.4697864055633545,0.023401270061731337,0.5781296491622925,0.006326159089803695,0.9965956807136536
gaia-v3-06548,fit,login_failure,1626217471704,11.0,True,0.019581085167980444,0.6097933351993561,0.020672496082261203,0.3456871211528778,0.008057166347280145,0.9965856075286865
gaia-v3-06794,fit,login_failure,1626217972825,11.0,True,0.0199399290237731,0.4820398986339569,0.016715904418379068,0.3456871211528778,0.00635122531093657,0.9956851601600647
gaia-v3-06554,fit,login_failure,1626220204248,11.0,True,0.027625499965082175,0.6483324989676476,0.03249503709375858,0.3909478485584259,0.007961002755910157,0.9958693981170654
gaia-v3-06812,fit,login_failure,1626224883227,11.0,True,0.029378507576499638,0.8468927815556526,0.03635701444000006,0.3821229338645935,0.00832150224596262,0.9957513809204102
gaia-v3-06813,fit,login_failure,1626225080755,11.0,True,0.020690215896077765,0.41685554292052984,0.024382257740944623,0.47131551802158356,0.0059816895984113215,0.9967937469482422
gaia-v3-06566,fit,login_failure,1626225323859,11.0,True,0.018044444912811743,0.46236953139305115,0.013277290668338538,0.3456871211528778,0.005909693855792284,0.9959235787391663
gaia-v3-06814,fit,login_failure,1626225563740,11.0,True,0.0207773729673742,0.42512135952711105,0.026083441358059643,0.7472217082977295,0.008336661932989955,0.9959500432014465
gaia-v3-06815,fit,login_failure,1626225637143,11.0,True,0.02070001842706309,0.42819729447364807,0.015482344292104244,0.3456871211528778,0.008255655001848937,0.9956520199775696
gaia-v3-06567,fit,login_failure,1626225880678,11.0,True,0.015769626113008903,0.37810951459687203,0.02108053336851299,0.5181432813405991,0.007058935882523656,0.9959356188774109
gaia-v3-06818,fit,login_failure,1626226536887,11.0,True,0.02074186446746656,0.4757576286792755,0.023738936707377433,0.5181432813405991,0.0073937630653381345,0.9957845211029053
gaia-v3-06571,fit,login_failure,1626226680015,11.0,True,0.01657844128785655,0.4511633962392807,0.016689854906871915,0.3456871211528778,0.0074145224876701835,0.9970483779907227
gaia-v3-06572,fit,login_failure,1626226895081,11.0,True,0.017062945401024383,0.4943104162812233,0.020312691247090696,0.3456871211528778,0.007068697139620781,0.9958362579345703
gaia-v3-06573,fit,login_failure,1626227332973,11.0,True,0.015826605973416008,0.3092585504055023,0.018471214408054947,0.3456871211528778,0.005962438862770796,0.9959235787391663
gaia-v3-06574,fit,login_failure,1626227463468,11.0,True,0.014651398856464463,0.42684731632471085,0.021253292448818684,0.5781296491622925,0.0073248428851366044,0.9958693981170654
gaia-v3-06819,fit,login_failure,1626227687539,11.0,True,0.014298189777340061,0.4000000059604645,0.02069928222335875,0.5181432813405991,0.006096536396071315,0.9958838224411011
gaia-v3-06580,fit,login_failure,1626230218348,11.0,True,0.0234654646589964,0.4495969378622249,0.02148955026641488,0.3456871211528778,0.006602453188970685,0.995857298374176
gaia-v3-06581,fit,login_failure,1626230431413,11.0,True,0.017253203323828833,0.40000002086162567,0.016790740238502622,0.6711877584457397,0.00597614711150527,0.9965525269508362
gaia-v3-06582,fit,login_failure,1626230530959,11.0,True,0.014185380333909354,0.3657428249716759,0.013631180860102177,0.3456871211528778,0.004943944877013564,0.9960349798202515
gaia-v3-06583,fit,login_failure,1626230638964,11.0,True,0.02059860849112738,0.4831332266330719,0.030653123604133727,0.3456871211528778,0.008607645723968745,0.9968289136886597
gaia-v3-06825,fit,login_failure,1626230776844,11.0,True,0.02327497792211943,0.5683628221740946,0.02453051912598312,0.3456871211528778,0.007013251045718789,0.9954532980918884
gaia-v3-06584,fit,login_failure,1626230999231,11.0,True,0.030553672300690473,0.5125368982553482,0.017640065029263498,0.3456871211528778,0.005674334978684783,0.9962878227233887
gaia-v3-06585,fit,login_failure,1626231537826,11.0,True,0.020248159976714912,0.3768770098686218,0.0202977045904845,0.436208575963974,0.006802468895912171,0.9960018992424011
gaia-v3-06586,fit,login_failure,1626231723080,11.0,True,0.023366272738106392,0.5846496261656284,0.021861214144155382,0.6246587038040161,0.005544968312606215,0.996056079864502
gaia-v3-06826,fit,login_failure,1626231811837,11.0,True,0.022469253223001338,0.6284283772110939,0.028962601069360973,0.3456871211528778,0.007171660698950291,0.9956520199775696
gaia-v3-06587,fit,login_failure,1626232058919,11.0,True,0.018598846932097027,0.5036636590957642,0.023591719614341856,0.3456871211528778,0.006218693349510431,0.9958693981170654
gaia-v3-06827,fit,login_failure,1626232187488,11.0,True,0.025189171543267243,0.4000000059604645,0.023439447302371262,0.3456871211528778,0.0071090900618582965,0.9957845211029053
gaia-v3-06828,fit,login_failure,1626232559476,11.0,True,0.018461898459281655,0.3879810571670532,0.01888878308236599,0.3456871211528778,0.007994050113484263,0.9972386360168457
gaia-v3-06591,fit,login_failure,1626232819391,11.0,True,0.021852762170601635,0.34990012645721436,0.034749350417405366,0.6246587038040161,0.008526196852326393,0.9958693981170654
gaia-v3-06832,fit,login_failure,1626233600581,11.0,True,0.016140169351183432,0.5476768314838409,0.017307010246440768,0.3456871211528778,0.006082288380712271,0.995438277721405
gaia-v3-06833,fit,login_failure,1626233772824,11.0,True,0.018698361968927203,0.5853497422649525,0.02145119057968259,0.4362085610628128,0.006701297862455249,0.9957362413406372
gaia-v3-06834,fit,login_failure,1626233908530,11.0,True,0.020770172366367964,0.5272953845560551,0.026303814724087715,0.3456871211528778,0.007250244198366999,0.9974694848060608
gaia-v3-06836,fit,login_failure,1626234924820,11.0,True,0.02283786005333847,0.44863753020763397,0.017378265410661696,0.3456871211528778,0.005833778139203787,0.9957845211029053
gaia-v3-06837,fit,login_failure,1626235024364,11.0,True,0.022534159875128048,0.7467808425426483,0.031375564215704796,0.662675678730011,0.008607705365866422,0.9962807893753052
gaia-v3-06601,fit,login_failure,1626236231514,11.0,True,0.01659098338386684,0.43579908087849617,0.022654168866574766,0.436208575963974,0.006507850503548979,0.9957700371742249
gaia-v3-06841,fit,login_failure,1626236725264,11.0,True,0.01677373168173896,0.3999999761581421,0.01596637279726565,0.5781296491622925,0.0060962553974241015,0.9958685636520386
gaia-v3-06608,fit,login_failure,1626238842153,11.0,True,0.01908659177846251,0.48257167637348175,0.014510615076869727,0.3456871211528778,0.006431412901729345,0.995968759059906
gaia-v3-06846,fit,login_failure,1626239002953,11.0,True,0.02034657051344766,0.4653518348932266,0.017128850007429718,0.3456871211528778,0.007595777604728937,0.9960823655128479
gaia-v3-06847,fit,login_failure,1626239187701,11.0,True,0.018468366235629217,0.4068639278411865,0.018943535489961506,0.3456871211528778,0.00721262076869607,0.9973375797271729
gaia-v3-06848,fit,login_failure,1626239293699,11.0,True,0.020020693771584774,0.41423529386520386,0.02267170543782413,0.4201399087905884,0.006957907602190972,0.9961331486701965
gaia-v3-06849,fit,login_failure,1626239405212,11.0,True,0.020737675061900517,0.7147139757871628,0.025386728206649424,0.3456871211528778,0.0070077222585678105,0.9953870177268982
gaia-v3-06850,fit,login_failure,1626239816125,11.0,True,0.02330119903551046,0.42812467738986015,0.019192004064098,0.4902998208999634,0.006449144463986158,0.9957513809204102
gaia-v3-06610,fit,login_failure,1626240057957,11.0,True,0.024849673602633023,0.40000002086162567,0.02662816233932972,0.7092047333717346,0.007108986172825098,0.9960229396820068
gaia-v3-06611,fit,login_failure,1626240334828,11.0,True,0.013784633699409217,0.4337228015065193,0.01633764780126512,0.6246587038040161,0.00588094494305551,0.9959025382995605
gaia-v3-06851,fit,login_failure,1626240420944,11.0,True,0.014354733647875643,0.42722252756357193,0.013291128911077976,0.3909478485584259,0.005931517360731959,0.9957513809204102
gaia-v3-06852,fit,login_failure,1626240887072,11.0,True,0.022824767259589863,0.4000000059604645,0.021876745205372573,0.3456871211528778,0.007588205896317959,0.9962477684020996
gaia-v3-06612,fit,login_failure,1626241013494,11.0,True,0.018732057096106775,0.4087750092148781,0.012275398941710591,0.3456871211528778,0.006184415109455586,0.996056079864502
gaia-v3-06613,fit,login_failure,1626241134412,11.0,True,0.02729632863920415,0.5245388299226761,0.030138923972845077,0.3456871211528778,0.007166146198287606,0.9974445700645447
gaia-v3-06614,fit,login_failure,1626241324640,11.0,True,0.021517789788291945,0.7958733476698399,0.021489885076880454,0.3981705456972122,0.005926985302940011,0.9959356188774109
gaia-v3-06617,fit,login_failure,1626243065592,11.0,True,0.02617285205342341,0.6275121793150902,0.021995179634541274,0.3456871211528778,0.007496442524716258,0.9971804618835449
gaia-v3-06858,fit,login_failure,1626243164981,11.0,True,0.021954821790374505,0.40000002086162567,0.02739698877558112,0.6246587038040161,0.006533026164397597,0.9957513809204102
gaia-v3-06619,fit,login_failure,1626243676483,11.0,True,0.026221176432833695,0.7184443324804306,0.027357083931565284,0.3821229338645935,0.008572281803935766,0.9973785877227783
gaia-v3-06861,fit,login_failure,1626243787457,11.0,True,0.02079580715993264,0.6057131439447403,0.019732441287487745,0.45815691351890564,0.005927845062687993,0.9959678053855896
gaia-v3-06620,fit,login_failure,1626243919591,11.0,True,0.02023750441148877,0.4983570873737335,0.016039809491485358,0.5781296491622925,0.0053399384766817095,0.9960018992424011
gaia-v3-06862,fit,login_failure,1626244124938,11.0,True,0.022672124104186273,0.5092340596020222,0.02869954858906567,0.6391512155532837,0.006653597168624401,0.9955857992172241
gaia-v3-06863,fit,login_failure,1626245334564,11.0,True,0.025023183738812804,0.5913695394992828,0.02095298529602587,0.3941918760538101,0.005896421512588858,0.9956851601600647
gaia-v3-06864,fit,login_failure,1626245597480,11.0,True,0.02110016224432911,0.5159432590007782,0.021162959514185786,0.436208575963974,0.005813480978831649,0.9956851601600647
gaia-v3-06623,fit,login_failure,1626245670700,11.0,True,0.021384509857549954,0.6507467702031136,0.031319601275026795,0.5646723359823227,0.007003157315775752,0.9961553812026978
gaia-v3-06630,fit,login_failure,1626246789530,11.0,True,0.01540308655858098,0.43334490060806274,0.029564848449081183,0.45815688371658325,0.006487969215959311,0.9959567189216614
gaia-v3-06631,fit,login_failure,1626247102718,11.0,True,0.020449952214645843,0.4805896356701851,0.020516472542658447,0.436208575963974,0.005377099132165313,0.9957700371742249
gaia-v3-06632,fit,login_failure,1626247816943,11.0,True,0.021994539692241234,0.3859150856733322,0.035903423000127076,0.5181432813405991,0.009012470813468098,0.9962005019187927
gaia-v3-06868,fit,login_failure,1626248373173,11.0,True,0.01617671287385747,0.4650288224220276,0.02269701794721186,0.3973703160881996,0.006826546723023057,0.9954051971435547
gaia-v3-06635,fit,login_failure,1626249959094,11.0,True,0.023140902001371918,0.415210098028183,0.015639282669872044,0.3456871211528778,0.0051768377516418695,0.9959897994995117
gaia-v3-06636,fit,login_failure,1626250624670,11.0,True,0.01816366182465572,0.40000002086162567,0.02665389874018729,0.3456871211528778,0.007552469596266747,0.995736837387085
gaia-v3-06637,fit,login_failure,1626250698140,11.0,True,0.01647947187302634,0.40000002086162567,0.02170473407022655,0.5781296491622925,0.006844138214364648,0.9961223006248474
gaia-v3-06638,fit,login_failure,1626251048970,11.0,True,0.018094782414967387,0.29657982289791107,0.023834017803892493,0.3608487844467163,0.0075805889163166286,0.9956584572792053
gaia-v3-06639,fit,login_failure,1626251264777,11.0,True,0.01933806808956433,0.46253735572099686,0.020374314673244954,0.3456871211528778,0.006107716467231512,0.9961553812026978
gaia-v3-06875,fit,login_failure,1626251630571,11.0,True,0.022343314957106487,0.5163203328847885,0.01696937051601708,0.5181432813405991,0.006312264325097203,0.9954051971435547
gaia-v3-06876,fit,login_failure,1626251722864,11.0,True,0.02066572458910135,0.4000000059604645,0.01616772492416203,0.3588086664676666,0.005811145715415478,0.9963313937187195
gaia-v3-06641,fit,login_failure,1626251848637,11.0,True,0.018494872467514748,0.43125326186418533,0.022256940184161068,0.5351069271564484,0.006241273805499077,0.9959897994995117
gaia-v3-06642,fit,login_failure,1626252014629,11.0,True,0.015878062060255615,0.33057819679379463,0.02003713557496667,0.47131551802158356,0.009325644075870514,0.9957700371742249
gaia-v3-06643,fit,login_failure,1626252106308,11.0,True,0.018371875653004584,0.3976290300488472,0.0255781770683825,0.5064224600791931,0.007794005041942001,0.9959567189216614
gaia-v3-06644,fit,login_failure,1626252472373,11.0,True,0.0178586855501635,0.5000000149011612,0.01707948693074286,0.3456871211528778,0.005625893417745828,0.9959897994995117
gaia-v3-06877,fit,login_failure,1626252836331,11.0,True,0.017184312065122262,0.5011211261153221,0.01929392679594457,0.47131551802158356,0.005817789221182466,0.996512234210968
gaia-v3-06645,fit,login_failure,1626253038742,11.0,True,0.022758272438659334,0.3287145644426346,0.026493996754288672,0.3909478485584259,0.007917448477819562,0.9962998032569885
gaia-v3-06880,fit,login_failure,1626254097800,11.0,True,0.01802917854026115,0.3517768457531929,0.02395521318539977,0.3456871211528778,0.007658298099413514,0.9987690448760986
gaia-v3-06649,fit,login_failure,1626256007592,11.0,True,0.019721329475305537,0.4015386179089546,0.025271455757319927,0.47131551802158356,0.007345399521291256,0.9957910776138306
gaia-v3-06650,fit,login_failure,1626256136830,11.0,True,0.01853389509099846,0.47343480214476585,0.020016332622617483,0.3909478485584259,0.006249541342258453,0.995857298374176
gaia-v3-06651,fit,login_failure,1626256510735,11.0,True,0.012902472224959638,0.3130053866188973,0.02331164563074708,0.3821229338645935,0.007259439807385206,0.9961223006248474
gaia-v3-06652,fit,login_failure,1626256775340,11.0,True,0.016971560320234856,0.3900602199137211,0.022197382617741825,0.3456871211528778,0.005720959082245827,0.9970601201057434
gaia-v3-06655,fit,login_failure,1626257615570,11.0,True,0.02508009085674227,0.602465808391571,0.027924440521746873,0.3456871211528778,0.006484265606850385,0.9965643882751465
gaia-v3-06656,fit,login_failure,1626257727583,11.0,True,0.0212702207218778,0.47154703736305237,0.021698477491736413,0.3973703160881996,0.007806101432070136,0.9960229396820068
gaia-v3-06657,fit,login_failure,1626257972631,11.0,True,0.016186216795237365,0.4000000059604645,0.01473662625066936,0.3821229338645935,0.006328758960589767,0.9960229396820068
gaia-v3-06887,fit,login_failure,1626258263611,11.0,True,0.014928317048512933,0.26651225984096527,0.01875714878551662,0.45815688371658325,0.006020752107724547,0.9958838224411011
gaia-v3-06658,fit,login_failure,1626258420906,11.0,True,0.018560270585828674,0.28929296135902405,0.024696368351578714,0.34655895829200745,0.006106166345998645,0.9962878227233887
gaia-v3-06891,fit,login_failure,1626259448058,11.0,True,0.03049837768286352,0.4638228937983513,0.03629110949113965,0.7092047333717346,0.011253553293645382,0.9955857992172241
gaia-v3-06660,fit,login_failure,1626259822296,11.0,True,0.02187198836436437,0.405991792678833,0.019577872194349765,0.45815688371658325,0.00558545089326799,0.9961223006248474
gaia-v3-06893,fit,login_failure,1626260192544,11.0,True,0.022122241274943614,0.4771227389574051,0.02267402964644134,0.3456871211528778,0.007222581868991256,0.9956189393997192
gaia-v3-06895,fit,login_failure,1626260486628,11.0,True,0.019023980984517644,0.6036403179168701,0.018327482137829067,0.5646723359823227,0.004753367248922586,0.9955857992172241
gaia-v3-06896,fit,login_failure,1626260761312,11.0,True,0.021941675227268812,0.5665187761187553,0.024188829166814686,0.3909478485584259,0.0062515844404697415,0.9972386360168457
gaia-v3-06662,fit,login_failure,1626261095250,11.0,True,0.017521150290849618,0.43454244267195463,0.01928996043279767,0.6711877584457397,0.005506779868155718,0.9965525269508362
gaia-v3-06897,fit,login_failure,1626261234238,11.0,True,0.017066238863723507,0.4077005507424474,0.01595093966461718,0.3456871211528778,0.00563469504006207,0.9961154460906982
gaia-v3-06902,fit,login_failure,1626262256993,11.0,True,0.015132540181123961,0.40000002086162567,0.017270924290642142,0.3456871211528778,0.005964511651545763,0.9957845211029053
gaia-v3-06665,fit,login_failure,1626262402281,11.0,True,0.014346386500498435,0.30000001937150955,0.015046987310051918,0.3456871211528778,0.005990278599783778,0.9957036972045898
gaia-v3-06903,fit,login_failure,1626262506181,11.0,True,0.02705151300712411,0.5134060271084309,0.03763685985468328,0.3456871211528778,0.00786837374791503,0.9956189393997192
gaia-v3-06904,fit,login_failure,1626262675289,11.0,True,0.0191562381728545,0.4237748980522156,0.030919630778953433,0.3456871211528778,0.008094499111175537,0.9954051971435547
gaia-v3-06905,fit,login_failure,1626262829257,11.0,True,0.017292854777285052,0.8139935620129108,0.023055154737085103,0.3456871211528778,0.00746350796893239,0.9969587326049805
gaia-v3-06906,fit,login_failure,1626262909528,11.0,True,0.014198717354641606,0.4056391455233097,0.01908609811216593,0.436208575963974,0.006270655803382397,0.995438277721405
gaia-v3-06907,fit,login_failure,1626262997864,11.0,True,0.017280388505605516,0.3476390391588211,0.015620640851557255,0.3456871211528778,0.006046930775046349,0.9958507418632507
gaia-v3-06666,fit,login_failure,1626263783406,11.0,True,0.023885561006803377,0.5034940540790558,0.02313794447109103,0.5781296491622925,0.007629650216549635,0.9960229396820068
gaia-v3-06667,fit,login_failure,1626263876817,11.0,True,0.01907167164802862,0.5654238015413284,0.022664712043479085,0.3533506691455841,0.006288989381864667,0.9957700371742249
gaia-v3-06908,fit,login_failure,1626264119954,11.0,True,0.018234071665210648,0.44695575535297394,0.0145584583748132,0.3456871211528778,0.00575745596550405,0.9973375797271729
gaia-v3-06670,fit,login_failure,1626264210110,11.0,True,0.020194862126178728,0.6259939968585968,0.02171580740250647,0.6711877584457397,0.006369273690506816,0.9961223006248474
gaia-v3-06672,fit,login_failure,1626265204406,11.0,True,0.016146015576669014,0.3369167447090149,0.018556735711172223,0.5452607050538063,0.0062737063225358726,0.9959897994995117
gaia-v3-06676,fit,login_failure,1626266305421,11.0,True,0.018627433946191256,0.32355284690856934,0.017015380878001453,0.3456871211528778,0.006535407286137342,0.9960891604423523
gaia-v3-06913,fit,login_failure,1626266812679,11.0,True,0.027257745355503477,0.7529936209321022,0.015799985360354186,0.34655895829200745,0.007472179718315601,0.9960823655128479
gaia-v3-06677,fit,login_failure,1626266889869,11.0,True,0.022083966777427123,0.7881145384162664,0.01867676982656121,0.436208575963974,0.005682125510647893,0.9960229396820068
gaia-v3-06678,fit,login_failure,1626267046323,11.0,True,0.01884542032691267,0.7237246930599213,0.02371996999718249,0.3909478485584259,0.006200670162215829,0.9957700371742249
gaia-v3-06680,fit,login_failure,1626267881330,11.0,True,0.02622455638484098,0.7934522032737732,0.01821352387778461,0.5781296491622925,0.0056419062800705435,0.9959025382995605
gaia-v3-06681,fit,login_failure,1626268058751,11.0,True,0.01838920458552214,0.44215749064460397,0.01767567922361195,0.3456871211528778,0.006914998600259423,0.9960229396820068
gaia-v3-06683,fit,login_failure,1626268376238,11.0,True,0.021503403826015226,0.3313736319541931,0.025230412371456623,0.3941918760538101,0.00707516660913825,0.9959235787391663
gaia-v3-06684,fit,login_failure,1626268538211,11.0,True,0.0299854453735558,0.7544330656528473,0.03829327160492539,0.3456871211528778,0.00872491623274982,0.9958362579345703
gaia-v3-06919,fit,login_failure,1626268624945,11.0,True,0.02474700704406132,0.7422526180744171,0.024218451511114836,0.4201399087905884,0.00611650712788105,0.9954201579093933
gaia-v3-06927,fit,login_failure,1626270499373,11.0,True,0.01872265279040827,0.45677241683006287,0.015697811869904398,0.5242523699998856,0.0057016771752387285,0.9958838224411011
gaia-v3-06691,fit,login_failure,1626270594181,11.0,True,0.02575015133722142,0.4516405761241913,0.02321262126788497,0.6122961640357971,0.006002564271911978,0.9972134828567505
gaia-v3-06694,fit,login_failure,1626270776384,11.0,True,0.02156780075310962,0.3742388039827347,0.020052452478557824,0.3456871211528778,0.006725699743255973,0.9959025382995605
gaia-v3-06929,fit,login_failure,1626271376783,11.0,True,0.022183578971695775,0.3570972587913275,0.0216175084002316,0.5064224600791931,0.005794130731374025,0.9969086050987244
gaia-v3-06696,fit,login_failure,1626271614070,11.0,True,0.02570775835677826,0.43983785063028336,0.02276728758588433,0.3456871211528778,0.00691739896312356,0.9959235787391663
gaia-v3-06700,fit,login_failure,1626272758135,11.0,True,0.02135898897443743,0.7900835946202278,0.027022539684548975,0.3456871211528778,0.007293624822050333,0.996056079864502
gaia-v3-06701,fit,login_failure,1626273034939,11.0,True,0.01910667649450867,0.3999999761581421,0.02520278887823224,0.3456871211528778,0.006489379927515983,0.9960229396820068
gaia-v3-06702,fit,login_failure,1626273286411,11.0,True,0.02556790546902145,0.4844110757112503,0.028831267869099973,0.3456871211528778,0.008881983049213886,0.9964532852172852
gaia-v3-06703,fit,login_failure,1626273534860,11.0,True,0.024007049844173404,0.4000000059604645,0.01955978535115719,0.3456871211528778,0.007901546815410256,0.9960349798202515
gaia-v3-06930,fit,login_failure,1626273903896,11.0,True,0.018535744370698617,0.3999999761581421,0.02294517895206809,0.7092047333717346,0.0065943101327866314,0.9956700205802917
gaia-v3-06931,fit,login_failure,1626274109078,11.0,True,0.0174483914898398,0.5832979455590248,0.013809446105733513,0.3456871211528778,0.006304616406559944,0.9956189393997192
gaia-v3-06932,fit,login_failure,1626274190309,11.0,True,0.015218404875486157,0.5110945007763803,0.01774218399077654,0.3456871211528778,0.0062938322313129905,0.9958354830741882
gaia-v3-06704,fit,login_failure,1626274654140,11.0,True,0.019959125579528822,0.36341848969459534,0.023684109980240464,0.45815691351890564,0.006159509103745222,0.9961553812026978
gaia-v3-06935,fit,login_failure,1626274755698,11.0,True,0.017155113902602655,0.44222861528396606,0.0164742321241647,0.3456871211528778,0.00595563629642129,0.9960162043571472
gaia-v3-06938,fit,login_failure,1626275098991,11.0,True,0.02837694580181657,0.5786760449409485,0.024407376255840062,0.436208575963974,0.008333648089319468,0.9955376386642456
gaia-v3-06939,fit,login_failure,1626275411190,11.0,True,0.01811878698063083,0.5448345467448235,0.018759424146264792,0.436208575963974,0.006126170912757516,0.9953720569610596
gaia-v3-06940,fit,login_failure,1626275758677,11.0,True,0.0311532941297628,0.8593930453062057,0.02998594827950001,0.45815691351890564,0.007231506584212184,0.9956520199775696
gaia-v3-06941,fit,login_failure,1626275844758,11.0,True,0.017074037650794103,0.35524319112300873,0.02038936661556363,0.3456871211528778,0.007607667837291956,0.9956520199775696
gaia-v3-06942,fit,login_failure,1626276450194,11.0,True,0.024729925668604363,0.44957222789525986,0.029339139861986042,0.5064224600791931,0.007885978827252983,0.9962983727455139
gaia-v3-06943,fit,login_failure,1626277703519,11.0,True,0.025642223146860488,0.4779057800769806,0.02295020828023553,0.3456871211528778,0.006069364584982395,0.9955044984817505
gaia-v3-06994,fit,login_failure,1626278593438,11.0,True,0.028397227725751387,0.5364181101322174,0.02140040313825011,0.3973703160881996,0.0063193403650075195,0.995736837387085
gaia-v3-06995,fit,login_failure,1626279038379,11.0,True,0.018385927672109878,0.6338054165244102,0.020981115801259876,0.3821229338645935,0.007451114067807793,0.9959235787391663
gaia-v3-07252,fit,login_failure,1626279288595,11.0,True,0.017990522269004335,0.5762636512517929,0.018296023597940803,0.3941918760538101,0.006205231724306941,0.9955044984817505
gaia-v3-07253,fit,login_failure,1626279387232,11.0,True,0.025839406951369406,0.4478086531162262,0.020354456407949327,0.3456871211528778,0.006188998566940427,0.9951732754707336
gaia-v3-06998,fit,login_failure,1626279564185,11.0,True,0.027431132317481875,0.6136231571435928,0.02004066058434546,0.3456871211528778,0.006374794067814946,0.9963540434837341
gaia-v3-07255,fit,login_failure,1626280121232,11.0,True,0.01956714863772504,0.43874599412083626,0.02000433998182416,0.3456871211528778,0.0056861058995127675,0.9955044984817505
gaia-v3-07256,fit,login_failure,1626280715006,11.0,True,0.02466527100962897,0.5425402522087097,0.03715722355991602,0.47131551802158356,0.008438490042462944,0.9955527186393738
gaia-v3-07000,fit,login_failure,1626281116094,11.0,True,0.02542860768104826,0.426856130361557,0.025161105627194046,0.34655895829200745,0.007202849052846432,0.9974775910377502
gaia-v3-07257,fit,login_failure,1626281435366,11.0,True,0.018537946225842462,0.4367365762591362,0.022701740358024837,0.3456871211528778,0.006911914581432938,0.9959678053855896
gaia-v3-07005,fit,login_failure,1626282420155,11.0,True,0.02539961921283975,0.4000000059604645,0.030717224441468717,0.3456871211528778,0.007400325862690806,0.9961553812026978
gaia-v3-07259,fit,login_failure,1626282615827,11.0,True,0.017712232736327375,0.39347682148218155,0.023020655009895565,0.3456871211528778,0.005531595330685377,0.995570719242096
gaia-v3-07260,fit,login_failure,1626282857519,11.0,True,0.018244482066559917,0.36435290426015854,0.019662998989224433,0.3456871211528778,0.007073819916695356,0.9957031011581421
gaia-v3-07261,fit,login_failure,1626283172516,11.0,True,0.026040547250886448,0.776141956448555,0.024544175248593092,0.34951815009117126,0.007924059722572565,0.9956189393997192
gaia-v3-07262,fit,login_failure,1626283589063,11.0,True,0.02089481503353454,0.3777671307325363,0.021010287571698427,0.7092047333717346,0.006215607365593314,0.9956520199775696
gaia-v3-07265,fit,login_failure,1626285036346,11.0,True,0.01924111177531813,0.5471202284097672,0.021389909321442246,0.3456871211528778,0.006739926496520638,0.9954051971435547
gaia-v3-07266,fit,login_failure,1626286105355,11.0,True,0.02288352894344522,0.8955397084355354,0.025917256250977516,0.6246587038040161,0.007521212669089437,0.9957031011581421
gaia-v3-07011,fit,login_failure,1626286302484,11.0,True,0.024061488499379873,0.4682769477367401,0.022884725872427226,0.3821229338645935,0.00605711730197072,0.9962547421455383
gaia-v3-07012,fit,login_failure,1626286789904,11.0,True,0.027022361359559,0.47277411818504333,0.03142506284639239,0.3456871211528778,0.006938552465289832,0.9958362579345703
gaia-v3-07013,fit,login_failure,1626287060177,11.0,True,0.024925151450831132,0.746430616825819,0.019707345170900226,0.3973703160881996,0.006207216158509254,0.9956584572792053
gaia-v3-07267,fit,login_failure,1626287417553,11.0,True,0.023679773253388704,0.5607038140296936,0.03801421476528048,0.3719170093536377,0.010074030626565218,0.9961816072463989
gaia-v3-07268,fit,login_failure,1626287675451,11.0,True,0.017855165127548388,0.5654643997550011,0.01747751925140619,0.5781296491622925,0.0056479869689792395,0.9955857992172241
gaia-v3-07269,fit,login_failure,1626288020613,11.0,True,0.01965663820155896,0.4232180118560791,0.018213859805837274,0.3516414910554886,0.006116203144192696,0.9959831237792969
gaia-v3-07016,fit,login_failure,1626289113932,11.0,True,0.02011004433443304,0.4690057672560215,0.02100957268849015,0.3456871211528778,0.007139654457569122,0.995968759059906
gaia-v3-07017,fit,login_failure,1626289227140,11.0,True,0.021596319683400603,0.40285624563694,0.026195309683680536,0.4201399087905884,0.008941193856298924,0.996056079864502
gaia-v3-07021,fit,login_failure,1626289994865,11.0,True,0.03028475067888697,0.7087070643901825,0.027823895029723645,0.6122961640357971,0.00716256340034306,0.995857298374176
gaia-v3-07022,fit,login_failure,1626290120799,11.0,True,0.03435815117360714,0.9711419362574816,0.019935387186706066,0.3456871211528778,0.006074517033994198,0.9960018992424011
gaia-v3-07273,fit,login_failure,1626290234153,11.0,True,0.016370612275689686,0.46406082552857697,0.017372903786599635,0.3456871211528778,0.0064628621190786365,0.995438277721405
gaia-v3-07035,fit,login_failure,1626292013350,11.0,True,0.023484753803738084,0.5919463634490967,0.016352150542661547,0.3456871211528778,0.006289036627858877,0.995857298374176
gaia-v3-07036,fit,login_failure,1626292098575,11.0,True,0.01949831895083965,0.5000000074505806,0.014533243607729673,0.3456871211528778,0.006153989564627409,0.9958362579345703
gaia-v3-07280,fit,login_failure,1626292177661,11.0,True,0.026081518849241547,0.8114143162965775,0.01885431013070047,0.3456871211528778,0.0072399481572210786,0.9959831237792969
gaia-v3-07281,fit,login_failure,1626292370999,11.0,True,0.024741751146696817,0.46149566769599915,0.022155981743708253,0.3456871211528778,0.008952083215117455,0.9957693219184875
gaia-v3-07285,fit,login_failure,1626294578440,11.0,True,0.02658121862235324,0.7925044670701027,0.022181449783965947,0.6711877584457397,0.006046534022316336,0.9956369400024414
gaia-v3-07287,fit,login_failure,1626294862134,11.0,True,0.01972091290372191,0.6616112031042576,0.01549816271290183,0.5781296491622925,0.006557833543047309,0.9956369400024414
gaia-v3-07046,fit,login_failure,1626295095270,11.0,True,0.016470117200515232,0.40000002086162567,0.019671899545937777,0.4902998208999634,0.0052836704161018135,0.9958031177520752
gaia-v3-07047,fit,login_failure,1626295241845,11.0,True,0.024208110414717036,0.6029596254229546,0.02580769909545779,0.3456871211528778,0.007311096247285605,0.9963328838348389
gaia-v3-07288,fit,login_failure,1626295396418,11.0,True,0.01763160877453629,0.42178363911807537,0.02167660240083933,0.3456871211528778,0.0065679591707885265,0.9955857992172241
gaia-v3-07292,fit,login_failure,1626297785728,11.0,True,0.018090944444459942,0.465277761220932,0.019795614341273905,0.3456871211528778,0.005634621446952224,0.9956189393997192
gaia-v3-07057,fit,login_failure,1626298033665,11.0,True,0.014067561679015246,0.4979095309972763,0.0164780514780432,0.3456871211528778,0.006702507436275482,0.9959025382995605
gaia-v3-07294,fit,login_failure,1626298392310,11.0,True,0.015410261026894053,0.35571639239788055,0.015878147864714264,0.7472217082977295,0.005661345552653074,0.9959500432014465
gaia-v3-07064,fit,login_failure,1626299468268,11.0,True,0.023226805003165887,0.7233527153730392,0.022220089612528682,0.6711877584457397,0.0077111502550542355,0.9960681200027466
gaia-v3-07065,fit,login_failure,1626299624128,11.0,True,0.024403909245544735,0.543282076716423,0.03309873128309846,0.3821229338645935,0.009110256982967257,0.9959356188774109
gaia-v3-07066,fit,login_failure,1626300090293,11.0,True,0.019431192349293268,0.6394207775592804,0.02150833187624812,0.5781296491622925,0.005871227728202939,0.9960891604423523
gaia-v3-07067,fit,login_failure,1626300203925,11.0,True,0.022322116813787336,0.5704372897744179,0.016387013206258415,0.3456871211528778,0.0070019146986305715,0.9970152974128723
gaia-v3-07068,fit,login_failure,1626300550376,11.0,True,0.02051109398113719,0.5636374801397324,0.022466018283739685,0.3456871211528778,0.007286988291889429,0.9964532852172852
gaia-v3-07300,fit,login_failure,1626301242019,11.0,True,0.02477153611700184,0.7175830006599426,0.022902249125763774,0.3821229338645935,0.007420887313783169,0.9960823655128479
gaia-v3-07305,fit,login_failure,1626302394032,11.0,True,0.019723731880852333,0.5304208993911743,0.016278053959831597,0.3456871211528778,0.005783185260370373,0.9959831237792969
gaia-v3-07306,fit,login_failure,1626302674952,11.0,True,0.01974347156259076,0.4000000059604645,0.025994965992867946,0.3456871211528778,0.006513039078563452,0.996727705001831
gaia-v3-07073,fit,login_failure,1626303662189,11.0,True,0.023050144599983467,0.47993948869407177,0.01963456510566175,0.4426310583949089,0.005729410592466593,0.9963871240615845
gaia-v3-07313,fit,login_failure,1626304033245,11.0,True,0.01623791355814319,0.4480982720851898,0.020516756130382417,0.3909478485584259,0.005929212588816881,0.9957362413406372
gaia-v3-07316,fit,login_failure,1626305118118,11.0,True,0.02551305962897459,0.6185950040817261,0.03146302839741111,0.45815688371658325,0.008024326795712113,0.9955044984817505
gaia-v3-07083,fit,login_failure,1626306004211,11.0,True,0.026582229589500152,0.6308513935655355,0.024389033392071723,0.3456871211528778,0.007677593752741813,0.9958904385566711
gaia-v3-07084,fit,login_failure,1626306578838,11.0,True,0.019285033313402287,0.4622192531824112,0.03150230892933905,0.3608487844467163,0.00817656490020454,0.9961553812026978
gaia-v3-07085,fit,login_failure,1626307120294,11.0,True,0.024816649447893725,0.734815314412117,0.02241868684068322,0.3909478485584259,0.00628821874037385,0.9958904385566711
gaia-v3-07323,fit,login_failure,1626308729268,11.0,True,0.023950645173317752,0.8838529922068119,0.01953140627592802,0.3456871211528778,0.005881653521209955,0.9961331486701965
gaia-v3-07324,fit,login_failure,1626308826150,11.0,True,0.01666486948961392,0.41466058790683746,0.01692900015041232,0.3456871211528778,0.005211266400292516,0.9952395558357239
gaia-v3-07094,fit,login_failure,1626309991222,11.0,True,0.015982337206757315,0.4502655267715454,0.018593384092673658,0.436208575963974,0.005833580903708935,0.996056079864502
gaia-v3-07331,fit,login_failure,1626310133557,11.0,True,0.02119530096388189,0.3733215928077698,0.016913620848208667,0.4547392502427101,0.005431967480108142,0.9954714179039001
gaia-v3-07332,fit,login_failure,1626310324345,11.0,True,0.022119677143443064,0.6885213553905487,0.025061374343931676,0.3456871211528778,0.006507385196164251,0.9961331486701965
gaia-v3-07333,fit,login_failure,1626310655699,11.0,True,0.022384998375491703,0.5813449639827013,0.019436067901551723,0.3456871211528778,0.0067566224932670595,0.9956038594245911
gaia-v3-07095,fit,login_failure,1626311223837,11.0,True,0.020155418679739037,0.44839972257614136,0.022419630922377108,0.45815688371658325,0.007901598233729601,0.9960229396820068
gaia-v3-07096,fit,login_failure,1626311427064,11.0,True,0.02313032107485924,0.4000000059604645,0.017141583003103734,0.3909478485584259,0.006131128137931228,0.997246503829956
gaia-v3-07334,fit,login_failure,1626311694011,11.0,True,0.02005684020550689,0.35987588763237,0.024390959553420542,0.3871394991874695,0.006025064289569854,0.9953389167785645
gaia-v3-07097,fit,login_failure,1626312073336,11.0,True,0.019240119389481454,0.3704868257045746,0.0229113457724452,0.3909478485584259,0.006674411259591579,0.9961012005805969
gaia-v3-07335,fit,login_failure,1626312196964,11.0,True,0.017816424356230223,0.5017176866531372,0.023921184381470083,0.3456871211528778,0.007221647752448917,0.9957362413406372
gaia-v3-07336,fit,login_failure,1626312366550,11.0,True,0.0243795839487575,0.6834745481610298,0.023435036605224013,0.3456871211528778,0.008249392695724965,0.9955376386642456
gaia-v3-07098,fit,login_failure,1626312481970,11.0,True,0.022802276036236434,0.8893949147313833,0.026278845220804214,0.5781296491622925,0.005439187670126557,0.996221661567688
gaia-v3-07337,fit,login_failure,1626313272907,11.0,True,0.015372278018912767,0.2312940303236246,0.02120039230212569,0.3909478485584259,0.0059660364408046,0.9958176016807556
gaia-v3-07338,fit,login_failure,1626313817300,11.0,True,0.01850747017209263,0.40876510739326477,0.028496701549738646,0.3456871211528778,0.007833167649805546,0.9956038594245911
gaia-v3-07101,fit,login_failure,1626313908719,11.0,True,0.019978971344729264,0.40000002086162567,0.030698567535728215,0.5781296491622925,0.009371854169294237,0.9959356188774109
gaia-v3-07339,fit,login_failure,1626315486172,11.0,True,0.018082001114938368,0.5254250094294548,0.025074339378625153,0.3909478485584259,0.007146557532250881,0.9957845211029053
gaia-v3-07106,fit,login_failure,1626315613735,11.0,True,0.03140541884604318,0.77705217897892,0.027055423939600587,0.4378967136144638,0.0067987309768795965,0.9958362579345703
gaia-v3-07110,fit,login_failure,1626316023649,11.0,True,0.027665329751713822,0.7762209922075272,0.02158428248949349,0.37361085414886475,0.005773730147629976,0.9956584572792053
gaia-v3-07343,fit,login_failure,1626317444206,11.0,True,0.018502335310404305,0.6627945359796286,0.014738141605630518,0.3456871211528778,0.005645827054977417,0.9960339069366455
gaia-v3-07350,fit,login_failure,1626318305946,11.0,True,0.016216878568714795,0.4683324992656708,0.021936611412093042,0.5781296491622925,0.006085732318460942,0.9959831237792969
gaia-v3-07119,fit,login_failure,1626319019280,11.0,True,0.02001224510507503,0.38857671432197094,0.024197111697867514,0.6711877584457397,0.0072572292853146795,0.995968759059906
gaia-v3-07352,fit,login_failure,1626319158625,11.0,True,0.018404182571490915,0.5834017917513847,0.0188398577272892,0.48185671865940094,0.006451373547315597,0.995438277721405
gaia-v3-07122,fit,login_failure,1626319433283,11.0,True,0.018517831048423736,0.4000000059604645,0.022781381430104376,0.5885190367698669,0.00700517806224525,0.9961674213409424
gaia-v3-07353,fit,login_failure,1626319808798,11.0,True,0.01837135866614214,0.36098265647888184,0.021614959416911005,0.3456871211528778,0.006664014663547277,0.9956851601600647
gaia-v3-07125,fit,login_failure,1626320846237,11.0,True,0.025042071082862095,0.4000000059604645,0.01960887936875224,0.3456871211528778,0.005855084788054228,0.9959567189216614
gaia-v3-07362,fit,login_failure,1626322341695,11.0,True,0.021731600589312925,0.5145356901921332,0.027033693715929986,0.9789916276931763,0.008817426292225719,0.9964965581893921
gaia-v3-07363,fit,login_failure,1626322471241,11.0,True,0.025881620223177984,0.5794006586074829,0.02548104217275977,0.45815688371658325,0.007579446323215961,0.9956369400024414
gaia-v3-07128,fit,login_failure,1626322576575,11.0,True,0.01793317895499058,0.6136641204357147,0.01616294770501554,0.3456871211528778,0.0058601127192378045,0.9960018992424011
gaia-v3-07364,fit,login_failure,1626322843748,11.0,True,0.02034973682190563,0.4712887108325958,0.021239771600812675,0.3456871211528778,0.005985257215797901,0.9953389167785645
gaia-v3-07365,fit,login_failure,1626323165387,11.0,True,0.0185493085620692,0.4996374100446701,0.02273746784776449,0.3821229338645935,0.007735728835687041,0.9963138699531555
gaia-v3-07366,fit,login_failure,1626323260913,11.0,True,0.01479387479145468,0.4000000059604645,0.014863113779574633,0.3456871211528778,0.0053451247792690995,0.9959347248077393
gaia-v3-07367,fit,login_failure,1626323450580,11.0,True,0.02153596318967175,0.3489189147949219,0.021014491422101857,0.3456871211528778,0.0054620464146137235,0.995438277721405
gaia-v3-07369,fit,login_failure,1626323790800,11.0,True,0.017734769666276406,0.450851246714592,0.01775044039823115,0.3456871211528778,0.007454978041350841,0.9954714179039001
gaia-v3-07131,fit,login_failure,1626323873812,11.0,True,0.017236864409642293,0.3898550532758236,0.019227552181109785,0.3941918760538101,0.005548548949882388,0.996056079864502
gaia-v3-07132,fit,login_failure,1626324073922,11.0,True,0.015968835825333372,0.4913562685251236,0.016732977516949177,0.3456871211528778,0.006156220119446516,0.9969822764396667
gaia-v3-07371,fit,login_failure,1626324570681,11.0,True,0.018203059117270944,0.30000000447034836,0.02557972972281277,0.3456871211528778,0.007006805604323745,0.9955044984817505
gaia-v3-07136,fit,login_failure,1626324656060,11.0,True,0.022681938526996723,0.5184121280908585,0.018304832000285386,0.3456871211528778,0.006514790635555982,0.9965313673019409
gaia-v3-07372,fit,login_failure,1626324827630,11.0,True,0.0203651621210156,0.6572443060576916,0.01784620163962245,0.3821229338645935,0.006305599110201001,0.9959169030189514
gaia-v3-07138,fit,login_failure,1626325476413,11.0,True,0.01751301925590572,0.5319286733865738,0.0217539316508919,0.3821229338645935,0.006579722743481398,0.9962998032569885
gaia-v3-07139,fit,login_failure,1626325683387,11.0,True,0.01925328707729932,0.4316292703151703,0.024153152015060186,0.7092047333717346,0.006929081724956631,0.9958693981170654
gaia-v3-07377,fit,login_failure,1626325830170,11.0,True,0.025911803678415404,0.7323649525642395,0.02486058175563812,0.4201399087905884,0.006311542876064777,0.9956189393997192
gaia-v3-07379,fit,login_failure,1626326315369,11.0,True,0.02115821915504057,0.4626835025846958,0.0174165234901011,0.7092047333717346,0.006329009728506208,0.995438277721405
gaia-v3-07383,fit,login_failure,1626327224598,11.0,True,0.02410347947249344,0.4577479586005211,0.025159661890938878,0.3981705456972122,0.007094213841482997,0.9952395558357239
gaia-v3-07384,fit,login_failure,1626327700559,11.0,True,0.01950419956119731,0.4985237866640091,0.02254116106778383,0.3909478485584259,0.007607404040172696,0.9961000680923462
gaia-v3-07147,fit,login_failure,1626327889320,11.0,True,0.020787551702718097,0.7303057909011841,0.01582883014343679,0.3456871211528778,0.005832359921187163,0.996056079864502
gaia-v3-07148,fit,login_failure,1626328087133,11.0,True,0.02332983636200273,0.6398775279521942,0.031746146827936174,0.3909478485584259,0.008441885635256767,0.9959897994995117
gaia-v3-07150,fit,login_failure,1626328320480,11.0,True,0.022696815915211725,0.429049015045166,0.040637524472549556,0.5781296491622925,0.008153761550784112,0.995968759059906
gaia-v3-07154,fit,login_failure,1626328588429,11.0,True,0.019880381504481192,0.7460409086197615,0.025061126053333282,0.3533506691455841,0.006985165243968368,0.9960891604423523
gaia-v3-07155,fit,login_failure,1626329545481,11.0,True,0.019881095957437842,0.4000000059604645,0.018210434913635255,0.436208575963974,0.005522683020681143,0.9959897994995117
gaia-v3-07390,fit,login_failure,1626329681424,11.0,True,0.01835126963657482,0.40000002086162567,0.021194807160645722,0.3456871211528778,0.006527989283204079,0.9956189393997192
gaia-v3-07393,fit,login_failure,1626330859773,11.0,True,0.01843132354551926,0.3443039059638977,0.017876173555850982,0.3456871211528778,0.006110842563211918,0.9955376386642456
gaia-v3-07159,fit,login_failure,1626330990899,11.0,True,0.02664410043071257,0.5101475566625595,0.026218261988833546,0.3821229338645935,0.008865368384867907,0.9956584572792053
gaia-v3-07394,fit,login_failure,1626331183426,11.0,True,0.02168928415242893,0.5458725169301033,0.020167142618447542,0.3456871211528778,0.007037447914481163,0.9957362413406372
gaia-v3-07160,fit,login_failure,1626331311877,11.0,True,0.015452935165376403,0.2942997068166733,0.01803609183989465,0.4362085610628128,0.007046421924605965,0.9971262216567993
gaia-v3-07395,fit,login_failure,1626332459053,11.0,True,0.016455112651844198,0.40000002086162567,0.03003027318045497,0.47131551802158356,0.009102783994749189,0.9957513809204102
gaia-v3-07396,fit,login_failure,1626332593353,11.0,True,0.02077879455173388,0.4845917448401451,0.019561852142214776,0.3456871211528778,0.005866712536662817,0.9955376386642456
gaia-v3-07161,fit,login_failure,1626333145928,11.0,True,0.026280561156454496,0.6000000238418579,0.028672496462240814,0.6246587038040161,0.007613060381263494,0.9960018992424011
gaia-v3-07162,fit,login_failure,1626333334513,11.0,True,0.023514345857741623,0.6390339136123657,0.029988675937056543,0.5781296491622925,0.008429008107632398,0.9962667226791382
gaia-v3-07165,fit,login_failure,1626333689472,11.0,True,0.017981084462371656,0.42473065853118896,0.021864692866802215,0.5181432813405991,0.006287799440324307,0.9959235787391663
gaia-v3-07398,fit,login_failure,1626333822724,11.0,True,0.023056701713358052,0.596697598695755,0.03230983559042215,0.3456871211528778,0.009548742827028035,0.995320737361908
gaia-v3-07399,fit,login_failure,1626334237112,11.0,True,0.01778475328270967,0.541509822010994,0.022680424991995095,0.3456871211528778,0.006914598662406206,0.9957362413406372
gaia-v3-07400,fit,login_failure,1626334521985,11.0,True,0.027690812246873975,0.636060044169426,0.024615521961823105,0.45815691351890564,0.007032082378864288,0.9957183003425598
gaia-v3-07166,fit,login_failure,1626334936022,11.0,True,0.019927305106345255,0.3027798980474472,0.02060345686040819,0.3456871211528778,0.007443963252007961,0.9958362579345703
gaia-v3-07167,fit,login_failure,1626335163855,11.0,True,0.02081250996561721,0.6129088401794434,0.028827728098258378,0.5064224600791931,0.006903574513271451,0.9958693981170654
gaia-v3-07401,fit,login_failure,1626335390529,11.0,True,0.019455076590141594,0.450054869055748,0.022563658701255918,0.4378967136144638,0.007302797175943851,0.9956700205802917
gaia-v3-07402,fit,login_failure,1626335819640,11.0,True,0.016481058904901147,0.320610910654068,0.015790874371305108,0.3909478485584259,0.005210087932646275,0.9960492849349976
gaia-v3-07403,fit,login_failure,1626335898087,11.0,True,0.019881348406973604,0.3374544084072113,0.02393916351720691,0.3456871211528778,0.007273224443197251,0.9957693219184875
gaia-v3-07168,fit,login_failure,1626336086056,11.0,True,0.019707226927857847,0.30119891464710236,0.015565578220412135,0.3456871211528778,0.005702322330325842,0.995857298374176
gaia-v3-07417,fit,login_failure,1626339386755,11.0,True,0.023500736348796635,0.5800513252615929,0.01452062800526619,0.3456871211528778,0.005627357494086027,0.9960008859634399
gaia-v3-07420,fit,login_failure,1626340155803,11.0,True,0.023525190927709144,0.4000000059604645,0.019935241853818297,0.3909478485584259,0.007123114271089435,0.9957362413406372
gaia-v3-07178,fit,login_failure,1626340598744,11.0,True,0.02197573376761284,0.5220093429088593,0.02445671665482223,0.5181432813405991,0.007419225964695215,0.9958693981170654
gaia-v3-07179,fit,login_failure,1626340724363,11.0,True,0.022039805465222648,0.4932109359651804,0.02987243914976716,0.436208575963974,0.007856283644214273,0.9957036972045898
gaia-v3-07180,fit,login_failure,1626340825655,11.0,True,0.02129830991907511,0.43868622183799744,0.01947200600989163,0.436208575963974,0.005978616690263152,0.9960018992424011
gaia-v3-07181,fit,login_failure,1626341067132,11.0,True,0.01990191192162456,0.4000000059604645,0.01896302946843207,0.3456871211528778,0.005405049500986934,0.9963328838348389
gaia-v3-07182,fit,login_failure,1626341473730,11.0,True,0.020196663914248347,0.4266834482550621,0.019991411454975606,0.4847133457660675,0.005618170192465186,0.9961674213409424
gaia-v3-07422,fit,login_failure,1626341792923,11.0,True,0.019196470944734756,0.5685846656560898,0.02191398604772985,0.5781296491622925,0.006637585237622261,0.9953389167785645
gaia-v3-07192,fit,login_failure,1626344273929,11.0,True,0.01773898515239125,0.4322909526526928,0.022382596554234625,0.4094785377383232,0.0058665472548455,0.9967958331108093
gaia-v3-07432,fit,login_failure,1626346153699,11.0,True,0.016986139492170576,0.6026259660720825,0.021093835588544607,0.3456871211528778,0.005826750081032514,0.996512234210968
gaia-v3-07438,fit,login_failure,1626347067719,11.0,True,0.017168615361636816,0.488385945558548,0.01965351845137775,0.3456871211528778,0.007043122909963131,0.9957845211029053
gaia-v3-07197,fit,login_failure,1626347269326,11.0,True,0.025258297674008647,0.40000002086162567,0.021151211718097328,0.6246587038040161,0.007513078590855002,0.9959025382995605
gaia-v3-07439,fit,login_failure,1626347886899,11.0,True,0.01758226319604243,0.5999999940395355,0.025076271081343294,0.4732699543237686,0.006546337343752384,0.9955044984817505
gaia-v3-07202,fit,login_failure,1626347958254,11.0,True,0.022807439007253075,0.6934839002788067,0.02066378490999341,0.3456871211528778,0.005439020814374089,0.995736837387085
gaia-v3-07203,fit,login_failure,1626348054407,11.0,True,0.015011000641970895,0.5483544245362282,0.01941556823439896,0.3456871211528778,0.007005865322425962,0.9959567189216614
gaia-v3-07440,fit,login_failure,1626348274380,11.0,True,0.016987157827437236,0.4171662051230669,0.01675650798715651,0.3909478485584259,0.006101530892774463,0.9957362413406372
gaia-v3-07204,fit,login_failure,1626348433200,11.0,True,0.021818500528267275,0.49257341027259827,0.027302634529769422,0.3456871211528778,0.006991447750478983,0.9965313673019409
gaia-v3-07205,fit,login_failure,1626348775883,11.0,True,0.015908625519174772,0.40345773100852966,0.019588348595425485,0.3456871211528778,0.008332593701779842,0.9962998032569885
gaia-v3-07206,fit,login_failure,1626349061853,11.0,True,0.01965836173427912,0.48881532065570354,0.02125053806230426,0.3456871211528778,0.007734284680336714,0.9961885213851929
gaia-v3-07207,fit,login_failure,1626349212159,11.0,True,0.015038050638880425,0.4000000059604645,0.021103655779734255,0.3456871211528778,0.007950564958155154,1.0
gaia-v3-07441,fit,login_failure,1626349581184,11.0,True,0.020129430442951464,0.4000000059604645,0.026253178995102645,0.3909478485584259,0.007623939793556928,0.9957513809204102
gaia-v3-07442,fit,login_failure,1626349814796,11.0,True,0.018433871437446216,0.3290165141224861,0.01902474509552121,0.3909478485584259,0.006320462012663484,0.9965782761573792
gaia-v3-07446,fit,login_failure,1626350748172,11.0,True,0.0199510248756269,0.5871432274580002,0.029671919625252487,0.4201399087905884,0.0063903827406466005,0.9959500432014465
gaia-v3-07210,fit,login_failure,1626351272961,11.0,True,0.017511461130925454,0.40587952733039856,0.02224064702168107,0.6711877584457397,0.006879995865747332,0.9959235787391663
gaia-v3-07448,fit,login_failure,1626351523565,11.0,True,0.02795908978053679,0.6853857804089785,0.037990119261667135,0.6711877584457397,0.008540734620764852,0.9957513809204102
gaia-v3-07211,fit,login_failure,1626351661311,11.0,True,0.017360394238494337,0.43007177487015724,0.020954203372821213,0.45815688371658325,0.00621828518807888,0.9962878227233887
gaia-v3-07449,fit,login_failure,1626351754207,11.0,True,0.030698718834901228,0.7349928766489029,0.016576288919895887,0.3456871211528778,0.006188303548842668,0.9960162043571472
gaia-v3-07212,fit,login_failure,1626352187421,11.0,True,0.027236530901670147,0.8103172462433577,0.023066685954108834,0.3456871211528778,0.007188846217468381,0.9960229396820068
gaia-v3-07450,fit,login_failure,1626352260280,11.0,True,0.020192593883257358,0.7459821924567223,0.0166878720279783,0.3456871211528778,0.006338256364688277,0.9956851601600647
gaia-v3-07452,fit,login_failure,1626352457936,11.0,True,0.0375297219255117,0.593984380364418,0.027482198597863317,0.436208575963974,0.007931143278256059,0.9954714179039001
gaia-v3-07458,fit,login_failure,1626353823552,11.0,True,0.027259359495171036,0.44212138652801514,0.022693560924381018,0.3456871211528778,0.0077244534436613325,0.9953057765960693
gaia-v3-07459,fit,login_failure,1626354082943,11.0,True,0.02278640879279313,0.39578112959861755,0.013666113652288914,0.3456871211528778,0.005091404374688864,0.9955044984817505
gaia-v3-07217,fit,login_failure,1626354210150,11.0,True,0.02058112801266058,0.619696319103241,0.025182415172457694,0.7092047333717346,0.006523971054702997,0.995736837387085
gaia-v3-07460,fit,login_failure,1626354316122,11.0,True,0.02075913862111823,0.4000000059604645,0.02056439146399498,0.3456871211528778,0.006767575079575181,0.9957183003425598
gaia-v3-07462,fit,login_failure,1626355358044,11.0,True,0.01564262170092358,0.3512450158596039,0.021187865035608412,0.3456871211528778,0.006259557520970702,0.9956189393997192
gaia-v3-07223,fit,login_failure,1626356401539,11.0,True,0.016707815077582684,0.5593776628375053,0.016772575117647646,0.3456871211528778,0.005751673066988587,0.9961012005805969
gaia-v3-07465,fit,login_failure,1626357027065,11.0,True,0.016010953956477655,0.30000000447034836,0.01886439472436905,0.3456871211528778,0.007099967831745744,0.9966773986816406
gaia-v3-07227,fit,login_failure,1626357238454,11.0,True,0.02566042622978178,0.3485346920788288,0.02335000750608742,0.3456871211528778,0.00706472079269588,0.9958693981170654
gaia-v3-07228,fit,login_failure,1626357528712,11.0,True,0.02605345021681084,0.7819257080554962,0.02479157061316073,0.3456871211528778,0.007038858998566866,0.9958693981170654
gaia-v3-07466,fit,login_failure,1626357793236,11.0,True,0.022295718597403417,0.38239624723792076,0.025566603988409042,0.4902998208999634,0.0066530672647058964,0.9956189393997192
gaia-v3-07229,fit,login_failure,1626357946923,11.0,True,0.01986716756558356,0.4715857729315758,0.019362199027091263,0.3456871211528778,0.00637700829654932,0.9958904385566711
gaia-v3-07469,fit,login_failure,1626358374831,11.0,True,0.017764800870403028,0.5414905697107315,0.02045542001724243,0.3456871211528778,0.006228304635733366,0.9956189393997192
gaia-v3-07232,fit,login_failure,1626358470500,11.0,True,0.025873903741982455,0.8455213010311127,0.029499581456184386,0.3456871211528778,0.007449474846944213,0.9973785877227783
gaia-v3-07470,fit,login_failure,1626358643384,11.0,True,0.016996417415793986,0.29999998211860657,0.015277975983917714,0.3456871211528778,0.0052461787778884175,0.9955527186393738
gaia-v3-07234,fit,login_failure,1626359350941,11.0,True,0.02985479440152024,0.8318207487463951,0.02170979045331478,0.3456871211528778,0.007177178645506501,0.9958362579345703
gaia-v3-07235,fit,login_failure,1626359523220,11.0,True,0.02339477746039241,0.7140667587518692,0.03131450079381466,0.45815688371658325,0.00797885381616652,0.9958362579345703
gaia-v3-07236,fit,login_failure,1626359646943,11.0,True,0.018054712764402816,0.41130173206329346,0.020747373206540944,0.3456871211528778,0.006479452261701226,0.9961553812026978
gaia-v3-07475,fit,login_failure,1626360478763,11.0,True,0.023836737757665104,0.40764564275741577,0.033178936876356604,0.45815688371658325,0.008155637616291643,0.9955044984817505
gaia-v3-07478,fit,login_failure,1626361525400,11.0,True,0.01930952928281234,0.3328975737094879,0.014964391523972154,0.3821229338645935,0.005919053638353944,0.9958838224411011
gaia-v3-07485,fit,login_failure,1626363011212,11.0,True,0.025536498505971394,0.810863122344017,0.019616137119010092,0.3456871211528778,0.006016165111213922,0.995438277721405
gaia-v3-07246,fit,login_failure,1626363195002,11.0,True,0.028011896694079042,0.7706144601106644,0.03967034560628235,0.3456871211528778,0.009747798638418317,0.9962547421455383
gaia-v3-07250,fit,login_failure,1626364723448,11.0,True,0.0276717095694039,0.5234002470970154,0.04257767228409648,0.5181432664394379,0.010056589897722006,0.9957247972488403
gaia-v3-07776,fit,login_failure,1626365160136,11.0,True,0.01641606909397524,0.611702486872673,0.016934583289548756,0.3456871211528778,0.012707622658926993,0.9961154460906982
gaia-v3-07531,fit,login_failure,1626365421997,11.0,True,0.02087749034302154,0.5029541663825512,0.01893460196442902,0.3456871211528778,0.011801696255570277,0.9958362579345703
gaia-v3-07782,fit,login_failure,1626366530344,11.0,True,0.01778737970647247,0.4774140641093254,0.012843435490503907,0.3456871211528778,0.009959771127905697,0.9957183003425598
gaia-v3-07535,fit,login_failure,1626366775465,11.0,True,0.028180808605005343,0.5140150189399719,0.01676201946102083,0.436208575963974,0.01175073124584742,0.9961553812026978
gaia-v3-07788,fit,login_failure,1626368037887,11.0,True,0.02805551727457593,0.8087898269295692,0.012616690108552575,0.3821229338645935,0.010371140312636272,0.9956038594245911
gaia-v3-07540,fit,login_failure,1626368270080,11.0,True,0.02529766133520752,0.5936071649193764,0.014775183238089084,0.5224427580833435,0.010108134902548045,0.9961674213409424
gaia-v3-07544,fit,login_failure,1626368934484,11.0,True,0.016001618952335168,0.43152356147766113,0.009803284797817469,0.3456871211528778,0.009680682522011921,0.9961223006248474
gaia-v3-07789,fit,login_failure,1626370481264,11.0,True,0.018411521192562456,0.29142813105136156,0.013852582918480039,0.3456871211528778,0.011739431275054812,0.9954532980918884
gaia-v3-07790,fit,login_failure,1626370665396,11.0,True,0.023170542804291473,0.5285881161689758,0.015733602177351712,0.7092047333717346,0.012212713728658856,0.9955044984817505
gaia-v3-07547,fit,login_failure,1626370858197,11.0,True,0.019320171714449923,0.49356090277433395,0.01197181986644864,0.3456871211528778,0.009886048225453123,0.9961223006248474
gaia-v3-07551,fit,login_failure,1626371921951,11.0,True,0.02623957430963249,0.3999999761581421,0.01484735095873475,0.3456871211528778,0.010113632563734426,0.9958904385566711
gaia-v3-07552,fit,login_failure,1626372947630,11.0,True,0.026740655202896355,0.4364495873451233,0.01596173825673759,0.3456871211528778,0.012316183114890009,0.9960229396820068
gaia-v3-07799,fit,login_failure,1626373406359,11.0,True,0.026880837777086223,0.6758177876472473,0.024637707648798822,0.3456871211528778,0.015388159565627575,0.9958024024963379
gaia-v3-07800,fit,login_failure,1626373971239,11.0,True,0.024267630128694387,0.5661421865224838,0.011326944222673774,0.37361085414886475,0.009269375375006349,0.9961661696434021
gaia-v3-07553,fit,login_failure,1626374081548,11.0,True,0.020113517022885694,0.7644481211900711,0.01274081482551992,0.3456871211528778,0.012623095535673201,0.9980497360229492
gaia-v3-07801,fit,login_failure,1626374928430,11.0,True,0.017948254253618266,0.37478792667388916,0.016637193178758024,0.436208575963974,0.01383783319266513,0.9966947436332703
gaia-v3-07554,fit,login_failure,1626375049938,11.0,True,0.025775904640128525,0.5375152975320816,0.01694740210659802,0.3821229338645935,0.010791114564053714,0.9960018992424011
gaia-v3-07802,fit,login_failure,1626375134290,11.0,True,0.02318283703061752,0.5905510932207108,0.012770421197637915,0.3456871211528778,0.01063924361136742,0.9968425631523132
gaia-v3-07806,fit,login_failure,1626376507288,11.0,True,0.02754230120238693,0.9285643994808197,0.015103157982230187,0.45815688371658325,0.013117437107721343,0.9961816072463989
gaia-v3-07557,fit,login_failure,1626376674253,11.0,True,0.022507138931541704,0.789763443171978,0.01651320932433009,0.3456871211528778,0.009965643151663244,0.9969610571861267
gaia-v3-07558,fit,login_failure,1626376763598,11.0,True,0.023331162971408047,0.7432296723127365,0.013301308313384653,0.3456871211528778,0.009296907668467611,0.9959235787391663
gaia-v3-07807,fit,login_failure,1626376960261,11.0,True,0.017702643452018187,0.2627846300601959,0.014061053795740009,0.45815688371658325,0.013092345081968233,0.9986217021942139
gaia-v3-07816,fit,login_failure,1626378306931,11.0,True,0.029040101737094422,0.7762209922075272,0.015590883838012815,0.3456871211528778,0.013232101675821468,0.9951732754707336
gaia-v3-07569,fit,login_failure,1626378427054,11.0,True,0.02559786470568118,0.5966154932975769,0.016892291558906435,0.436208575963974,0.01409294357523322,0.996056079864502
gaia-v3-07817,fit,login_failure,1626378743806,11.0,True,0.031270736932189416,0.6600645389116835,0.01837430093437433,0.4201399087905884,0.017956562450854106,0.9971726536750793
gaia-v3-07818,fit,login_failure,1626378920029,11.0,True,0.029320619396942978,0.6581099629402161,0.015570716373622418,0.3456871211528778,0.013794729665387423,0.9969916939735413
gaia-v3-07820,fit,login_failure,1626379538942,11.0,True,0.02155481092437791,0.7646801769733429,0.013008990045636892,0.3456871211528778,0.010322083649225534,0.9960162043571472
gaia-v3-07821,fit,login_failure,1626379773954,11.0,True,0.02790082723489225,0.6654242873191833,0.02888728128746152,0.3456871211528778,0.016443465972552074,0.995272696018219
gaia-v3-07571,fit,login_failure,1626380046505,11.0,True,0.0240815260175926,0.7586732730269432,0.02093594237230718,0.4218703508377075,0.012215170920826494,0.9960681200027466
gaia-v3-07826,fit,login_failure,1626382398020,11.0,True,0.026062417367938906,0.6023190021514893,0.01381962583400309,0.3456871211528778,0.011168911770218982,0.9954714179039001
gaia-v3-07827,fit,login_failure,1626382621396,11.0,True,0.023386439357030515,0.7510305941104889,0.02064713048748672,0.3456871211528778,0.01433724291389808,0.9956520199775696
gaia-v3-07579,fit,login_failure,1626382909670,11.0,True,0.023699066361101966,0.6996817961335182,0.015983228851109744,0.3456871211528778,0.012316825434099883,0.9959235787391663
gaia-v3-07582,fit,login_failure,1626384351142,11.0,True,0.02482441547520769,0.49207037687301636,0.016031263489276172,0.7472217082977295,0.013517007189802826,0.9959025382995605
gaia-v3-07583,fit,login_failure,1626384434315,11.0,True,0.02260343942713613,0.7263296842575073,0.01137863602489233,0.3821229338645935,0.010526277956087142,0.9959567189216614
gaia-v3-07584,fit,login_failure,1626384546594,11.0,True,0.016840166289087695,0.393287718296051,0.014986741729080677,0.3456871211528778,0.015234460352221504,0.9963659644126892
gaia-v3-07830,fit,login_failure,1626384863986,11.0,True,0.018254620923350253,0.4641596609726548,0.010924515081569552,0.3456871211528778,0.011444407703820617,0.9959347248077393
gaia-v3-07831,fit,login_failure,1626385071388,11.0,True,0.01649631958068009,0.2584211565554142,0.013105668872594834,0.3456871211528778,0.010609556256094948,0.9956851601600647
gaia-v3-07585,fit,login_failure,1626385276581,11.0,True,0.021950562326431586,0.6057021580636501,0.013676793454214931,0.3456871211528778,0.011204436478437855,0.9963540434837341
gaia-v3-07586,fit,login_failure,1626385804522,11.0,True,0.025591777677376134,0.46248777210712433,0.026240017032250762,0.4902998208999634,0.014927553132874891,0.9958693981170654
gaia-v3-07589,fit,login_failure,1626386935039,11.0,True,0.022854305165431774,0.49573126435279846,0.017374585988000034,0.3456871211528778,0.010748858879087492,0.9962547421455383
gaia-v3-07591,fit,login_failure,1626387225906,11.0,True,0.01741578878815441,0.647236093878746,0.013829227024689316,0.3456871211528778,0.010506550231948495,0.9959235787391663
gaia-v3-07841,fit,login_failure,1626388363899,11.0,True,0.018784360419825438,0.6786618232727051,0.012734859762713314,0.3456871211528778,0.012231040286133065,0.9959831237792969
gaia-v3-07595,fit,login_failure,1626388962319,11.0,True,0.023636759518800923,0.494506374001503,0.01662943894043565,0.3909478485584259,0.012651762341847643,0.9966636300086975
gaia-v3-07603,fit,login_failure,1626391325847,11.0,True,0.026095749017743704,0.7209976315498352,0.02289932076819241,0.3456871211528778,0.014443673864006997,0.9962336421012878
gaia-v3-07848,fit,login_failure,1626391433573,11.0,True,0.020246009389908674,0.3159089647233486,0.014186648139730095,0.3456871211528778,0.012183416779153048,0.995570719242096
gaia-v3-07849,fit,login_failure,1626391585661,11.0,True,0.020818649060674942,0.4146689996123314,0.01970843025483191,0.3456871211528778,0.012485302438726649,0.995570719242096
gaia-v3-07604,fit,login_failure,1626391832412,11.0,True,0.016926571870377907,0.3487914800643921,0.017902158247306944,0.45815688371658325,0.012364709991961717,0.9960229396820068
gaia-v3-07605,fit,login_failure,1626391910787,11.0,True,0.015112579581909813,0.3487914800643921,0.011764682596549392,0.3456871211528778,0.013337613310432062,0.9956705570220947
gaia-v3-07606,fit,login_failure,1626392632020,11.0,True,0.018128142783340687,0.5346851050853729,0.01330630024895072,0.4902998208999634,0.012165971214417369,0.9959235787391663
gaia-v3-07854,fit,login_failure,1626392993305,11.0,True,0.019364065423724243,0.5378880351781845,0.020154920313507317,0.436208575963974,0.012966618093196302,0.9966443777084351
gaia-v3-07855,fit,login_failure,1626393134257,11.0,True,0.021227891836315394,0.4712974727153778,0.01682956889271736,0.4201399087905884,0.011959862718358636,0.9960339069366455
gaia-v3-07513,fit,access_permission_denied,1626393600652,3600.0,True,0.01771232605096884,0.4862666428089142,0.028033574763685464,1.0,0.014783614515326917,0.9086180925369263
gaia-v3-07880,fit,login_failure,1626397609635,11.0,True,0.019471606996376067,0.43374038487672806,0.013573609432205558,0.3456871211528778,0.012419752721907571,0.995438277721405
gaia-v3-07882,fit,login_failure,1626398589165,11.0,True,0.02642457525895831,0.522140696644783,0.02014663158915937,0.3456871211528778,0.016664478938328103,0.9959016442298889
gaia-v3-07883,fit,login_failure,1626398669482,11.0,True,0.02110919474119631,0.5739410817623138,0.017519352585077287,0.3533506691455841,0.01195627947920002,0.9955376386642456
gaia-v3-07884,fit,login_failure,1626399551851,11.0,True,0.01962874745950103,0.6958549320697784,0.018368800124153494,0.3456871211528778,0.011916456297039985,0.9964130520820618
gaia-v3-07885,fit,login_failure,1626399683159,11.0,True,0.015146652341354639,0.29706037044525146,0.011197853088378906,0.4201399087905884,0.00879475353518501,0.995570719242096
gaia-v3-07635,fit,login_failure,1626401620021,11.0,True,0.021921815794000092,0.5195170417428017,0.01807185304351151,0.3456871211528778,0.014514038058696315,0.995968759059906
gaia-v3-07636,fit,login_failure,1626401715833,11.0,True,0.01889099970770379,0.41907577216625214,0.014068742981180549,0.3456871211528778,0.01036816181614995,0.9958362579345703
gaia-v3-07893,fit,login_failure,1626401926645,11.0,True,0.02628087576207084,0.5845996215939522,0.01562783196568489,0.3456871211528778,0.012434417862677946,0.9956189393997192
gaia-v3-07637,fit,login_failure,1626402274633,11.0,True,0.0178845719191789,0.8004616126418114,0.01435409439727664,0.3456871211528778,0.014453626660397276,0.9971922039985657
gaia-v3-07896,fit,login_failure,1626402960019,11.0,True,0.017899586776426682,0.30000001937150955,0.018304849229753017,0.3456871211528778,0.013843810962280259,0.9964791536331177
gaia-v3-07640,fit,login_failure,1626403147470,11.0,True,0.022952888807049023,0.44089414179325104,0.014420259278267622,0.3456871211528778,0.012497540374752134,0.9964532852172852
gaia-v3-07898,fit,login_failure,1626403361269,11.0,True,0.024965459809754974,0.41357868909835815,0.020354691706597806,0.3456871211528778,0.014937253264943138,0.9958024024963379
gaia-v3-07899,fit,login_failure,1626403759607,11.0,True,0.01369816600830139,0.21843799017369747,0.011258756928145885,0.3456871211528778,0.011212553184013813,0.9960339069366455
gaia-v3-07901,fit,login_failure,1626404064817,11.0,True,0.029821115384887284,0.7645811215043068,0.008696381421759724,0.3456871211528778,0.011064543107058853,0.9962653517723083
gaia-v3-07902,fit,login_failure,1626404511287,11.0,True,0.024757788873588045,0.4140642285346985,0.015950201079249382,0.3456871211528778,0.010199087096843869,0.9986546039581299
gaia-v3-07645,fit,login_failure,1626405784050,11.0,True,0.022951304856299735,0.5425307005643845,0.01680741924792528,0.3821229338645935,0.013108117033261805,0.9960229396820068
gaia-v3-07908,fit,login_failure,1626406408149,11.0,True,0.018927151758301383,0.3828728049993515,0.015365875605493785,0.3456871211528778,0.011991886895848437,0.9956851601600647
gaia-v3-07909,fit,login_failure,1626406644247,11.0,True,0.02269808565712689,0.4599446877837181,0.013735925639048218,0.3456871211528778,0.013959966546390206,0.9958176016807556
gaia-v3-07913,fit,login_failure,1626408131836,11.0,True,0.016885377589884835,0.4350461959838867,0.015529046719893812,0.3821229338645935,0.011303809983655811,0.9958838224411011
gaia-v3-07651,fit,login_failure,1626409116766,11.0,True,0.01992584083248706,0.5050508454442024,0.021053419215604663,0.3533506691455841,0.015138931639958173,0.9962998032569885
gaia-v3-07652,fit,login_failure,1626409255890,11.0,True,0.018693035252120658,0.6947252824902534,0.01586590283550322,0.3821229338645935,0.009158211585599929,0.9959567189216614
gaia-v3-07916,fit,login_failure,1626409415714,11.0,True,0.02746420795156155,0.8708768375217915,0.022255513397976757,0.3456871211528778,0.014313239081529901,0.9955376386642456
gaia-v3-07917,fit,login_failure,1626409513213,11.0,True,0.023251049242874917,0.8098926246166229,0.01842367616482079,0.3821229338645935,0.014104209045181051,0.9953057765960693
gaia-v3-07921,fit,login_failure,1626410747088,11.0,True,0.026484179868081506,0.538172535598278,0.022628745110705496,0.3456871211528778,0.014727082829922437,0.9974035024642944
gaia-v3-07656,fit,login_failure,1626410967629,11.0,True,0.019345804498395108,0.43914586305618286,0.01219405378215015,0.3456871211528778,0.010067444262094796,0.9964863657951355
gaia-v3-07922,fit,login_failure,1626411089607,11.0,True,0.015432367886144977,0.3402532637119293,0.01616491386666894,0.3821229338645935,0.012122075578663499,0.9955857992172241
gaia-v3-07924,fit,login_failure,1626411452117,11.0,True,0.019228429619882567,0.46780867502093315,0.020013926178216936,0.3456871211528778,0.015691857943311335,0.9956851601600647
gaia-v3-07926,fit,login_failure,1626411962905,11.0,True,0.02141862051988331,0.469425231218338,0.024490985600277782,0.4201399087905884,0.013512419681064784,0.9960823655128479
gaia-v3-07658,fit,login_failure,1626412130462,11.0,True,0.021570992136063675,0.43167781829833984,0.01879775933921337,0.3456871211528778,0.013001320019830018,0.996221661567688
gaia-v3-07927,fit,login_failure,1626412232841,11.0,True,0.026720307939103804,0.673840805888176,0.03542098249308765,0.43341073393821716,0.017137908610748126,0.995570719242096
gaia-v3-07659,fit,login_failure,1626412320468,11.0,True,0.024681082752067596,0.8449819944798946,0.018255033111199737,0.3456871211528778,0.012138454465894028,0.9958693981170654
gaia-v3-07660,fit,login_failure,1626412412830,11.0,True,0.02081773354827116,0.6745757088065147,0.015967930527403952,0.3821229338645935,0.011935139088891447,0.9960018992424011
gaia-v3-07934,fit,login_failure,1626414052857,11.0,True,0.02125847366696689,0.4296586811542511,0.01403960338793695,0.3456871211528778,0.01207786398823373,0.9969086050987244
gaia-v3-07668,fit,login_failure,1626414168027,11.0,True,0.018575442822960517,0.4706757962703705,0.012645611260086297,0.3821229338645935,0.010979279667371883,0.9961885213851929
gaia-v3-07941,fit,login_failure,1626415607488,11.0,True,0.016777579482489577,0.42050147615373135,0.01777549092657864,0.4201399087905884,0.013005810815375298,0.9953057765960693
gaia-v3-07943,fit,login_failure,1626415970834,11.0,True,0.02210793524767117,0.40246865153312683,0.01514085759408772,0.3456871211528778,0.011181193836964667,0.9967937469482422
gaia-v3-07676,fit,login_failure,1626416336502,11.0,True,0.021252102804525445,0.5280475467443466,0.014639274263754488,0.4201399087905884,0.010372989468742162,0.9962998032569885
gaia-v3-07681,fit,login_failure,1626417144160,11.0,True,0.021444059573695995,0.5840310845524073,0.01855956162326038,0.3456871211528778,0.013098029458196834,0.9958693981170654
gaia-v3-07952,fit,login_failure,1626417323974,11.0,True,0.01654014978109141,0.38164518092526123,0.012974610645323991,0.3456871211528778,0.01110959196346812,0.9954864382743835
gaia-v3-07953,fit,login_failure,1626417416676,11.0,True,0.02797163487606061,0.5368531085550785,0.013660819362848997,0.3456871211528778,0.013294314638478681,0.9960492849349976
gaia-v3-07683,fit,login_failure,1626417998162,11.0,True,0.019048875238756105,0.46130354329943657,0.02048845812678337,0.5781296491622925,0.014367479645879939,0.996056079864502
gaia-v3-07684,fit,login_failure,1626418134423,11.0,True,0.01809186030586716,0.40141578763723373,0.013076269812881947,0.3456871211528778,0.010019890868570656,0.9958693981170654
gaia-v3-07954,fit,login_failure,1626419015931,11.0,True,0.022445876676162393,0.5886485278606415,0.018591660959646105,0.3456871211528778,0.01360619575716555,0.9956038594245911
gaia-v3-07685,fit,login_failure,1626419254865,11.0,True,0.017742106879207617,0.5158797595649958,0.016510687209665774,0.3456871211528778,0.01282012224663049,0.997246503829956
gaia-v3-07688,fit,login_failure,1626420772570,11.0,True,0.027039179898565635,0.7766915857791901,0.016313290037214757,0.3821229338645935,0.013551614133175462,0.9969940781593323
gaia-v3-07693,fit,login_failure,1626422061640,11.0,True,0.032373234976936754,0.7895731627941132,0.019337113620713352,0.3821229338645935,0.012735385056585074,0.9961553812026978
gaia-v3-07967,fit,login_failure,1626422554281,11.0,True,0.01597633910617636,0.40000002086162567,0.016019776137545703,0.436208575963974,0.013174470283556729,0.9958838224411011
gaia-v3-07969,fit,login_failure,1626423088736,11.0,True,0.020716526793936887,0.5342126600444317,0.013989457162097096,0.3456871211528778,0.013317435758654027,0.9955044984817505
gaia-v3-07695,fit,login_failure,1626423409402,11.0,True,0.01774588912667241,0.3499072939157486,0.01040119407698512,0.3456871211528778,0.011490718444110825,0.9960681200027466
gaia-v3-07696,fit,login_failure,1626423522144,11.0,True,0.021885415131691843,0.41032545268535614,0.014864175207912922,0.3456871211528778,0.012130210902541875,0.9959025382995605
gaia-v3-07970,fit,login_failure,1626423613302,11.0,True,0.018419466141494922,0.6802940964698792,0.008992962911725045,0.3456871211528778,0.012104157491121441,0.9963800311088562
gaia-v3-07699,fit,login_failure,1626424612674,11.0,True,0.021264872489943323,0.4030722975730896,0.01618744572624564,0.7472217082977295,0.014116737986914813,0.9960018992424011
gaia-v3-07700,fit,login_failure,1626424795634,11.0,True,0.026148697409856442,0.47117944061756134,0.021489189891144633,0.45815688371658325,0.013217967075761408,0.9970932006835938
gaia-v3-07975,fit,login_failure,1626425121600,11.0,True,0.01944199740634455,0.5000000149011612,0.01334420433267951,0.3456871211528778,0.011970368917100132,0.9954532980918884
gaia-v3-07702,fit,login_failure,1626425593749,11.0,True,0.019755700521636756,0.49307193339336663,0.020775115909054877,0.3821229338645935,0.013052772893570364,0.9962878227233887
gaia-v3-07703,fit,login_failure,1626425700341,11.0,True,0.018426457526705537,0.5459756925702095,0.018159749498590828,0.4362085610628128,0.012456799906212837,0.9958904385566711
gaia-v3-07704,fit,login_failure,1626425816214,11.0,True,0.018006353106466123,0.4294961541891098,0.008070014975965023,0.3456871211528778,0.011481399465119467,0.9959897994995117
gaia-v3-07978,fit,login_failure,1626426012332,11.0,True,0.01731942731809492,0.44271035492420197,0.017237317701801657,0.3456871211528778,0.01071353600709699,0.9956189393997192
gaia-v3-07979,fit,login_failure,1626426088773,11.0,True,0.013315283146463722,0.30000001937150955,0.009705335507169366,0.3456871211528778,0.01312831392046064,0.9968597292900085
gaia-v3-07705,fit,login_failure,1626426956583,11.0,True,0.020339545732713304,0.3985830247402191,0.022570679849013685,0.3456871211528778,0.01390724444645457,0.9958693981170654
gaia-v3-07982,fit,login_failure,1626427525478,11.0,True,0.02615025948131612,0.44383496046066284,0.02156287608668208,0.3456871211528778,0.011499005467630923,0.9957183003425598
gaia-v3-07983,fit,login_failure,1626427603222,11.0,True,0.023456087976228446,0.48738035559654236,0.01808343348093331,0.3456871211528778,0.013387986765010282,0.9966286420822144
gaia-v3-07984,fit,login_failure,1626427721691,11.0,True,0.02159516795751794,0.41356873512268066,0.017058245511725544,0.3456871211528778,0.012927195121301338,0.9958176016807556
gaia-v3-07707,fit,login_failure,1626428801151,11.0,True,0.027518429104869332,0.8954829350113869,0.02218573410063982,0.7092047333717346,0.01589920516242273,0.9961012005805969
gaia-v3-07713,fit,login_failure,1626430910182,11.0,True,0.023929114185739307,0.45791882276535034,0.011291625257581473,0.3456871211528778,0.011975980477873236,0.9959356188774109
gaia-v3-07714,fit,login_failure,1626431003952,11.0,True,0.01635222406281779,0.41774725541472435,0.013095901487395168,0.3456871211528778,0.012822871063835919,0.9962336421012878
gaia-v3-07715,fit,login_failure,1626431086711,11.0,True,0.017283833129719522,0.460929699242115,0.01717070401646197,0.4201399087905884,0.01197682008612901,0.996056079864502
gaia-v3-07716,fit,login_failure,1626431575137,11.0,True,0.014936585071457861,0.48457419872283936,0.009159424854442478,0.3456871211528778,0.011168602367397397,0.9960891604423523
gaia-v3-07992,fit,login_failure,1626431780185,11.0,True,0.024119562924897763,0.4801083207130432,0.016095940209925174,0.4902998208999634,0.01302551235887222,0.9962807893753052
gaia-v3-07993,fit,login_failure,1626431959560,11.0,True,0.01946747267211322,0.4579557627439499,0.015014404198154807,0.3456871211528778,0.012635532169369981,0.9958685636520386
gaia-v3-07994,fit,login_failure,1626432043992,11.0,True,0.021083589004895962,0.47589895129203796,0.01187416142784059,0.3821229338645935,0.010810565639985725,0.9957513809204102
gaia-v3-07995,fit,login_failure,1626432540407,11.0,True,0.01901448211671474,0.6328340321779251,0.022029262222349643,0.3533506691455841,0.016786263894755394,0.9969086050987244
gaia-v3-07717,fit,login_failure,1626432674398,11.0,True,0.02545490008293806,0.5912169218063354,0.016861761128529905,0.37361085414886475,0.011600733073428272,0.9960018992424011
gaia-v3-07996,fit,login_failure,1626432749570,11.0,True,0.027940305728649643,0.6502191722393036,0.015615681977942586,0.3456871211528778,0.010345520651899278,0.9956520199775696
gaia-v3-07718,fit,login_failure,1626432934225,11.0,True,0.02525125941998946,0.8929391778074205,0.017959356121718884,0.5224427580833435,0.013397175497375428,0.9960349798202515
gaia-v3-07719,fit,login_failure,1626433543341,11.0,True,0.02412558787909802,0.4326270669698715,0.016958326939493416,0.3456871211528778,0.013536847734358162,0.9962667226791382
gaia-v3-08001,fit,login_failure,1626433955049,11.0,True,0.01683905532602997,0.35911577194929123,0.0180754323489964,0.4902998208999634,0.011792308520525693,0.9960669875144958
gaia-v3-08002,fit,login_failure,1626434126507,11.0,True,0.02153343637570894,0.472718745470047,0.013071238622069358,0.3456871211528778,0.013500660504214466,0.9965782761573792
gaia-v3-08003,fit,login_failure,1626434323689,11.0,True,0.020798684926315522,0.5238896310329437,0.018778105499222875,0.6711877584457397,0.013947170890169218,0.9954051971435547
gaia-v3-08004,fit,login_failure,1626434507980,11.0,True,0.02124615362554323,0.4000000059604645,0.01839892831631005,0.3821229338645935,0.013054681322537363,0.9958176016807556
gaia-v3-08005,fit,login_failure,1626434599504,11.0,True,0.02255093157873489,0.5561658889055252,0.017786797508597373,0.3456871211528778,0.014136977249290795,0.9958024024963379
gaia-v3-07724,fit,login_failure,1626435387011,11.0,True,0.01925019131061466,0.42644765973091125,0.018624277645722033,0.3456871211528778,0.013982063560979441,0.9959567189216614
gaia-v3-07727,fit,login_failure,1626435960731,11.0,True,0.02114336984620119,0.5944400578737259,0.025564990332350136,0.3456871211528778,0.015192378626670689,0.9961885213851929
gaia-v3-08011,fit,login_failure,1626436151612,11.0,True,0.028799190517747774,0.7269827276468277,0.02804388045333326,0.45815688371658325,0.01901168830343522,0.9957845211029053
gaia-v3-07728,fit,login_failure,1626436271541,11.0,True,0.029135029527242295,0.5580872446298599,0.017392186867073178,0.3456871211528778,0.012930285647744313,0.9959025382995605
gaia-v3-07731,fit,login_failure,1626437124515,11.0,True,0.027558722660857408,0.5211308002471924,0.018839653069153427,0.3456871211528778,0.012331748456927017,0.9972912669181824
gaia-v3-07733,fit,login_failure,1626437648867,11.0,True,0.022100979230890515,0.5648266300559044,0.021580507652834056,0.550286203622818,0.013075821022503077,0.9959567189216614
gaia-v3-07734,fit,login_failure,1626438418040,11.0,True,0.02804198802477913,0.3907850682735443,0.01882127532735467,0.3456871211528778,0.012444525831378997,0.9958242177963257
gaia-v3-08015,fit,login_failure,1626439078376,11.0,True,0.02362195783352945,0.43854716420173645,0.023288608342409135,0.3686351776123047,0.015013034363510086,0.995570719242096
gaia-v3-07737,fit,login_failure,1626439177084,11.0,True,0.01881904066055237,0.4826783090829849,0.01525607299990952,0.6246587038040161,0.013785600694827736,0.9962336421012878
gaia-v3-07738,fit,login_failure,1626439302559,11.0,True,0.027021785824520823,0.8499208688735962,0.03113575018942356,0.6246587038040161,0.0178090895479545,0.9964863657951355
gaia-v3-07739,fit,login_failure,1626439483661,11.0,True,0.022093946497382905,0.44191890954971313,0.020835714461281896,0.3456871211528778,0.014192669240292161,0.9973785877227783
gaia-v3-08016,fit,login_failure,1626439881836,11.0,True,0.01764552216627635,0.8280446827411652,0.011482506757602096,0.3456871211528778,0.010568881278159097,0.9956189393997192
gaia-v3-07740,fit,login_failure,1626439974107,11.0,True,0.02633436035636502,0.6373313367366791,0.013484368845820428,0.3456871211528778,0.013978139626560733,1.0
gaia-v3-07741,fit,login_failure,1626440057206,11.0,True,0.025779221022094134,0.5498281009495258,0.022006840351969002,0.4522828459739685,0.01643916927278042,0.9958362579345703
gaia-v3-07742,fit,login_failure,1626440148030,11.0,True,0.02393390521562348,0.5832792967557907,0.01602765149436891,0.3456871211528778,0.0118955843441654,0.9956042766571045
gaia-v3-00153,fit,login_failure,1625133775938,11.0,False,,,,,,
gaia-v3-00011,fit,memory_anomalies,1625136300237,600.0,True,0.02594935603495969,0.7040431946516037,0.008876282768324018,0.321207731962204,0.008302891221828758,0.4283173382282257
gaia-v3-00179,fit,login_failure,1625141421197,11.0,True,0.02275506843909246,0.5537470579147339,0.025943064503371714,0.3456871211528778,0.00897993571124971,0.9952062964439392
gaia-v3-00230,fit,memory_anomalies,1625142919881,600.0,True,0.02316380144593495,0.5274924486875534,0.01368921403773129,0.436208575963974,0.006596522345207631,0.29095205664634705
gaia-v3-00002,fit,memory_anomalies,1625149384230,600.0,True,0.02382294271869796,0.6030498743057251,0.011721369856968523,0.218104287981987,0.0064324611460324374,0.41628965735435486
gaia-v3-00231,fit,memory_anomalies,1625159489299,600.0,True,0.01849672825814726,0.5993530452251434,0.012146950233727694,0.218104287981987,0.008119327747263014,0.44848763942718506
gaia-v3-00556,fit,memory_anomalies,1625167666547,600.0,True,0.01909919266992688,0.5495186746120453,0.010932816471904517,0.218104287981987,0.006230778913013637,0.27023816108703613
gaia-v3-00303,fit,memory_anomalies,1625170643358,600.0,True,0.028230005801865823,0.8467531129717827,0.014638766832649707,0.3456871211528778,0.007545241385232657,0.35541805624961853
gaia-v3-00818,fit,memory_anomalies,1625174603249,600.0,True,0.028043763257956773,0.7970183342695236,0.013916231924667954,0.3456871211528778,0.007536474876105786,0.4283173382282257
gaia-v3-00813,fit,memory_anomalies,1625178350828,600.0,True,0.026419896707803522,0.5785707980394363,0.00746487439610064,0.218104287981987,0.006094433433609083,0.29393699765205383
gaia-v3-00819,fit,memory_anomalies,1625192382477,600.0,True,0.01766545164657411,0.5734895914793015,0.010027070762589574,0.3456871211528778,0.00830262332689017,0.27023816108703613
gaia-v3-00651,fit,memory_anomalies,1625195043927,600.0,True,0.029240626927235763,0.5833333358168602,0.009291406394913793,0.218104287981987,0.010331878485158087,0.3089541271328926
gaia-v3-00814,fit,memory_anomalies,1625205058556,600.0,True,0.007923487358982583,0.3171370206400752,0.013456122344359755,0.2818957045674324,0.007942743556341156,0.27023816108703613
gaia-v3-00420,fit,memory_anomalies,1625210639695,600.0,True,0.011863847997339387,0.6025655753910542,0.01649382533505559,0.3355938792228699,0.009717513280920685,0.4283173382282257
gaia-v3-00736,fit,memory_anomalies,1625218175191,600.0,True,0.011038195809707456,0.9222113192081451,0.01731544444337487,0.3355938792228699,0.012600107453763484,0.4442385137081146
gaia-v3-00808,fit,memory_anomalies,1625220713809,600.0,True,0.012442822585167808,0.5785971730947495,0.014950198959559203,0.321207731962204,0.009596154517494142,0.40037769079208374
gaia-v3-00245,fit,memory_anomalies,1625228147829,600.0,True,0.013618044666024313,0.5784848928451538,0.010970498668029904,0.1989392340183258,0.007937717693857848,0.4283173382282257
gaia-v3-00476,fit,login_failure,1625230488934,11.0,True,0.008870175153625344,0.31696218252182007,0.01462740576826036,0.3456871211528778,0.010752688740612939,0.9955379962921143
gaia-v3-01443,fit,memory_anomalies,1625269135956,600.0,True,0.0,0.0,0.008430674765259027,0.251047819852829,0.009021528098965064,0.4686172902584076
gaia-v3-01448,fit,memory_anomalies,1625274964529,600.0,True,0.0,0.0,0.010884039150550962,0.26122137904167175,0.007357638296671212,0.4514293372631073
gaia-v3-01444,fit,memory_anomalies,1625282034160,600.0,True,0.0,0.0,0.013096414180472494,0.3456871211528778,0.008330202375072987,0.27894294261932373
gaia-v3-00832,fit,memory_anomalies,1625296086372,600.0,True,0.0026329078239238396,0.30116377770900726,0.009737975709140301,0.15946924686431885,0.009115197504870593,0.41628965735435486
gaia-v3-01091,fit,login_failure,1625318118940,11.0,True,0.007596140462212967,0.48038893938064575,0.017334231967106463,0.3456871211528778,0.009352361062774435,0.9954594969749451
gaia-v3-02059,fit,memory_anomalies,1625330980288,600.0,True,0.017981466673298505,0.60141521692276,0.01075774640776217,0.2818957045674324,0.008057095324620605,0.4283173382282257
gaia-v3-01456,fit,memory_anomalies,1625333657189,600.0,True,0.01731008783985999,0.7964523583650589,0.019310520403087138,0.2818957045674324,0.007552432634402067,0.28983093798160553
gaia-v3-01518,fit,login_failure,1625336899424,11.0,True,0.011423321117310556,0.4000000059604645,0.017258871672675015,0.3456871211528778,0.011032423252472653,0.99542635679245
gaia-v3-01474,fit,file_moving,1625356800471,600.0,True,0.014093888232685004,0.39144665002822876,0.026126716379076244,0.9317711591720581,0.014422673175577074,0.8911888003349304
gaia-v3-01882,fit,login_failure,1625365490557,11.0,True,0.015201561535157756,0.502684623003006,0.0294041289947927,0.436208575963974,0.010778244589455427,0.9952064156532288
gaia-v3-01466,fit,file_moving,1625371200957,600.0,True,0.01598414471882279,0.46707600355148315,0.025556507147848607,0.944187581539154,0.014113918863004074,0.8448872864246368
gaia-v3-01454,fit,memory_anomalies,1625382066878,600.0,True,0.007335073723849442,0.45507821440696716,0.00890417187474668,0.25104784965515137,0.006113295922987163,0.5150701254606247
gaia-v3-01475,fit,memory_anomalies,1625388604944,600.0,True,0.009528459366845255,0.38246528804302216,0.009691065642982721,0.218104287981987,0.00727170571219176,0.41628965735435486
gaia-v3-01476,fit,memory_anomalies,1625395156152,600.0,True,0.007871005712998643,0.3847818300127983,0.00933458786457777,0.2883181720972061,0.006381735199829564,0.41628965735435486
gaia-v3-02584,fit,memory_anomalies,1625423661943,600.0,True,0.00778896828114739,0.5504478514194489,0.01170637896284461,0.2883181720972061,0.008969588347245008,0.49235451221466064
gaia-v3-02598,fit,memory_anomalies,1625440477513,600.0,True,0.0,0.0,0.01308236108161509,0.436208575963974,0.009000305550871416,0.525299072265625
gaia-v3-02593,fit,memory_anomalies,1625464128136,600.0,True,0.0,0.0,0.011423033569008112,0.3456871211528778,0.00939241960644722,0.5404763221740723
gaia-v3-02089,fit,file_moving,1625472000626,600.0,True,0.026126886725436786,0.566019743680954,0.02329371003434062,0.9250765740871429,0.016328573322389274,0.8295316696166992
gaia-v3-02589,fit,memory_anomalies,1625479595119,600.0,True,0.020162188390855817,0.4573023319244385,0.013169987220317125,0.3909478485584259,0.011531083777081222,0.4283173382282257
gaia-v3-02594,fit,memory_anomalies,1625482642581,600.0,True,0.021394582702248498,0.4920666739344597,0.010336250346153975,0.29165512323379517,0.009190075075021014,0.4283173382282257
gaia-v3-02601,fit,memory_anomalies,1625489197605,600.0,True,0.02435485443312094,0.6540824174880981,0.012994492473080755,0.308625727891922,0.007891668574884533,0.4283173382282257
gaia-v3-02318,fit,login_failure,1625494581109,11.0,True,0.021910545714337103,0.511989951133728,0.03100747400894761,0.436208575963974,0.014207174618495627,0.9955258369445801
gaia-v3-02329,fit,memory_anomalies,1625498206518,600.0,True,0.024856512643570264,0.5855434685945511,0.012603269424289465,0.3456871211528778,0.008198668997501955,0.41628965735435486
gaia-v3-03094,fit,memory_anomalies,1625501275576,600.0,True,0.024236897973899354,0.5785883814096451,0.01459686509333551,0.3456871211528778,0.0005928802117705345,0.24465054273605347
gaia-v3-02624,fit,memory_anomalies,1625516735183,600.0,True,0.021167840704904014,0.48571430146694183,0.01808767197653651,0.5364126116037369,0.0006118074245750904,0.1635141372680664
gaia-v3-03101,fit,memory_anomalies,1625542891293,600.0,True,0.026102193164445,0.5785509645938873,0.016463047871366144,0.45815691351890564,0.0008049173280596733,0.3048166036605835
gaia-v3-02613,fit,memory_anomalies,1625549484923,600.0,True,0.02054987837501206,0.6000000089406967,0.012905741110444069,0.28906482458114624,0.0008009925670921802,0.24132947623729706
gaia-v3-02625,fit,memory_anomalies,1625578528899,600.0,True,0.020591611668351106,0.5148241221904755,0.017616067361086608,0.436208575963974,0.0008236784394830465,0.25535811483860016
gaia-v3-02873,fit,memory_anomalies,1625580299075,600.0,True,0.019583624094351156,0.38563162088394165,0.011939698876813055,0.2883181720972061,0.0010034780390560628,0.24465054273605347
gaia-v3-02631,fit,memory_anomalies,1625584830900,600.0,True,0.02285576633942886,0.4975094199180603,0.011597143951803446,0.28906482458114624,0.0013276059087365866,0.27770042419433594
gaia-v3-03531,fit,memory_anomalies,1625588062585,600.0,True,0.023044108456815593,0.5758875906467438,0.01638694331049919,0.308625727891922,0.0012023816909641028,0.30044153332710266
gaia-v3-03162,fit,normal_memory_freed,1625600846304,600.0,True,0.026906181620870485,0.43708278238773346,0.016071596648544073,0.3456871062517166,0.0017234348971396684,0.3092203140258789
gaia-v3-03115,fit,memory_anomalies,1625608494867,600.0,True,0.025833498167533737,0.7479308173060417,0.013138101948425174,0.37361083924770355,0.0009636412747204303,0.3284102976322174
gaia-v3-03529,fit,memory_anomalies,1625612772948,600.0,True,0.02565649099027117,0.48731084167957306,0.012899450026452541,0.2818957045674324,0.0018022522144019604,0.4763305187225342
gaia-v3-03536,fit,memory_anomalies,1625614702113,600.0,True,0.022972389102020922,0.7914858013391495,0.0089795527048409,0.1348291039466858,0.0014871994405984878,0.3506243824958801
gaia-v3-03129,fit,memory_anomalies,1625620296828,600.0,True,0.016407059243374534,0.38534288108348846,0.013096729340031744,0.3355938792228699,0.0015707640163600445,0.2990590035915375
gaia-v3-03398,fit,login_failure,1625622202688,11.0,True,0.024115385563497207,0.5517935454845428,0.0696439546532929,0.6830107569694519,0.003649461381137371,0.6596167087554932
gaia-v3-03441,fit,memory_anomalies,1625638339951,600.0,True,0.018053139854358354,0.41558435559272766,0.014996022637933492,0.2366349771618843,0.0010815844032913446,0.28550875186920166
gaia-v3-03110,fit,memory_anomalies,1625640179369,600.0,True,0.018221927140257322,0.5784804821014404,0.020274024829268454,0.45815691351890564,0.0008047388400882483,0.2269515097141266
gaia-v3-03116,fit,memory_anomalies,1625641881079,600.0,True,0.02075112135607924,0.6463002562522888,0.020770930079743267,0.34905119240283966,0.0015308107994496823,0.5147789567708969
gaia-v3-03530,fit,memory_anomalies,1625644273020,600.0,True,0.01767453123514618,0.4524727761745453,0.015995940193533897,0.3456871062517166,0.0014381336700171232,0.4040027856826782
gaia-v3-03275,fit,memory_anomalies,1625651397496,600.0,True,0.01691994366404591,0.6025976687669754,0.016552273649722338,0.28906482458114624,0.0008460479695349931,0.2811272442340851
gaia-v3-03470,fit,login_failure,1625656099671,11.0,True,0.016611328682726405,0.40000002086162567,0.0260249896440655,0.4201399087905884,0.0013633317966014148,0.29887810349464417
gaia-v3-03525,fit,memory_anomalies,1625663187617,600.0,True,0.029006725324628255,0.6092346012592316,0.01503772628493607,0.218104287981987,0.0010691103618592024,0.21843606233596802
gaia-v3-03520,fit,memory_anomalies,1625670046201,600.0,True,0.023195360816256047,0.38567864894866943,0.010061857476830482,0.2883181720972061,0.0011305468063801526,0.38030460476875305
gaia-v3-03724,fit,memory_anomalies,1625673696435,600.0,True,0.022393475505911434,0.3856368064880371,0.013745457958430051,0.3456871211528778,0.047954921117052435,0.9091160893440247
gaia-v3-03548,fit,memory_anomalies,1625675492057,600.0,True,0.023230404789016272,0.5988034456968307,0.012813671072945,0.3355938792228699,0.010572024786379189,0.4383915960788727
gaia-v3-03794,fit,normal_memory_freed,1625701766053,600.0,True,0.01777508238058848,0.5352867096662521,0.015251121576875448,0.3941918760538101,0.014208716915454715,0.6098533272743225
gaia-v3-03933,fit,memory_anomalies,1625702721113,600.0,True,0.027572369038049754,0.5107150077819824,0.012939962279051542,0.3909478485584259,0.014631196546833963,0.501389890909195
gaia-v3-03938,fit,memory_anomalies,1625704442149,600.0,True,0.026877052586254044,0.8623681664466858,0.014086720207706094,0.3456871211528778,0.014052456789650024,0.49697571992874146
gaia-v3-03805,fit,memory_anomalies,1625705643083,600.0,True,0.017615848682089562,0.4044774919748306,0.014003125810995698,0.5781296491622925,0.012060244507156313,0.5190326869487762
gaia-v3-03929,fit,memory_anomalies,1625707904760,600.0,True,0.017225557633598024,0.41592034697532654,0.012081928690895439,0.3456871211528778,0.011243678375612944,0.5068477392196655
gaia-v3-03638,fit,memory_anomalies,1625709109871,600.0,True,0.017819594128195605,0.5702061504125595,0.0144763030577451,0.45815691351890564,0.016603426843648777,0.4978920966386795
gaia-v3-03546,fit,memory_anomalies,1625718109632,600.0,True,0.02083026445276725,0.4312465786933899,0.020689530484378337,0.28906482458114624,0.014089487080927937,0.686820924282074
gaia-v3-03939,fit,memory_anomalies,1625723268049,600.0,True,0.01753353154733001,0.3779163360595703,0.011640820978209376,0.2366349771618843,0.010513710116501897,0.4129873216152191
gaia-v3-03561,fit,file_moving,1625745600193,600.0,True,0.017599261419187922,0.4469335488975048,0.027518088463693857,0.7858965694904327,0.021190451527945697,0.9342451691627502
gaia-v3-03547,fit,memory_anomalies,1625747697664,600.0,True,0.014810521351561572,0.5053646340966225,0.011060626385733486,0.2818957045674324,0.011804857244715094,0.4999822974205017
gaia-v3-03554,fit,memory_anomalies,1625751138457,600.0,True,0.021461867763233992,0.5803129076957703,0.015482171112671495,0.5181432813405991,0.011237580419983715,0.525299072265625
gaia-v3-03951,fit,file_moving,1625763600573,600.0,True,0.017988898522647408,0.3351714611053467,0.026852214708924294,0.8186720609664917,0.018790058258455245,0.9004261493682861
gaia-v3-04343,fit,memory_anomalies,1625765121117,600.0,True,0.021234996333078016,0.4860466718673706,0.011187293706461788,0.28906482458114624,0.011305421858560294,0.4283173382282257
gaia-v3-03956,fit,normal_memory_freed,1625779008226,600.0,True,0.020609908652841114,0.4560415465384722,0.016144428728148343,0.3456871211528778,0.012140805653762072,0.6946456730365753
gaia-v3-04337,fit,memory_anomalies,1625786804263,600.0,True,0.01846684642605396,0.3553149700164795,0.012069552903994918,0.2366349771618843,0.010416361270472407,0.5008617341518402
gaia-v3-03967,fit,memory_anomalies,1625789918409,600.0,True,0.016893198470158192,0.4096500277519226,0.012124776653945447,0.3821229338645935,0.010747302181553096,0.4878194332122803
gaia-v3-04043,fit,login_failure,1625794018111,11.0,True,0.021996771612854595,0.49260408617556095,0.018970856629312038,0.2883181720972061,0.019289192820433527,0.9976871609687805
gaia-v3-04044,fit,login_failure,1625794896601,11.0,True,0.01494980671874752,0.4421505108475685,0.025273654656484724,0.45815691351890564,0.02134946152102202,0.9993653893470764
gaia-v3-04253,fit,memory_anomalies,1625798091819,600.0,True,0.02727094551276726,0.5593667230568826,0.010366486664861441,0.22907842695713043,0.013094953130930662,0.490707203745842
gaia-v3-04057,fit,login_failure,1625800057995,11.0,True,0.02054798601505657,0.29373516142368317,0.023218202451243997,0.2836604118347168,0.01880454915110022,0.9992227554321289
gaia-v3-04066,fit,memory_anomalies,1625802521614,600.0,True,0.023159539242624306,0.6301801651716232,0.011891362257301807,0.2836604118347168,0.011946889008395373,0.50167515873909
gaia-v3-04259,fit,memory_anomalies,1625803313631,600.0,True,0.026866197906201705,0.45702291280031204,0.014181607170030475,0.2818957045674324,0.013820426918100566,0.5588747262954712
gaia-v3-04081,fit,login_failure,1625811033085,11.0,True,0.0193904388746887,0.40000002086162567,0.02144066318869591,0.3355938792228699,0.01878502257168293,0.9972912669181824
gaia-v3-04303,fit,login_failure,1625824369040,11.0,True,0.016616661653339786,0.3428083136677742,0.017804392520338296,0.37361086905002594,0.016777817399706692,0.9976012706756592
gaia-v3-04104,fit,login_failure,1625824538100,11.0,True,0.014345628506998765,0.3604565840214491,0.02328108181245625,0.3456871211528778,0.025104813801590353,1.0
gaia-v3-03957,fit,memory_anomalies,1625827440100,600.0,True,0.01664398468565196,0.48550234735012054,0.014565733633935452,0.3456871211528778,0.012759625753387809,0.44375769793987274
gaia-v3-03962,fit,memory_anomalies,1625831516403,600.0,True,0.02121045805858254,0.5414700657129288,0.015533343981951475,0.3355938792228699,0.014563953540055082,0.5830471962690353
gaia-v3-03945,fit,memory_anomalies,1625834441203,600.0,True,0.020888070727839173,0.6501688957214355,0.014050454646348954,0.37361086905002594,0.011363520985469222,0.41628965735435486
gaia-v3-03947,fit,memory_anomalies,1625841223813,600.0,True,0.02322604699365911,0.6025311499834061,0.009699905849993229,0.28906482458114624,0.009797433111816644,0.5043597370386124
gaia-v3-04805,fit,memory_anomalies,1625850788757,600.0,True,0.020989127757396395,0.4677201509475708,0.013388159964233638,0.3456871062517166,0.011357561822514982,0.5476144552230835
gaia-v3-04363,fit,memory_anomalies,1625851855327,600.0,True,0.019457181631878484,0.4000000059604645,0.018716910481452943,0.218104287981987,0.013307687485357746,0.7547377347946167
gaia-v3-04372,fit,normal_memory_freed,1625857276899,600.0,True,0.021623859254517205,0.4000000059604645,0.012605563504621387,0.2933643013238907,0.013079253846080973,0.5186227411031723
gaia-v3-04367,fit,file_moving,1625860800968,600.0,True,0.020665333371531838,0.5172366499900818,0.024991473043337466,0.8558141589164734,0.019043156808475032,0.8295316696166992
gaia-v3-04362,fit,memory_anomalies,1625867301964,600.0,True,0.017201985841529675,0.49939288944005966,0.01141003188677132,0.3456871211528778,0.009868632811121643,0.5077755153179169
gaia-v3-04435,fit,memory_anomalies,1625868798784,600.0,True,0.020492588720905282,0.5767011642456055,0.016566292196512223,0.4362085610628128,0.015025877368170768,0.6981203258037567
gaia-v3-04651,fit,memory_anomalies,1625871891171,600.0,True,0.019310664108585722,0.4000000059604645,0.011285842442885042,0.251047819852829,0.011823072354309261,0.6285965740680695
gaia-v3-04351,fit,memory_anomalies,1625879633260,600.0,True,0.019709087502027007,0.5833476334810257,0.014261555066332221,0.5646723359823227,0.011589092230424284,0.3689127564430237
gaia-v3-04809,fit,memory_anomalies,1625894894633,600.0,True,0.024255848101650674,0.4331810772418976,0.010537062538787723,0.218104287981987,0.012843577491585165,0.42996662855148315
gaia-v3-04369,fit,file_moving,1625904000738,600.0,True,0.021666171765537,0.5041874498128891,0.029283582977950574,0.8649014234542847,0.020834645543945953,0.8183076679706573
gaia-v3-04804,fit,memory_anomalies,1625920965984,600.0,True,0.01891588683683949,0.5102735608816147,0.012974603986367583,0.3271564319729805,0.011720079737715423,0.4978456497192383
gaia-v3-04798,fit,memory_anomalies,1625924978345,600.0,True,0.016335098781079676,0.48013702034950256,0.013252415182068943,0.5032440200448036,0.012512101021129637,0.5842063724994659
gaia-v3-04370,fit,memory_anomalies,1625927877623,600.0,True,0.021745987936810707,0.40074047446250916,0.009860734408721327,0.218104287981987,0.009701339309103788,0.412299707531929
gaia-v3-04825,fit,memory_anomalies,1625952338761,600.0,True,0.02071338496922787,0.7780975997447968,0.016791262617334723,0.4362085610628128,0.011150120965903626,0.7373504638671875
gaia-v3-04913,fit,login_failure,1625959160487,11.0,True,0.024512860505880477,0.6526141688227654,0.018549633910879493,0.3355938792228699,0.012229415769688785,0.9974445700645447
gaia-v3-04826,fit,memory_anomalies,1625959316045,600.0,True,0.019245251400085785,0.69724440574646,0.010710624372586608,0.3456871211528778,0.007998263431945816,0.46061258018016815
gaia-v3-04831,fit,memory_anomalies,1625962405639,600.0,True,0.021366781658677305,0.5089301019906998,0.01400242573581636,0.5781296491622925,0.009310431788908318,0.41628968715667725
gaia-v3-04818,fit,memory_anomalies,1625973841760,600.0,True,0.022622414078796282,0.4000000059604645,0.02398110004141927,0.6095974966883659,0.017056778034893794,0.9086180925369263
gaia-v3-04819,fit,memory_anomalies,1625978045784,600.0,True,0.018779994489159436,0.5000000074505806,0.01076625557616353,0.2818957045674324,0.008672761926427484,0.34887290745973587
gaia-v3-04965,fit,memory_anomalies,1625980483251,600.0,True,0.022011661973859495,0.6159239895641804,0.011266933009028434,0.3355938792228699,0.009192914916202426,0.47079436480998993
gaia-v3-05351,fit,memory_anomalies,1625984528141,600.0,True,0.026959298784428636,0.6151537597179413,0.015491359028965234,0.3456871211528778,0.009427952615078538,0.5404763221740723
gaia-v3-05270,fit,memory_anomalies,1625997999431,600.0,True,0.019838156349093576,0.48643448390066624,0.012477362900972367,0.436208575963974,0.008963515115901828,0.4283173084259033
gaia-v3-05378,fit,login_failure,1626020419878,11.0,True,0.03476958096531841,0.740791916847229,0.029219962190836668,0.4553404748439789,0.006012035589665174,0.9966305494308472
gaia-v3-05871,fit,memory_anomalies,1626020985785,600.0,True,0.029330391251520874,0.6568162329494953,0.014439653884619475,0.436208575963974,0.004994615856558085,0.3925400525331497
gaia-v3-05370,fit,normal_memory_freed,1626027847655,600.0,True,0.02712004819768481,0.8917594403028488,0.017260853806510566,0.3456871211528778,0.0043498669937253,0.4418046697974205
gaia-v3-05360,fit,memory_anomalies,1626036854141,600.0,True,0.027896850988812123,0.5820170342922211,0.012384476512670517,0.3456871211528778,0.005024787457659841,0.42155130207538605
gaia-v3-05865,fit,memory_anomalies,1626040414976,600.0,True,0.024404476525766463,0.5000000149011612,0.012640791758894921,0.45815688371658325,0.005750918481498957,0.43631209433078766
gaia-v3-05633,fit,memory_anomalies,1626044887141,600.0,True,0.028643537217916067,0.6748210955411196,0.016241813357919455,0.3909478485584259,0.004105459954589605,0.29660212248563766
gaia-v3-05866,fit,memory_anomalies,1626050097328,600.0,True,0.0269086890698721,0.46050842851400375,0.02183893504552543,0.47131551802158356,0.004373669875785708,0.2550821080803871
gaia-v3-05480,fit,login_failure,1626055368967,11.0,True,0.0173402419614528,0.5177399665117264,0.019088897155597806,0.3456871211528778,0.006764533342793584,0.9960891604423523
gaia-v3-05867,fit,memory_anomalies,1626056674428,600.0,True,0.018825283685631196,0.4000000059604645,0.017548368126153947,0.5181432813405991,0.002884597759693861,0.19751983880996704
gaia-v3-05756,fit,login_failure,1626059136966,11.0,True,0.01858864679428128,0.6012036129832268,0.014747889107093215,0.3456871211528778,0.006561228334903717,0.9956700205802917
gaia-v3-05368,fit,memory_anomalies,1626067942768,600.0,True,0.027271760196405617,0.5979434847831726,0.0144885185174644,0.3909478485584259,0.004685080712661147,0.4933179095387459
gaia-v3-05876,fit,memory_anomalies,1626068644105,600.0,True,0.027275588636985048,0.4682023525238037,0.01387171638198197,0.4094785377383232,0.004012071490287781,0.43144792318344116
gaia-v3-05868,fit,memory_anomalies,1626073158392,600.0,True,0.021309558131421606,0.4824081361293793,0.014810539362952114,0.436208575963974,0.0040718256495893,0.30977270752191544
gaia-v3-05369,fit,memory_anomalies,1626075115896,600.0,True,0.018592933130760988,0.34721639752388,0.013687105430290104,0.3456871211528778,0.0033303837105631826,0.2436084896326065
gaia-v3-05528,fit,login_failure,1626076069756,11.0,True,0.02126665738542215,0.41519834846258163,0.02304744841530919,0.3456871211528778,0.007048656232655048,0.9960229396820068
gaia-v3-05877,fit,memory_anomalies,1626080358369,600.0,True,0.020527640348639884,0.3547006696462631,0.012974205147475004,0.45815688371658325,0.00389172812923789,0.21849364042282104
gaia-v3-05355,fit,memory_anomalies,1626083970703,600.0,True,0.029628656705608592,0.7605118229985237,0.013430272648110985,0.2933643013238907,0.005031936364248395,0.48303280025720596
gaia-v3-05562,fit,login_failure,1626089088926,11.0,True,0.02023842903848466,0.360995352268219,0.02392771248705685,0.3909478485584259,0.005203043045476079,0.9961674213409424
gaia-v3-06438,fit,memory_anomalies,1626109636364,600.0,True,0.023419293322755646,0.5106677263975143,0.009441049490123987,0.2633650004863739,0.0038283828739076853,0.30946582555770874
gaia-v3-06200,fit,login_failure,1626112769218,11.0,True,0.019826320121986405,0.8343953043222427,0.014583345968276262,0.6246587038040161,0.007831183532252907,0.9955376386642456
gaia-v3-05900,fit,file_moving,1626120000617,600.0,True,0.021674776543901923,0.39938984811306,0.023848687019199132,0.8892834782600403,0.006126171927899122,0.8127115368843079
gaia-v3-06243,fit,memory_anomalies,1626129709711,600.0,True,0.02748561030360482,0.6199458241462708,0.009853387018665671,0.2933643013238907,0.0037918313313275577,0.2769358307123184
gaia-v3-05881,fit,file_moving,1626134400862,600.0,True,0.02966256769601993,0.5677575618028641,0.02864047959446907,0.9042486548423767,0.007063668994233012,0.8127115368843079
gaia-v3-06435,fit,memory_anomalies,1626143458611,600.0,True,0.024378226241969968,0.3856918215751648,0.018767756642773747,0.5637914091348648,0.00315309789031744,0.19888612627983093
gaia-v3-06436,fit,memory_anomalies,1626148051615,600.0,True,0.028083020929868023,0.8014582814648747,0.025353622809052467,0.9378626942634583,0.0035649655293673276,0.3882692977786064
gaia-v3-06437,fit,memory_anomalies,1626156409691,600.0,True,0.025353454565356516,0.5745763257145882,0.0127995353192091,0.3821229338645935,0.004322963422164321,0.3402305841445923
gaia-v3-05901,fit,memory_anomalies,1626168653071,600.0,True,0.02001125161089779,0.4453766345977783,0.009852149989455938,0.2933643013238907,0.0044172271993011235,0.5886638015508652
gaia-v3-05883,fit,memory_anomalies,1626175246496,600.0,True,0.022562355818930277,0.5537388026714325,0.007697443617507816,0.2818957045674324,0.003867220785468817,0.6342948004603386
gaia-v3-06443,fit,memory_anomalies,1626178942088,600.0,True,0.021470777522396626,0.45164506137371063,0.011779457703232766,0.3456871211528778,0.004257583804428577,0.3882138133049011
gaia-v3-06163,fit,login_failure,1626186019765,11.0,True,0.02871603243499218,0.42463767528533936,0.026051411498337985,0.5351069271564484,0.005897678891196847,0.9958031177520752
gaia-v3-06455,fit,access_permission_denied,1626192060353,3600.0,True,0.02778747097199812,0.7845003008842468,0.06450066920369864,0.9915658235549927,0.003723592571914196,0.32163673639297485
gaia-v3-06782,fit,memory_anomalies,1626213318043,600.0,True,0.020973339464641565,0.5944768786430359,0.012370582576841116,0.3456871211528778,0.003989220922812819,0.4870258718729019
gaia-v3-06951,fit,memory_anomalies,1626218317633,600.0,True,0.02304972026092097,0.8561774790287018,0.010013917507603765,0.28906482458114624,0.00396896468475461,0.21458905935287476
gaia-v3-06466,fit,memory_anomalies,1626229502927,600.0,True,0.024317870498634875,0.5500612407922745,0.013891711039468646,0.28906482458114624,0.004273502416908741,0.5308732986450195
gaia-v3-06839,fit,login_failure,1626235862308,11.0,True,0.041185917454519466,0.747620701789856,0.1447312264703214,1.0,0.023465885976329447,0.9960008859634399
gaia-v3-06460,fit,memory_anomalies,1626236858843,600.0,True,0.024380474405916175,0.6491102427244186,0.009944094810634851,0.3456871062517166,0.004627009928226471,0.5428146943449974
gaia-v3-06452,fit,memory_anomalies,1626237907880,600.0,True,0.023054567526863443,0.5200036019086838,0.010880616307258607,0.2933643013238907,0.004127645893022418,0.44861410558223724
gaia-v3-06618,fit,login_failure,1626243530230,11.0,True,0.022049858895609495,0.7431004978716373,0.03171019870787859,0.3456871211528778,0.006328078713268042,0.9966517090797424
gaia-v3-06879,fit,memory_anomalies,1626253280923,600.0,True,0.019001188448358637,0.4385063350200653,0.014077966567128897,0.28906482458114624,0.004136423794552684,0.26543664932250977
gaia-v3-06453,fit,memory_anomalies,1626255167164,600.0,True,0.017250072651465113,0.49622011184692383,0.02187374313361943,0.6711877584457397,0.003587816851213574,0.3877619206905365
gaia-v3-06461,fit,memory_anomalies,1626276659131,600.0,True,0.024872499192133544,0.6070420444011688,0.01740595824085176,0.436208575963974,0.0033518739603459833,0.28622275590896606
gaia-v3-06962,fit,memory_anomalies,1626285396108,600.0,True,0.025980007954785833,0.7069104202091694,0.0091202593408525,0.218104287981987,0.003166437381878495,0.3110056221485138
gaia-v3-06981,fit,memory_anomalies,1626288139661,600.0,True,0.027902662775401647,0.5373337790369987,0.0174054981674999,0.7092047333717346,0.005042661679908633,0.8571581915020943
gaia-v3-07487,fit,memory_anomalies,1626290330609,600.0,True,0.02372185752938094,0.5594150871038437,0.011401291657239198,0.2883181720972061,0.002474752953276038,0.2010851502418518
gaia-v3-07502,fit,memory_anomalies,1626295732757,600.0,True,0.019586548733059317,0.4901149272918701,0.010839089984074235,0.218104287981987,0.004303394416347146,0.3471386432647705
gaia-v3-06986,fit,memory_anomalies,1626305316337,600.0,True,0.024188073274369042,0.7414211928844452,0.018332169158384204,0.3456871211528778,0.0034029365703463553,0.39769963920116425
gaia-v3-07496,fit,memory_anomalies,1626307433604,600.0,True,0.02425055418595245,0.7023331820964813,0.012215593550354242,0.3821229338645935,0.00396373457275331,0.2093348503112793
gaia-v3-06972,fit,memory_anomalies,1626314194587,600.0,True,0.01729218662949279,0.6320164501667023,0.011432385630905628,0.45815688371658325,0.003642368633300066,0.3461897075176239
gaia-v3-07503,fit,memory_anomalies,1626337326889,600.0,True,0.02536269168194849,0.5538090914487839,0.01794440345838666,0.251047819852829,0.004547151606529951,0.5001734495162964
gaia-v3-06987,fit,memory_anomalies,1626338297085,600.0,True,0.02036196392631003,0.5387515127658844,0.016591881541535257,0.47131551802158356,0.0033460784424096347,0.19888612627983093
gaia-v3-06980,fit,memory_anomalies,1626342577131,600.0,True,0.02364764652811573,0.47373831272125244,0.012230647960677743,0.6246587038040161,0.003933613477274775,0.28622275590896606
gaia-v3-06974,fit,memory_anomalies,1626363712147,600.0,True,0.023095090598993315,0.5685189962387085,0.014944262662902474,0.3821229338645935,0.0035262779053300618,0.2658606767654419
gaia-v3-08064,fit,normal_memory_freed,1626372208070,600.0,True,0.021204304729083863,0.4330190271139145,0.012511449865996838,0.3456871062517166,0.009220079373335466,0.6985554695129395
gaia-v3-07555,fit,login_failure,1626375555471,11.0,True,0.007159085531990665,0.21174310334026814,0.020221975306048988,0.3456871211528778,0.01731600985862315,0.9999437034130096
gaia-v3-07556,fit,login_failure,1626375828832,11.0,True,0.06430727427650709,0.9811805784702301,0.08165957913734019,0.949367880821228,0.04375990509521216,1.0
gaia-v3-08073,fit,memory_anomalies,1626383370801,600.0,True,0.024817997506761457,0.5388583093881607,0.008047152450308204,0.3271564319729805,0.007914916954468935,0.5404763221740723
gaia-v3-07524,fit,memory_anomalies,1626385941969,600.0,True,0.023277299385517834,0.6037485897541046,0.009461698262020946,0.3456871211528778,0.00916702619055286,0.32103605568408966
gaia-v3-07507,fit,memory_anomalies,1626387617660,600.0,True,0.02113817564677447,0.5039966404438019,0.011616401141509414,0.2818957045674324,0.009552001168485732,0.4585898816585541
gaia-v3-07508,fit,memory_anomalies,1626397851876,600.0,True,0.020884189296824236,0.5204415991902351,0.011884202249348164,0.22767025232315063,0.00816390830790624,0.4283173382282257
gaia-v3-07974,fit,login_failure,1626424938950,11.0,True,0.023252926453521165,0.5398816168308258,0.027892820304259658,0.3608487844467163,0.014317196547053754,0.9966773986816406
gaia-v3-07712,fit,memory_anomalies,1626429352027,600.0,True,0.02153011667348134,0.5948192030191422,0.012393151735886931,0.34905119240283966,0.009545460026711226,0.7042643874883652
gaia-v3-07528,fit,memory_anomalies,1626430192753,600.0,True,0.017019322631919447,0.4503834545612335,0.011666132416576148,0.218104287981987,0.01084973664721474,0.41628965735435486
