case_id,track,prediction_id,t_hat,gt_start_ms,detection_delay_seconds,root_service,fault_type,ada_rca_top1,ada_rca_labelled_rank
gaia-v3-10780,classification,test-pred-000000,1626963480000,1626963467588,12.412,mobservice2,login_failure,redisservice1,2
gaia-v3-10781,classification,test-pred-000001,1626963690000,1626963655995,34.005,mobservice2,login_failure,mobservice1,2
gaia-v3-10782,classification,test-pred-000003,1626964320000,1626964301183,18.817,mobservice2,login_failure,mobservice2,1
gaia-v3-10783,classification,test-pred-000004,1626964770000,1626964747131,22.869,mobservice2,login_failure,mobservice1,2
gaia-v3-11092,classification,test-pred-000006,1626965010000,1626964995328,14.672,mobservice1,login_failure,mobservice1,1
gaia-v3-11094,classification,test-pred-000007,1626965130000,1626965115678,14.322,mobservice1,login_failure,mobservice1,1
gaia-v3-10785,classification,test-pred-000008,1626965190000,1626965160011,29.989,mobservice2,login_failure,mobservice2,1
gaia-v3-10786,classification,test-pred-000009,1626965280000,1626965245689,34.311,mobservice2,login_failure,mobservice2,1
gaia-v3-10787,classification,test-pred-000010,1626965430000,1626965407037,22.963,mobservice2,login_failure,mobservice2,1
gaia-v3-10788,classification,test-pred-000011,1626965970000,1626965932662,37.338,mobservice2,login_failure,mobservice2,1
gaia-v3-11097,classification,test-pred-000012,1626966270000,1626966234568,35.432,mobservice1,login_failure,mobservice1,1
gaia-v3-10789,classification,test-pred-000017,1626967170000,1626967135866,34.134,mobservice2,login_failure,mobservice1,2
gaia-v3-10790,classification,test-pred-000020,1626967590000,1626967574044,15.956,mobservice2,login_failure,mobservice2,1
gaia-v3-10791,classification,test-pred-000021,1626967710000,1626967683267,26.733,mobservice2,login_failure,mobservice1,2
gaia-v3-10792,classification,test-pred-000023,1626967890000,1626967853701,36.299,mobservice2,login_failure,mobservice1,2
gaia-v3-10793,classification,test-pred-000024,1626968310000,1626968270629,39.371,mobservice2,login_failure,mobservice1,2
gaia-v3-10795,classification,test-pred-000026,1626969090000,1626969071823,18.177,mobservice2,login_failure,mobservice1,2
gaia-v3-10796,classification,test-pred-000028,1626969450000,1626969435150,14.85,mobservice2,login_failure,mobservice2,1
gaia-v3-10797,classification,test-pred-000029,1626969540000,1626969505255,34.745,mobservice2,login_failure,mobservice1,4
gaia-v3-11449,classification,test-pred-000031,1626969780000,1626969749235,30.765,mobservice1,login_failure,mobservice2,2
gaia-v3-11152,classification,test-pred-000032,1626969900000,1626969870644,29.356,mobservice2,login_failure,mobservice2,1
gaia-v3-11153,classification,test-pred-000033,1626970080000,1626970064326,15.674,mobservice2,login_failure,mobservice2,1
gaia-v3-11452,classification,test-pred-000036,1626970560000,1626970544305,15.695,mobservice1,login_failure,mobservice2,2
gaia-v3-11157,classification,test-pred-000037,1626970710000,1626970671820,38.18,mobservice2,login_failure,mobservice1,5
gaia-v3-11158,classification,test-pred-000040,1626971010000,1626970992177,17.823,mobservice2,login_failure,mobservice1,2
gaia-v3-11159,classification,test-pred-000042,1626971310000,1626971282364,27.636,mobservice2,login_failure,mobservice2,1
gaia-v3-11459,classification,test-pred-000044,1626971700000,1626971660625,39.375,mobservice1,login_failure,mobservice2,2
gaia-v3-11161,classification,test-pred-000045,1626971790000,1626971778746,11.254,mobservice2,login_failure,mobservice2,1
gaia-v3-11162,classification,test-pred-000047,1626972690000,1626972676140,13.86,mobservice2,login_failure,mobservice2,1
gaia-v3-11167,classification,test-pred-000052,1626974400000,1626974373589,26.411,mobservice2,login_failure,mobservice1,2
gaia-v3-11169,classification,test-pred-000055,1626974970000,1626974951969,18.031,mobservice2,login_failure,mobservice2,1
gaia-v3-11170,classification,test-pred-000056,1626975060000,1626975046758,13.242,mobservice2,login_failure,mobservice2,1
gaia-v3-11477,classification,test-pred-000058,1626975450000,1626975436226,13.774,mobservice1,login_failure,mobservice2,3
gaia-v3-11172,classification,test-pred-000061,1626976590000,1626976563629,26.371,mobservice2,login_failure,mobservice1,2
gaia-v3-11481,classification,test-pred-000062,1626976800000,1626976786321,13.679,mobservice1,login_failure,mobservice2,2
gaia-v3-11173,classification,test-pred-000065,1626977220000,1626977190130,29.87,mobservice2,login_failure,mobservice1,2
gaia-v3-11174,classification,test-pred-000066,1626977280000,1626977239939,40.061,mobservice2,login_failure,mobservice1,2
gaia-v3-11175,classification,test-pred-000067,1626977520000,1626977485462,34.538,mobservice2,login_failure,mobservice1,2
gaia-v3-11176,classification,test-pred-000068,1626978090000,1626978078085,11.915,mobservice2,login_failure,mobservice1,3
gaia-v3-11177,classification,test-pred-000069,1626978360000,1626978355718,4.282,mobservice2,login_failure,mobservice2,1
gaia-v3-11178,classification,test-pred-000070,1626978510000,1626978474213,35.787,mobservice2,login_failure,mobservice2,1
gaia-v3-11488,classification,test-pred-000074,1626979350000,1626979345279,4.721,mobservice1,login_failure,mobservice1,1
gaia-v3-11180,classification,test-pred-000076,1626979560000,1626979529035,30.965,mobservice2,login_failure,mobservice1,2
gaia-v3-11182,classification,test-pred-000077,1626979920000,1626979918783,1.217,mobservice2,login_failure,mobservice2,1
gaia-v3-11183,classification,test-pred-000078,1626980340000,1626980300317,39.683,mobservice2,login_failure,mobservice1,2
gaia-v3-11490,classification,test-pred-000079,1626980400000,1626980372186,27.814,mobservice1,login_failure,mobservice2,2
gaia-v3-11184,classification,test-pred-000080,1626980490000,1626980460727,29.273,mobservice2,login_failure,mobservice1,2
gaia-v3-11185,classification,test-pred-000084,1626980970000,1626980935734,34.266,mobservice2,login_failure,mobservice2,1
gaia-v3-11186,classification,test-pred-000085,1626981120000,1626981087394,32.606,mobservice2,login_failure,mobservice1,3
gaia-v3-11187,classification,test-pred-000087,1626981390000,1626981367958,22.042,mobservice2,login_failure,mobservice2,1
gaia-v3-11188,classification,test-pred-000089,1626981930000,1626981911868,18.132,mobservice2,login_failure,mobservice1,2
gaia-v3-11189,classification,test-pred-000090,1626982020000,1626981988636,31.364,mobservice2,login_failure,mobservice1,2
gaia-v3-11498,classification,test-pred-000091,1626982500000,1626982497725,2.275,mobservice1,login_failure,mobservice1,1
gaia-v3-11195,classification,test-pred-000094,1626983610000,1626983581923,28.077,mobservice2,login_failure,mobservice2,1
gaia-v3-11196,classification,test-pred-000096,1626983970000,1626983934015,35.985,mobservice2,login_failure,mobservice1,2
gaia-v3-11508,classification,test-pred-000099,1626984390000,1626984382583,7.417,mobservice1,login_failure,mobservice1,1
gaia-v3-11198,classification,test-pred-000100,1626984780000,1626984750363,29.637,mobservice2,login_failure,mobservice1,2
gaia-v3-11510,classification,test-pred-000102,1626985230000,1626985229789,0.211,mobservice1,login_failure,mobservice1,1
gaia-v3-11201,classification,test-pred-000103,1626985590000,1626985576454,13.546,mobservice2,login_failure,mobservice1,2
gaia-v3-11202,classification,test-pred-000106,1626985830000,1626985792277,37.723,mobservice2,login_failure,mobservice1,2
gaia-v3-11203,classification,test-pred-000108,1626986010000,1626985997185,12.815,mobservice2,login_failure,mobservice2,1
gaia-v3-11514,classification,test-pred-000109,1626986100000,1626986089071,10.929,mobservice1,login_failure,mobservice1,1
gaia-v3-11515,classification,test-pred-000110,1626986310000,1626986269661,40.339,mobservice1,login_failure,mobservice1,1
gaia-v3-11205,classification,test-pred-000111,1626986490000,1626986470623,19.377,mobservice2,login_failure,mobservice2,1
gaia-v3-11206,classification,test-pred-000112,1626986610000,1626986594798,15.202,mobservice2,login_failure,mobservice2,1
gaia-v3-11753,classification,test-pred-000113,1626986820000,1626986816669,3.331,redisservice2,memory_anomalies,mobservice2,3
gaia-v3-11209,classification,test-pred-000114,1626988140000,1626988111791,28.209,mobservice2,login_failure,mobservice1,2
gaia-v3-11521,classification,test-pred-000117,1626988560000,1626988541133,18.867,mobservice1,login_failure,mobservice1,1
gaia-v3-11212,classification,test-pred-000118,1626988620000,1626988600113,19.887,mobservice2,login_failure,mobservice1,2
gaia-v3-11523,classification,test-pred-000119,1626988740000,1626988701427,38.573,mobservice1,login_failure,mobservice2,2
gaia-v3-11524,classification,test-pred-000120,1626988950000,1626988922544,27.456,mobservice1,login_failure,mobservice1,1
gaia-v3-11213,classification,test-pred-000123,1626989550000,1626989510582,39.418,mobservice2,login_failure,mobservice2,1
gaia-v3-11214,classification,test-pred-000124,1626989670000,1626989638309,31.691,mobservice2,login_failure,mobservice1,2
gaia-v3-11215,classification,test-pred-000125,1626989820000,1626989790743,29.257,mobservice2,login_failure,mobservice1,2
gaia-v3-11217,classification,test-pred-000126,1626989940000,1626989924051,15.949,mobservice2,login_failure,mobservice1,2
gaia-v3-11218,classification,test-pred-000127,1626990240000,1626990205626,34.374,mobservice2,login_failure,mobservice2,1
gaia-v3-11528,classification,test-pred-000128,1626990510000,1626990483970,26.03,mobservice1,login_failure,mobservice2,2
gaia-v3-11219,classification,test-pred-000130,1626990960000,1626990937736,22.264,mobservice2,login_failure,mobservice2,1
gaia-v3-11221,classification,test-pred-000131,1626991170000,1626991164548,5.452,mobservice2,login_failure,mobservice2,1
gaia-v3-11222,classification,test-pred-000132,1626991500000,1626991479722,20.278,mobservice2,login_failure,mobservice2,1
gaia-v3-11531,classification,test-pred-000133,1626991560000,1626991556322,3.678,mobservice1,login_failure,mobservice1,1
gaia-v3-11224,classification,test-pred-000136,1626992100000,1626992087727,12.273,mobservice2,login_failure,mobservice1,2
gaia-v3-11535,classification,test-pred-000137,1626992460000,1626992436206,23.794,mobservice1,login_failure,mobservice2,2
gaia-v3-11536,classification,test-pred-000138,1626992550000,1626992543365,6.635,mobservice1,login_failure,mobservice1,1
gaia-v3-11227,classification,test-pred-000139,1626992850000,1626992818564,31.436,mobservice2,login_failure,mobservice1,2
gaia-v3-11228,classification,test-pred-000141,1626993090000,1626993073957,16.043,mobservice2,login_failure,mobservice1,2
gaia-v3-11229,classification,test-pred-000144,1626993960000,1626993952421,7.579,mobservice2,login_failure,mobservice2,1
gaia-v3-11230,classification,test-pred-000145,1626994200000,1626994180532,19.468,mobservice2,login_failure,mobservice2,1
gaia-v3-11231,classification,test-pred-000146,1626994290000,1626994271564,18.436,mobservice2,login_failure,mobservice2,1
gaia-v3-11545,classification,test-pred-000149,1626994710000,1626994674017,35.983,mobservice1,login_failure,mobservice2,3
gaia-v3-11760,classification,test-pred-000150,1626994800000,1626994756512,43.488,logservice1,memory_anomalies,mobservice1,4
gaia-v3-11551,classification,test-pred-000152,1626995850000,1626995818035,31.965,mobservice1,login_failure,mobservice2,2
gaia-v3-11235,classification,test-pred-000153,1626995910000,1626995891102,18.898,mobservice2,login_failure,mobservice2,1
gaia-v3-11236,classification,test-pred-000154,1626996270000,1626996247442,22.558,mobservice2,login_failure,mobservice1,2
gaia-v3-11237,classification,test-pred-000155,1626996540000,1626996502662,37.338,mobservice2,login_failure,mobservice2,1
gaia-v3-11238,classification,test-pred-000159,1626997410000,1626997387173,22.827,mobservice2,login_failure,mobservice1,3
gaia-v3-11239,classification,test-pred-000160,1626997620000,1626997589172,30.828,mobservice2,login_failure,mobservice2,1
gaia-v3-11132,classification,test-pred-000162,1626998430000,1626998400237,29.763,dbservice1,access_permission_denied,mobservice1,2
gaia-v3-11258,classification,test-pred-000163,1627002120000,1627002094377,25.623,mobservice2,login_failure,dbservice1,3
gaia-v3-11565,classification,test-pred-000166,1627002390000,1627002357850,32.15,mobservice1,login_failure,mobservice2,2
gaia-v3-11259,classification,test-pred-000172,1627003260000,1627003224251,35.749,mobservice2,login_failure,mobservice1,2
gaia-v3-11260,classification,test-pred-000173,1627003350000,1627003325083,24.917,mobservice2,login_failure,mobservice2,1
gaia-v3-11137,classification,test-pred-000174,1627003470000,1627003435708,34.292,webservice2,memory_anomalies,mobservice2,3
gaia-v3-11576,classification,test-pred-000175,1627004100000,1627004075282,24.718,mobservice1,login_failure,mobservice1,1
gaia-v3-11266,classification,test-pred-000176,1627004400000,1627004391081,8.919,mobservice2,login_failure,mobservice2,1
gaia-v3-11267,classification,test-pred-000177,1627004520000,1627004505873,14.127,mobservice2,login_failure,mobservice1,2
gaia-v3-11268,classification,test-pred-000183,1627005480000,1627005452651,27.349,mobservice2,login_failure,mobservice1,2
gaia-v3-11269,classification,test-pred-000184,1627005840000,1627005829013,10.987,mobservice2,login_failure,mobservice2,1
gaia-v3-11270,classification,test-pred-000186,1627006440000,1627006406958,33.042,mobservice2,login_failure,mobservice2,1
gaia-v3-11272,classification,test-pred-000189,1627007160000,1627007126230,33.77,mobservice2,login_failure,mobservice2,1
gaia-v3-11273,classification,test-pred-000190,1627007250000,1627007216290,33.71,mobservice2,login_failure,mobservice2,1
gaia-v3-11274,classification,test-pred-000191,1627007400000,1627007361300,38.7,mobservice2,login_failure,mobservice2,1
gaia-v3-11275,classification,test-pred-000192,1627007490000,1627007467925,22.075,mobservice2,login_failure,mobservice1,2
gaia-v3-11276,classification,test-pred-000196,1627007880000,1627007863481,16.519,mobservice2,login_failure,mobservice2,1
gaia-v3-11278,classification,test-pred-000198,1627008000000,1627007998209,1.791,mobservice2,login_failure,mobservice2,1
gaia-v3-11279,classification,test-pred-000199,1627008150000,1627008121899,28.101,mobservice2,login_failure,mobservice2,1
gaia-v3-11284,classification,test-pred-000201,1627008960000,1627008959910,0.09,mobservice2,login_failure,mobservice2,1
gaia-v3-11286,classification,test-pred-000202,1627009200000,1627009179011,20.989,mobservice2,login_failure,mobservice2,1
gaia-v3-11598,classification,test-pred-000204,1627009800000,1627009799264,0.736,mobservice1,login_failure,mobservice1,1
gaia-v3-11289,classification,test-pred-000205,1627009980000,1627009973839,6.161,mobservice2,login_failure,mobservice2,1
gaia-v3-11602,classification,test-pred-000208,1627010550000,1627010516500,33.5,mobservice1,login_failure,mobservice2,3
gaia-v3-11290,classification,test-pred-000209,1627010700000,1627010668657,31.343,mobservice2,login_failure,mobservice2,1
gaia-v3-11604,classification,test-pred-000210,1627010880000,1627010861990,18.01,mobservice1,login_failure,mobservice1,1
gaia-v3-11605,classification,test-pred-000211,1627011120000,1627011083476,36.524,mobservice1,login_failure,dbservice2,2
gaia-v3-11291,classification,test-pred-000212,1627011180000,1627011155640,24.36,mobservice2,login_failure,mobservice2,1
gaia-v3-11293,classification,test-pred-000213,1627011360000,1627011339289,20.711,mobservice2,login_failure,mobservice2,1
gaia-v3-11295,classification,test-pred-000214,1627011570000,1627011538324,31.676,mobservice2,login_failure,mobservice1,4
gaia-v3-11608,classification,test-pred-000216,1627011840000,1627011803863,36.137,mobservice1,login_failure,mobservice2,2
gaia-v3-11299,classification,test-pred-000220,1627012410000,1627012379055,30.945,mobservice2,login_failure,mobservice1,2
gaia-v3-11300,classification,test-pred-000221,1627012530000,1627012509809,20.191,mobservice2,login_failure,mobservice1,2
gaia-v3-11301,classification,test-pred-000222,1627012680000,1627012648743,31.257,mobservice2,login_failure,mobservice2,1
gaia-v3-11302,classification,test-pred-000223,1627012800000,1627012765747,34.253,mobservice2,login_failure,mobservice2,1
gaia-v3-11305,classification,test-pred-000224,1627013040000,1627013003037,36.963,mobservice2,login_failure,mobservice1,2
gaia-v3-11307,classification,test-pred-000225,1627013160000,1627013155718,4.282,mobservice2,login_failure,mobservice2,1
gaia-v3-11610,classification,test-pred-000226,1627013430000,1627013407062,22.938,mobservice1,login_failure,mobservice1,1
gaia-v3-11611,classification,test-pred-000227,1627013520000,1627013500055,19.945,mobservice1,login_failure,mobservice2,3
gaia-v3-11612,classification,test-pred-000228,1627013790000,1627013761892,28.108,mobservice1,login_failure,mobservice2,2
gaia-v3-11613,classification,test-pred-000229,1627014300000,1627014286835,13.165,mobservice1,login_failure,mobservice1,1
gaia-v3-11308,classification,test-pred-000230,1627014690000,1627014659935,30.065,mobservice2,login_failure,mobservice2,1
gaia-v3-11309,classification,test-pred-000231,1627014780000,1627014760400,19.6,mobservice2,login_failure,mobservice1,2
gaia-v3-11615,classification,test-pred-000232,1627014870000,1627014847939,22.061,mobservice1,login_failure,mobservice2,2
gaia-v3-11310,classification,test-pred-000233,1627014930000,1627014913755,16.245,mobservice2,login_failure,mobservice2,1
gaia-v3-11616,classification,test-pred-000234,1627015080000,1627015073322,6.678,mobservice1,login_failure,mobservice1,1
gaia-v3-11314,classification,test-pred-000235,1627015830000,1627015793335,36.665,mobservice2,login_failure,mobservice2,1
gaia-v3-11316,classification,test-pred-000236,1627016100000,1627016087727,12.273,mobservice2,login_failure,mobservice1,3
gaia-v3-11317,classification,test-pred-000237,1627016370000,1627016330492,39.508,mobservice2,login_failure,mobservice1,2
gaia-v3-11318,classification,test-pred-000238,1627016580000,1627016547513,32.487,mobservice2,login_failure,mobservice2,1
gaia-v3-11319,classification,test-pred-000239,1627016730000,1627016715461,14.539,mobservice2,login_failure,mobservice2,1
gaia-v3-11320,classification,test-pred-000240,1627016880000,1627016861695,18.305,mobservice2,login_failure,mobservice2,1
gaia-v3-11321,classification,test-pred-000241,1627016940000,1627016913473,26.527,mobservice2,login_failure,mobservice1,2
gaia-v3-11620,classification,test-pred-000242,1627017030000,1627017002524,27.476,mobservice1,login_failure,mobservice1,1
gaia-v3-11622,classification,test-pred-000243,1627017120000,1627017111329,8.671,mobservice1,login_failure,mobservice1,1
gaia-v3-11323,classification,test-pred-000247,1627018560000,1627018538169,21.831,mobservice2,login_failure,mobservice2,1
gaia-v3-11324,classification,test-pred-000251,1627019310000,1627019292552,17.448,mobservice2,login_failure,mobservice1,3
gaia-v3-11325,classification,test-pred-000253,1627019610000,1627019569107,40.893,mobservice2,login_failure,mobservice2,1
gaia-v3-11326,classification,test-pred-000254,1627019670000,1627019641437,28.563,mobservice2,login_failure,webservice1,3
gaia-v3-11328,classification,test-pred-000256,1627020030000,1627020029469,0.531,mobservice2,login_failure,mobservice2,1
gaia-v3-11635,classification,test-pred-000258,1627020600000,1627020560299,39.701,mobservice1,login_failure,mobservice1,1
gaia-v3-11637,classification,test-pred-000260,1627020870000,1627020833148,36.852,mobservice1,login_failure,mobservice2,3
gaia-v3-11329,classification,test-pred-000261,1627021020000,1627020979946,40.054,mobservice2,login_failure,mobservice1,2
gaia-v3-11330,classification,test-pred-000263,1627021200000,1627021183240,16.76,mobservice2,login_failure,mobservice2,1
gaia-v3-11331,classification,test-pred-000268,1627021920000,1627021903885,16.115,mobservice2,login_failure,mobservice2,1
gaia-v3-11332,classification,test-pred-000269,1627022250000,1627022224886,25.114,mobservice2,login_failure,mobservice1,2
gaia-v3-11333,classification,test-pred-000271,1627022490000,1627022471523,18.477,mobservice2,login_failure,mobservice2,1
gaia-v3-11334,classification,test-pred-000272,1627022670000,1627022645368,24.632,mobservice2,login_failure,mobservice1,2
gaia-v3-11335,classification,test-pred-000274,1627022790000,1627022760076,29.924,mobservice2,login_failure,mobservice1,2
gaia-v3-11337,classification,test-pred-000277,1627023990000,1627023968542,21.458,mobservice2,login_failure,mobservice2,1
gaia-v3-11338,classification,test-pred-000279,1627024560000,1627024542428,17.572,mobservice2,login_failure,mobservice2,1
gaia-v3-11652,classification,test-pred-000280,1627024890000,1627024864316,25.684,mobservice1,login_failure,mobservice2,2
gaia-v3-11339,classification,test-pred-000281,1627025010000,1627024975503,34.497,mobservice2,login_failure,mobservice2,1
gaia-v3-11340,classification,test-pred-000282,1627025100000,1627025084942,15.058,mobservice2,login_failure,mobservice1,2
gaia-v3-11341,classification,test-pred-000285,1627025700000,1627025664349,35.651,mobservice2,login_failure,mobservice2,1
gaia-v3-11342,classification,test-pred-000286,1627025820000,1627025804640,15.36,mobservice2,login_failure,mobservice1,2
gaia-v3-11656,classification,test-pred-000288,1627026270000,1627026251657,18.343,mobservice1,login_failure,mobservice2,2
gaia-v3-11343,classification,test-pred-000289,1627026630000,1627026590278,39.722,mobservice2,login_failure,mobservice1,2
gaia-v3-11348,classification,test-pred-000294,1627027410000,1627027390445,19.555,mobservice2,login_failure,dbservice2,3
gaia-v3-11349,classification,test-pred-000295,1627027530000,1627027493820,36.18,mobservice2,login_failure,mobservice2,1
gaia-v3-11350,classification,test-pred-000296,1627027620000,1627027606566,13.434,mobservice2,login_failure,mobservice2,1
gaia-v3-11353,classification,test-pred-000297,1627027770000,1627027766972,3.028,mobservice2,login_failure,mobservice2,1
gaia-v3-11354,classification,test-pred-000298,1627027920000,1627027900147,19.853,mobservice2,login_failure,mobservice2,1
gaia-v3-11355,classification,test-pred-000299,1627027980000,1627027967289,12.711,mobservice2,login_failure,mobservice1,2
gaia-v3-11143,classification,test-pred-000301,1627028190000,1627028165630,24.37,webservice1,memory_anomalies,mobservice1,3
gaia-v3-11359,classification,test-pred-000303,1627029030000,1627029017264,12.736,mobservice2,login_failure,mobservice2,1
gaia-v3-11360,classification,test-pred-000304,1627029240000,1627029213601,26.399,mobservice2,login_failure,mobservice1,2
gaia-v3-11361,classification,test-pred-000305,1627029360000,1627029336321,23.679,mobservice2,login_failure,mobservice2,1
gaia-v3-11672,classification,test-pred-000307,1627030800000,1627030765780,34.22,mobservice1,login_failure,mobservice2,2
gaia-v3-11363,classification,test-pred-000308,1627031370000,1627031342955,27.045,mobservice2,login_failure,mobservice2,1
gaia-v3-11676,classification,test-pred-000312,1627031910000,1627031877524,32.476,mobservice1,login_failure,mobservice1,1
gaia-v3-11365,classification,test-pred-000315,1627032210000,1627032198356,11.644,mobservice2,login_failure,mobservice2,1
gaia-v3-11681,classification,test-pred-000317,1627033290000,1627033252894,37.106,mobservice1,login_failure,mobservice1,1
gaia-v3-11367,classification,test-pred-000319,1627033680000,1627033664504,15.496,mobservice2,login_failure,mobservice2,1
gaia-v3-11368,classification,test-pred-000320,1627033740000,1627033708688,31.312,mobservice2,login_failure,mobservice2,1
gaia-v3-11370,classification,test-pred-000321,1627034220000,1627034185462,34.538,mobservice2,login_failure,mobservice2,1
gaia-v3-11373,classification,test-pred-000322,1627034340000,1627034324799,15.201,mobservice2,login_failure,mobservice1,2
gaia-v3-11375,classification,test-pred-000327,1627035930000,1627035918916,11.084,mobservice2,login_failure,mobservice2,1
gaia-v3-11688,classification,test-pred-000329,1627037190000,1627037160264,29.736,mobservice1,login_failure,mobservice1,1
gaia-v3-11382,classification,test-pred-000330,1627037310000,1627037296996,13.004,mobservice2,login_failure,mobservice1,2
gaia-v3-11383,classification,test-pred-000332,1627037460000,1627037429850,30.15,mobservice2,login_failure,mobservice2,1
gaia-v3-11384,classification,test-pred-000334,1627037820000,1627037783799,36.201,mobservice2,login_failure,mobservice1,2
gaia-v3-11385,classification,test-pred-000335,1627037880000,1627037863115,16.885,mobservice2,login_failure,mobservice2,1
gaia-v3-11387,classification,test-pred-000336,1627038000000,1627037999060,0.94,mobservice2,login_failure,mobservice2,1
gaia-v3-11388,classification,test-pred-000337,1627038540000,1627038511426,28.574,mobservice2,login_failure,mobservice2,1
gaia-v3-11389,classification,test-pred-000338,1627038600000,1627038580541,19.459,mobservice2,login_failure,mobservice1,2
gaia-v3-11694,classification,test-pred-000340,1627038870000,1627038857755,12.245,mobservice1,login_failure,mobservice2,2
gaia-v3-11391,classification,test-pred-000341,1627039200000,1627039174910,25.09,mobservice2,login_failure,mobservice2,1
gaia-v3-11392,classification,test-pred-000345,1627039650000,1627039635169,14.831,mobservice2,login_failure,mobservice1,2
gaia-v3-11393,classification,test-pred-000346,1627039920000,1627039895871,24.129,mobservice2,login_failure,logservice2,2
gaia-v3-11395,classification,test-pred-000347,1627040580000,1627040569935,10.065,mobservice2,login_failure,mobservice2,1
gaia-v3-11396,classification,test-pred-000348,1627040700000,1627040673131,26.869,mobservice2,login_failure,mobservice2,1
gaia-v3-11397,classification,test-pred-000349,1627040790000,1627040775683,14.317,mobservice2,login_failure,mobservice2,1
gaia-v3-11399,classification,test-pred-000353,1627041450000,1627041413738,36.262,mobservice2,login_failure,mobservice1,2
gaia-v3-11403,classification,test-pred-000356,1627042380000,1627042345960,34.04,mobservice2,login_failure,mobservice2,1
gaia-v3-11711,classification,test-pred-000358,1627042800000,1627042782271,17.729,mobservice1,login_failure,redisservice2,2
gaia-v3-11408,classification,test-pred-000361,1627044000000,1627043982213,17.787,mobservice2,login_failure,mobservice1,2
gaia-v3-11409,classification,test-pred-000362,1627044240000,1627044200962,39.038,mobservice2,login_failure,mobservice1,2
gaia-v3-11410,classification,test-pred-000363,1627044450000,1627044420128,29.872,mobservice2,login_failure,mobservice1,2
gaia-v3-11411,classification,test-pred-000366,1627044990000,1627044961818,28.182,mobservice2,login_failure,mobservice1,2
gaia-v3-11413,classification,test-pred-000368,1627045200000,1627045186840,13.16,mobservice2,login_failure,mobservice2,1
gaia-v3-11414,classification,test-pred-000369,1627045410000,1627045387692,22.308,mobservice2,login_failure,mobservice1,2
gaia-v3-11416,classification,test-pred-000372,1627045860000,1627045841918,18.082,mobservice2,login_failure,logservice1,2
gaia-v3-11418,classification,test-pred-000374,1627046130000,1627046098559,31.441,mobservice2,login_failure,mobservice1,2
gaia-v3-11419,classification,test-pred-000375,1627046340000,1627046324987,15.013,mobservice2,login_failure,mobservice2,1
gaia-v3-11420,classification,test-pred-000376,1627046790000,1627046758974,31.026,mobservice2,login_failure,mobservice2,1
gaia-v3-11725,classification,test-pred-000379,1627047690000,1627047662549,27.451,mobservice1,login_failure,mobservice2,2
gaia-v3-11728,classification,test-pred-000381,1627047990000,1627047953149,36.851,mobservice1,login_failure,mobservice1,1
gaia-v3-11423,classification,test-pred-000382,1627048080000,1627048076530,3.47,mobservice2,login_failure,mobservice2,1
gaia-v3-11424,classification,test-pred-000383,1627048350000,1627048336217,13.783,mobservice2,login_failure,mobservice2,1
gaia-v3-11425,classification,test-pred-000385,1627048680000,1627048649435,30.565,mobservice2,login_failure,mobservice2,1
gaia-v3-11426,classification,test-pred-000386,1627048770000,1627048752161,17.839,mobservice2,login_failure,mobservice2,1
gaia-v3-11428,classification,test-pred-000387,1627048890000,1627048889682,0.318,mobservice2,login_failure,mobservice2,1
gaia-v3-11429,classification,test-pred-000389,1627049370000,1627049352847,17.153,mobservice2,login_failure,mobservice2,1
gaia-v3-11430,classification,test-pred-000390,1627049730000,1627049702941,27.059,mobservice2,login_failure,webservice1,3
gaia-v3-11735,classification,test-pred-000392,1627051080000,1627051066373,13.627,mobservice1,login_failure,mobservice2,3
gaia-v3-11436,classification,test-pred-000394,1627051470000,1627051452789,17.211,mobservice2,login_failure,mobservice2,1
gaia-v3-11437,classification,test-pred-000395,1627051560000,1627051522403,37.597,mobservice2,login_failure,mobservice1,3
gaia-v3-11438,classification,test-pred-000397,1627052340000,1627052299891,40.109,mobservice2,login_failure,mobservice1,2
gaia-v3-11439,classification,test-pred-000398,1627052610000,1627052581163,28.837,mobservice2,login_failure,mobservice1,2
gaia-v3-11440,classification,test-pred-000400,1627052790000,1627052770896,19.104,mobservice2,login_failure,mobservice2,1
gaia-v3-11441,classification,test-pred-000402,1627053300000,1627053271009,28.991,mobservice2,login_failure,mobservice2,1
gaia-v3-11442,classification,test-pred-000403,1627054050000,1627054027678,22.322,mobservice2,login_failure,mobservice2,1
gaia-v3-11443,classification,test-pred-000404,1627054200000,1627054184238,15.762,mobservice2,login_failure,mobservice2,1
gaia-v3-11444,classification,test-pred-000405,1627054380000,1627054354639,25.361,mobservice2,login_failure,mobservice2,1
gaia-v3-11445,classification,test-pred-000406,1627054530000,1627054494141,35.859,mobservice2,login_failure,mobservice1,2
gaia-v3-11446,classification,test-pred-000407,1627054770000,1627054755014,14.986,mobservice2,login_failure,mobservice2,1
gaia-v3-11742,classification,test-pred-000408,1627055070000,1627055057070,12.93,mobservice1,login_failure,dbservice2,4
gaia-v3-11447,classification,test-pred-000409,1627055370000,1627055344638,25.362,mobservice2,login_failure,mobservice2,1
gaia-v3-11448,classification,test-pred-000410,1627055430000,1627055413820,16.18,mobservice2,login_failure,mobservice1,2
gaia-v3-11744,classification,test-pred-000411,1627055970000,1627055941839,28.161,mobservice1,login_failure,mobservice1,1
gaia-v3-11798,classification,test-pred-000412,1627056660000,1627056621029,38.971,mobservice2,login_failure,mobservice1,2
gaia-v3-11800,classification,test-pred-000415,1627056900000,1627056866253,33.747,mobservice2,login_failure,mobservice2,1
gaia-v3-11802,classification,test-pred-000417,1627057440000,1627057404395,35.605,mobservice2,login_failure,mobservice1,2
gaia-v3-11806,classification,test-pred-000421,1627059030000,1627058992330,37.67,mobservice2,login_failure,webservice2,3
gaia-v3-11807,classification,test-pred-000422,1627059270000,1627059238292,31.708,mobservice2,login_failure,mobservice1,2
gaia-v3-11808,classification,test-pred-000424,1627059510000,1627059486981,23.019,mobservice2,login_failure,mobservice1,3
gaia-v3-12107,classification,test-pred-000425,1627059600000,1627059565008,34.992,mobservice1,login_failure,webservice2,2
gaia-v3-12110,classification,test-pred-000426,1627060380000,1627060358444,21.556,mobservice1,login_failure,mobservice1,1
gaia-v3-12112,classification,test-pred-000427,1627060560000,1627060533159,26.841,mobservice1,login_failure,mobservice2,2
gaia-v3-11812,classification,test-pred-000428,1627060620000,1627060612697,7.303,mobservice2,login_failure,mobservice2,1
gaia-v3-11813,classification,test-pred-000430,1627060830000,1627060816709,13.291,mobservice2,login_failure,mobservice2,1
gaia-v3-11814,classification,test-pred-000431,1627061490000,1627061454599,35.401,mobservice2,login_failure,mobservice1,2
gaia-v3-11815,classification,test-pred-000433,1627061940000,1627061928184,11.816,mobservice2,login_failure,mobservice1,2
gaia-v3-11817,classification,test-pred-000434,1627062630000,1627062597818,32.182,mobservice2,login_failure,mobservice2,1
gaia-v3-11818,classification,test-pred-000436,1627062990000,1627062967206,22.794,mobservice2,login_failure,mobservice2,1
gaia-v3-11819,classification,test-pred-000437,1627063140000,1627063125221,14.779,mobservice2,login_failure,mobservice2,1
gaia-v3-11820,classification,test-pred-000439,1627063560000,1627063522400,37.6,mobservice2,login_failure,mobservice1,3
gaia-v3-12120,classification,test-pred-000441,1627063860000,1627063857564,2.436,mobservice1,login_failure,mobservice1,1
gaia-v3-11822,classification,test-pred-000443,1627064100000,1627064075610,24.39,mobservice2,login_failure,mobservice1,2
gaia-v3-11823,classification,test-pred-000445,1627064460000,1627064433252,26.748,mobservice2,login_failure,mobservice2,1
gaia-v3-11824,classification,test-pred-000448,1627064850000,1627064817298,32.702,mobservice2,login_failure,mobservice2,1
gaia-v3-11825,classification,test-pred-000449,1627065030000,1627065001384,28.616,mobservice2,login_failure,mobservice1,2
gaia-v3-11826,classification,test-pred-000451,1627065360000,1627065319049,40.951,mobservice2,login_failure,mobservice1,3
gaia-v3-11827,classification,test-pred-000452,1627065660000,1627065628818,31.182,mobservice2,login_failure,mobservice1,2
gaia-v3-11829,classification,test-pred-000453,1627065900000,1627065886849,13.151,mobservice2,login_failure,mobservice1,2
gaia-v3-11830,classification,test-pred-000454,1627066320000,1627066295901,24.099,mobservice2,login_failure,mobservice1,2
gaia-v3-11831,classification,test-pred-000455,1627066410000,1627066371701,38.299,mobservice2,login_failure,mobservice1,2
gaia-v3-12130,classification,test-pred-000456,1627066500000,1627066485720,14.28,mobservice1,login_failure,mobservice2,2
gaia-v3-11833,classification,test-pred-000457,1627066620000,1627066606004,13.996,mobservice2,login_failure,mobservice1,2
gaia-v3-11834,classification,test-pred-000459,1627066800000,1627066760794,39.206,mobservice2,login_failure,mobservice1,2
gaia-v3-11835,classification,test-pred-000461,1627067010000,1627066972551,37.449,mobservice2,login_failure,mobservice1,3
gaia-v3-11837,classification,test-pred-000463,1627067280000,1627067261455,18.545,mobservice2,login_failure,mobservice2,1
gaia-v3-12134,classification,test-pred-000464,1627067550000,1627067530164,19.836,mobservice1,login_failure,mobservice2,2
gaia-v3-12135,classification,test-pred-000465,1627067850000,1627067809128,40.872,mobservice1,login_failure,mobservice2,2
gaia-v3-11839,classification,test-pred-000467,1627068570000,1627068535709,34.291,mobservice2,login_failure,mobservice1,2
gaia-v3-12138,classification,test-pred-000468,1627068630000,1627068595177,34.823,mobservice1,login_failure,mobservice2,3
gaia-v3-11840,classification,test-pred-000469,1627068720000,1627068702992,17.008,mobservice2,login_failure,dbservice1,2
gaia-v3-11841,classification,test-pred-000470,1627068870000,1627068858487,11.513,mobservice2,login_failure,mobservice2,1
gaia-v3-11847,classification,test-pred-000471,1627070430000,1627070416458,13.542,mobservice2,login_failure,mobservice1,3
gaia-v3-11848,classification,test-pred-000473,1627070970000,1627070941165,28.835,mobservice2,login_failure,mobservice2,1
gaia-v3-11849,classification,test-pred-000474,1627071030000,1627070999815,30.185,mobservice2,login_failure,mobservice1,2
gaia-v3-12147,classification,test-pred-000475,1627071240000,1627071208049,31.951,mobservice1,login_failure,mobservice2,3
gaia-v3-11853,classification,test-pred-000476,1627072230000,1627072217509,12.491,mobservice2,login_failure,mobservice2,1
gaia-v3-11854,classification,test-pred-000477,1627072590000,1627072557724,32.276,mobservice2,login_failure,mobservice1,2
gaia-v3-11856,classification,test-pred-000479,1627072830000,1627072805512,24.488,mobservice2,login_failure,mobservice1,2
gaia-v3-12157,classification,test-pred-000481,1627073250000,1627073209924,40.076,mobservice1,login_failure,mobservice1,1
gaia-v3-11857,classification,test-pred-000483,1627073490000,1627073464990,25.01,mobservice2,login_failure,mobservice2,1
gaia-v3-11858,classification,test-pred-000484,1627073580000,1627073553590,26.41,mobservice2,login_failure,mobservice1,2
gaia-v3-11859,classification,test-pred-000486,1627073940000,1627073912640,27.36,mobservice2,login_failure,mobservice1,2
gaia-v3-12162,classification,test-pred-000489,1627074330000,1627074312129,17.871,mobservice1,login_failure,mobservice2,2
gaia-v3-11861,classification,test-pred-000490,1627074510000,1627074491704,18.296,mobservice2,login_failure,mobservice1,2
gaia-v3-11864,classification,test-pred-000493,1627075680000,1627075648256,31.744,mobservice2,login_failure,mobservice1,2
gaia-v3-12166,classification,test-pred-000494,1627075830000,1627075791115,38.885,mobservice1,login_failure,mobservice1,1
gaia-v3-12167,classification,test-pred-000495,1627075920000,1627075906305,13.695,mobservice1,login_failure,mobservice1,1
gaia-v3-11865,classification,test-pred-000496,1627075980000,1627075956977,23.023,mobservice2,login_failure,mobservice2,1
gaia-v3-11866,classification,test-pred-000497,1627076070000,1627076034524,35.476,mobservice2,login_failure,mobservice2,1
gaia-v3-11867,classification,test-pred-000498,1627076160000,1627076123178,36.822,mobservice2,login_failure,mobservice1,2
gaia-v3-12171,classification,test-pred-000500,1627076340000,1627076325513,14.487,mobservice1,login_failure,mobservice2,2
gaia-v3-11868,classification,test-pred-000503,1627077150000,1627077137042,12.958,mobservice2,login_failure,mobservice2,1
gaia-v3-11869,classification,test-pred-000504,1627077210000,1627077169909,40.091,mobservice2,login_failure,mobservice1,2
gaia-v3-12175,classification,test-pred-000505,1627077420000,1627077408534,11.466,mobservice1,login_failure,mobservice2,2
gaia-v3-11871,classification,test-pred-000506,1627077510000,1627077471248,38.752,mobservice2,login_failure,mobservice1,2
gaia-v3-11874,classification,test-pred-000509,1627079010000,1627078986223,23.777,mobservice2,login_failure,mobservice1,2
gaia-v3-11876,classification,test-pred-000513,1627080120000,1627080097327,22.673,mobservice2,login_failure,mobservice2,1
gaia-v3-12184,classification,test-pred-000516,1627080690000,1627080671623,18.377,mobservice1,login_failure,mobservice2,7
gaia-v3-11879,classification,test-pred-000517,1627080780000,1627080741696,38.304,mobservice2,login_failure,mobservice2,1
gaia-v3-11880,classification,test-pred-000518,1627080840000,1627080821474,18.526,mobservice2,login_failure,mobservice1,2
gaia-v3-11881,classification,test-pred-000520,1627081200000,1627081180801,19.199,mobservice2,login_failure,mobservice1,2
gaia-v3-11882,classification,test-pred-000522,1627081470000,1627081429654,40.346,mobservice2,login_failure,mobservice1,2
gaia-v3-11883,classification,test-pred-000523,1627081530000,1627081529122,0.878,mobservice2,login_failure,mobservice2,1
gaia-v3-12437,classification,test-pred-000524,1627081740000,1627081725631,14.369,redisservice1,memory_anomalies,mobservice2,3
gaia-v3-11887,classification,test-pred-000526,1627082760000,1627082740778,19.222,mobservice2,login_failure,mobservice2,1
gaia-v3-11888,classification,test-pred-000527,1627082910000,1627082872913,37.087,mobservice2,login_failure,mobservice2,1
gaia-v3-11889,classification,test-pred-000528,1627083390000,1627083372369,17.631,mobservice2,login_failure,mobservice1,2
gaia-v3-11890,classification,test-pred-000531,1627083750000,1627083714113,35.887,mobservice2,login_failure,mobservice2,1
gaia-v3-12193,classification,test-pred-000532,1627083810000,1627083809135,0.865,mobservice1,login_failure,mobservice1,1
gaia-v3-12194,classification,test-pred-000533,1627083900000,1627083865108,34.892,mobservice1,login_failure,mobservice1,1
gaia-v3-12195,classification,test-pred-000534,1627084050000,1627084015546,34.454,mobservice1,login_failure,mobservice1,1
gaia-v3-11892,classification,test-pred-000535,1627084200000,1627084178693,21.307,mobservice2,login_failure,mobservice1,2
gaia-v3-12198,classification,test-pred-000536,1627084260000,1627084234587,25.413,mobservice1,login_failure,mobservice1,1
gaia-v3-12201,classification,test-pred-000538,1627084680000,1627084665855,14.145,mobservice1,login_failure,mobservice2,2
gaia-v3-11894,classification,test-pred-000539,1627084770000,1627084754258,15.742,mobservice2,login_failure,mobservice1,2
gaia-v3-12202,classification,test-pred-000540,1627084830000,1627084828982,1.018,mobservice1,login_failure,mobservice1,1
gaia-v3-12208,classification,test-pred-000543,1627085640000,1627085609253,30.747,mobservice1,login_failure,mobservice2,10
gaia-v3-11901,classification,test-pred-000545,1627086690000,1627086663574,26.426,mobservice2,login_failure,mobservice2,1
gaia-v3-11904,classification,test-pred-000548,1627087110000,1627087098648,11.352,mobservice2,login_failure,mobservice1,2
gaia-v3-11905,classification,test-pred-000549,1627087440000,1627087427041,12.959,mobservice2,login_failure,mobservice1,2
gaia-v3-12216,classification,test-pred-000550,1627087560000,1627087553267,6.733,mobservice1,login_failure,mobservice1,1
gaia-v3-11907,classification,test-pred-000551,1627087680000,1627087649953,30.047,mobservice2,login_failure,mobservice1,2
gaia-v3-11909,classification,test-pred-000553,1627088280000,1627088244651,35.349,mobservice2,login_failure,mobservice2,1
gaia-v3-11910,classification,test-pred-000554,1627088340000,1627088323053,16.947,mobservice2,login_failure,mobservice1,2
gaia-v3-11911,classification,test-pred-000560,1627089570000,1627089554260,15.74,mobservice2,login_failure,mobservice1,4
gaia-v3-12225,classification,test-pred-000561,1627089690000,1627089659027,30.973,mobservice1,login_failure,mobservice2,2
gaia-v3-12228,classification,test-pred-000564,1627090890000,1627090860923,29.077,mobservice1,login_failure,mobservice1,1
gaia-v3-11917,classification,test-pred-000565,1627091160000,1627091126334,33.666,mobservice2,login_failure,mobservice1,2
gaia-v3-11918,classification,test-pred-000567,1627091310000,1627091295340,14.66,mobservice2,login_failure,mobservice2,1
gaia-v3-11920,classification,test-pred-000568,1627091730000,1627091721845,8.155,mobservice2,login_failure,mobservice2,1
gaia-v3-11921,classification,test-pred-000569,1627091970000,1627091948819,21.181,mobservice2,login_failure,mobservice2,1
gaia-v3-11922,classification,test-pred-000571,1627092540000,1627092505713,34.287,mobservice2,login_failure,mobservice1,2
gaia-v3-12231,classification,test-pred-000572,1627092630000,1627092605792,24.208,mobservice1,login_failure,mobservice2,2
gaia-v3-11924,classification,test-pred-000573,1627092690000,1627092678150,11.85,mobservice2,login_failure,mobservice1,2
gaia-v3-11925,classification,test-pred-000575,1627092930000,1627092899567,30.433,mobservice2,login_failure,mobservice1,2
gaia-v3-11786,classification,test-pred-000576,1627093170000,1627093141853,28.147,webservice1,memory_anomalies,mobservice1,4
gaia-v3-11927,classification,test-pred-000577,1627094190000,1627094160440,29.56,mobservice2,login_failure,mobservice2,1
gaia-v3-11929,classification,test-pred-000578,1627094310000,1627094285329,24.671,mobservice2,login_failure,mobservice1,2
gaia-v3-11930,classification,test-pred-000579,1627094730000,1627094718172,11.828,mobservice2,login_failure,mobservice1,2
gaia-v3-11931,classification,test-pred-000581,1627095300000,1627095272645,27.355,mobservice2,login_failure,mobservice2,1
gaia-v3-11932,classification,test-pred-000582,1627095390000,1627095349960,40.04,mobservice2,login_failure,mobservice1,2
gaia-v3-11933,classification,test-pred-000584,1627095660000,1627095621671,38.329,mobservice2,login_failure,mobservice1,2
gaia-v3-11934,classification,test-pred-000588,1627096530000,1627096508359,21.641,mobservice2,login_failure,mobservice2,1
gaia-v3-11935,classification,test-pred-000591,1627096920000,1627096908438,11.562,mobservice2,login_failure,mobservice1,2
gaia-v3-12247,classification,test-pred-000592,1627097010000,1627096973549,36.451,mobservice1,login_failure,mobservice1,1
gaia-v3-12248,classification,test-pred-000593,1627097130000,1627097093921,36.079,mobservice1,login_failure,mobservice1,1
gaia-v3-11937,classification,test-pred-000594,1627097220000,1627097207924,12.076,mobservice2,login_failure,mobservice1,2
gaia-v3-11938,classification,test-pred-000595,1627097370000,1627097332680,37.32,mobservice2,login_failure,mobservice2,1
gaia-v3-11939,classification,test-pred-000596,1627097520000,1627097491072,28.928,mobservice2,login_failure,mobservice1,2
gaia-v3-11940,classification,test-pred-000597,1627097760000,1627097729767,30.233,mobservice2,login_failure,mobservice2,1
gaia-v3-11941,classification,test-pred-000598,1627097850000,1627097831096,18.904,mobservice2,login_failure,mobservice2,1
gaia-v3-11942,classification,test-pred-000601,1627098270000,1627098264849,5.151,mobservice2,login_failure,mobservice2,1
gaia-v3-12260,classification,test-pred-000607,1627099230000,1627099190357,39.643,mobservice1,login_failure,webservice1,2
gaia-v3-11944,classification,test-pred-000608,1627099350000,1627099321609,28.391,mobservice2,login_failure,mobservice2,1
gaia-v3-11945,classification,test-pred-000609,1627099530000,1627099515132,14.868,mobservice2,login_failure,mobservice1,2
gaia-v3-11946,classification,test-pred-000610,1627099650000,1627099648696,1.304,mobservice2,login_failure,mobservice2,1
gaia-v3-11947,classification,test-pred-000611,1627099740000,1627099724097,15.903,mobservice2,login_failure,mobservice2,1
gaia-v3-11948,classification,test-pred-000613,1627100400000,1627100376658,23.342,mobservice2,login_failure,mobservice1,2
gaia-v3-12265,classification,test-pred-000614,1627100880000,1627100847522,32.478,mobservice1,login_failure,mobservice2,2
gaia-v3-11951,classification,test-pred-000617,1627101300000,1627101288861,11.139,mobservice2,login_failure,mobservice2,1
gaia-v3-11952,classification,test-pred-000620,1627101990000,1627101971334,18.666,mobservice2,login_failure,mobservice2,1
gaia-v3-11954,classification,test-pred-000621,1627102110000,1627102077581,32.419,mobservice2,login_failure,mobservice1,2
gaia-v3-12271,classification,test-pred-000622,1627102380000,1627102362535,17.465,mobservice1,login_failure,mobservice2,2
gaia-v3-11958,classification,test-pred-000623,1627102560000,1627102522572,37.428,mobservice2,login_failure,mobservice2,1
gaia-v3-11959,classification,test-pred-000624,1627102950000,1627102911271,38.729,mobservice2,login_failure,mobservice1,2
gaia-v3-12273,classification,test-pred-000625,1627103370000,1627103352090,17.91,mobservice1,login_failure,mobservice2,2
gaia-v3-12274,classification,test-pred-000626,1627103430000,1627103409631,20.369,mobservice1,login_failure,mobservice2,2
gaia-v3-11962,classification,test-pred-000627,1627103490000,1627103465519,24.481,mobservice2,login_failure,mobservice2,1
gaia-v3-12277,classification,test-pred-000629,1627103940000,1627103932172,7.828,mobservice1,login_failure,mobservice2,2
gaia-v3-11963,classification,test-pred-000630,1627104150000,1627104123973,26.027,mobservice2,login_failure,mobservice1,2
gaia-v3-11965,classification,test-pred-000632,1627104510000,1627104493205,16.795,mobservice2,login_failure,mobservice1,2
gaia-v3-12280,classification,test-pred-000633,1627104630000,1627104605418,24.582,mobservice1,login_failure,mobservice2,2
gaia-v3-12282,classification,test-pred-000635,1627104930000,1627104894944,35.056,mobservice1,login_failure,mobservice2,2
gaia-v3-11968,classification,test-pred-000637,1627105290000,1627105258463,31.537,mobservice2,login_failure,mobservice2,1
gaia-v3-11969,classification,test-pred-000641,1627105890000,1627105858170,31.83,mobservice2,login_failure,mobservice2,1
gaia-v3-11971,classification,test-pred-000642,1627106070000,1627106068207,1.793,mobservice2,login_failure,mobservice1,2
gaia-v3-11972,classification,test-pred-000643,1627106340000,1627106301341,38.659,mobservice2,login_failure,mobservice2,1
gaia-v3-12289,classification,test-pred-000645,1627106580000,1627106567162,12.838,mobservice1,login_failure,mobservice1,1
gaia-v3-11973,classification,test-pred-000647,1627106820000,1627106818503,1.497,mobservice2,login_failure,mobservice2,1
gaia-v3-11974,classification,test-pred-000649,1627107210000,1627107193465,16.535,mobservice2,login_failure,mobservice2,1
gaia-v3-12297,classification,test-pred-000651,1627107390000,1627107388334,1.666,mobservice1,login_failure,mobservice1,1
gaia-v3-11976,classification,test-pred-000653,1627107990000,1627107951532,38.468,mobservice2,login_failure,mobservice2,1
gaia-v3-11977,classification,test-pred-000656,1627108440000,1627108428692,11.308,mobservice2,login_failure,mobservice1,2
gaia-v3-11978,classification,test-pred-000657,1627108710000,1627108678695,31.305,mobservice2,login_failure,mobservice2,1
gaia-v3-11979,classification,test-pred-000658,1627108860000,1627108840554,19.446,mobservice2,login_failure,mobservice1,2
gaia-v3-11980,classification,test-pred-000662,1627109760000,1627109758384,1.616,mobservice2,login_failure,mobservice2,1
gaia-v3-11981,classification,test-pred-000664,1627109970000,1627109947711,22.289,mobservice2,login_failure,mobservice1,2
gaia-v3-12306,classification,test-pred-000665,1627110030000,1627110012070,17.93,mobservice1,login_failure,mobservice1,1
gaia-v3-11983,classification,test-pred-000666,1627110210000,1627110170878,39.122,mobservice2,login_failure,mobservice2,1
gaia-v3-11984,classification,test-pred-000667,1627110270000,1627110256763,13.237,mobservice2,login_failure,mobservice2,1
gaia-v3-11985,classification,test-pred-000668,1627110450000,1627110425787,24.213,mobservice2,login_failure,mobservice1,2
gaia-v3-11988,classification,test-pred-000674,1627111920000,1627111896475,23.525,mobservice2,login_failure,mobservice1,2
gaia-v3-11989,classification,test-pred-000675,1627112490000,1627112484178,5.822,mobservice2,login_failure,mobservice2,1
gaia-v3-11991,classification,test-pred-000676,1627112580000,1627112568758,11.242,mobservice2,login_failure,mobservice1,3
gaia-v3-11992,classification,test-pred-000677,1627112790000,1627112774884,15.116,mobservice2,login_failure,mobservice1,2
gaia-v3-11993,classification,test-pred-000678,1627113000000,1627112973256,26.744,mobservice2,login_failure,mobservice2,1
gaia-v3-11996,classification,test-pred-000679,1627113150000,1627113133114,16.886,mobservice2,login_failure,mobservice1,2
gaia-v3-12322,classification,test-pred-000680,1627113210000,1627113194588,15.412,mobservice1,login_failure,mobservice1,1
gaia-v3-11997,classification,test-pred-000683,1627113810000,1627113792231,17.769,mobservice2,login_failure,mobservice1,2
gaia-v3-12325,classification,test-pred-000684,1627114290000,1627114273508,16.492,mobservice1,login_failure,mobservice2,2
gaia-v3-11999,classification,test-pred-000685,1627114380000,1627114339986,40.014,mobservice2,login_failure,mobservice1,2
gaia-v3-12003,classification,test-pred-000688,1627115430000,1627115422771,7.229,mobservice2,login_failure,mobservice2,1
gaia-v3-12004,classification,test-pred-000689,1627115520000,1627115501382,18.618,mobservice2,login_failure,mobservice2,1
gaia-v3-12005,classification,test-pred-000691,1627115970000,1627115941313,28.687,mobservice2,login_failure,mobservice1,2
gaia-v3-12335,classification,test-pred-000693,1627116270000,1627116232195,37.805,mobservice1,login_failure,mobservice2,2
gaia-v3-12006,classification,test-pred-000697,1627116930000,1627116904715,25.285,mobservice2,login_failure,mobservice2,1
gaia-v3-12007,classification,test-pred-000698,1627116990000,1627116968833,21.167,mobservice2,login_failure,mobservice1,2
gaia-v3-12341,classification,test-pred-000699,1627117470000,1627117457140,12.86,mobservice1,login_failure,mobservice1,1
gaia-v3-12009,classification,test-pred-000700,1627117920000,1627117904708,15.292,mobservice2,login_failure,mobservice1,2
gaia-v3-12342,classification,test-pred-000701,1627118010000,1627117972884,37.116,mobservice1,login_failure,mobservice2,2
gaia-v3-12011,classification,test-pred-000702,1627118100000,1627118078989,21.011,mobservice2,login_failure,mobservice1,2
gaia-v3-12012,classification,test-pred-000704,1627118370000,1627118357647,12.353,mobservice2,login_failure,mobservice1,2
gaia-v3-12013,classification,test-pred-000705,1627118430000,1627118404733,25.267,mobservice2,login_failure,mobservice1,2
gaia-v3-12014,classification,test-pred-000707,1627118670000,1627118638990,31.01,mobservice2,login_failure,mobservice2,1
gaia-v3-12015,classification,test-pred-000708,1627118730000,1627118703426,26.574,mobservice2,login_failure,mobservice1,2
gaia-v3-12348,classification,test-pred-000709,1627118940000,1627118923714,16.286,mobservice1,login_failure,mobservice1,1
gaia-v3-12016,classification,test-pred-000711,1627119690000,1627119658276,31.724,mobservice2,login_failure,mobservice1,2
gaia-v3-12017,classification,test-pred-000715,1627121190000,1627121172385,17.615,mobservice2,login_failure,mobservice1,2
gaia-v3-12354,classification,test-pred-000716,1627121340000,1627121312645,27.355,mobservice1,login_failure,mobservice2,2
gaia-v3-12018,classification,test-pred-000717,1627121430000,1627121397129,32.871,mobservice2,login_failure,mobservice2,1
gaia-v3-12019,classification,test-pred-000718,1627121550000,1627121533903,16.097,mobservice2,login_failure,mobservice1,2
gaia-v3-12020,classification,test-pred-000721,1627122090000,1627122064930,25.07,mobservice2,login_failure,mobservice1,2
gaia-v3-12357,classification,test-pred-000722,1627122180000,1627122140818,39.182,mobservice1,login_failure,mobservice2,2
gaia-v3-12023,classification,test-pred-000724,1627122420000,1627122398563,21.437,mobservice2,login_failure,mobservice1,2
gaia-v3-12024,classification,test-pred-000726,1627122600000,1627122570475,29.525,mobservice2,login_failure,mobservice1,2
gaia-v3-12025,classification,test-pred-000728,1627122990000,1627122962820,27.18,mobservice2,login_failure,mobservice1,3
gaia-v3-12362,classification,test-pred-000729,1627123200000,1627123183630,16.37,mobservice1,login_failure,mobservice2,2
gaia-v3-12026,classification,test-pred-000730,1627123290000,1627123276428,13.572,mobservice2,login_failure,mobservice2,1
gaia-v3-12027,classification,test-pred-000731,1627123410000,1627123383166,26.834,mobservice2,login_failure,mobservice1,2
gaia-v3-12028,classification,test-pred-000732,1627123650000,1627123623934,26.066,mobservice2,login_failure,mobservice1,2
gaia-v3-12029,classification,test-pred-000734,1627124010000,1627123986962,23.038,mobservice2,login_failure,mobservice2,1
gaia-v3-12031,classification,test-pred-000735,1627124100000,1627124096954,3.046,mobservice2,login_failure,mobservice1,2
gaia-v3-12366,classification,test-pred-000736,1627124250000,1627124228343,21.657,mobservice1,login_failure,mobservice2,2
gaia-v3-12033,classification,test-pred-000737,1627124370000,1627124365092,4.908,mobservice2,login_failure,mobservice2,1
gaia-v3-12034,classification,test-pred-000739,1627124970000,1627124934862,35.138,mobservice2,login_failure,mobservice2,1
gaia-v3-12035,classification,test-pred-000740,1627125090000,1627125059024,30.976,mobservice2,login_failure,mobservice1,2
gaia-v3-12036,classification,test-pred-000743,1627125690000,1627125653642,36.358,mobservice2,login_failure,mobservice1,3
gaia-v3-12037,classification,test-pred-000745,1627125990000,1627125968823,21.177,mobservice2,login_failure,mobservice2,1
gaia-v3-12038,classification,test-pred-000746,1627126080000,1627126042423,37.577,mobservice2,login_failure,mobservice1,2
gaia-v3-12039,classification,test-pred-000749,1627126710000,1627126694682,15.318,mobservice2,login_failure,mobservice1,2
gaia-v3-12040,classification,test-pred-000753,1627127250000,1627127209466,40.534,mobservice2,login_failure,mobservice2,1
gaia-v3-12041,classification,test-pred-000754,1627127340000,1627127339367,0.633,mobservice2,login_failure,mobservice2,1
gaia-v3-12045,classification,test-pred-000757,1627128660000,1627128631016,28.984,mobservice2,login_failure,mobservice1,2
gaia-v3-12384,classification,test-pred-000758,1627128750000,1627128719691,30.309,mobservice1,login_failure,mobservice2,3
gaia-v3-12047,classification,test-pred-000761,1627129350000,1627129338984,11.016,mobservice2,login_failure,mobservice2,1
gaia-v3-12048,classification,test-pred-000762,1627129530000,1627129518445,11.555,mobservice2,login_failure,mobservice1,2
gaia-v3-12049,classification,test-pred-000763,1627129800000,1627129759544,40.456,mobservice2,login_failure,mobservice2,1
gaia-v3-12051,classification,test-pred-000766,1627130220000,1627130202266,17.734,mobservice2,login_failure,mobservice1,2
gaia-v3-12052,classification,test-pred-000767,1627130460000,1627130441245,18.755,mobservice2,login_failure,mobservice2,1
gaia-v3-12053,classification,test-pred-000768,1627130580000,1627130561458,18.542,mobservice2,login_failure,mobservice2,1
gaia-v3-12054,classification,test-pred-000769,1627130640000,1627130621641,18.359,mobservice2,login_failure,mobservice1,2
gaia-v3-12055,classification,test-pred-000771,1627131390000,1627131350351,39.649,mobservice2,login_failure,mobservice2,1
gaia-v3-12056,classification,test-pred-000772,1627131510000,1627131495880,14.12,mobservice2,login_failure,mobservice2,1
gaia-v3-12061,classification,test-pred-000778,1627132440000,1627132428264,11.736,mobservice2,login_failure,mobservice1,2
gaia-v3-12062,classification,test-pred-000780,1627133280000,1627133265794,14.206,mobservice2,login_failure,mobservice1,2
gaia-v3-12397,classification,test-pred-000783,1627133490000,1627133474132,15.868,mobservice1,login_failure,mobservice1,1
gaia-v3-12400,classification,test-pred-000784,1627133700000,1627133675135,24.865,mobservice1,memory_anomalies,mobservice2,2
gaia-v3-12064,classification,test-pred-000787,1627134750000,1627134714340,35.66,mobservice2,login_failure,mobservice2,1
gaia-v3-12065,classification,test-pred-000788,1627134930000,1627134911382,18.618,mobservice2,login_failure,mobservice1,2
gaia-v3-12066,classification,test-pred-000791,1627135320000,1627135299623,20.377,mobservice2,login_failure,mobservice1,2
gaia-v3-12405,classification,test-pred-000792,1627135380000,1627135364306,15.694,mobservice1,login_failure,mobservice1,1
gaia-v3-12407,classification,test-pred-000794,1627135560000,1627135527084,32.916,mobservice1,login_failure,mobservice2,2
gaia-v3-12408,classification,test-pred-000795,1627135620000,1627135593205,26.795,mobservice1,login_failure,mobservice2,3
gaia-v3-12409,classification,test-pred-000796,1627135860000,1627135840748,19.252,mobservice1,login_failure,mobservice1,1
gaia-v3-12068,classification,test-pred-000798,1627136100000,1627136079370,20.63,mobservice2,login_failure,mobservice2,1
gaia-v3-12071,classification,test-pred-000800,1627136880000,1627136840834,39.166,mobservice2,login_failure,mobservice1,2
gaia-v3-12072,classification,test-pred-000801,1627136970000,1627136951274,18.726,mobservice2,login_failure,mobservice1,3
gaia-v3-12073,classification,test-pred-000803,1627137180000,1627137167773,12.227,mobservice2,login_failure,mobservice1,2
gaia-v3-12416,classification,test-pred-000804,1627137330000,1627137311157,18.843,mobservice1,login_failure,mobservice2,2
gaia-v3-12417,classification,test-pred-000805,1627137630000,1627137591222,38.778,mobservice1,login_failure,mobservice2,2
gaia-v3-12074,classification,test-pred-000806,1627137690000,1627137678570,11.43,mobservice2,login_failure,mobservice2,1
gaia-v3-12075,classification,test-pred-000807,1627137840000,1627137817529,22.471,mobservice2,login_failure,mobservice2,1
gaia-v3-12076,classification,test-pred-000808,1627137930000,1627137904897,25.103,mobservice2,login_failure,mobservice1,2
gaia-v3-12077,classification,test-pred-000809,1627138200000,1627138169506,30.494,mobservice2,login_failure,mobservice1,2
gaia-v3-12419,classification,test-pred-000810,1627138440000,1627138420924,19.076,mobservice1,login_failure,mobservice1,1
gaia-v3-12420,classification,test-pred-000811,1627138500000,1627138484099,15.901,mobservice1,login_failure,mobservice2,2
gaia-v3-12078,classification,test-pred-000812,1627138590000,1627138576457,13.543,mobservice2,login_failure,mobservice1,2
gaia-v3-12422,classification,test-pred-000813,1627138950000,1627138925579,24.421,mobservice1,login_failure,mobservice2,2
gaia-v3-12423,classification,test-pred-000814,1627139010000,1627138969287,40.713,mobservice1,login_failure,mobservice1,1
gaia-v3-12425,classification,test-pred-000816,1627139220000,1627139195029,24.971,mobservice1,login_failure,mobservice2,2
gaia-v3-12079,classification,test-pred-000817,1627139400000,1627139379419,20.581,mobservice2,login_failure,mobservice2,1
gaia-v3-12082,classification,test-pred-000818,1627139490000,1627139483653,6.347,mobservice2,login_failure,mobservice2,1
gaia-v3-12083,classification,test-pred-000819,1627139760000,1627139739006,20.994,mobservice2,login_failure,mobservice1,2
gaia-v3-12426,classification,test-pred-000820,1627139820000,1627139780604,39.396,mobservice1,login_failure,mobservice1,1
gaia-v3-12428,classification,test-pred-000822,1627140210000,1627140190780,19.22,mobservice1,login_failure,mobservice2,2
gaia-v3-12085,classification,test-pred-000823,1627140300000,1627140272170,27.83,mobservice2,login_failure,mobservice2,1
gaia-v3-12448,classification,test-pred-000824,1627140660000,1627140636288,23.712,logservice1,memory_anomalies,mobservice2,6
gaia-v3-12088,classification,test-pred-000825,1627141320000,1627141290598,29.402,mobservice2,login_failure,mobservice2,1
gaia-v3-12089,classification,test-pred-000826,1627141680000,1627141663793,16.207,mobservice2,login_failure,mobservice2,1
gaia-v3-12431,classification,test-pred-000827,1627141740000,1627141718146,21.854,mobservice1,login_failure,mobservice1,1
gaia-v3-12090,classification,test-pred-000828,1627141860000,1627141827035,32.965,mobservice2,login_failure,mobservice1,2
gaia-v3-12432,classification,test-pred-000829,1627141950000,1627141919498,30.502,mobservice1,login_failure,mobservice2,2
gaia-v3-12093,classification,test-pred-000830,1627142340000,1627142326475,13.525,mobservice2,login_failure,mobservice2,1
gaia-v3-12477,classification,test-pred-000831,1627142520000,1627142479656,40.344,mobservice2,login_failure,mobservice1,2
gaia-v3-12794,classification,test-pred-000832,1627142640000,1627142605810,34.19,mobservice1,login_failure,mobservice1,1
gaia-v3-12796,classification,test-pred-000833,1627142700000,1627142698627,1.373,mobservice1,login_failure,mobservice1,1
gaia-v3-12478,classification,test-pred-000834,1627142850000,1627142832777,17.223,mobservice2,login_failure,mobservice2,1
gaia-v3-12798,classification,test-pred-000836,1627143060000,1627143037404,22.596,mobservice1,login_failure,mobservice1,1
gaia-v3-12479,classification,test-pred-000837,1627143180000,1627143176653,3.347,mobservice2,login_failure,mobservice2,1
gaia-v3-12800,classification,test-pred-000838,1627143450000,1627143412320,37.68,mobservice1,login_failure,mobservice1,1
gaia-v3-12480,classification,test-pred-000839,1627143750000,1627143732852,17.148,mobservice2,login_failure,mobservice2,1
gaia-v3-12801,classification,test-pred-000840,1627144170000,1627144154674,15.326,mobservice1,login_failure,mobservice1,1
gaia-v3-12481,classification,test-pred-000841,1627144470000,1627144443651,26.349,mobservice2,login_failure,mobservice2,1
gaia-v3-12482,classification,test-pred-000842,1627144620000,1627144594637,25.363,mobservice2,login_failure,mobservice1,2
gaia-v3-12803,classification,test-pred-000844,1627144980000,1627144970649,9.351,mobservice1,login_failure,mobservice1,1
gaia-v3-12484,classification,test-pred-000845,1627145130000,1627145093589,36.411,mobservice2,login_failure,mobservice2,1
gaia-v3-12488,classification,test-pred-000847,1627146120000,1627146080485,39.515,mobservice2,login_failure,mobservice1,2
gaia-v3-12489,classification,test-pred-000848,1627146240000,1627146223980,16.02,mobservice2,login_failure,mobservice1,2
gaia-v3-12490,classification,test-pred-000849,1627146300000,1627146275832,24.168,mobservice2,login_failure,mobservice1,2
gaia-v3-12491,classification,test-pred-000850,1627146600000,1627146583124,16.876,mobservice2,login_failure,mobservice1,2
gaia-v3-12807,classification,test-pred-000851,1627146660000,1627146626620,33.38,mobservice1,login_failure,mobservice2,3
gaia-v3-12493,classification,test-pred-000853,1627147050000,1627147009302,40.698,mobservice2,login_failure,mobservice2,1
gaia-v3-12812,classification,test-pred-000856,1627147800000,1627147759216,40.784,mobservice1,login_failure,mobservice1,1
gaia-v3-12494,classification,test-pred-000857,1627147860000,1627147834727,25.273,mobservice2,login_failure,mobservice1,2
gaia-v3-12495,classification,test-pred-000859,1627148070000,1627148056741,13.259,mobservice2,login_failure,mobservice2,1
gaia-v3-12815,classification,test-pred-000860,1627148220000,1627148208592,11.408,mobservice1,login_failure,mobservice2,3
gaia-v3-12497,classification,test-pred-000862,1627148610000,1627148595923,14.077,mobservice2,login_failure,mobservice1,2
gaia-v3-12498,classification,test-pred-000863,1627148820000,1627148807045,12.955,mobservice2,login_failure,mobservice1,2
gaia-v3-12499,classification,test-pred-000864,1627148970000,1627148944921,25.079,mobservice2,login_failure,mobservice2,1
gaia-v3-12500,classification,test-pred-000865,1627149390000,1627149373889,16.111,mobservice2,login_failure,mobservice2,1
gaia-v3-12502,classification,test-pred-000867,1627149780000,1627149776324,3.676,mobservice2,login_failure,mobservice2,1
gaia-v3-12504,classification,test-pred-000868,1627149900000,1627149882828,17.172,mobservice2,login_failure,mobservice2,1
gaia-v3-12505,classification,test-pred-000869,1627149960000,1627149919066,40.934,mobservice2,login_failure,dbservice1,10
gaia-v3-12506,classification,test-pred-000872,1627150260000,1627150248634,11.366,mobservice2,login_failure,mobservice1,2
gaia-v3-12507,classification,test-pred-000874,1627150590000,1627150555831,34.169,mobservice2,login_failure,mobservice2,1
gaia-v3-12508,classification,test-pred-000875,1627150740000,1627150711278,28.722,mobservice2,login_failure,mobservice2,1
gaia-v3-12509,classification,test-pred-000876,1627150830000,1627150817292,12.708,mobservice2,login_failure,mobservice1,2
gaia-v3-12510,classification,test-pred-000883,1627151550000,1627151522269,27.731,mobservice2,login_failure,mobservice1,2
gaia-v3-12512,classification,test-pred-000885,1627151850000,1627151809830,40.17,mobservice2,login_failure,mobservice1,3
gaia-v3-12514,classification,test-pred-000886,1627152150000,1627152146662,3.338,mobservice2,login_failure,mobservice2,1
gaia-v3-12515,classification,test-pred-000887,1627152270000,1627152255498,14.502,mobservice2,login_failure,mobservice1,2
gaia-v3-12516,classification,test-pred-000888,1627152480000,1627152463614,16.386,mobservice2,login_failure,mobservice1,2
gaia-v3-12833,classification,test-pred-000890,1627152720000,1627152699037,20.963,mobservice1,login_failure,mobservice2,2
gaia-v3-12838,classification,test-pred-000895,1627154010000,1627153970359,39.641,mobservice1,login_failure,mobservice1,1
gaia-v3-12839,classification,test-pred-000896,1627154070000,1627154053156,16.844,mobservice1,login_failure,mobservice2,2
gaia-v3-12517,classification,test-pred-000897,1627154160000,1627154142609,17.391,mobservice2,login_failure,mobservice1,2
gaia-v3-12518,classification,test-pred-000898,1627154400000,1627154379076,20.924,mobservice2,login_failure,mobservice1,2
gaia-v3-12519,classification,test-pred-000899,1627154730000,1627154717841,12.159,mobservice2,login_failure,mobservice2,1
gaia-v3-12521,classification,test-pred-000900,1627154850000,1627154837610,12.39,mobservice2,login_failure,mobservice1,2
gaia-v3-12841,classification,test-pred-000901,1627155240000,1627155231389,8.611,mobservice1,login_failure,mobservice1,1
gaia-v3-12531,classification,test-pred-000904,1627156950000,1627156947398,2.602,mobservice2,login_failure,mobservice2,1
gaia-v3-12534,classification,test-pred-000907,1627157760000,1627157729701,30.299,mobservice2,login_failure,mobservice2,1
gaia-v3-12535,classification,test-pred-000908,1627158090000,1627158079112,10.888,mobservice2,login_failure,mobservice2,1
gaia-v3-12536,classification,test-pred-000909,1627158300000,1627158266899,33.101,mobservice2,login_failure,mobservice2,1
gaia-v3-12537,classification,test-pred-000910,1627158390000,1627158367696,22.304,mobservice2,login_failure,mobservice2,1
gaia-v3-12538,classification,test-pred-000911,1627158480000,1627158459454,20.546,mobservice2,login_failure,mobservice1,3
gaia-v3-12539,classification,test-pred-000912,1627158720000,1627158695854,24.146,mobservice2,login_failure,mobservice2,1
gaia-v3-12541,classification,test-pred-000913,1627158870000,1627158830528,39.472,mobservice2,login_failure,mobservice2,1
gaia-v3-12542,classification,test-pred-000914,1627158960000,1627158927735,32.265,mobservice2,login_failure,mobservice1,2
gaia-v3-12543,classification,test-pred-000916,1627159470000,1627159469260,0.74,mobservice2,login_failure,mobservice2,1
gaia-v3-12544,classification,test-pred-000918,1627159770000,1627159730134,39.866,mobservice2,login_failure,mobservice1,2
gaia-v3-12855,classification,test-pred-000919,1627159890000,1627159881036,8.964,mobservice1,login_failure,mobservice1,1
gaia-v3-12546,classification,test-pred-000920,1627160340000,1627160323747,16.253,mobservice2,login_failure,mobservice2,1
gaia-v3-12547,classification,test-pred-000921,1627160490000,1627160456931,33.069,mobservice2,login_failure,mobservice1,3
gaia-v3-12548,classification,test-pred-000922,1627160760000,1627160726428,33.572,mobservice2,login_failure,mobservice1,2
gaia-v3-12857,classification,test-pred-000923,1627160910000,1627160869830,40.17,mobservice1,login_failure,mobservice1,1
gaia-v3-12549,classification,test-pred-000924,1627161090000,1627161072247,17.753,mobservice2,login_failure,mobservice2,1
gaia-v3-12550,classification,test-pred-000925,1627161150000,1627161128198,21.802,mobservice2,login_failure,mobservice1,2
gaia-v3-12551,classification,test-pred-000926,1627161270000,1627161256164,13.836,mobservice2,login_failure,mobservice1,2
gaia-v3-12552,classification,test-pred-000927,1627161450000,1627161417752,32.248,mobservice2,login_failure,mobservice2,1
gaia-v3-12554,classification,test-pred-000928,1627161510000,1627161496963,13.037,mobservice2,login_failure,mobservice2,1
gaia-v3-12859,classification,test-pred-000930,1627162080000,1627162064581,15.419,mobservice1,login_failure,mobservice1,1
gaia-v3-12555,classification,test-pred-000931,1627162260000,1627162227329,32.671,mobservice2,login_failure,mobservice2,1
gaia-v3-12556,classification,test-pred-000932,1627162350000,1627162313893,36.107,mobservice2,login_failure,mobservice1,2
gaia-v3-12557,classification,test-pred-000934,1627162710000,1627162676705,33.295,mobservice2,login_failure,mobservice2,1
gaia-v3-12862,classification,test-pred-000935,1627162950000,1627162920240,29.76,mobservice1,login_failure,mobservice1,1
gaia-v3-12558,classification,test-pred-000937,1627163070000,1627163052806,17.194,mobservice2,login_failure,mobservice2,1
gaia-v3-12559,classification,test-pred-000938,1627163160000,1627163141094,18.906,mobservice2,login_failure,mobservice2,1
gaia-v3-12561,classification,test-pred-000939,1627163430000,1627163422824,7.176,mobservice2,login_failure,mobservice2,1
gaia-v3-12865,classification,test-pred-000940,1627163730000,1627163696236,33.764,mobservice1,login_failure,mobservice2,2
gaia-v3-12562,classification,test-pred-000941,1627163790000,1627163766132,23.868,mobservice2,login_failure,mobservice1,2
gaia-v3-12564,classification,test-pred-000944,1627164120000,1627164107531,12.469,mobservice2,login_failure,mobservice1,2
gaia-v3-12565,classification,test-pred-000945,1627164540000,1627164508429,31.571,mobservice2,login_failure,mobservice2,1
gaia-v3-12567,classification,test-pred-000947,1627164810000,1627164804742,5.258,mobservice2,login_failure,mobservice2,1
gaia-v3-12570,classification,test-pred-000950,1627165860000,1627165845582,14.418,mobservice2,login_failure,mobservice2,1
gaia-v3-12571,classification,test-pred-000951,1627166010000,1627166008976,1.024,mobservice2,login_failure,mobservice2,1
gaia-v3-12875,classification,test-pred-000952,1627166130000,1627166093939,36.061,mobservice1,login_failure,mobservice1,1
gaia-v3-12572,classification,test-pred-000953,1627166400000,1627166367559,32.441,mobservice2,login_failure,mobservice2,1
gaia-v3-12573,classification,test-pred-000954,1627166460000,1627166427643,32.357,mobservice2,login_failure,mobservice1,2
gaia-v3-12574,classification,test-pred-000955,1627167000000,1627166959728,40.272,mobservice2,login_failure,mobservice1,2
gaia-v3-12462,classification,test-pred-000958,1627167540000,1627167534628,5.372,webservice2,memory_anomalies,mobservice2,2
gaia-v3-12576,classification,test-pred-000959,1627168440000,1627168399229,40.771,mobservice2,login_failure,mobservice2,1
gaia-v3-12880,classification,test-pred-000960,1627168770000,1627168733566,36.434,mobservice1,login_failure,mobservice1,1
gaia-v3-12577,classification,test-pred-000961,1627168980000,1627168959260,20.74,mobservice2,login_failure,mobservice2,1
gaia-v3-12883,classification,test-pred-000962,1627169250000,1627169236895,13.105,mobservice1,login_failure,mobservice1,1
gaia-v3-12884,classification,test-pred-000963,1627169400000,1627169368306,31.694,mobservice1,login_failure,mobservice1,1
gaia-v3-12885,classification,test-pred-000964,1627169460000,1627169436326,23.674,mobservice1,login_failure,mobservice2,2
gaia-v3-12578,classification,test-pred-000965,1627169580000,1627169568613,11.387,mobservice2,login_failure,mobservice2,1
gaia-v3-12579,classification,test-pred-000966,1627169640000,1627169621354,18.646,mobservice2,login_failure,mobservice2,1
gaia-v3-12580,classification,test-pred-000967,1627169760000,1627169747458,12.542,mobservice2,login_failure,mobservice1,2
gaia-v3-12886,classification,test-pred-000968,1627169820000,1627169800556,19.444,mobservice1,login_failure,mobservice1,1
gaia-v3-12889,classification,test-pred-000970,1627170060000,1627170055987,4.013,mobservice1,login_failure,mobservice1,1
gaia-v3-12581,classification,test-pred-000971,1627170240000,1627170207453,32.547,mobservice2,login_failure,mobservice1,2
gaia-v3-12890,classification,test-pred-000972,1627170330000,1627170318284,11.716,mobservice1,login_failure,mobservice2,2
gaia-v3-12582,classification,test-pred-000973,1627170420000,1627170398547,21.453,mobservice2,login_failure,mobservice1,2
gaia-v3-12583,classification,test-pred-000976,1627170870000,1627170853412,16.588,mobservice2,login_failure,mobservice2,1
gaia-v3-12585,classification,test-pred-000977,1627170990000,1627170962700,27.3,mobservice2,login_failure,mobservice2,1
gaia-v3-12586,classification,test-pred-000978,1627171110000,1627171070026,39.974,mobservice2,login_failure,mobservice1,2
gaia-v3-12894,classification,test-pred-000979,1627171200000,1627171186701,13.299,mobservice1,login_failure,mobservice2,2
gaia-v3-12898,classification,test-pred-000980,1627171320000,1627171296279,23.721,mobservice1,memory_anomalies,mobservice1,1
gaia-v3-12588,classification,test-pred-000981,1627172190000,1627172173448,16.552,mobservice2,login_failure,mobservice1,2
gaia-v3-12589,classification,test-pred-000982,1627172400000,1627172378445,21.555,mobservice2,login_failure,mobservice1,2
gaia-v3-12899,classification,test-pred-000983,1627172550000,1627172525590,24.41,mobservice1,login_failure,mobservice1,1
gaia-v3-12590,classification,test-pred-000984,1627172790000,1627172750889,39.111,mobservice2,login_failure,mobservice2,1
gaia-v3-12591,classification,test-pred-000985,1627172850000,1627172831250,18.75,mobservice2,login_failure,mobservice1,2
gaia-v3-12592,classification,test-pred-000986,1627173030000,1627173001010,28.99,mobservice2,login_failure,mobservice2,1
gaia-v3-12593,classification,test-pred-000987,1627173390000,1627173374016,15.984,mobservice2,login_failure,mobservice2,1
gaia-v3-12595,classification,test-pred-000988,1627173540000,1627173513472,26.528,mobservice2,login_failure,mobservice1,2
gaia-v3-12900,classification,test-pred-000989,1627173660000,1627173635115,24.885,mobservice1,login_failure,mobservice2,2
gaia-v3-12596,classification,test-pred-000990,1627173720000,1627173693968,26.032,mobservice2,login_failure,mobservice1,2
gaia-v3-12902,classification,test-pred-000991,1627173870000,1627173854379,15.621,mobservice1,login_failure,mobservice1,1
gaia-v3-12597,classification,test-pred-000992,1627174080000,1627174063642,16.358,mobservice2,login_failure,mobservice2,1
gaia-v3-12601,classification,test-pred-000993,1627174710000,1627174657545,52.455,mobservice2,memory_anomalies,mobservice2,1
gaia-v3-12907,classification,test-pred-000995,1627175460000,1627175427183,32.817,mobservice1,login_failure,mobservice1,1
gaia-v3-12602,classification,test-pred-000997,1627175760000,1627175738537,21.463,mobservice2,login_failure,mobservice1,2
gaia-v3-12909,classification,test-pred-000998,1627175820000,1627175780840,39.16,mobservice1,login_failure,mobservice1,1
gaia-v3-12910,classification,test-pred-000999,1627175910000,1627175881067,28.933,mobservice1,login_failure,mobservice2,2
gaia-v3-12603,classification,test-pred-001000,1627176120000,1627176100154,19.846,mobservice2,login_failure,mobservice2,1
gaia-v3-12604,classification,test-pred-001002,1627176300000,1627176275615,24.385,mobservice2,login_failure,mobservice1,2
gaia-v3-12605,classification,test-pred-001003,1627176420000,1627176413231,6.769,mobservice2,login_failure,mobservice2,1
gaia-v3-12914,classification,test-pred-001004,1627176660000,1627176655953,4.047,mobservice1,login_failure,mobservice1,1
gaia-v3-12609,classification,test-pred-001005,1627176870000,1627176832605,37.395,mobservice2,login_failure,mobservice1,2
gaia-v3-12610,classification,test-pred-001007,1627177080000,1627177057646,22.354,mobservice2,login_failure,mobservice2,1
gaia-v3-12611,classification,test-pred-001008,1627177200000,1627177165437,34.563,mobservice2,login_failure,mobservice2,1
gaia-v3-12916,classification,test-pred-001009,1627177410000,1627177373881,36.119,mobservice1,login_failure,mobservice2,2
gaia-v3-12469,classification,test-pred-001013,1627178400000,1627178358525,41.475,dbservice2,memory_anomalies,mobservice2,4
gaia-v3-12616,classification,test-pred-001014,1627179120000,1627179101187,18.813,mobservice2,login_failure,mobservice1,5
gaia-v3-12617,classification,test-pred-001015,1627179420000,1627179386255,33.745,mobservice2,login_failure,mobservice2,1
gaia-v3-12619,classification,test-pred-001016,1627179510000,1627179496157,13.843,mobservice2,login_failure,mobservice1,2
gaia-v3-12620,classification,test-pred-001017,1627179750000,1627179724063,25.937,mobservice2,login_failure,mobservice1,2
gaia-v3-12621,classification,test-pred-001018,1627179960000,1627179921519,38.481,mobservice2,login_failure,mobservice2,1
gaia-v3-12622,classification,test-pred-001019,1627180080000,1627180047760,32.24,mobservice2,login_failure,mobservice2,1
gaia-v3-12923,classification,test-pred-001021,1627180530000,1627180512162,17.838,mobservice1,login_failure,mobservice1,1
gaia-v3-12624,classification,test-pred-001022,1627180650000,1627180645854,4.146,mobservice2,login_failure,mobservice2,1
gaia-v3-12925,classification,test-pred-001023,1627180770000,1627180742155,27.845,mobservice1,login_failure,mobservice2,2
gaia-v3-12626,classification,test-pred-001024,1627180890000,1627180849496,40.504,mobservice2,login_failure,mobservice1,2
gaia-v3-12627,classification,test-pred-001025,1627181130000,1627181099664,30.336,mobservice2,login_failure,mobservice1,2
gaia-v3-12628,classification,test-pred-001026,1627181280000,1627181239889,40.111,mobservice2,login_failure,mobservice2,1
gaia-v3-12629,classification,test-pred-001027,1627181430000,1627181412701,17.299,mobservice2,login_failure,mobservice2,1
gaia-v3-12929,classification,test-pred-001029,1627181880000,1627181874278,5.722,mobservice1,login_failure,mobservice1,1
gaia-v3-12631,classification,test-pred-001030,1627182000000,1627181975368,24.632,mobservice2,login_failure,mobservice1,2
gaia-v3-12932,classification,test-pred-001032,1627182150000,1627182144794,5.206,mobservice1,login_failure,mobservice1,1
gaia-v3-12633,classification,test-pred-001033,1627182480000,1627182467695,12.305,mobservice2,login_failure,mobservice2,1
gaia-v3-12635,classification,test-pred-001034,1627182570000,1627182531342,38.658,mobservice2,login_failure,mobservice1,2
gaia-v3-12637,classification,test-pred-001035,1627182840000,1627182809132,30.868,mobservice2,login_failure,mobservice1,2
gaia-v3-12937,classification,test-pred-001037,1627183110000,1627183098532,11.468,mobservice1,login_failure,mobservice2,2
gaia-v3-12639,classification,test-pred-001038,1627183200000,1627183180825,19.175,mobservice2,login_failure,mobservice2,1
gaia-v3-12640,classification,test-pred-001040,1627183350000,1627183310719,39.281,mobservice2,login_failure,mobservice1,2
gaia-v3-12641,classification,test-pred-001042,1627183590000,1627183559774,30.226,mobservice2,login_failure,mobservice1,2
gaia-v3-12940,classification,test-pred-001043,1627183920000,1627183902487,17.513,mobservice1,login_failure,mobservice1,1
gaia-v3-13113,classification,test-pred-001045,1627184100000,1627184075131,24.869,redisservice1,memory_anomalies,mobservice2,3
gaia-v3-12947,classification,test-pred-001047,1627184880000,1627184860836,19.164,mobservice1,login_failure,mobservice2,2
gaia-v3-12642,classification,test-pred-001048,1627185000000,1627184969593,30.407,mobservice2,login_failure,mobservice1,2
gaia-v3-12948,classification,test-pred-001049,1627185060000,1627185028756,31.244,mobservice1,login_failure,mobservice2,3
gaia-v3-12643,classification,test-pred-001053,1627185630000,1627185618650,11.35,mobservice2,login_failure,webservice2,3
gaia-v3-12953,classification,test-pred-001055,1627186500000,1627186498764,1.236,mobservice1,login_failure,mobservice1,1
gaia-v3-12955,classification,test-pred-001057,1627186740000,1627186733044,6.956,mobservice1,login_failure,mobservice1,1
gaia-v3-12650,classification,test-pred-001058,1627186860000,1627186836738,23.262,mobservice2,login_failure,mobservice1,2
gaia-v3-12651,classification,test-pred-001060,1627187070000,1627187031052,38.948,mobservice2,login_failure,mobservice2,1
gaia-v3-12652,classification,test-pred-001061,1627187130000,1627187099208,30.792,mobservice2,login_failure,mobservice2,1
gaia-v3-12958,classification,test-pred-001062,1627187370000,1627187330769,39.231,mobservice1,login_failure,mobservice2,2
gaia-v3-12653,classification,test-pred-001063,1627187460000,1627187448036,11.964,mobservice2,login_failure,mobservice1,2
gaia-v3-12959,classification,test-pred-001064,1627187550000,1627187518033,31.967,mobservice1,login_failure,mobservice2,2
gaia-v3-12464,classification,test-pred-001065,1627187670000,1627187658288,11.712,webservice2,memory_anomalies,mobservice1,5
gaia-v3-12655,classification,test-pred-001067,1627188780000,1627188775788,4.212,mobservice2,login_failure,mobservice2,1
gaia-v3-12656,classification,test-pred-001068,1627189050000,1627189029681,20.319,mobservice2,login_failure,mobservice2,1
gaia-v3-12659,classification,test-pred-001069,1627189320000,1627189306119,13.881,mobservice2,login_failure,mobservice2,1
gaia-v3-12660,classification,test-pred-001070,1627189410000,1627189388201,21.799,mobservice2,login_failure,mobservice1,2
gaia-v3-12965,classification,test-pred-001071,1627189530000,1627189504954,25.046,mobservice1,login_failure,mobservice2,2
gaia-v3-12666,classification,test-pred-001073,1627191210000,1627191196085,13.915,mobservice2,login_failure,mobservice1,2
gaia-v3-12668,classification,test-pred-001074,1627191360000,1627191346368,13.632,mobservice2,login_failure,mobservice2,1
gaia-v3-12669,classification,test-pred-001075,1627191510000,1627191481843,28.157,mobservice2,login_failure,mobservice1,2
gaia-v3-12975,classification,test-pred-001076,1627191600000,1627191580392,19.608,mobservice1,login_failure,mobservice2,2
gaia-v3-12671,classification,test-pred-001077,1627191810000,1627191778251,31.749,mobservice2,login_failure,mobservice2,1
gaia-v3-12672,classification,test-pred-001078,1627192500000,1627192461085,38.915,mobservice2,login_failure,mobservice1,2
gaia-v3-12674,classification,test-pred-001079,1627192560000,1627192559824,0.176,mobservice2,login_failure,mobservice1,2
gaia-v3-12675,classification,test-pred-001080,1627192800000,1627192768274,31.726,mobservice2,login_failure,mobservice2,1
gaia-v3-12676,classification,test-pred-001081,1627192920000,1627192893777,26.223,mobservice2,login_failure,mobservice1,4
gaia-v3-12677,classification,test-pred-001082,1627193220000,1627193200961,19.039,mobservice2,login_failure,mobservice1,2
gaia-v3-12678,classification,test-pred-001083,1627193340000,1627193316357,23.643,mobservice2,login_failure,mobservice1,2
gaia-v3-12977,classification,test-pred-001084,1627193400000,1627193382888,17.112,mobservice1,login_failure,mobservice2,2
gaia-v3-12680,classification,test-pred-001085,1627193520000,1627193514720,5.28,mobservice2,login_failure,mobservice2,1
gaia-v3-12983,classification,test-pred-001088,1627194630000,1627194609972,20.028,mobservice1,login_failure,mobservice1,1
gaia-v3-12682,classification,test-pred-001091,1627195470000,1627195449371,20.629,mobservice2,login_failure,mobservice1,2
gaia-v3-12989,classification,test-pred-001093,1627196160000,1627196140924,19.076,mobservice1,login_failure,mobservice2,2
gaia-v3-12683,classification,test-pred-001094,1627196310000,1627196280389,29.611,mobservice2,login_failure,mobservice2,1
gaia-v3-12990,classification,test-pred-001095,1627196550000,1627196527384,22.616,mobservice1,login_failure,mobservice2,3
gaia-v3-12684,classification,test-pred-001096,1627196640000,1627196613895,26.105,mobservice2,login_failure,mobservice2,1
gaia-v3-12991,classification,test-pred-001097,1627196790000,1627196788140,1.86,mobservice1,login_failure,mobservice1,1
gaia-v3-12992,classification,test-pred-001098,1627197030000,1627196996465,33.535,mobservice1,login_failure,mobservice1,1
gaia-v3-12994,classification,test-pred-001100,1627197240000,1627197207732,32.268,mobservice1,login_failure,mobservice2,4
gaia-v3-12686,classification,test-pred-001101,1627197330000,1627197300575,29.425,mobservice2,login_failure,mobservice2,1
gaia-v3-12687,classification,test-pred-001103,1627197480000,1627197463991,16.009,mobservice2,login_failure,mobservice1,4
gaia-v3-12996,classification,test-pred-001104,1627197540000,1627197503221,36.779,mobservice1,login_failure,mobservice1,1
gaia-v3-12997,classification,test-pred-001105,1627197660000,1627197642476,17.524,mobservice1,login_failure,mobservice2,2
gaia-v3-12688,classification,test-pred-001106,1627197750000,1627197724817,25.183,mobservice2,login_failure,mobservice1,4
gaia-v3-12693,classification,test-pred-001107,1627198500000,1627198465324,34.676,mobservice2,login_failure,mobservice1,2
gaia-v3-12999,classification,test-pred-001108,1627198620000,1627198582160,37.84,mobservice1,login_failure,mobservice2,2
gaia-v3-12694,classification,test-pred-001109,1627198680000,1627198642077,37.923,mobservice2,login_failure,mobservice1,2
gaia-v3-12695,classification,test-pred-001111,1627198860000,1627198828705,31.295,mobservice2,login_failure,mobservice2,1
gaia-v3-12697,classification,test-pred-001112,1627198920000,1627198904321,15.679,mobservice2,login_failure,mobservice1,2
gaia-v3-13001,classification,test-pred-001113,1627199010000,1627198973517,36.483,mobservice1,login_failure,mobservice1,1
gaia-v3-13002,classification,test-pred-001114,1627199130000,1627199105390,24.61,mobservice1,login_failure,mobservice2,5
gaia-v3-12698,classification,test-pred-001115,1627199220000,1627199203760,16.24,mobservice2,login_failure,mobservice2,1
gaia-v3-13121,classification,test-pred-001116,1627199310000,1627199302728,7.272,logservice1,memory_anomalies,mobservice2,6
gaia-v3-13004,classification,test-pred-001117,1627200060000,1627200048649,11.351,mobservice1,login_failure,mobservice1,1
gaia-v3-13006,classification,test-pred-001118,1627200120000,1627200116797,3.203,mobservice1,login_failure,mobservice1,1
gaia-v3-12701,classification,test-pred-001119,1627200420000,1627200401601,18.399,mobservice2,login_failure,mobservice1,2
gaia-v3-13009,classification,test-pred-001121,1627200630000,1627200589186,40.814,mobservice1,login_failure,mobservice1,1
gaia-v3-13010,classification,test-pred-001122,1627200720000,1627200685791,34.209,mobservice1,login_failure,mobservice1,1
gaia-v3-12704,classification,test-pred-001123,1627200870000,1627200824371,45.629,mobservice2,memory_anomalies,mobservice2,1
gaia-v3-13014,classification,test-pred-001125,1627201860000,1627201824514,35.486,mobservice1,login_failure,mobservice1,1
gaia-v3-13016,classification,test-pred-001126,1627202400000,1627202372715,27.285,mobservice1,login_failure,mobservice1,1
gaia-v3-12705,classification,test-pred-001127,1627202610000,1627202608263,1.737,mobservice2,login_failure,mobservice2,1
gaia-v3-12706,classification,test-pred-001128,1627202700000,1627202666277,33.723,mobservice2,login_failure,mobservice1,2
gaia-v3-12707,classification,test-pred-001129,1627202910000,1627202893380,16.62,mobservice2,login_failure,mobservice1,2
gaia-v3-12708,classification,test-pred-001130,1627203030000,1627203010015,19.985,mobservice2,login_failure,mobservice1,2
gaia-v3-12709,classification,test-pred-001131,1627203300000,1627203261763,38.237,mobservice2,login_failure,mobservice2,1
gaia-v3-13021,classification,test-pred-001133,1627203510000,1627203494637,15.363,mobservice1,login_failure,webservice1,2
gaia-v3-12711,classification,test-pred-001135,1627203990000,1627203974880,15.12,mobservice2,login_failure,mobservice2,1
gaia-v3-12712,classification,test-pred-001136,1627204440000,1627204410577,29.423,mobservice2,login_failure,mobservice1,3
gaia-v3-12713,classification,test-pred-001138,1627204740000,1627204716476,23.524,mobservice2,login_failure,mobservice1,2
gaia-v3-12714,classification,test-pred-001139,1627205130000,1627205117981,12.019,mobservice2,login_failure,mobservice1,2
gaia-v3-13025,classification,test-pred-001140,1627205190000,1627205171225,18.775,mobservice1,login_failure,mobservice2,2
gaia-v3-13026,classification,test-pred-001141,1627205460000,1627205429357,30.643,mobservice1,login_failure,mobservice1,1
gaia-v3-13027,classification,test-pred-001142,1627205520000,1627205507261,12.739,mobservice1,login_failure,mobservice2,2
gaia-v3-12715,classification,test-pred-001143,1627205670000,1627205651131,18.869,mobservice2,login_failure,mobservice2,1
gaia-v3-12716,classification,test-pred-001144,1627205790000,1627205771452,18.548,mobservice2,login_failure,mobservice1,2
gaia-v3-12717,classification,test-pred-001145,1627205970000,1627205960623,9.377,mobservice2,login_failure,mobservice2,1
gaia-v3-12718,classification,test-pred-001146,1627206360000,1627206319932,40.068,mobservice2,login_failure,mobservice1,2
gaia-v3-12719,classification,test-pred-001147,1627206750000,1627206714082,35.918,mobservice2,login_failure,mobservice2,1
gaia-v3-12720,classification,test-pred-001148,1627206900000,1627206866368,33.632,mobservice2,login_failure,mobservice2,1
gaia-v3-12721,classification,test-pred-001149,1627207080000,1627207044575,35.425,mobservice2,login_failure,mobservice1,2
gaia-v3-12722,classification,test-pred-001150,1627207140000,1627207125876,14.124,mobservice2,login_failure,mobservice1,2
gaia-v3-13031,classification,test-pred-001151,1627207440000,1627207415276,24.724,mobservice1,login_failure,mobservice1,1
gaia-v3-13032,classification,test-pred-001152,1627207530000,1627207517191,12.809,mobservice1,login_failure,mobservice2,2
gaia-v3-12723,classification,test-pred-001153,1627208010000,1627207994320,15.68,mobservice2,login_failure,mobservice1,2
gaia-v3-13033,classification,test-pred-001154,1627208100000,1627208062193,37.807,mobservice1,login_failure,mobservice1,1
gaia-v3-13036,classification,test-pred-001156,1627208910000,1627208887180,22.82,mobservice1,login_failure,mobservice2,3
gaia-v3-13037,classification,test-pred-001157,1627209150000,1627209128983,21.017,mobservice1,login_failure,mobservice2,2
gaia-v3-12726,classification,test-pred-001158,1627209270000,1627209254830,15.17,mobservice2,login_failure,mobservice2,1
gaia-v3-12727,classification,test-pred-001159,1627209420000,1627209400045,19.955,mobservice2,login_failure,mobservice1,2
gaia-v3-13039,classification,test-pred-001161,1627209630000,1627209592667,37.333,mobservice1,login_failure,mobservice2,2
gaia-v3-12729,classification,test-pred-001162,1627209750000,1627209743945,6.055,mobservice2,login_failure,mobservice2,1
gaia-v3-13043,classification,test-pred-001165,1627210290000,1627210277962,12.038,mobservice1,login_failure,mobservice1,1
gaia-v3-13045,classification,test-pred-001166,1627210440000,1627210402620,37.38,mobservice1,login_failure,mobservice2,2
gaia-v3-12731,classification,test-pred-001167,1627210620000,1627210585518,34.482,mobservice2,login_failure,mobservice2,1
gaia-v3-13047,classification,test-pred-001168,1627210890000,1627210874531,15.469,mobservice1,login_failure,mobservice2,2
gaia-v3-12734,classification,test-pred-001170,1627211520000,1627211485717,34.283,mobservice2,login_failure,mobservice1,2
gaia-v3-13051,classification,test-pred-001171,1627211640000,1627211606819,33.181,mobservice1,login_failure,mobservice2,3
gaia-v3-13053,classification,test-pred-001172,1627211880000,1627211879038,0.962,mobservice1,login_failure,mobservice1,1
gaia-v3-12736,classification,test-pred-001173,1627212120000,1627212095946,24.054,mobservice2,login_failure,mobservice2,1
gaia-v3-12737,classification,test-pred-001174,1627212360000,1627212339517,20.483,mobservice2,login_failure,mobservice1,2
gaia-v3-13055,classification,test-pred-001175,1627212480000,1627212463751,16.249,mobservice1,login_failure,mobservice2,2
gaia-v3-12739,classification,test-pred-001176,1627212540000,1627212512682,27.318,mobservice2,login_failure,mobservice1,2
gaia-v3-13056,classification,test-pred-001177,1627212660000,1627212637619,22.381,mobservice1,login_failure,mobservice2,2
gaia-v3-12741,classification,test-pred-001178,1627212810000,1627212798461,11.539,mobservice2,login_failure,mobservice2,1
gaia-v3-12742,classification,test-pred-001179,1627212870000,1627212851003,18.997,mobservice2,login_failure,mobservice1,2
gaia-v3-13058,classification,test-pred-001180,1627213440000,1627213423972,16.028,mobservice1,login_failure,mobservice2,2
gaia-v3-12743,classification,test-pred-001181,1627213500000,1627213478122,21.878,mobservice2,login_failure,mobservice2,1
gaia-v3-12744,classification,test-pred-001182,1627213560000,1627213519573,40.427,mobservice2,login_failure,mobservice2,1
gaia-v3-12745,classification,test-pred-001183,1627213710000,1627213681041,28.959,mobservice2,login_failure,mobservice1,2
gaia-v3-12746,classification,test-pred-001185,1627214040000,1627214021506,18.494,mobservice2,login_failure,mobservice1,2
gaia-v3-13061,classification,test-pred-001186,1627214220000,1627214202586,17.414,mobservice1,login_failure,mobservice2,2
gaia-v3-12747,classification,test-pred-001187,1627214310000,1627214295601,14.399,mobservice2,login_failure,mobservice2,1
gaia-v3-12749,classification,test-pred-001188,1627214430000,1627214409242,20.758,mobservice2,login_failure,mobservice2,1
gaia-v3-13122,classification,test-pred-001189,1627214610000,1627214588172,21.828,logservice1,memory_anomalies,mobservice1,4
gaia-v3-12751,classification,test-pred-001190,1627215450000,1627215411559,38.441,mobservice2,login_failure,mobservice1,4
gaia-v3-12752,classification,test-pred-001193,1627216200000,1627216185383,14.617,mobservice2,login_failure,mobservice1,2
gaia-v3-12753,classification,test-pred-001194,1627216530000,1627216517173,12.827,mobservice2,login_failure,mobservice2,1
gaia-v3-13067,classification,test-pred-001195,1627217250000,1627217212288,37.712,mobservice1,login_failure,mobservice1,1
gaia-v3-12754,classification,test-pred-001197,1627217460000,1627217421027,38.973,mobservice2,login_failure,mobservice2,1
gaia-v3-13069,classification,test-pred-001198,1627217640000,1627217619253,20.747,mobservice1,login_failure,mobservice2,2
gaia-v3-12755,classification,test-pred-001199,1627217700000,1627217663867,36.133,mobservice2,login_failure,mobservice1,2
gaia-v3-13070,classification,test-pred-001200,1627217820000,1627217790547,29.453,mobservice1,login_failure,mobservice1,1
gaia-v3-13076,classification,test-pred-001203,1627218750000,1627218736848,13.152,mobservice1,login_failure,mobservice1,1
gaia-v3-12758,classification,test-pred-001204,1627218810000,1627218797087,12.913,mobservice2,login_failure,mobservice1,2
gaia-v3-13077,classification,test-pred-001205,1627218900000,1627218865928,34.072,mobservice1,login_failure,mobservice2,2
gaia-v3-12759,classification,test-pred-001206,1627219020000,1627219003404,16.596,mobservice2,login_failure,mobservice2,1
gaia-v3-12760,classification,test-pred-001207,1627219500000,1627219480984,19.016,mobservice2,login_failure,mobservice2,1
gaia-v3-12761,classification,test-pred-001208,1627219650000,1627219612023,37.977,mobservice2,login_failure,mobservice2,1
gaia-v3-13078,classification,test-pred-001209,1627220160000,1627220123516,36.484,mobservice1,login_failure,mobservice2,2
gaia-v3-12762,classification,test-pred-001210,1627220220000,1627220196802,23.198,mobservice2,login_failure,mobservice1,2
gaia-v3-12763,classification,test-pred-001212,1627220580000,1627220557987,22.013,mobservice2,login_failure,mobservice1,2
gaia-v3-13082,classification,test-pred-001214,1627220940000,1627220904831,35.169,mobservice1,login_failure,mobservice2,2
gaia-v3-12764,classification,test-pred-001215,1627221030000,1627221000887,29.113,mobservice2,login_failure,mobservice1,2
gaia-v3-12765,classification,test-pred-001216,1627221210000,1627221192177,17.823,mobservice2,login_failure,mobservice2,1
gaia-v3-12766,classification,test-pred-001217,1627221270000,1627221252367,17.633,mobservice2,login_failure,mobservice1,2
gaia-v3-12767,classification,test-pred-001218,1627221780000,1627221766486,13.514,mobservice2,login_failure,mobservice2,1
gaia-v3-12768,classification,test-pred-001219,1627221900000,1627221887960,12.04,mobservice2,login_failure,mobservice1,2
gaia-v3-13083,classification,test-pred-001220,1627222050000,1627222044097,5.903,mobservice1,login_failure,mobservice1,1
gaia-v3-12770,classification,test-pred-001221,1627222140000,1627222122021,17.979,mobservice2,login_failure,mobservice2,1
gaia-v3-13084,classification,test-pred-001222,1627222650000,1627222619206,30.794,mobservice1,login_failure,mobservice2,2
gaia-v3-12771,classification,test-pred-001224,1627222980000,1627222948928,31.072,mobservice2,login_failure,mobservice2,1
gaia-v3-13086,classification,test-pred-001225,1627223220000,1627223185959,34.041,mobservice1,login_failure,mobservice1,1
gaia-v3-13089,classification,test-pred-001226,1627223400000,1627223394961,5.039,mobservice1,login_failure,mobservice1,1
gaia-v3-13091,classification,test-pred-001228,1627223970000,1627223958573,11.427,mobservice1,login_failure,mobservice2,2
gaia-v3-12777,classification,test-pred-001230,1627224300000,1627224278204,21.796,mobservice2,login_failure,mobservice2,1
gaia-v3-13093,classification,test-pred-001231,1627224450000,1627224408968,41.032,mobservice1,login_failure,mobservice2,2
gaia-v3-13095,classification,test-pred-001232,1627224540000,1627224519417,20.583,mobservice1,login_failure,mobservice1,1
gaia-v3-13096,classification,test-pred-001233,1627224600000,1627224587419,12.581,mobservice1,login_failure,redisservice1,2
gaia-v3-12779,classification,test-pred-001234,1627224840000,1627224801849,38.151,mobservice2,login_failure,mobservice2,1
gaia-v3-12780,classification,test-pred-001235,1627225080000,1627225045821,34.179,mobservice2,login_failure,mobservice2,1
gaia-v3-13099,classification,test-pred-001237,1627225290000,1627225282586,7.414,mobservice1,login_failure,mobservice1,1
gaia-v3-12781,classification,test-pred-001238,1627225470000,1627225448583,21.417,mobservice2,login_failure,mobservice2,1
gaia-v3-12782,classification,test-pred-001239,1627225530000,1627225498594,31.406,mobservice2,login_failure,redisservice1,2
gaia-v3-12784,classification,test-pred-001241,1627226520000,1627226499725,20.275,mobservice2,login_failure,mobservice1,2
gaia-v3-12785,classification,test-pred-001242,1627226700000,1627226660336,39.664,mobservice2,login_failure,mobservice2,1
gaia-v3-13102,classification,test-pred-001243,1627227090000,1627227068051,21.949,mobservice1,login_failure,mobservice2,2
gaia-v3-12786,classification,test-pred-001244,1627227240000,1627227216274,23.726,mobservice2,login_failure,mobservice2,1
gaia-v3-12790,classification,test-pred-001245,1627227420000,1627227407685,12.315,mobservice2,memory_anomalies,mobservice1,2
gaia-v3-13106,classification,test-pred-001246,1627228110000,1627228097999,12.001,mobservice1,login_failure,mobservice1,1
gaia-v3-13107,classification,test-pred-001247,1627228200000,1627228165877,34.123,mobservice1,login_failure,mobservice1,1
gaia-v3-12791,classification,test-pred-001248,1627228380000,1627228365417,14.583,mobservice2,login_failure,mobservice2,1
gaia-v3-12793,classification,test-pred-001250,1627228800000,1627228781570,18.43,mobservice2,login_failure,logservice1,3
gaia-v3-13449,classification,test-pred-001252,1627229100000,1627229082494,17.506,mobservice1,login_failure,mobservice2,4
gaia-v3-13154,classification,test-pred-001253,1627229160000,1627229132531,27.469,mobservice2,login_failure,logservice2,4
gaia-v3-13155,classification,test-pred-001254,1627229430000,1627229416993,13.007,mobservice2,login_failure,mobservice1,5
gaia-v3-13450,classification,test-pred-001255,1627229550000,1627229526478,23.522,mobservice1,login_failure,mobservice2,2
gaia-v3-13156,classification,test-pred-001256,1627229670000,1627229655829,14.171,mobservice2,login_failure,mobservice1,2
gaia-v3-13158,classification,test-pred-001257,1627229850000,1627229827219,22.781,mobservice2,login_failure,logservice1,4
gaia-v3-13452,classification,test-pred-001258,1627230120000,1627230105819,14.181,mobservice1,login_failure,mobservice2,4
gaia-v3-13453,classification,test-pred-001259,1627230390000,1627230373871,16.129,mobservice1,login_failure,mobservice2,3
gaia-v3-13160,classification,test-pred-001260,1627230510000,1627230479756,30.244,mobservice2,login_failure,mobservice2,1
gaia-v3-13161,classification,test-pred-001261,1627230660000,1627230640951,19.049,mobservice2,login_failure,mobservice2,1
gaia-v3-13162,classification,test-pred-001262,1627230750000,1627230725293,24.707,mobservice2,login_failure,mobservice1,2
gaia-v3-13454,classification,test-pred-001263,1627230810000,1627230787816,22.184,mobservice1,login_failure,mobservice1,1
gaia-v3-13455,classification,test-pred-001264,1627230870000,1627230858192,11.808,mobservice1,login_failure,mobservice2,3
gaia-v3-13456,classification,test-pred-001265,1627230990000,1627230971453,18.547,mobservice1,login_failure,mobservice2,4
gaia-v3-13460,classification,test-pred-001267,1627231950000,1627231927946,22.054,mobservice1,login_failure,logservice2,4
gaia-v3-13164,classification,test-pred-001268,1627232070000,1627232046160,23.84,mobservice2,login_failure,mobservice2,1
gaia-v3-13461,classification,test-pred-001269,1627232190000,1627232167979,22.021,mobservice1,login_failure,mobservice2,3
gaia-v3-13166,classification,test-pred-001270,1627232520000,1627232505540,14.46,mobservice2,login_failure,mobservice2,1
gaia-v3-13167,classification,test-pred-001271,1627232610000,1627232570049,39.951,mobservice2,login_failure,mobservice2,1
gaia-v3-13168,classification,test-pred-001272,1627232760000,1627232745331,14.669,mobservice2,login_failure,mobservice1,2
gaia-v3-13462,classification,test-pred-001273,1627232880000,1627232865916,14.084,mobservice1,login_failure,logservice2,4
gaia-v3-13463,classification,test-pred-001274,1627233180000,1627233151313,28.687,mobservice1,login_failure,mobservice1,1
gaia-v3-13465,classification,test-pred-001275,1627233330000,1627233309367,20.633,mobservice1,login_failure,mobservice2,4
gaia-v3-13172,classification,test-pred-001278,1627233960000,1627233918960,41.04,mobservice2,login_failure,mobservice2,1
gaia-v3-13468,classification,test-pred-001279,1627234260000,1627234227864,32.136,mobservice1,login_failure,mobservice2,2
gaia-v3-13173,classification,test-pred-001280,1627234410000,1627234383912,26.088,mobservice2,login_failure,logservice1,2
gaia-v3-13174,classification,test-pred-001281,1627234620000,1627234597342,22.658,mobservice2,login_failure,mobservice1,2
gaia-v3-13175,classification,test-pred-001282,1627234680000,1627234663020,16.98,mobservice2,login_failure,mobservice1,2
gaia-v3-13471,classification,test-pred-001284,1627235010000,1627234974578,35.422,mobservice1,login_failure,logservice1,8
gaia-v3-13178,classification,test-pred-001285,1627235220000,1627235196277,23.723,mobservice2,login_failure,mobservice2,1
gaia-v3-13180,classification,test-pred-001286,1627235310000,1627235302265,7.735,mobservice2,login_failure,mobservice2,1
gaia-v3-13181,classification,test-pred-001289,1627235790000,1627235780481,9.519,mobservice2,login_failure,mobservice2,1
gaia-v3-13182,classification,test-pred-001290,1627235940000,1627235917427,22.573,mobservice2,login_failure,mobservice2,1
gaia-v3-13478,classification,test-pred-001292,1627236420000,1627236382138,37.862,mobservice1,login_failure,mobservice1,1
gaia-v3-13480,classification,test-pred-001293,1627236570000,1627236567580,2.42,mobservice1,login_failure,mobservice1,1
gaia-v3-13183,classification,test-pred-001295,1627237110000,1627237077243,32.757,mobservice2,login_failure,mobservice2,1
gaia-v3-13184,classification,test-pred-001296,1627237260000,1627237225110,34.89,mobservice2,login_failure,mobservice2,1
gaia-v3-13482,classification,test-pred-001297,1627237770000,1627237742255,27.745,mobservice1,login_failure,mobservice2,2
gaia-v3-13185,classification,test-pred-001298,1627238190000,1627238175369,14.631,mobservice2,login_failure,mobservice2,1
gaia-v3-13186,classification,test-pred-001299,1627238250000,1627238220707,29.293,mobservice2,login_failure,mobservice1,2
gaia-v3-13188,classification,test-pred-001302,1627238580000,1627238555630,24.37,mobservice2,login_failure,mobservice2,1
gaia-v3-13189,classification,test-pred-001303,1627238730000,1627238715227,14.773,mobservice2,login_failure,logservice1,3
gaia-v3-13190,classification,test-pred-001304,1627238940000,1627238912892,27.108,mobservice2,login_failure,mobservice1,6
gaia-v3-13485,classification,test-pred-001305,1627239000000,1627238972648,27.352,mobservice1,login_failure,mobservice1,1
gaia-v3-13191,classification,test-pred-001306,1627239240000,1627239203823,36.177,mobservice2,login_failure,mobservice1,4
gaia-v3-13193,classification,test-pred-001308,1627239990000,1627239967301,22.699,mobservice2,login_failure,mobservice1,4
gaia-v3-13487,classification,test-pred-001309,1627240170000,1627240137275,32.725,mobservice1,login_failure,logservice1,5
gaia-v3-13194,classification,test-pred-001310,1627240230000,1627240210632,19.368,mobservice2,login_failure,mobservice1,2
gaia-v3-13195,classification,test-pred-001311,1627240410000,1627240396157,13.843,mobservice2,login_failure,mobservice2,1
gaia-v3-13741,classification,test-pred-001312,1627240590000,1627240545413,44.587,redisservice2,memory_anomalies,mobservice2,5
gaia-v3-13198,classification,test-pred-001313,1627241370000,1627241345506,24.494,mobservice2,login_failure,mobservice1,3
gaia-v3-13209,classification,test-pred-001323,1627244970000,1627244948414,21.586,mobservice2,login_failure,mobservice2,1
gaia-v3-13510,classification,test-pred-001333,1627246950000,1627246918579,31.421,mobservice1,login_failure,mobservice2,3
gaia-v3-13524,classification,test-pred-001348,1627250040000,1627250019624,20.376,mobservice1,login_failure,mobservice2,3
gaia-v3-13532,classification,test-pred-001362,1627252800000,1627252781787,18.213,mobservice1,login_failure,mobservice1,1
gaia-v3-13574,classification,test-pred-001408,1627265100000,1627265060786,39.214,mobservice1,login_failure,mobservice2,2
gaia-v3-13603,classification,test-pred-001447,1627275870000,1627275852835,17.165,mobservice1,login_failure,mobservice1,1
gaia-v3-13313,classification,test-pred-001459,1627277370000,1627277357243,12.757,mobservice2,login_failure,mobservice2,1
gaia-v3-13317,classification,test-pred-001464,1627278360000,1627278342546,17.454,mobservice2,login_failure,mobservice1,2
gaia-v3-13655,classification,test-pred-001515,1627289190000,1627289170853,19.147,mobservice1,login_failure,logservice2,4
gaia-v3-13360,classification,test-pred-001523,1627290810000,1627290785906,24.094,mobservice2,login_failure,mobservice1,3
gaia-v3-13367,classification,test-pred-001533,1627292940000,1627292926478,13.522,mobservice2,login_failure,mobservice1,2
gaia-v3-13376,classification,test-pred-001543,1627295010000,1627294985394,24.606,mobservice2,login_failure,logservice2,2
gaia-v3-13673,classification,test-pred-001544,1627295250000,1627295232488,17.512,mobservice1,login_failure,mobservice1,1
gaia-v3-13674,classification,test-pred-001545,1627295400000,1627295375690,24.31,mobservice1,login_failure,mobservice2,2
gaia-v3-13377,classification,test-pred-001546,1627295790000,1627295759820,30.18,mobservice2,login_failure,mobservice2,1
gaia-v3-13378,classification,test-pred-001547,1627295880000,1627295850928,29.072,mobservice2,login_failure,mobservice2,1
gaia-v3-13382,classification,test-pred-001550,1627296750000,1627296719383,30.617,mobservice2,login_failure,mobservice2,1
gaia-v3-13678,classification,test-pred-001551,1627297170000,1627297152476,17.524,mobservice1,login_failure,mobservice1,1
gaia-v3-13383,classification,test-pred-001553,1627297440000,1627297413736,26.264,mobservice2,login_failure,mobservice2,1
gaia-v3-13680,classification,test-pred-001554,1627297620000,1627297594565,25.435,mobservice1,login_failure,mobservice2,2
gaia-v3-13681,classification,test-pred-001555,1627297710000,1627297709487,0.513,mobservice1,login_failure,mobservice1,1
gaia-v3-13682,classification,test-pred-001556,1627297920000,1627297908240,11.76,mobservice1,login_failure,mobservice1,1
gaia-v3-13386,classification,test-pred-001557,1627298370000,1627298351155,18.845,mobservice2,login_failure,mobservice1,4
gaia-v3-13684,classification,test-pred-001558,1627298520000,1627298505185,14.815,mobservice1,login_failure,mobservice2,2
gaia-v3-13685,classification,test-pred-001560,1627298880000,1627298847252,32.748,mobservice1,login_failure,mobservice2,4
gaia-v3-13388,classification,test-pred-001561,1627299060000,1627299027477,32.523,mobservice2,login_failure,mobservice1,6
gaia-v3-13389,classification,test-pred-001562,1627299360000,1627299334523,25.477,mobservice2,login_failure,mobservice1,2
gaia-v3-13687,classification,test-pred-001563,1627299450000,1627299413943,36.057,mobservice1,login_failure,mobservice2,3
gaia-v3-13688,classification,test-pred-001564,1627299660000,1627299649116,10.884,mobservice1,login_failure,mobservice1,1
gaia-v3-13393,classification,test-pred-001565,1627299810000,1627299792827,17.173,mobservice2,login_failure,mobservice2,1
gaia-v3-13689,classification,test-pred-001566,1627299990000,1627299965504,24.496,mobservice1,login_failure,mobservice1,1
gaia-v3-13394,classification,test-pred-001567,1627300320000,1627300304629,15.371,mobservice2,login_failure,mobservice1,3
gaia-v3-13690,classification,test-pred-001568,1627300410000,1627300387301,22.699,mobservice1,login_failure,mobservice1,1
gaia-v3-13691,classification,test-pred-001569,1627300800000,1627300780110,19.89,mobservice1,login_failure,mobservice1,1
gaia-v3-13397,classification,test-pred-001570,1627302240000,1627302212717,27.283,mobservice2,login_failure,mobservice1,4
gaia-v3-13398,classification,test-pred-001571,1627302510000,1627302489292,20.708,mobservice2,login_failure,mobservice1,2
gaia-v3-13403,classification,test-pred-001573,1627303620000,1627303605132,14.868,mobservice2,login_failure,mobservice1,4
gaia-v3-13697,classification,test-pred-001574,1627303740000,1627303720642,19.358,mobservice1,login_failure,mobservice1,1
gaia-v3-13698,classification,test-pred-001575,1627303800000,1627303776945,23.055,mobservice1,login_failure,mobservice2,3
gaia-v3-13404,classification,test-pred-001576,1627304160000,1627304140603,19.397,mobservice2,login_failure,mobservice1,2
gaia-v3-13699,classification,test-pred-001577,1627304220000,1627304204396,15.604,mobservice1,login_failure,mobservice1,1
gaia-v3-13700,classification,test-pred-001578,1627304280000,1627304262297,17.703,mobservice1,login_failure,logservice1,6
gaia-v3-13405,classification,test-pred-001579,1627304520000,1627304499167,20.833,mobservice2,login_failure,mobservice1,2
gaia-v3-13701,classification,test-pred-001580,1627304580000,1627304541649,38.351,mobservice1,login_failure,mobservice2,2
gaia-v3-13406,classification,test-pred-001581,1627304700000,1627304663725,36.275,mobservice2,login_failure,logservice1,4
gaia-v3-13407,classification,test-pred-001582,1627304940000,1627304923903,16.097,mobservice2,login_failure,mobservice1,6
gaia-v3-13702,classification,test-pred-001583,1627305060000,1627305026808,33.192,mobservice1,login_failure,mobservice2,4
gaia-v3-13408,classification,test-pred-001584,1627305210000,1627305173833,36.167,mobservice2,login_failure,mobservice1,3
gaia-v3-13703,classification,test-pred-001585,1627305330000,1627305315363,14.637,mobservice1,login_failure,mobservice2,4
gaia-v3-13704,classification,test-pred-001586,1627305450000,1627305430045,19.955,mobservice1,login_failure,mobservice2,2
gaia-v3-13705,classification,test-pred-001587,1627305630000,1627305612681,17.319,mobservice1,login_failure,mobservice1,1
gaia-v3-13706,classification,test-pred-001588,1627306200000,1627306180196,19.804,mobservice1,login_failure,mobservice2,2
gaia-v3-13409,classification,test-pred-001589,1627306290000,1627306267330,22.67,mobservice2,login_failure,mobservice1,5
gaia-v3-13709,classification,test-pred-001590,1627306530000,1627306514020,15.98,mobservice1,login_failure,mobservice2,4
gaia-v3-13410,classification,test-pred-001591,1627306590000,1627306553380,36.62,mobservice2,login_failure,mobservice2,1
gaia-v3-13411,classification,test-pred-001592,1627306740000,1627306701998,38.002,mobservice2,login_failure,mobservice1,2
gaia-v3-13412,classification,test-pred-001593,1627306800000,1627306793502,6.498,mobservice2,login_failure,mobservice2,1
gaia-v3-13413,classification,test-pred-001594,1627306950000,1627306910734,39.266,mobservice2,login_failure,mobservice2,1
gaia-v3-13414,classification,test-pred-001595,1627307070000,1627307042363,27.637,mobservice2,login_failure,mobservice1,3
gaia-v3-13415,classification,test-pred-001597,1627307880000,1627307851313,28.687,mobservice2,login_failure,mobservice1,2
gaia-v3-13416,classification,test-pred-001599,1627308120000,1627308100343,19.657,mobservice2,login_failure,mobservice1,5
gaia-v3-13417,classification,test-pred-001600,1627308420000,1627308402656,17.344,mobservice2,login_failure,mobservice2,1
gaia-v3-13714,classification,test-pred-001601,1627308720000,1627308719695,0.305,mobservice1,login_failure,mobservice1,1
gaia-v3-13420,classification,test-pred-001602,1627308870000,1627308857367,12.633,mobservice2,login_failure,mobservice1,2
gaia-v3-13422,classification,test-pred-001603,1627309260000,1627309230277,29.723,mobservice2,login_failure,mobservice1,2
gaia-v3-13423,classification,test-pred-001604,1627309410000,1627309383432,26.568,mobservice2,login_failure,mobservice1,2
gaia-v3-13424,classification,test-pred-001605,1627309770000,1627309735982,34.018,mobservice2,login_failure,mobservice2,1
gaia-v3-13426,classification,test-pred-001606,1627309980000,1627309963954,16.046,mobservice2,login_failure,mobservice2,1
gaia-v3-13428,classification,test-pred-001607,1627310070000,1627310045884,24.116,mobservice2,login_failure,mobservice1,2
gaia-v3-13429,classification,test-pred-001608,1627310160000,1627310143085,16.915,mobservice2,login_failure,mobservice2,1
gaia-v3-13430,classification,test-pred-001609,1627310280000,1627310268469,11.531,mobservice2,login_failure,mobservice2,1
gaia-v3-13720,classification,test-pred-001610,1627310400000,1627310363121,36.879,mobservice1,login_failure,logservice2,3
gaia-v3-13432,classification,test-pred-001611,1627310640000,1627310617700,22.3,mobservice2,login_failure,mobservice1,2
gaia-v3-13721,classification,test-pred-001612,1627310700000,1627310671070,28.93,mobservice1,login_failure,mobservice2,2
gaia-v3-13435,classification,test-pred-001615,1627311450000,1627311411786,38.214,mobservice2,login_failure,mobservice2,1
gaia-v3-13724,classification,test-pred-001617,1627311840000,1627311811421,28.579,mobservice1,login_failure,mobservice1,1
gaia-v3-13725,classification,test-pred-001618,1627311930000,1627311897373,32.627,mobservice1,login_failure,mobservice1,1
gaia-v3-13727,classification,test-pred-001619,1627311990000,1627311973870,16.13,mobservice1,login_failure,mobservice1,1
gaia-v3-13729,classification,test-pred-001620,1627312110000,1627312098760,11.24,mobservice1,login_failure,logservice1,10
gaia-v3-13436,classification,test-pred-001621,1627312380000,1627312353255,26.745,mobservice2,login_failure,mobservice1,5
gaia-v3-13731,classification,test-pred-001622,1627312800000,1627312770207,29.793,mobservice1,login_failure,mobservice2,4
gaia-v3-13437,classification,test-pred-001623,1627312860000,1627312838431,21.569,mobservice2,login_failure,mobservice2,1
gaia-v3-13440,classification,test-pred-001625,1627313580000,1627313564529,15.471,mobservice2,login_failure,mobservice1,2
gaia-v3-13443,classification,test-pred-001627,1627313760000,1627313748012,11.988,mobservice2,login_failure,mobservice2,1
gaia-v3-13444,classification,test-pred-001628,1627313910000,1627313875075,34.925,mobservice2,login_failure,mobservice1,2
gaia-v3-13445,classification,test-pred-001631,1627314390000,1627314367292,22.708,mobservice2,login_failure,mobservice2,1
gaia-v3-13446,classification,test-pred-001632,1627314480000,1627314451553,28.447,mobservice2,login_failure,mobservice2,1
gaia-v3-13447,classification,test-pred-001633,1627314630000,1627314603542,26.458,mobservice2,login_failure,mobservice1,3
gaia-v3-13785,classification,test-pred-001634,1627315260000,1627315239149,20.851,mobservice2,login_failure,dbservice2,3
gaia-v3-14103,classification,test-pred-001638,1627320720000,1627320701167,18.833,mobservice1,login_failure,mobservice1,1
gaia-v3-13805,classification,test-pred-001639,1627321050000,1627321029833,20.167,mobservice2,login_failure,mobservice2,1
gaia-v3-13806,classification,test-pred-001640,1627321200000,1627321173042,26.958,mobservice2,login_failure,mobservice1,4
gaia-v3-13807,classification,test-pred-001641,1627321470000,1627321456950,13.05,mobservice2,login_failure,mobservice1,4
gaia-v3-14104,classification,test-pred-001642,1627321650000,1627321612719,37.281,mobservice1,login_failure,mobservice1,1
gaia-v3-14105,classification,test-pred-001643,1627321740000,1627321723513,16.487,mobservice1,login_failure,mobservice1,1
gaia-v3-14106,classification,test-pred-001644,1627321830000,1627321789798,40.202,mobservice1,login_failure,mobservice2,4
gaia-v3-13809,classification,test-pred-001645,1627321950000,1627321936157,13.843,mobservice2,login_failure,mobservice1,3
gaia-v3-14108,classification,test-pred-001647,1627322100000,1627322088224,11.776,mobservice1,login_failure,mobservice1,1
gaia-v3-14109,classification,test-pred-001648,1627322250000,1627322216631,33.369,mobservice1,login_failure,mobservice2,4
gaia-v3-13810,classification,test-pred-001649,1627322400000,1627322363129,36.871,mobservice2,login_failure,mobservice1,2
gaia-v3-13811,classification,test-pred-001650,1627322580000,1627322547881,32.119,mobservice2,login_failure,mobservice1,2
gaia-v3-13812,classification,test-pred-001651,1627323000000,1627322959004,40.996,mobservice2,login_failure,mobservice2,1
gaia-v3-14110,classification,test-pred-001652,1627323120000,1627323109998,10.002,mobservice1,login_failure,mobservice1,1
gaia-v3-14111,classification,test-pred-001653,1627323240000,1627323217322,22.678,mobservice1,login_failure,mobservice1,1
gaia-v3-14112,classification,test-pred-001654,1627323300000,1627323272610,27.39,mobservice1,login_failure,mobservice1,1
gaia-v3-13814,classification,test-pred-001655,1627323570000,1627323544216,25.784,mobservice2,login_failure,mobservice2,1
gaia-v3-13815,classification,test-pred-001656,1627323690000,1627323674967,15.033,mobservice2,login_failure,mobservice2,1
gaia-v3-13816,classification,test-pred-001657,1627323750000,1627323725313,24.687,mobservice2,login_failure,mobservice1,3
gaia-v3-14114,classification,test-pred-001658,1627323840000,1627323809877,30.123,mobservice1,login_failure,mobservice2,4
gaia-v3-14115,classification,test-pred-001659,1627324080000,1627324058820,21.18,mobservice1,login_failure,logservice2,2
gaia-v3-13818,classification,test-pred-001660,1627324950000,1627324936720,13.28,mobservice2,login_failure,mobservice2,1
gaia-v3-13819,classification,test-pred-001661,1627325010000,1627325006597,3.403,mobservice2,login_failure,mobservice2,1
gaia-v3-13822,classification,test-pred-001662,1627325820000,1627325788633,31.367,mobservice2,login_failure,mobservice1,4
gaia-v3-13823,classification,test-pred-001663,1627326090000,1627326064469,25.531,mobservice2,login_failure,logservice2,2
gaia-v3-14121,classification,test-pred-001664,1627326390000,1627326375389,14.611,mobservice1,login_failure,logservice2,2
gaia-v3-13824,classification,test-pred-001665,1627326630000,1627326600694,29.306,mobservice2,login_failure,mobservice2,1
gaia-v3-14122,classification,test-pred-001666,1627326750000,1627326730879,19.121,mobservice1,login_failure,mobservice1,1
gaia-v3-14123,classification,test-pred-001667,1627327260000,1627327233982,26.018,mobservice1,login_failure,mobservice2,5
gaia-v3-13826,classification,test-pred-001668,1627327350000,1627327331666,18.334,mobservice2,login_failure,mobservice1,3
gaia-v3-14124,classification,test-pred-001669,1627327560000,1627327532871,27.129,mobservice1,login_failure,mobservice2,2
gaia-v3-14125,classification,test-pred-001670,1627327950000,1627327915618,34.382,mobservice1,login_failure,mobservice2,4
gaia-v3-13827,classification,test-pred-001671,1627328010000,1627327979997,30.003,mobservice2,login_failure,mobservice2,1
gaia-v3-13828,classification,test-pred-001672,1627328130000,1627328116865,13.135,mobservice2,login_failure,mobservice1,3
gaia-v3-14127,classification,test-pred-001674,1627328280000,1627328259065,20.935,mobservice1,login_failure,mobservice2,2
gaia-v3-14133,classification,test-pred-001677,1627329390000,1627329376651,13.349,mobservice1,login_failure,mobservice1,1
gaia-v3-14134,classification,test-pred-001678,1627329450000,1627329409581,40.419,mobservice1,login_failure,redisservice2,5
gaia-v3-13836,classification,test-pred-001679,1627329630000,1627329593409,36.591,mobservice2,login_failure,mobservice1,3
gaia-v3-14136,classification,test-pred-001680,1627329750000,1627329709899,40.101,mobservice1,login_failure,logservice1,2
gaia-v3-13837,classification,test-pred-001681,1627329960000,1627329926496,33.504,mobservice2,login_failure,mobservice2,1
gaia-v3-13838,classification,test-pred-001682,1627330050000,1627330028756,21.244,mobservice2,login_failure,mobservice2,1
gaia-v3-13839,classification,test-pred-001683,1627330110000,1627330085200,24.8,mobservice2,login_failure,mobservice2,1
gaia-v3-14137,classification,test-pred-001684,1627330290000,1627330268557,21.443,mobservice1,login_failure,mobservice1,1
gaia-v3-13840,classification,test-pred-001685,1627330530000,1627330500529,29.471,mobservice2,login_failure,mobservice2,1
gaia-v3-13841,classification,test-pred-001686,1627330650000,1627330634331,15.669,mobservice2,login_failure,mobservice2,1
gaia-v3-14141,classification,test-pred-001688,1627331580000,1627331564494,15.506,mobservice1,login_failure,mobservice2,2
gaia-v3-13843,classification,test-pred-001689,1627331760000,1627331739185,20.815,mobservice2,login_failure,mobservice1,4
gaia-v3-14144,classification,test-pred-001691,1627332420000,1627332409305,10.695,mobservice1,login_failure,mobservice2,2
gaia-v3-13848,classification,test-pred-001694,1627334190000,1627334166174,23.826,mobservice2,login_failure,mobservice1,7
gaia-v3-13849,classification,test-pred-001695,1627334490000,1627334458547,31.453,mobservice2,login_failure,logservice1,4
gaia-v3-13850,classification,test-pred-001696,1627334790000,1627334754510,35.49,mobservice2,login_failure,mobservice2,1
gaia-v3-13851,classification,test-pred-001697,1627334850000,1627334818861,31.139,mobservice2,login_failure,mobservice2,1
gaia-v3-13853,classification,test-pred-001698,1627334940000,1627334924028,15.972,mobservice2,login_failure,mobservice1,2
gaia-v3-13855,classification,test-pred-001699,1627335060000,1627335020344,39.656,mobservice2,login_failure,mobservice1,3
gaia-v3-13856,classification,test-pred-001700,1627335420000,1627335382401,37.599,mobservice2,login_failure,mobservice2,1
gaia-v3-13857,classification,test-pred-001701,1627335570000,1627335548807,21.193,mobservice2,login_failure,mobservice2,1
gaia-v3-13859,classification,test-pred-001702,1627335930000,1627335927473,2.527,mobservice2,login_failure,mobservice2,1
gaia-v3-14160,classification,test-pred-001704,1627336950000,1627336921401,28.599,mobservice1,login_failure,logservice1,3
gaia-v3-13863,classification,test-pred-001705,1627337160000,1627337128920,31.08,mobservice2,login_failure,mobservice1,2
gaia-v3-13864,classification,test-pred-001707,1627337520000,1627337481302,38.698,mobservice2,login_failure,logservice1,4
gaia-v3-14162,classification,test-pred-001708,1627337670000,1627337642010,27.99,mobservice1,login_failure,logservice2,4
gaia-v3-14165,classification,test-pred-001710,1627338450000,1627338446276,3.724,mobservice1,login_failure,mobservice1,1
gaia-v3-13869,classification,test-pred-001712,1627338960000,1627338924690,35.31,mobservice2,login_failure,mobservice2,1
gaia-v3-14167,classification,test-pred-001713,1627339110000,1627339086022,23.978,mobservice1,login_failure,mobservice1,1
gaia-v3-13871,classification,test-pred-001714,1627339290000,1627339257652,32.348,mobservice2,login_failure,mobservice2,1
gaia-v3-13873,classification,test-pred-001715,1627339350000,1627339330039,19.961,mobservice2,login_failure,mobservice1,4
gaia-v3-13874,classification,test-pred-001716,1627339590000,1627339563522,26.478,mobservice2,login_failure,logservice1,4
gaia-v3-14169,classification,test-pred-001717,1627339830000,1627339805957,24.043,mobservice1,login_failure,mobservice2,5
gaia-v3-13876,classification,test-pred-001718,1627339890000,1627339875547,14.453,mobservice2,login_failure,logservice2,4
gaia-v3-14170,classification,test-pred-001719,1627340130000,1627340114534,15.466,mobservice1,login_failure,mobservice2,3
gaia-v3-14171,classification,test-pred-001720,1627340280000,1627340254115,25.885,mobservice1,login_failure,mobservice2,3
gaia-v3-13878,classification,test-pred-001721,1627340640000,1627340627912,12.088,mobservice2,login_failure,mobservice1,2
gaia-v3-13879,classification,test-pred-001723,1627341120000,1627341084919,35.081,mobservice2,login_failure,mobservice1,2
gaia-v3-13880,classification,test-pred-001725,1627341660000,1627341647641,12.359,mobservice2,login_failure,mobservice1,2
gaia-v3-13881,classification,test-pred-001727,1627341840000,1627341809962,30.038,mobservice2,login_failure,mobservice1,2
gaia-v3-14177,classification,test-pred-001729,1627341990000,1627341971432,18.568,mobservice1,login_failure,mobservice1,1
gaia-v3-13883,classification,test-pred-001732,1627342710000,1627342684009,25.991,mobservice2,login_failure,mobservice1,3
gaia-v3-13767,classification,test-pred-001733,1627342920000,1627342876732,43.268,webservice2,memory_anomalies,logservice1,9
gaia-v3-13885,classification,test-pred-001734,1627343550000,1627343529649,20.351,mobservice2,login_failure,mobservice1,2
gaia-v3-14182,classification,test-pred-001735,1627343610000,1627343581916,28.084,mobservice1,login_failure,mobservice1,1
gaia-v3-13886,classification,test-pred-001737,1627343970000,1627343932320,37.68,mobservice2,login_failure,mobservice2,1
gaia-v3-13887,classification,test-pred-001738,1627344420000,1627344407880,12.12,mobservice2,login_failure,mobservice2,1
gaia-v3-13888,classification,test-pred-001739,1627344510000,1627344492313,17.687,mobservice2,login_failure,mobservice2,1
gaia-v3-14184,classification,test-pred-001742,1627345200000,1627345197111,2.889,mobservice1,login_failure,mobservice1,1
gaia-v3-13895,classification,test-pred-001745,1627345860000,1627345844673,15.327,mobservice2,login_failure,mobservice2,1
gaia-v3-14189,classification,test-pred-001747,1627346040000,1627346014721,25.279,mobservice1,login_failure,mobservice2,7
gaia-v3-13773,classification,test-pred-001748,1627346130000,1627346078041,51.959,dbservice2,memory_anomalies,mobservice2,8
gaia-v3-13902,classification,test-pred-001749,1627346910000,1627346883544,26.456,mobservice2,login_failure,logservice1,2
gaia-v3-13903,classification,test-pred-001750,1627347240000,1627347205539,34.461,mobservice2,login_failure,mobservice2,1
gaia-v3-13904,classification,test-pred-001751,1627347360000,1627347331420,28.58,mobservice2,login_failure,dbservice2,2
gaia-v3-13906,classification,test-pred-001752,1627347480000,1627347469559,10.441,mobservice2,login_failure,mobservice1,2
gaia-v3-13907,classification,test-pred-001753,1627347600000,1627347583272,16.728,mobservice2,login_failure,mobservice1,4
gaia-v3-13908,classification,test-pred-001755,1627348260000,1627348227800,32.2,mobservice2,login_failure,mobservice2,1
gaia-v3-14197,classification,test-pred-001760,1627349430000,1627349398023,31.977,mobservice1,login_failure,mobservice1,1
gaia-v3-13909,classification,test-pred-001762,1627349760000,1627349722116,37.884,mobservice2,login_failure,mobservice1,3
gaia-v3-13915,classification,test-pred-001764,1627350750000,1627350712235,37.765,mobservice2,login_failure,mobservice2,1
gaia-v3-13916,classification,test-pred-001765,1627350840000,1627350828005,11.995,mobservice2,login_failure,mobservice2,1
gaia-v3-13918,classification,test-pred-001766,1627350930000,1627350925293,4.707,mobservice2,login_failure,mobservice2,1
gaia-v3-14207,classification,test-pred-001770,1627351380000,1627351347124,32.876,mobservice1,login_failure,mobservice1,1
gaia-v3-14209,classification,test-pred-001771,1627351440000,1627351423427,16.573,mobservice1,login_failure,logservice1,6
gaia-v3-14213,classification,test-pred-001773,1627352370000,1627352333611,36.389,mobservice1,login_failure,mobservice1,1
gaia-v3-14384,classification,test-pred-001774,1627352520000,1627352463141,56.859,redisservice1,memory_anomalies,mobservice2,8
gaia-v3-14219,classification,test-pred-001775,1627353150000,1627353120270,29.73,mobservice1,memory_anomalies,mobservice1,1
gaia-v3-13927,classification,test-pred-001777,1627354200000,1627354183676,16.324,mobservice2,login_failure,mobservice1,5
gaia-v3-13928,classification,test-pred-001778,1627354410000,1627354389965,20.035,mobservice2,login_failure,mobservice2,1
gaia-v3-13930,classification,test-pred-001779,1627354590000,1627354584531,5.469,mobservice2,login_failure,mobservice2,1
gaia-v3-13931,classification,test-pred-001780,1627354770000,1627354734259,35.741,mobservice2,login_failure,mobservice2,1
gaia-v3-13933,classification,test-pred-001784,1627355400000,1627355386404,13.596,mobservice2,login_failure,mobservice2,1
gaia-v3-13934,classification,test-pred-001785,1627355580000,1627355539374,40.626,mobservice2,login_failure,mobservice1,3
gaia-v3-13935,classification,test-pred-001786,1627355790000,1627355765298,24.702,mobservice2,login_failure,mobservice2,1
gaia-v3-14225,classification,test-pred-001787,1627355970000,1627355929299,40.701,mobservice1,login_failure,mobservice2,2
gaia-v3-13936,classification,test-pred-001789,1627356510000,1627356469334,40.666,mobservice2,login_failure,mobservice2,1
gaia-v3-13937,classification,test-pred-001790,1627356630000,1627356616072,13.928,mobservice2,login_failure,mobservice2,1
gaia-v3-13938,classification,test-pred-001791,1627356690000,1627356649472,40.528,mobservice2,login_failure,mobservice2,1
gaia-v3-14388,classification,test-pred-001792,1627356780000,1627356766165,13.835,redisservice2,memory_anomalies,mobservice1,6
gaia-v3-13945,classification,test-pred-001796,1627358550000,1627358510110,39.89,mobservice2,login_failure,mobservice2,1
gaia-v3-13946,classification,test-pred-001797,1627358670000,1627358654702,15.298,mobservice2,login_failure,mobservice2,1
gaia-v3-14236,classification,test-pred-001800,1627359090000,1627359078361,11.639,mobservice1,login_failure,mobservice2,2
gaia-v3-13947,classification,test-pred-001801,1627359240000,1627359220589,19.411,mobservice2,login_failure,mobservice2,1
gaia-v3-13949,classification,test-pred-001802,1627359540000,1627359520767,19.233,mobservice2,login_failure,mobservice2,1
gaia-v3-13950,classification,test-pred-001803,1627359630000,1627359600836,29.164,mobservice2,login_failure,logservice2,2
gaia-v3-14241,classification,test-pred-001806,1627360020000,1627359981023,38.977,mobservice1,login_failure,mobservice1,1
gaia-v3-13952,classification,test-pred-001809,1627360440000,1627360419734,20.266,mobservice2,login_failure,mobservice1,3
gaia-v3-13953,classification,test-pred-001810,1627360620000,1627360598472,21.528,mobservice2,login_failure,mobservice2,1
gaia-v3-13954,classification,test-pred-001811,1627360680000,1627360665723,14.277,mobservice2,login_failure,mobservice1,2
gaia-v3-13956,classification,test-pred-001812,1627360830000,1627360805422,24.578,mobservice2,login_failure,mobservice2,1
gaia-v3-13957,classification,test-pred-001813,1627360890000,1627360868131,21.869,mobservice2,login_failure,mobservice1,2
gaia-v3-13961,classification,test-pred-001817,1627361940000,1627361925082,14.918,mobservice2,login_failure,mobservice2,1
gaia-v3-13962,classification,test-pred-001818,1627362060000,1627362019071,40.929,mobservice2,login_failure,mobservice1,3
gaia-v3-14248,classification,test-pred-001819,1627362180000,1627362143860,36.14,mobservice1,login_failure,mobservice2,2
gaia-v3-13963,classification,test-pred-001820,1627362510000,1627362470690,39.31,mobservice2,login_failure,mobservice1,2
gaia-v3-13964,classification,test-pred-001821,1627362720000,1627362705662,14.338,mobservice2,login_failure,mobservice1,4
gaia-v3-13965,classification,test-pred-001823,1627362990000,1627362970934,19.066,mobservice2,login_failure,logservice2,4
gaia-v3-13966,classification,test-pred-001825,1627363260000,1627363230520,29.48,mobservice2,login_failure,mobservice2,1
gaia-v3-13967,classification,test-pred-001826,1627363320000,1627363303106,16.894,mobservice2,login_failure,mobservice1,2
gaia-v3-14255,classification,test-pred-001827,1627363440000,1627363430449,9.551,mobservice1,login_failure,mobservice1,1
gaia-v3-13968,classification,test-pred-001828,1627363680000,1627363654766,25.234,mobservice2,login_failure,mobservice1,2
gaia-v3-13969,classification,test-pred-001830,1627364130000,1627364102114,27.886,mobservice2,login_failure,mobservice1,3
gaia-v3-13970,classification,test-pred-001832,1627364760000,1627364723584,36.416,mobservice2,login_failure,mobservice1,3
gaia-v3-13775,classification,test-pred-001835,1627365240000,1627365187221,52.779,dbservice2,memory_anomalies,mobservice2,6
gaia-v3-13972,classification,test-pred-001837,1627366020000,1627365998386,21.614,mobservice2,login_failure,mobservice2,1
gaia-v3-13974,classification,test-pred-001838,1627366320000,1627366298643,21.357,mobservice2,login_failure,mobservice2,1
gaia-v3-13975,classification,test-pred-001839,1627366380000,1627366350156,29.844,mobservice2,login_failure,mobservice2,1
gaia-v3-13991,classification,test-pred-001861,1627371780000,1627371746901,33.099,mobservice2,login_failure,mobservice2,1
gaia-v3-13992,classification,test-pred-001862,1627371870000,1627371845178,24.822,mobservice2,login_failure,mobservice1,4
gaia-v3-13993,classification,test-pred-001863,1627372080000,1627372067882,12.118,mobservice2,login_failure,mobservice1,2
gaia-v3-14281,classification,test-pred-001864,1627372140000,1627372109019,30.981,mobservice1,login_failure,logservice1,5
gaia-v3-13994,classification,test-pred-001865,1627372350000,1627372316640,33.36,mobservice2,login_failure,mobservice1,5
gaia-v3-14283,classification,test-pred-001867,1627372560000,1627372523014,36.986,mobservice1,login_failure,mobservice2,2
gaia-v3-14284,classification,test-pred-001868,1627372650000,1627372621776,28.224,mobservice1,login_failure,mobservice2,4
gaia-v3-13996,classification,test-pred-001869,1627372740000,1627372720413,19.587,mobservice2,login_failure,mobservice1,5
gaia-v3-14001,classification,test-pred-001871,1627373700000,1627373698013,1.987,mobservice2,login_failure,mobservice2,1
gaia-v3-14002,classification,test-pred-001872,1627373820000,1627373782635,37.365,mobservice2,login_failure,mobservice1,2
gaia-v3-14003,classification,test-pred-001874,1627374000000,1627373962421,37.579,mobservice2,login_failure,mobservice1,4
gaia-v3-14004,classification,test-pred-001877,1627374600000,1627374598953,1.047,mobservice2,login_failure,mobservice2,1
gaia-v3-14294,classification,test-pred-001878,1627374930000,1627374908642,21.358,mobservice1,login_failure,mobservice2,3
gaia-v3-14006,classification,test-pred-001880,1627375290000,1627375273353,16.647,mobservice2,login_failure,mobservice2,1
gaia-v3-14007,classification,test-pred-001884,1627376250000,1627376234565,15.435,mobservice2,login_failure,mobservice2,1
gaia-v3-14008,classification,test-pred-001885,1627376370000,1627376332885,37.115,mobservice2,login_failure,mobservice1,2
gaia-v3-14009,classification,test-pred-001886,1627376820000,1627376782595,37.405,mobservice2,login_failure,mobservice1,3
gaia-v3-14301,classification,test-pred-001888,1627376940000,1627376908927,31.073,mobservice1,login_failure,mobservice2,2
gaia-v3-14011,classification,test-pred-001889,1627377060000,1627377052504,7.496,mobservice2,login_failure,mobservice2,1
gaia-v3-14012,classification,test-pred-001890,1627377330000,1627377301592,28.408,mobservice2,login_failure,mobservice2,1
gaia-v3-14304,classification,test-pred-001892,1627377540000,1627377499496,40.504,mobservice1,login_failure,logservice2,4
gaia-v3-14014,classification,test-pred-001894,1627378020000,1627377999634,20.366,mobservice2,login_failure,mobservice2,1
gaia-v3-14015,classification,test-pred-001897,1627378530000,1627378492552,37.448,mobservice2,login_failure,mobservice1,2
gaia-v3-14016,classification,test-pred-001898,1627378620000,1627378603773,16.227,mobservice2,login_failure,mobservice2,1
gaia-v3-14017,classification,test-pred-001899,1627378770000,1627378754524,15.476,mobservice2,login_failure,mobservice1,4
gaia-v3-14018,classification,test-pred-001900,1627379160000,1627379123077,36.923,mobservice2,login_failure,mobservice1,2
gaia-v3-14310,classification,test-pred-001902,1627379400000,1627379380601,19.399,mobservice1,login_failure,mobservice2,4
gaia-v3-14312,classification,test-pred-001904,1627379670000,1627379658386,11.614,mobservice1,login_failure,mobservice2,2
gaia-v3-14019,classification,test-pred-001905,1627379790000,1627379762253,27.747,mobservice2,login_failure,mobservice1,4
gaia-v3-14020,classification,test-pred-001909,1627380780000,1627380763479,16.521,mobservice2,login_failure,mobservice1,4
gaia-v3-14021,classification,test-pred-001911,1627381020000,1627380997590,22.41,mobservice2,login_failure,mobservice2,1
gaia-v3-14022,classification,test-pred-001912,1627381080000,1627381043128,36.872,mobservice2,login_failure,mobservice1,5
gaia-v3-14318,classification,test-pred-001915,1627382010000,1627381997873,12.127,mobservice1,login_failure,mobservice2,2
gaia-v3-14319,classification,test-pred-001916,1627382070000,1627382041667,28.333,mobservice1,login_failure,logservice1,4
gaia-v3-14026,classification,test-pred-001918,1627382430000,1627382408953,21.047,mobservice2,login_failure,mobservice1,2
gaia-v3-14027,classification,test-pred-001920,1627383210000,1627383198435,11.565,mobservice2,login_failure,mobservice2,1
gaia-v3-14029,classification,test-pred-001921,1627383300000,1627383277866,22.134,mobservice2,login_failure,mobservice1,3
gaia-v3-14323,classification,test-pred-001922,1627383390000,1627383356299,33.701,mobservice1,login_failure,mobservice1,1
gaia-v3-14030,classification,test-pred-001923,1627383690000,1627383669324,20.676,mobservice2,login_failure,mobservice2,1
gaia-v3-14031,classification,test-pred-001924,1627383810000,1627383795331,14.669,mobservice2,login_failure,mobservice2,1
gaia-v3-14032,classification,test-pred-001926,1627384260000,1627384229947,30.053,mobservice2,login_failure,mobservice1,5
gaia-v3-14033,classification,test-pred-001928,1627384530000,1627384504576,25.424,mobservice2,login_failure,mobservice2,1
gaia-v3-14034,classification,test-pred-001929,1627384590000,1627384559256,30.744,mobservice2,login_failure,mobservice1,7
gaia-v3-14327,classification,test-pred-001931,1627384890000,1627384887145,2.855,mobservice1,login_failure,mobservice1,1
gaia-v3-14036,classification,test-pred-001935,1627385610000,1627385595576,14.424,mobservice2,login_failure,mobservice2,1
gaia-v3-14037,classification,test-pred-001936,1627385970000,1627385933469,36.531,mobservice2,login_failure,mobservice2,1
gaia-v3-14038,classification,test-pred-001937,1627386450000,1627386430091,19.909,mobservice2,login_failure,mobservice1,2
gaia-v3-14040,classification,test-pred-001939,1627387320000,1627387284084,35.916,mobservice2,login_failure,mobservice1,4
gaia-v3-14042,classification,test-pred-001941,1627387590000,1627387570684,19.316,mobservice2,login_failure,mobservice1,4
gaia-v3-14333,classification,test-pred-001942,1627387680000,1627387661776,18.224,mobservice1,login_failure,logservice1,3
gaia-v3-14044,classification,test-pred-001943,1627388130000,1627388120946,9.054,mobservice2,login_failure,mobservice2,1
gaia-v3-14045,classification,test-pred-001944,1627388220000,1627388205525,14.475,mobservice2,login_failure,mobservice2,1
gaia-v3-14046,classification,test-pred-001945,1627388280000,1627388248118,31.882,mobservice2,login_failure,mobservice2,1
gaia-v3-14047,classification,test-pred-001946,1627388370000,1627388338422,31.578,mobservice2,login_failure,logservice2,6
gaia-v3-14048,classification,test-pred-001948,1627388880000,1627388859267,20.733,mobservice2,login_failure,mobservice2,1
gaia-v3-14049,classification,test-pred-001951,1627389450000,1627389417080,32.92,mobservice2,login_failure,mobservice1,2
gaia-v3-14338,classification,test-pred-001952,1627389570000,1627389549440,20.56,mobservice1,login_failure,mobservice2,4
gaia-v3-14050,classification,test-pred-001953,1627390020000,1627389985808,34.192,mobservice2,login_failure,mobservice2,1
gaia-v3-14051,classification,test-pred-001954,1627390140000,1627390101364,38.636,mobservice2,login_failure,mobservice1,2
gaia-v3-14341,classification,test-pred-001955,1627390380000,1627390364941,15.059,mobservice1,login_failure,mobservice2,2
gaia-v3-14052,classification,test-pred-001956,1627390500000,1627390477400,22.6,mobservice2,login_failure,mobservice1,2
gaia-v3-14053,classification,test-pred-001957,1627390830000,1627390811995,18.005,mobservice2,login_failure,mobservice2,1
gaia-v3-14054,classification,test-pred-001960,1627391400000,1627391384519,15.481,mobservice2,login_failure,mobservice1,3
gaia-v3-14346,classification,test-pred-001962,1627391760000,1627391742476,17.524,mobservice1,login_failure,mobservice2,4
gaia-v3-14055,classification,test-pred-001964,1627392300000,1627392285178,14.822,mobservice2,login_failure,mobservice1,2
gaia-v3-14056,classification,test-pred-001965,1627392390000,1627392359026,30.974,mobservice2,login_failure,mobservice2,1
gaia-v3-14349,classification,test-pred-001966,1627392660000,1627392645350,14.65,mobservice1,login_failure,mobservice1,1
gaia-v3-14058,classification,test-pred-001967,1627392900000,1627392859419,40.581,mobservice2,login_failure,mobservice2,1
gaia-v3-14059,classification,test-pred-001968,1627392960000,1627392936428,23.572,mobservice2,login_failure,mobservice2,1
gaia-v3-14350,classification,test-pred-001969,1627393110000,1627393076993,33.007,mobservice1,login_failure,mobservice2,2
gaia-v3-14060,classification,test-pred-001970,1627393170000,1627393142667,27.333,mobservice2,login_failure,mobservice1,3
gaia-v3-14351,classification,test-pred-001971,1627393230000,1627393203089,26.911,mobservice1,login_failure,mobservice2,6
gaia-v3-14061,classification,test-pred-001972,1627393380000,1627393342736,37.264,mobservice2,login_failure,mobservice2,1
gaia-v3-14063,classification,test-pred-001974,1627393800000,1627393778352,21.648,mobservice2,login_failure,mobservice1,2
gaia-v3-14355,classification,test-pred-001977,1627394250000,1627394213716,36.284,mobservice1,login_failure,mobservice2,4
gaia-v3-13768,classification,test-pred-001978,1627394580000,1627394527196,52.804,webservice2,memory_anomalies,mobservice1,7
gaia-v3-14065,classification,test-pred-001980,1627395780000,1627395763654,16.346,mobservice2,login_failure,mobservice1,2
gaia-v3-14066,classification,test-pred-001981,1627395930000,1627395911040,18.96,mobservice2,login_failure,mobservice2,1
gaia-v3-14067,classification,test-pred-001982,1627395990000,1627395966506,23.494,mobservice2,login_failure,mobservice2,1
gaia-v3-14362,classification,test-pred-001983,1627396200000,1627396165797,34.203,mobservice1,login_failure,mobservice1,1
gaia-v3-14363,classification,test-pred-001984,1627396260000,1627396223527,36.473,mobservice1,login_failure,mobservice2,2
gaia-v3-14068,classification,test-pred-001985,1627396410000,1627396370786,39.214,mobservice2,login_failure,mobservice1,5
gaia-v3-14073,classification,test-pred-001986,1627397040000,1627397016937,23.063,mobservice2,login_failure,mobservice1,3
gaia-v3-14365,classification,test-pred-001987,1627397460000,1627397433495,26.505,mobservice1,login_failure,mobservice1,1
gaia-v3-14075,classification,test-pred-001989,1627398060000,1627398034294,25.706,mobservice2,login_failure,mobservice1,4
gaia-v3-14077,classification,test-pred-001991,1627398330000,1627398302155,27.845,mobservice2,login_failure,mobservice1,4
gaia-v3-14080,classification,test-pred-001992,1627399080000,1627399055298,24.702,mobservice2,login_failure,mobservice1,4
gaia-v3-14081,classification,test-pred-001993,1627399380000,1627399344474,35.526,mobservice2,login_failure,mobservice1,4
gaia-v3-14082,classification,test-pred-001995,1627399650000,1627399614967,35.033,mobservice2,login_failure,mobservice1,5
gaia-v3-14372,classification,test-pred-001997,1627399830000,1627399795324,34.676,mobservice1,login_failure,mobservice2,4
gaia-v3-14083,classification,test-pred-001998,1627399920000,1627399903614,16.386,mobservice2,login_failure,mobservice1,2
gaia-v3-14084,classification,test-pred-002000,1627400640000,1627400622976,17.024,mobservice2,login_failure,logservice1,4
gaia-v3-14085,classification,test-pred-002001,1627400910000,1627400885428,24.572,mobservice2,login_failure,mobservice2,1
gaia-v3-14086,classification,test-pred-002002,1627401030000,1627401005189,24.811,mobservice2,login_failure,mobservice2,1
gaia-v3-14377,classification,test-pred-002004,1627401450000,1627401415749,34.251,mobservice1,login_failure,mobservice2,2
gaia-v3-14378,classification,test-pred-002005,1627401570000,1627401545803,24.197,mobservice1,login_failure,mobservice1,1
gaia-v3-14725,classification,test-pred-002006,1627401660000,1627401622338,37.662,mobservice1,login_failure,mobservice2,4
gaia-v3-14728,classification,test-pred-002009,1627402110000,1627402089909,20.091,mobservice1,login_failure,mobservice2,2
gaia-v3-14731,classification,test-pred-002011,1627402350000,1627402345409,4.591,mobservice1,login_failure,mobservice1,1
gaia-v3-14431,classification,test-pred-002013,1627402650000,1627402629014,20.986,mobservice2,login_failure,mobservice1,2
gaia-v3-14734,classification,test-pred-002015,1627402830000,1627402795676,34.324,mobservice1,login_failure,mobservice2,2
gaia-v3-14411,classification,test-pred-002016,1627402920000,1627402865360,54.64,webservice2,memory_anomalies,mobservice2,3
gaia-v3-14736,classification,test-pred-002018,1627403580000,1627403556102,23.898,mobservice1,login_failure,mobservice1,1
gaia-v3-14438,classification,test-pred-002022,1627404180000,1627404163285,16.715,mobservice2,login_failure,mobservice2,1
gaia-v3-14439,classification,test-pred-002023,1627404240000,1627404222626,17.374,mobservice2,login_failure,mobservice2,1
gaia-v3-14741,classification,test-pred-002024,1627405260000,1627405224471,35.529,mobservice1,login_failure,mobservice1,1
gaia-v3-14440,classification,test-pred-002025,1627405590000,1627405563053,26.947,mobservice2,login_failure,mobservice1,2
gaia-v3-14743,classification,test-pred-002026,1627405710000,1627405669553,40.447,mobservice1,login_failure,mobservice1,1
gaia-v3-14441,classification,test-pred-002027,1627405830000,1627405818290,11.71,mobservice2,login_failure,mobservice1,2
gaia-v3-14442,classification,test-pred-002028,1627406040000,1627406015131,24.869,mobservice2,login_failure,mobservice1,2
gaia-v3-14746,classification,test-pred-002029,1627406220000,1627406205837,14.163,mobservice1,login_failure,mobservice2,2
gaia-v3-14445,classification,test-pred-002030,1627406340000,1627406308912,31.088,mobservice2,login_failure,mobservice2,1
gaia-v3-14747,classification,test-pred-002031,1627406430000,1627406392265,37.735,mobservice1,login_failure,mobservice2,2
gaia-v3-14753,classification,test-pred-002036,1627407960000,1627407926636,33.364,mobservice1,login_failure,mobservice1,1
gaia-v3-14453,classification,test-pred-002038,1627408380000,1627408349493,30.507,mobservice2,login_failure,mobservice2,1
gaia-v3-14454,classification,test-pred-002039,1627408500000,1627408468615,31.385,mobservice2,login_failure,mobservice1,3
gaia-v3-14455,classification,test-pred-002040,1627408800000,1627408759625,40.375,mobservice2,login_failure,mobservice2,1
gaia-v3-14456,classification,test-pred-002041,1627408980000,1627408956948,23.052,mobservice2,login_failure,mobservice2,1
gaia-v3-14457,classification,test-pred-002043,1627409340000,1627409309932,30.068,mobservice2,login_failure,mobservice1,2
gaia-v3-14757,classification,test-pred-002044,1627409490000,1627409460186,29.814,mobservice1,login_failure,mobservice1,1
gaia-v3-14458,classification,test-pred-002046,1627409760000,1627409728593,31.407,mobservice2,login_failure,mobservice2,1
gaia-v3-14759,classification,test-pred-002047,1627410090000,1627410050116,39.884,mobservice1,login_failure,mobservice1,1
gaia-v3-14459,classification,test-pred-002049,1627410270000,1627410250519,19.481,mobservice2,login_failure,mobservice2,1
gaia-v3-14761,classification,test-pred-002050,1627410360000,1627410335215,24.785,mobservice1,login_failure,mobservice2,2
gaia-v3-14460,classification,test-pred-002051,1627410420000,1627410383561,36.439,mobservice2,login_failure,mobservice2,1
gaia-v3-14461,classification,test-pred-002052,1627410480000,1627410444825,35.175,mobservice2,login_failure,mobservice1,3
gaia-v3-14462,classification,test-pred-002054,1627410750000,1627410719489,30.511,mobservice2,login_failure,mobservice1,2
gaia-v3-14463,classification,test-pred-002055,1627410870000,1627410839907,30.093,mobservice2,login_failure,mobservice1,2
gaia-v3-14465,classification,test-pred-002056,1627411200000,1627411191661,8.339,mobservice2,login_failure,mobservice2,1
gaia-v3-14467,classification,test-pred-002058,1627411590000,1627411572806,17.194,mobservice2,login_failure,mobservice2,1
gaia-v3-14766,classification,test-pred-002059,1627411830000,1627411816036,13.964,mobservice1,login_failure,mobservice2,2
gaia-v3-14469,classification,test-pred-002060,1627411950000,1627411925649,24.351,mobservice2,login_failure,mobservice2,1
gaia-v3-14471,classification,test-pred-002062,1627412580000,1627412556272,23.728,mobservice2,login_failure,mobservice1,2
gaia-v3-14768,classification,test-pred-002063,1627413360000,1627413335104,24.896,mobservice1,login_failure,mobservice1,1
gaia-v3-14769,classification,test-pred-002064,1627413600000,1627413567432,32.568,mobservice1,login_failure,mobservice2,4
gaia-v3-14770,classification,test-pred-002065,1627413900000,1627413886180,13.82,mobservice1,login_failure,mobservice1,1
gaia-v3-14771,classification,test-pred-002066,1627413960000,1627413927497,32.503,mobservice1,login_failure,mobservice2,2
gaia-v3-14772,classification,test-pred-002067,1627414380000,1627414363249,16.751,mobservice1,login_failure,mobservice2,2
gaia-v3-14472,classification,test-pred-002068,1627414470000,1627414457423,12.577,mobservice2,login_failure,mobservice1,2
gaia-v3-15020,classification,test-pred-002069,1627414560000,1627414535821,24.179,logservice2,memory_anomalies,mobservice2,6
gaia-v3-14477,classification,test-pred-002071,1627415730000,1627415708126,21.874,mobservice2,login_failure,mobservice2,1
gaia-v3-14404,classification,test-pred-002073,1627416030000,1627416000208,29.792,dbservice1,access_permission_denied,dbservice1,1
gaia-v3-14795,classification,test-pred-002074,1627419810000,1627419783180,26.82,mobservice1,login_failure,mobservice2,2
gaia-v3-14484,classification,test-pred-002077,1627420440000,1627420411600,28.4,mobservice2,login_failure,mobservice2,1
gaia-v3-14485,classification,test-pred-002078,1627420560000,1627420533995,26.005,mobservice2,login_failure,mobservice1,2
gaia-v3-14486,classification,test-pred-002079,1627420770000,1627420748935,21.065,mobservice2,login_failure,mobservice2,1
gaia-v3-14799,classification,test-pred-002081,1627421040000,1627421004132,35.868,mobservice1,login_failure,mobservice1,1
gaia-v3-14800,classification,test-pred-002082,1627421130000,1627421091227,38.773,mobservice1,login_failure,mobservice1,1
gaia-v3-14801,classification,test-pred-002083,1627421190000,1627421150159,39.841,mobservice1,login_failure,mobservice1,1
gaia-v3-14489,classification,test-pred-002084,1627421520000,1627421503501,16.499,mobservice2,login_failure,mobservice1,2
gaia-v3-14491,classification,test-pred-002086,1627421730000,1627421700422,29.578,mobservice2,login_failure,mobservice1,2
gaia-v3-14492,classification,test-pred-002087,1627421910000,1627421894695,15.305,mobservice2,login_failure,mobservice1,3
gaia-v3-14493,classification,test-pred-002088,1627422090000,1627422062458,27.542,mobservice2,login_failure,mobservice1,2
gaia-v3-14803,classification,test-pred-002089,1627422420000,1627422399685,20.315,mobservice1,login_failure,mobservice2,3
gaia-v3-14804,classification,test-pred-002090,1627422690000,1627422665614,24.386,mobservice1,login_failure,mobservice1,1
gaia-v3-14494,classification,test-pred-002091,1627422750000,1627422727372,22.628,mobservice2,login_failure,mobservice1,2
gaia-v3-14806,classification,test-pred-002092,1627422930000,1627422901221,28.779,mobservice1,login_failure,mobservice2,2
gaia-v3-14496,classification,test-pred-002093,1627422990000,1627422986503,3.497,mobservice2,login_failure,mobservice2,1
gaia-v3-14498,classification,test-pred-002094,1627423170000,1627423143920,26.08,mobservice2,login_failure,mobservice1,3
gaia-v3-14808,classification,test-pred-002095,1627423350000,1627423338527,11.473,mobservice1,login_failure,mobservice2,2
gaia-v3-14499,classification,test-pred-002096,1627423440000,1627423413860,26.14,mobservice2,login_failure,mobservice2,1
gaia-v3-14500,classification,test-pred-002097,1627423500000,1627423463836,36.164,mobservice2,login_failure,mobservice2,1
gaia-v3-14501,classification,test-pred-002098,1627423680000,1627423652122,27.878,mobservice2,login_failure,mobservice1,2
gaia-v3-14503,classification,test-pred-002100,1627424010000,1627423997530,12.47,mobservice2,login_failure,mobservice1,2
gaia-v3-14809,classification,test-pred-002101,1627424400000,1627424360675,39.325,mobservice1,login_failure,mobservice1,1
gaia-v3-14810,classification,test-pred-002102,1627424790000,1627424750595,39.405,mobservice1,login_failure,mobservice1,1
gaia-v3-14505,classification,test-pred-002104,1627425060000,1627425058813,1.187,mobservice2,login_failure,mobservice2,1
gaia-v3-14507,classification,test-pred-002105,1627425270000,1627425256336,13.664,mobservice2,login_failure,mobservice2,1
gaia-v3-14508,classification,test-pred-002106,1627425390000,1627425360821,29.179,mobservice2,login_failure,mobservice1,2
gaia-v3-14509,classification,test-pred-002107,1627425450000,1627425418777,31.223,mobservice2,login_failure,mobservice1,2
gaia-v3-14813,classification,test-pred-002108,1627425540000,1627425511148,28.852,mobservice1,login_failure,mobservice1,1
gaia-v3-14820,classification,test-pred-002111,1627426410000,1627426384747,25.253,mobservice1,login_failure,mobservice2,3
gaia-v3-14513,classification,test-pred-002112,1627426560000,1627426542954,17.046,mobservice2,login_failure,mobservice1,2
gaia-v3-14821,classification,test-pred-002113,1627426680000,1627426662189,17.811,mobservice1,login_failure,mobservice2,2
gaia-v3-14822,classification,test-pred-002114,1627427010000,1627426987328,22.672,mobservice1,login_failure,mobservice1,1
gaia-v3-14514,classification,test-pred-002115,1627427370000,1627427346025,23.975,mobservice2,login_failure,mobservice2,1
gaia-v3-14515,classification,test-pred-002116,1627427490000,1627427473754,16.246,mobservice2,login_failure,mobservice2,1
gaia-v3-14516,classification,test-pred-002117,1627427580000,1627427558013,21.987,mobservice2,login_failure,mobservice1,3
gaia-v3-14517,classification,test-pred-002118,1627427850000,1627427817527,32.473,mobservice2,login_failure,mobservice2,1
gaia-v3-14423,classification,test-pred-002119,1627428120000,1627428107225,12.775,dbservice2,memory_anomalies,mobservice2,3
gaia-v3-14826,classification,test-pred-002121,1627428810000,1627428788337,21.663,mobservice1,login_failure,mobservice2,2
gaia-v3-14827,classification,test-pred-002122,1627429050000,1627429011076,38.924,mobservice1,login_failure,mobservice2,2
gaia-v3-14828,classification,test-pred-002123,1627429110000,1627429086770,23.23,mobservice1,login_failure,mobservice1,1
gaia-v3-14830,classification,test-pred-002124,1627429320000,1627429313851,6.149,mobservice1,login_failure,mobservice2,2
gaia-v3-14520,classification,test-pred-002125,1627429410000,1627429384232,25.768,mobservice2,login_failure,mobservice2,1
gaia-v3-14831,classification,test-pred-002126,1627429500000,1627429467420,32.58,mobservice1,login_failure,mobservice1,1
gaia-v3-14832,classification,test-pred-002127,1627429620000,1627429608085,11.915,mobservice1,login_failure,mobservice2,5
gaia-v3-14521,classification,test-pred-002128,1627429740000,1627429724995,15.005,mobservice2,login_failure,mobservice1,2
gaia-v3-14833,classification,test-pred-002129,1627429920000,1627429905225,14.775,mobservice1,login_failure,mobservice1,1
gaia-v3-14415,classification,test-pred-002130,1627430010000,1627429975036,34.964,webservice2,memory_anomalies,mobservice2,3
gaia-v3-14528,classification,test-pred-002131,1627430940000,1627430923513,16.487,mobservice2,login_failure,mobservice1,2
gaia-v3-14836,classification,test-pred-002132,1627431030000,1627430996483,33.517,mobservice1,login_failure,mobservice1,1
gaia-v3-14838,classification,test-pred-002133,1627431150000,1627431145433,4.567,mobservice1,login_failure,mobservice1,1
gaia-v3-14839,classification,test-pred-002134,1627431240000,1627431222355,17.645,mobservice1,login_failure,mobservice2,2
gaia-v3-14529,classification,test-pred-002135,1627431390000,1627431364431,25.569,mobservice2,login_failure,mobservice2,1
gaia-v3-14530,classification,test-pred-002136,1627431480000,1627431440576,39.424,mobservice2,login_failure,mobservice1,3
gaia-v3-14840,classification,test-pred-002137,1627431630000,1627431597390,32.61,mobservice1,login_failure,mobservice1,1
gaia-v3-14841,classification,test-pred-002138,1627431720000,1627431687087,32.913,mobservice1,login_failure,mobservice1,1
gaia-v3-14842,classification,test-pred-002140,1627431900000,1627431866195,33.805,mobservice1,login_failure,mobservice2,3
gaia-v3-14533,classification,test-pred-002141,1627432020000,1627432016592,3.408,mobservice2,login_failure,mobservice2,1
gaia-v3-14534,classification,test-pred-002142,1627432110000,1627432078690,31.31,mobservice2,login_failure,mobservice1,3
gaia-v3-14843,classification,test-pred-002143,1627432200000,1627432166008,33.992,mobservice1,login_failure,mobservice1,1
gaia-v3-14535,classification,test-pred-002144,1627432350000,1627432322787,27.213,mobservice2,login_failure,mobservice2,1
gaia-v3-14537,classification,test-pred-002145,1627432500000,1627432465716,34.284,mobservice2,login_failure,mobservice2,1
gaia-v3-14538,classification,test-pred-002146,1627432650000,1627432619538,30.462,mobservice2,login_failure,mobservice2,1
gaia-v3-14539,classification,test-pred-002147,1627433340000,1627433302288,37.712,mobservice2,login_failure,mobservice2,1
gaia-v3-14540,classification,test-pred-002148,1627433820000,1627433808149,11.851,mobservice2,login_failure,mobservice2,1
gaia-v3-14542,classification,test-pred-002150,1627434540000,1627434514343,25.657,mobservice2,login_failure,mobservice2,1
gaia-v3-14544,classification,test-pred-002152,1627434780000,1627434755777,24.223,mobservice2,login_failure,mobservice1,2
gaia-v3-14848,classification,test-pred-002154,1627434900000,1627434866071,33.929,mobservice1,login_failure,mobservice1,1
gaia-v3-14545,classification,test-pred-002155,1627435110000,1627435073498,36.502,mobservice2,login_failure,mobservice2,1
gaia-v3-14546,classification,test-pred-002156,1627435170000,1627435153971,16.029,mobservice2,login_failure,mobservice2,1
gaia-v3-14849,classification,test-pred-002157,1627435410000,1627435403221,6.779,mobservice1,login_failure,mobservice1,1
gaia-v3-14550,classification,test-pred-002158,1627436100000,1627436087171,12.829,mobservice2,login_failure,mobservice1,2
gaia-v3-14854,classification,test-pred-002161,1627436790000,1627436752539,37.461,mobservice1,login_failure,mobservice2,2
gaia-v3-14855,classification,test-pred-002162,1627436910000,1627436883165,26.835,mobservice1,login_failure,mobservice1,1
gaia-v3-14859,classification,test-pred-002166,1627437750000,1627437747773,2.227,mobservice1,login_failure,mobservice2,2
gaia-v3-14861,classification,test-pred-002167,1627438050000,1627438012715,37.285,mobservice1,login_failure,mobservice2,2
gaia-v3-14862,classification,test-pred-002168,1627438560000,1627438526519,33.481,mobservice1,login_failure,mobservice2,2
gaia-v3-14556,classification,test-pred-002169,1627438770000,1627438741153,28.847,mobservice2,login_failure,mobservice1,3
gaia-v3-14557,classification,test-pred-002170,1627439040000,1627439024910,15.09,mobservice2,login_failure,mobservice2,1
gaia-v3-14558,classification,test-pred-002171,1627439100000,1627439083674,16.326,mobservice2,login_failure,mobservice2,1
gaia-v3-14559,classification,test-pred-002172,1627439160000,1627439134479,25.521,mobservice2,login_failure,mobservice2,1
gaia-v3-14560,classification,test-pred-002174,1627439880000,1627439841399,38.601,mobservice2,login_failure,mobservice1,2
gaia-v3-14866,classification,test-pred-002175,1627439970000,1627439929415,40.585,mobservice1,login_failure,mobservice1,1
gaia-v3-14867,classification,test-pred-002176,1627440060000,1627440020954,39.046,mobservice1,login_failure,mobservice2,2
gaia-v3-14561,classification,test-pred-002177,1627440210000,1627440178238,31.762,mobservice2,login_failure,mobservice1,2
gaia-v3-14563,classification,test-pred-002180,1627440780000,1627440779141,0.859,mobservice2,login_failure,mobservice2,1
gaia-v3-14564,classification,test-pred-002181,1627440960000,1627440930340,29.66,mobservice2,login_failure,mobservice2,1
gaia-v3-14565,classification,test-pred-002182,1627441140000,1627441107449,32.551,mobservice2,login_failure,mobservice2,1
gaia-v3-14566,classification,test-pred-002185,1627441680000,1627441640460,39.54,mobservice2,login_failure,mobservice1,2
gaia-v3-14873,classification,test-pred-002186,1627441800000,1627441788709,11.291,mobservice1,login_failure,mobservice1,1
gaia-v3-14567,classification,test-pred-002187,1627441980000,1627441958644,21.356,mobservice2,login_failure,mobservice2,1
gaia-v3-14568,classification,test-pred-002188,1627442040000,1627442015312,24.688,mobservice2,login_failure,mobservice1,2
gaia-v3-14875,classification,test-pred-002190,1627442400000,1627442375230,24.77,mobservice1,login_failure,mobservice2,2
gaia-v3-14573,classification,test-pred-002192,1627442610000,1627442553847,56.153,mobservice2,memory_anomalies,mobservice2,1
gaia-v3-14574,classification,test-pred-002193,1627443420000,1627443392293,27.707,mobservice2,login_failure,mobservice1,2
gaia-v3-14575,classification,test-pred-002194,1627443630000,1627443591292,38.708,mobservice2,login_failure,mobservice1,2
gaia-v3-14576,classification,test-pred-002198,1627444110000,1627444097173,12.827,mobservice2,login_failure,mobservice1,2
gaia-v3-14577,classification,test-pred-002199,1627444200000,1627444188513,11.487,mobservice2,login_failure,mobservice2,1
gaia-v3-14578,classification,test-pred-002200,1627444320000,1627444286227,33.773,mobservice2,login_failure,mobservice2,1
gaia-v3-14580,classification,test-pred-002201,1627444440000,1627444426854,13.146,mobservice2,login_failure,mobservice1,2
gaia-v3-14881,classification,test-pred-002202,1627444650000,1627444635837,14.163,mobservice1,login_failure,mobservice2,2
gaia-v3-14581,classification,test-pred-002203,1627444860000,1627444845694,14.306,mobservice2,login_failure,mobservice1,2
gaia-v3-14882,classification,test-pred-002204,1627444920000,1627444878936,41.064,mobservice1,login_failure,mobservice1,1
gaia-v3-14583,classification,test-pred-002206,1627445310000,1627445278602,31.398,mobservice2,login_failure,mobservice2,1
gaia-v3-14584,classification,test-pred-002207,1627445520000,1627445491795,28.205,mobservice2,login_failure,mobservice1,2
gaia-v3-14884,classification,test-pred-002208,1627445580000,1627445549071,30.929,mobservice1,login_failure,mobservice2,2
gaia-v3-14885,classification,test-pred-002209,1627445850000,1627445833306,16.694,mobservice1,login_failure,redisservice1,2
gaia-v3-14886,classification,test-pred-002210,1627446060000,1627446025992,34.008,mobservice1,login_failure,mobservice2,2
gaia-v3-14586,classification,test-pred-002211,1627446150000,1627446122526,27.474,mobservice2,login_failure,mobservice1,2
gaia-v3-14887,classification,test-pred-002212,1627446210000,1627446187649,22.351,mobservice1,login_failure,mobservice2,2
gaia-v3-14587,classification,test-pred-002213,1627446300000,1627446275255,24.745,mobservice2,login_failure,mobservice1,2
gaia-v3-14889,classification,test-pred-002214,1627446570000,1627446529221,40.779,mobservice1,login_failure,mobservice1,1
gaia-v3-14890,classification,test-pred-002215,1627446630000,1627446592654,37.346,mobservice1,login_failure,mobservice1,1
gaia-v3-14406,classification,test-pred-002216,1627446870000,1627446851898,18.102,dbservice1,cpu_anomalies,mobservice1,5
gaia-v3-14589,classification,test-pred-002217,1627447440000,1627447427913,12.087,mobservice2,login_failure,mobservice1,2
gaia-v3-14894,classification,test-pred-002218,1627447830000,1627447813987,16.013,mobservice1,login_failure,mobservice2,5
gaia-v3-14590,classification,test-pred-002219,1627448580000,1627448564704,15.296,mobservice2,login_failure,mobservice2,1
gaia-v3-14897,classification,test-pred-002220,1627448970000,1627448943068,26.932,mobservice1,login_failure,mobservice1,1
gaia-v3-14591,classification,test-pred-002221,1627449210000,1627449178477,31.523,mobservice2,login_failure,mobservice2,1
gaia-v3-14592,classification,test-pred-002222,1627449270000,1627449240257,29.743,mobservice2,login_failure,mobservice2,1
gaia-v3-14593,classification,test-pred-002223,1627449360000,1627449320986,39.014,mobservice2,login_failure,mobservice2,1
gaia-v3-14595,classification,test-pred-002224,1627449420000,1627449415536,4.464,mobservice2,login_failure,mobservice2,1
gaia-v3-14898,classification,test-pred-002225,1627449900000,1627449872035,27.965,mobservice1,login_failure,mobservice1,1
gaia-v3-14899,classification,test-pred-002226,1627450020000,1627450000185,19.815,mobservice1,login_failure,mobservice1,1
gaia-v3-14596,classification,test-pred-002228,1627450290000,1627450264884,25.116,mobservice2,login_failure,mobservice2,1
gaia-v3-14901,classification,test-pred-002229,1627450560000,1627450526813,33.187,mobservice1,login_failure,mobservice2,2
gaia-v3-14597,classification,test-pred-002230,1627450680000,1627450659785,20.215,mobservice2,login_failure,mobservice2,1
gaia-v3-14903,classification,test-pred-002231,1627450860000,1627450821293,38.707,mobservice1,login_failure,mobservice2,2
gaia-v3-14598,classification,test-pred-002232,1627451580000,1627451544440,35.56,mobservice2,login_failure,mobservice2,1
gaia-v3-14599,classification,test-pred-002233,1627451670000,1627451651765,18.235,mobservice2,login_failure,mobservice1,4
gaia-v3-14600,classification,test-pred-002234,1627451970000,1627451936919,33.081,mobservice2,login_failure,mobservice2,1
gaia-v3-14601,classification,test-pred-002235,1627452330000,1627452322308,7.692,mobservice2,login_failure,mobservice2,1
gaia-v3-14905,classification,test-pred-002236,1627452420000,1627452406875,13.125,mobservice1,login_failure,mobservice2,2
gaia-v3-14906,classification,test-pred-002237,1627452540000,1627452524939,15.061,mobservice1,login_failure,mobservice1,1
gaia-v3-14602,classification,test-pred-002238,1627452810000,1627452793618,16.382,mobservice2,login_failure,mobservice2,1
gaia-v3-14603,classification,test-pred-002239,1627453320000,1627453282220,37.78,mobservice2,login_failure,mobservice2,1
gaia-v3-14604,classification,test-pred-002240,1627453440000,1627453399807,40.193,mobservice2,login_failure,mobservice2,1
gaia-v3-14907,classification,test-pred-002241,1627453590000,1627453569715,20.285,mobservice1,login_failure,mobservice2,2
gaia-v3-14909,classification,test-pred-002242,1627453800000,1627453795402,4.598,mobservice1,login_failure,mobservice1,1
gaia-v3-14910,classification,test-pred-002243,1627454160000,1627454122498,37.502,mobservice1,login_failure,mobservice1,1
gaia-v3-14911,classification,test-pred-002244,1627454250000,1627454226911,23.089,mobservice1,login_failure,logservice1,2
gaia-v3-14606,classification,test-pred-002245,1627454520000,1627454486569,33.431,mobservice2,login_failure,mobservice2,1
gaia-v3-14912,classification,test-pred-002246,1627454880000,1627454853146,26.854,mobservice1,login_failure,mobservice2,2
gaia-v3-14608,classification,test-pred-002247,1627454970000,1627454957436,12.564,mobservice2,login_failure,mobservice1,2
gaia-v3-14915,classification,test-pred-002248,1627455180000,1627455153547,26.453,mobservice1,memory_anomalies,mobservice1,1
gaia-v3-14416,classification,test-pred-002249,1627456050000,1627455995696,54.304,webservice2,memory_anomalies,mobservice1,3
gaia-v3-14615,classification,test-pred-002251,1627456830000,1627456813471,16.529,mobservice2,login_failure,mobservice1,4
gaia-v3-14917,classification,test-pred-002252,1627456920000,1627456889748,30.252,mobservice1,login_failure,mobservice1,1
gaia-v3-14918,classification,test-pred-002253,1627457010000,1627456996464,13.536,mobservice1,login_failure,mobservice2,2
gaia-v3-14617,classification,test-pred-002254,1627457100000,1627457068690,31.31,mobservice2,login_failure,mobservice1,3
gaia-v3-14618,classification,test-pred-002255,1627457370000,1627457330211,39.789,mobservice2,login_failure,mobservice1,2
gaia-v3-14619,classification,test-pred-002256,1627457490000,1627457476969,13.031,mobservice2,login_failure,mobservice1,2
gaia-v3-14620,classification,test-pred-002257,1627457700000,1627457683697,16.303,mobservice2,login_failure,mobservice2,1
gaia-v3-14621,classification,test-pred-002258,1627457820000,1627457792562,27.438,mobservice2,login_failure,mobservice1,2
gaia-v3-14622,classification,test-pred-002259,1627457970000,1627457944700,25.3,mobservice2,login_failure,dbservice2,4
gaia-v3-14623,classification,test-pred-002260,1627458270000,1627458242900,27.1,mobservice2,login_failure,mobservice1,2
gaia-v3-14625,classification,test-pred-002261,1627458510000,1627458486083,23.917,mobservice2,login_failure,mobservice2,1
gaia-v3-14921,classification,test-pred-002262,1627458870000,1627458852756,17.244,mobservice1,login_failure,mobservice2,2
gaia-v3-14627,classification,test-pred-002263,1627459020000,1627458988796,31.204,mobservice2,login_failure,mobservice2,1
gaia-v3-14922,classification,test-pred-002264,1627459140000,1627459104133,35.867,mobservice1,login_failure,mobservice2,5
gaia-v3-14417,classification,test-pred-002265,1627459230000,1627459200977,29.023,webservice2,file_moving,webservice2,1
gaia-v3-14924,classification,test-pred-002267,1627459920000,1627459880018,39.982,mobservice1,login_failure,mobservice1,1
gaia-v3-14631,classification,test-pred-002268,1627460130000,1627460106052,23.948,mobservice2,login_failure,mobservice2,1
gaia-v3-14632,classification,test-pred-002269,1627460220000,1627460186048,33.952,mobservice2,login_failure,mobservice1,2
gaia-v3-14634,classification,test-pred-002272,1627461420000,1627461393769,26.231,mobservice2,login_failure,mobservice1,2
gaia-v3-14636,classification,test-pred-002274,1627461660000,1627461642811,17.189,mobservice2,login_failure,mobservice2,1
gaia-v3-14637,classification,test-pred-002276,1627462440000,1627462399134,40.866,mobservice2,login_failure,dbservice1,3
gaia-v3-14930,classification,test-pred-002277,1627462830000,1627462792796,37.204,mobservice1,login_failure,mobservice1,1
gaia-v3-14931,classification,test-pred-002278,1627462890000,1627462874167,15.833,mobservice1,login_failure,mobservice2,2
gaia-v3-14638,classification,test-pred-002279,1627462980000,1627462966881,13.119,mobservice2,login_failure,mobservice2,1
gaia-v3-14639,classification,test-pred-002280,1627463100000,1627463060845,39.155,mobservice2,login_failure,mobservice1,2
gaia-v3-14932,classification,test-pred-002281,1627463280000,1627463245583,34.417,mobservice1,login_failure,mobservice2,2
gaia-v3-14640,classification,test-pred-002282,1627463340000,1627463320709,19.291,mobservice2,login_failure,mobservice1,2
gaia-v3-14641,classification,test-pred-002283,1627463520000,1627463504087,15.913,mobservice2,login_failure,dbservice2,7
gaia-v3-14642,classification,test-pred-002284,1627463820000,1627463804467,15.533,mobservice2,login_failure,mobservice2,1
gaia-v3-14933,classification,test-pred-002285,1627464030000,1627464006716,23.284,mobservice1,login_failure,mobservice1,1
gaia-v3-14935,classification,test-pred-002287,1627464180000,1627464140049,39.951,mobservice1,login_failure,mobservice1,1
gaia-v3-14644,classification,test-pred-002289,1627465170000,1627465131770,38.23,mobservice2,login_failure,mobservice2,1
gaia-v3-14645,classification,test-pred-002290,1627465230000,1627465217147,12.853,mobservice2,login_failure,mobservice2,1
gaia-v3-14646,classification,test-pred-002291,1627465290000,1627465255156,34.844,mobservice2,login_failure,mobservice1,2
gaia-v3-14936,classification,test-pred-002292,1627465500000,1627465475202,24.798,mobservice1,login_failure,mobservice1,1
gaia-v3-14647,classification,test-pred-002293,1627465800000,1627465775895,24.105,mobservice2,login_failure,mobservice2,1
gaia-v3-14648,classification,test-pred-002294,1627465920000,1627465898303,21.697,mobservice2,login_failure,mobservice1,2
gaia-v3-14650,classification,test-pred-002295,1627466040000,1627465999316,40.684,mobservice2,login_failure,mobservice1,2
gaia-v3-14651,classification,test-pred-002296,1627466340000,1627466311191,28.809,mobservice2,login_failure,mobservice2,1
gaia-v3-14652,classification,test-pred-002297,1627466490000,1627466469597,20.403,mobservice2,login_failure,mobservice1,2
gaia-v3-14653,classification,test-pred-002298,1627466760000,1627466731615,28.385,mobservice2,login_failure,mobservice1,2
gaia-v3-14654,classification,test-pred-002299,1627467000000,1627466977570,22.43,mobservice2,login_failure,mobservice1,2
gaia-v3-14657,classification,test-pred-002300,1627467150000,1627467145907,4.093,mobservice2,login_failure,mobservice2,1
gaia-v3-14658,classification,test-pred-002301,1627467360000,1627467327110,32.89,mobservice2,login_failure,mobservice1,2
gaia-v3-14940,classification,test-pred-002302,1627467450000,1627467426278,23.722,mobservice1,login_failure,mobservice2,2
gaia-v3-14659,classification,test-pred-002303,1627467510000,1627467474353,35.647,mobservice2,login_failure,mobservice1,3
gaia-v3-14660,classification,test-pred-002304,1627467720000,1627467680458,39.542,mobservice2,login_failure,mobservice2,1
gaia-v3-14661,classification,test-pred-002305,1627467810000,1627467790178,19.822,mobservice2,login_failure,mobservice2,1
gaia-v3-14941,classification,test-pred-002306,1627468050000,1627468048581,1.419,mobservice1,login_failure,mobservice1,1
gaia-v3-14943,classification,test-pred-002307,1627468410000,1627468382779,27.221,mobservice1,login_failure,mobservice1,1
gaia-v3-14665,classification,test-pred-002309,1627468920000,1627468905651,14.349,mobservice2,login_failure,mobservice1,2
gaia-v3-14666,classification,test-pred-002310,1627469220000,1627469195880,24.12,mobservice2,login_failure,mobservice2,1
gaia-v3-14667,classification,test-pred-002311,1627469340000,1627469326346,13.654,mobservice2,login_failure,mobservice2,1
gaia-v3-14668,classification,test-pred-002312,1627469490000,1627469472243,17.757,mobservice2,login_failure,mobservice1,2
gaia-v3-14945,classification,test-pred-002313,1627469760000,1627469732740,27.26,mobservice1,login_failure,mobservice2,2
gaia-v3-14670,classification,test-pred-002315,1627469970000,1627469950342,19.658,mobservice2,login_failure,mobservice1,2
gaia-v3-14671,classification,test-pred-002316,1627470060000,1627470046673,13.327,mobservice2,login_failure,mobservice1,2
gaia-v3-14672,classification,test-pred-002317,1627470210000,1627470180819,29.181,mobservice2,login_failure,mobservice1,2
gaia-v3-14673,classification,test-pred-002318,1627470480000,1627470458137,21.863,mobservice2,login_failure,mobservice2,1
gaia-v3-14949,classification,test-pred-002319,1627470690000,1627470655979,34.021,mobservice1,login_failure,mobservice1,1
gaia-v3-14950,classification,test-pred-002320,1627470810000,1627470797448,12.552,mobservice1,login_failure,mobservice2,3
gaia-v3-14674,classification,test-pred-002321,1627470870000,1627470840992,29.008,mobservice2,login_failure,mobservice2,1
gaia-v3-14675,classification,test-pred-002322,1627470930000,1627470890674,39.326,mobservice2,login_failure,mobservice1,2
gaia-v3-14951,classification,test-pred-002323,1627471110000,1627471074689,35.311,mobservice1,login_failure,logservice1,3
gaia-v3-14952,classification,test-pred-002324,1627471380000,1627471349933,30.067,mobservice1,login_failure,mobservice2,2
gaia-v3-14953,classification,test-pred-002325,1627471560000,1627471523215,36.785,mobservice1,login_failure,mobservice1,1
gaia-v3-14955,classification,test-pred-002326,1627471680000,1627471639675,40.325,mobservice1,login_failure,mobservice1,1
gaia-v3-14956,classification,test-pred-002327,1627471890000,1627471871751,18.249,mobservice1,login_failure,mobservice2,2
gaia-v3-14957,classification,test-pred-002328,1627472100000,1627472077424,22.576,mobservice1,login_failure,mobservice2,2
gaia-v3-14409,classification,test-pred-002330,1627473030000,1627473021139,8.861,dbservice1,memory_anomalies,mobservice2,4
gaia-v3-14682,classification,test-pred-002331,1627474470000,1627474443262,26.738,mobservice2,login_failure,mobservice2,1
gaia-v3-14684,classification,test-pred-002332,1627474620000,1627474591981,28.019,mobservice2,login_failure,mobservice2,1
gaia-v3-14964,classification,test-pred-002334,1627474890000,1627474874273,15.727,mobservice1,login_failure,mobservice1,1
gaia-v3-14966,classification,test-pred-002335,1627475010000,1627474985965,24.035,mobservice1,login_failure,mobservice2,2
gaia-v3-14967,classification,test-pred-002336,1627475220000,1627475199305,20.695,mobservice1,login_failure,mobservice1,1
gaia-v3-14686,classification,test-pred-002337,1627475490000,1627475464432,25.568,mobservice2,login_failure,mobservice2,1
gaia-v3-15356,classification,test-pred-002394,1627488330000,1627488290728,39.272,mobservice1,login_failure,mobservice1,1
gaia-v3-15357,classification,test-pred-002395,1627488480000,1627488439591,40.409,mobservice1,login_failure,mobservice2,2
gaia-v3-15059,classification,test-pred-002396,1627488570000,1627488542422,27.578,mobservice2,login_failure,mobservice1,5
gaia-v3-15358,classification,test-pred-002397,1627488660000,1627488639801,20.199,mobservice1,login_failure,mobservice1,1
gaia-v3-15359,classification,test-pred-002398,1627488720000,1627488706576,13.424,mobservice1,login_failure,mobservice1,1
gaia-v3-15360,classification,test-pred-002399,1627488780000,1627488764456,15.544,mobservice1,login_failure,mobservice1,1
gaia-v3-15361,classification,test-pred-002400,1627488870000,1627488843541,26.459,mobservice1,login_failure,dbservice2,2
gaia-v3-15061,classification,test-pred-002401,1627489110000,1627489085910,24.09,mobservice2,login_failure,mobservice1,2
gaia-v3-15062,classification,test-pred-002402,1627489500000,1627489467886,32.114,mobservice2,login_failure,mobservice1,2
gaia-v3-15362,classification,test-pred-002403,1627489590000,1627489562165,27.835,mobservice1,login_failure,mobservice2,2
gaia-v3-15063,classification,test-pred-002404,1627489710000,1627489696557,13.443,mobservice2,login_failure,mobservice1,2
gaia-v3-15064,classification,test-pred-002405,1627489920000,1627489896109,23.891,mobservice2,login_failure,mobservice1,2
gaia-v3-15363,classification,test-pred-002406,1627490100000,1627490076375,23.625,mobservice1,login_failure,mobservice2,7
gaia-v3-15364,classification,test-pred-002407,1627490400000,1627490383181,16.819,mobservice1,login_failure,mobservice1,1
gaia-v3-15365,classification,test-pred-002408,1627490580000,1627490571365,8.635,mobservice1,login_failure,mobservice1,1
gaia-v3-15068,classification,test-pred-002409,1627490700000,1627490682599,17.401,mobservice2,login_failure,mobservice1,2
gaia-v3-15069,classification,test-pred-002410,1627490970000,1627490943587,26.413,mobservice2,login_failure,mobservice1,2
gaia-v3-15070,classification,test-pred-002411,1627491180000,1627491163309,16.691,mobservice2,login_failure,mobservice2,1
gaia-v3-15366,classification,test-pred-002412,1627491330000,1627491307531,22.469,mobservice1,login_failure,mobservice1,1
gaia-v3-15368,classification,test-pred-002413,1627491450000,1627491445087,4.913,mobservice1,login_failure,mobservice1,1
gaia-v3-15033,classification,test-pred-002414,1627491630000,1627491600318,29.682,webservice1,file_moving,webservice1,1
gaia-v3-15370,classification,test-pred-002415,1627492350000,1627492326011,23.989,mobservice1,login_failure,mobservice1,1
gaia-v3-15371,classification,test-pred-002416,1627492470000,1627492429640,40.36,mobservice1,login_failure,mobservice1,1
gaia-v3-15373,classification,test-pred-002417,1627492560000,1627492559779,0.221,mobservice1,login_failure,mobservice1,1
gaia-v3-15073,classification,test-pred-002418,1627492650000,1627492637567,12.433,mobservice2,login_failure,mobservice2,1
gaia-v3-15374,classification,test-pred-002419,1627492710000,1627492688620,21.38,mobservice1,login_failure,mobservice1,1
gaia-v3-15075,classification,test-pred-002420,1627492980000,1627492955093,24.907,mobservice2,login_failure,mobservice2,1
gaia-v3-15376,classification,test-pred-002421,1627493490000,1627493476865,13.135,mobservice1,login_failure,mobservice1,1
gaia-v3-15377,classification,test-pred-002422,1627493610000,1627493590336,19.664,mobservice1,login_failure,mobservice2,2
gaia-v3-15079,classification,test-pred-002423,1627493790000,1627493776008,13.992,mobservice2,login_failure,webservice1,2
gaia-v3-15080,classification,test-pred-002424,1627494000000,1627493973795,26.205,mobservice2,login_failure,mobservice1,2
gaia-v3-15381,classification,test-pred-002425,1627494180000,1627494162865,17.135,mobservice1,login_failure,mobservice2,2
gaia-v3-15081,classification,test-pred-002426,1627494600000,1627494585835,14.165,mobservice2,login_failure,mobservice1,2
gaia-v3-15383,classification,test-pred-002427,1627494810000,1627494793698,16.302,mobservice1,login_failure,mobservice2,3
gaia-v3-15082,classification,test-pred-002428,1627494870000,1627494849599,20.401,mobservice2,login_failure,mobservice2,1
gaia-v3-15384,classification,test-pred-002429,1627495050000,1627495024749,25.251,mobservice1,login_failure,mobservice1,1
gaia-v3-15084,classification,test-pred-002430,1627495110000,1627495083067,26.933,mobservice2,login_failure,mobservice1,2
gaia-v3-15085,classification,test-pred-002431,1627495200000,1627495168393,31.607,mobservice2,login_failure,mobservice1,2
gaia-v3-15086,classification,test-pred-002432,1627495440000,1627495435970,4.03,mobservice2,login_failure,mobservice2,1
gaia-v3-15387,classification,test-pred-002433,1627495800000,1627495770681,29.319,mobservice1,login_failure,mobservice2,2
gaia-v3-15388,classification,test-pred-002434,1627496040000,1627496026426,13.574,mobservice1,login_failure,mobservice2,2
gaia-v3-15087,classification,test-pred-002435,1627496130000,1627496089631,40.369,mobservice2,login_failure,mobservice2,1
gaia-v3-15088,classification,test-pred-002436,1627496280000,1627496258249,21.751,mobservice2,login_failure,mobservice2,1
gaia-v3-15089,classification,test-pred-002437,1627496460000,1627496437999,22.001,mobservice2,login_failure,mobservice1,2
gaia-v3-15389,classification,test-pred-002438,1627496520000,1627496497320,22.68,mobservice1,login_failure,mobservice2,2
gaia-v3-15390,classification,test-pred-002439,1627496700000,1627496684193,15.807,mobservice1,login_failure,mobservice2,6
gaia-v3-15391,classification,test-pred-002440,1627497000000,1627496978466,21.534,mobservice1,login_failure,mobservice2,2
gaia-v3-15392,classification,test-pred-002441,1627497180000,1627497142134,37.866,mobservice1,login_failure,mobservice1,1
gaia-v3-15393,classification,test-pred-002442,1627497300000,1627497277410,22.59,mobservice1,login_failure,mobservice1,1
gaia-v3-15090,classification,test-pred-002443,1627497540000,1627497524153,15.847,mobservice2,login_failure,mobservice2,1
gaia-v3-15394,classification,test-pred-002444,1627497630000,1627497611052,18.948,mobservice1,login_failure,mobservice1,1
gaia-v3-15395,classification,test-pred-002445,1627497810000,1627497795375,14.625,mobservice1,login_failure,mobservice2,2
gaia-v3-15396,classification,test-pred-002446,1627497990000,1627497971842,18.158,mobservice1,login_failure,mobservice1,1
gaia-v3-15091,classification,test-pred-002447,1627498140000,1627498107212,32.788,mobservice2,login_failure,mobservice1,2
gaia-v3-15092,classification,test-pred-002448,1627498320000,1627498279664,40.336,mobservice2,login_failure,mobservice2,1
gaia-v3-15095,classification,test-pred-002449,1627498380000,1627498367347,12.653,mobservice2,login_failure,mobservice1,2
gaia-v3-15096,classification,test-pred-002450,1627498560000,1627498547692,12.308,mobservice2,login_failure,mobservice1,2
gaia-v3-15398,classification,test-pred-002451,1627498710000,1627498693127,16.873,mobservice1,login_failure,mobservice2,2
gaia-v3-15097,classification,test-pred-002452,1627498800000,1627498782943,17.057,mobservice2,login_failure,mobservice2,1
gaia-v3-15098,classification,test-pred-002453,1627499040000,1627499001263,38.737,mobservice2,login_failure,mobservice1,2
gaia-v3-15401,classification,test-pred-002454,1627499220000,1627499198285,21.715,mobservice1,login_failure,mobservice1,1
gaia-v3-15402,classification,test-pred-002455,1627499310000,1627499270200,39.8,mobservice1,login_failure,mobservice2,2
gaia-v3-15099,classification,test-pred-002456,1627499490000,1627499468922,21.078,mobservice2,login_failure,mobservice1,2
gaia-v3-15404,classification,test-pred-002457,1627499910000,1627499890615,19.385,mobservice1,login_failure,mobservice2,2
gaia-v3-15406,classification,test-pred-002458,1627500090000,1627500063251,26.749,mobservice1,login_failure,mobservice1,1
gaia-v3-15407,classification,test-pred-002459,1627500300000,1627500269068,30.932,mobservice1,login_failure,mobservice2,2
gaia-v3-15101,classification,test-pred-002460,1627500390000,1627500361241,28.759,mobservice2,login_failure,mobservice2,1
gaia-v3-15408,classification,test-pred-002461,1627500690000,1627500659933,30.067,mobservice1,login_failure,mobservice1,1
gaia-v3-15102,classification,test-pred-002462,1627500960000,1627500919840,40.16,mobservice2,login_failure,mobservice2,1
gaia-v3-15104,classification,test-pred-002463,1627501380000,1627501345896,34.104,mobservice2,login_failure,mobservice1,2
gaia-v3-15412,classification,test-pred-002464,1627501470000,1627501445374,24.626,mobservice1,login_failure,mobservice2,2
gaia-v3-15108,classification,test-pred-002465,1627501530000,1627501523421,6.579,mobservice2,login_failure,mobservice2,1
gaia-v3-15109,classification,test-pred-002466,1627501680000,1627501645804,34.196,mobservice2,login_failure,mobservice2,1
gaia-v3-15110,classification,test-pred-002467,1627501800000,1627501780349,19.651,mobservice2,login_failure,mobservice2,1
gaia-v3-15111,classification,test-pred-002468,1627501860000,1627501840636,19.364,mobservice2,login_failure,mobservice1,2
gaia-v3-15415,classification,test-pred-002469,1627501920000,1627501880421,39.579,mobservice1,login_failure,redisservice2,2
gaia-v3-15113,classification,test-pred-002470,1627502190000,1627502157628,32.372,mobservice2,login_failure,mobservice1,4
gaia-v3-15416,classification,test-pred-002471,1627502280000,1627502249411,30.589,mobservice1,login_failure,mobservice1,1
gaia-v3-15417,classification,test-pred-002472,1627502340000,1627502299786,40.214,mobservice1,login_failure,mobservice1,1
gaia-v3-15037,classification,test-pred-002473,1627502430000,1627502400667,29.333,webservice1,file_moving,webservice1,1
gaia-v3-15424,classification,test-pred-002474,1627503180000,1627503175709,4.291,mobservice1,login_failure,mobservice1,1
gaia-v3-15425,classification,test-pred-002475,1627503300000,1627503273909,26.091,mobservice1,login_failure,mobservice1,1
gaia-v3-15116,classification,test-pred-002476,1627503450000,1627503413961,36.039,mobservice2,login_failure,mobservice2,1
gaia-v3-15119,classification,test-pred-002477,1627503600000,1627503595619,4.381,mobservice2,login_failure,mobservice2,1
gaia-v3-15427,classification,test-pred-002478,1627503810000,1627503791777,18.223,mobservice1,login_failure,mobservice2,2
gaia-v3-15120,classification,test-pred-002479,1627503870000,1627503858100,11.9,mobservice2,login_failure,mobservice1,2
gaia-v3-15428,classification,test-pred-002480,1627503930000,1627503910361,19.639,mobservice1,login_failure,mobservice1,1
gaia-v3-15429,classification,test-pred-002481,1627503990000,1627503976685,13.315,mobservice1,login_failure,mobservice2,3
gaia-v3-15430,classification,test-pred-002482,1627504290000,1627504277104,12.896,mobservice1,login_failure,mobservice2,3
gaia-v3-15431,classification,test-pred-002483,1627504410000,1627504370224,39.776,mobservice1,login_failure,mobservice1,1
gaia-v3-15433,classification,test-pred-002484,1627504560000,1627504522253,37.747,mobservice1,login_failure,mobservice2,3
gaia-v3-15121,classification,test-pred-002485,1627504650000,1627504618081,31.919,mobservice2,login_failure,mobservice2,1
gaia-v3-15122,classification,test-pred-002486,1627504800000,1627504766101,33.899,mobservice2,login_failure,mobservice1,2
gaia-v3-15434,classification,test-pred-002487,1627504860000,1627504842204,17.796,mobservice1,login_failure,mobservice1,1
gaia-v3-15435,classification,test-pred-002488,1627505190000,1627505157365,32.635,mobservice1,login_failure,mobservice2,2
gaia-v3-15123,classification,test-pred-002489,1627505250000,1627505225110,24.89,mobservice2,login_failure,mobservice2,1
gaia-v3-15436,classification,test-pred-002490,1627505700000,1627505660768,39.232,mobservice1,login_failure,mobservice1,1
gaia-v3-15437,classification,test-pred-002491,1627505790000,1627505766698,23.302,mobservice1,login_failure,mobservice2,2
gaia-v3-15438,classification,test-pred-002492,1627506090000,1627506064381,25.619,mobservice1,login_failure,mobservice2,2
gaia-v3-15125,classification,test-pred-002493,1627506420000,1627506417265,2.735,mobservice2,login_failure,mobservice2,1
gaia-v3-15440,classification,test-pred-002494,1627506900000,1627506888779,11.221,mobservice1,login_failure,mobservice1,1
gaia-v3-15441,classification,test-pred-002495,1627507020000,1627506991503,28.497,mobservice1,login_failure,mobservice2,2
gaia-v3-15442,classification,test-pred-002496,1627507110000,1627507092831,17.169,mobservice1,login_failure,mobservice1,1
gaia-v3-15443,classification,test-pred-002497,1627507170000,1627507140036,29.964,mobservice1,login_failure,mobservice1,1
gaia-v3-15444,classification,test-pred-002498,1627507260000,1627507233313,26.687,mobservice1,login_failure,mobservice2,2
gaia-v3-15127,classification,test-pred-002499,1627507320000,1627507292493,27.507,mobservice2,login_failure,mobservice2,1
gaia-v3-15128,classification,test-pred-002500,1627507470000,1627507456172,13.828,mobservice2,login_failure,mobservice1,2
gaia-v3-15129,classification,test-pred-002501,1627507680000,1627507664561,15.439,mobservice2,login_failure,mobservice1,2
gaia-v3-15130,classification,test-pred-002502,1627507920000,1627507900306,19.694,mobservice2,login_failure,mobservice1,2
gaia-v3-15131,classification,test-pred-002503,1627508280000,1627508274127,5.873,mobservice2,login_failure,mobservice2,1
gaia-v3-15132,classification,test-pred-002504,1627508400000,1627508379916,20.084,mobservice2,login_failure,mobservice1,2
gaia-v3-15133,classification,test-pred-002505,1627508490000,1627508478927,11.073,mobservice2,login_failure,mobservice1,2
gaia-v3-15448,classification,test-pred-002506,1627508610000,1627508587469,22.531,mobservice1,login_failure,webservice1,3
gaia-v3-15134,classification,test-pred-002507,1627508700000,1627508673612,26.388,mobservice2,login_failure,mobservice1,2
gaia-v3-15135,classification,test-pred-002508,1627508850000,1627508818267,31.733,mobservice2,login_failure,mobservice2,1
gaia-v3-15449,classification,test-pred-002509,1627509030000,1627509009376,20.624,mobservice1,login_failure,mobservice1,1
gaia-v3-15450,classification,test-pred-002510,1627509090000,1627509063093,26.907,mobservice1,login_failure,mobservice1,1
gaia-v3-15451,classification,test-pred-002511,1627509210000,1627509189367,20.633,mobservice1,login_failure,mobservice2,2
gaia-v3-15136,classification,test-pred-002512,1627509360000,1627509341836,18.164,mobservice2,login_failure,mobservice1,4
gaia-v3-15137,classification,test-pred-002513,1627509660000,1627509636468,23.532,mobservice2,login_failure,mobservice2,1
gaia-v3-15452,classification,test-pred-002514,1627509810000,1627509776827,33.173,mobservice1,login_failure,mobservice2,2
gaia-v3-15454,classification,test-pred-002515,1627509930000,1627509925939,4.061,mobservice1,login_failure,mobservice1,1
gaia-v3-15455,classification,test-pred-002516,1627510080000,1627510048969,31.031,mobservice1,login_failure,mobservice2,2
gaia-v3-15456,classification,test-pred-002517,1627510500000,1627510481151,18.849,mobservice1,login_failure,mobservice1,1
gaia-v3-15141,classification,test-pred-002518,1627510980000,1627510940017,39.983,mobservice2,login_failure,mobservice2,1
gaia-v3-15143,classification,test-pred-002519,1627511070000,1627511053251,16.749,mobservice2,login_failure,mobservice1,2
gaia-v3-15458,classification,test-pred-002520,1627511130000,1627511107288,22.712,mobservice1,login_failure,mobservice1,1
gaia-v3-15144,classification,test-pred-002521,1627511250000,1627511209026,40.974,mobservice2,login_failure,mobservice1,2
gaia-v3-15460,classification,test-pred-002522,1627511310000,1627511279557,30.443,mobservice1,login_failure,mobservice1,1
gaia-v3-15461,classification,test-pred-002523,1627511370000,1627511344729,25.271,mobservice1,login_failure,mobservice2,2
gaia-v3-15463,classification,test-pred-002524,1627512420000,1627512417723,2.277,mobservice1,login_failure,mobservice1,1
gaia-v3-15145,classification,test-pred-002525,1627512720000,1627512700273,19.727,mobservice2,login_failure,mobservice1,2
gaia-v3-15468,classification,test-pred-002526,1627513260000,1627513243005,16.995,mobservice1,login_failure,mobservice2,2
gaia-v3-15469,classification,test-pred-002527,1627513830000,1627513789296,40.704,mobservice1,login_failure,mobservice1,1
gaia-v3-15470,classification,test-pred-002528,1627513890000,1627513859841,30.159,mobservice1,login_failure,mobservice2,2
gaia-v3-15472,classification,test-pred-002529,1627514220000,1627514186009,33.991,mobservice1,login_failure,mobservice2,2
gaia-v3-15473,classification,test-pred-002530,1627514310000,1627514269190,40.81,mobservice1,login_failure,mobservice2,2
gaia-v3-15147,classification,test-pred-002531,1627514400000,1627514365087,34.913,mobservice2,login_failure,mobservice1,2
gaia-v3-15475,classification,test-pred-002532,1627514520000,1627514485093,34.907,mobservice1,login_failure,mobservice2,2
gaia-v3-15148,classification,test-pred-002533,1627514670000,1627514638136,31.864,mobservice2,login_failure,mobservice2,1
gaia-v3-15151,classification,test-pred-002534,1627514970000,1627514934965,35.035,mobservice2,login_failure,mobservice2,1
gaia-v3-15476,classification,test-pred-002535,1627515180000,1627515148076,31.924,mobservice1,login_failure,mobservice1,1
gaia-v3-15152,classification,test-pred-002536,1627515270000,1627515262280,7.72,mobservice2,login_failure,mobservice2,1
gaia-v3-15156,classification,test-pred-002537,1627515480000,1627515444156,35.844,mobservice2,login_failure,mobservice1,2
gaia-v3-15478,classification,test-pred-002538,1627515570000,1627515534093,35.907,mobservice1,login_failure,mobservice2,2
gaia-v3-15479,classification,test-pred-002539,1627515870000,1627515835369,34.631,mobservice1,login_failure,mobservice2,2
gaia-v3-15157,classification,test-pred-002540,1627515990000,1627515964216,25.784,mobservice2,login_failure,mobservice1,2
gaia-v3-15043,classification,test-pred-002541,1627516140000,1627516106617,33.383,dbservice2,memory_anomalies,mobservice2,10
gaia-v3-15158,classification,test-pred-002542,1627516200000,1627516181627,18.373,mobservice2,login_failure,mobservice1,2
gaia-v3-15482,classification,test-pred-002543,1627516260000,1627516220865,39.135,mobservice1,login_failure,mobservice2,2
gaia-v3-15159,classification,test-pred-002544,1627516410000,1627516377032,32.968,mobservice2,login_failure,mobservice1,2
gaia-v3-15161,classification,test-pred-002545,1627516590000,1627516575934,14.066,mobservice2,login_failure,mobservice2,1
gaia-v3-15162,classification,test-pred-002546,1627517070000,1627517058367,11.633,mobservice2,login_failure,mobservice1,2
gaia-v3-15484,classification,test-pred-002547,1627517190000,1627517152571,37.429,mobservice1,login_failure,mobservice2,2
gaia-v3-15163,classification,test-pred-002548,1627517280000,1627517264799,15.201,mobservice2,login_failure,mobservice1,2
gaia-v3-15485,classification,test-pred-002549,1627517370000,1627517332501,37.499,mobservice1,login_failure,mobservice1,1
gaia-v3-15486,classification,test-pred-002550,1627517430000,1627517403421,26.579,mobservice1,login_failure,mobservice1,1
gaia-v3-15487,classification,test-pred-002551,1627517790000,1627517756191,33.809,mobservice1,login_failure,mobservice1,1
gaia-v3-15488,classification,test-pred-002552,1627517880000,1627517839013,40.987,mobservice1,login_failure,mobservice2,2
gaia-v3-15166,classification,test-pred-002553,1627518090000,1627518073739,16.261,mobservice2,login_failure,mobservice1,2
gaia-v3-15167,classification,test-pred-002554,1627518180000,1627518147452,32.548,mobservice2,login_failure,mobservice2,1
gaia-v3-15168,classification,test-pred-002555,1627518330000,1627518307779,22.221,mobservice2,login_failure,mobservice2,1
gaia-v3-15169,classification,test-pred-002556,1627518390000,1627518361822,28.178,mobservice2,login_failure,mobservice2,1
gaia-v3-15489,classification,test-pred-002557,1627518570000,1627518557248,12.752,mobservice1,login_failure,mobservice1,1
gaia-v3-15490,classification,test-pred-002558,1627518660000,1627518632447,27.553,mobservice1,login_failure,mobservice1,1
gaia-v3-15491,classification,test-pred-002559,1627518720000,1627518683066,36.934,mobservice1,login_failure,mobservice2,3
gaia-v3-15492,classification,test-pred-002560,1627519260000,1627519244640,15.36,mobservice1,login_failure,mobservice2,2
gaia-v3-15172,classification,test-pred-002561,1627519410000,1627519405381,4.619,mobservice2,login_failure,mobservice2,1
gaia-v3-15173,classification,test-pred-002562,1627519920000,1627519894856,25.144,mobservice2,login_failure,mobservice1,2
gaia-v3-15494,classification,test-pred-002563,1627520100000,1627520062567,37.433,mobservice1,login_failure,mobservice2,2
gaia-v3-15174,classification,test-pred-002564,1627520160000,1627520128334,31.666,mobservice2,login_failure,mobservice1,2
gaia-v3-15175,classification,test-pred-002565,1627520400000,1627520372593,27.407,mobservice2,login_failure,mobservice2,1
gaia-v3-15495,classification,test-pred-002566,1627520640000,1627520607256,32.744,mobservice1,login_failure,mobservice2,2
gaia-v3-15176,classification,test-pred-002567,1627520910000,1627520890576,19.424,mobservice2,login_failure,mobservice1,5
gaia-v3-15498,classification,test-pred-002568,1627521030000,1627520998657,31.343,mobservice1,login_failure,mobservice1,1
gaia-v3-15177,classification,test-pred-002569,1627521210000,1627521195967,14.033,mobservice2,login_failure,mobservice2,1
gaia-v3-15178,classification,test-pred-002570,1627521270000,1627521247114,22.886,mobservice2,login_failure,mobservice1,2
gaia-v3-15499,classification,test-pred-002571,1627521630000,1627521613539,16.461,mobservice1,login_failure,mobservice1,1
gaia-v3-15500,classification,test-pred-002572,1627521750000,1627521713980,36.02,mobservice1,login_failure,mobservice2,2
gaia-v3-15179,classification,test-pred-002573,1627522080000,1627522051905,28.095,mobservice2,login_failure,logservice2,4
gaia-v3-15180,classification,test-pred-002574,1627522680000,1627522656637,23.363,mobservice2,login_failure,mobservice2,1
gaia-v3-15501,classification,test-pred-002575,1627523070000,1627523058575,11.425,mobservice1,login_failure,mobservice2,2
gaia-v3-15181,classification,test-pred-002576,1627523310000,1627523284697,25.303,mobservice2,login_failure,mobservice1,2
gaia-v3-15182,classification,test-pred-002577,1627523760000,1627523722826,37.174,mobservice2,login_failure,mobservice2,1
gaia-v3-15183,classification,test-pred-002578,1627523880000,1627523848118,31.882,mobservice2,login_failure,mobservice1,2
gaia-v3-15504,classification,test-pred-002579,1627523940000,1627523926676,13.324,mobservice1,login_failure,mobservice1,1
gaia-v3-15184,classification,test-pred-002580,1627524480000,1627524468190,11.81,mobservice2,login_failure,mobservice1,7
gaia-v3-15506,classification,test-pred-002581,1627524600000,1627524572457,27.543,mobservice1,login_failure,mobservice1,1
gaia-v3-15185,classification,test-pred-002582,1627524780000,1627524744492,35.508,mobservice2,login_failure,mobservice2,1
gaia-v3-15191,classification,test-pred-002583,1627524900000,1627524899202,0.798,mobservice2,memory_anomalies,mobservice2,1
gaia-v3-15187,classification,test-pred-002584,1627524990000,1627524961333,28.667,mobservice2,login_failure,mobservice2,1
gaia-v3-15190,classification,test-pred-002585,1627525410000,1627525406283,3.717,mobservice2,login_failure,mobservice2,1
gaia-v3-15507,classification,test-pred-002586,1627525530000,1627525505728,24.272,mobservice1,login_failure,mobservice1,1
gaia-v3-15509,classification,test-pred-002587,1627525620000,1627525592161,27.839,mobservice1,login_failure,mobservice1,1
gaia-v3-15193,classification,test-pred-002588,1627525830000,1627525801850,28.15,mobservice2,login_failure,mobservice2,1
gaia-v3-15194,classification,test-pred-002589,1627525950000,1627525925489,24.511,mobservice2,login_failure,mobservice2,1
gaia-v3-15195,classification,test-pred-002590,1627526010000,1627525995721,14.279,mobservice2,login_failure,mobservice2,1
gaia-v3-15196,classification,test-pred-002591,1627526100000,1627526080969,19.031,mobservice2,login_failure,mobservice2,1
gaia-v3-15197,classification,test-pred-002592,1627526580000,1627526567817,12.183,mobservice2,login_failure,mobservice1,2
gaia-v3-15198,classification,test-pred-002593,1627526700000,1627526665065,34.935,mobservice2,login_failure,mobservice1,2
gaia-v3-15511,classification,test-pred-002594,1627526790000,1627526778293,11.707,mobservice1,login_failure,mobservice2,2
gaia-v3-15512,classification,test-pred-002595,1627526970000,1627526930559,39.441,mobservice1,login_failure,mobservice1,1
gaia-v3-15513,classification,test-pred-002596,1627527060000,1627527037615,22.385,mobservice1,login_failure,mobservice2,2
gaia-v3-15199,classification,test-pred-002597,1627527150000,1627527121016,28.984,mobservice2,login_failure,mobservice2,1
gaia-v3-15200,classification,test-pred-002598,1627527570000,1627527556541,13.459,mobservice2,login_failure,mobservice1,2
gaia-v3-15201,classification,test-pred-002599,1627528650000,1627528634971,15.029,mobservice2,login_failure,mobservice2,1
gaia-v3-15202,classification,test-pred-002600,1627528800000,1627528768566,31.434,mobservice2,login_failure,logservice1,3
gaia-v3-15203,classification,test-pred-002601,1627528920000,1627528888217,31.783,mobservice2,login_failure,mobservice1,2
gaia-v3-15204,classification,test-pred-002602,1627529100000,1627529084951,15.049,mobservice2,login_failure,mobservice2,1
gaia-v3-15514,classification,test-pred-002603,1627529370000,1627529333284,36.716,mobservice1,login_failure,mobservice2,2
gaia-v3-15205,classification,test-pred-002604,1627529460000,1627529420432,39.568,mobservice2,login_failure,mobservice1,2
gaia-v3-15206,classification,test-pred-002605,1627530120000,1627530103263,16.737,mobservice2,login_failure,mobservice1,2
gaia-v3-15517,classification,test-pred-002606,1627530210000,1627530188407,21.593,mobservice1,login_failure,mobservice2,2
gaia-v3-15519,classification,test-pred-002607,1627530330000,1627530321616,8.384,mobservice1,login_failure,mobservice1,1
gaia-v3-15520,classification,test-pred-002608,1627530510000,1627530496563,13.437,mobservice1,login_failure,mobservice2,2
gaia-v3-15207,classification,test-pred-002609,1627530630000,1627530613445,16.555,mobservice2,login_failure,mobservice1,2
gaia-v3-15521,classification,test-pred-002610,1627530750000,1627530735238,14.762,mobservice1,login_failure,mobservice2,4
gaia-v3-15208,classification,test-pred-002611,1627530840000,1627530824057,15.943,mobservice2,login_failure,mobservice2,1
gaia-v3-15209,classification,test-pred-002612,1627530930000,1627530894236,35.764,mobservice2,login_failure,mobservice1,2
gaia-v3-15522,classification,test-pred-002613,1627531020000,1627531005121,14.879,mobservice1,login_failure,mobservice2,2
gaia-v3-15523,classification,test-pred-002614,1627531170000,1627531159287,10.713,mobservice1,login_failure,mobservice1,1
gaia-v3-15525,classification,test-pred-002615,1627531440000,1627531419703,20.297,mobservice1,login_failure,mobservice2,2
gaia-v3-15211,classification,test-pred-002616,1627531500000,1627531469870,30.13,mobservice2,login_failure,mobservice2,1
gaia-v3-15212,classification,test-pred-002617,1627531590000,1627531561888,28.112,mobservice2,login_failure,mobservice1,2
gaia-v3-15213,classification,test-pred-002618,1627531710000,1627531687655,22.345,mobservice2,login_failure,mobservice2,1
gaia-v3-15214,classification,test-pred-002619,1627531830000,1627531792402,37.598,mobservice2,login_failure,mobservice1,2
gaia-v3-15526,classification,test-pred-002620,1627532190000,1627532153330,36.67,mobservice1,login_failure,mobservice2,2
gaia-v3-15215,classification,test-pred-002621,1627532250000,1627532233737,16.263,mobservice2,login_failure,mobservice1,2
gaia-v3-15529,classification,test-pred-002622,1627532430000,1627532416690,13.31,mobservice1,login_failure,mobservice1,1
gaia-v3-15216,classification,test-pred-002623,1627532700000,1627532684247,15.753,mobservice2,login_failure,mobservice2,1
gaia-v3-15217,classification,test-pred-002624,1627532820000,1627532797652,22.348,mobservice2,login_failure,mobservice2,1
gaia-v3-15218,classification,test-pred-002625,1627532880000,1627532841147,38.853,mobservice2,login_failure,mobservice1,2
gaia-v3-15530,classification,test-pred-002626,1627533000000,1627532985154,14.846,mobservice1,login_failure,mobservice1,1
gaia-v3-15531,classification,test-pred-002627,1627533120000,1627533107166,12.834,mobservice1,login_failure,mobservice2,2
gaia-v3-15532,classification,test-pred-002628,1627533240000,1627533214751,25.249,mobservice1,login_failure,mobservice2,2
gaia-v3-15220,classification,test-pred-002629,1627533300000,1627533299177,0.823,mobservice2,login_failure,mobservice1,2
gaia-v3-15221,classification,test-pred-002630,1627533420000,1627533405838,14.162,mobservice2,login_failure,mobservice1,2
gaia-v3-15222,classification,test-pred-002631,1627533600000,1627533564931,35.069,mobservice2,login_failure,mobservice2,1
gaia-v3-15223,classification,test-pred-002632,1627533660000,1627533632801,27.199,mobservice2,login_failure,mobservice2,1
gaia-v3-15224,classification,test-pred-002633,1627533780000,1627533773366,6.634,mobservice2,login_failure,mobservice1,2
gaia-v3-15539,classification,test-pred-002634,1627533930000,1627533929689,0.311,mobservice1,login_failure,mobservice2,2
gaia-v3-15225,classification,test-pred-002635,1627534020000,1627533996436,23.564,mobservice2,login_failure,mobservice2,1
gaia-v3-15226,classification,test-pred-002636,1627534170000,1627534153273,16.727,mobservice2,login_failure,mobservice1,2
gaia-v3-15540,classification,test-pred-002637,1627534230000,1627534193455,36.545,mobservice1,login_failure,mobservice2,2
gaia-v3-15227,classification,test-pred-002638,1627534350000,1627534322464,27.536,mobservice2,login_failure,mobservice1,2
gaia-v3-15228,classification,test-pred-002639,1627534680000,1627534657558,22.442,mobservice2,login_failure,webservice2,2
gaia-v3-15229,classification,test-pred-002640,1627535100000,1627535074205,25.795,mobservice2,login_failure,mobservice1,2
gaia-v3-15541,classification,test-pred-002641,1627535220000,1627535199750,20.25,mobservice1,login_failure,mobservice1,1
gaia-v3-15543,classification,test-pred-002642,1627535430000,1627535398513,31.487,mobservice1,login_failure,mobservice2,2
gaia-v3-15544,classification,test-pred-002643,1627535580000,1627535557449,22.551,mobservice1,login_failure,mobservice1,1
gaia-v3-15231,classification,test-pred-002644,1627535820000,1627535790957,29.043,mobservice2,login_failure,mobservice1,2
gaia-v3-15232,classification,test-pred-002645,1627536000000,1627535980648,19.352,mobservice2,login_failure,mobservice1,2
gaia-v3-15545,classification,test-pred-002646,1627536210000,1627536175511,34.489,mobservice1,login_failure,mobservice1,1
gaia-v3-15233,classification,test-pred-002647,1627536330000,1627536295065,34.935,mobservice2,login_failure,mobservice2,1
gaia-v3-15234,classification,test-pred-002648,1627536450000,1627536431875,18.125,mobservice2,login_failure,mobservice2,1
gaia-v3-15546,classification,test-pred-002649,1627536660000,1627536648420,11.58,mobservice1,login_failure,mobservice2,2
gaia-v3-15547,classification,test-pred-002650,1627536780000,1627536743279,36.721,mobservice1,login_failure,mobservice1,1
gaia-v3-15548,classification,test-pred-002651,1627536930000,1627536896132,33.868,mobservice1,login_failure,mobservice1,1
gaia-v3-15550,classification,test-pred-002652,1627537020000,1627536988909,31.091,mobservice1,login_failure,mobservice2,2
gaia-v3-15551,classification,test-pred-002653,1627537410000,1627537383098,26.902,mobservice1,login_failure,mobservice2,2
gaia-v3-15235,classification,test-pred-002654,1627537500000,1627537485112,14.888,mobservice2,login_failure,mobservice2,1
gaia-v3-15236,classification,test-pred-002655,1627537560000,1627537526898,33.102,mobservice2,login_failure,mobservice1,2
gaia-v3-15553,classification,test-pred-002656,1627537680000,1627537663491,16.509,mobservice1,login_failure,mobservice1,1
gaia-v3-15554,classification,test-pred-002657,1627538130000,1627538113927,16.073,mobservice1,login_failure,mobservice1,1
gaia-v3-15555,classification,test-pred-002658,1627538190000,1627538173327,16.673,mobservice1,login_failure,mobservice1,1
gaia-v3-15557,classification,test-pred-002659,1627538250000,1627538227552,22.448,mobservice1,login_failure,mobservice1,1
gaia-v3-15558,classification,test-pred-002660,1627538310000,1627538286194,23.806,mobservice1,login_failure,mobservice2,5
gaia-v3-15237,classification,test-pred-002661,1627538760000,1627538719541,40.459,mobservice2,login_failure,mobservice2,1
gaia-v3-15559,classification,test-pred-002662,1627538820000,1627538803841,16.159,mobservice1,login_failure,mobservice1,1
gaia-v3-15560,classification,test-pred-002663,1627539030000,1627539007727,22.273,mobservice1,login_failure,mobservice2,2
gaia-v3-15239,classification,test-pred-002664,1627539090000,1627539053385,36.615,mobservice2,login_failure,mobservice2,1
gaia-v3-15561,classification,test-pred-002665,1627539360000,1627539343688,16.312,mobservice1,login_failure,mobservice2,2
gaia-v3-15562,classification,test-pred-002666,1627539660000,1627539621616,38.384,mobservice1,login_failure,mobservice1,1
gaia-v3-15563,classification,test-pred-002667,1627539750000,1627539733649,16.351,mobservice1,login_failure,mobservice2,2
gaia-v3-15241,classification,test-pred-002668,1627539870000,1627539859784,10.216,mobservice2,login_failure,mobservice2,1
gaia-v3-15564,classification,test-pred-002669,1627539960000,1627539923639,36.361,mobservice1,login_failure,mobservice2,2
gaia-v3-15242,classification,test-pred-002670,1627540020000,1627539996381,23.619,mobservice2,login_failure,mobservice2,1
gaia-v3-15565,classification,test-pred-002671,1627540470000,1627540432115,37.885,mobservice1,login_failure,mobservice1,1
gaia-v3-15566,classification,test-pred-002672,1627540860000,1627540843846,16.154,mobservice1,login_failure,mobservice2,2
gaia-v3-15567,classification,test-pred-002673,1627541010000,1627540996409,13.591,mobservice1,login_failure,mobservice1,1
gaia-v3-15244,classification,test-pred-002674,1627541280000,1627541261457,18.543,mobservice2,login_failure,mobservice2,1
gaia-v3-15571,classification,test-pred-002675,1627541580000,1627541555032,24.968,mobservice1,login_failure,mobservice1,1
gaia-v3-15245,classification,test-pred-002676,1627541670000,1627541649070,20.93,mobservice2,login_failure,mobservice1,2
gaia-v3-15246,classification,test-pred-002677,1627541760000,1627541742960,17.04,mobservice2,login_failure,mobservice2,1
gaia-v3-15247,classification,test-pred-002678,1627541820000,1627541783600,36.4,mobservice2,login_failure,mobservice1,3
gaia-v3-15574,classification,test-pred-002679,1627542000000,1627541965729,34.271,mobservice1,login_failure,mobservice2,2
gaia-v3-15248,classification,test-pred-002680,1627542060000,1627542029960,30.04,mobservice2,login_failure,mobservice2,1
gaia-v3-15249,classification,test-pred-002681,1627542120000,1627542083214,36.786,mobservice2,login_failure,mobservice1,2
gaia-v3-15250,classification,test-pred-002682,1627542450000,1627542412409,37.591,mobservice2,login_failure,mobservice1,2
gaia-v3-15251,classification,test-pred-002683,1627542510000,1627542493062,16.938,mobservice2,login_failure,mobservice1,2
gaia-v3-15252,classification,test-pred-002684,1627542660000,1627542627180,32.82,mobservice2,login_failure,mobservice1,2
gaia-v3-15577,classification,test-pred-002685,1627543110000,1627543073060,36.94,mobservice1,login_failure,mobservice2,2
gaia-v3-15253,classification,test-pred-002686,1627543350000,1627543311630,38.37,mobservice2,login_failure,mobservice1,2
gaia-v3-15578,classification,test-pred-002687,1627543410000,1627543370031,39.969,mobservice1,login_failure,mobservice2,2
gaia-v3-15254,classification,test-pred-002688,1627543470000,1627543453719,16.281,mobservice2,login_failure,mobservice2,1
gaia-v3-15255,classification,test-pred-002689,1627543560000,1627543544187,15.813,mobservice2,login_failure,mobservice1,2
gaia-v3-15256,classification,test-pred-002690,1627543710000,1627543697311,12.689,mobservice2,login_failure,mobservice1,4
gaia-v3-15257,classification,test-pred-002691,1627544010000,1627543987997,22.003,mobservice2,login_failure,mobservice2,1
gaia-v3-15579,classification,test-pred-002692,1627544220000,1627544200845,19.155,mobservice1,login_failure,mobservice1,1
gaia-v3-15580,classification,test-pred-002693,1627544400000,1627544386417,13.583,mobservice1,login_failure,mobservice2,2
gaia-v3-15258,classification,test-pred-002694,1627544550000,1627544524988,25.012,mobservice2,login_failure,mobservice2,1
gaia-v3-15259,classification,test-pred-002695,1627544910000,1627544868985,41.015,mobservice2,login_failure,mobservice1,2
gaia-v3-15581,classification,test-pred-002696,1627544970000,1627544952360,17.64,mobservice1,login_failure,mobservice1,1
gaia-v3-15582,classification,test-pred-002697,1627545510000,1627545494973,15.027,mobservice1,login_failure,mobservice1,1
gaia-v3-15050,classification,test-pred-002698,1627545630000,1627545600589,29.411,webservice2,file_moving,mobservice2,2
gaia-v3-15583,classification,test-pred-002699,1627546500000,1627546463710,36.29,mobservice1,login_failure,mobservice2,2
gaia-v3-15584,classification,test-pred-002700,1627546740000,1627546724955,15.045,mobservice1,login_failure,mobservice2,2
gaia-v3-15585,classification,test-pred-002701,1627546980000,1627546957771,22.229,mobservice1,login_failure,mobservice2,2
gaia-v3-15586,classification,test-pred-002702,1627547160000,1627547133297,26.703,mobservice1,login_failure,mobservice2,2
gaia-v3-15260,classification,test-pred-002703,1627547550000,1627547523957,26.043,mobservice2,login_failure,mobservice2,1
gaia-v3-15262,classification,test-pred-002704,1627547640000,1627547608799,31.201,mobservice2,login_failure,mobservice2,1
gaia-v3-15587,classification,test-pred-002705,1627547910000,1627547884595,25.405,mobservice1,login_failure,mobservice2,2
gaia-v3-15264,classification,test-pred-002706,1627548030000,1627547989337,40.663,mobservice2,login_failure,mobservice2,1
gaia-v3-15588,classification,test-pred-002707,1627548300000,1627548272181,27.819,mobservice1,login_failure,mobservice1,1
gaia-v3-15589,classification,test-pred-002708,1627548360000,1627548338545,21.455,mobservice1,login_failure,logservice1,4
gaia-v3-15265,classification,test-pred-002709,1627548510000,1627548473182,36.818,mobservice2,login_failure,mobservice2,1
gaia-v3-15267,classification,test-pred-002710,1627548630000,1627548603531,26.469,mobservice2,login_failure,mobservice1,2
gaia-v3-15590,classification,test-pred-002711,1627548870000,1627548843415,26.585,mobservice1,login_failure,mobservice2,2
gaia-v3-15591,classification,test-pred-002712,1627549020000,1627548995925,24.075,mobservice1,login_failure,mobservice1,1
gaia-v3-15270,classification,test-pred-002713,1627549260000,1627549238963,21.037,mobservice2,login_failure,mobservice1,2
gaia-v3-15271,classification,test-pred-002714,1627549590000,1627549568065,21.935,mobservice2,login_failure,mobservice1,2
gaia-v3-15594,classification,test-pred-002715,1627549680000,1627549670449,9.551,mobservice1,login_failure,mobservice1,1
gaia-v3-15272,classification,test-pred-002716,1627549830000,1627549796035,33.965,mobservice2,login_failure,mobservice1,2
gaia-v3-15273,classification,test-pred-002717,1627549950000,1627549924773,25.227,mobservice2,login_failure,mobservice2,1
gaia-v3-15274,classification,test-pred-002718,1627550100000,1627550087304,12.696,mobservice2,login_failure,mobservice2,1
gaia-v3-15595,classification,test-pred-002719,1627550280000,1627550254633,25.367,mobservice1,login_failure,mobservice1,1
gaia-v3-15596,classification,test-pred-002720,1627550370000,1627550332430,37.57,mobservice1,login_failure,mobservice1,1
gaia-v3-15597,classification,test-pred-002721,1627550520000,1627550485869,34.131,mobservice1,login_failure,mobservice2,2
gaia-v3-15275,classification,test-pred-002722,1627550670000,1627550631838,38.162,mobservice2,login_failure,mobservice1,2
gaia-v3-15599,classification,test-pred-002723,1627550850000,1627550817742,32.258,mobservice1,login_failure,mobservice2,2
gaia-v3-15600,classification,test-pred-002724,1627551000000,1627550964355,35.645,mobservice1,login_failure,mobservice1,1
gaia-v3-15601,classification,test-pred-002725,1627551150000,1627551134660,15.34,mobservice1,login_failure,mobservice1,1
gaia-v3-15602,classification,test-pred-002726,1627551210000,1627551176734,33.266,mobservice1,login_failure,mobservice2,2
gaia-v3-15603,classification,test-pred-002727,1627551420000,1627551394439,25.561,mobservice1,login_failure,mobservice1,1
gaia-v3-15276,classification,test-pred-002728,1627551660000,1627551626807,33.193,mobservice2,login_failure,mobservice2,1
gaia-v3-15605,classification,test-pred-002729,1627551990000,1627551974258,15.742,mobservice1,login_failure,mobservice2,2
gaia-v3-15277,classification,test-pred-002730,1627552320000,1627552304006,15.994,mobservice2,login_failure,mobservice1,2
gaia-v3-15278,classification,test-pred-002731,1627552500000,1627552471801,28.199,mobservice2,login_failure,mobservice2,1
gaia-v3-15279,classification,test-pred-002732,1627552650000,1627552638656,11.344,mobservice2,login_failure,mobservice1,2
gaia-v3-15607,classification,test-pred-002733,1627552770000,1627552738913,31.087,mobservice1,login_failure,mobservice1,1
gaia-v3-15608,classification,test-pred-002734,1627553190000,1627553189091,0.909,mobservice1,login_failure,mobservice1,1
gaia-v3-15609,classification,test-pred-002735,1627553310000,1627553293466,16.534,mobservice1,login_failure,mobservice2,2
gaia-v3-15282,classification,test-pred-002736,1627553430000,1627553416738,13.262,mobservice2,login_failure,mobservice1,2
gaia-v3-15610,classification,test-pred-002737,1627553490000,1627553461211,28.789,mobservice1,login_failure,mobservice2,2
gaia-v3-15283,classification,test-pred-002738,1627553550000,1627553531953,18.047,mobservice2,login_failure,mobservice1,2
gaia-v3-15611,classification,test-pred-002739,1627553700000,1627553667242,32.758,mobservice1,login_failure,mobservice1,1
gaia-v3-15284,classification,test-pred-002740,1627553970000,1627553936084,33.916,mobservice2,login_failure,mobservice1,2
gaia-v3-15285,classification,test-pred-002741,1627554210000,1627554186354,23.646,mobservice2,login_failure,mobservice2,1
gaia-v3-15286,classification,test-pred-002742,1627554540000,1627554503019,36.981,mobservice2,login_failure,mobservice1,2
gaia-v3-15612,classification,test-pred-002743,1627554720000,1627554683126,36.874,mobservice1,login_failure,mobservice2,2
gaia-v3-15287,classification,test-pred-002744,1627554780000,1627554759043,20.957,mobservice2,login_failure,mobservice1,2
gaia-v3-15289,classification,test-pred-002745,1627555470000,1627555464253,5.747,mobservice2,login_failure,mobservice2,1
gaia-v3-15291,classification,test-pred-002746,1627555590000,1627555559885,30.115,mobservice2,login_failure,mobservice2,1
gaia-v3-15292,classification,test-pred-002747,1627555680000,1627555662936,17.064,mobservice2,login_failure,mobservice1,4
gaia-v3-15613,classification,test-pred-002748,1627555860000,1627555848382,11.618,mobservice1,login_failure,mobservice1,1
gaia-v3-15615,classification,test-pred-002750,1627556010000,1627555988707,21.293,mobservice1,login_failure,mobservice1,1
gaia-v3-15616,classification,test-pred-002751,1627556160000,1627556124479,35.521,mobservice1,login_failure,mobservice1,1
gaia-v3-15293,classification,test-pred-002752,1627556280000,1627556241045,38.955,mobservice2,login_failure,mobservice2,1
gaia-v3-15294,classification,test-pred-002753,1627556460000,1627556432587,27.413,mobservice2,login_failure,mobservice2,1
gaia-v3-15295,classification,test-pred-002754,1627556880000,1627556839459,40.541,mobservice2,login_failure,mobservice1,2
gaia-v3-15617,classification,test-pred-002755,1627557360000,1627557339014,20.986,mobservice1,login_failure,mobservice2,5
gaia-v3-15296,classification,test-pred-002756,1627557480000,1627557465856,14.144,mobservice2,login_failure,mobservice1,3
gaia-v3-15618,classification,test-pred-002757,1627557660000,1627557643246,16.754,mobservice1,login_failure,mobservice1,1
gaia-v3-15297,classification,test-pred-002758,1627557750000,1627557730151,19.849,mobservice2,login_failure,mobservice1,2
gaia-v3-15298,classification,test-pred-002759,1627557930000,1627557901302,28.698,mobservice2,login_failure,mobservice2,1
gaia-v3-15299,classification,test-pred-002760,1627558080000,1627558058096,21.904,mobservice2,login_failure,mobservice1,2
gaia-v3-15301,classification,test-pred-002761,1627558200000,1627558188614,11.386,mobservice2,login_failure,mobservice2,1
gaia-v3-15621,classification,test-pred-002762,1627558410000,1627558374907,35.093,mobservice1,login_failure,mobservice1,1
gaia-v3-15622,classification,test-pred-002763,1627558500000,1627558473325,26.675,mobservice1,login_failure,webservice2,3
gaia-v3-15623,classification,test-pred-002764,1627558830000,1627558792927,37.073,mobservice1,login_failure,mobservice2,2
gaia-v3-15624,classification,test-pred-002765,1627559100000,1627559073460,26.54,mobservice1,login_failure,mobservice2,2
gaia-v3-15302,classification,test-pred-002766,1627559280000,1627559267615,12.385,mobservice2,login_failure,mobservice1,2
gaia-v3-15303,classification,test-pred-002767,1627559490000,1627559453551,36.449,mobservice2,login_failure,mobservice2,1
gaia-v3-15626,classification,test-pred-002768,1627559730000,1627559728417,1.583,mobservice1,login_failure,mobservice1,1
gaia-v3-15628,classification,test-pred-002769,1627559880000,1627559841288,38.712,mobservice1,login_failure,mobservice2,2
gaia-v3-15304,classification,test-pred-002770,1627559940000,1627559924675,15.325,mobservice2,login_failure,mobservice2,1
gaia-v3-15305,classification,test-pred-002771,1627560000000,1627559969030,30.97,mobservice2,login_failure,mobservice2,1
gaia-v3-15630,classification,test-pred-002772,1627560360000,1627560345343,14.657,mobservice1,login_failure,mobservice2,3
gaia-v3-15306,classification,test-pred-002773,1627560420000,1627560384110,35.89,mobservice2,login_failure,mobservice2,1
gaia-v3-15307,classification,test-pred-002774,1627560510000,1627560488588,21.412,mobservice2,login_failure,mobservice1,2
gaia-v3-15631,classification,test-pred-002775,1627561020000,1627561002473,17.527,mobservice1,login_failure,mobservice1,1
gaia-v3-15632,classification,test-pred-002776,1627561170000,1627561156815,13.185,mobservice1,login_failure,mobservice2,2
gaia-v3-15308,classification,test-pred-002777,1627561470000,1627561455161,14.839,mobservice2,login_failure,mobservice1,2
gaia-v3-15309,classification,test-pred-002778,1627561710000,1627561678690,31.31,mobservice2,login_failure,mobservice1,2
gaia-v3-15310,classification,test-pred-002779,1627561830000,1627561809563,20.437,mobservice2,login_failure,mobservice1,2
gaia-v3-15313,classification,test-pred-002780,1627561950000,1627561941091,8.909,mobservice2,login_failure,mobservice2,1
gaia-v3-15315,classification,test-pred-002781,1627562100000,1627562081165,18.835,mobservice2,login_failure,mobservice2,1
gaia-v3-15316,classification,test-pred-002782,1627562190000,1627562165850,24.15,mobservice2,login_failure,mobservice1,3
gaia-v3-15636,classification,test-pred-002783,1627562310000,1627562303744,6.256,mobservice1,login_failure,mobservice1,1
gaia-v3-15637,classification,test-pred-002784,1627563150000,1627563128723,21.277,mobservice1,login_failure,mobservice2,4
gaia-v3-15638,classification,test-pred-002785,1627563390000,1627563370404,19.596,mobservice1,login_failure,mobservice2,2
gaia-v3-15639,classification,test-pred-002786,1627563780000,1627563763531,16.469,mobservice1,login_failure,mobservice1,1
gaia-v3-15640,classification,test-pred-002787,1627563870000,1627563831998,38.002,mobservice1,login_failure,mobservice2,2
gaia-v3-15317,classification,test-pred-002788,1627563930000,1627563902223,27.777,mobservice2,login_failure,mobservice1,2
gaia-v3-15641,classification,test-pred-002789,1627564020000,1627563979264,40.736,mobservice1,login_failure,mobservice2,2
gaia-v3-15318,classification,test-pred-002790,1627564080000,1627564042606,37.394,mobservice2,login_failure,mobservice2,1
gaia-v3-15320,classification,test-pred-002791,1627564200000,1627564174263,25.737,mobservice2,login_failure,mobservice1,2
gaia-v3-15644,classification,test-pred-002792,1627564290000,1627564284223,5.777,mobservice1,login_failure,mobservice1,1
gaia-v3-15645,classification,test-pred-002793,1627564440000,1627564409301,30.699,mobservice1,login_failure,mobservice1,1
gaia-v3-15646,classification,test-pred-002794,1627564500000,1627564472709,27.291,mobservice1,login_failure,mobservice2,3
gaia-v3-15321,classification,test-pred-002795,1627564650000,1627564635143,14.857,mobservice2,login_failure,mobservice2,1
gaia-v3-15647,classification,test-pred-002796,1627564800000,1627564768144,31.856,mobservice1,login_failure,mobservice1,1
gaia-v3-15648,classification,test-pred-002797,1627564920000,1627564894148,25.852,mobservice1,login_failure,mobservice1,1
gaia-v3-15649,classification,test-pred-002798,1627564980000,1627564952703,27.297,mobservice1,login_failure,mobservice2,2
gaia-v3-15650,classification,test-pred-002799,1627565310000,1627565277616,32.384,mobservice1,login_failure,mobservice1,1
gaia-v3-15651,classification,test-pred-002800,1627565430000,1627565395027,34.973,mobservice1,login_failure,mobservice2,2
gaia-v3-15322,classification,test-pred-002801,1627565520000,1627565496019,23.981,mobservice2,login_failure,mobservice2,1
gaia-v3-15323,classification,test-pred-002802,1627565700000,1627565679584,20.416,mobservice2,login_failure,mobservice1,5
gaia-v3-15652,classification,test-pred-002803,1627565820000,1627565791589,28.411,mobservice1,login_failure,mobservice1,1
gaia-v3-15324,classification,test-pred-002804,1627566000000,1627565981715,18.285,mobservice2,login_failure,mobservice2,1
gaia-v3-15654,classification,test-pred-002805,1627566210000,1627566184979,25.021,mobservice1,login_failure,mobservice1,1
gaia-v3-15655,classification,test-pred-002806,1627566270000,1627566253414,16.586,mobservice1,login_failure,mobservice1,1
gaia-v3-15656,classification,test-pred-002807,1627566360000,1627566327374,32.626,mobservice1,login_failure,mobservice1,1
gaia-v3-15657,classification,test-pred-002808,1627566420000,1627566390875,29.125,mobservice1,login_failure,mobservice2,2
gaia-v3-15044,classification,test-pred-002809,1627566510000,1627566497750,12.25,dbservice2,memory_anomalies,mobservice2,4
gaia-v3-15658,classification,test-pred-002810,1627566780000,1627566758180,21.82,mobservice1,login_failure,mobservice2,2
gaia-v3-15326,classification,test-pred-002811,1627567170000,1627567138195,31.805,mobservice2,login_failure,mobservice2,1
gaia-v3-15327,classification,test-pred-002812,1627567290000,1627567277383,12.617,mobservice2,login_failure,mobservice1,2
gaia-v3-15659,classification,test-pred-002813,1627567410000,1627567395788,14.212,mobservice1,login_failure,mobservice1,1
gaia-v3-15660,classification,test-pred-002814,1627567470000,1627567438184,31.816,mobservice1,login_failure,mobservice2,3
gaia-v3-15661,classification,test-pred-002815,1627567770000,1627567757979,12.021,mobservice1,login_failure,mobservice2,2
gaia-v3-15328,classification,test-pred-002816,1627567890000,1627567871179,18.821,mobservice2,login_failure,mobservice2,1
gaia-v3-15329,classification,test-pred-002817,1627568280000,1627568264494,15.506,mobservice2,login_failure,mobservice1,2
gaia-v3-15662,classification,test-pred-002818,1627568340000,1627568323390,16.61,mobservice1,login_failure,mobservice2,2
gaia-v3-15330,classification,test-pred-002819,1627568400000,1627568376458,23.542,mobservice2,login_failure,mobservice1,2
gaia-v3-15663,classification,test-pred-002820,1627568520000,1627568480212,39.788,mobservice1,login_failure,mobservice2,2
gaia-v3-15331,classification,test-pred-002821,1627568580000,1627568543287,36.713,mobservice2,login_failure,mobservice1,2
gaia-v3-15664,classification,test-pred-002822,1627568730000,1627568710510,19.49,mobservice1,login_failure,mobservice1,1
gaia-v3-15665,classification,test-pred-002823,1627569360000,1627569324223,35.777,mobservice1,login_failure,mobservice2,3
gaia-v3-15666,classification,test-pred-002824,1627569750000,1627569737647,12.353,mobservice1,login_failure,mobservice2,4
gaia-v3-15333,classification,test-pred-002825,1627570170000,1627570139778,30.222,mobservice2,login_failure,mobservice2,1
gaia-v3-15334,classification,test-pred-002826,1627570260000,1627570241068,18.932,mobservice2,login_failure,mobservice1,2
gaia-v3-15667,classification,test-pred-002827,1627570380000,1627570363132,16.868,mobservice1,login_failure,mobservice2,2
gaia-v3-15335,classification,test-pred-002828,1627570440000,1627570412425,27.575,mobservice2,login_failure,mobservice1,3
gaia-v3-15336,classification,test-pred-002829,1627570530000,1627570526721,3.279,mobservice2,login_failure,mobservice2,1
gaia-v3-15337,classification,test-pred-002830,1627570740000,1627570725239,14.761,mobservice2,login_failure,mobservice1,3
gaia-v3-15669,classification,test-pred-002831,1627570860000,1627570832355,27.645,mobservice1,login_failure,mobservice1,1
gaia-v3-15338,classification,test-pred-002832,1627570950000,1627570937383,12.617,mobservice2,login_failure,mobservice1,2
gaia-v3-15670,classification,test-pred-002833,1627571070000,1627571028977,41.023,mobservice1,login_failure,mobservice2,2
gaia-v3-15339,classification,test-pred-002834,1627571160000,1627571123684,36.316,mobservice2,login_failure,mobservice1,2
gaia-v3-15671,classification,test-pred-002835,1627571280000,1627571268610,11.39,mobservice1,login_failure,mobservice2,2
gaia-v3-15340,classification,test-pred-002836,1627571400000,1627571371869,28.131,mobservice2,login_failure,mobservice1,2
gaia-v3-15342,classification,test-pred-002837,1627571610000,1627571595641,14.359,mobservice2,login_failure,mobservice2,1
gaia-v3-15343,classification,test-pred-002838,1627571700000,1627571667655,32.345,mobservice2,login_failure,mobservice2,1
gaia-v3-15344,classification,test-pred-002839,1627571790000,1627571772927,17.073,mobservice2,login_failure,mobservice2,1
gaia-v3-15345,classification,test-pred-002840,1627571880000,1627571840987,39.013,mobservice2,login_failure,mobservice1,6
gaia-v3-15346,classification,test-pred-002841,1627571940000,1627571907220,32.78,mobservice2,login_failure,webservice1,3
gaia-v3-15672,classification,test-pred-002842,1627572030000,1627572012069,17.931,mobservice1,login_failure,mobservice1,1
gaia-v3-15347,classification,test-pred-002843,1627572150000,1627572144542,5.458,mobservice2,login_failure,mobservice2,1
gaia-v3-15675,classification,test-pred-002844,1627572360000,1627572340310,19.69,mobservice1,login_failure,mobservice1,1
gaia-v3-15348,classification,test-pred-002845,1627572780000,1627572739423,40.577,mobservice2,login_failure,mobservice2,1
gaia-v3-15677,classification,test-pred-002846,1627573080000,1627573047065,32.935,mobservice1,login_failure,mobservice2,2
gaia-v3-15678,classification,test-pred-002847,1627573200000,1627573187247,12.753,mobservice1,login_failure,mobservice1,1
gaia-v3-15679,classification,test-pred-002848,1627573290000,1627573271765,18.235,mobservice1,login_failure,mobservice1,1
gaia-v3-15349,classification,test-pred-002849,1627573380000,1627573370395,9.605,mobservice2,login_failure,mobservice2,1
gaia-v3-15350,classification,test-pred-002850,1627573470000,1627573446302,23.698,mobservice2,login_failure,mobservice2,1
gaia-v3-15351,classification,test-pred-002851,1627573590000,1627573577855,12.145,mobservice2,login_failure,mobservice1,2
gaia-v3-15353,classification,test-pred-002852,1627573890000,1627573861837,28.163,mobservice2,login_failure,mobservice1,2
gaia-v3-15354,classification,test-pred-002853,1627574040000,1627574011035,28.965,mobservice2,login_failure,mobservice2,1
gaia-v3-15355,classification,test-pred-002854,1627574250000,1627574221013,28.987,mobservice2,login_failure,mobservice1,2
gaia-v3-15681,classification,test-pred-002855,1627574310000,1627574278897,31.103,mobservice1,login_failure,mobservice2,2
gaia-v3-16048,classification,test-pred-002856,1627574520000,1627574499923,20.077,mobservice1,login_failure,mobservice2,2
gaia-v3-16049,classification,test-pred-002857,1627574700000,1627574689843,10.157,mobservice1,login_failure,mobservice1,1
gaia-v3-16050,classification,test-pred-002858,1627574790000,1627574770295,19.705,mobservice1,login_failure,mobservice2,2
gaia-v3-15728,classification,test-pred-002859,1627575150000,1627575113882,36.118,mobservice2,login_failure,mobservice1,2
gaia-v3-15730,classification,test-pred-002860,1627575540000,1627575511504,28.496,mobservice2,login_failure,mobservice1,2
gaia-v3-16052,classification,test-pred-002861,1627575720000,1627575681390,38.61,mobservice1,login_failure,mobservice2,3
gaia-v3-15732,classification,test-pred-002862,1627575780000,1627575763474,16.526,mobservice2,login_failure,mobservice1,2
gaia-v3-16053,classification,test-pred-002863,1627575930000,1627575892451,37.549,mobservice1,login_failure,mobservice1,1
gaia-v3-16054,classification,test-pred-002864,1627576020000,1627575989028,30.972,mobservice1,login_failure,mobservice2,2
gaia-v3-15733,classification,test-pred-002865,1627576170000,1627576155084,14.916,mobservice2,login_failure,mobservice1,2
gaia-v3-16055,classification,test-pred-002866,1627576320000,1627576288098,31.902,mobservice1,login_failure,mobservice2,2
gaia-v3-16057,classification,test-pred-002867,1627576770000,1627576737382,32.618,mobservice1,login_failure,mobservice2,2
gaia-v3-16058,classification,test-pred-002868,1627577070000,1627577044129,25.871,mobservice1,login_failure,mobservice2,2
gaia-v3-16059,classification,test-pred-002869,1627577550000,1627577538234,11.766,mobservice1,login_failure,mobservice2,2
gaia-v3-15736,classification,test-pred-002870,1627577610000,1627577575523,34.477,mobservice2,login_failure,mobservice2,1
gaia-v3-15737,classification,test-pred-002871,1627577970000,1627577966580,3.42,mobservice2,login_failure,mobservice2,1
gaia-v3-16063,classification,test-pred-002873,1627578900000,1627578875451,24.549,mobservice1,login_failure,mobservice2,2
gaia-v3-15738,classification,test-pred-002874,1627578960000,1627578932673,27.327,mobservice2,login_failure,mobservice1,2
gaia-v3-15739,classification,test-pred-002875,1627579020000,1627578994602,25.398,mobservice2,login_failure,mobservice1,2
gaia-v3-15740,classification,test-pred-002876,1627579140000,1627579122898,17.102,mobservice2,login_failure,mobservice2,1
gaia-v3-15741,classification,test-pred-002877,1627579230000,1627579191051,38.949,mobservice2,login_failure,mobservice2,1
gaia-v3-15742,classification,test-pred-002878,1627579290000,1627579261516,28.484,mobservice2,login_failure,mobservice1,2
gaia-v3-15744,classification,test-pred-002879,1627579380000,1627579369125,10.875,mobservice2,login_failure,mobservice1,2
gaia-v3-15745,classification,test-pred-002880,1627579620000,1627579579614,40.386,mobservice2,login_failure,mobservice1,2
gaia-v3-16067,classification,test-pred-002881,1627579800000,1627579773280,26.72,mobservice1,login_failure,mobservice1,1
gaia-v3-15747,classification,test-pred-002882,1627580250000,1627580212823,37.177,mobservice2,login_failure,mobservice2,1
gaia-v3-16068,classification,test-pred-002883,1627580370000,1627580351881,18.119,mobservice1,login_failure,mobservice1,1
gaia-v3-16069,classification,test-pred-002884,1627580520000,1627580479243,40.757,mobservice1,login_failure,mobservice2,2
gaia-v3-15749,classification,test-pred-002885,1627580640000,1627580625258,14.742,mobservice2,login_failure,mobservice1,2
gaia-v3-15750,classification,test-pred-002886,1627580820000,1627580797080,22.92,mobservice2,login_failure,mobservice2,1
gaia-v3-15751,classification,test-pred-002887,1627581000000,1627580970491,29.509,mobservice2,login_failure,mobservice1,2
gaia-v3-16070,classification,test-pred-002888,1627581060000,1627581048195,11.805,mobservice1,login_failure,mobservice1,1
gaia-v3-15752,classification,test-pred-002889,1627581240000,1627581207468,32.532,mobservice2,login_failure,mobservice1,2
gaia-v3-16071,classification,test-pred-002890,1627581390000,1627581351963,38.037,mobservice1,login_failure,mobservice1,1
gaia-v3-16072,classification,test-pred-002891,1627581450000,1627581421845,28.155,mobservice1,login_failure,mobservice1,1
gaia-v3-16073,classification,test-pred-002892,1627581510000,1627581487799,22.201,mobservice1,login_failure,mobservice2,2
gaia-v3-15753,classification,test-pred-002893,1627581630000,1627581615122,14.878,mobservice2,login_failure,mobservice1,2
gaia-v3-15754,classification,test-pred-002894,1627581900000,1627581891763,8.237,mobservice2,login_failure,mobservice1,2
gaia-v3-16075,classification,test-pred-002895,1627582050000,1627582030648,19.352,mobservice1,login_failure,mobservice2,3
gaia-v3-15755,classification,test-pred-002896,1627582110000,1627582083543,26.457,mobservice2,login_failure,mobservice2,1
gaia-v3-15757,classification,test-pred-002897,1627582200000,1627582177442,22.558,mobservice2,login_failure,mobservice1,2
gaia-v3-16076,classification,test-pred-002898,1627582320000,1627582293762,26.238,mobservice1,login_failure,mobservice2,2
gaia-v3-15758,classification,test-pred-002899,1627582380000,1627582343731,36.269,mobservice2,login_failure,mobservice1,2
gaia-v3-16077,classification,test-pred-002900,1627582440000,1627582418989,21.011,mobservice1,login_failure,redisservice1,6
gaia-v3-15759,classification,test-pred-002901,1627582710000,1627582694735,15.265,mobservice2,login_failure,mobservice2,1
gaia-v3-15760,classification,test-pred-002902,1627582860000,1627582846970,13.03,mobservice2,login_failure,mobservice1,2
gaia-v3-16080,classification,test-pred-002903,1627582950000,1627582940102,9.898,mobservice1,login_failure,mobservice1,1
gaia-v3-15765,classification,test-pred-002904,1627583040000,1627583019340,20.66,mobservice2,login_failure,mobservice1,2
gaia-v3-15766,classification,test-pred-002905,1627583100000,1627583077020,22.98,mobservice2,login_failure,mobservice1,2
gaia-v3-16081,classification,test-pred-002906,1627583190000,1627583173263,16.737,mobservice1,login_failure,mobservice1,1
gaia-v3-15767,classification,test-pred-002907,1627583490000,1627583464881,25.119,mobservice2,login_failure,mobservice1,2
gaia-v3-15769,classification,test-pred-002908,1627583670000,1627583664291,5.709,mobservice2,login_failure,mobservice2,1
gaia-v3-15770,classification,test-pred-002909,1627583790000,1627583758817,31.183,mobservice2,login_failure,mobservice1,2
gaia-v3-15771,classification,test-pred-002910,1627583880000,1627583853039,26.961,mobservice2,login_failure,mobservice1,2
gaia-v3-16085,classification,test-pred-002911,1627584420000,1627584405121,14.879,mobservice1,login_failure,mobservice1,1
gaia-v3-16086,classification,test-pred-002912,1627584540000,1627584518217,21.783,mobservice1,login_failure,mobservice1,1
gaia-v3-16088,classification,test-pred-002913,1627584600000,1627584586663,13.337,mobservice1,login_failure,mobservice2,2
gaia-v3-15772,classification,test-pred-002914,1627584690000,1627584661269,28.731,mobservice2,login_failure,mobservice2,1
gaia-v3-16089,classification,test-pred-002915,1627584810000,1627584796126,13.874,mobservice1,login_failure,mobservice2,4
gaia-v3-15773,classification,test-pred-002916,1627584900000,1627584873697,26.303,mobservice2,login_failure,mobservice1,2
gaia-v3-16091,classification,test-pred-002917,1627584960000,1627584958111,1.889,mobservice1,login_failure,mobservice1,1
gaia-v3-16092,classification,test-pred-002918,1627585050000,1627585027981,22.019,mobservice1,login_failure,mobservice2,2
gaia-v3-16093,classification,test-pred-002919,1627585230000,1627585202849,27.151,mobservice1,login_failure,dbservice2,3
gaia-v3-15774,classification,test-pred-002920,1627585500000,1627585485351,14.649,mobservice2,login_failure,mobservice2,1
gaia-v3-15775,classification,test-pred-002921,1627585680000,1627585649421,30.579,mobservice2,login_failure,mobservice1,2
gaia-v3-15777,classification,test-pred-002922,1627586190000,1627586185401,4.599,mobservice2,login_failure,mobservice2,1
gaia-v3-15778,classification,test-pred-002923,1627586340000,1627586307239,32.761,mobservice2,login_failure,mobservice2,1
gaia-v3-15779,classification,test-pred-002924,1627586700000,1627586676777,23.223,mobservice2,login_failure,mobservice2,1
gaia-v3-15780,classification,test-pred-002925,1627586850000,1627586825299,24.701,mobservice2,login_failure,mobservice2,1
gaia-v3-15781,classification,test-pred-002926,1627587000000,1627586969766,30.234,mobservice2,login_failure,mobservice1,2
gaia-v3-15782,classification,test-pred-002927,1627587240000,1627587212709,27.291,mobservice2,login_failure,mobservice2,1
gaia-v3-15783,classification,test-pred-002928,1627587360000,1627587334924,25.076,mobservice2,login_failure,mobservice1,2
gaia-v3-16094,classification,test-pred-002929,1627587540000,1627587508018,31.982,mobservice1,login_failure,mobservice2,2
gaia-v3-16098,classification,test-pred-002930,1627588140000,1627588117706,22.294,mobservice1,login_failure,mobservice1,1
gaia-v3-16099,classification,test-pred-002931,1627588350000,1627588312083,37.917,mobservice1,login_failure,mobservice2,3
gaia-v3-16100,classification,test-pred-002932,1627588680000,1627588664118,15.882,mobservice1,login_failure,redisservice2,3
gaia-v3-15787,classification,test-pred-002933,1627588860000,1627588823410,36.59,mobservice2,login_failure,mobservice2,1
gaia-v3-15788,classification,test-pred-002934,1627588920000,1627588880884,39.116,mobservice2,login_failure,mobservice2,1
gaia-v3-15789,classification,test-pred-002935,1627589040000,1627589021138,18.862,mobservice2,login_failure,mobservice1,2
gaia-v3-16102,classification,test-pred-002936,1627589520000,1627589501444,18.556,mobservice1,login_failure,mobservice2,2
gaia-v3-15791,classification,test-pred-002937,1627590150000,1627590149267,0.733,mobservice2,login_failure,mobservice2,1
gaia-v3-16105,classification,test-pred-002938,1627590360000,1627590342337,17.663,mobservice1,login_failure,mobservice2,2
gaia-v3-16106,classification,test-pred-002939,1627590630000,1627590607664,22.336,mobservice1,login_failure,mobservice2,2
gaia-v3-15792,classification,test-pred-002940,1627590780000,1627590749897,30.103,mobservice2,login_failure,mobservice2,1
gaia-v3-16108,classification,test-pred-002941,1627591080000,1627591056523,23.477,mobservice1,login_failure,mobservice1,1
gaia-v3-15793,classification,test-pred-002942,1627591260000,1627591223550,36.45,mobservice2,login_failure,mobservice2,1
gaia-v3-15794,classification,test-pred-002943,1627591320000,1627591306546,13.454,mobservice2,login_failure,mobservice1,2
gaia-v3-16109,classification,test-pred-002944,1627591530000,1627591490281,39.719,mobservice1,login_failure,mobservice2,2
gaia-v3-15795,classification,test-pred-002945,1627591590000,1627591558891,31.109,mobservice2,login_failure,mobservice2,1
gaia-v3-15796,classification,test-pred-002946,1627591680000,1627591648294,31.706,mobservice2,login_failure,mobservice2,1
gaia-v3-16110,classification,test-pred-002947,1627591950000,1627591922905,27.095,mobservice1,login_failure,mobservice2,2
gaia-v3-15797,classification,test-pred-002948,1627592010000,1627591979358,30.642,mobservice2,login_failure,webservice1,3
gaia-v3-15798,classification,test-pred-002949,1627592400000,1627592372106,27.894,mobservice2,login_failure,mobservice2,1
gaia-v3-15799,classification,test-pred-002950,1627592550000,1627592524354,25.646,mobservice2,login_failure,mobservice2,1
gaia-v3-16111,classification,test-pred-002951,1627592700000,1627592678525,21.475,mobservice1,login_failure,mobservice1,1
gaia-v3-16112,classification,test-pred-002952,1627592850000,1627592816947,33.053,mobservice1,login_failure,mobservice2,2
gaia-v3-16113,classification,test-pred-002953,1627593060000,1627593022819,37.181,mobservice1,login_failure,mobservice1,1
gaia-v3-16114,classification,test-pred-002954,1627593660000,1627593621923,38.077,mobservice1,login_failure,mobservice2,2
gaia-v3-15800,classification,test-pred-002955,1627593750000,1627593734257,15.743,mobservice2,login_failure,mobservice1,2
gaia-v3-16115,classification,test-pred-002956,1627593870000,1627593852558,17.442,mobservice1,login_failure,mobservice2,3
gaia-v3-15801,classification,test-pred-002957,1627594110000,1627594078450,31.55,mobservice2,login_failure,mobservice2,1
gaia-v3-15802,classification,test-pred-002958,1627594170000,1627594150638,19.362,mobservice2,login_failure,mobservice1,4
gaia-v3-15803,classification,test-pred-002959,1627594470000,1627594441854,28.146,mobservice2,login_failure,logservice2,2
gaia-v3-16118,classification,test-pred-002960,1627594800000,1627594791907,8.093,mobservice1,login_failure,mobservice1,1
gaia-v3-15804,classification,test-pred-002961,1627594920000,1627594902110,17.89,mobservice2,login_failure,mobservice1,3
gaia-v3-16119,classification,test-pred-002962,1627595130000,1627595103189,26.811,mobservice1,login_failure,mobservice2,2
gaia-v3-15806,classification,test-pred-002963,1627595220000,1627595204708,15.292,mobservice2,login_failure,mobservice1,5
gaia-v3-15807,classification,test-pred-002964,1627595520000,1627595488071,31.929,mobservice2,login_failure,mobservice1,2
gaia-v3-16120,classification,test-pred-002965,1627595610000,1627595597797,12.203,mobservice1,login_failure,mobservice1,1
gaia-v3-16121,classification,test-pred-002966,1627595760000,1627595726806,33.194,mobservice1,login_failure,mobservice2,2
gaia-v3-15808,classification,test-pred-002967,1627595850000,1627595818016,31.984,mobservice2,login_failure,mobservice2,1
gaia-v3-15809,classification,test-pred-002968,1627595910000,1627595879506,30.494,mobservice2,login_failure,mobservice2,1
gaia-v3-15810,classification,test-pred-002969,1627596000000,1627595980167,19.833,mobservice2,login_failure,mobservice1,2
gaia-v3-16122,classification,test-pred-002970,1627596150000,1627596112632,37.368,mobservice1,login_failure,mobservice1,1
gaia-v3-16123,classification,test-pred-002971,1627596210000,1627596185354,24.646,mobservice1,login_failure,mobservice2,2
gaia-v3-15812,classification,test-pred-002972,1627596660000,1627596644220,15.78,mobservice2,login_failure,mobservice1,3
gaia-v3-16124,classification,test-pred-002973,1627596810000,1627596771550,38.45,mobservice1,login_failure,mobservice1,1
gaia-v3-15814,classification,test-pred-002974,1627597050000,1627597020551,29.449,mobservice2,login_failure,mobservice2,1
gaia-v3-16126,classification,test-pred-002975,1627597500000,1627597480537,19.463,mobservice1,login_failure,mobservice2,2
gaia-v3-15815,classification,test-pred-002976,1627597560000,1627597531718,28.282,mobservice2,login_failure,mobservice1,2
gaia-v3-16127,classification,test-pred-002977,1627597650000,1627597628412,21.588,mobservice1,login_failure,dbservice1,4
gaia-v3-16128,classification,test-pred-002978,1627597950000,1627597917607,32.393,mobservice1,login_failure,mobservice2,2
gaia-v3-15816,classification,test-pred-002979,1627598070000,1627598056520,13.48,mobservice2,login_failure,mobservice2,1
gaia-v3-16129,classification,test-pred-002980,1627598550000,1627598524901,25.099,mobservice1,login_failure,mobservice2,2
gaia-v3-15818,classification,test-pred-002981,1627598610000,1627598596858,13.142,mobservice2,login_failure,mobservice1,2
gaia-v3-16130,classification,test-pred-002982,1627598700000,1627598685938,14.062,mobservice1,login_failure,mobservice1,1
gaia-v3-16132,classification,test-pred-002983,1627598910000,1627598894140,15.86,mobservice1,login_failure,mobservice2,2
gaia-v3-16133,classification,test-pred-002984,1627599000000,1627598989548,10.452,mobservice1,login_failure,mobservice1,1
gaia-v3-15820,classification,test-pred-002985,1627599090000,1627599055874,34.126,mobservice2,login_failure,mobservice2,1
gaia-v3-16134,classification,test-pred-002986,1627599150000,1627599113596,36.404,mobservice1,login_failure,dbservice2,3
gaia-v3-16135,classification,test-pred-002987,1627599390000,1627599377481,12.519,mobservice1,login_failure,mobservice1,1
gaia-v3-16136,classification,test-pred-002988,1627599540000,1627599526137,13.863,mobservice1,login_failure,mobservice2,2
gaia-v3-15822,classification,test-pred-002989,1627599750000,1627599737661,12.339,mobservice2,login_failure,mobservice1,2
gaia-v3-15823,classification,test-pred-002990,1627600140000,1627600116663,23.337,mobservice2,login_failure,mobservice1,3
gaia-v3-15824,classification,test-pred-002991,1627600380000,1627600363664,16.336,mobservice2,login_failure,mobservice1,4
gaia-v3-16138,classification,test-pred-002992,1627600500000,1627600481418,18.582,mobservice1,login_failure,mobservice1,1
gaia-v3-15825,classification,test-pred-002993,1627600680000,1627600655861,24.139,mobservice2,login_failure,mobservice2,1
gaia-v3-16139,classification,test-pred-002994,1627600980000,1627600950576,29.424,mobservice1,login_failure,mobservice2,2
gaia-v3-15826,classification,test-pred-002995,1627601100000,1627601087019,12.981,mobservice2,login_failure,mobservice1,2
gaia-v3-16140,classification,test-pred-002996,1627601460000,1627601444440,15.56,mobservice1,login_failure,mobservice1,1
gaia-v3-16145,classification,test-pred-002997,1627601910000,1627601898399,11.601,mobservice1,login_failure,mobservice2,3
gaia-v3-16146,classification,test-pred-002998,1627602150000,1627602111032,38.968,mobservice1,login_failure,mobservice1,1
gaia-v3-16147,classification,test-pred-002999,1627602330000,1627602303919,26.081,mobservice1,login_failure,mobservice2,2
gaia-v3-15828,classification,test-pred-003000,1627602510000,1627602498159,11.841,mobservice2,login_failure,mobservice2,1
gaia-v3-15830,classification,test-pred-003001,1627602720000,1627602690464,29.536,mobservice2,login_failure,mobservice2,1
gaia-v3-15721,classification,test-pred-003002,1627603230000,1627603200869,29.131,webservice2,file_moving,webservice2,1
gaia-v3-16148,classification,test-pred-003003,1627604160000,1627604142795,17.205,mobservice1,login_failure,mobservice2,2
gaia-v3-16149,classification,test-pred-003004,1627604550000,1627604533807,16.193,mobservice1,login_failure,mobservice1,1
gaia-v3-16151,classification,test-pred-003005,1627604610000,1627604590997,19.003,mobservice1,login_failure,mobservice2,3
gaia-v3-15831,classification,test-pred-003006,1627604760000,1627604734703,25.297,mobservice2,login_failure,mobservice2,1
gaia-v3-15832,classification,test-pred-003007,1627605420000,1627605392881,27.119,mobservice2,login_failure,mobservice2,1
gaia-v3-15833,classification,test-pred-003008,1627605510000,1627605484857,25.143,mobservice2,login_failure,mobservice1,3
gaia-v3-16152,classification,test-pred-003009,1627605570000,1627605540619,29.381,mobservice1,login_failure,dbservice2,2
gaia-v3-15834,classification,test-pred-003010,1627605840000,1627605824786,15.214,mobservice2,login_failure,mobservice1,2
gaia-v3-16153,classification,test-pred-003011,1627605930000,1627605910149,19.851,mobservice1,login_failure,mobservice1,1
gaia-v3-16154,classification,test-pred-003012,1627606020000,1627605994986,25.014,mobservice1,login_failure,mobservice1,1
gaia-v3-16156,classification,test-pred-003013,1627606110000,1627606098431,11.569,mobservice1,login_failure,mobservice2,2
gaia-v3-15835,classification,test-pred-003014,1627606170000,1627606157923,12.077,mobservice2,login_failure,mobservice2,1
gaia-v3-15836,classification,test-pred-003015,1627606260000,1627606228093,31.907,mobservice2,login_failure,mobservice1,2
gaia-v3-15837,classification,test-pred-003016,1627606380000,1627606351581,28.419,mobservice2,login_failure,mobservice2,1
gaia-v3-15838,classification,test-pred-003017,1627606500000,1627606477732,22.268,mobservice2,login_failure,mobservice2,1
gaia-v3-15839,classification,test-pred-003018,1627606560000,1627606530665,29.335,mobservice2,login_failure,mobservice1,2
gaia-v3-16157,classification,test-pred-003019,1627606680000,1627606650434,29.566,mobservice1,login_failure,mobservice1,1
gaia-v3-16158,classification,test-pred-003020,1627606770000,1627606756963,13.037,mobservice1,login_failure,mobservice1,1
gaia-v3-15840,classification,test-pred-003021,1627606950000,1627606924092,25.908,mobservice2,login_failure,mobservice1,2
gaia-v3-15842,classification,test-pred-003022,1627607250000,1627607229487,20.513,mobservice2,login_failure,mobservice1,2
gaia-v3-16160,classification,test-pred-003023,1627607310000,1627607273999,36.001,mobservice1,login_failure,mobservice2,2
gaia-v3-15843,classification,test-pred-003024,1627607370000,1627607334532,35.468,mobservice2,login_failure,mobservice1,2
gaia-v3-16161,classification,test-pred-003025,1627607460000,1627607439750,20.25,mobservice1,login_failure,mobservice2,2
gaia-v3-16162,classification,test-pred-003026,1627607700000,1627607667283,32.717,mobservice1,login_failure,mobservice2,2
gaia-v3-15844,classification,test-pred-003027,1627607790000,1627607753575,36.425,mobservice2,login_failure,mobservice1,2
gaia-v3-16164,classification,test-pred-003028,1627607910000,1627607895359,14.641,mobservice1,login_failure,mobservice2,2
gaia-v3-16165,classification,test-pred-003029,1627608300000,1627608263053,36.947,mobservice1,login_failure,mobservice1,1
gaia-v3-16166,classification,test-pred-003030,1627608360000,1627608322532,37.468,mobservice1,login_failure,mobservice1,1
gaia-v3-15845,classification,test-pred-003031,1627608690000,1627608650403,39.597,mobservice2,login_failure,mobservice1,2
gaia-v3-15846,classification,test-pred-003032,1627608870000,1627608867908,2.092,mobservice2,login_failure,mobservice2,1
gaia-v3-16169,classification,test-pred-003033,1627609020000,1627608992188,27.812,mobservice1,login_failure,mobservice1,1
gaia-v3-15847,classification,test-pred-003034,1627609500000,1627609485383,14.617,mobservice2,login_failure,mobservice1,2
gaia-v3-16171,classification,test-pred-003035,1627609560000,1627609538030,21.97,mobservice1,login_failure,mobservice2,2
gaia-v3-15848,classification,test-pred-003036,1627609650000,1627609627129,22.871,mobservice2,login_failure,mobservice2,1
gaia-v3-15849,classification,test-pred-003037,1627609770000,1627609747492,22.508,mobservice2,login_failure,mobservice2,1
gaia-v3-15850,classification,test-pred-003038,1627609890000,1627609864590,25.41,mobservice2,login_failure,mobservice2,1
gaia-v3-15851,classification,test-pred-003039,1627609950000,1627609913988,36.012,mobservice2,login_failure,mobservice1,2
gaia-v3-15852,classification,test-pred-003040,1627610400000,1627610380118,19.882,mobservice2,login_failure,mobservice2,1
gaia-v3-16172,classification,test-pred-003041,1627610460000,1627610437143,22.857,mobservice1,login_failure,mobservice2,2
gaia-v3-15853,classification,test-pred-003042,1627610520000,1627610482119,37.881,mobservice2,login_failure,mobservice1,3
gaia-v3-16173,classification,test-pred-003043,1627610640000,1627610621867,18.133,mobservice1,login_failure,mobservice1,1
gaia-v3-15854,classification,test-pred-003044,1627610820000,1627610804972,15.028,mobservice2,login_failure,mobservice2,1
gaia-v3-16174,classification,test-pred-003045,1627611600000,1627611577607,22.393,mobservice1,login_failure,mobservice2,2
gaia-v3-15855,classification,test-pred-003046,1627611690000,1627611673669,16.331,mobservice2,login_failure,mobservice2,1
gaia-v3-15856,classification,test-pred-003047,1627611750000,1627611729703,20.297,mobservice2,login_failure,mobservice1,2
gaia-v3-15857,classification,test-pred-003048,1627611960000,1627611947519,12.481,mobservice2,login_failure,dbservice1,4
gaia-v3-15858,classification,test-pred-003049,1627612200000,1627612181253,18.747,mobservice2,login_failure,mobservice2,1
gaia-v3-15860,classification,test-pred-003050,1627612320000,1627612291587,28.413,mobservice2,login_failure,mobservice2,1
gaia-v3-16175,classification,test-pred-003051,1627612560000,1627612559312,0.688,mobservice1,login_failure,mobservice1,1
gaia-v3-15863,classification,test-pred-003052,1627612830000,1627612791859,38.141,mobservice2,login_failure,mobservice1,2
gaia-v3-15864,classification,test-pred-003053,1627613220000,1627613206465,13.535,mobservice2,login_failure,mobservice2,1
gaia-v3-15865,classification,test-pred-003054,1627613490000,1627613470137,19.863,mobservice2,login_failure,mobservice1,2
gaia-v3-16177,classification,test-pred-003055,1627613700000,1627613668182,31.818,mobservice1,login_failure,mobservice2,2
gaia-v3-15867,classification,test-pred-003056,1627614090000,1627614074795,15.205,mobservice2,login_failure,mobservice1,2
gaia-v3-16178,classification,test-pred-003057,1627614150000,1627614136748,13.252,mobservice1,login_failure,mobservice2,4
gaia-v3-15868,classification,test-pred-003058,1627614210000,1627614187683,22.317,mobservice2,login_failure,mobservice2,1
gaia-v3-16179,classification,test-pred-003059,1627614450000,1627614435284,14.716,mobservice1,login_failure,mobservice1,1
gaia-v3-16180,classification,test-pred-003060,1627614510000,1627614475310,34.69,mobservice1,login_failure,mobservice2,2
gaia-v3-15869,classification,test-pred-003061,1627614660000,1627614625685,34.315,mobservice2,login_failure,mobservice2,1
gaia-v3-16181,classification,test-pred-003062,1627614750000,1627614710184,39.816,mobservice1,login_failure,mobservice2,2
gaia-v3-15871,classification,test-pred-003063,1627614900000,1627614874684,25.316,mobservice2,login_failure,mobservice1,2
gaia-v3-16182,classification,test-pred-003064,1627614990000,1627614960941,29.059,mobservice1,login_failure,mobservice2,2
gaia-v3-16183,classification,test-pred-003065,1627615140000,1627615120501,19.499,mobservice1,login_failure,mobservice1,1
gaia-v3-16184,classification,test-pred-003066,1627615260000,1627615227828,32.172,mobservice1,login_failure,mobservice2,2
gaia-v3-15872,classification,test-pred-003067,1627615350000,1627615322267,27.733,mobservice2,login_failure,mobservice2,1
gaia-v3-16185,classification,test-pred-003068,1627615500000,1627615473508,26.492,mobservice1,login_failure,mobservice1,1
gaia-v3-16186,classification,test-pred-003069,1627615650000,1627615625891,24.109,mobservice1,login_failure,mobservice2,3
gaia-v3-15873,classification,test-pred-003070,1627615770000,1627615756380,13.62,mobservice2,login_failure,mobservice1,2
gaia-v3-16187,classification,test-pred-003071,1627615920000,1627615906238,13.762,mobservice1,login_failure,mobservice2,2
gaia-v3-16188,classification,test-pred-003072,1627616190000,1627616163320,26.68,mobservice1,login_failure,mobservice2,2
gaia-v3-15874,classification,test-pred-003073,1627616250000,1627616238787,11.213,mobservice2,login_failure,mobservice2,1
gaia-v3-15875,classification,test-pred-003074,1627616370000,1627616348922,21.078,mobservice2,login_failure,mobservice2,1
gaia-v3-16189,classification,test-pred-003075,1627616640000,1627616627149,12.851,mobservice1,login_failure,mobservice2,2
gaia-v3-15876,classification,test-pred-003076,1627616730000,1627616707318,22.682,mobservice2,login_failure,mobservice1,2
gaia-v3-16191,classification,test-pred-003077,1627616850000,1627616838639,11.361,mobservice1,login_failure,mobservice1,1
gaia-v3-15878,classification,test-pred-003078,1627616910000,1627616893930,16.07,mobservice2,login_failure,mobservice1,2
gaia-v3-15880,classification,test-pred-003079,1627617060000,1627617058839,1.161,mobservice2,login_failure,mobservice2,1
gaia-v3-15881,classification,test-pred-003080,1627617480000,1627617459442,20.558,mobservice2,login_failure,mobservice2,1
gaia-v3-15705,classification,test-pred-003081,1627617630000,1627617600298,29.702,dbservice2,access_permission_denied,dbservice2,1
gaia-v3-16201,classification,test-pred-003082,1627621410000,1627621386982,23.018,mobservice1,login_failure,mobservice1,1
gaia-v3-15893,classification,test-pred-003083,1627621620000,1627621582918,37.082,mobservice2,login_failure,mobservice2,1
gaia-v3-15894,classification,test-pred-003084,1627621680000,1627621658818,21.182,mobservice2,login_failure,mobservice1,2
gaia-v3-16203,classification,test-pred-003085,1627621830000,1627621793796,36.204,mobservice1,login_failure,mobservice1,1
gaia-v3-16204,classification,test-pred-003086,1627622280000,1627622261513,18.487,mobservice1,login_failure,mobservice2,2
gaia-v3-15895,classification,test-pred-003087,1627622400000,1627622360679,39.321,mobservice2,login_failure,mobservice2,1
gaia-v3-16205,classification,test-pred-003088,1627622700000,1627622686796,13.204,mobservice1,login_failure,mobservice2,2
gaia-v3-15896,classification,test-pred-003089,1627622790000,1627622756060,33.94,mobservice2,login_failure,mobservice2,1
gaia-v3-15897,classification,test-pred-003090,1627622880000,1627622850497,29.503,mobservice2,login_failure,mobservice2,1
gaia-v3-16206,classification,test-pred-003091,1627623060000,1627623024757,35.243,mobservice1,login_failure,mobservice1,1
gaia-v3-15900,classification,test-pred-003092,1627623540000,1627623522323,17.677,mobservice2,login_failure,mobservice1,2
gaia-v3-16207,classification,test-pred-003093,1627623630000,1627623618584,11.416,mobservice1,login_failure,mobservice2,2
gaia-v3-15901,classification,test-pred-003094,1627623750000,1627623728084,21.916,mobservice2,login_failure,mobservice1,2
gaia-v3-16208,classification,test-pred-003095,1627623870000,1627623854366,15.634,mobservice1,login_failure,dbservice1,3
gaia-v3-16209,classification,test-pred-003096,1627624080000,1627624065169,14.831,mobservice1,login_failure,mobservice1,1
gaia-v3-16210,classification,test-pred-003097,1627624170000,1627624152047,17.953,mobservice1,login_failure,mobservice1,1
gaia-v3-16212,classification,test-pred-003098,1627624470000,1627624441363,28.637,mobservice1,login_failure,mobservice1,1
gaia-v3-15902,classification,test-pred-003099,1627624740000,1627624704494,35.506,mobservice2,login_failure,mobservice1,3
gaia-v3-15903,classification,test-pred-003100,1627625040000,1627625024023,15.977,mobservice2,login_failure,mobservice1,2
gaia-v3-16213,classification,test-pred-003101,1627625130000,1627625102359,27.641,mobservice1,login_failure,mobservice2,2
gaia-v3-16214,classification,test-pred-003102,1627625550000,1627625548722,1.278,mobservice1,login_failure,mobservice1,1
gaia-v3-15905,classification,test-pred-003103,1627625940000,1627625919909,20.091,mobservice2,login_failure,mobservice2,1
gaia-v3-16215,classification,test-pred-003104,1627626270000,1627626257371,12.629,mobservice1,login_failure,dbservice2,2
gaia-v3-15907,classification,test-pred-003105,1627626600000,1627626592531,7.469,mobservice2,login_failure,mobservice1,2
gaia-v3-15908,classification,test-pred-003106,1627626780000,1627626770163,9.837,mobservice2,login_failure,mobservice2,1
gaia-v3-15910,classification,test-pred-003107,1627626900000,1627626897741,2.259,mobservice2,login_failure,mobservice2,1
gaia-v3-15911,classification,test-pred-003108,1627626990000,1627626959016,30.984,mobservice2,login_failure,mobservice2,1
gaia-v3-15912,classification,test-pred-003109,1627627500000,1627627472745,27.255,mobservice2,login_failure,mobservice2,1
gaia-v3-15913,classification,test-pred-003110,1627627590000,1627627578407,11.593,mobservice2,login_failure,mobservice1,2
gaia-v3-15914,classification,test-pred-003111,1627627890000,1627627863148,26.852,mobservice2,login_failure,mobservice2,1
gaia-v3-15915,classification,test-pred-003112,1627628010000,1627627998689,11.311,mobservice2,login_failure,mobservice1,2
gaia-v3-16220,classification,test-pred-003113,1627628190000,1627628160008,29.992,mobservice1,login_failure,mobservice2,3
gaia-v3-15917,classification,test-pred-003114,1627628310000,1627628309225,0.775,mobservice2,login_failure,mobservice2,1
gaia-v3-16222,classification,test-pred-003115,1627628490000,1627628482837,7.163,mobservice1,login_failure,mobservice1,1
gaia-v3-15918,classification,test-pred-003116,1627629030000,1627629004203,25.797,mobservice2,login_failure,mobservice2,1
gaia-v3-15919,classification,test-pred-003117,1627629210000,1627629179620,30.38,mobservice2,login_failure,mobservice2,1
gaia-v3-16224,classification,test-pred-003118,1627629450000,1627629431354,18.646,mobservice1,login_failure,mobservice1,1
gaia-v3-16225,classification,test-pred-003119,1627629510000,1627629472385,37.615,mobservice1,login_failure,mobservice1,1
gaia-v3-16227,classification,test-pred-003120,1627629570000,1627629554497,15.503,mobservice1,login_failure,mobservice2,2
gaia-v3-15921,classification,test-pred-003121,1627629780000,1627629746455,33.545,mobservice2,login_failure,mobservice1,2
gaia-v3-15922,classification,test-pred-003122,1627630140000,1627630118741,21.259,mobservice2,login_failure,mobservice2,1
gaia-v3-16228,classification,test-pred-003123,1627630290000,1627630265050,24.95,mobservice1,login_failure,mobservice1,1
gaia-v3-15925,classification,test-pred-003124,1627630620000,1627630584542,35.458,mobservice2,login_failure,mobservice2,1
gaia-v3-15926,classification,test-pred-003125,1627630800000,1627630773133,26.867,mobservice2,login_failure,mobservice2,1
gaia-v3-15927,classification,test-pred-003126,1627630890000,1627630856030,33.97,mobservice2,login_failure,mobservice1,2
gaia-v3-15928,classification,test-pred-003127,1627631130000,1627631120903,9.097,mobservice2,login_failure,mobservice2,1
gaia-v3-16230,classification,test-pred-003128,1627631340000,1627631302014,37.986,mobservice1,login_failure,mobservice2,2
gaia-v3-15929,classification,test-pred-003129,1627631520000,1627631495562,24.438,mobservice2,login_failure,mobservice1,2
gaia-v3-16231,classification,test-pred-003130,1627631610000,1627631593325,16.675,mobservice1,login_failure,mobservice1,1
gaia-v3-15930,classification,test-pred-003131,1627631820000,1627631792094,27.906,mobservice2,login_failure,mobservice1,2
gaia-v3-15707,classification,test-pred-003132,1627632030000,1627632000476,29.524,dbservice2,access_permission_denied,webservice1,4
gaia-v3-10780,fused,test-pred-000000,1626963480000,1626963467588,12.412,mobservice2,login_failure,redisservice1,2
gaia-v3-10781,fused,test-pred-000001,1626963690000,1626963655995,34.005,mobservice2,login_failure,mobservice1,2
gaia-v3-10782,fused,test-pred-000003,1626964320000,1626964301183,18.817,mobservice2,login_failure,mobservice2,1
gaia-v3-10783,fused,test-pred-000004,1626964770000,1626964747131,22.869,mobservice2,login_failure,mobservice1,2
gaia-v3-11092,fused,test-pred-000006,1626965010000,1626964995328,14.672,mobservice1,login_failure,mobservice1,1
gaia-v3-11094,fused,test-pred-000007,1626965130000,1626965115678,14.322,mobservice1,login_failure,mobservice1,1
gaia-v3-10785,fused,test-pred-000008,1626965190000,1626965160011,29.989,mobservice2,login_failure,mobservice2,1
gaia-v3-10786,fused,test-pred-000009,1626965280000,1626965245689,34.311,mobservice2,login_failure,mobservice2,1
gaia-v3-10787,fused,test-pred-000010,1626965430000,1626965407037,22.963,mobservice2,login_failure,mobservice2,1
gaia-v3-10788,fused,test-pred-000011,1626965970000,1626965932662,37.338,mobservice2,login_failure,mobservice2,1
gaia-v3-11097,fused,test-pred-000012,1626966270000,1626966234568,35.432,mobservice1,login_failure,mobservice1,1
gaia-v3-10789,fused,test-pred-000017,1626967170000,1626967135866,34.134,mobservice2,login_failure,mobservice1,2
gaia-v3-10790,fused,test-pred-000020,1626967590000,1626967574044,15.956,mobservice2,login_failure,mobservice2,1
gaia-v3-10791,fused,test-pred-000021,1626967710000,1626967683267,26.733,mobservice2,login_failure,mobservice1,2
gaia-v3-10792,fused,test-pred-000023,1626967890000,1626967853701,36.299,mobservice2,login_failure,mobservice1,2
gaia-v3-10793,fused,test-pred-000024,1626968310000,1626968270629,39.371,mobservice2,login_failure,mobservice1,2
gaia-v3-10795,fused,test-pred-000026,1626969090000,1626969071823,18.177,mobservice2,login_failure,mobservice1,2
gaia-v3-10796,fused,test-pred-000028,1626969450000,1626969435150,14.85,mobservice2,login_failure,mobservice2,1
gaia-v3-10797,fused,test-pred-000029,1626969540000,1626969505255,34.745,mobservice2,login_failure,mobservice1,4
gaia-v3-11449,fused,test-pred-000031,1626969780000,1626969749235,30.765,mobservice1,login_failure,mobservice2,2
gaia-v3-11152,fused,test-pred-000032,1626969900000,1626969870644,29.356,mobservice2,login_failure,mobservice2,1
gaia-v3-11153,fused,test-pred-000033,1626970080000,1626970064326,15.674,mobservice2,login_failure,mobservice2,1
gaia-v3-11452,fused,test-pred-000036,1626970560000,1626970544305,15.695,mobservice1,login_failure,mobservice2,2
gaia-v3-11157,fused,test-pred-000037,1626970710000,1626970671820,38.18,mobservice2,login_failure,mobservice1,5
gaia-v3-11158,fused,test-pred-000040,1626971010000,1626970992177,17.823,mobservice2,login_failure,mobservice1,2
gaia-v3-11159,fused,test-pred-000042,1626971310000,1626971282364,27.636,mobservice2,login_failure,mobservice2,1
gaia-v3-11459,fused,test-pred-000044,1626971700000,1626971660625,39.375,mobservice1,login_failure,mobservice2,2
gaia-v3-11161,fused,test-pred-000045,1626971790000,1626971778746,11.254,mobservice2,login_failure,mobservice2,1
gaia-v3-11162,fused,test-pred-000047,1626972690000,1626972676140,13.86,mobservice2,login_failure,mobservice2,1
gaia-v3-11167,fused,test-pred-000052,1626974400000,1626974373589,26.411,mobservice2,login_failure,mobservice1,2
gaia-v3-11169,fused,test-pred-000055,1626974970000,1626974951969,18.031,mobservice2,login_failure,mobservice2,1
gaia-v3-11170,fused,test-pred-000056,1626975060000,1626975046758,13.242,mobservice2,login_failure,mobservice2,1
gaia-v3-11477,fused,test-pred-000058,1626975450000,1626975436226,13.774,mobservice1,login_failure,mobservice2,3
gaia-v3-11172,fused,test-pred-000061,1626976590000,1626976563629,26.371,mobservice2,login_failure,mobservice1,2
gaia-v3-11481,fused,test-pred-000062,1626976800000,1626976786321,13.679,mobservice1,login_failure,mobservice2,2
gaia-v3-11173,fused,test-pred-000065,1626977220000,1626977190130,29.87,mobservice2,login_failure,mobservice1,2
gaia-v3-11174,fused,test-pred-000066,1626977280000,1626977239939,40.061,mobservice2,login_failure,mobservice1,2
gaia-v3-11175,fused,test-pred-000067,1626977520000,1626977485462,34.538,mobservice2,login_failure,mobservice1,2
gaia-v3-11176,fused,test-pred-000068,1626978090000,1626978078085,11.915,mobservice2,login_failure,mobservice1,3
gaia-v3-11177,fused,test-pred-000069,1626978360000,1626978355718,4.282,mobservice2,login_failure,mobservice2,1
gaia-v3-11178,fused,test-pred-000070,1626978510000,1626978474213,35.787,mobservice2,login_failure,mobservice2,1
gaia-v3-11488,fused,test-pred-000074,1626979350000,1626979345279,4.721,mobservice1,login_failure,mobservice1,1
gaia-v3-11180,fused,test-pred-000076,1626979560000,1626979529035,30.965,mobservice2,login_failure,mobservice1,2
gaia-v3-11182,fused,test-pred-000077,1626979920000,1626979918783,1.217,mobservice2,login_failure,mobservice2,1
gaia-v3-11183,fused,test-pred-000078,1626980340000,1626980300317,39.683,mobservice2,login_failure,mobservice1,2
gaia-v3-11490,fused,test-pred-000079,1626980400000,1626980372186,27.814,mobservice1,login_failure,mobservice2,2
gaia-v3-11184,fused,test-pred-000080,1626980490000,1626980460727,29.273,mobservice2,login_failure,mobservice1,2
gaia-v3-11185,fused,test-pred-000084,1626980970000,1626980935734,34.266,mobservice2,login_failure,mobservice2,1
gaia-v3-11186,fused,test-pred-000085,1626981120000,1626981087394,32.606,mobservice2,login_failure,mobservice1,3
gaia-v3-11187,fused,test-pred-000087,1626981390000,1626981367958,22.042,mobservice2,login_failure,mobservice2,1
gaia-v3-11188,fused,test-pred-000089,1626981930000,1626981911868,18.132,mobservice2,login_failure,mobservice1,2
gaia-v3-11189,fused,test-pred-000090,1626982020000,1626981988636,31.364,mobservice2,login_failure,mobservice1,2
gaia-v3-11498,fused,test-pred-000091,1626982500000,1626982497725,2.275,mobservice1,login_failure,mobservice1,1
gaia-v3-11195,fused,test-pred-000094,1626983610000,1626983581923,28.077,mobservice2,login_failure,mobservice2,1
gaia-v3-11196,fused,test-pred-000096,1626983970000,1626983934015,35.985,mobservice2,login_failure,mobservice1,2
gaia-v3-11508,fused,test-pred-000099,1626984390000,1626984382583,7.417,mobservice1,login_failure,mobservice1,1
gaia-v3-11198,fused,test-pred-000100,1626984780000,1626984750363,29.637,mobservice2,login_failure,mobservice1,2
gaia-v3-11510,fused,test-pred-000102,1626985230000,1626985229789,0.211,mobservice1,login_failure,mobservice1,1
gaia-v3-11201,fused,test-pred-000103,1626985590000,1626985576454,13.546,mobservice2,login_failure,mobservice1,2
gaia-v3-11202,fused,test-pred-000106,1626985830000,1626985792277,37.723,mobservice2,login_failure,mobservice1,2
gaia-v3-11203,fused,test-pred-000108,1626986010000,1626985997185,12.815,mobservice2,login_failure,mobservice2,1
gaia-v3-11514,fused,test-pred-000109,1626986100000,1626986089071,10.929,mobservice1,login_failure,mobservice1,1
gaia-v3-11515,fused,test-pred-000110,1626986310000,1626986269661,40.339,mobservice1,login_failure,mobservice1,1
gaia-v3-11205,fused,test-pred-000111,1626986490000,1626986470623,19.377,mobservice2,login_failure,mobservice2,1
gaia-v3-11206,fused,test-pred-000112,1626986610000,1626986594798,15.202,mobservice2,login_failure,mobservice2,1
gaia-v3-11753,fused,test-pred-000113,1626986820000,1626986816669,3.331,redisservice2,memory_anomalies,mobservice2,3
gaia-v3-11209,fused,test-pred-000115,1626988140000,1626988111791,28.209,mobservice2,login_failure,mobservice1,2
gaia-v3-11521,fused,test-pred-000118,1626988560000,1626988541133,18.867,mobservice1,login_failure,mobservice1,1
gaia-v3-11212,fused,test-pred-000119,1626988620000,1626988600113,19.887,mobservice2,login_failure,mobservice1,2
gaia-v3-11523,fused,test-pred-000120,1626988740000,1626988701427,38.573,mobservice1,login_failure,mobservice2,2
gaia-v3-11524,fused,test-pred-000121,1626988950000,1626988922544,27.456,mobservice1,login_failure,mobservice1,1
gaia-v3-11213,fused,test-pred-000124,1626989550000,1626989510582,39.418,mobservice2,login_failure,mobservice2,1
gaia-v3-11214,fused,test-pred-000125,1626989670000,1626989638309,31.691,mobservice2,login_failure,mobservice1,2
gaia-v3-11215,fused,test-pred-000126,1626989820000,1626989790743,29.257,mobservice2,login_failure,mobservice1,2
gaia-v3-11217,fused,test-pred-000127,1626989940000,1626989924051,15.949,mobservice2,login_failure,mobservice1,2
gaia-v3-11218,fused,test-pred-000128,1626990240000,1626990205626,34.374,mobservice2,login_failure,mobservice2,1
gaia-v3-11528,fused,test-pred-000129,1626990510000,1626990483970,26.03,mobservice1,login_failure,mobservice2,2
gaia-v3-11219,fused,test-pred-000131,1626990960000,1626990937736,22.264,mobservice2,login_failure,mobservice2,1
gaia-v3-11221,fused,test-pred-000132,1626991170000,1626991164548,5.452,mobservice2,login_failure,mobservice2,1
gaia-v3-11222,fused,test-pred-000133,1626991500000,1626991479722,20.278,mobservice2,login_failure,mobservice2,1
gaia-v3-11531,fused,test-pred-000134,1626991560000,1626991556322,3.678,mobservice1,login_failure,mobservice1,1
gaia-v3-11224,fused,test-pred-000137,1626992100000,1626992087727,12.273,mobservice2,login_failure,mobservice1,2
gaia-v3-11535,fused,test-pred-000138,1626992460000,1626992436206,23.794,mobservice1,login_failure,mobservice2,2
gaia-v3-11536,fused,test-pred-000139,1626992550000,1626992543365,6.635,mobservice1,login_failure,mobservice1,1
gaia-v3-11227,fused,test-pred-000140,1626992850000,1626992818564,31.436,mobservice2,login_failure,mobservice1,2
gaia-v3-11228,fused,test-pred-000142,1626993090000,1626993073957,16.043,mobservice2,login_failure,mobservice1,2
gaia-v3-11229,fused,test-pred-000145,1626993960000,1626993952421,7.579,mobservice2,login_failure,mobservice2,1
gaia-v3-11230,fused,test-pred-000146,1626994200000,1626994180532,19.468,mobservice2,login_failure,mobservice2,1
gaia-v3-11231,fused,test-pred-000147,1626994290000,1626994271564,18.436,mobservice2,login_failure,mobservice2,1
gaia-v3-11545,fused,test-pred-000150,1626994710000,1626994674017,35.983,mobservice1,login_failure,mobservice2,3
gaia-v3-11760,fused,test-pred-000151,1626994800000,1626994756512,43.488,logservice1,memory_anomalies,mobservice1,4
gaia-v3-11551,fused,test-pred-000153,1626995850000,1626995818035,31.965,mobservice1,login_failure,mobservice2,2
gaia-v3-11235,fused,test-pred-000154,1626995910000,1626995891102,18.898,mobservice2,login_failure,mobservice2,1
gaia-v3-11236,fused,test-pred-000155,1626996270000,1626996247442,22.558,mobservice2,login_failure,mobservice1,2
gaia-v3-11237,fused,test-pred-000156,1626996540000,1626996502662,37.338,mobservice2,login_failure,mobservice2,1
gaia-v3-11238,fused,test-pred-000160,1626997410000,1626997387173,22.827,mobservice2,login_failure,mobservice1,3
gaia-v3-11239,fused,test-pred-000161,1626997620000,1626997589172,30.828,mobservice2,login_failure,mobservice2,1
gaia-v3-11132,fused,test-pred-000163,1626998430000,1626998400237,29.763,dbservice1,access_permission_denied,mobservice1,2
gaia-v3-11258,fused,test-pred-000164,1627002120000,1627002094377,25.623,mobservice2,login_failure,dbservice1,3
gaia-v3-11565,fused,test-pred-000167,1627002390000,1627002357850,32.15,mobservice1,login_failure,mobservice2,2
gaia-v3-11259,fused,test-pred-000173,1627003260000,1627003224251,35.749,mobservice2,login_failure,mobservice1,2
gaia-v3-11260,fused,test-pred-000174,1627003350000,1627003325083,24.917,mobservice2,login_failure,mobservice2,1
gaia-v3-11137,fused,test-pred-000175,1627003470000,1627003435708,34.292,webservice2,memory_anomalies,mobservice2,3
gaia-v3-11576,fused,test-pred-000176,1627004100000,1627004075282,24.718,mobservice1,login_failure,mobservice1,1
gaia-v3-11266,fused,test-pred-000177,1627004400000,1627004391081,8.919,mobservice2,login_failure,mobservice2,1
gaia-v3-11267,fused,test-pred-000178,1627004520000,1627004505873,14.127,mobservice2,login_failure,mobservice1,2
gaia-v3-11268,fused,test-pred-000184,1627005480000,1627005452651,27.349,mobservice2,login_failure,mobservice1,2
gaia-v3-11269,fused,test-pred-000185,1627005840000,1627005829013,10.987,mobservice2,login_failure,mobservice2,1
gaia-v3-11270,fused,test-pred-000187,1627006440000,1627006406958,33.042,mobservice2,login_failure,mobservice2,1
gaia-v3-11272,fused,test-pred-000190,1627007160000,1627007126230,33.77,mobservice2,login_failure,mobservice2,1
gaia-v3-11273,fused,test-pred-000191,1627007250000,1627007216290,33.71,mobservice2,login_failure,mobservice2,1
gaia-v3-11274,fused,test-pred-000192,1627007400000,1627007361300,38.7,mobservice2,login_failure,mobservice2,1
gaia-v3-11275,fused,test-pred-000193,1627007490000,1627007467925,22.075,mobservice2,login_failure,mobservice1,2
gaia-v3-11276,fused,test-pred-000197,1627007880000,1627007863481,16.519,mobservice2,login_failure,mobservice2,1
gaia-v3-11278,fused,test-pred-000199,1627008000000,1627007998209,1.791,mobservice2,login_failure,mobservice2,1
gaia-v3-11279,fused,test-pred-000200,1627008150000,1627008121899,28.101,mobservice2,login_failure,mobservice2,1
gaia-v3-11284,fused,test-pred-000202,1627008960000,1627008959910,0.09,mobservice2,login_failure,mobservice2,1
gaia-v3-11286,fused,test-pred-000203,1627009200000,1627009179011,20.989,mobservice2,login_failure,mobservice2,1
gaia-v3-11598,fused,test-pred-000204,1627009830000,1627009799264,30.736,mobservice1,login_failure,mobservice2,2
gaia-v3-11289,fused,test-pred-000205,1627009980000,1627009973839,6.161,mobservice2,login_failure,mobservice2,1
gaia-v3-11602,fused,test-pred-000208,1627010550000,1627010516500,33.5,mobservice1,login_failure,mobservice2,3
gaia-v3-11290,fused,test-pred-000209,1627010700000,1627010668657,31.343,mobservice2,login_failure,mobservice2,1
gaia-v3-11604,fused,test-pred-000210,1627010880000,1627010861990,18.01,mobservice1,login_failure,mobservice1,1
gaia-v3-11605,fused,test-pred-000211,1627011120000,1627011083476,36.524,mobservice1,login_failure,dbservice2,2
gaia-v3-11291,fused,test-pred-000212,1627011180000,1627011155640,24.36,mobservice2,login_failure,mobservice2,1
gaia-v3-11293,fused,test-pred-000213,1627011360000,1627011339289,20.711,mobservice2,login_failure,mobservice2,1
gaia-v3-11295,fused,test-pred-000214,1627011570000,1627011538324,31.676,mobservice2,login_failure,mobservice1,4
gaia-v3-11608,fused,test-pred-000215,1627011840000,1627011803863,36.137,mobservice1,login_failure,mobservice2,2
gaia-v3-11299,fused,test-pred-000219,1627012410000,1627012379055,30.945,mobservice2,login_failure,mobservice1,2
gaia-v3-11300,fused,test-pred-000220,1627012530000,1627012509809,20.191,mobservice2,login_failure,mobservice1,2
gaia-v3-11301,fused,test-pred-000221,1627012680000,1627012648743,31.257,mobservice2,login_failure,mobservice2,1
gaia-v3-11302,fused,test-pred-000222,1627012800000,1627012765747,34.253,mobservice2,login_failure,mobservice2,1
gaia-v3-11305,fused,test-pred-000223,1627013040000,1627013003037,36.963,mobservice2,login_failure,mobservice1,2
gaia-v3-11307,fused,test-pred-000224,1627013160000,1627013155718,4.282,mobservice2,login_failure,mobservice2,1
gaia-v3-11610,fused,test-pred-000225,1627013430000,1627013407062,22.938,mobservice1,login_failure,mobservice1,1
gaia-v3-11611,fused,test-pred-000226,1627013520000,1627013500055,19.945,mobservice1,login_failure,mobservice2,3
gaia-v3-11612,fused,test-pred-000227,1627013790000,1627013761892,28.108,mobservice1,login_failure,mobservice2,2
gaia-v3-11613,fused,test-pred-000228,1627014300000,1627014286835,13.165,mobservice1,login_failure,mobservice1,1
gaia-v3-11308,fused,test-pred-000229,1627014690000,1627014659935,30.065,mobservice2,login_failure,mobservice2,1
gaia-v3-11309,fused,test-pred-000230,1627014780000,1627014760400,19.6,mobservice2,login_failure,mobservice1,2
gaia-v3-11615,fused,test-pred-000231,1627014870000,1627014847939,22.061,mobservice1,login_failure,mobservice2,2
gaia-v3-11310,fused,test-pred-000232,1627014930000,1627014913755,16.245,mobservice2,login_failure,mobservice2,1
gaia-v3-11616,fused,test-pred-000233,1627015080000,1627015073322,6.678,mobservice1,login_failure,mobservice1,1
gaia-v3-11314,fused,test-pred-000234,1627015830000,1627015793335,36.665,mobservice2,login_failure,mobservice2,1
gaia-v3-11316,fused,test-pred-000235,1627016100000,1627016087727,12.273,mobservice2,login_failure,mobservice1,3
gaia-v3-11317,fused,test-pred-000236,1627016370000,1627016330492,39.508,mobservice2,login_failure,mobservice1,2
gaia-v3-11318,fused,test-pred-000237,1627016580000,1627016547513,32.487,mobservice2,login_failure,mobservice2,1
gaia-v3-11319,fused,test-pred-000238,1627016730000,1627016715461,14.539,mobservice2,login_failure,mobservice2,1
gaia-v3-11320,fused,test-pred-000239,1627016880000,1627016861695,18.305,mobservice2,login_failure,mobservice2,1
gaia-v3-11321,fused,test-pred-000240,1627016940000,1627016913473,26.527,mobservice2,login_failure,mobservice1,2
gaia-v3-11620,fused,test-pred-000241,1627017030000,1627017002524,27.476,mobservice1,login_failure,mobservice1,1
gaia-v3-11622,fused,test-pred-000242,1627017120000,1627017111329,8.671,mobservice1,login_failure,mobservice1,1
gaia-v3-11323,fused,test-pred-000247,1627018560000,1627018538169,21.831,mobservice2,login_failure,mobservice2,1
gaia-v3-11324,fused,test-pred-000251,1627019310000,1627019292552,17.448,mobservice2,login_failure,mobservice1,3
gaia-v3-11325,fused,test-pred-000253,1627019610000,1627019569107,40.893,mobservice2,login_failure,mobservice2,1
gaia-v3-11326,fused,test-pred-000254,1627019670000,1627019641437,28.563,mobservice2,login_failure,webservice1,3
gaia-v3-11328,fused,test-pred-000256,1627020030000,1627020029469,0.531,mobservice2,login_failure,mobservice2,1
gaia-v3-11635,fused,test-pred-000258,1627020600000,1627020560299,39.701,mobservice1,login_failure,mobservice1,1
gaia-v3-11637,fused,test-pred-000260,1627020870000,1627020833148,36.852,mobservice1,login_failure,mobservice2,3
gaia-v3-11329,fused,test-pred-000261,1627021020000,1627020979946,40.054,mobservice2,login_failure,mobservice1,2
gaia-v3-11330,fused,test-pred-000263,1627021200000,1627021183240,16.76,mobservice2,login_failure,mobservice2,1
gaia-v3-11331,fused,test-pred-000268,1627021920000,1627021903885,16.115,mobservice2,login_failure,mobservice2,1
gaia-v3-11332,fused,test-pred-000269,1627022250000,1627022224886,25.114,mobservice2,login_failure,mobservice1,2
gaia-v3-11333,fused,test-pred-000271,1627022490000,1627022471523,18.477,mobservice2,login_failure,mobservice2,1
gaia-v3-11334,fused,test-pred-000272,1627022670000,1627022645368,24.632,mobservice2,login_failure,mobservice1,2
gaia-v3-11335,fused,test-pred-000274,1627022790000,1627022760076,29.924,mobservice2,login_failure,mobservice1,2
gaia-v3-11337,fused,test-pred-000278,1627023990000,1627023968542,21.458,mobservice2,login_failure,mobservice2,1
gaia-v3-11338,fused,test-pred-000280,1627024560000,1627024542428,17.572,mobservice2,login_failure,mobservice2,1
gaia-v3-11652,fused,test-pred-000281,1627024890000,1627024864316,25.684,mobservice1,login_failure,mobservice2,2
gaia-v3-11339,fused,test-pred-000282,1627025010000,1627024975503,34.497,mobservice2,login_failure,mobservice2,1
gaia-v3-11340,fused,test-pred-000283,1627025100000,1627025084942,15.058,mobservice2,login_failure,mobservice1,2
gaia-v3-11341,fused,test-pred-000286,1627025700000,1627025664349,35.651,mobservice2,login_failure,mobservice2,1
gaia-v3-11342,fused,test-pred-000287,1627025820000,1627025804640,15.36,mobservice2,login_failure,mobservice1,2
gaia-v3-11656,fused,test-pred-000289,1627026270000,1627026251657,18.343,mobservice1,login_failure,mobservice2,2
gaia-v3-11343,fused,test-pred-000290,1627026630000,1627026590278,39.722,mobservice2,login_failure,mobservice1,2
gaia-v3-11348,fused,test-pred-000295,1627027410000,1627027390445,19.555,mobservice2,login_failure,dbservice2,3
gaia-v3-11349,fused,test-pred-000296,1627027530000,1627027493820,36.18,mobservice2,login_failure,mobservice2,1
gaia-v3-11350,fused,test-pred-000297,1627027620000,1627027606566,13.434,mobservice2,login_failure,mobservice2,1
gaia-v3-11353,fused,test-pred-000298,1627027770000,1627027766972,3.028,mobservice2,login_failure,mobservice2,1
gaia-v3-11354,fused,test-pred-000299,1627027920000,1627027900147,19.853,mobservice2,login_failure,mobservice2,1
gaia-v3-11355,fused,test-pred-000300,1627027980000,1627027967289,12.711,mobservice2,login_failure,mobservice1,2
gaia-v3-11143,fused,test-pred-000302,1627028190000,1627028165630,24.37,webservice1,memory_anomalies,mobservice1,3
gaia-v3-11359,fused,test-pred-000304,1627029030000,1627029017264,12.736,mobservice2,login_failure,mobservice2,1
gaia-v3-11360,fused,test-pred-000305,1627029240000,1627029213601,26.399,mobservice2,login_failure,mobservice1,2
gaia-v3-11361,fused,test-pred-000306,1627029360000,1627029336321,23.679,mobservice2,login_failure,mobservice2,1
gaia-v3-11672,fused,test-pred-000308,1627030800000,1627030765780,34.22,mobservice1,login_failure,mobservice2,2
gaia-v3-11363,fused,test-pred-000309,1627031370000,1627031342955,27.045,mobservice2,login_failure,mobservice2,1
gaia-v3-11676,fused,test-pred-000313,1627031910000,1627031877524,32.476,mobservice1,login_failure,mobservice1,1
gaia-v3-11365,fused,test-pred-000316,1627032210000,1627032198356,11.644,mobservice2,login_failure,mobservice2,1
gaia-v3-11681,fused,test-pred-000318,1627033290000,1627033252894,37.106,mobservice1,login_failure,mobservice1,1
gaia-v3-11367,fused,test-pred-000320,1627033680000,1627033664504,15.496,mobservice2,login_failure,mobservice2,1
gaia-v3-11368,fused,test-pred-000321,1627033740000,1627033708688,31.312,mobservice2,login_failure,mobservice2,1
gaia-v3-11370,fused,test-pred-000322,1627034220000,1627034185462,34.538,mobservice2,login_failure,mobservice2,1
gaia-v3-11373,fused,test-pred-000323,1627034340000,1627034324799,15.201,mobservice2,login_failure,mobservice1,2
gaia-v3-11375,fused,test-pred-000328,1627035930000,1627035918916,11.084,mobservice2,login_failure,mobservice2,1
gaia-v3-11688,fused,test-pred-000330,1627037190000,1627037160264,29.736,mobservice1,login_failure,mobservice1,1
gaia-v3-11382,fused,test-pred-000331,1627037310000,1627037296996,13.004,mobservice2,login_failure,mobservice1,2
gaia-v3-11383,fused,test-pred-000333,1627037460000,1627037429850,30.15,mobservice2,login_failure,mobservice2,1
gaia-v3-11384,fused,test-pred-000335,1627037820000,1627037783799,36.201,mobservice2,login_failure,mobservice1,2
gaia-v3-11385,fused,test-pred-000336,1627037880000,1627037863115,16.885,mobservice2,login_failure,mobservice2,1
gaia-v3-11387,fused,test-pred-000337,1627038000000,1627037999060,0.94,mobservice2,login_failure,mobservice2,1
gaia-v3-11388,fused,test-pred-000338,1627038540000,1627038511426,28.574,mobservice2,login_failure,mobservice2,1
gaia-v3-11389,fused,test-pred-000339,1627038600000,1627038580541,19.459,mobservice2,login_failure,mobservice1,2
gaia-v3-11694,fused,test-pred-000341,1627038870000,1627038857755,12.245,mobservice1,login_failure,mobservice2,2
gaia-v3-11391,fused,test-pred-000342,1627039200000,1627039174910,25.09,mobservice2,login_failure,mobservice2,1
gaia-v3-11392,fused,test-pred-000346,1627039650000,1627039635169,14.831,mobservice2,login_failure,mobservice1,2
gaia-v3-11393,fused,test-pred-000347,1627039920000,1627039895871,24.129,mobservice2,login_failure,logservice2,2
gaia-v3-11395,fused,test-pred-000348,1627040580000,1627040569935,10.065,mobservice2,login_failure,mobservice2,1
gaia-v3-11396,fused,test-pred-000349,1627040700000,1627040673131,26.869,mobservice2,login_failure,mobservice2,1
gaia-v3-11397,fused,test-pred-000350,1627040790000,1627040775683,14.317,mobservice2,login_failure,mobservice2,1
gaia-v3-11399,fused,test-pred-000354,1627041450000,1627041413738,36.262,mobservice2,login_failure,mobservice1,2
gaia-v3-11403,fused,test-pred-000357,1627042380000,1627042345960,34.04,mobservice2,login_failure,mobservice2,1
gaia-v3-11711,fused,test-pred-000359,1627042800000,1627042782271,17.729,mobservice1,login_failure,redisservice2,2
gaia-v3-11408,fused,test-pred-000362,1627044000000,1627043982213,17.787,mobservice2,login_failure,mobservice1,2
gaia-v3-11409,fused,test-pred-000363,1627044240000,1627044200962,39.038,mobservice2,login_failure,mobservice1,2
gaia-v3-11410,fused,test-pred-000364,1627044450000,1627044420128,29.872,mobservice2,login_failure,mobservice1,2
gaia-v3-11411,fused,test-pred-000367,1627044990000,1627044961818,28.182,mobservice2,login_failure,mobservice1,2
gaia-v3-11413,fused,test-pred-000369,1627045200000,1627045186840,13.16,mobservice2,login_failure,mobservice2,1
gaia-v3-11414,fused,test-pred-000370,1627045410000,1627045387692,22.308,mobservice2,login_failure,mobservice1,2
gaia-v3-11416,fused,test-pred-000373,1627045860000,1627045841918,18.082,mobservice2,login_failure,logservice1,2
gaia-v3-11418,fused,test-pred-000375,1627046130000,1627046098559,31.441,mobservice2,login_failure,mobservice1,2
gaia-v3-11419,fused,test-pred-000376,1627046340000,1627046324987,15.013,mobservice2,login_failure,mobservice2,1
gaia-v3-11420,fused,test-pred-000377,1627046790000,1627046758974,31.026,mobservice2,login_failure,mobservice2,1
gaia-v3-11725,fused,test-pred-000380,1627047690000,1627047662549,27.451,mobservice1,login_failure,mobservice2,2
gaia-v3-11728,fused,test-pred-000382,1627047990000,1627047953149,36.851,mobservice1,login_failure,mobservice1,1
gaia-v3-11423,fused,test-pred-000383,1627048080000,1627048076530,3.47,mobservice2,login_failure,mobservice2,1
gaia-v3-11424,fused,test-pred-000384,1627048350000,1627048336217,13.783,mobservice2,login_failure,mobservice2,1
gaia-v3-11425,fused,test-pred-000386,1627048680000,1627048649435,30.565,mobservice2,login_failure,mobservice2,1
gaia-v3-11426,fused,test-pred-000387,1627048770000,1627048752161,17.839,mobservice2,login_failure,mobservice2,1
gaia-v3-11428,fused,test-pred-000388,1627048890000,1627048889682,0.318,mobservice2,login_failure,mobservice2,1
gaia-v3-11429,fused,test-pred-000390,1627049370000,1627049352847,17.153,mobservice2,login_failure,mobservice2,1
gaia-v3-11430,fused,test-pred-000391,1627049730000,1627049702941,27.059,mobservice2,login_failure,webservice1,3
gaia-v3-11735,fused,test-pred-000393,1627051080000,1627051066373,13.627,mobservice1,login_failure,mobservice2,3
gaia-v3-11436,fused,test-pred-000395,1627051470000,1627051452789,17.211,mobservice2,login_failure,mobservice2,1
gaia-v3-11437,fused,test-pred-000396,1627051560000,1627051522403,37.597,mobservice2,login_failure,mobservice1,3
gaia-v3-11438,fused,test-pred-000398,1627052340000,1627052299891,40.109,mobservice2,login_failure,mobservice1,2
gaia-v3-11439,fused,test-pred-000399,1627052610000,1627052581163,28.837,mobservice2,login_failure,mobservice1,2
gaia-v3-11440,fused,test-pred-000401,1627052790000,1627052770896,19.104,mobservice2,login_failure,mobservice2,1
gaia-v3-11441,fused,test-pred-000403,1627053300000,1627053271009,28.991,mobservice2,login_failure,mobservice2,1
gaia-v3-11442,fused,test-pred-000404,1627054050000,1627054027678,22.322,mobservice2,login_failure,mobservice2,1
gaia-v3-11443,fused,test-pred-000405,1627054200000,1627054184238,15.762,mobservice2,login_failure,mobservice2,1
gaia-v3-11444,fused,test-pred-000406,1627054380000,1627054354639,25.361,mobservice2,login_failure,mobservice2,1
gaia-v3-11445,fused,test-pred-000407,1627054530000,1627054494141,35.859,mobservice2,login_failure,mobservice1,2
gaia-v3-11446,fused,test-pred-000408,1627054770000,1627054755014,14.986,mobservice2,login_failure,mobservice2,1
gaia-v3-11742,fused,test-pred-000409,1627055070000,1627055057070,12.93,mobservice1,login_failure,dbservice2,4
gaia-v3-11447,fused,test-pred-000410,1627055370000,1627055344638,25.362,mobservice2,login_failure,mobservice2,1
gaia-v3-11448,fused,test-pred-000411,1627055430000,1627055413820,16.18,mobservice2,login_failure,mobservice1,2
gaia-v3-11744,fused,test-pred-000412,1627055970000,1627055941839,28.161,mobservice1,login_failure,mobservice1,1
gaia-v3-11798,fused,test-pred-000413,1627056660000,1627056621029,38.971,mobservice2,login_failure,mobservice1,2
gaia-v3-11800,fused,test-pred-000416,1627056900000,1627056866253,33.747,mobservice2,login_failure,mobservice2,1
gaia-v3-11802,fused,test-pred-000418,1627057440000,1627057404395,35.605,mobservice2,login_failure,mobservice1,2
gaia-v3-11806,fused,test-pred-000423,1627059030000,1627058992330,37.67,mobservice2,login_failure,webservice2,3
gaia-v3-11807,fused,test-pred-000424,1627059270000,1627059238292,31.708,mobservice2,login_failure,mobservice1,2
gaia-v3-11808,fused,test-pred-000426,1627059510000,1627059486981,23.019,mobservice2,login_failure,mobservice1,3
gaia-v3-12107,fused,test-pred-000427,1627059600000,1627059565008,34.992,mobservice1,login_failure,webservice2,2
gaia-v3-12110,fused,test-pred-000428,1627060380000,1627060358444,21.556,mobservice1,login_failure,mobservice1,1
gaia-v3-12112,fused,test-pred-000429,1627060560000,1627060533159,26.841,mobservice1,login_failure,mobservice2,2
gaia-v3-11812,fused,test-pred-000430,1627060620000,1627060612697,7.303,mobservice2,login_failure,mobservice2,1
gaia-v3-11813,fused,test-pred-000432,1627060830000,1627060816709,13.291,mobservice2,login_failure,mobservice2,1
gaia-v3-11814,fused,test-pred-000433,1627061490000,1627061454599,35.401,mobservice2,login_failure,mobservice1,2
gaia-v3-11815,fused,test-pred-000435,1627061940000,1627061928184,11.816,mobservice2,login_failure,mobservice1,2
gaia-v3-11817,fused,test-pred-000436,1627062630000,1627062597818,32.182,mobservice2,login_failure,mobservice2,1
gaia-v3-11818,fused,test-pred-000438,1627062990000,1627062967206,22.794,mobservice2,login_failure,mobservice2,1
gaia-v3-11819,fused,test-pred-000439,1627063140000,1627063125221,14.779,mobservice2,login_failure,mobservice2,1
gaia-v3-11820,fused,test-pred-000441,1627063560000,1627063522400,37.6,mobservice2,login_failure,mobservice1,3
gaia-v3-12120,fused,test-pred-000443,1627063860000,1627063857564,2.436,mobservice1,login_failure,mobservice1,1
gaia-v3-11822,fused,test-pred-000445,1627064100000,1627064075610,24.39,mobservice2,login_failure,mobservice1,2
gaia-v3-11823,fused,test-pred-000447,1627064460000,1627064433252,26.748,mobservice2,login_failure,mobservice2,1
gaia-v3-11824,fused,test-pred-000450,1627064850000,1627064817298,32.702,mobservice2,login_failure,mobservice2,1
gaia-v3-11825,fused,test-pred-000451,1627065030000,1627065001384,28.616,mobservice2,login_failure,mobservice1,2
gaia-v3-11826,fused,test-pred-000453,1627065360000,1627065319049,40.951,mobservice2,login_failure,mobservice1,3
gaia-v3-11827,fused,test-pred-000454,1627065660000,1627065628818,31.182,mobservice2,login_failure,mobservice1,2
gaia-v3-11829,fused,test-pred-000455,1627065900000,1627065886849,13.151,mobservice2,login_failure,mobservice1,2
gaia-v3-11830,fused,test-pred-000456,1627066320000,1627066295901,24.099,mobservice2,login_failure,mobservice1,2
gaia-v3-11831,fused,test-pred-000457,1627066410000,1627066371701,38.299,mobservice2,login_failure,mobservice1,2
gaia-v3-12130,fused,test-pred-000458,1627066500000,1627066485720,14.28,mobservice1,login_failure,mobservice2,2
gaia-v3-11833,fused,test-pred-000459,1627066620000,1627066606004,13.996,mobservice2,login_failure,mobservice1,2
gaia-v3-11834,fused,test-pred-000461,1627066800000,1627066760794,39.206,mobservice2,login_failure,mobservice1,2
gaia-v3-11835,fused,test-pred-000463,1627067010000,1627066972551,37.449,mobservice2,login_failure,mobservice1,3
gaia-v3-11837,fused,test-pred-000465,1627067280000,1627067261455,18.545,mobservice2,login_failure,mobservice2,1
gaia-v3-12134,fused,test-pred-000466,1627067550000,1627067530164,19.836,mobservice1,login_failure,mobservice2,2
gaia-v3-12135,fused,test-pred-000467,1627067850000,1627067809128,40.872,mobservice1,login_failure,mobservice2,2
gaia-v3-11839,fused,test-pred-000469,1627068570000,1627068535709,34.291,mobservice2,login_failure,mobservice1,2
gaia-v3-12138,fused,test-pred-000470,1627068630000,1627068595177,34.823,mobservice1,login_failure,mobservice2,3
gaia-v3-11840,fused,test-pred-000471,1627068720000,1627068702992,17.008,mobservice2,login_failure,dbservice1,2
gaia-v3-11841,fused,test-pred-000472,1627068870000,1627068858487,11.513,mobservice2,login_failure,mobservice2,1
gaia-v3-11847,fused,test-pred-000475,1627070430000,1627070416458,13.542,mobservice2,login_failure,mobservice1,3
gaia-v3-11848,fused,test-pred-000477,1627070970000,1627070941165,28.835,mobservice2,login_failure,mobservice2,1
gaia-v3-11849,fused,test-pred-000478,1627071030000,1627070999815,30.185,mobservice2,login_failure,mobservice1,2
gaia-v3-12147,fused,test-pred-000479,1627071240000,1627071208049,31.951,mobservice1,login_failure,mobservice2,3
gaia-v3-11853,fused,test-pred-000480,1627072230000,1627072217509,12.491,mobservice2,login_failure,mobservice2,1
gaia-v3-11854,fused,test-pred-000481,1627072590000,1627072557724,32.276,mobservice2,login_failure,mobservice1,2
gaia-v3-11856,fused,test-pred-000483,1627072830000,1627072805512,24.488,mobservice2,login_failure,mobservice1,2
gaia-v3-12157,fused,test-pred-000485,1627073250000,1627073209924,40.076,mobservice1,login_failure,mobservice1,1
gaia-v3-11857,fused,test-pred-000487,1627073490000,1627073464990,25.01,mobservice2,login_failure,mobservice2,1
gaia-v3-11858,fused,test-pred-000488,1627073580000,1627073553590,26.41,mobservice2,login_failure,mobservice1,2
gaia-v3-11859,fused,test-pred-000490,1627073940000,1627073912640,27.36,mobservice2,login_failure,mobservice1,2
gaia-v3-12162,fused,test-pred-000493,1627074330000,1627074312129,17.871,mobservice1,login_failure,mobservice2,2
gaia-v3-11861,fused,test-pred-000494,1627074510000,1627074491704,18.296,mobservice2,login_failure,mobservice1,2
gaia-v3-11864,fused,test-pred-000501,1627075680000,1627075648256,31.744,mobservice2,login_failure,mobservice1,2
gaia-v3-12166,fused,test-pred-000502,1627075830000,1627075791115,38.885,mobservice1,login_failure,mobservice1,1
gaia-v3-12167,fused,test-pred-000503,1627075920000,1627075906305,13.695,mobservice1,login_failure,mobservice1,1
gaia-v3-11865,fused,test-pred-000504,1627075980000,1627075956977,23.023,mobservice2,login_failure,mobservice2,1
gaia-v3-11866,fused,test-pred-000505,1627076070000,1627076034524,35.476,mobservice2,login_failure,mobservice2,1
gaia-v3-11867,fused,test-pred-000506,1627076160000,1627076123178,36.822,mobservice2,login_failure,mobservice1,2
gaia-v3-12171,fused,test-pred-000508,1627076340000,1627076325513,14.487,mobservice1,login_failure,mobservice2,2
gaia-v3-11868,fused,test-pred-000511,1627077150000,1627077137042,12.958,mobservice2,login_failure,mobservice2,1
gaia-v3-11869,fused,test-pred-000512,1627077210000,1627077169909,40.091,mobservice2,login_failure,mobservice1,2
gaia-v3-12175,fused,test-pred-000513,1627077420000,1627077408534,11.466,mobservice1,login_failure,mobservice2,2
gaia-v3-11871,fused,test-pred-000514,1627077510000,1627077471248,38.752,mobservice2,login_failure,mobservice1,2
gaia-v3-11874,fused,test-pred-000517,1627079010000,1627078986223,23.777,mobservice2,login_failure,mobservice1,2
gaia-v3-11876,fused,test-pred-000521,1627080120000,1627080097327,22.673,mobservice2,login_failure,mobservice2,1
gaia-v3-12184,fused,test-pred-000524,1627080690000,1627080671623,18.377,mobservice1,login_failure,mobservice2,7
gaia-v3-11879,fused,test-pred-000525,1627080780000,1627080741696,38.304,mobservice2,login_failure,mobservice2,1
gaia-v3-11880,fused,test-pred-000526,1627080840000,1627080821474,18.526,mobservice2,login_failure,mobservice1,2
gaia-v3-11881,fused,test-pred-000528,1627081200000,1627081180801,19.199,mobservice2,login_failure,mobservice1,2
gaia-v3-11882,fused,test-pred-000530,1627081470000,1627081429654,40.346,mobservice2,login_failure,mobservice1,2
gaia-v3-11883,fused,test-pred-000531,1627081530000,1627081529122,0.878,mobservice2,login_failure,mobservice2,1
gaia-v3-12437,fused,test-pred-000532,1627081740000,1627081725631,14.369,redisservice1,memory_anomalies,mobservice2,3
gaia-v3-11887,fused,test-pred-000534,1627082760000,1627082740778,19.222,mobservice2,login_failure,mobservice2,1
gaia-v3-11888,fused,test-pred-000535,1627082910000,1627082872913,37.087,mobservice2,login_failure,mobservice2,1
gaia-v3-11889,fused,test-pred-000536,1627083390000,1627083372369,17.631,mobservice2,login_failure,mobservice1,2
gaia-v3-11890,fused,test-pred-000539,1627083750000,1627083714113,35.887,mobservice2,login_failure,mobservice2,1
gaia-v3-12193,fused,test-pred-000540,1627083810000,1627083809135,0.865,mobservice1,login_failure,mobservice1,1
gaia-v3-12194,fused,test-pred-000541,1627083900000,1627083865108,34.892,mobservice1,login_failure,mobservice1,1
gaia-v3-12195,fused,test-pred-000542,1627084050000,1627084015546,34.454,mobservice1,login_failure,mobservice1,1
gaia-v3-11892,fused,test-pred-000543,1627084200000,1627084178693,21.307,mobservice2,login_failure,mobservice1,2
gaia-v3-12198,fused,test-pred-000544,1627084260000,1627084234587,25.413,mobservice1,login_failure,mobservice1,1
gaia-v3-12201,fused,test-pred-000546,1627084680000,1627084665855,14.145,mobservice1,login_failure,mobservice2,2
gaia-v3-11894,fused,test-pred-000547,1627084770000,1627084754258,15.742,mobservice2,login_failure,mobservice1,2
gaia-v3-12202,fused,test-pred-000548,1627084830000,1627084828982,1.018,mobservice1,login_failure,mobservice1,1
gaia-v3-12208,fused,test-pred-000550,1627085640000,1627085609253,30.747,mobservice1,login_failure,mobservice2,10
gaia-v3-11901,fused,test-pred-000552,1627086690000,1627086663574,26.426,mobservice2,login_failure,mobservice2,1
gaia-v3-11904,fused,test-pred-000555,1627087110000,1627087098648,11.352,mobservice2,login_failure,mobservice1,2
gaia-v3-11905,fused,test-pred-000556,1627087440000,1627087427041,12.959,mobservice2,login_failure,mobservice1,2
gaia-v3-12216,fused,test-pred-000557,1627087560000,1627087553267,6.733,mobservice1,login_failure,mobservice1,1
gaia-v3-11907,fused,test-pred-000558,1627087680000,1627087649953,30.047,mobservice2,login_failure,mobservice1,2
gaia-v3-11909,fused,test-pred-000560,1627088280000,1627088244651,35.349,mobservice2,login_failure,mobservice2,1
gaia-v3-11910,fused,test-pred-000561,1627088340000,1627088323053,16.947,mobservice2,login_failure,mobservice1,2
gaia-v3-11911,fused,test-pred-000567,1627089570000,1627089554260,15.74,mobservice2,login_failure,mobservice1,4
gaia-v3-12225,fused,test-pred-000568,1627089690000,1627089659027,30.973,mobservice1,login_failure,mobservice2,2
gaia-v3-12228,fused,test-pred-000569,1627090890000,1627090860923,29.077,mobservice1,login_failure,mobservice1,1
gaia-v3-11917,fused,test-pred-000570,1627091160000,1627091126334,33.666,mobservice2,login_failure,mobservice1,2
gaia-v3-11918,fused,test-pred-000572,1627091310000,1627091295340,14.66,mobservice2,login_failure,mobservice2,1
gaia-v3-11920,fused,test-pred-000573,1627091730000,1627091721845,8.155,mobservice2,login_failure,mobservice2,1
gaia-v3-11921,fused,test-pred-000574,1627091970000,1627091948819,21.181,mobservice2,login_failure,mobservice2,1
gaia-v3-11922,fused,test-pred-000576,1627092540000,1627092505713,34.287,mobservice2,login_failure,mobservice1,2
gaia-v3-12231,fused,test-pred-000577,1627092630000,1627092605792,24.208,mobservice1,login_failure,mobservice2,2
gaia-v3-11924,fused,test-pred-000578,1627092690000,1627092678150,11.85,mobservice2,login_failure,mobservice1,2
gaia-v3-11925,fused,test-pred-000580,1627092930000,1627092899567,30.433,mobservice2,login_failure,mobservice1,2
gaia-v3-11786,fused,test-pred-000581,1627093200000,1627093141853,58.147,webservice1,memory_anomalies,mobservice1,3
gaia-v3-11927,fused,test-pred-000582,1627094190000,1627094160440,29.56,mobservice2,login_failure,mobservice2,1
gaia-v3-11929,fused,test-pred-000583,1627094310000,1627094285329,24.671,mobservice2,login_failure,mobservice1,2
gaia-v3-11930,fused,test-pred-000584,1627094730000,1627094718172,11.828,mobservice2,login_failure,mobservice1,2
gaia-v3-11931,fused,test-pred-000586,1627095300000,1627095272645,27.355,mobservice2,login_failure,mobservice2,1
gaia-v3-11932,fused,test-pred-000587,1627095390000,1627095349960,40.04,mobservice2,login_failure,mobservice1,2
gaia-v3-11933,fused,test-pred-000589,1627095660000,1627095621671,38.329,mobservice2,login_failure,mobservice1,2
gaia-v3-11934,fused,test-pred-000593,1627096530000,1627096508359,21.641,mobservice2,login_failure,mobservice2,1
gaia-v3-11935,fused,test-pred-000596,1627096920000,1627096908438,11.562,mobservice2,login_failure,mobservice1,2
gaia-v3-12247,fused,test-pred-000597,1627097010000,1627096973549,36.451,mobservice1,login_failure,mobservice1,1
gaia-v3-12248,fused,test-pred-000598,1627097130000,1627097093921,36.079,mobservice1,login_failure,mobservice1,1
gaia-v3-11937,fused,test-pred-000599,1627097220000,1627097207924,12.076,mobservice2,login_failure,mobservice1,2
gaia-v3-11938,fused,test-pred-000600,1627097370000,1627097332680,37.32,mobservice2,login_failure,mobservice2,1
gaia-v3-11939,fused,test-pred-000601,1627097520000,1627097491072,28.928,mobservice2,login_failure,mobservice1,2
gaia-v3-11940,fused,test-pred-000602,1627097760000,1627097729767,30.233,mobservice2,login_failure,mobservice2,1
gaia-v3-11941,fused,test-pred-000603,1627097850000,1627097831096,18.904,mobservice2,login_failure,mobservice2,1
gaia-v3-11942,fused,test-pred-000606,1627098270000,1627098264849,5.151,mobservice2,login_failure,mobservice2,1
gaia-v3-12260,fused,test-pred-000612,1627099230000,1627099190357,39.643,mobservice1,login_failure,webservice1,2
gaia-v3-11944,fused,test-pred-000613,1627099350000,1627099321609,28.391,mobservice2,login_failure,mobservice2,1
gaia-v3-11945,fused,test-pred-000614,1627099530000,1627099515132,14.868,mobservice2,login_failure,mobservice1,2
gaia-v3-11946,fused,test-pred-000615,1627099650000,1627099648696,1.304,mobservice2,login_failure,mobservice2,1
gaia-v3-11947,fused,test-pred-000616,1627099740000,1627099724097,15.903,mobservice2,login_failure,mobservice2,1
gaia-v3-11948,fused,test-pred-000618,1627100400000,1627100376658,23.342,mobservice2,login_failure,mobservice1,2
gaia-v3-12265,fused,test-pred-000619,1627100880000,1627100847522,32.478,mobservice1,login_failure,mobservice2,2
gaia-v3-11951,fused,test-pred-000622,1627101300000,1627101288861,11.139,mobservice2,login_failure,mobservice2,1
gaia-v3-11952,fused,test-pred-000625,1627101990000,1627101971334,18.666,mobservice2,login_failure,mobservice2,1
gaia-v3-11954,fused,test-pred-000626,1627102110000,1627102077581,32.419,mobservice2,login_failure,mobservice1,2
gaia-v3-12271,fused,test-pred-000627,1627102380000,1627102362535,17.465,mobservice1,login_failure,mobservice2,2
gaia-v3-11958,fused,test-pred-000628,1627102560000,1627102522572,37.428,mobservice2,login_failure,mobservice2,1
gaia-v3-11959,fused,test-pred-000629,1627102950000,1627102911271,38.729,mobservice2,login_failure,mobservice1,2
gaia-v3-12273,fused,test-pred-000630,1627103370000,1627103352090,17.91,mobservice1,login_failure,mobservice2,2
gaia-v3-12274,fused,test-pred-000631,1627103430000,1627103409631,20.369,mobservice1,login_failure,mobservice2,2
gaia-v3-11962,fused,test-pred-000632,1627103490000,1627103465519,24.481,mobservice2,login_failure,mobservice2,1
gaia-v3-12277,fused,test-pred-000634,1627103940000,1627103932172,7.828,mobservice1,login_failure,mobservice2,2
gaia-v3-11963,fused,test-pred-000635,1627104150000,1627104123973,26.027,mobservice2,login_failure,mobservice1,2
gaia-v3-11965,fused,test-pred-000637,1627104510000,1627104493205,16.795,mobservice2,login_failure,mobservice1,2
gaia-v3-12280,fused,test-pred-000638,1627104630000,1627104605418,24.582,mobservice1,login_failure,mobservice2,2
gaia-v3-12282,fused,test-pred-000640,1627104930000,1627104894944,35.056,mobservice1,login_failure,mobservice2,2
gaia-v3-11968,fused,test-pred-000642,1627105290000,1627105258463,31.537,mobservice2,login_failure,mobservice2,1
gaia-v3-11969,fused,test-pred-000646,1627105890000,1627105858170,31.83,mobservice2,login_failure,mobservice2,1
gaia-v3-11971,fused,test-pred-000647,1627106070000,1627106068207,1.793,mobservice2,login_failure,mobservice1,2
gaia-v3-11972,fused,test-pred-000648,1627106340000,1627106301341,38.659,mobservice2,login_failure,mobservice2,1
gaia-v3-12289,fused,test-pred-000650,1627106580000,1627106567162,12.838,mobservice1,login_failure,mobservice1,1
gaia-v3-11973,fused,test-pred-000652,1627106820000,1627106818503,1.497,mobservice2,login_failure,mobservice2,1
gaia-v3-11974,fused,test-pred-000654,1627107210000,1627107193465,16.535,mobservice2,login_failure,mobservice2,1
gaia-v3-12297,fused,test-pred-000656,1627107390000,1627107388334,1.666,mobservice1,login_failure,mobservice1,1
gaia-v3-11976,fused,test-pred-000658,1627107990000,1627107951532,38.468,mobservice2,login_failure,mobservice2,1
gaia-v3-11977,fused,test-pred-000661,1627108440000,1627108428692,11.308,mobservice2,login_failure,mobservice1,2
gaia-v3-11978,fused,test-pred-000662,1627108710000,1627108678695,31.305,mobservice2,login_failure,mobservice2,1
gaia-v3-11979,fused,test-pred-000663,1627108860000,1627108840554,19.446,mobservice2,login_failure,mobservice1,2
gaia-v3-11980,fused,test-pred-000667,1627109760000,1627109758384,1.616,mobservice2,login_failure,mobservice2,1
gaia-v3-11981,fused,test-pred-000669,1627109970000,1627109947711,22.289,mobservice2,login_failure,mobservice1,2
gaia-v3-12306,fused,test-pred-000670,1627110030000,1627110012070,17.93,mobservice1,login_failure,mobservice1,1
gaia-v3-11983,fused,test-pred-000671,1627110210000,1627110170878,39.122,mobservice2,login_failure,mobservice2,1
gaia-v3-11984,fused,test-pred-000672,1627110270000,1627110256763,13.237,mobservice2,login_failure,mobservice2,1
gaia-v3-11985,fused,test-pred-000673,1627110450000,1627110425787,24.213,mobservice2,login_failure,mobservice1,2
gaia-v3-11988,fused,test-pred-000679,1627111920000,1627111896475,23.525,mobservice2,login_failure,mobservice1,2
gaia-v3-11989,fused,test-pred-000680,1627112490000,1627112484178,5.822,mobservice2,login_failure,mobservice2,1
gaia-v3-11991,fused,test-pred-000681,1627112580000,1627112568758,11.242,mobservice2,login_failure,mobservice1,3
gaia-v3-11992,fused,test-pred-000682,1627112790000,1627112774884,15.116,mobservice2,login_failure,mobservice1,2
gaia-v3-11993,fused,test-pred-000683,1627113000000,1627112973256,26.744,mobservice2,login_failure,mobservice2,1
gaia-v3-11996,fused,test-pred-000684,1627113150000,1627113133114,16.886,mobservice2,login_failure,mobservice1,2
gaia-v3-12322,fused,test-pred-000685,1627113210000,1627113194588,15.412,mobservice1,login_failure,mobservice1,1
gaia-v3-11997,fused,test-pred-000688,1627113810000,1627113792231,17.769,mobservice2,login_failure,mobservice1,2
gaia-v3-12325,fused,test-pred-000689,1627114290000,1627114273508,16.492,mobservice1,login_failure,mobservice2,2
gaia-v3-11999,fused,test-pred-000690,1627114380000,1627114339986,40.014,mobservice2,login_failure,mobservice1,2
gaia-v3-12003,fused,test-pred-000693,1627115430000,1627115422771,7.229,mobservice2,login_failure,mobservice2,1
gaia-v3-12004,fused,test-pred-000694,1627115520000,1627115501382,18.618,mobservice2,login_failure,mobservice2,1
gaia-v3-12005,fused,test-pred-000696,1627115970000,1627115941313,28.687,mobservice2,login_failure,mobservice1,2
gaia-v3-12335,fused,test-pred-000698,1627116270000,1627116232195,37.805,mobservice1,login_failure,mobservice2,2
gaia-v3-12006,fused,test-pred-000702,1627116930000,1627116904715,25.285,mobservice2,login_failure,mobservice2,1
gaia-v3-12007,fused,test-pred-000703,1627116990000,1627116968833,21.167,mobservice2,login_failure,mobservice1,2
gaia-v3-12341,fused,test-pred-000704,1627117470000,1627117457140,12.86,mobservice1,login_failure,mobservice1,1
gaia-v3-12009,fused,test-pred-000705,1627117920000,1627117904708,15.292,mobservice2,login_failure,mobservice1,2
gaia-v3-12342,fused,test-pred-000706,1627118010000,1627117972884,37.116,mobservice1,login_failure,mobservice2,2
gaia-v3-12011,fused,test-pred-000707,1627118100000,1627118078989,21.011,mobservice2,login_failure,mobservice1,2
gaia-v3-12012,fused,test-pred-000709,1627118370000,1627118357647,12.353,mobservice2,login_failure,mobservice1,2
gaia-v3-12013,fused,test-pred-000710,1627118430000,1627118404733,25.267,mobservice2,login_failure,mobservice1,2
gaia-v3-12014,fused,test-pred-000712,1627118670000,1627118638990,31.01,mobservice2,login_failure,mobservice2,1
gaia-v3-12015,fused,test-pred-000713,1627118730000,1627118703426,26.574,mobservice2,login_failure,mobservice1,2
gaia-v3-12348,fused,test-pred-000714,1627118940000,1627118923714,16.286,mobservice1,login_failure,mobservice1,1
gaia-v3-12016,fused,test-pred-000716,1627119690000,1627119658276,31.724,mobservice2,login_failure,mobservice1,2
gaia-v3-12017,fused,test-pred-000720,1627121190000,1627121172385,17.615,mobservice2,login_failure,mobservice1,2
gaia-v3-12354,fused,test-pred-000721,1627121340000,1627121312645,27.355,mobservice1,login_failure,mobservice2,2
gaia-v3-12018,fused,test-pred-000722,1627121430000,1627121397129,32.871,mobservice2,login_failure,mobservice2,1
gaia-v3-12019,fused,test-pred-000723,1627121550000,1627121533903,16.097,mobservice2,login_failure,mobservice1,2
gaia-v3-12020,fused,test-pred-000726,1627122090000,1627122064930,25.07,mobservice2,login_failure,mobservice1,2
gaia-v3-12357,fused,test-pred-000727,1627122180000,1627122140818,39.182,mobservice1,login_failure,mobservice2,2
gaia-v3-12023,fused,test-pred-000729,1627122420000,1627122398563,21.437,mobservice2,login_failure,mobservice1,2
gaia-v3-12024,fused,test-pred-000731,1627122600000,1627122570475,29.525,mobservice2,login_failure,mobservice1,2
gaia-v3-12025,fused,test-pred-000733,1627122990000,1627122962820,27.18,mobservice2,login_failure,mobservice1,3
gaia-v3-12362,fused,test-pred-000734,1627123200000,1627123183630,16.37,mobservice1,login_failure,mobservice2,2
gaia-v3-12026,fused,test-pred-000735,1627123290000,1627123276428,13.572,mobservice2,login_failure,mobservice2,1
gaia-v3-12027,fused,test-pred-000736,1627123410000,1627123383166,26.834,mobservice2,login_failure,mobservice1,2
gaia-v3-12028,fused,test-pred-000737,1627123650000,1627123623934,26.066,mobservice2,login_failure,mobservice1,2
gaia-v3-12029,fused,test-pred-000739,1627124010000,1627123986962,23.038,mobservice2,login_failure,mobservice2,1
gaia-v3-12031,fused,test-pred-000740,1627124100000,1627124096954,3.046,mobservice2,login_failure,mobservice1,2
gaia-v3-12366,fused,test-pred-000741,1627124250000,1627124228343,21.657,mobservice1,login_failure,mobservice2,2
gaia-v3-12033,fused,test-pred-000742,1627124370000,1627124365092,4.908,mobservice2,login_failure,mobservice2,1
gaia-v3-12034,fused,test-pred-000744,1627124970000,1627124934862,35.138,mobservice2,login_failure,mobservice2,1
gaia-v3-12035,fused,test-pred-000745,1627125090000,1627125059024,30.976,mobservice2,login_failure,mobservice1,2
gaia-v3-12036,fused,test-pred-000748,1627125690000,1627125653642,36.358,mobservice2,login_failure,mobservice1,3
gaia-v3-12037,fused,test-pred-000750,1627125990000,1627125968823,21.177,mobservice2,login_failure,mobservice2,1
gaia-v3-12038,fused,test-pred-000751,1627126080000,1627126042423,37.577,mobservice2,login_failure,mobservice1,2
gaia-v3-12039,fused,test-pred-000754,1627126710000,1627126694682,15.318,mobservice2,login_failure,mobservice1,2
gaia-v3-12040,fused,test-pred-000758,1627127250000,1627127209466,40.534,mobservice2,login_failure,mobservice2,1
gaia-v3-12041,fused,test-pred-000759,1627127340000,1627127339367,0.633,mobservice2,login_failure,mobservice2,1
gaia-v3-12045,fused,test-pred-000762,1627128660000,1627128631016,28.984,mobservice2,login_failure,mobservice1,2
gaia-v3-12384,fused,test-pred-000763,1627128750000,1627128719691,30.309,mobservice1,login_failure,mobservice2,3
gaia-v3-12047,fused,test-pred-000766,1627129350000,1627129338984,11.016,mobservice2,login_failure,mobservice2,1
gaia-v3-12048,fused,test-pred-000767,1627129530000,1627129518445,11.555,mobservice2,login_failure,mobservice1,2
gaia-v3-12049,fused,test-pred-000768,1627129800000,1627129759544,40.456,mobservice2,login_failure,mobservice2,1
gaia-v3-12051,fused,test-pred-000771,1627130220000,1627130202266,17.734,mobservice2,login_failure,mobservice1,2
gaia-v3-12052,fused,test-pred-000772,1627130460000,1627130441245,18.755,mobservice2,login_failure,mobservice2,1
gaia-v3-12053,fused,test-pred-000773,1627130580000,1627130561458,18.542,mobservice2,login_failure,mobservice2,1
gaia-v3-12054,fused,test-pred-000774,1627130640000,1627130621641,18.359,mobservice2,login_failure,mobservice1,2
gaia-v3-12055,fused,test-pred-000776,1627131390000,1627131350351,39.649,mobservice2,login_failure,mobservice2,1
gaia-v3-12056,fused,test-pred-000777,1627131510000,1627131495880,14.12,mobservice2,login_failure,mobservice2,1
gaia-v3-12061,fused,test-pred-000783,1627132440000,1627132428264,11.736,mobservice2,login_failure,mobservice1,2
gaia-v3-12062,fused,test-pred-000785,1627133280000,1627133265794,14.206,mobservice2,login_failure,mobservice1,2
gaia-v3-12397,fused,test-pred-000788,1627133490000,1627133474132,15.868,mobservice1,login_failure,mobservice1,1
gaia-v3-12400,fused,test-pred-000789,1627133730000,1627133675135,54.865,mobservice1,memory_anomalies,mobservice2,2
gaia-v3-12064,fused,test-pred-000792,1627134750000,1627134714340,35.66,mobservice2,login_failure,mobservice2,1
gaia-v3-12065,fused,test-pred-000793,1627134930000,1627134911382,18.618,mobservice2,login_failure,mobservice1,2
gaia-v3-12066,fused,test-pred-000796,1627135320000,1627135299623,20.377,mobservice2,login_failure,mobservice1,2
gaia-v3-12405,fused,test-pred-000797,1627135380000,1627135364306,15.694,mobservice1,login_failure,mobservice1,1
gaia-v3-12407,fused,test-pred-000799,1627135560000,1627135527084,32.916,mobservice1,login_failure,mobservice2,2
gaia-v3-12408,fused,test-pred-000800,1627135620000,1627135593205,26.795,mobservice1,login_failure,mobservice2,3
gaia-v3-12409,fused,test-pred-000801,1627135860000,1627135840748,19.252,mobservice1,login_failure,mobservice1,1
gaia-v3-12068,fused,test-pred-000803,1627136100000,1627136079370,20.63,mobservice2,login_failure,mobservice2,1
gaia-v3-12071,fused,test-pred-000805,1627136880000,1627136840834,39.166,mobservice2,login_failure,mobservice1,2
gaia-v3-12072,fused,test-pred-000806,1627136970000,1627136951274,18.726,mobservice2,login_failure,mobservice1,3
gaia-v3-12073,fused,test-pred-000808,1627137180000,1627137167773,12.227,mobservice2,login_failure,mobservice1,2
gaia-v3-12416,fused,test-pred-000809,1627137330000,1627137311157,18.843,mobservice1,login_failure,mobservice2,2
gaia-v3-12417,fused,test-pred-000810,1627137630000,1627137591222,38.778,mobservice1,login_failure,mobservice2,2
gaia-v3-12074,fused,test-pred-000811,1627137690000,1627137678570,11.43,mobservice2,login_failure,mobservice2,1
gaia-v3-12075,fused,test-pred-000812,1627137840000,1627137817529,22.471,mobservice2,login_failure,mobservice2,1
gaia-v3-12076,fused,test-pred-000813,1627137930000,1627137904897,25.103,mobservice2,login_failure,mobservice1,2
gaia-v3-12077,fused,test-pred-000814,1627138200000,1627138169506,30.494,mobservice2,login_failure,mobservice1,2
gaia-v3-12419,fused,test-pred-000815,1627138440000,1627138420924,19.076,mobservice1,login_failure,mobservice1,1
gaia-v3-12420,fused,test-pred-000816,1627138500000,1627138484099,15.901,mobservice1,login_failure,mobservice2,2
gaia-v3-12078,fused,test-pred-000817,1627138590000,1627138576457,13.543,mobservice2,login_failure,mobservice1,2
gaia-v3-12422,fused,test-pred-000818,1627138950000,1627138925579,24.421,mobservice1,login_failure,mobservice2,2
gaia-v3-12423,fused,test-pred-000819,1627139010000,1627138969287,40.713,mobservice1,login_failure,mobservice1,1
gaia-v3-12425,fused,test-pred-000821,1627139220000,1627139195029,24.971,mobservice1,login_failure,mobservice2,2
gaia-v3-12079,fused,test-pred-000822,1627139400000,1627139379419,20.581,mobservice2,login_failure,mobservice2,1
gaia-v3-12082,fused,test-pred-000823,1627139490000,1627139483653,6.347,mobservice2,login_failure,mobservice2,1
gaia-v3-12083,fused,test-pred-000824,1627139760000,1627139739006,20.994,mobservice2,login_failure,mobservice1,2
gaia-v3-12426,fused,test-pred-000825,1627139820000,1627139780604,39.396,mobservice1,login_failure,mobservice1,1
gaia-v3-12428,fused,test-pred-000827,1627140210000,1627140190780,19.22,mobservice1,login_failure,mobservice2,2
gaia-v3-12085,fused,test-pred-000828,1627140300000,1627140272170,27.83,mobservice2,login_failure,mobservice2,1
gaia-v3-12448,fused,test-pred-000829,1627140690000,1627140636288,53.712,logservice1,memory_anomalies,mobservice2,8
gaia-v3-12088,fused,test-pred-000830,1627141320000,1627141290598,29.402,mobservice2,login_failure,mobservice2,1
gaia-v3-12089,fused,test-pred-000831,1627141680000,1627141663793,16.207,mobservice2,login_failure,mobservice2,1
gaia-v3-12431,fused,test-pred-000832,1627141740000,1627141718146,21.854,mobservice1,login_failure,mobservice1,1
gaia-v3-12090,fused,test-pred-000833,1627141860000,1627141827035,32.965,mobservice2,login_failure,mobservice1,2
gaia-v3-12432,fused,test-pred-000834,1627141950000,1627141919498,30.502,mobservice1,login_failure,mobservice2,2
gaia-v3-12093,fused,test-pred-000835,1627142340000,1627142326475,13.525,mobservice2,login_failure,mobservice2,1
gaia-v3-12477,fused,test-pred-000836,1627142520000,1627142479656,40.344,mobservice2,login_failure,mobservice1,2
gaia-v3-12794,fused,test-pred-000837,1627142640000,1627142605810,34.19,mobservice1,login_failure,mobservice1,1
gaia-v3-12796,fused,test-pred-000838,1627142700000,1627142698627,1.373,mobservice1,login_failure,mobservice1,1
gaia-v3-12478,fused,test-pred-000839,1627142850000,1627142832777,17.223,mobservice2,login_failure,mobservice2,1
gaia-v3-12798,fused,test-pred-000841,1627143060000,1627143037404,22.596,mobservice1,login_failure,mobservice1,1
gaia-v3-12479,fused,test-pred-000842,1627143180000,1627143176653,3.347,mobservice2,login_failure,mobservice2,1
gaia-v3-12800,fused,test-pred-000843,1627143450000,1627143412320,37.68,mobservice1,login_failure,mobservice1,1
gaia-v3-12480,fused,test-pred-000844,1627143750000,1627143732852,17.148,mobservice2,login_failure,mobservice2,1
gaia-v3-12801,fused,test-pred-000845,1627144170000,1627144154674,15.326,mobservice1,login_failure,mobservice1,1
gaia-v3-12481,fused,test-pred-000846,1627144470000,1627144443651,26.349,mobservice2,login_failure,mobservice2,1
gaia-v3-12482,fused,test-pred-000847,1627144620000,1627144594637,25.363,mobservice2,login_failure,mobservice1,2
gaia-v3-12803,fused,test-pred-000849,1627144980000,1627144970649,9.351,mobservice1,login_failure,mobservice1,1
gaia-v3-12484,fused,test-pred-000850,1627145130000,1627145093589,36.411,mobservice2,login_failure,mobservice2,1
gaia-v3-12488,fused,test-pred-000852,1627146120000,1627146080485,39.515,mobservice2,login_failure,mobservice1,2
gaia-v3-12489,fused,test-pred-000853,1627146240000,1627146223980,16.02,mobservice2,login_failure,mobservice1,2
gaia-v3-12490,fused,test-pred-000854,1627146300000,1627146275832,24.168,mobservice2,login_failure,mobservice1,2
gaia-v3-12491,fused,test-pred-000855,1627146600000,1627146583124,16.876,mobservice2,login_failure,mobservice1,2
gaia-v3-12807,fused,test-pred-000856,1627146660000,1627146626620,33.38,mobservice1,login_failure,mobservice2,3
gaia-v3-12493,fused,test-pred-000858,1627147050000,1627147009302,40.698,mobservice2,login_failure,mobservice2,1
gaia-v3-12812,fused,test-pred-000861,1627147800000,1627147759216,40.784,mobservice1,login_failure,mobservice1,1
gaia-v3-12494,fused,test-pred-000862,1627147860000,1627147834727,25.273,mobservice2,login_failure,mobservice1,2
gaia-v3-12495,fused,test-pred-000864,1627148070000,1627148056741,13.259,mobservice2,login_failure,mobservice2,1
gaia-v3-12815,fused,test-pred-000865,1627148220000,1627148208592,11.408,mobservice1,login_failure,mobservice2,3
gaia-v3-12497,fused,test-pred-000867,1627148610000,1627148595923,14.077,mobservice2,login_failure,mobservice1,2
gaia-v3-12498,fused,test-pred-000868,1627148820000,1627148807045,12.955,mobservice2,login_failure,mobservice1,2
gaia-v3-12499,fused,test-pred-000869,1627148970000,1627148944921,25.079,mobservice2,login_failure,mobservice2,1
gaia-v3-12500,fused,test-pred-000870,1627149390000,1627149373889,16.111,mobservice2,login_failure,mobservice2,1
gaia-v3-12502,fused,test-pred-000872,1627149780000,1627149776324,3.676,mobservice2,login_failure,mobservice2,1
gaia-v3-12504,fused,test-pred-000873,1627149900000,1627149882828,17.172,mobservice2,login_failure,mobservice2,1
gaia-v3-12505,fused,test-pred-000874,1627149960000,1627149919066,40.934,mobservice2,login_failure,dbservice1,10
gaia-v3-12506,fused,test-pred-000877,1627150260000,1627150248634,11.366,mobservice2,login_failure,mobservice1,2
gaia-v3-12507,fused,test-pred-000879,1627150590000,1627150555831,34.169,mobservice2,login_failure,mobservice2,1
gaia-v3-12508,fused,test-pred-000880,1627150740000,1627150711278,28.722,mobservice2,login_failure,mobservice2,1
gaia-v3-12509,fused,test-pred-000881,1627150830000,1627150817292,12.708,mobservice2,login_failure,mobservice1,2
gaia-v3-12510,fused,test-pred-000888,1627151550000,1627151522269,27.731,mobservice2,login_failure,mobservice1,2
gaia-v3-12512,fused,test-pred-000890,1627151850000,1627151809830,40.17,mobservice2,login_failure,mobservice1,3
gaia-v3-12514,fused,test-pred-000891,1627152150000,1627152146662,3.338,mobservice2,login_failure,mobservice2,1
gaia-v3-12515,fused,test-pred-000892,1627152270000,1627152255498,14.502,mobservice2,login_failure,mobservice1,2
gaia-v3-12516,fused,test-pred-000893,1627152480000,1627152463614,16.386,mobservice2,login_failure,mobservice1,2
gaia-v3-12833,fused,test-pred-000895,1627152720000,1627152699037,20.963,mobservice1,login_failure,mobservice2,2
gaia-v3-12838,fused,test-pred-000900,1627154010000,1627153970359,39.641,mobservice1,login_failure,mobservice1,1
gaia-v3-12839,fused,test-pred-000901,1627154070000,1627154053156,16.844,mobservice1,login_failure,mobservice2,2
gaia-v3-12517,fused,test-pred-000902,1627154160000,1627154142609,17.391,mobservice2,login_failure,mobservice1,2
gaia-v3-12518,fused,test-pred-000903,1627154400000,1627154379076,20.924,mobservice2,login_failure,mobservice1,2
gaia-v3-12519,fused,test-pred-000904,1627154730000,1627154717841,12.159,mobservice2,login_failure,mobservice2,1
gaia-v3-12521,fused,test-pred-000905,1627154850000,1627154837610,12.39,mobservice2,login_failure,mobservice1,2
gaia-v3-12841,fused,test-pred-000906,1627155240000,1627155231389,8.611,mobservice1,login_failure,mobservice1,1
gaia-v3-12531,fused,test-pred-000909,1627156950000,1627156947398,2.602,mobservice2,login_failure,mobservice2,1
gaia-v3-12534,fused,test-pred-000913,1627157760000,1627157729701,30.299,mobservice2,login_failure,mobservice2,1
gaia-v3-12535,fused,test-pred-000914,1627158090000,1627158079112,10.888,mobservice2,login_failure,mobservice2,1
gaia-v3-12536,fused,test-pred-000915,1627158300000,1627158266899,33.101,mobservice2,login_failure,mobservice2,1
gaia-v3-12537,fused,test-pred-000916,1627158390000,1627158367696,22.304,mobservice2,login_failure,mobservice2,1
gaia-v3-12538,fused,test-pred-000917,1627158480000,1627158459454,20.546,mobservice2,login_failure,mobservice1,3
gaia-v3-12539,fused,test-pred-000918,1627158720000,1627158695854,24.146,mobservice2,login_failure,mobservice2,1
gaia-v3-12541,fused,test-pred-000919,1627158870000,1627158830528,39.472,mobservice2,login_failure,mobservice2,1
gaia-v3-12542,fused,test-pred-000920,1627158960000,1627158927735,32.265,mobservice2,login_failure,mobservice1,2
gaia-v3-12543,fused,test-pred-000922,1627159470000,1627159469260,0.74,mobservice2,login_failure,mobservice2,1
gaia-v3-12544,fused,test-pred-000924,1627159770000,1627159730134,39.866,mobservice2,login_failure,mobservice1,2
gaia-v3-12855,fused,test-pred-000925,1627159890000,1627159881036,8.964,mobservice1,login_failure,mobservice1,1
gaia-v3-12546,fused,test-pred-000926,1627160340000,1627160323747,16.253,mobservice2,login_failure,mobservice2,1
gaia-v3-12547,fused,test-pred-000927,1627160490000,1627160456931,33.069,mobservice2,login_failure,mobservice1,3
gaia-v3-12548,fused,test-pred-000928,1627160760000,1627160726428,33.572,mobservice2,login_failure,mobservice1,2
gaia-v3-12857,fused,test-pred-000929,1627160910000,1627160869830,40.17,mobservice1,login_failure,mobservice1,1
gaia-v3-12549,fused,test-pred-000930,1627161090000,1627161072247,17.753,mobservice2,login_failure,mobservice2,1
gaia-v3-12550,fused,test-pred-000931,1627161150000,1627161128198,21.802,mobservice2,login_failure,mobservice1,2
gaia-v3-12551,fused,test-pred-000932,1627161270000,1627161256164,13.836,mobservice2,login_failure,mobservice1,2
gaia-v3-12552,fused,test-pred-000933,1627161450000,1627161417752,32.248,mobservice2,login_failure,mobservice2,1
gaia-v3-12554,fused,test-pred-000934,1627161510000,1627161496963,13.037,mobservice2,login_failure,mobservice2,1
gaia-v3-12859,fused,test-pred-000936,1627162080000,1627162064581,15.419,mobservice1,login_failure,mobservice1,1
gaia-v3-12555,fused,test-pred-000937,1627162260000,1627162227329,32.671,mobservice2,login_failure,mobservice2,1
gaia-v3-12556,fused,test-pred-000938,1627162350000,1627162313893,36.107,mobservice2,login_failure,mobservice1,2
gaia-v3-12557,fused,test-pred-000940,1627162710000,1627162676705,33.295,mobservice2,login_failure,mobservice2,1
gaia-v3-12862,fused,test-pred-000941,1627162950000,1627162920240,29.76,mobservice1,login_failure,mobservice1,1
gaia-v3-12558,fused,test-pred-000943,1627163070000,1627163052806,17.194,mobservice2,login_failure,mobservice2,1
gaia-v3-12559,fused,test-pred-000944,1627163160000,1627163141094,18.906,mobservice2,login_failure,mobservice2,1
gaia-v3-12561,fused,test-pred-000945,1627163430000,1627163422824,7.176,mobservice2,login_failure,mobservice2,1
gaia-v3-12865,fused,test-pred-000946,1627163730000,1627163696236,33.764,mobservice1,login_failure,mobservice2,2
gaia-v3-12562,fused,test-pred-000947,1627163790000,1627163766132,23.868,mobservice2,login_failure,mobservice1,2
gaia-v3-12564,fused,test-pred-000950,1627164120000,1627164107531,12.469,mobservice2,login_failure,mobservice1,2
gaia-v3-12565,fused,test-pred-000951,1627164540000,1627164508429,31.571,mobservice2,login_failure,mobservice2,1
gaia-v3-12567,fused,test-pred-000953,1627164810000,1627164804742,5.258,mobservice2,login_failure,mobservice2,1
gaia-v3-12570,fused,test-pred-000956,1627165860000,1627165845582,14.418,mobservice2,login_failure,mobservice2,1
gaia-v3-12571,fused,test-pred-000957,1627166010000,1627166008976,1.024,mobservice2,login_failure,mobservice2,1
gaia-v3-12875,fused,test-pred-000958,1627166130000,1627166093939,36.061,mobservice1,login_failure,mobservice1,1
gaia-v3-12572,fused,test-pred-000959,1627166400000,1627166367559,32.441,mobservice2,login_failure,mobservice2,1
gaia-v3-12573,fused,test-pred-000960,1627166460000,1627166427643,32.357,mobservice2,login_failure,mobservice1,2
gaia-v3-12574,fused,test-pred-000961,1627167000000,1627166959728,40.272,mobservice2,login_failure,mobservice1,2
gaia-v3-12462,fused,test-pred-000964,1627167570000,1627167534628,35.372,webservice2,memory_anomalies,mobservice2,2
gaia-v3-12576,fused,test-pred-000965,1627168440000,1627168399229,40.771,mobservice2,login_failure,mobservice2,1
gaia-v3-12880,fused,test-pred-000966,1627168770000,1627168733566,36.434,mobservice1,login_failure,mobservice1,1
gaia-v3-12577,fused,test-pred-000967,1627168980000,1627168959260,20.74,mobservice2,login_failure,mobservice2,1
gaia-v3-12883,fused,test-pred-000968,1627169250000,1627169236895,13.105,mobservice1,login_failure,mobservice1,1
gaia-v3-12884,fused,test-pred-000969,1627169400000,1627169368306,31.694,mobservice1,login_failure,mobservice1,1
gaia-v3-12885,fused,test-pred-000970,1627169460000,1627169436326,23.674,mobservice1,login_failure,mobservice2,2
gaia-v3-12578,fused,test-pred-000971,1627169580000,1627169568613,11.387,mobservice2,login_failure,mobservice2,1
gaia-v3-12579,fused,test-pred-000972,1627169640000,1627169621354,18.646,mobservice2,login_failure,mobservice2,1
gaia-v3-12580,fused,test-pred-000973,1627169760000,1627169747458,12.542,mobservice2,login_failure,mobservice1,2
gaia-v3-12886,fused,test-pred-000974,1627169820000,1627169800556,19.444,mobservice1,login_failure,mobservice1,1
gaia-v3-12889,fused,test-pred-000976,1627170060000,1627170055987,4.013,mobservice1,login_failure,mobservice1,1
gaia-v3-12581,fused,test-pred-000977,1627170240000,1627170207453,32.547,mobservice2,login_failure,mobservice1,2
gaia-v3-12890,fused,test-pred-000978,1627170330000,1627170318284,11.716,mobservice1,login_failure,mobservice2,2
gaia-v3-12582,fused,test-pred-000979,1627170420000,1627170398547,21.453,mobservice2,login_failure,mobservice1,2
gaia-v3-12583,fused,test-pred-000982,1627170870000,1627170853412,16.588,mobservice2,login_failure,mobservice2,1
gaia-v3-12585,fused,test-pred-000983,1627170990000,1627170962700,27.3,mobservice2,login_failure,mobservice2,1
gaia-v3-12586,fused,test-pred-000984,1627171110000,1627171070026,39.974,mobservice2,login_failure,mobservice1,2
gaia-v3-12894,fused,test-pred-000985,1627171200000,1627171186701,13.299,mobservice1,login_failure,mobservice2,2
gaia-v3-12898,fused,test-pred-000986,1627171320000,1627171296279,23.721,mobservice1,memory_anomalies,mobservice1,1
gaia-v3-12588,fused,test-pred-000987,1627172190000,1627172173448,16.552,mobservice2,login_failure,mobservice1,2
gaia-v3-12589,fused,test-pred-000988,1627172400000,1627172378445,21.555,mobservice2,login_failure,mobservice1,2
gaia-v3-12899,fused,test-pred-000989,1627172550000,1627172525590,24.41,mobservice1,login_failure,mobservice1,1
gaia-v3-12590,fused,test-pred-000990,1627172790000,1627172750889,39.111,mobservice2,login_failure,mobservice2,1
gaia-v3-12591,fused,test-pred-000991,1627172850000,1627172831250,18.75,mobservice2,login_failure,mobservice1,2
gaia-v3-12592,fused,test-pred-000992,1627173030000,1627173001010,28.99,mobservice2,login_failure,mobservice2,1
gaia-v3-12593,fused,test-pred-000993,1627173390000,1627173374016,15.984,mobservice2,login_failure,mobservice2,1
gaia-v3-12595,fused,test-pred-000994,1627173540000,1627173513472,26.528,mobservice2,login_failure,mobservice1,2
gaia-v3-12900,fused,test-pred-000995,1627173660000,1627173635115,24.885,mobservice1,login_failure,mobservice2,2
gaia-v3-12596,fused,test-pred-000996,1627173720000,1627173693968,26.032,mobservice2,login_failure,mobservice1,2
gaia-v3-12902,fused,test-pred-000997,1627173870000,1627173854379,15.621,mobservice1,login_failure,mobservice1,1
gaia-v3-12597,fused,test-pred-000998,1627174080000,1627174063642,16.358,mobservice2,login_failure,mobservice2,1
gaia-v3-12601,fused,test-pred-000999,1627174710000,1627174657545,52.455,mobservice2,memory_anomalies,mobservice2,1
gaia-v3-12907,fused,test-pred-001001,1627175460000,1627175427183,32.817,mobservice1,login_failure,mobservice1,1
gaia-v3-12602,fused,test-pred-001003,1627175760000,1627175738537,21.463,mobservice2,login_failure,mobservice1,2
gaia-v3-12909,fused,test-pred-001004,1627175820000,1627175780840,39.16,mobservice1,login_failure,mobservice1,1
gaia-v3-12910,fused,test-pred-001005,1627175910000,1627175881067,28.933,mobservice1,login_failure,mobservice2,2
gaia-v3-12603,fused,test-pred-001006,1627176120000,1627176100154,19.846,mobservice2,login_failure,mobservice2,1
gaia-v3-12604,fused,test-pred-001008,1627176300000,1627176275615,24.385,mobservice2,login_failure,mobservice1,2
gaia-v3-12605,fused,test-pred-001009,1627176420000,1627176413231,6.769,mobservice2,login_failure,mobservice2,1
gaia-v3-12914,fused,test-pred-001010,1627176660000,1627176655953,4.047,mobservice1,login_failure,mobservice1,1
gaia-v3-12609,fused,test-pred-001011,1627176870000,1627176832605,37.395,mobservice2,login_failure,mobservice1,2
gaia-v3-12610,fused,test-pred-001013,1627177080000,1627177057646,22.354,mobservice2,login_failure,mobservice2,1
gaia-v3-12611,fused,test-pred-001014,1627177200000,1627177165437,34.563,mobservice2,login_failure,mobservice2,1
gaia-v3-12916,fused,test-pred-001015,1627177410000,1627177373881,36.119,mobservice1,login_failure,mobservice2,2
gaia-v3-12469,fused,test-pred-001019,1627178400000,1627178358525,41.475,dbservice2,memory_anomalies,mobservice2,4
gaia-v3-12616,fused,test-pred-001020,1627179120000,1627179101187,18.813,mobservice2,login_failure,mobservice1,5
gaia-v3-12617,fused,test-pred-001021,1627179420000,1627179386255,33.745,mobservice2,login_failure,mobservice2,1
gaia-v3-12619,fused,test-pred-001022,1627179510000,1627179496157,13.843,mobservice2,login_failure,mobservice1,2
gaia-v3-12620,fused,test-pred-001023,1627179750000,1627179724063,25.937,mobservice2,login_failure,mobservice1,2
gaia-v3-12621,fused,test-pred-001024,1627179960000,1627179921519,38.481,mobservice2,login_failure,mobservice2,1
gaia-v3-12622,fused,test-pred-001025,1627180080000,1627180047760,32.24,mobservice2,login_failure,mobservice2,1
gaia-v3-12923,fused,test-pred-001027,1627180530000,1627180512162,17.838,mobservice1,login_failure,mobservice1,1
gaia-v3-12624,fused,test-pred-001028,1627180650000,1627180645854,4.146,mobservice2,login_failure,mobservice2,1
gaia-v3-12925,fused,test-pred-001029,1627180770000,1627180742155,27.845,mobservice1,login_failure,mobservice2,2
gaia-v3-12626,fused,test-pred-001030,1627180890000,1627180849496,40.504,mobservice2,login_failure,mobservice1,2
gaia-v3-12627,fused,test-pred-001031,1627181130000,1627181099664,30.336,mobservice2,login_failure,mobservice1,2
gaia-v3-12628,fused,test-pred-001032,1627181280000,1627181239889,40.111,mobservice2,login_failure,mobservice2,1
gaia-v3-12629,fused,test-pred-001033,1627181430000,1627181412701,17.299,mobservice2,login_failure,mobservice2,1
gaia-v3-12929,fused,test-pred-001035,1627181880000,1627181874278,5.722,mobservice1,login_failure,mobservice1,1
gaia-v3-12631,fused,test-pred-001036,1627182000000,1627181975368,24.632,mobservice2,login_failure,mobservice1,2
gaia-v3-12932,fused,test-pred-001038,1627182150000,1627182144794,5.206,mobservice1,login_failure,mobservice1,1
gaia-v3-12633,fused,test-pred-001039,1627182480000,1627182467695,12.305,mobservice2,login_failure,mobservice2,1
gaia-v3-12635,fused,test-pred-001040,1627182570000,1627182531342,38.658,mobservice2,login_failure,mobservice1,2
gaia-v3-12637,fused,test-pred-001041,1627182840000,1627182809132,30.868,mobservice2,login_failure,mobservice1,2
gaia-v3-12937,fused,test-pred-001043,1627183110000,1627183098532,11.468,mobservice1,login_failure,mobservice2,2
gaia-v3-12639,fused,test-pred-001044,1627183200000,1627183180825,19.175,mobservice2,login_failure,mobservice2,1
gaia-v3-12640,fused,test-pred-001046,1627183350000,1627183310719,39.281,mobservice2,login_failure,mobservice1,2
gaia-v3-12641,fused,test-pred-001048,1627183590000,1627183559774,30.226,mobservice2,login_failure,mobservice1,2
gaia-v3-12940,fused,test-pred-001049,1627183920000,1627183902487,17.513,mobservice1,login_failure,mobservice1,1
gaia-v3-13113,fused,test-pred-001051,1627184100000,1627184075131,24.869,redisservice1,memory_anomalies,mobservice2,3
gaia-v3-12947,fused,test-pred-001053,1627184880000,1627184860836,19.164,mobservice1,login_failure,mobservice2,2
gaia-v3-12642,fused,test-pred-001054,1627185000000,1627184969593,30.407,mobservice2,login_failure,mobservice1,2
gaia-v3-12948,fused,test-pred-001055,1627185060000,1627185028756,31.244,mobservice1,login_failure,mobservice2,3
gaia-v3-12643,fused,test-pred-001059,1627185630000,1627185618650,11.35,mobservice2,login_failure,webservice2,3
gaia-v3-12953,fused,test-pred-001061,1627186500000,1627186498764,1.236,mobservice1,login_failure,mobservice1,1
gaia-v3-12955,fused,test-pred-001063,1627186740000,1627186733044,6.956,mobservice1,login_failure,mobservice1,1
gaia-v3-12650,fused,test-pred-001064,1627186860000,1627186836738,23.262,mobservice2,login_failure,mobservice1,2
gaia-v3-12651,fused,test-pred-001066,1627187070000,1627187031052,38.948,mobservice2,login_failure,mobservice2,1
gaia-v3-12652,fused,test-pred-001067,1627187130000,1627187099208,30.792,mobservice2,login_failure,mobservice2,1
gaia-v3-12958,fused,test-pred-001068,1627187370000,1627187330769,39.231,mobservice1,login_failure,mobservice2,2
gaia-v3-12653,fused,test-pred-001069,1627187460000,1627187448036,11.964,mobservice2,login_failure,mobservice1,2
gaia-v3-12959,fused,test-pred-001070,1627187550000,1627187518033,31.967,mobservice1,login_failure,mobservice2,2
gaia-v3-12464,fused,test-pred-001071,1627187670000,1627187658288,11.712,webservice2,memory_anomalies,mobservice1,5
gaia-v3-12655,fused,test-pred-001073,1627188780000,1627188775788,4.212,mobservice2,login_failure,mobservice2,1
gaia-v3-12656,fused,test-pred-001074,1627189050000,1627189029681,20.319,mobservice2,login_failure,mobservice2,1
gaia-v3-12659,fused,test-pred-001075,1627189320000,1627189306119,13.881,mobservice2,login_failure,mobservice2,1
gaia-v3-12660,fused,test-pred-001076,1627189410000,1627189388201,21.799,mobservice2,login_failure,mobservice1,2
gaia-v3-12965,fused,test-pred-001077,1627189530000,1627189504954,25.046,mobservice1,login_failure,mobservice2,2
gaia-v3-12666,fused,test-pred-001079,1627191210000,1627191196085,13.915,mobservice2,login_failure,mobservice1,2
gaia-v3-12668,fused,test-pred-001080,1627191360000,1627191346368,13.632,mobservice2,login_failure,mobservice2,1
gaia-v3-12669,fused,test-pred-001081,1627191510000,1627191481843,28.157,mobservice2,login_failure,mobservice1,2
gaia-v3-12975,fused,test-pred-001082,1627191600000,1627191580392,19.608,mobservice1,login_failure,mobservice2,2
gaia-v3-12671,fused,test-pred-001083,1627191810000,1627191778251,31.749,mobservice2,login_failure,mobservice2,1
gaia-v3-12672,fused,test-pred-001084,1627192500000,1627192461085,38.915,mobservice2,login_failure,mobservice1,2
gaia-v3-12674,fused,test-pred-001085,1627192560000,1627192559824,0.176,mobservice2,login_failure,mobservice1,2
gaia-v3-12675,fused,test-pred-001086,1627192800000,1627192768274,31.726,mobservice2,login_failure,mobservice2,1
gaia-v3-12676,fused,test-pred-001087,1627192920000,1627192893777,26.223,mobservice2,login_failure,mobservice1,4
gaia-v3-12677,fused,test-pred-001088,1627193220000,1627193200961,19.039,mobservice2,login_failure,mobservice1,2
gaia-v3-12678,fused,test-pred-001089,1627193340000,1627193316357,23.643,mobservice2,login_failure,mobservice1,2
gaia-v3-12977,fused,test-pred-001090,1627193400000,1627193382888,17.112,mobservice1,login_failure,mobservice2,2
gaia-v3-12680,fused,test-pred-001091,1627193520000,1627193514720,5.28,mobservice2,login_failure,mobservice2,1
gaia-v3-12983,fused,test-pred-001099,1627194630000,1627194609972,20.028,mobservice1,login_failure,mobservice1,1
gaia-v3-12682,fused,test-pred-001102,1627195470000,1627195449371,20.629,mobservice2,login_failure,mobservice1,2
gaia-v3-12989,fused,test-pred-001104,1627196160000,1627196140924,19.076,mobservice1,login_failure,mobservice2,2
gaia-v3-12683,fused,test-pred-001105,1627196310000,1627196280389,29.611,mobservice2,login_failure,mobservice2,1
gaia-v3-12990,fused,test-pred-001106,1627196550000,1627196527384,22.616,mobservice1,login_failure,mobservice2,3
gaia-v3-12684,fused,test-pred-001107,1627196640000,1627196613895,26.105,mobservice2,login_failure,mobservice2,1
gaia-v3-12991,fused,test-pred-001108,1627196790000,1627196788140,1.86,mobservice1,login_failure,mobservice1,1
gaia-v3-12992,fused,test-pred-001109,1627197030000,1627196996465,33.535,mobservice1,login_failure,mobservice1,1
gaia-v3-12994,fused,test-pred-001111,1627197240000,1627197207732,32.268,mobservice1,login_failure,mobservice2,4
gaia-v3-12686,fused,test-pred-001112,1627197330000,1627197300575,29.425,mobservice2,login_failure,mobservice2,1
gaia-v3-12687,fused,test-pred-001114,1627197480000,1627197463991,16.009,mobservice2,login_failure,mobservice1,4
gaia-v3-12996,fused,test-pred-001115,1627197540000,1627197503221,36.779,mobservice1,login_failure,mobservice1,1
gaia-v3-12997,fused,test-pred-001116,1627197660000,1627197642476,17.524,mobservice1,login_failure,mobservice2,2
gaia-v3-12688,fused,test-pred-001117,1627197750000,1627197724817,25.183,mobservice2,login_failure,mobservice1,4
gaia-v3-12693,fused,test-pred-001118,1627198500000,1627198465324,34.676,mobservice2,login_failure,mobservice1,2
gaia-v3-12999,fused,test-pred-001119,1627198620000,1627198582160,37.84,mobservice1,login_failure,mobservice2,2
gaia-v3-12694,fused,test-pred-001120,1627198680000,1627198642077,37.923,mobservice2,login_failure,mobservice1,2
gaia-v3-12695,fused,test-pred-001122,1627198860000,1627198828705,31.295,mobservice2,login_failure,mobservice2,1
gaia-v3-12697,fused,test-pred-001123,1627198920000,1627198904321,15.679,mobservice2,login_failure,mobservice1,2
gaia-v3-13001,fused,test-pred-001124,1627199010000,1627198973517,36.483,mobservice1,login_failure,mobservice1,1
gaia-v3-13002,fused,test-pred-001125,1627199130000,1627199105390,24.61,mobservice1,login_failure,mobservice2,5
gaia-v3-12698,fused,test-pred-001126,1627199220000,1627199203760,16.24,mobservice2,login_failure,mobservice2,1
gaia-v3-13121,fused,test-pred-001127,1627199340000,1627199302728,37.272,logservice1,memory_anomalies,mobservice2,10
gaia-v3-13004,fused,test-pred-001128,1627200060000,1627200048649,11.351,mobservice1,login_failure,mobservice1,1
gaia-v3-13006,fused,test-pred-001129,1627200120000,1627200116797,3.203,mobservice1,login_failure,mobservice1,1
gaia-v3-12701,fused,test-pred-001130,1627200420000,1627200401601,18.399,mobservice2,login_failure,mobservice1,2
gaia-v3-13009,fused,test-pred-001132,1627200630000,1627200589186,40.814,mobservice1,login_failure,mobservice1,1
gaia-v3-13010,fused,test-pred-001133,1627200720000,1627200685791,34.209,mobservice1,login_failure,mobservice1,1
gaia-v3-12704,fused,test-pred-001134,1627200870000,1627200824371,45.629,mobservice2,memory_anomalies,mobservice2,1
gaia-v3-13014,fused,test-pred-001136,1627201860000,1627201824514,35.486,mobservice1,login_failure,mobservice1,1
gaia-v3-13016,fused,test-pred-001137,1627202400000,1627202372715,27.285,mobservice1,login_failure,mobservice1,1
gaia-v3-12705,fused,test-pred-001138,1627202610000,1627202608263,1.737,mobservice2,login_failure,mobservice2,1
gaia-v3-12706,fused,test-pred-001139,1627202700000,1627202666277,33.723,mobservice2,login_failure,mobservice1,2
gaia-v3-12707,fused,test-pred-001140,1627202910000,1627202893380,16.62,mobservice2,login_failure,mobservice1,2
gaia-v3-12708,fused,test-pred-001141,1627203030000,1627203010015,19.985,mobservice2,login_failure,mobservice1,2
gaia-v3-12709,fused,test-pred-001142,1627203300000,1627203261763,38.237,mobservice2,login_failure,mobservice2,1
gaia-v3-13021,fused,test-pred-001144,1627203510000,1627203494637,15.363,mobservice1,login_failure,webservice1,2
gaia-v3-12711,fused,test-pred-001146,1627203990000,1627203974880,15.12,mobservice2,login_failure,mobservice2,1
gaia-v3-12712,fused,test-pred-001147,1627204440000,1627204410577,29.423,mobservice2,login_failure,mobservice1,3
gaia-v3-12713,fused,test-pred-001149,1627204740000,1627204716476,23.524,mobservice2,login_failure,mobservice1,2
gaia-v3-12714,fused,test-pred-001150,1627205130000,1627205117981,12.019,mobservice2,login_failure,mobservice1,2
gaia-v3-13025,fused,test-pred-001151,1627205190000,1627205171225,18.775,mobservice1,login_failure,mobservice2,2
gaia-v3-13026,fused,test-pred-001152,1627205460000,1627205429357,30.643,mobservice1,login_failure,mobservice1,1
gaia-v3-13027,fused,test-pred-001153,1627205520000,1627205507261,12.739,mobservice1,login_failure,mobservice2,2
gaia-v3-12715,fused,test-pred-001154,1627205670000,1627205651131,18.869,mobservice2,login_failure,mobservice2,1
gaia-v3-12716,fused,test-pred-001155,1627205790000,1627205771452,18.548,mobservice2,login_failure,mobservice1,2
gaia-v3-12717,fused,test-pred-001156,1627205970000,1627205960623,9.377,mobservice2,login_failure,mobservice2,1
gaia-v3-12718,fused,test-pred-001157,1627206360000,1627206319932,40.068,mobservice2,login_failure,mobservice1,2
gaia-v3-12719,fused,test-pred-001158,1627206750000,1627206714082,35.918,mobservice2,login_failure,mobservice2,1
gaia-v3-12720,fused,test-pred-001159,1627206900000,1627206866368,33.632,mobservice2,login_failure,mobservice2,1
gaia-v3-12721,fused,test-pred-001160,1627207080000,1627207044575,35.425,mobservice2,login_failure,mobservice1,2
gaia-v3-12722,fused,test-pred-001161,1627207140000,1627207125876,14.124,mobservice2,login_failure,mobservice1,2
gaia-v3-13031,fused,test-pred-001162,1627207440000,1627207415276,24.724,mobservice1,login_failure,mobservice1,1
gaia-v3-13032,fused,test-pred-001163,1627207530000,1627207517191,12.809,mobservice1,login_failure,mobservice2,2
gaia-v3-12723,fused,test-pred-001164,1627208010000,1627207994320,15.68,mobservice2,login_failure,mobservice1,2
gaia-v3-13033,fused,test-pred-001165,1627208100000,1627208062193,37.807,mobservice1,login_failure,mobservice1,1
gaia-v3-13036,fused,test-pred-001169,1627208910000,1627208887180,22.82,mobservice1,login_failure,mobservice2,3
gaia-v3-13037,fused,test-pred-001170,1627209150000,1627209128983,21.017,mobservice1,login_failure,mobservice2,2
gaia-v3-12726,fused,test-pred-001171,1627209270000,1627209254830,15.17,mobservice2,login_failure,mobservice2,1
gaia-v3-12727,fused,test-pred-001172,1627209420000,1627209400045,19.955,mobservice2,login_failure,mobservice1,2
gaia-v3-13039,fused,test-pred-001174,1627209630000,1627209592667,37.333,mobservice1,login_failure,mobservice2,2
gaia-v3-12729,fused,test-pred-001175,1627209750000,1627209743945,6.055,mobservice2,login_failure,mobservice2,1
gaia-v3-13043,fused,test-pred-001178,1627210290000,1627210277962,12.038,mobservice1,login_failure,mobservice1,1
gaia-v3-13045,fused,test-pred-001179,1627210440000,1627210402620,37.38,mobservice1,login_failure,mobservice2,2
gaia-v3-12731,fused,test-pred-001180,1627210620000,1627210585518,34.482,mobservice2,login_failure,mobservice2,1
gaia-v3-13047,fused,test-pred-001181,1627210890000,1627210874531,15.469,mobservice1,login_failure,mobservice2,2
gaia-v3-12734,fused,test-pred-001183,1627211520000,1627211485717,34.283,mobservice2,login_failure,mobservice1,2
gaia-v3-13051,fused,test-pred-001184,1627211640000,1627211606819,33.181,mobservice1,login_failure,mobservice2,3
gaia-v3-13053,fused,test-pred-001185,1627211880000,1627211879038,0.962,mobservice1,login_failure,mobservice1,1
gaia-v3-12736,fused,test-pred-001186,1627212120000,1627212095946,24.054,mobservice2,login_failure,mobservice2,1
gaia-v3-12737,fused,test-pred-001187,1627212360000,1627212339517,20.483,mobservice2,login_failure,mobservice1,2
gaia-v3-13055,fused,test-pred-001188,1627212480000,1627212463751,16.249,mobservice1,login_failure,mobservice2,2
gaia-v3-12739,fused,test-pred-001189,1627212540000,1627212512682,27.318,mobservice2,login_failure,mobservice1,2
gaia-v3-13056,fused,test-pred-001190,1627212660000,1627212637619,22.381,mobservice1,login_failure,mobservice2,2
gaia-v3-12741,fused,test-pred-001191,1627212810000,1627212798461,11.539,mobservice2,login_failure,mobservice2,1
gaia-v3-12742,fused,test-pred-001192,1627212870000,1627212851003,18.997,mobservice2,login_failure,mobservice1,2
gaia-v3-13058,fused,test-pred-001193,1627213440000,1627213423972,16.028,mobservice1,login_failure,mobservice2,2
gaia-v3-12743,fused,test-pred-001194,1627213500000,1627213478122,21.878,mobservice2,login_failure,mobservice2,1
gaia-v3-12744,fused,test-pred-001195,1627213560000,1627213519573,40.427,mobservice2,login_failure,mobservice2,1
gaia-v3-12745,fused,test-pred-001196,1627213710000,1627213681041,28.959,mobservice2,login_failure,mobservice1,2
gaia-v3-12746,fused,test-pred-001198,1627214040000,1627214021506,18.494,mobservice2,login_failure,mobservice1,2
gaia-v3-13061,fused,test-pred-001199,1627214220000,1627214202586,17.414,mobservice1,login_failure,mobservice2,2
gaia-v3-12747,fused,test-pred-001200,1627214310000,1627214295601,14.399,mobservice2,login_failure,mobservice2,1
gaia-v3-12749,fused,test-pred-001201,1627214430000,1627214409242,20.758,mobservice2,login_failure,mobservice2,1
gaia-v3-13122,fused,test-pred-001202,1627214640000,1627214588172,51.828,logservice1,memory_anomalies,mobservice1,4
gaia-v3-12751,fused,test-pred-001203,1627215450000,1627215411559,38.441,mobservice2,login_failure,mobservice1,4
gaia-v3-12752,fused,test-pred-001206,1627216200000,1627216185383,14.617,mobservice2,login_failure,mobservice1,2
gaia-v3-12753,fused,test-pred-001207,1627216530000,1627216517173,12.827,mobservice2,login_failure,mobservice2,1
gaia-v3-13067,fused,test-pred-001208,1627217250000,1627217212288,37.712,mobservice1,login_failure,mobservice1,1
gaia-v3-12754,fused,test-pred-001210,1627217460000,1627217421027,38.973,mobservice2,login_failure,mobservice2,1
gaia-v3-13069,fused,test-pred-001211,1627217640000,1627217619253,20.747,mobservice1,login_failure,mobservice2,2
gaia-v3-12755,fused,test-pred-001212,1627217700000,1627217663867,36.133,mobservice2,login_failure,mobservice1,2
gaia-v3-13070,fused,test-pred-001213,1627217820000,1627217790547,29.453,mobservice1,login_failure,mobservice1,1
gaia-v3-13076,fused,test-pred-001216,1627218750000,1627218736848,13.152,mobservice1,login_failure,mobservice1,1
gaia-v3-12758,fused,test-pred-001217,1627218810000,1627218797087,12.913,mobservice2,login_failure,mobservice1,2
gaia-v3-13077,fused,test-pred-001218,1627218900000,1627218865928,34.072,mobservice1,login_failure,mobservice2,2
gaia-v3-12759,fused,test-pred-001219,1627219020000,1627219003404,16.596,mobservice2,login_failure,mobservice2,1
gaia-v3-12760,fused,test-pred-001220,1627219500000,1627219480984,19.016,mobservice2,login_failure,mobservice2,1
gaia-v3-12761,fused,test-pred-001221,1627219650000,1627219612023,37.977,mobservice2,login_failure,mobservice2,1
gaia-v3-13078,fused,test-pred-001222,1627220160000,1627220123516,36.484,mobservice1,login_failure,mobservice2,2
gaia-v3-12762,fused,test-pred-001223,1627220220000,1627220196802,23.198,mobservice2,login_failure,mobservice1,2
gaia-v3-12763,fused,test-pred-001225,1627220580000,1627220557987,22.013,mobservice2,login_failure,mobservice1,2
gaia-v3-13082,fused,test-pred-001227,1627220940000,1627220904831,35.169,mobservice1,login_failure,mobservice2,2
gaia-v3-12764,fused,test-pred-001228,1627221030000,1627221000887,29.113,mobservice2,login_failure,mobservice1,2
gaia-v3-12765,fused,test-pred-001229,1627221210000,1627221192177,17.823,mobservice2,login_failure,mobservice2,1
gaia-v3-12766,fused,test-pred-001230,1627221270000,1627221252367,17.633,mobservice2,login_failure,mobservice1,2
gaia-v3-12767,fused,test-pred-001231,1627221780000,1627221766486,13.514,mobservice2,login_failure,mobservice2,1
gaia-v3-12768,fused,test-pred-001232,1627221900000,1627221887960,12.04,mobservice2,login_failure,mobservice1,2
gaia-v3-13083,fused,test-pred-001233,1627222050000,1627222044097,5.903,mobservice1,login_failure,mobservice1,1
gaia-v3-12770,fused,test-pred-001234,1627222140000,1627222122021,17.979,mobservice2,login_failure,mobservice2,1
gaia-v3-13084,fused,test-pred-001235,1627222650000,1627222619206,30.794,mobservice1,login_failure,mobservice2,2
gaia-v3-12771,fused,test-pred-001237,1627222980000,1627222948928,31.072,mobservice2,login_failure,mobservice2,1
gaia-v3-13086,fused,test-pred-001238,1627223220000,1627223185959,34.041,mobservice1,login_failure,mobservice1,1
gaia-v3-13089,fused,test-pred-001239,1627223400000,1627223394961,5.039,mobservice1,login_failure,mobservice1,1
gaia-v3-13091,fused,test-pred-001241,1627223970000,1627223958573,11.427,mobservice1,login_failure,mobservice2,2
gaia-v3-12777,fused,test-pred-001243,1627224300000,1627224278204,21.796,mobservice2,login_failure,mobservice2,1
gaia-v3-13093,fused,test-pred-001244,1627224450000,1627224408968,41.032,mobservice1,login_failure,mobservice2,2
gaia-v3-13095,fused,test-pred-001245,1627224540000,1627224519417,20.583,mobservice1,login_failure,mobservice1,1
gaia-v3-13096,fused,test-pred-001246,1627224600000,1627224587419,12.581,mobservice1,login_failure,redisservice1,2
gaia-v3-12779,fused,test-pred-001247,1627224840000,1627224801849,38.151,mobservice2,login_failure,mobservice2,1
gaia-v3-12780,fused,test-pred-001248,1627225080000,1627225045821,34.179,mobservice2,login_failure,mobservice2,1
gaia-v3-13099,fused,test-pred-001250,1627225290000,1627225282586,7.414,mobservice1,login_failure,mobservice1,1
gaia-v3-12781,fused,test-pred-001251,1627225470000,1627225448583,21.417,mobservice2,login_failure,mobservice2,1
gaia-v3-12782,fused,test-pred-001252,1627225530000,1627225498594,31.406,mobservice2,login_failure,redisservice1,2
gaia-v3-12784,fused,test-pred-001258,1627226520000,1627226499725,20.275,mobservice2,login_failure,mobservice1,2
gaia-v3-12785,fused,test-pred-001259,1627226700000,1627226660336,39.664,mobservice2,login_failure,mobservice2,1
gaia-v3-13102,fused,test-pred-001260,1627227090000,1627227068051,21.949,mobservice1,login_failure,mobservice2,2
gaia-v3-12786,fused,test-pred-001261,1627227240000,1627227216274,23.726,mobservice2,login_failure,mobservice2,1
gaia-v3-12790,fused,test-pred-001262,1627227420000,1627227407685,12.315,mobservice2,memory_anomalies,mobservice1,2
gaia-v3-13106,fused,test-pred-001263,1627228110000,1627228097999,12.001,mobservice1,login_failure,mobservice1,1
gaia-v3-13107,fused,test-pred-001264,1627228200000,1627228165877,34.123,mobservice1,login_failure,mobservice1,1
gaia-v3-12791,fused,test-pred-001265,1627228380000,1627228365417,14.583,mobservice2,login_failure,mobservice2,1
gaia-v3-12793,fused,test-pred-001267,1627228800000,1627228781570,18.43,mobservice2,login_failure,logservice1,3
gaia-v3-13449,fused,test-pred-001269,1627229100000,1627229082494,17.506,mobservice1,login_failure,mobservice2,4
gaia-v3-13154,fused,test-pred-001270,1627229160000,1627229132531,27.469,mobservice2,login_failure,logservice2,4
gaia-v3-13155,fused,test-pred-001271,1627229430000,1627229416993,13.007,mobservice2,login_failure,mobservice1,5
gaia-v3-13450,fused,test-pred-001272,1627229550000,1627229526478,23.522,mobservice1,login_failure,mobservice2,2
gaia-v3-13156,fused,test-pred-001273,1627229670000,1627229655829,14.171,mobservice2,login_failure,mobservice1,2
gaia-v3-13158,fused,test-pred-001274,1627229850000,1627229827219,22.781,mobservice2,login_failure,logservice1,4
gaia-v3-13452,fused,test-pred-001275,1627230120000,1627230105819,14.181,mobservice1,login_failure,mobservice2,4
gaia-v3-13453,fused,test-pred-001276,1627230390000,1627230373871,16.129,mobservice1,login_failure,mobservice2,3
gaia-v3-13160,fused,test-pred-001277,1627230510000,1627230479756,30.244,mobservice2,login_failure,mobservice2,1
gaia-v3-13161,fused,test-pred-001278,1627230660000,1627230640951,19.049,mobservice2,login_failure,mobservice2,1
gaia-v3-13162,fused,test-pred-001279,1627230750000,1627230725293,24.707,mobservice2,login_failure,mobservice1,2
gaia-v3-13454,fused,test-pred-001280,1627230810000,1627230787816,22.184,mobservice1,login_failure,mobservice1,1
gaia-v3-13455,fused,test-pred-001281,1627230870000,1627230858192,11.808,mobservice1,login_failure,mobservice2,3
gaia-v3-13456,fused,test-pred-001282,1627230990000,1627230971453,18.547,mobservice1,login_failure,mobservice2,4
gaia-v3-13460,fused,test-pred-001284,1627231950000,1627231927946,22.054,mobservice1,login_failure,logservice2,4
gaia-v3-13164,fused,test-pred-001285,1627232070000,1627232046160,23.84,mobservice2,login_failure,mobservice2,1
gaia-v3-13461,fused,test-pred-001286,1627232190000,1627232167979,22.021,mobservice1,login_failure,mobservice2,3
gaia-v3-13166,fused,test-pred-001287,1627232520000,1627232505540,14.46,mobservice2,login_failure,mobservice2,1
gaia-v3-13167,fused,test-pred-001288,1627232610000,1627232570049,39.951,mobservice2,login_failure,mobservice2,1
gaia-v3-13168,fused,test-pred-001289,1627232760000,1627232745331,14.669,mobservice2,login_failure,mobservice1,2
gaia-v3-13462,fused,test-pred-001290,1627232880000,1627232865916,14.084,mobservice1,login_failure,logservice2,4
gaia-v3-13463,fused,test-pred-001291,1627233180000,1627233151313,28.687,mobservice1,login_failure,mobservice1,1
gaia-v3-13465,fused,test-pred-001292,1627233330000,1627233309367,20.633,mobservice1,login_failure,mobservice2,4
gaia-v3-13172,fused,test-pred-001295,1627233960000,1627233918960,41.04,mobservice2,login_failure,mobservice2,1
gaia-v3-13468,fused,test-pred-001296,1627234260000,1627234227864,32.136,mobservice1,login_failure,mobservice2,2
gaia-v3-13173,fused,test-pred-001297,1627234410000,1627234383912,26.088,mobservice2,login_failure,logservice1,2
gaia-v3-13174,fused,test-pred-001298,1627234620000,1627234597342,22.658,mobservice2,login_failure,mobservice1,2
gaia-v3-13175,fused,test-pred-001299,1627234680000,1627234663020,16.98,mobservice2,login_failure,mobservice1,2
gaia-v3-13471,fused,test-pred-001301,1627235010000,1627234974578,35.422,mobservice1,login_failure,logservice1,8
gaia-v3-13178,fused,test-pred-001302,1627235220000,1627235196277,23.723,mobservice2,login_failure,mobservice2,1
gaia-v3-13180,fused,test-pred-001303,1627235310000,1627235302265,7.735,mobservice2,login_failure,mobservice2,1
gaia-v3-13181,fused,test-pred-001306,1627235790000,1627235780481,9.519,mobservice2,login_failure,mobservice2,1
gaia-v3-13182,fused,test-pred-001307,1627235940000,1627235917427,22.573,mobservice2,login_failure,mobservice2,1
gaia-v3-13478,fused,test-pred-001309,1627236420000,1627236382138,37.862,mobservice1,login_failure,mobservice1,1
gaia-v3-13480,fused,test-pred-001310,1627236570000,1627236567580,2.42,mobservice1,login_failure,mobservice1,1
gaia-v3-13183,fused,test-pred-001312,1627237110000,1627237077243,32.757,mobservice2,login_failure,mobservice2,1
gaia-v3-13184,fused,test-pred-001313,1627237260000,1627237225110,34.89,mobservice2,login_failure,mobservice2,1
gaia-v3-13482,fused,test-pred-001314,1627237770000,1627237742255,27.745,mobservice1,login_failure,mobservice2,2
gaia-v3-13185,fused,test-pred-001315,1627238190000,1627238175369,14.631,mobservice2,login_failure,mobservice2,1
gaia-v3-13186,fused,test-pred-001316,1627238250000,1627238220707,29.293,mobservice2,login_failure,mobservice1,2
gaia-v3-13188,fused,test-pred-001319,1627238580000,1627238555630,24.37,mobservice2,login_failure,mobservice2,1
gaia-v3-13189,fused,test-pred-001320,1627238730000,1627238715227,14.773,mobservice2,login_failure,logservice1,3
gaia-v3-13190,fused,test-pred-001321,1627238940000,1627238912892,27.108,mobservice2,login_failure,mobservice1,6
gaia-v3-13485,fused,test-pred-001322,1627239000000,1627238972648,27.352,mobservice1,login_failure,mobservice1,1
gaia-v3-13191,fused,test-pred-001323,1627239240000,1627239203823,36.177,mobservice2,login_failure,mobservice1,4
gaia-v3-13193,fused,test-pred-001326,1627239990000,1627239967301,22.699,mobservice2,login_failure,mobservice1,4
gaia-v3-13487,fused,test-pred-001327,1627240170000,1627240137275,32.725,mobservice1,login_failure,logservice1,5
gaia-v3-13194,fused,test-pred-001328,1627240230000,1627240210632,19.368,mobservice2,login_failure,mobservice1,2
gaia-v3-13195,fused,test-pred-001329,1627240410000,1627240396157,13.843,mobservice2,login_failure,mobservice2,1
gaia-v3-13741,fused,test-pred-001330,1627240590000,1627240545413,44.587,redisservice2,memory_anomalies,mobservice2,5
gaia-v3-13198,fused,test-pred-001331,1627241370000,1627241345506,24.494,mobservice2,login_failure,mobservice1,3
gaia-v3-13209,fused,test-pred-001344,1627244970000,1627244948414,21.586,mobservice2,login_failure,mobservice2,1
gaia-v3-13510,fused,test-pred-001354,1627246950000,1627246918579,31.421,mobservice1,login_failure,mobservice2,3
gaia-v3-13524,fused,test-pred-001369,1627250040000,1627250019624,20.376,mobservice1,login_failure,mobservice2,3
gaia-v3-13532,fused,test-pred-001383,1627252800000,1627252781787,18.213,mobservice1,login_failure,mobservice1,1
gaia-v3-13574,fused,test-pred-001434,1627265100000,1627265060786,39.214,mobservice1,login_failure,mobservice2,2
gaia-v3-13603,fused,test-pred-001476,1627275870000,1627275852835,17.165,mobservice1,login_failure,mobservice1,1
gaia-v3-13313,fused,test-pred-001488,1627277370000,1627277357243,12.757,mobservice2,login_failure,mobservice2,1
gaia-v3-13317,fused,test-pred-001493,1627278360000,1627278342546,17.454,mobservice2,login_failure,mobservice1,2
gaia-v3-13655,fused,test-pred-001547,1627289190000,1627289170853,19.147,mobservice1,login_failure,logservice2,4
gaia-v3-13360,fused,test-pred-001555,1627290810000,1627290785906,24.094,mobservice2,login_failure,mobservice1,3
gaia-v3-13367,fused,test-pred-001565,1627292940000,1627292926478,13.522,mobservice2,login_failure,mobservice1,2
gaia-v3-13376,fused,test-pred-001575,1627295010000,1627294985394,24.606,mobservice2,login_failure,logservice2,2
gaia-v3-13673,fused,test-pred-001576,1627295250000,1627295232488,17.512,mobservice1,login_failure,mobservice1,1
gaia-v3-13674,fused,test-pred-001577,1627295400000,1627295375690,24.31,mobservice1,login_failure,mobservice2,2
gaia-v3-13377,fused,test-pred-001578,1627295790000,1627295759820,30.18,mobservice2,login_failure,mobservice2,1
gaia-v3-13378,fused,test-pred-001579,1627295880000,1627295850928,29.072,mobservice2,login_failure,mobservice2,1
gaia-v3-13382,fused,test-pred-001582,1627296750000,1627296719383,30.617,mobservice2,login_failure,mobservice2,1
gaia-v3-13678,fused,test-pred-001583,1627297170000,1627297152476,17.524,mobservice1,login_failure,mobservice1,1
gaia-v3-13383,fused,test-pred-001585,1627297440000,1627297413736,26.264,mobservice2,login_failure,mobservice2,1
gaia-v3-13680,fused,test-pred-001586,1627297620000,1627297594565,25.435,mobservice1,login_failure,mobservice2,2
gaia-v3-13681,fused,test-pred-001587,1627297710000,1627297709487,0.513,mobservice1,login_failure,mobservice1,1
gaia-v3-13682,fused,test-pred-001588,1627297920000,1627297908240,11.76,mobservice1,login_failure,mobservice1,1
gaia-v3-13386,fused,test-pred-001589,1627298370000,1627298351155,18.845,mobservice2,login_failure,mobservice1,4
gaia-v3-13684,fused,test-pred-001590,1627298520000,1627298505185,14.815,mobservice1,login_failure,mobservice2,2
gaia-v3-13685,fused,test-pred-001592,1627298880000,1627298847252,32.748,mobservice1,login_failure,mobservice2,4
gaia-v3-13388,fused,test-pred-001593,1627299060000,1627299027477,32.523,mobservice2,login_failure,mobservice1,6
gaia-v3-13389,fused,test-pred-001594,1627299360000,1627299334523,25.477,mobservice2,login_failure,mobservice1,2
gaia-v3-13687,fused,test-pred-001595,1627299450000,1627299413943,36.057,mobservice1,login_failure,mobservice2,3
gaia-v3-13688,fused,test-pred-001596,1627299660000,1627299649116,10.884,mobservice1,login_failure,mobservice1,1
gaia-v3-13393,fused,test-pred-001597,1627299810000,1627299792827,17.173,mobservice2,login_failure,mobservice2,1
gaia-v3-13689,fused,test-pred-001598,1627299990000,1627299965504,24.496,mobservice1,login_failure,mobservice1,1
gaia-v3-13394,fused,test-pred-001599,1627300320000,1627300304629,15.371,mobservice2,login_failure,mobservice1,3
gaia-v3-13690,fused,test-pred-001600,1627300410000,1627300387301,22.699,mobservice1,login_failure,mobservice1,1
gaia-v3-13691,fused,test-pred-001601,1627300800000,1627300780110,19.89,mobservice1,login_failure,mobservice1,1
gaia-v3-13397,fused,test-pred-001602,1627302240000,1627302212717,27.283,mobservice2,login_failure,mobservice1,4
gaia-v3-13398,fused,test-pred-001603,1627302510000,1627302489292,20.708,mobservice2,login_failure,mobservice1,2
gaia-v3-13403,fused,test-pred-001605,1627303620000,1627303605132,14.868,mobservice2,login_failure,mobservice1,4
gaia-v3-13697,fused,test-pred-001606,1627303740000,1627303720642,19.358,mobservice1,login_failure,mobservice1,1
gaia-v3-13698,fused,test-pred-001607,1627303800000,1627303776945,23.055,mobservice1,login_failure,mobservice2,3
gaia-v3-13404,fused,test-pred-001608,1627304160000,1627304140603,19.397,mobservice2,login_failure,mobservice1,2
gaia-v3-13699,fused,test-pred-001609,1627304220000,1627304204396,15.604,mobservice1,login_failure,mobservice1,1
gaia-v3-13700,fused,test-pred-001610,1627304280000,1627304262297,17.703,mobservice1,login_failure,logservice1,6
gaia-v3-13405,fused,test-pred-001611,1627304520000,1627304499167,20.833,mobservice2,login_failure,mobservice1,2
gaia-v3-13701,fused,test-pred-001612,1627304580000,1627304541649,38.351,mobservice1,login_failure,mobservice2,2
gaia-v3-13406,fused,test-pred-001613,1627304700000,1627304663725,36.275,mobservice2,login_failure,logservice1,4
gaia-v3-13407,fused,test-pred-001614,1627304940000,1627304923903,16.097,mobservice2,login_failure,mobservice1,6
gaia-v3-13702,fused,test-pred-001615,1627305060000,1627305026808,33.192,mobservice1,login_failure,mobservice2,4
gaia-v3-13408,fused,test-pred-001616,1627305210000,1627305173833,36.167,mobservice2,login_failure,mobservice1,3
gaia-v3-13703,fused,test-pred-001617,1627305330000,1627305315363,14.637,mobservice1,login_failure,mobservice2,4
gaia-v3-13704,fused,test-pred-001618,1627305450000,1627305430045,19.955,mobservice1,login_failure,mobservice2,2
gaia-v3-13705,fused,test-pred-001619,1627305630000,1627305612681,17.319,mobservice1,login_failure,mobservice1,1
gaia-v3-13706,fused,test-pred-001620,1627306200000,1627306180196,19.804,mobservice1,login_failure,mobservice2,2
gaia-v3-13409,fused,test-pred-001621,1627306290000,1627306267330,22.67,mobservice2,login_failure,mobservice1,5
gaia-v3-13709,fused,test-pred-001622,1627306530000,1627306514020,15.98,mobservice1,login_failure,mobservice2,4
gaia-v3-13410,fused,test-pred-001623,1627306590000,1627306553380,36.62,mobservice2,login_failure,mobservice2,1
gaia-v3-13411,fused,test-pred-001624,1627306740000,1627306701998,38.002,mobservice2,login_failure,mobservice1,2
gaia-v3-13412,fused,test-pred-001625,1627306800000,1627306793502,6.498,mobservice2,login_failure,mobservice2,1
gaia-v3-13413,fused,test-pred-001626,1627306950000,1627306910734,39.266,mobservice2,login_failure,mobservice2,1
gaia-v3-13414,fused,test-pred-001627,1627307070000,1627307042363,27.637,mobservice2,login_failure,mobservice1,3
gaia-v3-13415,fused,test-pred-001629,1627307880000,1627307851313,28.687,mobservice2,login_failure,mobservice1,2
gaia-v3-13416,fused,test-pred-001631,1627308120000,1627308100343,19.657,mobservice2,login_failure,mobservice1,5
gaia-v3-13417,fused,test-pred-001632,1627308420000,1627308402656,17.344,mobservice2,login_failure,mobservice2,1
gaia-v3-13714,fused,test-pred-001633,1627308720000,1627308719695,0.305,mobservice1,login_failure,mobservice1,1
gaia-v3-13420,fused,test-pred-001634,1627308870000,1627308857367,12.633,mobservice2,login_failure,mobservice1,2
gaia-v3-13422,fused,test-pred-001635,1627309260000,1627309230277,29.723,mobservice2,login_failure,mobservice1,2
gaia-v3-13423,fused,test-pred-001636,1627309410000,1627309383432,26.568,mobservice2,login_failure,mobservice1,2
gaia-v3-13424,fused,test-pred-001637,1627309770000,1627309735982,34.018,mobservice2,login_failure,mobservice2,1
gaia-v3-13426,fused,test-pred-001638,1627309980000,1627309963954,16.046,mobservice2,login_failure,mobservice2,1
gaia-v3-13428,fused,test-pred-001639,1627310070000,1627310045884,24.116,mobservice2,login_failure,mobservice1,2
gaia-v3-13429,fused,test-pred-001640,1627310160000,1627310143085,16.915,mobservice2,login_failure,mobservice2,1
gaia-v3-13430,fused,test-pred-001641,1627310280000,1627310268469,11.531,mobservice2,login_failure,mobservice2,1
gaia-v3-13720,fused,test-pred-001642,1627310400000,1627310363121,36.879,mobservice1,login_failure,logservice2,3
gaia-v3-13432,fused,test-pred-001643,1627310640000,1627310617700,22.3,mobservice2,login_failure,mobservice1,2
gaia-v3-13721,fused,test-pred-001644,1627310700000,1627310671070,28.93,mobservice1,login_failure,mobservice2,2
gaia-v3-13435,fused,test-pred-001647,1627311450000,1627311411786,38.214,mobservice2,login_failure,mobservice2,1
gaia-v3-13724,fused,test-pred-001649,1627311840000,1627311811421,28.579,mobservice1,login_failure,mobservice1,1
gaia-v3-13725,fused,test-pred-001650,1627311930000,1627311897373,32.627,mobservice1,login_failure,mobservice1,1
gaia-v3-13727,fused,test-pred-001651,1627311990000,1627311973870,16.13,mobservice1,login_failure,mobservice1,1
gaia-v3-13729,fused,test-pred-001652,1627312110000,1627312098760,11.24,mobservice1,login_failure,logservice1,10
gaia-v3-13436,fused,test-pred-001653,1627312380000,1627312353255,26.745,mobservice2,login_failure,mobservice1,5
gaia-v3-13731,fused,test-pred-001654,1627312800000,1627312770207,29.793,mobservice1,login_failure,mobservice2,4
gaia-v3-13437,fused,test-pred-001655,1627312860000,1627312838431,21.569,mobservice2,login_failure,mobservice2,1
gaia-v3-13440,fused,test-pred-001657,1627313580000,1627313564529,15.471,mobservice2,login_failure,mobservice1,2
gaia-v3-13443,fused,test-pred-001659,1627313760000,1627313748012,11.988,mobservice2,login_failure,mobservice2,1
gaia-v3-13444,fused,test-pred-001660,1627313910000,1627313875075,34.925,mobservice2,login_failure,mobservice1,2
gaia-v3-13445,fused,test-pred-001663,1627314390000,1627314367292,22.708,mobservice2,login_failure,mobservice2,1
gaia-v3-13446,fused,test-pred-001664,1627314480000,1627314451553,28.447,mobservice2,login_failure,mobservice2,1
gaia-v3-13447,fused,test-pred-001665,1627314630000,1627314603542,26.458,mobservice2,login_failure,mobservice1,3
gaia-v3-13785,fused,test-pred-001666,1627315260000,1627315239149,20.851,mobservice2,login_failure,dbservice2,3
gaia-v3-14103,fused,test-pred-001669,1627320720000,1627320701167,18.833,mobservice1,login_failure,mobservice1,1
gaia-v3-13805,fused,test-pred-001670,1627321050000,1627321029833,20.167,mobservice2,login_failure,mobservice2,1
gaia-v3-13806,fused,test-pred-001671,1627321200000,1627321173042,26.958,mobservice2,login_failure,mobservice1,4
gaia-v3-13807,fused,test-pred-001672,1627321470000,1627321456950,13.05,mobservice2,login_failure,mobservice1,4
gaia-v3-14104,fused,test-pred-001673,1627321650000,1627321612719,37.281,mobservice1,login_failure,mobservice1,1
gaia-v3-14105,fused,test-pred-001674,1627321740000,1627321723513,16.487,mobservice1,login_failure,mobservice1,1
gaia-v3-14106,fused,test-pred-001675,1627321830000,1627321789798,40.202,mobservice1,login_failure,mobservice2,4
gaia-v3-13809,fused,test-pred-001676,1627321950000,1627321936157,13.843,mobservice2,login_failure,mobservice1,3
gaia-v3-14108,fused,test-pred-001678,1627322100000,1627322088224,11.776,mobservice1,login_failure,mobservice1,1
gaia-v3-14109,fused,test-pred-001679,1627322250000,1627322216631,33.369,mobservice1,login_failure,mobservice2,4
gaia-v3-13810,fused,test-pred-001680,1627322400000,1627322363129,36.871,mobservice2,login_failure,mobservice1,2
gaia-v3-13811,fused,test-pred-001681,1627322580000,1627322547881,32.119,mobservice2,login_failure,mobservice1,2
gaia-v3-13812,fused,test-pred-001682,1627323000000,1627322959004,40.996,mobservice2,login_failure,mobservice2,1
gaia-v3-14110,fused,test-pred-001683,1627323120000,1627323109998,10.002,mobservice1,login_failure,mobservice1,1
gaia-v3-14111,fused,test-pred-001684,1627323240000,1627323217322,22.678,mobservice1,login_failure,mobservice1,1
gaia-v3-14112,fused,test-pred-001685,1627323300000,1627323272610,27.39,mobservice1,login_failure,mobservice1,1
gaia-v3-13814,fused,test-pred-001686,1627323570000,1627323544216,25.784,mobservice2,login_failure,mobservice2,1
gaia-v3-13815,fused,test-pred-001687,1627323690000,1627323674967,15.033,mobservice2,login_failure,mobservice2,1
gaia-v3-13816,fused,test-pred-001688,1627323750000,1627323725313,24.687,mobservice2,login_failure,mobservice1,3
gaia-v3-14114,fused,test-pred-001689,1627323840000,1627323809877,30.123,mobservice1,login_failure,mobservice2,4
gaia-v3-14115,fused,test-pred-001690,1627324080000,1627324058820,21.18,mobservice1,login_failure,logservice2,2
gaia-v3-13818,fused,test-pred-001691,1627324950000,1627324936720,13.28,mobservice2,login_failure,mobservice2,1
gaia-v3-13819,fused,test-pred-001692,1627325010000,1627325006597,3.403,mobservice2,login_failure,mobservice2,1
gaia-v3-13822,fused,test-pred-001693,1627325820000,1627325788633,31.367,mobservice2,login_failure,mobservice1,4
gaia-v3-13823,fused,test-pred-001694,1627326090000,1627326064469,25.531,mobservice2,login_failure,logservice2,2
gaia-v3-14121,fused,test-pred-001695,1627326390000,1627326375389,14.611,mobservice1,login_failure,logservice2,2
gaia-v3-13824,fused,test-pred-001696,1627326630000,1627326600694,29.306,mobservice2,login_failure,mobservice2,1
gaia-v3-14122,fused,test-pred-001697,1627326750000,1627326730879,19.121,mobservice1,login_failure,mobservice1,1
gaia-v3-14123,fused,test-pred-001698,1627327260000,1627327233982,26.018,mobservice1,login_failure,mobservice2,5
gaia-v3-13826,fused,test-pred-001699,1627327350000,1627327331666,18.334,mobservice2,login_failure,mobservice1,3
gaia-v3-14124,fused,test-pred-001700,1627327560000,1627327532871,27.129,mobservice1,login_failure,mobservice2,2
gaia-v3-14125,fused,test-pred-001701,1627327950000,1627327915618,34.382,mobservice1,login_failure,mobservice2,4
gaia-v3-13827,fused,test-pred-001702,1627328010000,1627327979997,30.003,mobservice2,login_failure,mobservice2,1
gaia-v3-13828,fused,test-pred-001703,1627328130000,1627328116865,13.135,mobservice2,login_failure,mobservice1,3
gaia-v3-14127,fused,test-pred-001705,1627328280000,1627328259065,20.935,mobservice1,login_failure,mobservice2,2
gaia-v3-14133,fused,test-pred-001708,1627329390000,1627329376651,13.349,mobservice1,login_failure,mobservice1,1
gaia-v3-14134,fused,test-pred-001709,1627329450000,1627329409581,40.419,mobservice1,login_failure,redisservice2,5
gaia-v3-13836,fused,test-pred-001710,1627329630000,1627329593409,36.591,mobservice2,login_failure,mobservice1,3
gaia-v3-14136,fused,test-pred-001711,1627329750000,1627329709899,40.101,mobservice1,login_failure,logservice1,2
gaia-v3-13837,fused,test-pred-001712,1627329960000,1627329926496,33.504,mobservice2,login_failure,mobservice2,1
gaia-v3-13838,fused,test-pred-001713,1627330050000,1627330028756,21.244,mobservice2,login_failure,mobservice2,1
gaia-v3-13839,fused,test-pred-001714,1627330110000,1627330085200,24.8,mobservice2,login_failure,mobservice2,1
gaia-v3-14137,fused,test-pred-001715,1627330290000,1627330268557,21.443,mobservice1,login_failure,mobservice1,1
gaia-v3-13840,fused,test-pred-001716,1627330530000,1627330500529,29.471,mobservice2,login_failure,mobservice2,1
gaia-v3-13841,fused,test-pred-001717,1627330650000,1627330634331,15.669,mobservice2,login_failure,mobservice2,1
gaia-v3-14141,fused,test-pred-001719,1627331580000,1627331564494,15.506,mobservice1,login_failure,mobservice2,2
gaia-v3-13843,fused,test-pred-001720,1627331760000,1627331739185,20.815,mobservice2,login_failure,mobservice1,4
gaia-v3-14144,fused,test-pred-001722,1627332420000,1627332409305,10.695,mobservice1,login_failure,mobservice2,2
gaia-v3-13848,fused,test-pred-001725,1627334190000,1627334166174,23.826,mobservice2,login_failure,mobservice1,7
gaia-v3-13849,fused,test-pred-001726,1627334490000,1627334458547,31.453,mobservice2,login_failure,logservice1,4
gaia-v3-13850,fused,test-pred-001727,1627334790000,1627334754510,35.49,mobservice2,login_failure,mobservice2,1
gaia-v3-13851,fused,test-pred-001728,1627334850000,1627334818861,31.139,mobservice2,login_failure,mobservice2,1
gaia-v3-13853,fused,test-pred-001729,1627334940000,1627334924028,15.972,mobservice2,login_failure,mobservice1,2
gaia-v3-13855,fused,test-pred-001730,1627335060000,1627335020344,39.656,mobservice2,login_failure,mobservice1,3
gaia-v3-13856,fused,test-pred-001731,1627335420000,1627335382401,37.599,mobservice2,login_failure,mobservice2,1
gaia-v3-13857,fused,test-pred-001732,1627335570000,1627335548807,21.193,mobservice2,login_failure,mobservice2,1
gaia-v3-13859,fused,test-pred-001733,1627335930000,1627335927473,2.527,mobservice2,login_failure,mobservice2,1
gaia-v3-14160,fused,test-pred-001735,1627336950000,1627336921401,28.599,mobservice1,login_failure,logservice1,3
gaia-v3-13863,fused,test-pred-001736,1627337160000,1627337128920,31.08,mobservice2,login_failure,mobservice1,2
gaia-v3-13864,fused,test-pred-001738,1627337520000,1627337481302,38.698,mobservice2,login_failure,logservice1,4
gaia-v3-14162,fused,test-pred-001739,1627337670000,1627337642010,27.99,mobservice1,login_failure,logservice2,4
gaia-v3-14165,fused,test-pred-001741,1627338450000,1627338446276,3.724,mobservice1,login_failure,mobservice1,1
gaia-v3-13869,fused,test-pred-001743,1627338960000,1627338924690,35.31,mobservice2,login_failure,mobservice2,1
gaia-v3-14167,fused,test-pred-001744,1627339110000,1627339086022,23.978,mobservice1,login_failure,mobservice1,1
gaia-v3-13871,fused,test-pred-001745,1627339290000,1627339257652,32.348,mobservice2,login_failure,mobservice2,1
gaia-v3-13873,fused,test-pred-001746,1627339350000,1627339330039,19.961,mobservice2,login_failure,mobservice1,4
gaia-v3-13874,fused,test-pred-001747,1627339590000,1627339563522,26.478,mobservice2,login_failure,logservice1,4
gaia-v3-14169,fused,test-pred-001748,1627339830000,1627339805957,24.043,mobservice1,login_failure,mobservice2,5
gaia-v3-13876,fused,test-pred-001749,1627339890000,1627339875547,14.453,mobservice2,login_failure,logservice2,4
gaia-v3-14170,fused,test-pred-001750,1627340130000,1627340114534,15.466,mobservice1,login_failure,mobservice2,3
gaia-v3-14171,fused,test-pred-001751,1627340280000,1627340254115,25.885,mobservice1,login_failure,mobservice2,3
gaia-v3-13878,fused,test-pred-001752,1627340640000,1627340627912,12.088,mobservice2,login_failure,mobservice1,2
gaia-v3-13879,fused,test-pred-001754,1627341120000,1627341084919,35.081,mobservice2,login_failure,mobservice1,2
gaia-v3-13880,fused,test-pred-001756,1627341660000,1627341647641,12.359,mobservice2,login_failure,mobservice1,2
gaia-v3-13881,fused,test-pred-001758,1627341840000,1627341809962,30.038,mobservice2,login_failure,mobservice1,2
gaia-v3-14177,fused,test-pred-001760,1627341990000,1627341971432,18.568,mobservice1,login_failure,mobservice1,1
gaia-v3-13883,fused,test-pred-001763,1627342710000,1627342684009,25.991,mobservice2,login_failure,mobservice1,3
gaia-v3-13767,fused,test-pred-001764,1627342920000,1627342876732,43.268,webservice2,memory_anomalies,logservice1,9
gaia-v3-13885,fused,test-pred-001765,1627343550000,1627343529649,20.351,mobservice2,login_failure,mobservice1,2
gaia-v3-14182,fused,test-pred-001766,1627343610000,1627343581916,28.084,mobservice1,login_failure,mobservice1,1
gaia-v3-13886,fused,test-pred-001768,1627343970000,1627343932320,37.68,mobservice2,login_failure,mobservice2,1
gaia-v3-13887,fused,test-pred-001769,1627344420000,1627344407880,12.12,mobservice2,login_failure,mobservice2,1
gaia-v3-13888,fused,test-pred-001770,1627344510000,1627344492313,17.687,mobservice2,login_failure,mobservice2,1
gaia-v3-14184,fused,test-pred-001774,1627345200000,1627345197111,2.889,mobservice1,login_failure,mobservice1,1
gaia-v3-13895,fused,test-pred-001777,1627345860000,1627345844673,15.327,mobservice2,login_failure,mobservice2,1
gaia-v3-14189,fused,test-pred-001779,1627346040000,1627346014721,25.279,mobservice1,login_failure,mobservice2,7
gaia-v3-13773,fused,test-pred-001780,1627346130000,1627346078041,51.959,dbservice2,memory_anomalies,mobservice2,8
gaia-v3-13902,fused,test-pred-001781,1627346910000,1627346883544,26.456,mobservice2,login_failure,logservice1,2
gaia-v3-13903,fused,test-pred-001782,1627347240000,1627347205539,34.461,mobservice2,login_failure,mobservice2,1
gaia-v3-13904,fused,test-pred-001783,1627347360000,1627347331420,28.58,mobservice2,login_failure,dbservice2,2
gaia-v3-13906,fused,test-pred-001784,1627347480000,1627347469559,10.441,mobservice2,login_failure,mobservice1,2
gaia-v3-13907,fused,test-pred-001785,1627347600000,1627347583272,16.728,mobservice2,login_failure,mobservice1,4
gaia-v3-13908,fused,test-pred-001787,1627348260000,1627348227800,32.2,mobservice2,login_failure,mobservice2,1
gaia-v3-14197,fused,test-pred-001792,1627349430000,1627349398023,31.977,mobservice1,login_failure,mobservice1,1
gaia-v3-13909,fused,test-pred-001794,1627349760000,1627349722116,37.884,mobservice2,login_failure,mobservice1,3
gaia-v3-13915,fused,test-pred-001796,1627350750000,1627350712235,37.765,mobservice2,login_failure,mobservice2,1
gaia-v3-13916,fused,test-pred-001797,1627350840000,1627350828005,11.995,mobservice2,login_failure,mobservice2,1
gaia-v3-13918,fused,test-pred-001798,1627350930000,1627350925293,4.707,mobservice2,login_failure,mobservice2,1
gaia-v3-14207,fused,test-pred-001802,1627351380000,1627351347124,32.876,mobservice1,login_failure,mobservice1,1
gaia-v3-14209,fused,test-pred-001803,1627351440000,1627351423427,16.573,mobservice1,login_failure,logservice1,6
gaia-v3-14213,fused,test-pred-001805,1627352370000,1627352333611,36.389,mobservice1,login_failure,mobservice1,1
gaia-v3-14384,fused,test-pred-001806,1627352520000,1627352463141,56.859,redisservice1,memory_anomalies,mobservice2,8
gaia-v3-14219,fused,test-pred-001807,1627353150000,1627353120270,29.73,mobservice1,memory_anomalies,mobservice1,1
gaia-v3-13927,fused,test-pred-001809,1627354200000,1627354183676,16.324,mobservice2,login_failure,mobservice1,5
gaia-v3-13928,fused,test-pred-001810,1627354410000,1627354389965,20.035,mobservice2,login_failure,mobservice2,1
gaia-v3-13930,fused,test-pred-001811,1627354590000,1627354584531,5.469,mobservice2,login_failure,mobservice2,1
gaia-v3-13931,fused,test-pred-001812,1627354770000,1627354734259,35.741,mobservice2,login_failure,mobservice2,1
gaia-v3-13933,fused,test-pred-001816,1627355400000,1627355386404,13.596,mobservice2,login_failure,mobservice2,1
gaia-v3-13934,fused,test-pred-001817,1627355580000,1627355539374,40.626,mobservice2,login_failure,mobservice1,3
gaia-v3-13935,fused,test-pred-001818,1627355790000,1627355765298,24.702,mobservice2,login_failure,mobservice2,1
gaia-v3-14225,fused,test-pred-001819,1627355970000,1627355929299,40.701,mobservice1,login_failure,mobservice2,2
gaia-v3-13936,fused,test-pred-001821,1627356510000,1627356469334,40.666,mobservice2,login_failure,mobservice2,1
gaia-v3-13937,fused,test-pred-001822,1627356630000,1627356616072,13.928,mobservice2,login_failure,mobservice2,1
gaia-v3-13938,fused,test-pred-001823,1627356690000,1627356649472,40.528,mobservice2,login_failure,mobservice2,1
gaia-v3-14388,fused,test-pred-001824,1627356780000,1627356766165,13.835,redisservice2,memory_anomalies,mobservice1,6
gaia-v3-13945,fused,test-pred-001830,1627358550000,1627358510110,39.89,mobservice2,login_failure,mobservice2,1
gaia-v3-13946,fused,test-pred-001831,1627358670000,1627358654702,15.298,mobservice2,login_failure,mobservice2,1
gaia-v3-14236,fused,test-pred-001834,1627359090000,1627359078361,11.639,mobservice1,login_failure,mobservice2,2
gaia-v3-13947,fused,test-pred-001835,1627359240000,1627359220589,19.411,mobservice2,login_failure,mobservice2,1
gaia-v3-13949,fused,test-pred-001836,1627359540000,1627359520767,19.233,mobservice2,login_failure,mobservice2,1
gaia-v3-13950,fused,test-pred-001837,1627359630000,1627359600836,29.164,mobservice2,login_failure,logservice2,2
gaia-v3-14241,fused,test-pred-001840,1627360020000,1627359981023,38.977,mobservice1,login_failure,mobservice1,1
gaia-v3-13952,fused,test-pred-001843,1627360440000,1627360419734,20.266,mobservice2,login_failure,mobservice1,3
gaia-v3-13953,fused,test-pred-001844,1627360620000,1627360598472,21.528,mobservice2,login_failure,mobservice2,1
gaia-v3-13954,fused,test-pred-001845,1627360680000,1627360665723,14.277,mobservice2,login_failure,mobservice1,2
gaia-v3-13956,fused,test-pred-001846,1627360830000,1627360805422,24.578,mobservice2,login_failure,mobservice2,1
gaia-v3-13957,fused,test-pred-001847,1627360890000,1627360868131,21.869,mobservice2,login_failure,mobservice1,2
gaia-v3-13961,fused,test-pred-001851,1627361940000,1627361925082,14.918,mobservice2,login_failure,mobservice2,1
gaia-v3-13962,fused,test-pred-001852,1627362060000,1627362019071,40.929,mobservice2,login_failure,mobservice1,3
gaia-v3-14248,fused,test-pred-001853,1627362180000,1627362143860,36.14,mobservice1,login_failure,mobservice2,2
gaia-v3-13963,fused,test-pred-001854,1627362510000,1627362470690,39.31,mobservice2,login_failure,mobservice1,2
gaia-v3-13964,fused,test-pred-001855,1627362720000,1627362705662,14.338,mobservice2,login_failure,mobservice1,4
gaia-v3-13965,fused,test-pred-001857,1627362990000,1627362970934,19.066,mobservice2,login_failure,logservice2,4
gaia-v3-13966,fused,test-pred-001859,1627363260000,1627363230520,29.48,mobservice2,login_failure,mobservice2,1
gaia-v3-13967,fused,test-pred-001860,1627363320000,1627363303106,16.894,mobservice2,login_failure,mobservice1,2
gaia-v3-14255,fused,test-pred-001861,1627363440000,1627363430449,9.551,mobservice1,login_failure,mobservice1,1
gaia-v3-13968,fused,test-pred-001862,1627363680000,1627363654766,25.234,mobservice2,login_failure,mobservice1,2
gaia-v3-13969,fused,test-pred-001864,1627364130000,1627364102114,27.886,mobservice2,login_failure,mobservice1,3
gaia-v3-13970,fused,test-pred-001866,1627364760000,1627364723584,36.416,mobservice2,login_failure,mobservice1,3
gaia-v3-13775,fused,test-pred-001869,1627365240000,1627365187221,52.779,dbservice2,memory_anomalies,mobservice2,6
gaia-v3-13972,fused,test-pred-001871,1627366020000,1627365998386,21.614,mobservice2,login_failure,mobservice2,1
gaia-v3-13974,fused,test-pred-001872,1627366320000,1627366298643,21.357,mobservice2,login_failure,mobservice2,1
gaia-v3-13975,fused,test-pred-001873,1627366380000,1627366350156,29.844,mobservice2,login_failure,mobservice2,1
gaia-v3-13991,fused,test-pred-001895,1627371780000,1627371746901,33.099,mobservice2,login_failure,mobservice2,1
gaia-v3-13992,fused,test-pred-001896,1627371870000,1627371845178,24.822,mobservice2,login_failure,mobservice1,4
gaia-v3-13993,fused,test-pred-001897,1627372080000,1627372067882,12.118,mobservice2,login_failure,mobservice1,2
gaia-v3-14281,fused,test-pred-001898,1627372140000,1627372109019,30.981,mobservice1,login_failure,logservice1,5
gaia-v3-13994,fused,test-pred-001899,1627372350000,1627372316640,33.36,mobservice2,login_failure,mobservice1,5
gaia-v3-14283,fused,test-pred-001901,1627372560000,1627372523014,36.986,mobservice1,login_failure,mobservice2,2
gaia-v3-14284,fused,test-pred-001902,1627372650000,1627372621776,28.224,mobservice1,login_failure,mobservice2,4
gaia-v3-13996,fused,test-pred-001903,1627372740000,1627372720413,19.587,mobservice2,login_failure,mobservice1,5
gaia-v3-14001,fused,test-pred-001905,1627373700000,1627373698013,1.987,mobservice2,login_failure,mobservice2,1
gaia-v3-14002,fused,test-pred-001906,1627373820000,1627373782635,37.365,mobservice2,login_failure,mobservice1,2
gaia-v3-14003,fused,test-pred-001908,1627374000000,1627373962421,37.579,mobservice2,login_failure,mobservice1,4
gaia-v3-14004,fused,test-pred-001911,1627374600000,1627374598953,1.047,mobservice2,login_failure,mobservice2,1
gaia-v3-14294,fused,test-pred-001912,1627374930000,1627374908642,21.358,mobservice1,login_failure,mobservice2,3
gaia-v3-14006,fused,test-pred-001914,1627375290000,1627375273353,16.647,mobservice2,login_failure,mobservice2,1
gaia-v3-14007,fused,test-pred-001918,1627376250000,1627376234565,15.435,mobservice2,login_failure,mobservice2,1
gaia-v3-14008,fused,test-pred-001919,1627376370000,1627376332885,37.115,mobservice2,login_failure,mobservice1,2
gaia-v3-14009,fused,test-pred-001920,1627376820000,1627376782595,37.405,mobservice2,login_failure,mobservice1,3
gaia-v3-14301,fused,test-pred-001922,1627376940000,1627376908927,31.073,mobservice1,login_failure,mobservice2,2
gaia-v3-14011,fused,test-pred-001923,1627377060000,1627377052504,7.496,mobservice2,login_failure,mobservice2,1
gaia-v3-14012,fused,test-pred-001924,1627377330000,1627377301592,28.408,mobservice2,login_failure,mobservice2,1
gaia-v3-14304,fused,test-pred-001926,1627377540000,1627377499496,40.504,mobservice1,login_failure,logservice2,4
gaia-v3-14014,fused,test-pred-001928,1627378020000,1627377999634,20.366,mobservice2,login_failure,mobservice2,1
gaia-v3-14015,fused,test-pred-001931,1627378530000,1627378492552,37.448,mobservice2,login_failure,mobservice1,2
gaia-v3-14016,fused,test-pred-001932,1627378620000,1627378603773,16.227,mobservice2,login_failure,mobservice2,1
gaia-v3-14017,fused,test-pred-001933,1627378770000,1627378754524,15.476,mobservice2,login_failure,mobservice1,4
gaia-v3-14018,fused,test-pred-001934,1627379160000,1627379123077,36.923,mobservice2,login_failure,mobservice1,2
gaia-v3-14310,fused,test-pred-001936,1627379400000,1627379380601,19.399,mobservice1,login_failure,mobservice2,4
gaia-v3-14312,fused,test-pred-001938,1627379670000,1627379658386,11.614,mobservice1,login_failure,mobservice2,2
gaia-v3-14019,fused,test-pred-001939,1627379790000,1627379762253,27.747,mobservice2,login_failure,mobservice1,4
gaia-v3-14020,fused,test-pred-001943,1627380780000,1627380763479,16.521,mobservice2,login_failure,mobservice1,4
gaia-v3-14021,fused,test-pred-001945,1627381020000,1627380997590,22.41,mobservice2,login_failure,mobservice2,1
gaia-v3-14022,fused,test-pred-001946,1627381080000,1627381043128,36.872,mobservice2,login_failure,mobservice1,5
gaia-v3-14318,fused,test-pred-001949,1627382010000,1627381997873,12.127,mobservice1,login_failure,mobservice2,2
gaia-v3-14319,fused,test-pred-001950,1627382070000,1627382041667,28.333,mobservice1,login_failure,logservice1,4
gaia-v3-14026,fused,test-pred-001952,1627382430000,1627382408953,21.047,mobservice2,login_failure,mobservice1,2
gaia-v3-14027,fused,test-pred-001954,1627383210000,1627383198435,11.565,mobservice2,login_failure,mobservice2,1
gaia-v3-14029,fused,test-pred-001955,1627383300000,1627383277866,22.134,mobservice2,login_failure,mobservice1,3
gaia-v3-14323,fused,test-pred-001956,1627383390000,1627383356299,33.701,mobservice1,login_failure,mobservice1,1
gaia-v3-14030,fused,test-pred-001957,1627383690000,1627383669324,20.676,mobservice2,login_failure,mobservice2,1
gaia-v3-14031,fused,test-pred-001958,1627383810000,1627383795331,14.669,mobservice2,login_failure,mobservice2,1
gaia-v3-14032,fused,test-pred-001960,1627384260000,1627384229947,30.053,mobservice2,login_failure,mobservice1,5
gaia-v3-14033,fused,test-pred-001962,1627384530000,1627384504576,25.424,mobservice2,login_failure,mobservice2,1
gaia-v3-14034,fused,test-pred-001963,1627384590000,1627384559256,30.744,mobservice2,login_failure,mobservice1,7
gaia-v3-14327,fused,test-pred-001965,1627384890000,1627384887145,2.855,mobservice1,login_failure,mobservice1,1
gaia-v3-14036,fused,test-pred-001969,1627385610000,1627385595576,14.424,mobservice2,login_failure,mobservice2,1
gaia-v3-14037,fused,test-pred-001970,1627385970000,1627385933469,36.531,mobservice2,login_failure,mobservice2,1
gaia-v3-14038,fused,test-pred-001971,1627386450000,1627386430091,19.909,mobservice2,login_failure,mobservice1,2
gaia-v3-14040,fused,test-pred-001973,1627387320000,1627387284084,35.916,mobservice2,login_failure,mobservice1,4
gaia-v3-14042,fused,test-pred-001975,1627387590000,1627387570684,19.316,mobservice2,login_failure,mobservice1,4
gaia-v3-14333,fused,test-pred-001976,1627387680000,1627387661776,18.224,mobservice1,login_failure,logservice1,3
gaia-v3-14044,fused,test-pred-001977,1627388130000,1627388120946,9.054,mobservice2,login_failure,mobservice2,1
gaia-v3-14045,fused,test-pred-001978,1627388220000,1627388205525,14.475,mobservice2,login_failure,mobservice2,1
gaia-v3-14046,fused,test-pred-001979,1627388280000,1627388248118,31.882,mobservice2,login_failure,mobservice2,1
gaia-v3-14047,fused,test-pred-001980,1627388370000,1627388338422,31.578,mobservice2,login_failure,logservice2,6
gaia-v3-14048,fused,test-pred-001982,1627388880000,1627388859267,20.733,mobservice2,login_failure,mobservice2,1
gaia-v3-14049,fused,test-pred-001985,1627389450000,1627389417080,32.92,mobservice2,login_failure,mobservice1,2
gaia-v3-14338,fused,test-pred-001986,1627389570000,1627389549440,20.56,mobservice1,login_failure,mobservice2,4
gaia-v3-14050,fused,test-pred-001987,1627390020000,1627389985808,34.192,mobservice2,login_failure,mobservice2,1
gaia-v3-14051,fused,test-pred-001988,1627390140000,1627390101364,38.636,mobservice2,login_failure,mobservice1,2
gaia-v3-14341,fused,test-pred-001989,1627390380000,1627390364941,15.059,mobservice1,login_failure,mobservice2,2
gaia-v3-14052,fused,test-pred-001990,1627390500000,1627390477400,22.6,mobservice2,login_failure,mobservice1,2
gaia-v3-14053,fused,test-pred-001991,1627390830000,1627390811995,18.005,mobservice2,login_failure,mobservice2,1
gaia-v3-14054,fused,test-pred-001994,1627391400000,1627391384519,15.481,mobservice2,login_failure,mobservice1,3
gaia-v3-14346,fused,test-pred-001996,1627391760000,1627391742476,17.524,mobservice1,login_failure,mobservice2,4
gaia-v3-14055,fused,test-pred-001998,1627392300000,1627392285178,14.822,mobservice2,login_failure,mobservice1,2
gaia-v3-14056,fused,test-pred-001999,1627392390000,1627392359026,30.974,mobservice2,login_failure,mobservice2,1
gaia-v3-14349,fused,test-pred-002000,1627392660000,1627392645350,14.65,mobservice1,login_failure,mobservice1,1
gaia-v3-14058,fused,test-pred-002001,1627392900000,1627392859419,40.581,mobservice2,login_failure,mobservice2,1
gaia-v3-14059,fused,test-pred-002002,1627392960000,1627392936428,23.572,mobservice2,login_failure,mobservice2,1
gaia-v3-14350,fused,test-pred-002003,1627393110000,1627393076993,33.007,mobservice1,login_failure,mobservice2,2
gaia-v3-14060,fused,test-pred-002004,1627393170000,1627393142667,27.333,mobservice2,login_failure,mobservice1,3
gaia-v3-14351,fused,test-pred-002005,1627393230000,1627393203089,26.911,mobservice1,login_failure,mobservice2,6
gaia-v3-14061,fused,test-pred-002006,1627393380000,1627393342736,37.264,mobservice2,login_failure,mobservice2,1
gaia-v3-14063,fused,test-pred-002008,1627393800000,1627393778352,21.648,mobservice2,login_failure,mobservice1,2
gaia-v3-14355,fused,test-pred-002011,1627394250000,1627394213716,36.284,mobservice1,login_failure,mobservice2,4
gaia-v3-13768,fused,test-pred-002012,1627394580000,1627394527196,52.804,webservice2,memory_anomalies,mobservice1,7
gaia-v3-14065,fused,test-pred-002014,1627395780000,1627395763654,16.346,mobservice2,login_failure,mobservice1,2
gaia-v3-14066,fused,test-pred-002015,1627395930000,1627395911040,18.96,mobservice2,login_failure,mobservice2,1
gaia-v3-14067,fused,test-pred-002016,1627395990000,1627395966506,23.494,mobservice2,login_failure,mobservice2,1
gaia-v3-14362,fused,test-pred-002017,1627396200000,1627396165797,34.203,mobservice1,login_failure,mobservice1,1
gaia-v3-14363,fused,test-pred-002018,1627396260000,1627396223527,36.473,mobservice1,login_failure,mobservice2,2
gaia-v3-14068,fused,test-pred-002019,1627396410000,1627396370786,39.214,mobservice2,login_failure,mobservice1,5
gaia-v3-14073,fused,test-pred-002020,1627397040000,1627397016937,23.063,mobservice2,login_failure,mobservice1,3
gaia-v3-14365,fused,test-pred-002021,1627397460000,1627397433495,26.505,mobservice1,login_failure,mobservice1,1
gaia-v3-14075,fused,test-pred-002023,1627398060000,1627398034294,25.706,mobservice2,login_failure,mobservice1,4
gaia-v3-14077,fused,test-pred-002025,1627398330000,1627398302155,27.845,mobservice2,login_failure,mobservice1,4
gaia-v3-14080,fused,test-pred-002026,1627399080000,1627399055298,24.702,mobservice2,login_failure,mobservice1,4
gaia-v3-14081,fused,test-pred-002027,1627399380000,1627399344474,35.526,mobservice2,login_failure,mobservice1,4
gaia-v3-14082,fused,test-pred-002029,1627399650000,1627399614967,35.033,mobservice2,login_failure,mobservice1,5
gaia-v3-14372,fused,test-pred-002031,1627399830000,1627399795324,34.676,mobservice1,login_failure,mobservice2,4
gaia-v3-14083,fused,test-pred-002032,1627399920000,1627399903614,16.386,mobservice2,login_failure,mobservice1,2
gaia-v3-14084,fused,test-pred-002034,1627400640000,1627400622976,17.024,mobservice2,login_failure,logservice1,4
gaia-v3-14085,fused,test-pred-002035,1627400910000,1627400885428,24.572,mobservice2,login_failure,mobservice2,1
gaia-v3-14086,fused,test-pred-002036,1627401030000,1627401005189,24.811,mobservice2,login_failure,mobservice2,1
gaia-v3-14377,fused,test-pred-002038,1627401450000,1627401415749,34.251,mobservice1,login_failure,mobservice2,2
gaia-v3-14378,fused,test-pred-002039,1627401570000,1627401545803,24.197,mobservice1,login_failure,mobservice1,1
gaia-v3-14725,fused,test-pred-002040,1627401660000,1627401622338,37.662,mobservice1,login_failure,mobservice2,4
gaia-v3-14728,fused,test-pred-002043,1627402110000,1627402089909,20.091,mobservice1,login_failure,mobservice2,2
gaia-v3-14731,fused,test-pred-002045,1627402350000,1627402345409,4.591,mobservice1,login_failure,mobservice1,1
gaia-v3-14431,fused,test-pred-002047,1627402650000,1627402629014,20.986,mobservice2,login_failure,mobservice1,2
gaia-v3-14734,fused,test-pred-002049,1627402830000,1627402795676,34.324,mobservice1,login_failure,mobservice2,2
gaia-v3-14411,fused,test-pred-002050,1627402920000,1627402865360,54.64,webservice2,memory_anomalies,mobservice2,3
gaia-v3-14736,fused,test-pred-002052,1627403580000,1627403556102,23.898,mobservice1,login_failure,mobservice1,1
gaia-v3-14438,fused,test-pred-002057,1627404180000,1627404163285,16.715,mobservice2,login_failure,mobservice2,1
gaia-v3-14439,fused,test-pred-002058,1627404240000,1627404222626,17.374,mobservice2,login_failure,mobservice2,1
gaia-v3-14741,fused,test-pred-002059,1627405260000,1627405224471,35.529,mobservice1,login_failure,mobservice1,1
gaia-v3-14440,fused,test-pred-002060,1627405590000,1627405563053,26.947,mobservice2,login_failure,mobservice1,2
gaia-v3-14743,fused,test-pred-002061,1627405710000,1627405669553,40.447,mobservice1,login_failure,mobservice1,1
gaia-v3-14441,fused,test-pred-002062,1627405830000,1627405818290,11.71,mobservice2,login_failure,mobservice1,2
gaia-v3-14442,fused,test-pred-002063,1627406040000,1627406015131,24.869,mobservice2,login_failure,mobservice1,2
gaia-v3-14746,fused,test-pred-002064,1627406220000,1627406205837,14.163,mobservice1,login_failure,mobservice2,2
gaia-v3-14445,fused,test-pred-002065,1627406340000,1627406308912,31.088,mobservice2,login_failure,mobservice2,1
gaia-v3-14747,fused,test-pred-002066,1627406430000,1627406392265,37.735,mobservice1,login_failure,mobservice2,2
gaia-v3-14753,fused,test-pred-002070,1627407960000,1627407926636,33.364,mobservice1,login_failure,mobservice1,1
gaia-v3-14453,fused,test-pred-002072,1627408380000,1627408349493,30.507,mobservice2,login_failure,mobservice2,1
gaia-v3-14454,fused,test-pred-002073,1627408500000,1627408468615,31.385,mobservice2,login_failure,mobservice1,3
gaia-v3-14455,fused,test-pred-002074,1627408800000,1627408759625,40.375,mobservice2,login_failure,mobservice2,1
gaia-v3-14456,fused,test-pred-002075,1627408980000,1627408956948,23.052,mobservice2,login_failure,mobservice2,1
gaia-v3-14457,fused,test-pred-002077,1627409340000,1627409309932,30.068,mobservice2,login_failure,mobservice1,2
gaia-v3-14757,fused,test-pred-002078,1627409490000,1627409460186,29.814,mobservice1,login_failure,mobservice1,1
gaia-v3-14458,fused,test-pred-002080,1627409760000,1627409728593,31.407,mobservice2,login_failure,mobservice2,1
gaia-v3-14759,fused,test-pred-002081,1627410090000,1627410050116,39.884,mobservice1,login_failure,mobservice1,1
gaia-v3-14459,fused,test-pred-002083,1627410270000,1627410250519,19.481,mobservice2,login_failure,mobservice2,1
gaia-v3-14761,fused,test-pred-002084,1627410360000,1627410335215,24.785,mobservice1,login_failure,mobservice2,2
gaia-v3-14460,fused,test-pred-002085,1627410420000,1627410383561,36.439,mobservice2,login_failure,mobservice2,1
gaia-v3-14461,fused,test-pred-002086,1627410480000,1627410444825,35.175,mobservice2,login_failure,mobservice1,3
gaia-v3-14462,fused,test-pred-002088,1627410750000,1627410719489,30.511,mobservice2,login_failure,mobservice1,2
gaia-v3-14463,fused,test-pred-002089,1627410870000,1627410839907,30.093,mobservice2,login_failure,mobservice1,2
gaia-v3-14465,fused,test-pred-002090,1627411200000,1627411191661,8.339,mobservice2,login_failure,mobservice2,1
gaia-v3-14467,fused,test-pred-002092,1627411590000,1627411572806,17.194,mobservice2,login_failure,mobservice2,1
gaia-v3-14766,fused,test-pred-002093,1627411830000,1627411816036,13.964,mobservice1,login_failure,mobservice2,2
gaia-v3-14469,fused,test-pred-002094,1627411950000,1627411925649,24.351,mobservice2,login_failure,mobservice2,1
gaia-v3-14471,fused,test-pred-002096,1627412580000,1627412556272,23.728,mobservice2,login_failure,mobservice1,2
gaia-v3-14768,fused,test-pred-002097,1627413360000,1627413335104,24.896,mobservice1,login_failure,mobservice1,1
gaia-v3-14769,fused,test-pred-002098,1627413600000,1627413567432,32.568,mobservice1,login_failure,mobservice2,4
gaia-v3-14770,fused,test-pred-002099,1627413900000,1627413886180,13.82,mobservice1,login_failure,mobservice1,1
gaia-v3-14771,fused,test-pred-002100,1627413960000,1627413927497,32.503,mobservice1,login_failure,mobservice2,2
gaia-v3-14772,fused,test-pred-002101,1627414380000,1627414363249,16.751,mobservice1,login_failure,mobservice2,2
gaia-v3-14472,fused,test-pred-002102,1627414470000,1627414457423,12.577,mobservice2,login_failure,mobservice1,2
gaia-v3-15020,fused,test-pred-002103,1627414560000,1627414535821,24.179,logservice2,memory_anomalies,mobservice2,6
gaia-v3-14477,fused,test-pred-002105,1627415730000,1627415708126,21.874,mobservice2,login_failure,mobservice2,1
gaia-v3-14404,fused,test-pred-002107,1627416030000,1627416000208,29.792,dbservice1,access_permission_denied,dbservice1,1
gaia-v3-14795,fused,test-pred-002108,1627419810000,1627419783180,26.82,mobservice1,login_failure,mobservice2,2
gaia-v3-14484,fused,test-pred-002111,1627420440000,1627420411600,28.4,mobservice2,login_failure,mobservice2,1
gaia-v3-14485,fused,test-pred-002112,1627420560000,1627420533995,26.005,mobservice2,login_failure,mobservice1,2
gaia-v3-14486,fused,test-pred-002113,1627420770000,1627420748935,21.065,mobservice2,login_failure,mobservice2,1
gaia-v3-14799,fused,test-pred-002115,1627421040000,1627421004132,35.868,mobservice1,login_failure,mobservice1,1
gaia-v3-14800,fused,test-pred-002116,1627421130000,1627421091227,38.773,mobservice1,login_failure,mobservice1,1
gaia-v3-14801,fused,test-pred-002117,1627421190000,1627421150159,39.841,mobservice1,login_failure,mobservice1,1
gaia-v3-14489,fused,test-pred-002118,1627421520000,1627421503501,16.499,mobservice2,login_failure,mobservice1,2
gaia-v3-14491,fused,test-pred-002120,1627421730000,1627421700422,29.578,mobservice2,login_failure,mobservice1,2
gaia-v3-14492,fused,test-pred-002121,1627421910000,1627421894695,15.305,mobservice2,login_failure,mobservice1,3
gaia-v3-14493,fused,test-pred-002122,1627422090000,1627422062458,27.542,mobservice2,login_failure,mobservice1,2
gaia-v3-14803,fused,test-pred-002123,1627422420000,1627422399685,20.315,mobservice1,login_failure,mobservice2,3
gaia-v3-14804,fused,test-pred-002124,1627422690000,1627422665614,24.386,mobservice1,login_failure,mobservice1,1
gaia-v3-14494,fused,test-pred-002125,1627422750000,1627422727372,22.628,mobservice2,login_failure,mobservice1,2
gaia-v3-14806,fused,test-pred-002126,1627422930000,1627422901221,28.779,mobservice1,login_failure,mobservice2,2
gaia-v3-14496,fused,test-pred-002127,1627422990000,1627422986503,3.497,mobservice2,login_failure,mobservice2,1
gaia-v3-14498,fused,test-pred-002128,1627423170000,1627423143920,26.08,mobservice2,login_failure,mobservice1,3
gaia-v3-14808,fused,test-pred-002129,1627423350000,1627423338527,11.473,mobservice1,login_failure,mobservice2,2
gaia-v3-14499,fused,test-pred-002130,1627423440000,1627423413860,26.14,mobservice2,login_failure,mobservice2,1
gaia-v3-14500,fused,test-pred-002131,1627423500000,1627423463836,36.164,mobservice2,login_failure,mobservice2,1
gaia-v3-14501,fused,test-pred-002132,1627423680000,1627423652122,27.878,mobservice2,login_failure,mobservice1,2
gaia-v3-14503,fused,test-pred-002134,1627424010000,1627423997530,12.47,mobservice2,login_failure,mobservice1,2
gaia-v3-14809,fused,test-pred-002135,1627424400000,1627424360675,39.325,mobservice1,login_failure,mobservice1,1
gaia-v3-14810,fused,test-pred-002136,1627424790000,1627424750595,39.405,mobservice1,login_failure,mobservice1,1
gaia-v3-14505,fused,test-pred-002138,1627425060000,1627425058813,1.187,mobservice2,login_failure,mobservice2,1
gaia-v3-14507,fused,test-pred-002139,1627425270000,1627425256336,13.664,mobservice2,login_failure,mobservice2,1
gaia-v3-14508,fused,test-pred-002140,1627425390000,1627425360821,29.179,mobservice2,login_failure,mobservice1,2
gaia-v3-14509,fused,test-pred-002141,1627425450000,1627425418777,31.223,mobservice2,login_failure,mobservice1,2
gaia-v3-14813,fused,test-pred-002142,1627425540000,1627425511148,28.852,mobservice1,login_failure,mobservice1,1
gaia-v3-14820,fused,test-pred-002145,1627426410000,1627426384747,25.253,mobservice1,login_failure,mobservice2,3
gaia-v3-14513,fused,test-pred-002146,1627426560000,1627426542954,17.046,mobservice2,login_failure,mobservice1,2
gaia-v3-14821,fused,test-pred-002147,1627426680000,1627426662189,17.811,mobservice1,login_failure,mobservice2,2
gaia-v3-14822,fused,test-pred-002148,1627427010000,1627426987328,22.672,mobservice1,login_failure,mobservice1,1
gaia-v3-14514,fused,test-pred-002149,1627427370000,1627427346025,23.975,mobservice2,login_failure,mobservice2,1
gaia-v3-14515,fused,test-pred-002150,1627427490000,1627427473754,16.246,mobservice2,login_failure,mobservice2,1
gaia-v3-14516,fused,test-pred-002151,1627427580000,1627427558013,21.987,mobservice2,login_failure,mobservice1,3
gaia-v3-14517,fused,test-pred-002152,1627427850000,1627427817527,32.473,mobservice2,login_failure,mobservice2,1
gaia-v3-14423,fused,test-pred-002153,1627428120000,1627428107225,12.775,dbservice2,memory_anomalies,mobservice2,3
gaia-v3-14826,fused,test-pred-002155,1627428810000,1627428788337,21.663,mobservice1,login_failure,mobservice2,2
gaia-v3-14827,fused,test-pred-002156,1627429050000,1627429011076,38.924,mobservice1,login_failure,mobservice2,2
gaia-v3-14828,fused,test-pred-002157,1627429110000,1627429086770,23.23,mobservice1,login_failure,mobservice1,1
gaia-v3-14830,fused,test-pred-002158,1627429320000,1627429313851,6.149,mobservice1,login_failure,mobservice2,2
gaia-v3-14520,fused,test-pred-002159,1627429410000,1627429384232,25.768,mobservice2,login_failure,mobservice2,1
gaia-v3-14831,fused,test-pred-002160,1627429500000,1627429467420,32.58,mobservice1,login_failure,mobservice1,1
gaia-v3-14832,fused,test-pred-002161,1627429620000,1627429608085,11.915,mobservice1,login_failure,mobservice2,5
gaia-v3-14521,fused,test-pred-002162,1627429740000,1627429724995,15.005,mobservice2,login_failure,mobservice1,2
gaia-v3-14833,fused,test-pred-002163,1627429920000,1627429905225,14.775,mobservice1,login_failure,mobservice1,1
gaia-v3-14415,fused,test-pred-002164,1627430010000,1627429975036,34.964,webservice2,memory_anomalies,mobservice2,3
gaia-v3-14528,fused,test-pred-002165,1627430940000,1627430923513,16.487,mobservice2,login_failure,mobservice1,2
gaia-v3-14836,fused,test-pred-002166,1627431030000,1627430996483,33.517,mobservice1,login_failure,mobservice1,1
gaia-v3-14838,fused,test-pred-002167,1627431150000,1627431145433,4.567,mobservice1,login_failure,mobservice1,1
gaia-v3-14839,fused,test-pred-002168,1627431240000,1627431222355,17.645,mobservice1,login_failure,mobservice2,2
gaia-v3-14529,fused,test-pred-002169,1627431390000,1627431364431,25.569,mobservice2,login_failure,mobservice2,1
gaia-v3-14530,fused,test-pred-002170,1627431480000,1627431440576,39.424,mobservice2,login_failure,mobservice1,3
gaia-v3-14840,fused,test-pred-002171,1627431630000,1627431597390,32.61,mobservice1,login_failure,mobservice1,1
gaia-v3-14841,fused,test-pred-002172,1627431720000,1627431687087,32.913,mobservice1,login_failure,mobservice1,1
gaia-v3-14842,fused,test-pred-002174,1627431900000,1627431866195,33.805,mobservice1,login_failure,mobservice2,3
gaia-v3-14533,fused,test-pred-002175,1627432020000,1627432016592,3.408,mobservice2,login_failure,mobservice2,1
gaia-v3-14534,fused,test-pred-002176,1627432110000,1627432078690,31.31,mobservice2,login_failure,mobservice1,3
gaia-v3-14843,fused,test-pred-002177,1627432200000,1627432166008,33.992,mobservice1,login_failure,mobservice1,1
gaia-v3-14535,fused,test-pred-002178,1627432350000,1627432322787,27.213,mobservice2,login_failure,mobservice2,1
gaia-v3-14537,fused,test-pred-002179,1627432500000,1627432465716,34.284,mobservice2,login_failure,mobservice2,1
gaia-v3-14538,fused,test-pred-002180,1627432650000,1627432619538,30.462,mobservice2,login_failure,mobservice2,1
gaia-v3-14539,fused,test-pred-002181,1627433340000,1627433302288,37.712,mobservice2,login_failure,mobservice2,1
gaia-v3-14540,fused,test-pred-002182,1627433820000,1627433808149,11.851,mobservice2,login_failure,mobservice2,1
gaia-v3-14542,fused,test-pred-002184,1627434540000,1627434514343,25.657,mobservice2,login_failure,mobservice2,1
gaia-v3-14544,fused,test-pred-002186,1627434780000,1627434755777,24.223,mobservice2,login_failure,mobservice1,2
gaia-v3-14848,fused,test-pred-002188,1627434900000,1627434866071,33.929,mobservice1,login_failure,mobservice1,1
gaia-v3-14545,fused,test-pred-002189,1627435110000,1627435073498,36.502,mobservice2,login_failure,mobservice2,1
gaia-v3-14546,fused,test-pred-002190,1627435170000,1627435153971,16.029,mobservice2,login_failure,mobservice2,1
gaia-v3-14849,fused,test-pred-002191,1627435410000,1627435403221,6.779,mobservice1,login_failure,mobservice1,1
gaia-v3-14550,fused,test-pred-002192,1627436100000,1627436087171,12.829,mobservice2,login_failure,mobservice1,2
gaia-v3-14854,fused,test-pred-002195,1627436790000,1627436752539,37.461,mobservice1,login_failure,mobservice2,2
gaia-v3-14855,fused,test-pred-002196,1627436910000,1627436883165,26.835,mobservice1,login_failure,mobservice1,1
gaia-v3-14859,fused,test-pred-002200,1627437750000,1627437747773,2.227,mobservice1,login_failure,mobservice2,2
gaia-v3-14861,fused,test-pred-002201,1627438050000,1627438012715,37.285,mobservice1,login_failure,mobservice2,2
gaia-v3-14862,fused,test-pred-002202,1627438560000,1627438526519,33.481,mobservice1,login_failure,mobservice2,2
gaia-v3-14556,fused,test-pred-002203,1627438770000,1627438741153,28.847,mobservice2,login_failure,mobservice1,3
gaia-v3-14557,fused,test-pred-002204,1627439040000,1627439024910,15.09,mobservice2,login_failure,mobservice2,1
gaia-v3-14558,fused,test-pred-002205,1627439100000,1627439083674,16.326,mobservice2,login_failure,mobservice2,1
gaia-v3-14559,fused,test-pred-002206,1627439160000,1627439134479,25.521,mobservice2,login_failure,mobservice2,1
gaia-v3-14560,fused,test-pred-002208,1627439880000,1627439841399,38.601,mobservice2,login_failure,mobservice1,2
gaia-v3-14866,fused,test-pred-002209,1627439970000,1627439929415,40.585,mobservice1,login_failure,mobservice1,1
gaia-v3-14867,fused,test-pred-002210,1627440060000,1627440020954,39.046,mobservice1,login_failure,mobservice2,2
gaia-v3-14561,fused,test-pred-002211,1627440210000,1627440178238,31.762,mobservice2,login_failure,mobservice1,2
gaia-v3-14563,fused,test-pred-002214,1627440780000,1627440779141,0.859,mobservice2,login_failure,mobservice2,1
gaia-v3-14564,fused,test-pred-002215,1627440960000,1627440930340,29.66,mobservice2,login_failure,mobservice2,1
gaia-v3-14565,fused,test-pred-002216,1627441140000,1627441107449,32.551,mobservice2,login_failure,mobservice2,1
gaia-v3-14566,fused,test-pred-002219,1627441680000,1627441640460,39.54,mobservice2,login_failure,mobservice1,2
gaia-v3-14873,fused,test-pred-002220,1627441800000,1627441788709,11.291,mobservice1,login_failure,mobservice1,1
gaia-v3-14567,fused,test-pred-002221,1627441980000,1627441958644,21.356,mobservice2,login_failure,mobservice2,1
gaia-v3-14568,fused,test-pred-002222,1627442040000,1627442015312,24.688,mobservice2,login_failure,mobservice1,2
gaia-v3-14875,fused,test-pred-002224,1627442400000,1627442375230,24.77,mobservice1,login_failure,mobservice2,2
gaia-v3-14573,fused,test-pred-002226,1627442610000,1627442553847,56.153,mobservice2,memory_anomalies,mobservice2,1
gaia-v3-14574,fused,test-pred-002227,1627443420000,1627443392293,27.707,mobservice2,login_failure,mobservice1,2
gaia-v3-14575,fused,test-pred-002228,1627443630000,1627443591292,38.708,mobservice2,login_failure,mobservice1,2
gaia-v3-14576,fused,test-pred-002232,1627444110000,1627444097173,12.827,mobservice2,login_failure,mobservice1,2
gaia-v3-14577,fused,test-pred-002233,1627444200000,1627444188513,11.487,mobservice2,login_failure,mobservice2,1
gaia-v3-14578,fused,test-pred-002234,1627444320000,1627444286227,33.773,mobservice2,login_failure,mobservice2,1
gaia-v3-14580,fused,test-pred-002235,1627444440000,1627444426854,13.146,mobservice2,login_failure,mobservice1,2
gaia-v3-14881,fused,test-pred-002236,1627444650000,1627444635837,14.163,mobservice1,login_failure,mobservice2,2
gaia-v3-14581,fused,test-pred-002237,1627444860000,1627444845694,14.306,mobservice2,login_failure,mobservice1,2
gaia-v3-14882,fused,test-pred-002238,1627444920000,1627444878936,41.064,mobservice1,login_failure,mobservice1,1
gaia-v3-14583,fused,test-pred-002240,1627445310000,1627445278602,31.398,mobservice2,login_failure,mobservice2,1
gaia-v3-14584,fused,test-pred-002241,1627445520000,1627445491795,28.205,mobservice2,login_failure,mobservice1,2
gaia-v3-14884,fused,test-pred-002242,1627445580000,1627445549071,30.929,mobservice1,login_failure,mobservice2,2
gaia-v3-14885,fused,test-pred-002243,1627445850000,1627445833306,16.694,mobservice1,login_failure,redisservice1,2
gaia-v3-14886,fused,test-pred-002244,1627446060000,1627446025992,34.008,mobservice1,login_failure,mobservice2,2
gaia-v3-14586,fused,test-pred-002245,1627446150000,1627446122526,27.474,mobservice2,login_failure,mobservice1,2
gaia-v3-14887,fused,test-pred-002246,1627446210000,1627446187649,22.351,mobservice1,login_failure,mobservice2,2
gaia-v3-14587,fused,test-pred-002247,1627446300000,1627446275255,24.745,mobservice2,login_failure,mobservice1,2
gaia-v3-14889,fused,test-pred-002248,1627446570000,1627446529221,40.779,mobservice1,login_failure,mobservice1,1
gaia-v3-14890,fused,test-pred-002249,1627446630000,1627446592654,37.346,mobservice1,login_failure,mobservice1,1
gaia-v3-14406,fused,test-pred-002250,1627446870000,1627446851898,18.102,dbservice1,cpu_anomalies,mobservice1,5
gaia-v3-14589,fused,test-pred-002251,1627447440000,1627447427913,12.087,mobservice2,login_failure,mobservice1,2
gaia-v3-14894,fused,test-pred-002252,1627447830000,1627447813987,16.013,mobservice1,login_failure,mobservice2,5
gaia-v3-14590,fused,test-pred-002253,1627448580000,1627448564704,15.296,mobservice2,login_failure,mobservice2,1
gaia-v3-14897,fused,test-pred-002254,1627448970000,1627448943068,26.932,mobservice1,login_failure,mobservice1,1
gaia-v3-14591,fused,test-pred-002255,1627449210000,1627449178477,31.523,mobservice2,login_failure,mobservice2,1
gaia-v3-14592,fused,test-pred-002256,1627449270000,1627449240257,29.743,mobservice2,login_failure,mobservice2,1
gaia-v3-14593,fused,test-pred-002257,1627449360000,1627449320986,39.014,mobservice2,login_failure,mobservice2,1
gaia-v3-14595,fused,test-pred-002258,1627449420000,1627449415536,4.464,mobservice2,login_failure,mobservice2,1
gaia-v3-14898,fused,test-pred-002259,1627449900000,1627449872035,27.965,mobservice1,login_failure,mobservice1,1
gaia-v3-14899,fused,test-pred-002260,1627450020000,1627450000185,19.815,mobservice1,login_failure,mobservice1,1
gaia-v3-14596,fused,test-pred-002262,1627450290000,1627450264884,25.116,mobservice2,login_failure,mobservice2,1
gaia-v3-14901,fused,test-pred-002263,1627450560000,1627450526813,33.187,mobservice1,login_failure,mobservice2,2
gaia-v3-14597,fused,test-pred-002264,1627450680000,1627450659785,20.215,mobservice2,login_failure,mobservice2,1
gaia-v3-14903,fused,test-pred-002265,1627450860000,1627450821293,38.707,mobservice1,login_failure,mobservice2,2
gaia-v3-14598,fused,test-pred-002266,1627451580000,1627451544440,35.56,mobservice2,login_failure,mobservice2,1
gaia-v3-14599,fused,test-pred-002267,1627451670000,1627451651765,18.235,mobservice2,login_failure,mobservice1,4
gaia-v3-14600,fused,test-pred-002268,1627451970000,1627451936919,33.081,mobservice2,login_failure,mobservice2,1
gaia-v3-14601,fused,test-pred-002269,1627452330000,1627452322308,7.692,mobservice2,login_failure,mobservice2,1
gaia-v3-14905,fused,test-pred-002270,1627452420000,1627452406875,13.125,mobservice1,login_failure,mobservice2,2
gaia-v3-14906,fused,test-pred-002271,1627452540000,1627452524939,15.061,mobservice1,login_failure,mobservice1,1
gaia-v3-14602,fused,test-pred-002272,1627452810000,1627452793618,16.382,mobservice2,login_failure,mobservice2,1
gaia-v3-14603,fused,test-pred-002273,1627453320000,1627453282220,37.78,mobservice2,login_failure,mobservice2,1
gaia-v3-14604,fused,test-pred-002274,1627453440000,1627453399807,40.193,mobservice2,login_failure,mobservice2,1
gaia-v3-14907,fused,test-pred-002275,1627453590000,1627453569715,20.285,mobservice1,login_failure,mobservice2,2
gaia-v3-14909,fused,test-pred-002276,1627453800000,1627453795402,4.598,mobservice1,login_failure,mobservice1,1
gaia-v3-14910,fused,test-pred-002277,1627454160000,1627454122498,37.502,mobservice1,login_failure,mobservice1,1
gaia-v3-14911,fused,test-pred-002278,1627454250000,1627454226911,23.089,mobservice1,login_failure,logservice1,2
gaia-v3-14606,fused,test-pred-002279,1627454520000,1627454486569,33.431,mobservice2,login_failure,mobservice2,1
gaia-v3-14912,fused,test-pred-002280,1627454880000,1627454853146,26.854,mobservice1,login_failure,mobservice2,2
gaia-v3-14608,fused,test-pred-002281,1627454970000,1627454957436,12.564,mobservice2,login_failure,mobservice1,2
gaia-v3-14915,fused,test-pred-002282,1627455180000,1627455153547,26.453,mobservice1,memory_anomalies,mobservice1,1
gaia-v3-14416,fused,test-pred-002283,1627456050000,1627455995696,54.304,webservice2,memory_anomalies,mobservice1,3
gaia-v3-14615,fused,test-pred-002285,1627456830000,1627456813471,16.529,mobservice2,login_failure,mobservice1,4
gaia-v3-14917,fused,test-pred-002286,1627456920000,1627456889748,30.252,mobservice1,login_failure,mobservice1,1
gaia-v3-14918,fused,test-pred-002287,1627457010000,1627456996464,13.536,mobservice1,login_failure,mobservice2,2
gaia-v3-14617,fused,test-pred-002288,1627457100000,1627457068690,31.31,mobservice2,login_failure,mobservice1,3
gaia-v3-14618,fused,test-pred-002289,1627457370000,1627457330211,39.789,mobservice2,login_failure,mobservice1,2
gaia-v3-14619,fused,test-pred-002290,1627457490000,1627457476969,13.031,mobservice2,login_failure,mobservice1,2
gaia-v3-14620,fused,test-pred-002291,1627457700000,1627457683697,16.303,mobservice2,login_failure,mobservice2,1
gaia-v3-14621,fused,test-pred-002292,1627457820000,1627457792562,27.438,mobservice2,login_failure,mobservice1,2
gaia-v3-14622,fused,test-pred-002293,1627457970000,1627457944700,25.3,mobservice2,login_failure,dbservice2,4
gaia-v3-14623,fused,test-pred-002294,1627458270000,1627458242900,27.1,mobservice2,login_failure,mobservice1,2
gaia-v3-14625,fused,test-pred-002295,1627458510000,1627458486083,23.917,mobservice2,login_failure,mobservice2,1
gaia-v3-14921,fused,test-pred-002296,1627458870000,1627458852756,17.244,mobservice1,login_failure,mobservice2,2
gaia-v3-14627,fused,test-pred-002297,1627459020000,1627458988796,31.204,mobservice2,login_failure,mobservice2,1
gaia-v3-14922,fused,test-pred-002298,1627459140000,1627459104133,35.867,mobservice1,login_failure,mobservice2,5
gaia-v3-14417,fused,test-pred-002299,1627459230000,1627459200977,29.023,webservice2,file_moving,webservice2,1
gaia-v3-14924,fused,test-pred-002300,1627459920000,1627459880018,39.982,mobservice1,login_failure,mobservice1,1
gaia-v3-14631,fused,test-pred-002301,1627460130000,1627460106052,23.948,mobservice2,login_failure,mobservice2,1
gaia-v3-14632,fused,test-pred-002302,1627460220000,1627460186048,33.952,mobservice2,login_failure,mobservice1,2
gaia-v3-14634,fused,test-pred-002305,1627461420000,1627461393769,26.231,mobservice2,login_failure,mobservice1,2
gaia-v3-14636,fused,test-pred-002307,1627461660000,1627461642811,17.189,mobservice2,login_failure,mobservice2,1
gaia-v3-14637,fused,test-pred-002309,1627462440000,1627462399134,40.866,mobservice2,login_failure,dbservice1,3
gaia-v3-14930,fused,test-pred-002310,1627462830000,1627462792796,37.204,mobservice1,login_failure,mobservice1,1
gaia-v3-14931,fused,test-pred-002311,1627462890000,1627462874167,15.833,mobservice1,login_failure,mobservice2,2
gaia-v3-14638,fused,test-pred-002312,1627462980000,1627462966881,13.119,mobservice2,login_failure,mobservice2,1
gaia-v3-14639,fused,test-pred-002313,1627463100000,1627463060845,39.155,mobservice2,login_failure,mobservice1,2
gaia-v3-14932,fused,test-pred-002314,1627463280000,1627463245583,34.417,mobservice1,login_failure,mobservice2,2
gaia-v3-14640,fused,test-pred-002315,1627463340000,1627463320709,19.291,mobservice2,login_failure,mobservice1,2
gaia-v3-14641,fused,test-pred-002316,1627463520000,1627463504087,15.913,mobservice2,login_failure,dbservice2,7
gaia-v3-14642,fused,test-pred-002317,1627463820000,1627463804467,15.533,mobservice2,login_failure,mobservice2,1
gaia-v3-14933,fused,test-pred-002318,1627464030000,1627464006716,23.284,mobservice1,login_failure,mobservice1,1
gaia-v3-14935,fused,test-pred-002320,1627464180000,1627464140049,39.951,mobservice1,login_failure,mobservice1,1
gaia-v3-14644,fused,test-pred-002322,1627465170000,1627465131770,38.23,mobservice2,login_failure,mobservice2,1
gaia-v3-14645,fused,test-pred-002323,1627465230000,1627465217147,12.853,mobservice2,login_failure,mobservice2,1
gaia-v3-14646,fused,test-pred-002324,1627465290000,1627465255156,34.844,mobservice2,login_failure,mobservice1,2
gaia-v3-14936,fused,test-pred-002325,1627465500000,1627465475202,24.798,mobservice1,login_failure,mobservice1,1
gaia-v3-14647,fused,test-pred-002326,1627465800000,1627465775895,24.105,mobservice2,login_failure,mobservice2,1
gaia-v3-14648,fused,test-pred-002327,1627465920000,1627465898303,21.697,mobservice2,login_failure,mobservice1,2
gaia-v3-14650,fused,test-pred-002328,1627466040000,1627465999316,40.684,mobservice2,login_failure,mobservice1,2
gaia-v3-14651,fused,test-pred-002329,1627466340000,1627466311191,28.809,mobservice2,login_failure,mobservice2,1
gaia-v3-14652,fused,test-pred-002330,1627466490000,1627466469597,20.403,mobservice2,login_failure,mobservice1,2
gaia-v3-14653,fused,test-pred-002331,1627466760000,1627466731615,28.385,mobservice2,login_failure,mobservice1,2
gaia-v3-14654,fused,test-pred-002332,1627467000000,1627466977570,22.43,mobservice2,login_failure,mobservice1,2
gaia-v3-14657,fused,test-pred-002333,1627467150000,1627467145907,4.093,mobservice2,login_failure,mobservice2,1
gaia-v3-14658,fused,test-pred-002334,1627467360000,1627467327110,32.89,mobservice2,login_failure,mobservice1,2
gaia-v3-14940,fused,test-pred-002335,1627467450000,1627467426278,23.722,mobservice1,login_failure,mobservice2,2
gaia-v3-14659,fused,test-pred-002336,1627467510000,1627467474353,35.647,mobservice2,login_failure,mobservice1,3
gaia-v3-14660,fused,test-pred-002337,1627467720000,1627467680458,39.542,mobservice2,login_failure,mobservice2,1
gaia-v3-14661,fused,test-pred-002338,1627467810000,1627467790178,19.822,mobservice2,login_failure,mobservice2,1
gaia-v3-14941,fused,test-pred-002339,1627468050000,1627468048581,1.419,mobservice1,login_failure,mobservice1,1
gaia-v3-14943,fused,test-pred-002340,1627468410000,1627468382779,27.221,mobservice1,login_failure,mobservice1,1
gaia-v3-14665,fused,test-pred-002342,1627468920000,1627468905651,14.349,mobservice2,login_failure,mobservice1,2
gaia-v3-14666,fused,test-pred-002343,1627469220000,1627469195880,24.12,mobservice2,login_failure,mobservice2,1
gaia-v3-14667,fused,test-pred-002344,1627469340000,1627469326346,13.654,mobservice2,login_failure,mobservice2,1
gaia-v3-14668,fused,test-pred-002345,1627469490000,1627469472243,17.757,mobservice2,login_failure,mobservice1,2
gaia-v3-14945,fused,test-pred-002346,1627469760000,1627469732740,27.26,mobservice1,login_failure,mobservice2,2
gaia-v3-14670,fused,test-pred-002348,1627469970000,1627469950342,19.658,mobservice2,login_failure,mobservice1,2
gaia-v3-14671,fused,test-pred-002349,1627470060000,1627470046673,13.327,mobservice2,login_failure,mobservice1,2
gaia-v3-14672,fused,test-pred-002350,1627470210000,1627470180819,29.181,mobservice2,login_failure,mobservice1,2
gaia-v3-14673,fused,test-pred-002351,1627470480000,1627470458137,21.863,mobservice2,login_failure,mobservice2,1
gaia-v3-14949,fused,test-pred-002352,1627470690000,1627470655979,34.021,mobservice1,login_failure,mobservice1,1
gaia-v3-14950,fused,test-pred-002353,1627470810000,1627470797448,12.552,mobservice1,login_failure,mobservice2,3
gaia-v3-14674,fused,test-pred-002354,1627470870000,1627470840992,29.008,mobservice2,login_failure,mobservice2,1
gaia-v3-14675,fused,test-pred-002355,1627470930000,1627470890674,39.326,mobservice2,login_failure,mobservice1,2
gaia-v3-14951,fused,test-pred-002356,1627471110000,1627471074689,35.311,mobservice1,login_failure,logservice1,3
gaia-v3-14952,fused,test-pred-002357,1627471380000,1627471349933,30.067,mobservice1,login_failure,mobservice2,2
gaia-v3-14953,fused,test-pred-002358,1627471560000,1627471523215,36.785,mobservice1,login_failure,mobservice1,1
gaia-v3-14955,fused,test-pred-002360,1627471680000,1627471639675,40.325,mobservice1,login_failure,mobservice1,1
gaia-v3-14956,fused,test-pred-002361,1627471890000,1627471871751,18.249,mobservice1,login_failure,mobservice2,2
gaia-v3-14957,fused,test-pred-002362,1627472100000,1627472077424,22.576,mobservice1,login_failure,mobservice2,2
gaia-v3-14409,fused,test-pred-002364,1627473030000,1627473021139,8.861,dbservice1,memory_anomalies,mobservice2,4
gaia-v3-14682,fused,test-pred-002366,1627474470000,1627474443262,26.738,mobservice2,login_failure,mobservice2,1
gaia-v3-14684,fused,test-pred-002367,1627474620000,1627474591981,28.019,mobservice2,login_failure,mobservice2,1
gaia-v3-14964,fused,test-pred-002369,1627474890000,1627474874273,15.727,mobservice1,login_failure,mobservice1,1
gaia-v3-14966,fused,test-pred-002370,1627475010000,1627474985965,24.035,mobservice1,login_failure,mobservice2,2
gaia-v3-14967,fused,test-pred-002371,1627475220000,1627475199305,20.695,mobservice1,login_failure,mobservice1,1
gaia-v3-14686,fused,test-pred-002372,1627475490000,1627475464432,25.568,mobservice2,login_failure,mobservice2,1
gaia-v3-15356,fused,test-pred-002428,1627488330000,1627488290728,39.272,mobservice1,login_failure,mobservice1,1
gaia-v3-15357,fused,test-pred-002429,1627488480000,1627488439591,40.409,mobservice1,login_failure,mobservice2,2
gaia-v3-15059,fused,test-pred-002430,1627488570000,1627488542422,27.578,mobservice2,login_failure,mobservice1,5
gaia-v3-15358,fused,test-pred-002431,1627488660000,1627488639801,20.199,mobservice1,login_failure,mobservice1,1
gaia-v3-15359,fused,test-pred-002432,1627488720000,1627488706576,13.424,mobservice1,login_failure,mobservice1,1
gaia-v3-15360,fused,test-pred-002433,1627488780000,1627488764456,15.544,mobservice1,login_failure,mobservice1,1
gaia-v3-15361,fused,test-pred-002434,1627488870000,1627488843541,26.459,mobservice1,login_failure,dbservice2,2
gaia-v3-15061,fused,test-pred-002435,1627489110000,1627489085910,24.09,mobservice2,login_failure,mobservice1,2
gaia-v3-15062,fused,test-pred-002436,1627489500000,1627489467886,32.114,mobservice2,login_failure,mobservice1,2
gaia-v3-15362,fused,test-pred-002437,1627489590000,1627489562165,27.835,mobservice1,login_failure,mobservice2,2
gaia-v3-15063,fused,test-pred-002438,1627489710000,1627489696557,13.443,mobservice2,login_failure,mobservice1,2
gaia-v3-15064,fused,test-pred-002439,1627489920000,1627489896109,23.891,mobservice2,login_failure,mobservice1,2
gaia-v3-15363,fused,test-pred-002440,1627490100000,1627490076375,23.625,mobservice1,login_failure,mobservice2,7
gaia-v3-15364,fused,test-pred-002441,1627490400000,1627490383181,16.819,mobservice1,login_failure,mobservice1,1
gaia-v3-15365,fused,test-pred-002442,1627490580000,1627490571365,8.635,mobservice1,login_failure,mobservice1,1
gaia-v3-15068,fused,test-pred-002443,1627490700000,1627490682599,17.401,mobservice2,login_failure,mobservice1,2
gaia-v3-15069,fused,test-pred-002444,1627490970000,1627490943587,26.413,mobservice2,login_failure,mobservice1,2
gaia-v3-15070,fused,test-pred-002445,1627491180000,1627491163309,16.691,mobservice2,login_failure,mobservice2,1
gaia-v3-15366,fused,test-pred-002446,1627491330000,1627491307531,22.469,mobservice1,login_failure,mobservice1,1
gaia-v3-15368,fused,test-pred-002447,1627491450000,1627491445087,4.913,mobservice1,login_failure,mobservice1,1
gaia-v3-15033,fused,test-pred-002448,1627491630000,1627491600318,29.682,webservice1,file_moving,webservice1,1
gaia-v3-15370,fused,test-pred-002449,1627492350000,1627492326011,23.989,mobservice1,login_failure,mobservice1,1
gaia-v3-15371,fused,test-pred-002450,1627492470000,1627492429640,40.36,mobservice1,login_failure,mobservice1,1
gaia-v3-15373,fused,test-pred-002451,1627492560000,1627492559779,0.221,mobservice1,login_failure,mobservice1,1
gaia-v3-15073,fused,test-pred-002452,1627492650000,1627492637567,12.433,mobservice2,login_failure,mobservice2,1
gaia-v3-15374,fused,test-pred-002453,1627492710000,1627492688620,21.38,mobservice1,login_failure,mobservice1,1
gaia-v3-15075,fused,test-pred-002454,1627492980000,1627492955093,24.907,mobservice2,login_failure,mobservice2,1
gaia-v3-15376,fused,test-pred-002455,1627493490000,1627493476865,13.135,mobservice1,login_failure,mobservice1,1
gaia-v3-15377,fused,test-pred-002456,1627493610000,1627493590336,19.664,mobservice1,login_failure,mobservice2,2
gaia-v3-15079,fused,test-pred-002457,1627493790000,1627493776008,13.992,mobservice2,login_failure,webservice1,2
gaia-v3-15080,fused,test-pred-002458,1627494000000,1627493973795,26.205,mobservice2,login_failure,mobservice1,2
gaia-v3-15381,fused,test-pred-002459,1627494180000,1627494162865,17.135,mobservice1,login_failure,mobservice2,2
gaia-v3-15081,fused,test-pred-002460,1627494600000,1627494585835,14.165,mobservice2,login_failure,mobservice1,2
gaia-v3-15383,fused,test-pred-002461,1627494810000,1627494793698,16.302,mobservice1,login_failure,mobservice2,3
gaia-v3-15082,fused,test-pred-002462,1627494870000,1627494849599,20.401,mobservice2,login_failure,mobservice2,1
gaia-v3-15384,fused,test-pred-002463,1627495050000,1627495024749,25.251,mobservice1,login_failure,mobservice1,1
gaia-v3-15084,fused,test-pred-002464,1627495110000,1627495083067,26.933,mobservice2,login_failure,mobservice1,2
gaia-v3-15085,fused,test-pred-002465,1627495200000,1627495168393,31.607,mobservice2,login_failure,mobservice1,2
gaia-v3-15086,fused,test-pred-002466,1627495440000,1627495435970,4.03,mobservice2,login_failure,mobservice2,1
gaia-v3-15387,fused,test-pred-002467,1627495800000,1627495770681,29.319,mobservice1,login_failure,mobservice2,2
gaia-v3-15388,fused,test-pred-002468,1627496040000,1627496026426,13.574,mobservice1,login_failure,mobservice2,2
gaia-v3-15087,fused,test-pred-002469,1627496130000,1627496089631,40.369,mobservice2,login_failure,mobservice2,1
gaia-v3-15088,fused,test-pred-002470,1627496280000,1627496258249,21.751,mobservice2,login_failure,mobservice2,1
gaia-v3-15089,fused,test-pred-002471,1627496460000,1627496437999,22.001,mobservice2,login_failure,mobservice1,2
gaia-v3-15389,fused,test-pred-002472,1627496520000,1627496497320,22.68,mobservice1,login_failure,mobservice2,2
gaia-v3-15390,fused,test-pred-002473,1627496700000,1627496684193,15.807,mobservice1,login_failure,mobservice2,6
gaia-v3-15391,fused,test-pred-002474,1627497000000,1627496978466,21.534,mobservice1,login_failure,mobservice2,2
gaia-v3-15392,fused,test-pred-002475,1627497180000,1627497142134,37.866,mobservice1,login_failure,mobservice1,1
gaia-v3-15393,fused,test-pred-002476,1627497300000,1627497277410,22.59,mobservice1,login_failure,mobservice1,1
gaia-v3-15090,fused,test-pred-002477,1627497540000,1627497524153,15.847,mobservice2,login_failure,mobservice2,1
gaia-v3-15394,fused,test-pred-002478,1627497630000,1627497611052,18.948,mobservice1,login_failure,mobservice1,1
gaia-v3-15395,fused,test-pred-002479,1627497810000,1627497795375,14.625,mobservice1,login_failure,mobservice2,2
gaia-v3-15396,fused,test-pred-002480,1627497990000,1627497971842,18.158,mobservice1,login_failure,mobservice1,1
gaia-v3-15091,fused,test-pred-002481,1627498140000,1627498107212,32.788,mobservice2,login_failure,mobservice1,2
gaia-v3-15092,fused,test-pred-002482,1627498320000,1627498279664,40.336,mobservice2,login_failure,mobservice2,1
gaia-v3-15095,fused,test-pred-002483,1627498380000,1627498367347,12.653,mobservice2,login_failure,mobservice1,2
gaia-v3-15096,fused,test-pred-002484,1627498560000,1627498547692,12.308,mobservice2,login_failure,mobservice1,2
gaia-v3-15398,fused,test-pred-002485,1627498710000,1627498693127,16.873,mobservice1,login_failure,mobservice2,2
gaia-v3-15097,fused,test-pred-002486,1627498800000,1627498782943,17.057,mobservice2,login_failure,mobservice2,1
gaia-v3-15098,fused,test-pred-002487,1627499040000,1627499001263,38.737,mobservice2,login_failure,mobservice1,2
gaia-v3-15401,fused,test-pred-002488,1627499220000,1627499198285,21.715,mobservice1,login_failure,mobservice1,1
gaia-v3-15402,fused,test-pred-002489,1627499310000,1627499270200,39.8,mobservice1,login_failure,mobservice2,2
gaia-v3-15099,fused,test-pred-002490,1627499490000,1627499468922,21.078,mobservice2,login_failure,mobservice1,2
gaia-v3-15404,fused,test-pred-002491,1627499910000,1627499890615,19.385,mobservice1,login_failure,mobservice2,2
gaia-v3-15406,fused,test-pred-002492,1627500090000,1627500063251,26.749,mobservice1,login_failure,mobservice1,1
gaia-v3-15407,fused,test-pred-002493,1627500300000,1627500269068,30.932,mobservice1,login_failure,mobservice2,2
gaia-v3-15101,fused,test-pred-002494,1627500390000,1627500361241,28.759,mobservice2,login_failure,mobservice2,1
gaia-v3-15408,fused,test-pred-002495,1627500690000,1627500659933,30.067,mobservice1,login_failure,mobservice1,1
gaia-v3-15102,fused,test-pred-002496,1627500960000,1627500919840,40.16,mobservice2,login_failure,mobservice2,1
gaia-v3-15104,fused,test-pred-002497,1627501380000,1627501345896,34.104,mobservice2,login_failure,mobservice1,2
gaia-v3-15412,fused,test-pred-002498,1627501470000,1627501445374,24.626,mobservice1,login_failure,mobservice2,2
gaia-v3-15108,fused,test-pred-002499,1627501530000,1627501523421,6.579,mobservice2,login_failure,mobservice2,1
gaia-v3-15109,fused,test-pred-002500,1627501680000,1627501645804,34.196,mobservice2,login_failure,mobservice2,1
gaia-v3-15110,fused,test-pred-002501,1627501800000,1627501780349,19.651,mobservice2,login_failure,mobservice2,1
gaia-v3-15111,fused,test-pred-002502,1627501860000,1627501840636,19.364,mobservice2,login_failure,mobservice1,2
gaia-v3-15415,fused,test-pred-002503,1627501920000,1627501880421,39.579,mobservice1,login_failure,redisservice2,2
gaia-v3-15113,fused,test-pred-002504,1627502190000,1627502157628,32.372,mobservice2,login_failure,mobservice1,4
gaia-v3-15416,fused,test-pred-002505,1627502280000,1627502249411,30.589,mobservice1,login_failure,mobservice1,1
gaia-v3-15417,fused,test-pred-002506,1627502340000,1627502299786,40.214,mobservice1,login_failure,mobservice1,1
gaia-v3-15037,fused,test-pred-002507,1627502430000,1627502400667,29.333,webservice1,file_moving,webservice1,1
gaia-v3-15424,fused,test-pred-002508,1627503180000,1627503175709,4.291,mobservice1,login_failure,mobservice1,1
gaia-v3-15425,fused,test-pred-002509,1627503300000,1627503273909,26.091,mobservice1,login_failure,mobservice1,1
gaia-v3-15116,fused,test-pred-002510,1627503450000,1627503413961,36.039,mobservice2,login_failure,mobservice2,1
gaia-v3-15119,fused,test-pred-002511,1627503600000,1627503595619,4.381,mobservice2,login_failure,mobservice2,1
gaia-v3-15427,fused,test-pred-002512,1627503810000,1627503791777,18.223,mobservice1,login_failure,mobservice2,2
gaia-v3-15120,fused,test-pred-002513,1627503870000,1627503858100,11.9,mobservice2,login_failure,mobservice1,2
gaia-v3-15428,fused,test-pred-002514,1627503930000,1627503910361,19.639,mobservice1,login_failure,mobservice1,1
gaia-v3-15429,fused,test-pred-002515,1627503990000,1627503976685,13.315,mobservice1,login_failure,mobservice2,3
gaia-v3-15430,fused,test-pred-002516,1627504290000,1627504277104,12.896,mobservice1,login_failure,mobservice2,3
gaia-v3-15431,fused,test-pred-002517,1627504410000,1627504370224,39.776,mobservice1,login_failure,mobservice1,1
gaia-v3-15433,fused,test-pred-002518,1627504560000,1627504522253,37.747,mobservice1,login_failure,mobservice2,3
gaia-v3-15121,fused,test-pred-002519,1627504650000,1627504618081,31.919,mobservice2,login_failure,mobservice2,1
gaia-v3-15122,fused,test-pred-002520,1627504800000,1627504766101,33.899,mobservice2,login_failure,mobservice1,2
gaia-v3-15434,fused,test-pred-002521,1627504860000,1627504842204,17.796,mobservice1,login_failure,mobservice1,1
gaia-v3-15435,fused,test-pred-002522,1627505190000,1627505157365,32.635,mobservice1,login_failure,mobservice2,2
gaia-v3-15123,fused,test-pred-002523,1627505250000,1627505225110,24.89,mobservice2,login_failure,mobservice2,1
gaia-v3-15436,fused,test-pred-002524,1627505700000,1627505660768,39.232,mobservice1,login_failure,mobservice1,1
gaia-v3-15437,fused,test-pred-002525,1627505790000,1627505766698,23.302,mobservice1,login_failure,mobservice2,2
gaia-v3-15438,fused,test-pred-002526,1627506090000,1627506064381,25.619,mobservice1,login_failure,mobservice2,2
gaia-v3-15125,fused,test-pred-002527,1627506420000,1627506417265,2.735,mobservice2,login_failure,mobservice2,1
gaia-v3-15440,fused,test-pred-002528,1627506900000,1627506888779,11.221,mobservice1,login_failure,mobservice1,1
gaia-v3-15441,fused,test-pred-002529,1627507020000,1627506991503,28.497,mobservice1,login_failure,mobservice2,2
gaia-v3-15442,fused,test-pred-002530,1627507110000,1627507092831,17.169,mobservice1,login_failure,mobservice1,1
gaia-v3-15443,fused,test-pred-002531,1627507170000,1627507140036,29.964,mobservice1,login_failure,mobservice1,1
gaia-v3-15444,fused,test-pred-002532,1627507260000,1627507233313,26.687,mobservice1,login_failure,mobservice2,2
gaia-v3-15127,fused,test-pred-002533,1627507320000,1627507292493,27.507,mobservice2,login_failure,mobservice2,1
gaia-v3-15128,fused,test-pred-002534,1627507470000,1627507456172,13.828,mobservice2,login_failure,mobservice1,2
gaia-v3-15129,fused,test-pred-002535,1627507680000,1627507664561,15.439,mobservice2,login_failure,mobservice1,2
gaia-v3-15130,fused,test-pred-002536,1627507920000,1627507900306,19.694,mobservice2,login_failure,mobservice1,2
gaia-v3-15131,fused,test-pred-002537,1627508280000,1627508274127,5.873,mobservice2,login_failure,mobservice2,1
gaia-v3-15132,fused,test-pred-002538,1627508400000,1627508379916,20.084,mobservice2,login_failure,mobservice1,2
gaia-v3-15133,fused,test-pred-002539,1627508490000,1627508478927,11.073,mobservice2,login_failure,mobservice1,2
gaia-v3-15448,fused,test-pred-002540,1627508610000,1627508587469,22.531,mobservice1,login_failure,webservice1,3
gaia-v3-15134,fused,test-pred-002541,1627508700000,1627508673612,26.388,mobservice2,login_failure,mobservice1,2
gaia-v3-15135,fused,test-pred-002542,1627508850000,1627508818267,31.733,mobservice2,login_failure,mobservice2,1
gaia-v3-15449,fused,test-pred-002543,1627509030000,1627509009376,20.624,mobservice1,login_failure,mobservice1,1
gaia-v3-15450,fused,test-pred-002544,1627509090000,1627509063093,26.907,mobservice1,login_failure,mobservice1,1
gaia-v3-15451,fused,test-pred-002545,1627509210000,1627509189367,20.633,mobservice1,login_failure,mobservice2,2
gaia-v3-15136,fused,test-pred-002546,1627509360000,1627509341836,18.164,mobservice2,login_failure,mobservice1,4
gaia-v3-15137,fused,test-pred-002547,1627509660000,1627509636468,23.532,mobservice2,login_failure,mobservice2,1
gaia-v3-15452,fused,test-pred-002548,1627509810000,1627509776827,33.173,mobservice1,login_failure,mobservice2,2
gaia-v3-15454,fused,test-pred-002549,1627509930000,1627509925939,4.061,mobservice1,login_failure,mobservice1,1
gaia-v3-15455,fused,test-pred-002550,1627510080000,1627510048969,31.031,mobservice1,login_failure,mobservice2,2
gaia-v3-15456,fused,test-pred-002551,1627510500000,1627510481151,18.849,mobservice1,login_failure,mobservice1,1
gaia-v3-15141,fused,test-pred-002552,1627510980000,1627510940017,39.983,mobservice2,login_failure,mobservice2,1
gaia-v3-15143,fused,test-pred-002553,1627511070000,1627511053251,16.749,mobservice2,login_failure,mobservice1,2
gaia-v3-15458,fused,test-pred-002554,1627511130000,1627511107288,22.712,mobservice1,login_failure,mobservice1,1
gaia-v3-15144,fused,test-pred-002555,1627511250000,1627511209026,40.974,mobservice2,login_failure,mobservice1,2
gaia-v3-15460,fused,test-pred-002556,1627511310000,1627511279557,30.443,mobservice1,login_failure,mobservice1,1
gaia-v3-15461,fused,test-pred-002557,1627511370000,1627511344729,25.271,mobservice1,login_failure,mobservice2,2
gaia-v3-15463,fused,test-pred-002558,1627512420000,1627512417723,2.277,mobservice1,login_failure,mobservice1,1
gaia-v3-15145,fused,test-pred-002559,1627512720000,1627512700273,19.727,mobservice2,login_failure,mobservice1,2
gaia-v3-15468,fused,test-pred-002560,1627513260000,1627513243005,16.995,mobservice1,login_failure,mobservice2,2
gaia-v3-15469,fused,test-pred-002561,1627513830000,1627513789296,40.704,mobservice1,login_failure,mobservice1,1
gaia-v3-15470,fused,test-pred-002562,1627513890000,1627513859841,30.159,mobservice1,login_failure,mobservice2,2
gaia-v3-15472,fused,test-pred-002563,1627514220000,1627514186009,33.991,mobservice1,login_failure,mobservice2,2
gaia-v3-15473,fused,test-pred-002564,1627514310000,1627514269190,40.81,mobservice1,login_failure,mobservice2,2
gaia-v3-15147,fused,test-pred-002565,1627514400000,1627514365087,34.913,mobservice2,login_failure,mobservice1,2
gaia-v3-15475,fused,test-pred-002566,1627514520000,1627514485093,34.907,mobservice1,login_failure,mobservice2,2
gaia-v3-15148,fused,test-pred-002567,1627514670000,1627514638136,31.864,mobservice2,login_failure,mobservice2,1
gaia-v3-15151,fused,test-pred-002568,1627514970000,1627514934965,35.035,mobservice2,login_failure,mobservice2,1
gaia-v3-15476,fused,test-pred-002569,1627515180000,1627515148076,31.924,mobservice1,login_failure,mobservice1,1
gaia-v3-15152,fused,test-pred-002570,1627515270000,1627515262280,7.72,mobservice2,login_failure,mobservice2,1
gaia-v3-15156,fused,test-pred-002571,1627515480000,1627515444156,35.844,mobservice2,login_failure,mobservice1,2
gaia-v3-15478,fused,test-pred-002572,1627515570000,1627515534093,35.907,mobservice1,login_failure,mobservice2,2
gaia-v3-15479,fused,test-pred-002573,1627515870000,1627515835369,34.631,mobservice1,login_failure,mobservice2,2
gaia-v3-15157,fused,test-pred-002574,1627515990000,1627515964216,25.784,mobservice2,login_failure,mobservice1,2
gaia-v3-15043,fused,test-pred-002575,1627516140000,1627516106617,33.383,dbservice2,memory_anomalies,mobservice2,10
gaia-v3-15158,fused,test-pred-002576,1627516200000,1627516181627,18.373,mobservice2,login_failure,mobservice1,2
gaia-v3-15482,fused,test-pred-002577,1627516260000,1627516220865,39.135,mobservice1,login_failure,mobservice2,2
gaia-v3-15159,fused,test-pred-002578,1627516410000,1627516377032,32.968,mobservice2,login_failure,mobservice1,2
gaia-v3-15161,fused,test-pred-002579,1627516590000,1627516575934,14.066,mobservice2,login_failure,mobservice2,1
gaia-v3-15162,fused,test-pred-002580,1627517070000,1627517058367,11.633,mobservice2,login_failure,mobservice1,2
gaia-v3-15484,fused,test-pred-002581,1627517190000,1627517152571,37.429,mobservice1,login_failure,mobservice2,2
gaia-v3-15163,fused,test-pred-002582,1627517280000,1627517264799,15.201,mobservice2,login_failure,mobservice1,2
gaia-v3-15485,fused,test-pred-002583,1627517370000,1627517332501,37.499,mobservice1,login_failure,mobservice1,1
gaia-v3-15486,fused,test-pred-002584,1627517430000,1627517403421,26.579,mobservice1,login_failure,mobservice1,1
gaia-v3-15487,fused,test-pred-002585,1627517790000,1627517756191,33.809,mobservice1,login_failure,mobservice1,1
gaia-v3-15488,fused,test-pred-002586,1627517880000,1627517839013,40.987,mobservice1,login_failure,mobservice2,2
gaia-v3-15166,fused,test-pred-002587,1627518090000,1627518073739,16.261,mobservice2,login_failure,mobservice1,2
gaia-v3-15167,fused,test-pred-002588,1627518180000,1627518147452,32.548,mobservice2,login_failure,mobservice2,1
gaia-v3-15168,fused,test-pred-002589,1627518330000,1627518307779,22.221,mobservice2,login_failure,mobservice2,1
gaia-v3-15169,fused,test-pred-002590,1627518390000,1627518361822,28.178,mobservice2,login_failure,mobservice2,1
gaia-v3-15489,fused,test-pred-002591,1627518570000,1627518557248,12.752,mobservice1,login_failure,mobservice1,1
gaia-v3-15490,fused,test-pred-002592,1627518660000,1627518632447,27.553,mobservice1,login_failure,mobservice1,1
gaia-v3-15491,fused,test-pred-002593,1627518720000,1627518683066,36.934,mobservice1,login_failure,mobservice2,3
gaia-v3-15492,fused,test-pred-002594,1627519260000,1627519244640,15.36,mobservice1,login_failure,mobservice2,2
gaia-v3-15172,fused,test-pred-002595,1627519410000,1627519405381,4.619,mobservice2,login_failure,mobservice2,1
gaia-v3-15173,fused,test-pred-002596,1627519920000,1627519894856,25.144,mobservice2,login_failure,mobservice1,2
gaia-v3-15494,fused,test-pred-002597,1627520100000,1627520062567,37.433,mobservice1,login_failure,mobservice2,2
gaia-v3-15174,fused,test-pred-002598,1627520160000,1627520128334,31.666,mobservice2,login_failure,mobservice1,2
gaia-v3-15175,fused,test-pred-002599,1627520400000,1627520372593,27.407,mobservice2,login_failure,mobservice2,1
gaia-v3-15495,fused,test-pred-002600,1627520640000,1627520607256,32.744,mobservice1,login_failure,mobservice2,2
gaia-v3-15176,fused,test-pred-002601,1627520910000,1627520890576,19.424,mobservice2,login_failure,mobservice1,5
gaia-v3-15498,fused,test-pred-002602,1627521030000,1627520998657,31.343,mobservice1,login_failure,mobservice1,1
gaia-v3-15177,fused,test-pred-002603,1627521210000,1627521195967,14.033,mobservice2,login_failure,mobservice2,1
gaia-v3-15178,fused,test-pred-002604,1627521270000,1627521247114,22.886,mobservice2,login_failure,mobservice1,2
gaia-v3-15499,fused,test-pred-002605,1627521630000,1627521613539,16.461,mobservice1,login_failure,mobservice1,1
gaia-v3-15500,fused,test-pred-002606,1627521750000,1627521713980,36.02,mobservice1,login_failure,mobservice2,2
gaia-v3-15179,fused,test-pred-002607,1627522080000,1627522051905,28.095,mobservice2,login_failure,logservice2,4
gaia-v3-15180,fused,test-pred-002608,1627522680000,1627522656637,23.363,mobservice2,login_failure,mobservice2,1
gaia-v3-15501,fused,test-pred-002609,1627523070000,1627523058575,11.425,mobservice1,login_failure,mobservice2,2
gaia-v3-15181,fused,test-pred-002610,1627523310000,1627523284697,25.303,mobservice2,login_failure,mobservice1,2
gaia-v3-15182,fused,test-pred-002611,1627523760000,1627523722826,37.174,mobservice2,login_failure,mobservice2,1
gaia-v3-15183,fused,test-pred-002612,1627523880000,1627523848118,31.882,mobservice2,login_failure,mobservice1,2
gaia-v3-15504,fused,test-pred-002613,1627523940000,1627523926676,13.324,mobservice1,login_failure,mobservice1,1
gaia-v3-15184,fused,test-pred-002614,1627524480000,1627524468190,11.81,mobservice2,login_failure,mobservice1,7
gaia-v3-15506,fused,test-pred-002615,1627524600000,1627524572457,27.543,mobservice1,login_failure,mobservice1,1
gaia-v3-15185,fused,test-pred-002616,1627524780000,1627524744492,35.508,mobservice2,login_failure,mobservice2,1
gaia-v3-15191,fused,test-pred-002617,1627524900000,1627524899202,0.798,mobservice2,memory_anomalies,mobservice2,1
gaia-v3-15187,fused,test-pred-002618,1627524990000,1627524961333,28.667,mobservice2,login_failure,mobservice2,1
gaia-v3-15190,fused,test-pred-002619,1627525410000,1627525406283,3.717,mobservice2,login_failure,mobservice2,1
gaia-v3-15507,fused,test-pred-002620,1627525530000,1627525505728,24.272,mobservice1,login_failure,mobservice1,1
gaia-v3-15509,fused,test-pred-002621,1627525620000,1627525592161,27.839,mobservice1,login_failure,mobservice1,1
gaia-v3-15193,fused,test-pred-002622,1627525830000,1627525801850,28.15,mobservice2,login_failure,mobservice2,1
gaia-v3-15194,fused,test-pred-002623,1627525950000,1627525925489,24.511,mobservice2,login_failure,mobservice2,1
gaia-v3-15195,fused,test-pred-002624,1627526010000,1627525995721,14.279,mobservice2,login_failure,mobservice2,1
gaia-v3-15196,fused,test-pred-002625,1627526100000,1627526080969,19.031,mobservice2,login_failure,mobservice2,1
gaia-v3-15197,fused,test-pred-002626,1627526580000,1627526567817,12.183,mobservice2,login_failure,mobservice1,2
gaia-v3-15198,fused,test-pred-002627,1627526700000,1627526665065,34.935,mobservice2,login_failure,mobservice1,2
gaia-v3-15511,fused,test-pred-002628,1627526790000,1627526778293,11.707,mobservice1,login_failure,mobservice2,2
gaia-v3-15512,fused,test-pred-002629,1627526970000,1627526930559,39.441,mobservice1,login_failure,mobservice1,1
gaia-v3-15513,fused,test-pred-002630,1627527060000,1627527037615,22.385,mobservice1,login_failure,mobservice2,2
gaia-v3-15199,fused,test-pred-002631,1627527150000,1627527121016,28.984,mobservice2,login_failure,mobservice2,1
gaia-v3-15200,fused,test-pred-002632,1627527570000,1627527556541,13.459,mobservice2,login_failure,mobservice1,2
gaia-v3-15201,fused,test-pred-002633,1627528650000,1627528634971,15.029,mobservice2,login_failure,mobservice2,1
gaia-v3-15202,fused,test-pred-002634,1627528800000,1627528768566,31.434,mobservice2,login_failure,logservice1,3
gaia-v3-15203,fused,test-pred-002635,1627528920000,1627528888217,31.783,mobservice2,login_failure,mobservice1,2
gaia-v3-15204,fused,test-pred-002636,1627529100000,1627529084951,15.049,mobservice2,login_failure,mobservice2,1
gaia-v3-15514,fused,test-pred-002637,1627529370000,1627529333284,36.716,mobservice1,login_failure,mobservice2,2
gaia-v3-15205,fused,test-pred-002638,1627529460000,1627529420432,39.568,mobservice2,login_failure,mobservice1,2
gaia-v3-15206,fused,test-pred-002639,1627530120000,1627530103263,16.737,mobservice2,login_failure,mobservice1,2
gaia-v3-15517,fused,test-pred-002640,1627530210000,1627530188407,21.593,mobservice1,login_failure,mobservice2,2
gaia-v3-15519,fused,test-pred-002641,1627530330000,1627530321616,8.384,mobservice1,login_failure,mobservice1,1
gaia-v3-15520,fused,test-pred-002642,1627530510000,1627530496563,13.437,mobservice1,login_failure,mobservice2,2
gaia-v3-15207,fused,test-pred-002643,1627530630000,1627530613445,16.555,mobservice2,login_failure,mobservice1,2
gaia-v3-15521,fused,test-pred-002644,1627530750000,1627530735238,14.762,mobservice1,login_failure,mobservice2,4
gaia-v3-15208,fused,test-pred-002645,1627530840000,1627530824057,15.943,mobservice2,login_failure,mobservice2,1
gaia-v3-15209,fused,test-pred-002646,1627530930000,1627530894236,35.764,mobservice2,login_failure,mobservice1,2
gaia-v3-15522,fused,test-pred-002647,1627531020000,1627531005121,14.879,mobservice1,login_failure,mobservice2,2
gaia-v3-15523,fused,test-pred-002648,1627531170000,1627531159287,10.713,mobservice1,login_failure,mobservice1,1
gaia-v3-15525,fused,test-pred-002649,1627531440000,1627531419703,20.297,mobservice1,login_failure,mobservice2,2
gaia-v3-15211,fused,test-pred-002650,1627531500000,1627531469870,30.13,mobservice2,login_failure,mobservice2,1
gaia-v3-15212,fused,test-pred-002651,1627531590000,1627531561888,28.112,mobservice2,login_failure,mobservice1,2
gaia-v3-15213,fused,test-pred-002652,1627531710000,1627531687655,22.345,mobservice2,login_failure,mobservice2,1
gaia-v3-15214,fused,test-pred-002653,1627531830000,1627531792402,37.598,mobservice2,login_failure,mobservice1,2
gaia-v3-15526,fused,test-pred-002654,1627532190000,1627532153330,36.67,mobservice1,login_failure,mobservice2,2
gaia-v3-15215,fused,test-pred-002655,1627532250000,1627532233737,16.263,mobservice2,login_failure,mobservice1,2
gaia-v3-15529,fused,test-pred-002656,1627532430000,1627532416690,13.31,mobservice1,login_failure,mobservice1,1
gaia-v3-15216,fused,test-pred-002657,1627532700000,1627532684247,15.753,mobservice2,login_failure,mobservice2,1
gaia-v3-15217,fused,test-pred-002658,1627532820000,1627532797652,22.348,mobservice2,login_failure,mobservice2,1
gaia-v3-15218,fused,test-pred-002659,1627532880000,1627532841147,38.853,mobservice2,login_failure,mobservice1,2
gaia-v3-15530,fused,test-pred-002660,1627533000000,1627532985154,14.846,mobservice1,login_failure,mobservice1,1
gaia-v3-15531,fused,test-pred-002661,1627533120000,1627533107166,12.834,mobservice1,login_failure,mobservice2,2
gaia-v3-15532,fused,test-pred-002662,1627533240000,1627533214751,25.249,mobservice1,login_failure,mobservice2,2
gaia-v3-15220,fused,test-pred-002663,1627533300000,1627533299177,0.823,mobservice2,login_failure,mobservice1,2
gaia-v3-15221,fused,test-pred-002664,1627533420000,1627533405838,14.162,mobservice2,login_failure,mobservice1,2
gaia-v3-15222,fused,test-pred-002665,1627533600000,1627533564931,35.069,mobservice2,login_failure,mobservice2,1
gaia-v3-15223,fused,test-pred-002666,1627533660000,1627533632801,27.199,mobservice2,login_failure,mobservice2,1
gaia-v3-15224,fused,test-pred-002667,1627533780000,1627533773366,6.634,mobservice2,login_failure,mobservice1,2
gaia-v3-15539,fused,test-pred-002668,1627533930000,1627533929689,0.311,mobservice1,login_failure,mobservice2,2
gaia-v3-15225,fused,test-pred-002669,1627534020000,1627533996436,23.564,mobservice2,login_failure,mobservice2,1
gaia-v3-15226,fused,test-pred-002670,1627534170000,1627534153273,16.727,mobservice2,login_failure,mobservice1,2
gaia-v3-15540,fused,test-pred-002671,1627534230000,1627534193455,36.545,mobservice1,login_failure,mobservice2,2
gaia-v3-15227,fused,test-pred-002672,1627534350000,1627534322464,27.536,mobservice2,login_failure,mobservice1,2
gaia-v3-15228,fused,test-pred-002673,1627534680000,1627534657558,22.442,mobservice2,login_failure,webservice2,2
gaia-v3-15229,fused,test-pred-002674,1627535100000,1627535074205,25.795,mobservice2,login_failure,mobservice1,2
gaia-v3-15541,fused,test-pred-002675,1627535220000,1627535199750,20.25,mobservice1,login_failure,mobservice1,1
gaia-v3-15543,fused,test-pred-002676,1627535430000,1627535398513,31.487,mobservice1,login_failure,mobservice2,2
gaia-v3-15544,fused,test-pred-002677,1627535580000,1627535557449,22.551,mobservice1,login_failure,mobservice1,1
gaia-v3-15231,fused,test-pred-002678,1627535820000,1627535790957,29.043,mobservice2,login_failure,mobservice1,2
gaia-v3-15232,fused,test-pred-002679,1627536000000,1627535980648,19.352,mobservice2,login_failure,mobservice1,2
gaia-v3-15545,fused,test-pred-002680,1627536210000,1627536175511,34.489,mobservice1,login_failure,mobservice1,1
gaia-v3-15233,fused,test-pred-002681,1627536330000,1627536295065,34.935,mobservice2,login_failure,mobservice2,1
gaia-v3-15234,fused,test-pred-002682,1627536450000,1627536431875,18.125,mobservice2,login_failure,mobservice2,1
gaia-v3-15546,fused,test-pred-002683,1627536660000,1627536648420,11.58,mobservice1,login_failure,mobservice2,2
gaia-v3-15547,fused,test-pred-002684,1627536780000,1627536743279,36.721,mobservice1,login_failure,mobservice1,1
gaia-v3-15548,fused,test-pred-002685,1627536930000,1627536896132,33.868,mobservice1,login_failure,mobservice1,1
gaia-v3-15550,fused,test-pred-002686,1627537020000,1627536988909,31.091,mobservice1,login_failure,mobservice2,2
gaia-v3-15551,fused,test-pred-002687,1627537410000,1627537383098,26.902,mobservice1,login_failure,mobservice2,2
gaia-v3-15235,fused,test-pred-002688,1627537500000,1627537485112,14.888,mobservice2,login_failure,mobservice2,1
gaia-v3-15236,fused,test-pred-002689,1627537560000,1627537526898,33.102,mobservice2,login_failure,mobservice1,2
gaia-v3-15553,fused,test-pred-002690,1627537680000,1627537663491,16.509,mobservice1,login_failure,mobservice1,1
gaia-v3-15554,fused,test-pred-002691,1627538130000,1627538113927,16.073,mobservice1,login_failure,mobservice1,1
gaia-v3-15555,fused,test-pred-002692,1627538190000,1627538173327,16.673,mobservice1,login_failure,mobservice1,1
gaia-v3-15557,fused,test-pred-002693,1627538250000,1627538227552,22.448,mobservice1,login_failure,mobservice1,1
gaia-v3-15558,fused,test-pred-002694,1627538310000,1627538286194,23.806,mobservice1,login_failure,mobservice2,5
gaia-v3-15237,fused,test-pred-002695,1627538760000,1627538719541,40.459,mobservice2,login_failure,mobservice2,1
gaia-v3-15559,fused,test-pred-002696,1627538820000,1627538803841,16.159,mobservice1,login_failure,mobservice1,1
gaia-v3-15560,fused,test-pred-002697,1627539030000,1627539007727,22.273,mobservice1,login_failure,mobservice2,2
gaia-v3-15239,fused,test-pred-002698,1627539090000,1627539053385,36.615,mobservice2,login_failure,mobservice2,1
gaia-v3-15561,fused,test-pred-002699,1627539360000,1627539343688,16.312,mobservice1,login_failure,mobservice2,2
gaia-v3-15562,fused,test-pred-002700,1627539660000,1627539621616,38.384,mobservice1,login_failure,mobservice1,1
gaia-v3-15563,fused,test-pred-002701,1627539750000,1627539733649,16.351,mobservice1,login_failure,mobservice2,2
gaia-v3-15241,fused,test-pred-002702,1627539870000,1627539859784,10.216,mobservice2,login_failure,mobservice2,1
gaia-v3-15564,fused,test-pred-002703,1627539960000,1627539923639,36.361,mobservice1,login_failure,mobservice2,2
gaia-v3-15242,fused,test-pred-002704,1627540020000,1627539996381,23.619,mobservice2,login_failure,mobservice2,1
gaia-v3-15565,fused,test-pred-002705,1627540470000,1627540432115,37.885,mobservice1,login_failure,mobservice1,1
gaia-v3-15566,fused,test-pred-002706,1627540860000,1627540843846,16.154,mobservice1,login_failure,mobservice2,2
gaia-v3-15567,fused,test-pred-002707,1627541010000,1627540996409,13.591,mobservice1,login_failure,mobservice1,1
gaia-v3-15244,fused,test-pred-002708,1627541280000,1627541261457,18.543,mobservice2,login_failure,mobservice2,1
gaia-v3-15571,fused,test-pred-002709,1627541580000,1627541555032,24.968,mobservice1,login_failure,mobservice1,1
gaia-v3-15245,fused,test-pred-002710,1627541670000,1627541649070,20.93,mobservice2,login_failure,mobservice1,2
gaia-v3-15246,fused,test-pred-002711,1627541760000,1627541742960,17.04,mobservice2,login_failure,mobservice2,1
gaia-v3-15247,fused,test-pred-002712,1627541820000,1627541783600,36.4,mobservice2,login_failure,mobservice1,3
gaia-v3-15574,fused,test-pred-002713,1627542000000,1627541965729,34.271,mobservice1,login_failure,mobservice2,2
gaia-v3-15248,fused,test-pred-002714,1627542060000,1627542029960,30.04,mobservice2,login_failure,mobservice2,1
gaia-v3-15249,fused,test-pred-002715,1627542120000,1627542083214,36.786,mobservice2,login_failure,mobservice1,2
gaia-v3-15250,fused,test-pred-002716,1627542450000,1627542412409,37.591,mobservice2,login_failure,mobservice1,2
gaia-v3-15251,fused,test-pred-002717,1627542510000,1627542493062,16.938,mobservice2,login_failure,mobservice1,2
gaia-v3-15252,fused,test-pred-002718,1627542660000,1627542627180,32.82,mobservice2,login_failure,mobservice1,2
gaia-v3-15577,fused,test-pred-002719,1627543110000,1627543073060,36.94,mobservice1,login_failure,mobservice2,2
gaia-v3-15253,fused,test-pred-002720,1627543350000,1627543311630,38.37,mobservice2,login_failure,mobservice1,2
gaia-v3-15578,fused,test-pred-002721,1627543410000,1627543370031,39.969,mobservice1,login_failure,mobservice2,2
gaia-v3-15254,fused,test-pred-002722,1627543470000,1627543453719,16.281,mobservice2,login_failure,mobservice2,1
gaia-v3-15255,fused,test-pred-002723,1627543560000,1627543544187,15.813,mobservice2,login_failure,mobservice1,2
gaia-v3-15256,fused,test-pred-002724,1627543710000,1627543697311,12.689,mobservice2,login_failure,mobservice1,4
gaia-v3-15257,fused,test-pred-002725,1627544010000,1627543987997,22.003,mobservice2,login_failure,mobservice2,1
gaia-v3-15579,fused,test-pred-002726,1627544220000,1627544200845,19.155,mobservice1,login_failure,mobservice1,1
gaia-v3-15580,fused,test-pred-002727,1627544400000,1627544386417,13.583,mobservice1,login_failure,mobservice2,2
gaia-v3-15258,fused,test-pred-002728,1627544550000,1627544524988,25.012,mobservice2,login_failure,mobservice2,1
gaia-v3-15259,fused,test-pred-002729,1627544910000,1627544868985,41.015,mobservice2,login_failure,mobservice1,2
gaia-v3-15581,fused,test-pred-002730,1627544970000,1627544952360,17.64,mobservice1,login_failure,mobservice1,1
gaia-v3-15582,fused,test-pred-002731,1627545510000,1627545494973,15.027,mobservice1,login_failure,mobservice1,1
gaia-v3-15050,fused,test-pred-002732,1627545630000,1627545600589,29.411,webservice2,file_moving,mobservice2,2
gaia-v3-15583,fused,test-pred-002733,1627546500000,1627546463710,36.29,mobservice1,login_failure,mobservice2,2
gaia-v3-15584,fused,test-pred-002734,1627546740000,1627546724955,15.045,mobservice1,login_failure,mobservice2,2
gaia-v3-15585,fused,test-pred-002735,1627546980000,1627546957771,22.229,mobservice1,login_failure,mobservice2,2
gaia-v3-15586,fused,test-pred-002736,1627547160000,1627547133297,26.703,mobservice1,login_failure,mobservice2,2
gaia-v3-15260,fused,test-pred-002737,1627547550000,1627547523957,26.043,mobservice2,login_failure,mobservice2,1
gaia-v3-15262,fused,test-pred-002738,1627547640000,1627547608799,31.201,mobservice2,login_failure,mobservice2,1
gaia-v3-15587,fused,test-pred-002739,1627547910000,1627547884595,25.405,mobservice1,login_failure,mobservice2,2
gaia-v3-15264,fused,test-pred-002740,1627548030000,1627547989337,40.663,mobservice2,login_failure,mobservice2,1
gaia-v3-15588,fused,test-pred-002741,1627548300000,1627548272181,27.819,mobservice1,login_failure,mobservice1,1
gaia-v3-15589,fused,test-pred-002742,1627548360000,1627548338545,21.455,mobservice1,login_failure,logservice1,4
gaia-v3-15265,fused,test-pred-002743,1627548510000,1627548473182,36.818,mobservice2,login_failure,mobservice2,1
gaia-v3-15267,fused,test-pred-002744,1627548630000,1627548603531,26.469,mobservice2,login_failure,mobservice1,2
gaia-v3-15590,fused,test-pred-002745,1627548870000,1627548843415,26.585,mobservice1,login_failure,mobservice2,2
gaia-v3-15591,fused,test-pred-002746,1627549020000,1627548995925,24.075,mobservice1,login_failure,mobservice1,1
gaia-v3-15270,fused,test-pred-002747,1627549260000,1627549238963,21.037,mobservice2,login_failure,mobservice1,2
gaia-v3-15271,fused,test-pred-002748,1627549590000,1627549568065,21.935,mobservice2,login_failure,mobservice1,2
gaia-v3-15594,fused,test-pred-002749,1627549680000,1627549670449,9.551,mobservice1,login_failure,mobservice1,1
gaia-v3-15272,fused,test-pred-002750,1627549830000,1627549796035,33.965,mobservice2,login_failure,mobservice1,2
gaia-v3-15273,fused,test-pred-002751,1627549950000,1627549924773,25.227,mobservice2,login_failure,mobservice2,1
gaia-v3-15274,fused,test-pred-002752,1627550100000,1627550087304,12.696,mobservice2,login_failure,mobservice2,1
gaia-v3-15595,fused,test-pred-002753,1627550280000,1627550254633,25.367,mobservice1,login_failure,mobservice1,1
gaia-v3-15596,fused,test-pred-002754,1627550370000,1627550332430,37.57,mobservice1,login_failure,mobservice1,1
gaia-v3-15597,fused,test-pred-002755,1627550520000,1627550485869,34.131,mobservice1,login_failure,mobservice2,2
gaia-v3-15275,fused,test-pred-002756,1627550670000,1627550631838,38.162,mobservice2,login_failure,mobservice1,2
gaia-v3-15599,fused,test-pred-002757,1627550850000,1627550817742,32.258,mobservice1,login_failure,mobservice2,2
gaia-v3-15600,fused,test-pred-002758,1627551000000,1627550964355,35.645,mobservice1,login_failure,mobservice1,1
gaia-v3-15601,fused,test-pred-002759,1627551150000,1627551134660,15.34,mobservice1,login_failure,mobservice1,1
gaia-v3-15602,fused,test-pred-002760,1627551210000,1627551176734,33.266,mobservice1,login_failure,mobservice2,2
gaia-v3-15603,fused,test-pred-002761,1627551420000,1627551394439,25.561,mobservice1,login_failure,mobservice1,1
gaia-v3-15276,fused,test-pred-002762,1627551660000,1627551626807,33.193,mobservice2,login_failure,mobservice2,1
gaia-v3-15605,fused,test-pred-002763,1627551990000,1627551974258,15.742,mobservice1,login_failure,mobservice2,2
gaia-v3-15277,fused,test-pred-002764,1627552320000,1627552304006,15.994,mobservice2,login_failure,mobservice1,2
gaia-v3-15278,fused,test-pred-002765,1627552500000,1627552471801,28.199,mobservice2,login_failure,mobservice2,1
gaia-v3-15279,fused,test-pred-002766,1627552650000,1627552638656,11.344,mobservice2,login_failure,mobservice1,2
gaia-v3-15607,fused,test-pred-002767,1627552770000,1627552738913,31.087,mobservice1,login_failure,mobservice1,1
gaia-v3-15608,fused,test-pred-002768,1627553190000,1627553189091,0.909,mobservice1,login_failure,mobservice1,1
gaia-v3-15609,fused,test-pred-002769,1627553310000,1627553293466,16.534,mobservice1,login_failure,mobservice2,2
gaia-v3-15282,fused,test-pred-002770,1627553430000,1627553416738,13.262,mobservice2,login_failure,mobservice1,2
gaia-v3-15610,fused,test-pred-002771,1627553490000,1627553461211,28.789,mobservice1,login_failure,mobservice2,2
gaia-v3-15283,fused,test-pred-002772,1627553550000,1627553531953,18.047,mobservice2,login_failure,mobservice1,2
gaia-v3-15611,fused,test-pred-002773,1627553700000,1627553667242,32.758,mobservice1,login_failure,mobservice1,1
gaia-v3-15284,fused,test-pred-002774,1627553970000,1627553936084,33.916,mobservice2,login_failure,mobservice1,2
gaia-v3-15285,fused,test-pred-002775,1627554210000,1627554186354,23.646,mobservice2,login_failure,mobservice2,1
gaia-v3-15286,fused,test-pred-002776,1627554540000,1627554503019,36.981,mobservice2,login_failure,mobservice1,2
gaia-v3-15612,fused,test-pred-002777,1627554720000,1627554683126,36.874,mobservice1,login_failure,mobservice2,2
gaia-v3-15287,fused,test-pred-002778,1627554780000,1627554759043,20.957,mobservice2,login_failure,mobservice1,2
gaia-v3-15289,fused,test-pred-002779,1627555470000,1627555464253,5.747,mobservice2,login_failure,mobservice2,1
gaia-v3-15291,fused,test-pred-002780,1627555590000,1627555559885,30.115,mobservice2,login_failure,mobservice2,1
gaia-v3-15292,fused,test-pred-002781,1627555680000,1627555662936,17.064,mobservice2,login_failure,mobservice1,4
gaia-v3-15613,fused,test-pred-002782,1627555860000,1627555848382,11.618,mobservice1,login_failure,mobservice1,1
gaia-v3-15615,fused,test-pred-002784,1627556010000,1627555988707,21.293,mobservice1,login_failure,mobservice1,1
gaia-v3-15616,fused,test-pred-002785,1627556160000,1627556124479,35.521,mobservice1,login_failure,mobservice1,1
gaia-v3-15293,fused,test-pred-002786,1627556280000,1627556241045,38.955,mobservice2,login_failure,mobservice2,1
gaia-v3-15294,fused,test-pred-002787,1627556460000,1627556432587,27.413,mobservice2,login_failure,mobservice2,1
gaia-v3-15295,fused,test-pred-002788,1627556880000,1627556839459,40.541,mobservice2,login_failure,mobservice1,2
gaia-v3-15617,fused,test-pred-002789,1627557360000,1627557339014,20.986,mobservice1,login_failure,mobservice2,5
gaia-v3-15296,fused,test-pred-002790,1627557480000,1627557465856,14.144,mobservice2,login_failure,mobservice1,3
gaia-v3-15618,fused,test-pred-002791,1627557660000,1627557643246,16.754,mobservice1,login_failure,mobservice1,1
gaia-v3-15297,fused,test-pred-002792,1627557750000,1627557730151,19.849,mobservice2,login_failure,mobservice1,2
gaia-v3-15298,fused,test-pred-002793,1627557930000,1627557901302,28.698,mobservice2,login_failure,mobservice2,1
gaia-v3-15299,fused,test-pred-002794,1627558080000,1627558058096,21.904,mobservice2,login_failure,mobservice1,2
gaia-v3-15301,fused,test-pred-002795,1627558200000,1627558188614,11.386,mobservice2,login_failure,mobservice2,1
gaia-v3-15621,fused,test-pred-002796,1627558410000,1627558374907,35.093,mobservice1,login_failure,mobservice1,1
gaia-v3-15622,fused,test-pred-002797,1627558500000,1627558473325,26.675,mobservice1,login_failure,webservice2,3
gaia-v3-15623,fused,test-pred-002798,1627558830000,1627558792927,37.073,mobservice1,login_failure,mobservice2,2
gaia-v3-15624,fused,test-pred-002799,1627559100000,1627559073460,26.54,mobservice1,login_failure,mobservice2,2
gaia-v3-15302,fused,test-pred-002800,1627559280000,1627559267615,12.385,mobservice2,login_failure,mobservice1,2
gaia-v3-15303,fused,test-pred-002801,1627559490000,1627559453551,36.449,mobservice2,login_failure,mobservice2,1
gaia-v3-15626,fused,test-pred-002802,1627559730000,1627559728417,1.583,mobservice1,login_failure,mobservice1,1
gaia-v3-15628,fused,test-pred-002803,1627559880000,1627559841288,38.712,mobservice1,login_failure,mobservice2,2
gaia-v3-15304,fused,test-pred-002804,1627559940000,1627559924675,15.325,mobservice2,login_failure,mobservice2,1
gaia-v3-15305,fused,test-pred-002805,1627560000000,1627559969030,30.97,mobservice2,login_failure,mobservice2,1
gaia-v3-15630,fused,test-pred-002806,1627560360000,1627560345343,14.657,mobservice1,login_failure,mobservice2,3
gaia-v3-15306,fused,test-pred-002807,1627560420000,1627560384110,35.89,mobservice2,login_failure,mobservice2,1
gaia-v3-15307,fused,test-pred-002808,1627560510000,1627560488588,21.412,mobservice2,login_failure,mobservice1,2
gaia-v3-15631,fused,test-pred-002809,1627561020000,1627561002473,17.527,mobservice1,login_failure,mobservice1,1
gaia-v3-15632,fused,test-pred-002810,1627561170000,1627561156815,13.185,mobservice1,login_failure,mobservice2,2
gaia-v3-15308,fused,test-pred-002811,1627561470000,1627561455161,14.839,mobservice2,login_failure,mobservice1,2
gaia-v3-15309,fused,test-pred-002812,1627561710000,1627561678690,31.31,mobservice2,login_failure,mobservice1,2
gaia-v3-15310,fused,test-pred-002813,1627561830000,1627561809563,20.437,mobservice2,login_failure,mobservice1,2
gaia-v3-15313,fused,test-pred-002814,1627561950000,1627561941091,8.909,mobservice2,login_failure,mobservice2,1
gaia-v3-15315,fused,test-pred-002815,1627562100000,1627562081165,18.835,mobservice2,login_failure,mobservice2,1
gaia-v3-15316,fused,test-pred-002816,1627562190000,1627562165850,24.15,mobservice2,login_failure,mobservice1,3
gaia-v3-15636,fused,test-pred-002817,1627562310000,1627562303744,6.256,mobservice1,login_failure,mobservice1,1
gaia-v3-15637,fused,test-pred-002818,1627563150000,1627563128723,21.277,mobservice1,login_failure,mobservice2,4
gaia-v3-15638,fused,test-pred-002819,1627563390000,1627563370404,19.596,mobservice1,login_failure,mobservice2,2
gaia-v3-15639,fused,test-pred-002820,1627563780000,1627563763531,16.469,mobservice1,login_failure,mobservice1,1
gaia-v3-15640,fused,test-pred-002821,1627563870000,1627563831998,38.002,mobservice1,login_failure,mobservice2,2
gaia-v3-15317,fused,test-pred-002822,1627563930000,1627563902223,27.777,mobservice2,login_failure,mobservice1,2
gaia-v3-15641,fused,test-pred-002823,1627564020000,1627563979264,40.736,mobservice1,login_failure,mobservice2,2
gaia-v3-15318,fused,test-pred-002824,1627564080000,1627564042606,37.394,mobservice2,login_failure,mobservice2,1
gaia-v3-15320,fused,test-pred-002825,1627564200000,1627564174263,25.737,mobservice2,login_failure,mobservice1,2
gaia-v3-15644,fused,test-pred-002826,1627564290000,1627564284223,5.777,mobservice1,login_failure,mobservice1,1
gaia-v3-15645,fused,test-pred-002827,1627564440000,1627564409301,30.699,mobservice1,login_failure,mobservice1,1
gaia-v3-15646,fused,test-pred-002828,1627564500000,1627564472709,27.291,mobservice1,login_failure,mobservice2,3
gaia-v3-15321,fused,test-pred-002829,1627564650000,1627564635143,14.857,mobservice2,login_failure,mobservice2,1
gaia-v3-15647,fused,test-pred-002830,1627564800000,1627564768144,31.856,mobservice1,login_failure,mobservice1,1
gaia-v3-15648,fused,test-pred-002831,1627564920000,1627564894148,25.852,mobservice1,login_failure,mobservice1,1
gaia-v3-15649,fused,test-pred-002832,1627564980000,1627564952703,27.297,mobservice1,login_failure,mobservice2,2
gaia-v3-15650,fused,test-pred-002833,1627565310000,1627565277616,32.384,mobservice1,login_failure,mobservice1,1
gaia-v3-15651,fused,test-pred-002834,1627565430000,1627565395027,34.973,mobservice1,login_failure,mobservice2,2
gaia-v3-15322,fused,test-pred-002835,1627565520000,1627565496019,23.981,mobservice2,login_failure,mobservice2,1
gaia-v3-15323,fused,test-pred-002836,1627565700000,1627565679584,20.416,mobservice2,login_failure,mobservice1,5
gaia-v3-15652,fused,test-pred-002837,1627565820000,1627565791589,28.411,mobservice1,login_failure,mobservice1,1
gaia-v3-15324,fused,test-pred-002838,1627566000000,1627565981715,18.285,mobservice2,login_failure,mobservice2,1
gaia-v3-15654,fused,test-pred-002839,1627566210000,1627566184979,25.021,mobservice1,login_failure,mobservice1,1
gaia-v3-15655,fused,test-pred-002840,1627566270000,1627566253414,16.586,mobservice1,login_failure,mobservice1,1
gaia-v3-15656,fused,test-pred-002841,1627566360000,1627566327374,32.626,mobservice1,login_failure,mobservice1,1
gaia-v3-15657,fused,test-pred-002842,1627566420000,1627566390875,29.125,mobservice1,login_failure,mobservice2,2
gaia-v3-15044,fused,test-pred-002843,1627566510000,1627566497750,12.25,dbservice2,memory_anomalies,mobservice2,4
gaia-v3-15658,fused,test-pred-002844,1627566780000,1627566758180,21.82,mobservice1,login_failure,mobservice2,2
gaia-v3-15326,fused,test-pred-002845,1627567170000,1627567138195,31.805,mobservice2,login_failure,mobservice2,1
gaia-v3-15327,fused,test-pred-002846,1627567290000,1627567277383,12.617,mobservice2,login_failure,mobservice1,2
gaia-v3-15659,fused,test-pred-002847,1627567410000,1627567395788,14.212,mobservice1,login_failure,mobservice1,1
gaia-v3-15660,fused,test-pred-002848,1627567470000,1627567438184,31.816,mobservice1,login_failure,mobservice2,3
gaia-v3-15661,fused,test-pred-002849,1627567770000,1627567757979,12.021,mobservice1,login_failure,mobservice2,2
gaia-v3-15328,fused,test-pred-002850,1627567890000,1627567871179,18.821,mobservice2,login_failure,mobservice2,1
gaia-v3-15329,fused,test-pred-002851,1627568280000,1627568264494,15.506,mobservice2,login_failure,mobservice1,2
gaia-v3-15662,fused,test-pred-002852,1627568340000,1627568323390,16.61,mobservice1,login_failure,mobservice2,2
gaia-v3-15330,fused,test-pred-002853,1627568400000,1627568376458,23.542,mobservice2,login_failure,mobservice1,2
gaia-v3-15663,fused,test-pred-002854,1627568520000,1627568480212,39.788,mobservice1,login_failure,mobservice2,2
gaia-v3-15331,fused,test-pred-002855,1627568580000,1627568543287,36.713,mobservice2,login_failure,mobservice1,2
gaia-v3-15664,fused,test-pred-002856,1627568730000,1627568710510,19.49,mobservice1,login_failure,mobservice1,1
gaia-v3-15665,fused,test-pred-002857,1627569360000,1627569324223,35.777,mobservice1,login_failure,mobservice2,3
gaia-v3-15666,fused,test-pred-002858,1627569750000,1627569737647,12.353,mobservice1,login_failure,mobservice2,4
gaia-v3-15333,fused,test-pred-002859,1627570170000,1627570139778,30.222,mobservice2,login_failure,mobservice2,1
gaia-v3-15334,fused,test-pred-002860,1627570260000,1627570241068,18.932,mobservice2,login_failure,mobservice1,2
gaia-v3-15667,fused,test-pred-002861,1627570380000,1627570363132,16.868,mobservice1,login_failure,mobservice2,2
gaia-v3-15335,fused,test-pred-002862,1627570440000,1627570412425,27.575,mobservice2,login_failure,mobservice1,3
gaia-v3-15336,fused,test-pred-002863,1627570530000,1627570526721,3.279,mobservice2,login_failure,mobservice2,1
gaia-v3-15337,fused,test-pred-002864,1627570740000,1627570725239,14.761,mobservice2,login_failure,mobservice1,3
gaia-v3-15669,fused,test-pred-002865,1627570860000,1627570832355,27.645,mobservice1,login_failure,mobservice1,1
gaia-v3-15338,fused,test-pred-002866,1627570950000,1627570937383,12.617,mobservice2,login_failure,mobservice1,2
gaia-v3-15670,fused,test-pred-002867,1627571070000,1627571028977,41.023,mobservice1,login_failure,mobservice2,2
gaia-v3-15339,fused,test-pred-002868,1627571160000,1627571123684,36.316,mobservice2,login_failure,mobservice1,2
gaia-v3-15671,fused,test-pred-002869,1627571280000,1627571268610,11.39,mobservice1,login_failure,mobservice2,2
gaia-v3-15340,fused,test-pred-002870,1627571400000,1627571371869,28.131,mobservice2,login_failure,mobservice1,2
gaia-v3-15342,fused,test-pred-002871,1627571610000,1627571595641,14.359,mobservice2,login_failure,mobservice2,1
gaia-v3-15343,fused,test-pred-002872,1627571700000,1627571667655,32.345,mobservice2,login_failure,mobservice2,1
gaia-v3-15344,fused,test-pred-002873,1627571790000,1627571772927,17.073,mobservice2,login_failure,mobservice2,1
gaia-v3-15345,fused,test-pred-002874,1627571880000,1627571840987,39.013,mobservice2,login_failure,mobservice1,6
gaia-v3-15346,fused,test-pred-002875,1627571940000,1627571907220,32.78,mobservice2,login_failure,webservice1,3
gaia-v3-15672,fused,test-pred-002876,1627572030000,1627572012069,17.931,mobservice1,login_failure,mobservice1,1
gaia-v3-15347,fused,test-pred-002877,1627572150000,1627572144542,5.458,mobservice2,login_failure,mobservice2,1
gaia-v3-15675,fused,test-pred-002878,1627572360000,1627572340310,19.69,mobservice1,login_failure,mobservice1,1
gaia-v3-15348,fused,test-pred-002879,1627572780000,1627572739423,40.577,mobservice2,login_failure,mobservice2,1
gaia-v3-15677,fused,test-pred-002880,1627573080000,1627573047065,32.935,mobservice1,login_failure,mobservice2,2
gaia-v3-15678,fused,test-pred-002881,1627573200000,1627573187247,12.753,mobservice1,login_failure,mobservice1,1
gaia-v3-15679,fused,test-pred-002882,1627573290000,1627573271765,18.235,mobservice1,login_failure,mobservice1,1
gaia-v3-15349,fused,test-pred-002883,1627573380000,1627573370395,9.605,mobservice2,login_failure,mobservice2,1
gaia-v3-15350,fused,test-pred-002884,1627573470000,1627573446302,23.698,mobservice2,login_failure,mobservice2,1
gaia-v3-15351,fused,test-pred-002885,1627573590000,1627573577855,12.145,mobservice2,login_failure,mobservice1,2
gaia-v3-15353,fused,test-pred-002886,1627573890000,1627573861837,28.163,mobservice2,login_failure,mobservice1,2
gaia-v3-15354,fused,test-pred-002887,1627574040000,1627574011035,28.965,mobservice2,login_failure,mobservice2,1
gaia-v3-15355,fused,test-pred-002888,1627574250000,1627574221013,28.987,mobservice2,login_failure,mobservice1,2
gaia-v3-15681,fused,test-pred-002889,1627574310000,1627574278897,31.103,mobservice1,login_failure,mobservice2,2
gaia-v3-16048,fused,test-pred-002890,1627574520000,1627574499923,20.077,mobservice1,login_failure,mobservice2,2
gaia-v3-16049,fused,test-pred-002891,1627574700000,1627574689843,10.157,mobservice1,login_failure,mobservice1,1
gaia-v3-16050,fused,test-pred-002892,1627574790000,1627574770295,19.705,mobservice1,login_failure,mobservice2,2
gaia-v3-15728,fused,test-pred-002893,1627575150000,1627575113882,36.118,mobservice2,login_failure,mobservice1,2
gaia-v3-15730,fused,test-pred-002894,1627575540000,1627575511504,28.496,mobservice2,login_failure,mobservice1,2
gaia-v3-16052,fused,test-pred-002895,1627575720000,1627575681390,38.61,mobservice1,login_failure,mobservice2,3
gaia-v3-15732,fused,test-pred-002896,1627575780000,1627575763474,16.526,mobservice2,login_failure,mobservice1,2
gaia-v3-16053,fused,test-pred-002897,1627575930000,1627575892451,37.549,mobservice1,login_failure,mobservice1,1
gaia-v3-16054,fused,test-pred-002898,1627576020000,1627575989028,30.972,mobservice1,login_failure,mobservice2,2
gaia-v3-15733,fused,test-pred-002899,1627576170000,1627576155084,14.916,mobservice2,login_failure,mobservice1,2
gaia-v3-16055,fused,test-pred-002900,1627576320000,1627576288098,31.902,mobservice1,login_failure,mobservice2,2
gaia-v3-16057,fused,test-pred-002901,1627576770000,1627576737382,32.618,mobservice1,login_failure,mobservice2,2
gaia-v3-16058,fused,test-pred-002902,1627577070000,1627577044129,25.871,mobservice1,login_failure,mobservice2,2
gaia-v3-16059,fused,test-pred-002903,1627577550000,1627577538234,11.766,mobservice1,login_failure,mobservice2,2
gaia-v3-15736,fused,test-pred-002904,1627577610000,1627577575523,34.477,mobservice2,login_failure,mobservice2,1
gaia-v3-15737,fused,test-pred-002905,1627577970000,1627577966580,3.42,mobservice2,login_failure,mobservice2,1
gaia-v3-16063,fused,test-pred-002907,1627578900000,1627578875451,24.549,mobservice1,login_failure,mobservice2,2
gaia-v3-15738,fused,test-pred-002908,1627578960000,1627578932673,27.327,mobservice2,login_failure,mobservice1,2
gaia-v3-15739,fused,test-pred-002909,1627579020000,1627578994602,25.398,mobservice2,login_failure,mobservice1,2
gaia-v3-15740,fused,test-pred-002910,1627579140000,1627579122898,17.102,mobservice2,login_failure,mobservice2,1
gaia-v3-15741,fused,test-pred-002911,1627579230000,1627579191051,38.949,mobservice2,login_failure,mobservice2,1
gaia-v3-15742,fused,test-pred-002912,1627579290000,1627579261516,28.484,mobservice2,login_failure,mobservice1,2
gaia-v3-15744,fused,test-pred-002913,1627579380000,1627579369125,10.875,mobservice2,login_failure,mobservice1,2
gaia-v3-15745,fused,test-pred-002914,1627579620000,1627579579614,40.386,mobservice2,login_failure,mobservice1,2
gaia-v3-16067,fused,test-pred-002915,1627579800000,1627579773280,26.72,mobservice1,login_failure,mobservice1,1
gaia-v3-15747,fused,test-pred-002916,1627580250000,1627580212823,37.177,mobservice2,login_failure,mobservice2,1
gaia-v3-16068,fused,test-pred-002917,1627580370000,1627580351881,18.119,mobservice1,login_failure,mobservice1,1
gaia-v3-16069,fused,test-pred-002918,1627580520000,1627580479243,40.757,mobservice1,login_failure,mobservice2,2
gaia-v3-15749,fused,test-pred-002919,1627580640000,1627580625258,14.742,mobservice2,login_failure,mobservice1,2
gaia-v3-15750,fused,test-pred-002920,1627580820000,1627580797080,22.92,mobservice2,login_failure,mobservice2,1
gaia-v3-15751,fused,test-pred-002921,1627581000000,1627580970491,29.509,mobservice2,login_failure,mobservice1,2
gaia-v3-16070,fused,test-pred-002922,1627581060000,1627581048195,11.805,mobservice1,login_failure,mobservice1,1
gaia-v3-15752,fused,test-pred-002923,1627581240000,1627581207468,32.532,mobservice2,login_failure,mobservice1,2
gaia-v3-16071,fused,test-pred-002924,1627581390000,1627581351963,38.037,mobservice1,login_failure,mobservice1,1
gaia-v3-16072,fused,test-pred-002925,1627581450000,1627581421845,28.155,mobservice1,login_failure,mobservice1,1
gaia-v3-16073,fused,test-pred-002926,1627581510000,1627581487799,22.201,mobservice1,login_failure,mobservice2,2
gaia-v3-15753,fused,test-pred-002927,1627581630000,1627581615122,14.878,mobservice2,login_failure,mobservice1,2
gaia-v3-15754,fused,test-pred-002928,1627581900000,1627581891763,8.237,mobservice2,login_failure,mobservice1,2
gaia-v3-16075,fused,test-pred-002929,1627582050000,1627582030648,19.352,mobservice1,login_failure,mobservice2,3
gaia-v3-15755,fused,test-pred-002930,1627582110000,1627582083543,26.457,mobservice2,login_failure,mobservice2,1
gaia-v3-15757,fused,test-pred-002931,1627582200000,1627582177442,22.558,mobservice2,login_failure,mobservice1,2
gaia-v3-16076,fused,test-pred-002932,1627582320000,1627582293762,26.238,mobservice1,login_failure,mobservice2,2
gaia-v3-15758,fused,test-pred-002933,1627582380000,1627582343731,36.269,mobservice2,login_failure,mobservice1,2
gaia-v3-16077,fused,test-pred-002934,1627582440000,1627582418989,21.011,mobservice1,login_failure,redisservice1,6
gaia-v3-15759,fused,test-pred-002935,1627582710000,1627582694735,15.265,mobservice2,login_failure,mobservice2,1
gaia-v3-15760,fused,test-pred-002936,1627582860000,1627582846970,13.03,mobservice2,login_failure,mobservice1,2
gaia-v3-16080,fused,test-pred-002937,1627582950000,1627582940102,9.898,mobservice1,login_failure,mobservice1,1
gaia-v3-15765,fused,test-pred-002938,1627583040000,1627583019340,20.66,mobservice2,login_failure,mobservice1,2
gaia-v3-15766,fused,test-pred-002939,1627583100000,1627583077020,22.98,mobservice2,login_failure,mobservice1,2
gaia-v3-16081,fused,test-pred-002940,1627583190000,1627583173263,16.737,mobservice1,login_failure,mobservice1,1
gaia-v3-15767,fused,test-pred-002941,1627583490000,1627583464881,25.119,mobservice2,login_failure,mobservice1,2
gaia-v3-15769,fused,test-pred-002942,1627583670000,1627583664291,5.709,mobservice2,login_failure,mobservice2,1
gaia-v3-15770,fused,test-pred-002943,1627583790000,1627583758817,31.183,mobservice2,login_failure,mobservice1,2
gaia-v3-15771,fused,test-pred-002944,1627583880000,1627583853039,26.961,mobservice2,login_failure,mobservice1,2
gaia-v3-16085,fused,test-pred-002945,1627584420000,1627584405121,14.879,mobservice1,login_failure,mobservice1,1
gaia-v3-16086,fused,test-pred-002946,1627584540000,1627584518217,21.783,mobservice1,login_failure,mobservice1,1
gaia-v3-16088,fused,test-pred-002947,1627584600000,1627584586663,13.337,mobservice1,login_failure,mobservice2,2
gaia-v3-15772,fused,test-pred-002948,1627584690000,1627584661269,28.731,mobservice2,login_failure,mobservice2,1
gaia-v3-16089,fused,test-pred-002949,1627584810000,1627584796126,13.874,mobservice1,login_failure,mobservice2,4
gaia-v3-15773,fused,test-pred-002950,1627584900000,1627584873697,26.303,mobservice2,login_failure,mobservice1,2
gaia-v3-16091,fused,test-pred-002951,1627584960000,1627584958111,1.889,mobservice1,login_failure,mobservice1,1
gaia-v3-16092,fused,test-pred-002952,1627585050000,1627585027981,22.019,mobservice1,login_failure,mobservice2,2
gaia-v3-16093,fused,test-pred-002953,1627585230000,1627585202849,27.151,mobservice1,login_failure,dbservice2,3
gaia-v3-15774,fused,test-pred-002954,1627585500000,1627585485351,14.649,mobservice2,login_failure,mobservice2,1
gaia-v3-15775,fused,test-pred-002955,1627585680000,1627585649421,30.579,mobservice2,login_failure,mobservice1,2
gaia-v3-15777,fused,test-pred-002956,1627586190000,1627586185401,4.599,mobservice2,login_failure,mobservice2,1
gaia-v3-15778,fused,test-pred-002957,1627586340000,1627586307239,32.761,mobservice2,login_failure,mobservice2,1
gaia-v3-15779,fused,test-pred-002958,1627586700000,1627586676777,23.223,mobservice2,login_failure,mobservice2,1
gaia-v3-15780,fused,test-pred-002959,1627586850000,1627586825299,24.701,mobservice2,login_failure,mobservice2,1
gaia-v3-15781,fused,test-pred-002960,1627587000000,1627586969766,30.234,mobservice2,login_failure,mobservice1,2
gaia-v3-15782,fused,test-pred-002961,1627587240000,1627587212709,27.291,mobservice2,login_failure,mobservice2,1
gaia-v3-15783,fused,test-pred-002962,1627587360000,1627587334924,25.076,mobservice2,login_failure,mobservice1,2
gaia-v3-16094,fused,test-pred-002963,1627587540000,1627587508018,31.982,mobservice1,login_failure,mobservice2,2
gaia-v3-16098,fused,test-pred-002964,1627588140000,1627588117706,22.294,mobservice1,login_failure,mobservice1,1
gaia-v3-16099,fused,test-pred-002965,1627588350000,1627588312083,37.917,mobservice1,login_failure,mobservice2,3
gaia-v3-16100,fused,test-pred-002966,1627588680000,1627588664118,15.882,mobservice1,login_failure,redisservice2,3
gaia-v3-15787,fused,test-pred-002967,1627588860000,1627588823410,36.59,mobservice2,login_failure,mobservice2,1
gaia-v3-15788,fused,test-pred-002968,1627588920000,1627588880884,39.116,mobservice2,login_failure,mobservice2,1
gaia-v3-15789,fused,test-pred-002969,1627589040000,1627589021138,18.862,mobservice2,login_failure,mobservice1,2
gaia-v3-16102,fused,test-pred-002970,1627589520000,1627589501444,18.556,mobservice1,login_failure,mobservice2,2
gaia-v3-15791,fused,test-pred-002971,1627590150000,1627590149267,0.733,mobservice2,login_failure,mobservice2,1
gaia-v3-16105,fused,test-pred-002972,1627590360000,1627590342337,17.663,mobservice1,login_failure,mobservice2,2
gaia-v3-16106,fused,test-pred-002973,1627590630000,1627590607664,22.336,mobservice1,login_failure,mobservice2,2
gaia-v3-15792,fused,test-pred-002974,1627590780000,1627590749897,30.103,mobservice2,login_failure,mobservice2,1
gaia-v3-16108,fused,test-pred-002975,1627591080000,1627591056523,23.477,mobservice1,login_failure,mobservice1,1
gaia-v3-15793,fused,test-pred-002976,1627591260000,1627591223550,36.45,mobservice2,login_failure,mobservice2,1
gaia-v3-15794,fused,test-pred-002977,1627591320000,1627591306546,13.454,mobservice2,login_failure,mobservice1,2
gaia-v3-16109,fused,test-pred-002978,1627591530000,1627591490281,39.719,mobservice1,login_failure,mobservice2,2
gaia-v3-15795,fused,test-pred-002979,1627591590000,1627591558891,31.109,mobservice2,login_failure,mobservice2,1
gaia-v3-15796,fused,test-pred-002980,1627591680000,1627591648294,31.706,mobservice2,login_failure,mobservice2,1
gaia-v3-16110,fused,test-pred-002981,1627591950000,1627591922905,27.095,mobservice1,login_failure,mobservice2,2
gaia-v3-15797,fused,test-pred-002982,1627592010000,1627591979358,30.642,mobservice2,login_failure,webservice1,3
gaia-v3-15798,fused,test-pred-002983,1627592400000,1627592372106,27.894,mobservice2,login_failure,mobservice2,1
gaia-v3-15799,fused,test-pred-002984,1627592550000,1627592524354,25.646,mobservice2,login_failure,mobservice2,1
gaia-v3-16111,fused,test-pred-002985,1627592700000,1627592678525,21.475,mobservice1,login_failure,mobservice1,1
gaia-v3-16112,fused,test-pred-002986,1627592850000,1627592816947,33.053,mobservice1,login_failure,mobservice2,2
gaia-v3-16113,fused,test-pred-002987,1627593060000,1627593022819,37.181,mobservice1,login_failure,mobservice1,1
gaia-v3-16114,fused,test-pred-002988,1627593660000,1627593621923,38.077,mobservice1,login_failure,mobservice2,2
gaia-v3-15800,fused,test-pred-002989,1627593750000,1627593734257,15.743,mobservice2,login_failure,mobservice1,2
gaia-v3-16115,fused,test-pred-002990,1627593870000,1627593852558,17.442,mobservice1,login_failure,mobservice2,3
gaia-v3-15801,fused,test-pred-002991,1627594110000,1627594078450,31.55,mobservice2,login_failure,mobservice2,1
gaia-v3-15802,fused,test-pred-002992,1627594170000,1627594150638,19.362,mobservice2,login_failure,mobservice1,4
gaia-v3-15803,fused,test-pred-002993,1627594470000,1627594441854,28.146,mobservice2,login_failure,logservice2,2
gaia-v3-16118,fused,test-pred-002994,1627594800000,1627594791907,8.093,mobservice1,login_failure,mobservice1,1
gaia-v3-15804,fused,test-pred-002995,1627594920000,1627594902110,17.89,mobservice2,login_failure,mobservice1,3
gaia-v3-16119,fused,test-pred-002996,1627595130000,1627595103189,26.811,mobservice1,login_failure,mobservice2,2
gaia-v3-15806,fused,test-pred-002997,1627595220000,1627595204708,15.292,mobservice2,login_failure,mobservice1,5
gaia-v3-15807,fused,test-pred-002998,1627595520000,1627595488071,31.929,mobservice2,login_failure,mobservice1,2
gaia-v3-16120,fused,test-pred-002999,1627595610000,1627595597797,12.203,mobservice1,login_failure,mobservice1,1
gaia-v3-16121,fused,test-pred-003000,1627595760000,1627595726806,33.194,mobservice1,login_failure,mobservice2,2
gaia-v3-15808,fused,test-pred-003001,1627595850000,1627595818016,31.984,mobservice2,login_failure,mobservice2,1
gaia-v3-15809,fused,test-pred-003002,1627595910000,1627595879506,30.494,mobservice2,login_failure,mobservice2,1
gaia-v3-15810,fused,test-pred-003003,1627596000000,1627595980167,19.833,mobservice2,login_failure,mobservice1,2
gaia-v3-16122,fused,test-pred-003004,1627596150000,1627596112632,37.368,mobservice1,login_failure,mobservice1,1
gaia-v3-16123,fused,test-pred-003005,1627596210000,1627596185354,24.646,mobservice1,login_failure,mobservice2,2
gaia-v3-15812,fused,test-pred-003006,1627596660000,1627596644220,15.78,mobservice2,login_failure,mobservice1,3
gaia-v3-16124,fused,test-pred-003007,1627596810000,1627596771550,38.45,mobservice1,login_failure,mobservice1,1
gaia-v3-15814,fused,test-pred-003008,1627597050000,1627597020551,29.449,mobservice2,login_failure,mobservice2,1
gaia-v3-16126,fused,test-pred-003009,1627597500000,1627597480537,19.463,mobservice1,login_failure,mobservice2,2
gaia-v3-15815,fused,test-pred-003010,1627597560000,1627597531718,28.282,mobservice2,login_failure,mobservice1,2
gaia-v3-16127,fused,test-pred-003011,1627597650000,1627597628412,21.588,mobservice1,login_failure,dbservice1,4
gaia-v3-16128,fused,test-pred-003012,1627597950000,1627597917607,32.393,mobservice1,login_failure,mobservice2,2
gaia-v3-15816,fused,test-pred-003013,1627598070000,1627598056520,13.48,mobservice2,login_failure,mobservice2,1
gaia-v3-16129,fused,test-pred-003014,1627598550000,1627598524901,25.099,mobservice1,login_failure,mobservice2,2
gaia-v3-15818,fused,test-pred-003015,1627598610000,1627598596858,13.142,mobservice2,login_failure,mobservice1,2
gaia-v3-16130,fused,test-pred-003016,1627598700000,1627598685938,14.062,mobservice1,login_failure,mobservice1,1
gaia-v3-16132,fused,test-pred-003017,1627598910000,1627598894140,15.86,mobservice1,login_failure,mobservice2,2
gaia-v3-16133,fused,test-pred-003018,1627599000000,1627598989548,10.452,mobservice1,login_failure,mobservice1,1
gaia-v3-15820,fused,test-pred-003019,1627599090000,1627599055874,34.126,mobservice2,login_failure,mobservice2,1
gaia-v3-16134,fused,test-pred-003020,1627599150000,1627599113596,36.404,mobservice1,login_failure,dbservice2,3
gaia-v3-16135,fused,test-pred-003021,1627599390000,1627599377481,12.519,mobservice1,login_failure,mobservice1,1
gaia-v3-16136,fused,test-pred-003022,1627599540000,1627599526137,13.863,mobservice1,login_failure,mobservice2,2
gaia-v3-15822,fused,test-pred-003023,1627599750000,1627599737661,12.339,mobservice2,login_failure,mobservice1,2
gaia-v3-15823,fused,test-pred-003024,1627600140000,1627600116663,23.337,mobservice2,login_failure,mobservice1,3
gaia-v3-15824,fused,test-pred-003025,1627600380000,1627600363664,16.336,mobservice2,login_failure,mobservice1,4
gaia-v3-16138,fused,test-pred-003026,1627600500000,1627600481418,18.582,mobservice1,login_failure,mobservice1,1
gaia-v3-15825,fused,test-pred-003027,1627600680000,1627600655861,24.139,mobservice2,login_failure,mobservice2,1
gaia-v3-16139,fused,test-pred-003028,1627600980000,1627600950576,29.424,mobservice1,login_failure,mobservice2,2
gaia-v3-15826,fused,test-pred-003029,1627601100000,1627601087019,12.981,mobservice2,login_failure,mobservice1,2
gaia-v3-16140,fused,test-pred-003030,1627601460000,1627601444440,15.56,mobservice1,login_failure,mobservice1,1
gaia-v3-16145,fused,test-pred-003031,1627601910000,1627601898399,11.601,mobservice1,login_failure,mobservice2,3
gaia-v3-16146,fused,test-pred-003032,1627602150000,1627602111032,38.968,mobservice1,login_failure,mobservice1,1
gaia-v3-16147,fused,test-pred-003033,1627602330000,1627602303919,26.081,mobservice1,login_failure,mobservice2,2
gaia-v3-15828,fused,test-pred-003034,1627602510000,1627602498159,11.841,mobservice2,login_failure,mobservice2,1
gaia-v3-15830,fused,test-pred-003035,1627602720000,1627602690464,29.536,mobservice2,login_failure,mobservice2,1
gaia-v3-15721,fused,test-pred-003036,1627603230000,1627603200869,29.131,webservice2,file_moving,webservice2,1
gaia-v3-16148,fused,test-pred-003037,1627604160000,1627604142795,17.205,mobservice1,login_failure,mobservice2,2
gaia-v3-16149,fused,test-pred-003038,1627604550000,1627604533807,16.193,mobservice1,login_failure,mobservice1,1
gaia-v3-16151,fused,test-pred-003039,1627604610000,1627604590997,19.003,mobservice1,login_failure,mobservice2,3
gaia-v3-15831,fused,test-pred-003040,1627604760000,1627604734703,25.297,mobservice2,login_failure,mobservice2,1
gaia-v3-15832,fused,test-pred-003041,1627605420000,1627605392881,27.119,mobservice2,login_failure,mobservice2,1
gaia-v3-15833,fused,test-pred-003042,1627605510000,1627605484857,25.143,mobservice2,login_failure,mobservice1,3
gaia-v3-16152,fused,test-pred-003043,1627605570000,1627605540619,29.381,mobservice1,login_failure,dbservice2,2
gaia-v3-15834,fused,test-pred-003044,1627605840000,1627605824786,15.214,mobservice2,login_failure,mobservice1,2
gaia-v3-16153,fused,test-pred-003045,1627605930000,1627605910149,19.851,mobservice1,login_failure,mobservice1,1
gaia-v3-16154,fused,test-pred-003046,1627606020000,1627605994986,25.014,mobservice1,login_failure,mobservice1,1
gaia-v3-16156,fused,test-pred-003047,1627606110000,1627606098431,11.569,mobservice1,login_failure,mobservice2,2
gaia-v3-15835,fused,test-pred-003048,1627606170000,1627606157923,12.077,mobservice2,login_failure,mobservice2,1
gaia-v3-15836,fused,test-pred-003049,1627606260000,1627606228093,31.907,mobservice2,login_failure,mobservice1,2
gaia-v3-15837,fused,test-pred-003050,1627606380000,1627606351581,28.419,mobservice2,login_failure,mobservice2,1
gaia-v3-15838,fused,test-pred-003051,1627606500000,1627606477732,22.268,mobservice2,login_failure,mobservice2,1
gaia-v3-15839,fused,test-pred-003052,1627606560000,1627606530665,29.335,mobservice2,login_failure,mobservice1,2
gaia-v3-16157,fused,test-pred-003053,1627606680000,1627606650434,29.566,mobservice1,login_failure,mobservice1,1
gaia-v3-16158,fused,test-pred-003054,1627606770000,1627606756963,13.037,mobservice1,login_failure,mobservice1,1
gaia-v3-15840,fused,test-pred-003055,1627606950000,1627606924092,25.908,mobservice2,login_failure,mobservice1,2
gaia-v3-15842,fused,test-pred-003056,1627607250000,1627607229487,20.513,mobservice2,login_failure,mobservice1,2
gaia-v3-16160,fused,test-pred-003057,1627607310000,1627607273999,36.001,mobservice1,login_failure,mobservice2,2
gaia-v3-15843,fused,test-pred-003058,1627607370000,1627607334532,35.468,mobservice2,login_failure,mobservice1,2
gaia-v3-16161,fused,test-pred-003059,1627607460000,1627607439750,20.25,mobservice1,login_failure,mobservice2,2
gaia-v3-16162,fused,test-pred-003060,1627607700000,1627607667283,32.717,mobservice1,login_failure,mobservice2,2
gaia-v3-15844,fused,test-pred-003061,1627607790000,1627607753575,36.425,mobservice2,login_failure,mobservice1,2
gaia-v3-16164,fused,test-pred-003062,1627607910000,1627607895359,14.641,mobservice1,login_failure,mobservice2,2
gaia-v3-16165,fused,test-pred-003063,1627608300000,1627608263053,36.947,mobservice1,login_failure,mobservice1,1
gaia-v3-16166,fused,test-pred-003064,1627608360000,1627608322532,37.468,mobservice1,login_failure,mobservice1,1
gaia-v3-15845,fused,test-pred-003065,1627608690000,1627608650403,39.597,mobservice2,login_failure,mobservice1,2
gaia-v3-15846,fused,test-pred-003066,1627608870000,1627608867908,2.092,mobservice2,login_failure,mobservice2,1
gaia-v3-16169,fused,test-pred-003067,1627609020000,1627608992188,27.812,mobservice1,login_failure,mobservice1,1
gaia-v3-15847,fused,test-pred-003068,1627609500000,1627609485383,14.617,mobservice2,login_failure,mobservice1,2
gaia-v3-16171,fused,test-pred-003069,1627609560000,1627609538030,21.97,mobservice1,login_failure,mobservice2,2
gaia-v3-15848,fused,test-pred-003070,1627609650000,1627609627129,22.871,mobservice2,login_failure,mobservice2,1
gaia-v3-15849,fused,test-pred-003071,1627609770000,1627609747492,22.508,mobservice2,login_failure,mobservice2,1
gaia-v3-15850,fused,test-pred-003072,1627609890000,1627609864590,25.41,mobservice2,login_failure,mobservice2,1
gaia-v3-15851,fused,test-pred-003073,1627609950000,1627609913988,36.012,mobservice2,login_failure,mobservice1,2
gaia-v3-15852,fused,test-pred-003074,1627610400000,1627610380118,19.882,mobservice2,login_failure,mobservice2,1
gaia-v3-16172,fused,test-pred-003075,1627610460000,1627610437143,22.857,mobservice1,login_failure,mobservice2,2
gaia-v3-15853,fused,test-pred-003076,1627610520000,1627610482119,37.881,mobservice2,login_failure,mobservice1,3
gaia-v3-16173,fused,test-pred-003077,1627610640000,1627610621867,18.133,mobservice1,login_failure,mobservice1,1
gaia-v3-15854,fused,test-pred-003078,1627610820000,1627610804972,15.028,mobservice2,login_failure,mobservice2,1
gaia-v3-16174,fused,test-pred-003079,1627611600000,1627611577607,22.393,mobservice1,login_failure,mobservice2,2
gaia-v3-15855,fused,test-pred-003080,1627611690000,1627611673669,16.331,mobservice2,login_failure,mobservice2,1
gaia-v3-15856,fused,test-pred-003081,1627611750000,1627611729703,20.297,mobservice2,login_failure,mobservice1,2
gaia-v3-15857,fused,test-pred-003082,1627611960000,1627611947519,12.481,mobservice2,login_failure,dbservice1,4
gaia-v3-15858,fused,test-pred-003083,1627612200000,1627612181253,18.747,mobservice2,login_failure,mobservice2,1
gaia-v3-15860,fused,test-pred-003084,1627612320000,1627612291587,28.413,mobservice2,login_failure,mobservice2,1
gaia-v3-16175,fused,test-pred-003085,1627612560000,1627612559312,0.688,mobservice1,login_failure,mobservice1,1
gaia-v3-15863,fused,test-pred-003086,1627612830000,1627612791859,38.141,mobservice2,login_failure,mobservice1,2
gaia-v3-15864,fused,test-pred-003087,1627613220000,1627613206465,13.535,mobservice2,login_failure,mobservice2,1
gaia-v3-15865,fused,test-pred-003088,1627613490000,1627613470137,19.863,mobservice2,login_failure,mobservice1,2
gaia-v3-16177,fused,test-pred-003089,1627613700000,1627613668182,31.818,mobservice1,login_failure,mobservice2,2
gaia-v3-15867,fused,test-pred-003090,1627614090000,1627614074795,15.205,mobservice2,login_failure,mobservice1,2
gaia-v3-16178,fused,test-pred-003091,1627614150000,1627614136748,13.252,mobservice1,login_failure,mobservice2,4
gaia-v3-15868,fused,test-pred-003092,1627614210000,1627614187683,22.317,mobservice2,login_failure,mobservice2,1
gaia-v3-16179,fused,test-pred-003093,1627614450000,1627614435284,14.716,mobservice1,login_failure,mobservice1,1
gaia-v3-16180,fused,test-pred-003094,1627614510000,1627614475310,34.69,mobservice1,login_failure,mobservice2,2
gaia-v3-15869,fused,test-pred-003095,1627614660000,1627614625685,34.315,mobservice2,login_failure,mobservice2,1
gaia-v3-16181,fused,test-pred-003096,1627614750000,1627614710184,39.816,mobservice1,login_failure,mobservice2,2
gaia-v3-15871,fused,test-pred-003097,1627614900000,1627614874684,25.316,mobservice2,login_failure,mobservice1,2
gaia-v3-16182,fused,test-pred-003098,1627614990000,1627614960941,29.059,mobservice1,login_failure,mobservice2,2
gaia-v3-16183,fused,test-pred-003099,1627615140000,1627615120501,19.499,mobservice1,login_failure,mobservice1,1
gaia-v3-16184,fused,test-pred-003100,1627615260000,1627615227828,32.172,mobservice1,login_failure,mobservice2,2
gaia-v3-15872,fused,test-pred-003101,1627615350000,1627615322267,27.733,mobservice2,login_failure,mobservice2,1
gaia-v3-16185,fused,test-pred-003102,1627615500000,1627615473508,26.492,mobservice1,login_failure,mobservice1,1
gaia-v3-16186,fused,test-pred-003103,1627615650000,1627615625891,24.109,mobservice1,login_failure,mobservice2,3
gaia-v3-15873,fused,test-pred-003104,1627615770000,1627615756380,13.62,mobservice2,login_failure,mobservice1,2
gaia-v3-16187,fused,test-pred-003105,1627615920000,1627615906238,13.762,mobservice1,login_failure,mobservice2,2
gaia-v3-16188,fused,test-pred-003106,1627616190000,1627616163320,26.68,mobservice1,login_failure,mobservice2,2
gaia-v3-15874,fused,test-pred-003107,1627616250000,1627616238787,11.213,mobservice2,login_failure,mobservice2,1
gaia-v3-15875,fused,test-pred-003108,1627616370000,1627616348922,21.078,mobservice2,login_failure,mobservice2,1
gaia-v3-16189,fused,test-pred-003109,1627616640000,1627616627149,12.851,mobservice1,login_failure,mobservice2,2
gaia-v3-15876,fused,test-pred-003110,1627616730000,1627616707318,22.682,mobservice2,login_failure,mobservice1,2
gaia-v3-16191,fused,test-pred-003111,1627616850000,1627616838639,11.361,mobservice1,login_failure,mobservice1,1
gaia-v3-15878,fused,test-pred-003112,1627616910000,1627616893930,16.07,mobservice2,login_failure,mobservice1,2
gaia-v3-15880,fused,test-pred-003113,1627617060000,1627617058839,1.161,mobservice2,login_failure,mobservice2,1
gaia-v3-15881,fused,test-pred-003114,1627617480000,1627617459442,20.558,mobservice2,login_failure,mobservice2,1
gaia-v3-15705,fused,test-pred-003115,1627617630000,1627617600298,29.702,dbservice2,access_permission_denied,dbservice2,1
gaia-v3-16201,fused,test-pred-003116,1627621410000,1627621386982,23.018,mobservice1,login_failure,mobservice1,1
gaia-v3-15893,fused,test-pred-003117,1627621620000,1627621582918,37.082,mobservice2,login_failure,mobservice2,1
gaia-v3-15894,fused,test-pred-003118,1627621680000,1627621658818,21.182,mobservice2,login_failure,mobservice1,2
gaia-v3-16203,fused,test-pred-003119,1627621830000,1627621793796,36.204,mobservice1,login_failure,mobservice1,1
gaia-v3-16204,fused,test-pred-003120,1627622280000,1627622261513,18.487,mobservice1,login_failure,mobservice2,2
gaia-v3-15895,fused,test-pred-003121,1627622400000,1627622360679,39.321,mobservice2,login_failure,mobservice2,1
gaia-v3-16205,fused,test-pred-003122,1627622700000,1627622686796,13.204,mobservice1,login_failure,mobservice2,2
gaia-v3-15896,fused,test-pred-003123,1627622790000,1627622756060,33.94,mobservice2,login_failure,mobservice2,1
gaia-v3-15897,fused,test-pred-003124,1627622880000,1627622850497,29.503,mobservice2,login_failure,mobservice2,1
gaia-v3-16206,fused,test-pred-003125,1627623060000,1627623024757,35.243,mobservice1,login_failure,mobservice1,1
gaia-v3-15900,fused,test-pred-003126,1627623540000,1627623522323,17.677,mobservice2,login_failure,mobservice1,2
gaia-v3-16207,fused,test-pred-003127,1627623630000,1627623618584,11.416,mobservice1,login_failure,mobservice2,2
gaia-v3-15901,fused,test-pred-003128,1627623750000,1627623728084,21.916,mobservice2,login_failure,mobservice1,2
gaia-v3-16208,fused,test-pred-003129,1627623870000,1627623854366,15.634,mobservice1,login_failure,dbservice1,3
gaia-v3-16209,fused,test-pred-003130,1627624080000,1627624065169,14.831,mobservice1,login_failure,mobservice1,1
gaia-v3-16210,fused,test-pred-003131,1627624170000,1627624152047,17.953,mobservice1,login_failure,mobservice1,1
gaia-v3-16212,fused,test-pred-003132,1627624470000,1627624441363,28.637,mobservice1,login_failure,mobservice1,1
gaia-v3-15902,fused,test-pred-003133,1627624740000,1627624704494,35.506,mobservice2,login_failure,mobservice1,3
gaia-v3-15903,fused,test-pred-003134,1627625040000,1627625024023,15.977,mobservice2,login_failure,mobservice1,2
gaia-v3-16213,fused,test-pred-003135,1627625130000,1627625102359,27.641,mobservice1,login_failure,mobservice2,2
gaia-v3-16214,fused,test-pred-003136,1627625550000,1627625548722,1.278,mobservice1,login_failure,mobservice1,1
gaia-v3-15905,fused,test-pred-003137,1627625940000,1627625919909,20.091,mobservice2,login_failure,mobservice2,1
gaia-v3-16215,fused,test-pred-003138,1627626270000,1627626257371,12.629,mobservice1,login_failure,dbservice2,2
gaia-v3-15907,fused,test-pred-003139,1627626600000,1627626592531,7.469,mobservice2,login_failure,mobservice1,2
gaia-v3-15908,fused,test-pred-003140,1627626780000,1627626770163,9.837,mobservice2,login_failure,mobservice2,1
gaia-v3-15910,fused,test-pred-003141,1627626900000,1627626897741,2.259,mobservice2,login_failure,mobservice2,1
gaia-v3-15911,fused,test-pred-003142,1627626990000,1627626959016,30.984,mobservice2,login_failure,mobservice2,1
gaia-v3-15912,fused,test-pred-003143,1627627500000,1627627472745,27.255,mobservice2,login_failure,mobservice2,1
gaia-v3-15913,fused,test-pred-003144,1627627590000,1627627578407,11.593,mobservice2,login_failure,mobservice1,2
gaia-v3-15914,fused,test-pred-003145,1627627890000,1627627863148,26.852,mobservice2,login_failure,mobservice2,1
gaia-v3-15915,fused,test-pred-003146,1627628010000,1627627998689,11.311,mobservice2,login_failure,mobservice1,2
gaia-v3-16220,fused,test-pred-003147,1627628190000,1627628160008,29.992,mobservice1,login_failure,mobservice2,3
gaia-v3-15917,fused,test-pred-003148,1627628310000,1627628309225,0.775,mobservice2,login_failure,mobservice2,1
gaia-v3-16222,fused,test-pred-003149,1627628490000,1627628482837,7.163,mobservice1,login_failure,mobservice1,1
gaia-v3-15918,fused,test-pred-003150,1627629030000,1627629004203,25.797,mobservice2,login_failure,mobservice2,1
gaia-v3-15919,fused,test-pred-003151,1627629210000,1627629179620,30.38,mobservice2,login_failure,mobservice2,1
gaia-v3-16224,fused,test-pred-003152,1627629450000,1627629431354,18.646,mobservice1,login_failure,mobservice1,1
gaia-v3-16225,fused,test-pred-003153,1627629510000,1627629472385,37.615,mobservice1,login_failure,mobservice1,1
gaia-v3-16227,fused,test-pred-003154,1627629570000,1627629554497,15.503,mobservice1,login_failure,mobservice2,2
gaia-v3-15921,fused,test-pred-003155,1627629780000,1627629746455,33.545,mobservice2,login_failure,mobservice1,2
gaia-v3-15922,fused,test-pred-003156,1627630140000,1627630118741,21.259,mobservice2,login_failure,mobservice2,1
gaia-v3-16228,fused,test-pred-003157,1627630290000,1627630265050,24.95,mobservice1,login_failure,mobservice1,1
gaia-v3-15925,fused,test-pred-003158,1627630620000,1627630584542,35.458,mobservice2,login_failure,mobservice2,1
gaia-v3-15926,fused,test-pred-003159,1627630800000,1627630773133,26.867,mobservice2,login_failure,mobservice2,1
gaia-v3-15927,fused,test-pred-003160,1627630890000,1627630856030,33.97,mobservice2,login_failure,mobservice1,2
gaia-v3-15928,fused,test-pred-003161,1627631130000,1627631120903,9.097,mobservice2,login_failure,mobservice2,1
gaia-v3-16230,fused,test-pred-003162,1627631340000,1627631302014,37.986,mobservice1,login_failure,mobservice2,2
gaia-v3-15929,fused,test-pred-003163,1627631520000,1627631495562,24.438,mobservice2,login_failure,mobservice1,2
gaia-v3-16231,fused,test-pred-003164,1627631610000,1627631593325,16.675,mobservice1,login_failure,mobservice1,1
gaia-v3-15930,fused,test-pred-003165,1627631820000,1627631792094,27.906,mobservice2,login_failure,mobservice1,2
gaia-v3-15707,fused,test-pred-003166,1627632030000,1627632000476,29.524,dbservice2,access_permission_denied,webservice1,4
gaia-v3-10780,reconstruction,test-pred-000000,1626963480000,1626963467588,12.412,mobservice2,login_failure,redisservice1,2
gaia-v3-10781,reconstruction,test-pred-000001,1626963690000,1626963655995,34.005,mobservice2,login_failure,mobservice1,2
gaia-v3-10782,reconstruction,test-pred-000002,1626964320000,1626964301183,18.817,mobservice2,login_failure,mobservice2,1
gaia-v3-10783,reconstruction,test-pred-000003,1626964770000,1626964747131,22.869,mobservice2,login_failure,mobservice1,2
gaia-v3-11092,reconstruction,test-pred-000004,1626965010000,1626964995328,14.672,mobservice1,login_failure,mobservice1,1
gaia-v3-11094,reconstruction,test-pred-000005,1626965130000,1626965115678,14.322,mobservice1,login_failure,mobservice1,1
gaia-v3-10785,reconstruction,test-pred-000006,1626965190000,1626965160011,29.989,mobservice2,login_failure,mobservice2,1
gaia-v3-10786,reconstruction,test-pred-000007,1626965280000,1626965245689,34.311,mobservice2,login_failure,mobservice2,1
gaia-v3-10787,reconstruction,test-pred-000008,1626965430000,1626965407037,22.963,mobservice2,login_failure,mobservice2,1
gaia-v3-10788,reconstruction,test-pred-000009,1626965970000,1626965932662,37.338,mobservice2,login_failure,mobservice2,1
gaia-v3-11097,reconstruction,test-pred-000010,1626966270000,1626966234568,35.432,mobservice1,login_failure,mobservice1,1
gaia-v3-10789,reconstruction,test-pred-000011,1626967170000,1626967135866,34.134,mobservice2,login_failure,mobservice1,2
gaia-v3-10790,reconstruction,test-pred-000012,1626967590000,1626967574044,15.956,mobservice2,login_failure,mobservice2,1
gaia-v3-10791,reconstruction,test-pred-000013,1626967710000,1626967683267,26.733,mobservice2,login_failure,mobservice1,2
gaia-v3-10792,reconstruction,test-pred-000014,1626967890000,1626967853701,36.299,mobservice2,login_failure,mobservice1,2
gaia-v3-10793,reconstruction,test-pred-000015,1626968310000,1626968270629,39.371,mobservice2,login_failure,mobservice1,2
gaia-v3-10795,reconstruction,test-pred-000017,1626969090000,1626969071823,18.177,mobservice2,login_failure,mobservice1,2
gaia-v3-10796,reconstruction,test-pred-000018,1626969450000,1626969435150,14.85,mobservice2,login_failure,mobservice2,1
gaia-v3-10797,reconstruction,test-pred-000019,1626969540000,1626969505255,34.745,mobservice2,login_failure,mobservice1,4
gaia-v3-11449,reconstruction,test-pred-000020,1626969780000,1626969749235,30.765,mobservice1,login_failure,mobservice2,2
gaia-v3-11152,reconstruction,test-pred-000021,1626969900000,1626969870644,29.356,mobservice2,login_failure,mobservice2,1
gaia-v3-11153,reconstruction,test-pred-000022,1626970080000,1626970064326,15.674,mobservice2,login_failure,mobservice2,1
gaia-v3-11452,reconstruction,test-pred-000023,1626970560000,1626970544305,15.695,mobservice1,login_failure,mobservice2,2
gaia-v3-11157,reconstruction,test-pred-000024,1626970710000,1626970671820,38.18,mobservice2,login_failure,mobservice1,5
gaia-v3-11158,reconstruction,test-pred-000025,1626971010000,1626970992177,17.823,mobservice2,login_failure,mobservice1,2
gaia-v3-11159,reconstruction,test-pred-000026,1626971310000,1626971282364,27.636,mobservice2,login_failure,mobservice2,1
gaia-v3-11459,reconstruction,test-pred-000027,1626971700000,1626971660625,39.375,mobservice1,login_failure,mobservice2,2
gaia-v3-11161,reconstruction,test-pred-000028,1626971790000,1626971778746,11.254,mobservice2,login_failure,mobservice2,1
gaia-v3-11162,reconstruction,test-pred-000029,1626972690000,1626972676140,13.86,mobservice2,login_failure,mobservice2,1
gaia-v3-11167,reconstruction,test-pred-000031,1626974400000,1626974373589,26.411,mobservice2,login_failure,mobservice1,2
gaia-v3-11169,reconstruction,test-pred-000033,1626974970000,1626974951969,18.031,mobservice2,login_failure,mobservice2,1
gaia-v3-11170,reconstruction,test-pred-000034,1626975060000,1626975046758,13.242,mobservice2,login_failure,mobservice2,1
gaia-v3-11477,reconstruction,test-pred-000035,1626975450000,1626975436226,13.774,mobservice1,login_failure,mobservice2,3
gaia-v3-11172,reconstruction,test-pred-000036,1626976590000,1626976563629,26.371,mobservice2,login_failure,mobservice1,2
gaia-v3-11481,reconstruction,test-pred-000037,1626976800000,1626976786321,13.679,mobservice1,login_failure,mobservice2,2
gaia-v3-11173,reconstruction,test-pred-000038,1626977220000,1626977190130,29.87,mobservice2,login_failure,mobservice1,2
gaia-v3-11174,reconstruction,test-pred-000039,1626977280000,1626977239939,40.061,mobservice2,login_failure,mobservice1,2
gaia-v3-11175,reconstruction,test-pred-000040,1626977520000,1626977485462,34.538,mobservice2,login_failure,mobservice1,2
gaia-v3-11176,reconstruction,test-pred-000041,1626978090000,1626978078085,11.915,mobservice2,login_failure,mobservice1,3
gaia-v3-11177,reconstruction,test-pred-000042,1626978390000,1626978355718,34.282,mobservice2,login_failure,mobservice2,1
gaia-v3-11178,reconstruction,test-pred-000043,1626978510000,1626978474213,35.787,mobservice2,login_failure,mobservice2,1
gaia-v3-11488,reconstruction,test-pred-000044,1626979350000,1626979345279,4.721,mobservice1,login_failure,mobservice1,1
gaia-v3-11180,reconstruction,test-pred-000045,1626979560000,1626979529035,30.965,mobservice2,login_failure,mobservice1,2
gaia-v3-11182,reconstruction,test-pred-000046,1626979920000,1626979918783,1.217,mobservice2,login_failure,mobservice2,1
gaia-v3-11183,reconstruction,test-pred-000047,1626980340000,1626980300317,39.683,mobservice2,login_failure,mobservice1,2
gaia-v3-11490,reconstruction,test-pred-000048,1626980400000,1626980372186,27.814,mobservice1,login_failure,mobservice2,2
gaia-v3-11184,reconstruction,test-pred-000049,1626980490000,1626980460727,29.273,mobservice2,login_failure,mobservice1,2
gaia-v3-11185,reconstruction,test-pred-000050,1626980970000,1626980935734,34.266,mobservice2,login_failure,mobservice2,1
gaia-v3-11186,reconstruction,test-pred-000052,1626981120000,1626981087394,32.606,mobservice2,login_failure,mobservice1,3
gaia-v3-11187,reconstruction,test-pred-000054,1626981390000,1626981367958,22.042,mobservice2,login_failure,mobservice2,1
gaia-v3-11188,reconstruction,test-pred-000055,1626981930000,1626981911868,18.132,mobservice2,login_failure,mobservice1,2
gaia-v3-11189,reconstruction,test-pred-000056,1626982020000,1626981988636,31.364,mobservice2,login_failure,mobservice1,2
gaia-v3-11498,reconstruction,test-pred-000059,1626982500000,1626982497725,2.275,mobservice1,login_failure,mobservice1,1
gaia-v3-11195,reconstruction,test-pred-000062,1626983610000,1626983581923,28.077,mobservice2,login_failure,mobservice2,1
gaia-v3-11196,reconstruction,test-pred-000063,1626983970000,1626983934015,35.985,mobservice2,login_failure,mobservice1,2
gaia-v3-11508,reconstruction,test-pred-000064,1626984390000,1626984382583,7.417,mobservice1,login_failure,mobservice1,1
gaia-v3-11198,reconstruction,test-pred-000065,1626984780000,1626984750363,29.637,mobservice2,login_failure,mobservice1,2
gaia-v3-11510,reconstruction,test-pred-000067,1626985230000,1626985229789,0.211,mobservice1,login_failure,mobservice1,1
gaia-v3-11201,reconstruction,test-pred-000068,1626985590000,1626985576454,13.546,mobservice2,login_failure,mobservice1,2
gaia-v3-11202,reconstruction,test-pred-000069,1626985830000,1626985792277,37.723,mobservice2,login_failure,mobservice1,2
gaia-v3-11203,reconstruction,test-pred-000070,1626986010000,1626985997185,12.815,mobservice2,login_failure,mobservice2,1
gaia-v3-11514,reconstruction,test-pred-000071,1626986100000,1626986089071,10.929,mobservice1,login_failure,mobservice1,1
gaia-v3-11515,reconstruction,test-pred-000072,1626986310000,1626986269661,40.339,mobservice1,login_failure,mobservice1,1
gaia-v3-11205,reconstruction,test-pred-000073,1626986490000,1626986470623,19.377,mobservice2,login_failure,mobservice2,1
gaia-v3-11206,reconstruction,test-pred-000074,1626986610000,1626986594798,15.202,mobservice2,login_failure,mobservice2,1
gaia-v3-11753,reconstruction,test-pred-000075,1626986820000,1626986816669,3.331,redisservice2,memory_anomalies,mobservice2,3
gaia-v3-11209,reconstruction,test-pred-000077,1626988140000,1626988111791,28.209,mobservice2,login_failure,mobservice1,2
gaia-v3-11521,reconstruction,test-pred-000078,1626988560000,1626988541133,18.867,mobservice1,login_failure,mobservice1,1
gaia-v3-11212,reconstruction,test-pred-000079,1626988620000,1626988600113,19.887,mobservice2,login_failure,mobservice1,2
gaia-v3-11523,reconstruction,test-pred-000080,1626988740000,1626988701427,38.573,mobservice1,login_failure,mobservice2,2
gaia-v3-11524,reconstruction,test-pred-000081,1626988980000,1626988922544,57.456,mobservice1,login_failure,mobservice1,1
gaia-v3-11213,reconstruction,test-pred-000082,1626989550000,1626989510582,39.418,mobservice2,login_failure,mobservice2,1
gaia-v3-11214,reconstruction,test-pred-000083,1626989670000,1626989638309,31.691,mobservice2,login_failure,mobservice1,2
gaia-v3-11215,reconstruction,test-pred-000084,1626989820000,1626989790743,29.257,mobservice2,login_failure,mobservice1,2
gaia-v3-11217,reconstruction,test-pred-000086,1626989940000,1626989924051,15.949,mobservice2,login_failure,mobservice1,2
gaia-v3-11218,reconstruction,test-pred-000087,1626990240000,1626990205626,34.374,mobservice2,login_failure,mobservice2,1
gaia-v3-11528,reconstruction,test-pred-000088,1626990510000,1626990483970,26.03,mobservice1,login_failure,mobservice2,2
gaia-v3-11219,reconstruction,test-pred-000089,1626990960000,1626990937736,22.264,mobservice2,login_failure,mobservice2,1
gaia-v3-11221,reconstruction,test-pred-000090,1626991170000,1626991164548,5.452,mobservice2,login_failure,mobservice2,1
gaia-v3-11222,reconstruction,test-pred-000091,1626991500000,1626991479722,20.278,mobservice2,login_failure,mobservice2,1
gaia-v3-11531,reconstruction,test-pred-000092,1626991560000,1626991556322,3.678,mobservice1,login_failure,mobservice1,1
gaia-v3-11224,reconstruction,test-pred-000093,1626992100000,1626992087727,12.273,mobservice2,login_failure,mobservice1,2
gaia-v3-11535,reconstruction,test-pred-000094,1626992460000,1626992436206,23.794,mobservice1,login_failure,mobservice2,2
gaia-v3-11536,reconstruction,test-pred-000095,1626992550000,1626992543365,6.635,mobservice1,login_failure,mobservice1,1
gaia-v3-11227,reconstruction,test-pred-000096,1626992850000,1626992818564,31.436,mobservice2,login_failure,mobservice1,2
gaia-v3-11228,reconstruction,test-pred-000097,1626993090000,1626993073957,16.043,mobservice2,login_failure,mobservice1,2
gaia-v3-11229,reconstruction,test-pred-000099,1626993990000,1626993952421,37.579,mobservice2,login_failure,mobservice1,2
gaia-v3-11230,reconstruction,test-pred-000100,1626994200000,1626994180532,19.468,mobservice2,login_failure,mobservice2,1
gaia-v3-11231,reconstruction,test-pred-000101,1626994290000,1626994271564,18.436,mobservice2,login_failure,mobservice2,1
gaia-v3-11545,reconstruction,test-pred-000102,1626994710000,1626994674017,35.983,mobservice1,login_failure,mobservice2,3
gaia-v3-11760,reconstruction,test-pred-000103,1626994800000,1626994756512,43.488,logservice1,memory_anomalies,mobservice1,4
gaia-v3-11551,reconstruction,test-pred-000105,1626995850000,1626995818035,31.965,mobservice1,login_failure,mobservice2,2
gaia-v3-11235,reconstruction,test-pred-000106,1626995910000,1626995891102,18.898,mobservice2,login_failure,mobservice2,1
gaia-v3-11236,reconstruction,test-pred-000107,1626996270000,1626996247442,22.558,mobservice2,login_failure,mobservice1,2
gaia-v3-11237,reconstruction,test-pred-000108,1626996540000,1626996502662,37.338,mobservice2,login_failure,mobservice2,1
gaia-v3-11238,reconstruction,test-pred-000109,1626997410000,1626997387173,22.827,mobservice2,login_failure,mobservice1,3
gaia-v3-11239,reconstruction,test-pred-000110,1626997620000,1626997589172,30.828,mobservice2,login_failure,mobservice2,1
gaia-v3-11132,reconstruction,test-pred-000111,1626998430000,1626998400237,29.763,dbservice1,access_permission_denied,mobservice1,2
gaia-v3-11258,reconstruction,test-pred-000112,1627002120000,1627002094377,25.623,mobservice2,login_failure,dbservice1,3
gaia-v3-11565,reconstruction,test-pred-000113,1627002390000,1627002357850,32.15,mobservice1,login_failure,mobservice2,2
gaia-v3-11259,reconstruction,test-pred-000114,1627003260000,1627003224251,35.749,mobservice2,login_failure,mobservice1,2
gaia-v3-11260,reconstruction,test-pred-000115,1627003350000,1627003325083,24.917,mobservice2,login_failure,mobservice2,1
gaia-v3-11137,reconstruction,test-pred-000116,1627003470000,1627003435708,34.292,webservice2,memory_anomalies,mobservice2,3
gaia-v3-11576,reconstruction,test-pred-000117,1627004100000,1627004075282,24.718,mobservice1,login_failure,mobservice1,1
gaia-v3-11266,reconstruction,test-pred-000118,1627004400000,1627004391081,8.919,mobservice2,login_failure,mobservice2,1
gaia-v3-11267,reconstruction,test-pred-000119,1627004520000,1627004505873,14.127,mobservice2,login_failure,mobservice1,2
gaia-v3-11268,reconstruction,test-pred-000120,1627005480000,1627005452651,27.349,mobservice2,login_failure,mobservice1,2
gaia-v3-11269,reconstruction,test-pred-000121,1627005840000,1627005829013,10.987,mobservice2,login_failure,mobservice2,1
gaia-v3-11270,reconstruction,test-pred-000122,1627006440000,1627006406958,33.042,mobservice2,login_failure,mobservice2,1
gaia-v3-11272,reconstruction,test-pred-000123,1627007160000,1627007126230,33.77,mobservice2,login_failure,mobservice2,1
gaia-v3-11273,reconstruction,test-pred-000124,1627007250000,1627007216290,33.71,mobservice2,login_failure,mobservice2,1
gaia-v3-11274,reconstruction,test-pred-000125,1627007400000,1627007361300,38.7,mobservice2,login_failure,mobservice2,1
gaia-v3-11275,reconstruction,test-pred-000126,1627007490000,1627007467925,22.075,mobservice2,login_failure,mobservice1,2
gaia-v3-11276,reconstruction,test-pred-000127,1627007880000,1627007863481,16.519,mobservice2,login_failure,mobservice2,1
gaia-v3-11278,reconstruction,test-pred-000128,1627008000000,1627007998209,1.791,mobservice2,login_failure,mobservice2,1
gaia-v3-11279,reconstruction,test-pred-000129,1627008150000,1627008121899,28.101,mobservice2,login_failure,mobservice2,1
gaia-v3-11284,reconstruction,test-pred-000130,1627008960000,1627008959910,0.09,mobservice2,login_failure,mobservice2,1
gaia-v3-11286,reconstruction,test-pred-000132,1627009200000,1627009179011,20.989,mobservice2,login_failure,mobservice2,1
gaia-v3-11598,reconstruction,test-pred-000136,1627009830000,1627009799264,30.736,mobservice1,login_failure,mobservice2,2
gaia-v3-11289,reconstruction,test-pred-000137,1627009980000,1627009973839,6.161,mobservice2,login_failure,mobservice2,1
gaia-v3-11602,reconstruction,test-pred-000140,1627010520000,1627010516500,3.5,mobservice1,login_failure,mobservice1,1
gaia-v3-11290,reconstruction,test-pred-000142,1627010700000,1627010668657,31.343,mobservice2,login_failure,mobservice2,1
gaia-v3-11604,reconstruction,test-pred-000144,1627010880000,1627010861990,18.01,mobservice1,login_failure,mobservice1,1
gaia-v3-11605,reconstruction,test-pred-000145,1627011120000,1627011083476,36.524,mobservice1,login_failure,dbservice2,2
gaia-v3-11291,reconstruction,test-pred-000146,1627011180000,1627011155640,24.36,mobservice2,login_failure,mobservice2,1
gaia-v3-11293,reconstruction,test-pred-000147,1627011360000,1627011339289,20.711,mobservice2,login_failure,mobservice2,1
gaia-v3-11295,reconstruction,test-pred-000148,1627011570000,1627011538324,31.676,mobservice2,login_failure,mobservice1,4
gaia-v3-11608,reconstruction,test-pred-000149,1627011840000,1627011803863,36.137,mobservice1,login_failure,mobservice2,2
gaia-v3-11299,reconstruction,test-pred-000153,1627012410000,1627012379055,30.945,mobservice2,login_failure,mobservice1,2
gaia-v3-11300,reconstruction,test-pred-000154,1627012530000,1627012509809,20.191,mobservice2,login_failure,mobservice1,2
gaia-v3-11301,reconstruction,test-pred-000155,1627012680000,1627012648743,31.257,mobservice2,login_failure,mobservice2,1
gaia-v3-11302,reconstruction,test-pred-000156,1627012800000,1627012765747,34.253,mobservice2,login_failure,mobservice2,1
gaia-v3-11305,reconstruction,test-pred-000157,1627013040000,1627013003037,36.963,mobservice2,login_failure,mobservice1,2
gaia-v3-11307,reconstruction,test-pred-000158,1627013160000,1627013155718,4.282,mobservice2,login_failure,mobservice2,1
gaia-v3-11610,reconstruction,test-pred-000159,1627013430000,1627013407062,22.938,mobservice1,login_failure,mobservice1,1
gaia-v3-11611,reconstruction,test-pred-000160,1627013520000,1627013500055,19.945,mobservice1,login_failure,mobservice2,3
gaia-v3-11612,reconstruction,test-pred-000161,1627013790000,1627013761892,28.108,mobservice1,login_failure,mobservice2,2
gaia-v3-11613,reconstruction,test-pred-000164,1627014300000,1627014286835,13.165,mobservice1,login_failure,mobservice1,1
gaia-v3-11308,reconstruction,test-pred-000165,1627014690000,1627014659935,30.065,mobservice2,login_failure,mobservice2,1
gaia-v3-11309,reconstruction,test-pred-000166,1627014780000,1627014760400,19.6,mobservice2,login_failure,mobservice1,2
gaia-v3-11615,reconstruction,test-pred-000167,1627014870000,1627014847939,22.061,mobservice1,login_failure,mobservice2,2
gaia-v3-11310,reconstruction,test-pred-000168,1627014930000,1627014913755,16.245,mobservice2,login_failure,mobservice2,1
gaia-v3-11616,reconstruction,test-pred-000169,1627015080000,1627015073322,6.678,mobservice1,login_failure,mobservice1,1
gaia-v3-11314,reconstruction,test-pred-000170,1627015830000,1627015793335,36.665,mobservice2,login_failure,mobservice2,1
gaia-v3-11316,reconstruction,test-pred-000171,1627016100000,1627016087727,12.273,mobservice2,login_failure,mobservice1,3
gaia-v3-11317,reconstruction,test-pred-000172,1627016370000,1627016330492,39.508,mobservice2,login_failure,mobservice1,2
gaia-v3-11318,reconstruction,test-pred-000173,1627016580000,1627016547513,32.487,mobservice2,login_failure,mobservice2,1
gaia-v3-11319,reconstruction,test-pred-000174,1627016730000,1627016715461,14.539,mobservice2,login_failure,mobservice2,1
gaia-v3-11320,reconstruction,test-pred-000175,1627016880000,1627016861695,18.305,mobservice2,login_failure,mobservice2,1
gaia-v3-11321,reconstruction,test-pred-000176,1627016940000,1627016913473,26.527,mobservice2,login_failure,mobservice1,2
gaia-v3-11620,reconstruction,test-pred-000177,1627017030000,1627017002524,27.476,mobservice1,login_failure,mobservice1,1
gaia-v3-11622,reconstruction,test-pred-000178,1627017120000,1627017111329,8.671,mobservice1,login_failure,mobservice1,1
gaia-v3-11323,reconstruction,test-pred-000180,1627018560000,1627018538169,21.831,mobservice2,login_failure,mobservice2,1
gaia-v3-11324,reconstruction,test-pred-000181,1627019310000,1627019292552,17.448,mobservice2,login_failure,mobservice1,3
gaia-v3-11325,reconstruction,test-pred-000182,1627019610000,1627019569107,40.893,mobservice2,login_failure,mobservice2,1
gaia-v3-11326,reconstruction,test-pred-000183,1627019670000,1627019641437,28.563,mobservice2,login_failure,webservice1,3
gaia-v3-11328,reconstruction,test-pred-000184,1627020030000,1627020029469,0.531,mobservice2,login_failure,mobservice2,1
gaia-v3-11635,reconstruction,test-pred-000186,1627020600000,1627020560299,39.701,mobservice1,login_failure,mobservice1,1
gaia-v3-11637,reconstruction,test-pred-000187,1627020870000,1627020833148,36.852,mobservice1,login_failure,mobservice2,3
gaia-v3-11329,reconstruction,test-pred-000188,1627021020000,1627020979946,40.054,mobservice2,login_failure,mobservice1,2
gaia-v3-11330,reconstruction,test-pred-000189,1627021200000,1627021183240,16.76,mobservice2,login_failure,mobservice2,1
gaia-v3-11331,reconstruction,test-pred-000190,1627021920000,1627021903885,16.115,mobservice2,login_failure,mobservice2,1
gaia-v3-11332,reconstruction,test-pred-000191,1627022250000,1627022224886,25.114,mobservice2,login_failure,mobservice1,2
gaia-v3-11333,reconstruction,test-pred-000192,1627022490000,1627022471523,18.477,mobservice2,login_failure,mobservice2,1
gaia-v3-11334,reconstruction,test-pred-000193,1627022670000,1627022645368,24.632,mobservice2,login_failure,mobservice1,2
gaia-v3-11335,reconstruction,test-pred-000194,1627022790000,1627022760076,29.924,mobservice2,login_failure,mobservice1,2
gaia-v3-11337,reconstruction,test-pred-000196,1627023990000,1627023968542,21.458,mobservice2,login_failure,mobservice2,1
gaia-v3-11338,reconstruction,test-pred-000197,1627024560000,1627024542428,17.572,mobservice2,login_failure,mobservice2,1
gaia-v3-11652,reconstruction,test-pred-000198,1627024890000,1627024864316,25.684,mobservice1,login_failure,mobservice2,2
gaia-v3-11339,reconstruction,test-pred-000199,1627025010000,1627024975503,34.497,mobservice2,login_failure,mobservice2,1
gaia-v3-11340,reconstruction,test-pred-000200,1627025100000,1627025084942,15.058,mobservice2,login_failure,mobservice1,2
gaia-v3-11341,reconstruction,test-pred-000201,1627025700000,1627025664349,35.651,mobservice2,login_failure,mobservice2,1
gaia-v3-11342,reconstruction,test-pred-000202,1627025820000,1627025804640,15.36,mobservice2,login_failure,mobservice1,2
gaia-v3-11656,reconstruction,test-pred-000203,1627026270000,1627026251657,18.343,mobservice1,login_failure,mobservice2,2
gaia-v3-11343,reconstruction,test-pred-000204,1627026630000,1627026590278,39.722,mobservice2,login_failure,mobservice1,2
gaia-v3-11348,reconstruction,test-pred-000207,1627027410000,1627027390445,19.555,mobservice2,login_failure,dbservice2,3
gaia-v3-11349,reconstruction,test-pred-000208,1627027530000,1627027493820,36.18,mobservice2,login_failure,mobservice2,1
gaia-v3-11350,reconstruction,test-pred-000209,1627027620000,1627027606566,13.434,mobservice2,login_failure,mobservice2,1
gaia-v3-11353,reconstruction,test-pred-000210,1627027770000,1627027766972,3.028,mobservice2,login_failure,mobservice2,1
gaia-v3-11354,reconstruction,test-pred-000211,1627027920000,1627027900147,19.853,mobservice2,login_failure,mobservice2,1
gaia-v3-11355,reconstruction,test-pred-000212,1627027980000,1627027967289,12.711,mobservice2,login_failure,mobservice1,2
gaia-v3-11143,reconstruction,test-pred-000213,1627028220000,1627028165630,54.37,webservice1,memory_anomalies,mobservice1,3
gaia-v3-11359,reconstruction,test-pred-000214,1627029030000,1627029017264,12.736,mobservice2,login_failure,mobservice2,1
gaia-v3-11360,reconstruction,test-pred-000215,1627029240000,1627029213601,26.399,mobservice2,login_failure,mobservice1,2
gaia-v3-11361,reconstruction,test-pred-000216,1627029360000,1627029336321,23.679,mobservice2,login_failure,mobservice2,1
gaia-v3-11672,reconstruction,test-pred-000218,1627030800000,1627030765780,34.22,mobservice1,login_failure,mobservice2,2
gaia-v3-11363,reconstruction,test-pred-000219,1627031370000,1627031342955,27.045,mobservice2,login_failure,mobservice2,1
gaia-v3-11676,reconstruction,test-pred-000220,1627031910000,1627031877524,32.476,mobservice1,login_failure,mobservice1,1
gaia-v3-11365,reconstruction,test-pred-000221,1627032210000,1627032198356,11.644,mobservice2,login_failure,mobservice2,1
gaia-v3-11681,reconstruction,test-pred-000223,1627033290000,1627033252894,37.106,mobservice1,login_failure,mobservice1,1
gaia-v3-11367,reconstruction,test-pred-000224,1627033680000,1627033664504,15.496,mobservice2,login_failure,mobservice2,1
gaia-v3-11368,reconstruction,test-pred-000225,1627033740000,1627033708688,31.312,mobservice2,login_failure,mobservice2,1
gaia-v3-11370,reconstruction,test-pred-000226,1627034220000,1627034185462,34.538,mobservice2,login_failure,mobservice2,1
gaia-v3-11373,reconstruction,test-pred-000227,1627034340000,1627034324799,15.201,mobservice2,login_failure,mobservice1,2
gaia-v3-11375,reconstruction,test-pred-000229,1627035930000,1627035918916,11.084,mobservice2,login_failure,mobservice2,1
gaia-v3-11688,reconstruction,test-pred-000231,1627037190000,1627037160264,29.736,mobservice1,login_failure,mobservice1,1
gaia-v3-11382,reconstruction,test-pred-000232,1627037310000,1627037296996,13.004,mobservice2,login_failure,mobservice1,2
gaia-v3-11383,reconstruction,test-pred-000233,1627037460000,1627037429850,30.15,mobservice2,login_failure,mobservice2,1
gaia-v3-11384,reconstruction,test-pred-000234,1627037820000,1627037783799,36.201,mobservice2,login_failure,mobservice1,2
gaia-v3-11385,reconstruction,test-pred-000235,1627037880000,1627037863115,16.885,mobservice2,login_failure,mobservice2,1
gaia-v3-11387,reconstruction,test-pred-000236,1627038000000,1627037999060,0.94,mobservice2,login_failure,mobservice2,1
gaia-v3-11388,reconstruction,test-pred-000237,1627038540000,1627038511426,28.574,mobservice2,login_failure,mobservice2,1
gaia-v3-11389,reconstruction,test-pred-000238,1627038600000,1627038580541,19.459,mobservice2,login_failure,mobservice1,2
gaia-v3-11694,reconstruction,test-pred-000239,1627038870000,1627038857755,12.245,mobservice1,login_failure,mobservice2,2
gaia-v3-11391,reconstruction,test-pred-000240,1627039200000,1627039174910,25.09,mobservice2,login_failure,mobservice2,1
gaia-v3-11392,reconstruction,test-pred-000241,1627039650000,1627039635169,14.831,mobservice2,login_failure,mobservice1,2
gaia-v3-11393,reconstruction,test-pred-000242,1627039920000,1627039895871,24.129,mobservice2,login_failure,logservice2,2
gaia-v3-11395,reconstruction,test-pred-000243,1627040610000,1627040569935,40.065,mobservice2,login_failure,mobservice2,1
gaia-v3-11396,reconstruction,test-pred-000244,1627040700000,1627040673131,26.869,mobservice2,login_failure,mobservice2,1
gaia-v3-11397,reconstruction,test-pred-000245,1627040790000,1627040775683,14.317,mobservice2,login_failure,mobservice2,1
gaia-v3-11399,reconstruction,test-pred-000247,1627041450000,1627041413738,36.262,mobservice2,login_failure,mobservice1,2
gaia-v3-11403,reconstruction,test-pred-000249,1627042380000,1627042345960,34.04,mobservice2,login_failure,mobservice2,1
gaia-v3-11711,reconstruction,test-pred-000250,1627042800000,1627042782271,17.729,mobservice1,login_failure,redisservice2,2
gaia-v3-11408,reconstruction,test-pred-000252,1627044000000,1627043982213,17.787,mobservice2,login_failure,mobservice1,2
gaia-v3-11409,reconstruction,test-pred-000254,1627044240000,1627044200962,39.038,mobservice2,login_failure,mobservice1,2
gaia-v3-11410,reconstruction,test-pred-000255,1627044450000,1627044420128,29.872,mobservice2,login_failure,mobservice1,2
gaia-v3-11411,reconstruction,test-pred-000256,1627044990000,1627044961818,28.182,mobservice2,login_failure,mobservice1,2
gaia-v3-11413,reconstruction,test-pred-000257,1627045200000,1627045186840,13.16,mobservice2,login_failure,mobservice2,1
gaia-v3-11414,reconstruction,test-pred-000258,1627045410000,1627045387692,22.308,mobservice2,login_failure,mobservice1,2
gaia-v3-11416,reconstruction,test-pred-000260,1627045860000,1627045841918,18.082,mobservice2,login_failure,logservice1,2
gaia-v3-11418,reconstruction,test-pred-000261,1627046130000,1627046098559,31.441,mobservice2,login_failure,mobservice1,2
gaia-v3-11419,reconstruction,test-pred-000262,1627046340000,1627046324987,15.013,mobservice2,login_failure,mobservice2,1
gaia-v3-11420,reconstruction,test-pred-000263,1627046790000,1627046758974,31.026,mobservice2,login_failure,mobservice2,1
gaia-v3-11725,reconstruction,test-pred-000265,1627047690000,1627047662549,27.451,mobservice1,login_failure,mobservice2,2
gaia-v3-11728,reconstruction,test-pred-000266,1627047990000,1627047953149,36.851,mobservice1,login_failure,mobservice1,1
gaia-v3-11423,reconstruction,test-pred-000267,1627048080000,1627048076530,3.47,mobservice2,login_failure,mobservice2,1
gaia-v3-11424,reconstruction,test-pred-000268,1627048350000,1627048336217,13.783,mobservice2,login_failure,mobservice2,1
gaia-v3-11425,reconstruction,test-pred-000269,1627048680000,1627048649435,30.565,mobservice2,login_failure,mobservice2,1
gaia-v3-11426,reconstruction,test-pred-000270,1627048770000,1627048752161,17.839,mobservice2,login_failure,mobservice2,1
gaia-v3-11428,reconstruction,test-pred-000271,1627048890000,1627048889682,0.318,mobservice2,login_failure,mobservice2,1
gaia-v3-11429,reconstruction,test-pred-000272,1627049370000,1627049352847,17.153,mobservice2,login_failure,mobservice2,1
gaia-v3-11430,reconstruction,test-pred-000273,1627049730000,1627049702941,27.059,mobservice2,login_failure,webservice1,3
gaia-v3-11735,reconstruction,test-pred-000274,1627051080000,1627051066373,13.627,mobservice1,login_failure,mobservice2,3
gaia-v3-11436,reconstruction,test-pred-000275,1627051470000,1627051452789,17.211,mobservice2,login_failure,mobservice2,1
gaia-v3-11437,reconstruction,test-pred-000276,1627051560000,1627051522403,37.597,mobservice2,login_failure,mobservice1,3
gaia-v3-11438,reconstruction,test-pred-000278,1627052340000,1627052299891,40.109,mobservice2,login_failure,mobservice1,2
gaia-v3-11439,reconstruction,test-pred-000279,1627052610000,1627052581163,28.837,mobservice2,login_failure,mobservice1,2
gaia-v3-11440,reconstruction,test-pred-000280,1627052790000,1627052770896,19.104,mobservice2,login_failure,mobservice2,1
gaia-v3-11441,reconstruction,test-pred-000281,1627053300000,1627053271009,28.991,mobservice2,login_failure,mobservice2,1
gaia-v3-11442,reconstruction,test-pred-000282,1627054050000,1627054027678,22.322,mobservice2,login_failure,mobservice2,1
gaia-v3-11443,reconstruction,test-pred-000283,1627054200000,1627054184238,15.762,mobservice2,login_failure,mobservice2,1
gaia-v3-11444,reconstruction,test-pred-000284,1627054380000,1627054354639,25.361,mobservice2,login_failure,mobservice2,1
gaia-v3-11445,reconstruction,test-pred-000285,1627054530000,1627054494141,35.859,mobservice2,login_failure,mobservice1,2
gaia-v3-11446,reconstruction,test-pred-000286,1627054770000,1627054755014,14.986,mobservice2,login_failure,mobservice2,1
gaia-v3-11742,reconstruction,test-pred-000287,1627055070000,1627055057070,12.93,mobservice1,login_failure,dbservice2,4
gaia-v3-11447,reconstruction,test-pred-000288,1627055370000,1627055344638,25.362,mobservice2,login_failure,mobservice2,1
gaia-v3-11448,reconstruction,test-pred-000289,1627055430000,1627055413820,16.18,mobservice2,login_failure,mobservice1,2
gaia-v3-11744,reconstruction,test-pred-000290,1627055970000,1627055941839,28.161,mobservice1,login_failure,mobservice1,1
gaia-v3-11798,reconstruction,test-pred-000291,1627056660000,1627056621029,38.971,mobservice2,login_failure,mobservice1,2
gaia-v3-11800,reconstruction,test-pred-000293,1627056900000,1627056866253,33.747,mobservice2,login_failure,mobservice2,1
gaia-v3-11802,reconstruction,test-pred-000294,1627057440000,1627057404395,35.605,mobservice2,login_failure,mobservice1,2
gaia-v3-11806,reconstruction,test-pred-000297,1627059030000,1627058992330,37.67,mobservice2,login_failure,webservice2,3
gaia-v3-11807,reconstruction,test-pred-000298,1627059270000,1627059238292,31.708,mobservice2,login_failure,mobservice1,2
gaia-v3-11808,reconstruction,test-pred-000299,1627059510000,1627059486981,23.019,mobservice2,login_failure,mobservice1,3
gaia-v3-12107,reconstruction,test-pred-000300,1627059600000,1627059565008,34.992,mobservice1,login_failure,webservice2,2
gaia-v3-12110,reconstruction,test-pred-000302,1627060380000,1627060358444,21.556,mobservice1,login_failure,mobservice1,1
gaia-v3-12112,reconstruction,test-pred-000303,1627060560000,1627060533159,26.841,mobservice1,login_failure,mobservice2,2
gaia-v3-11812,reconstruction,test-pred-000304,1627060620000,1627060612697,7.303,mobservice2,login_failure,mobservice2,1
gaia-v3-11813,reconstruction,test-pred-000305,1627060830000,1627060816709,13.291,mobservice2,login_failure,mobservice2,1
gaia-v3-11814,reconstruction,test-pred-000306,1627061490000,1627061454599,35.401,mobservice2,login_failure,mobservice1,2
gaia-v3-11815,reconstruction,test-pred-000307,1627061940000,1627061928184,11.816,mobservice2,login_failure,mobservice1,2
gaia-v3-11817,reconstruction,test-pred-000308,1627062630000,1627062597818,32.182,mobservice2,login_failure,mobservice2,1
gaia-v3-11818,reconstruction,test-pred-000309,1627062990000,1627062967206,22.794,mobservice2,login_failure,mobservice2,1
gaia-v3-11819,reconstruction,test-pred-000310,1627063140000,1627063125221,14.779,mobservice2,login_failure,mobservice2,1
gaia-v3-11820,reconstruction,test-pred-000311,1627063560000,1627063522400,37.6,mobservice2,login_failure,mobservice1,3
gaia-v3-12120,reconstruction,test-pred-000312,1627063860000,1627063857564,2.436,mobservice1,login_failure,mobservice1,1
gaia-v3-11822,reconstruction,test-pred-000313,1627064100000,1627064075610,24.39,mobservice2,login_failure,mobservice1,2
gaia-v3-11823,reconstruction,test-pred-000314,1627064460000,1627064433252,26.748,mobservice2,login_failure,mobservice2,1
gaia-v3-11824,reconstruction,test-pred-000315,1627064850000,1627064817298,32.702,mobservice2,login_failure,mobservice2,1
gaia-v3-11825,reconstruction,test-pred-000316,1627065030000,1627065001384,28.616,mobservice2,login_failure,mobservice1,2
gaia-v3-11826,reconstruction,test-pred-000317,1627065360000,1627065319049,40.951,mobservice2,login_failure,mobservice1,3
gaia-v3-11827,reconstruction,test-pred-000318,1627065660000,1627065628818,31.182,mobservice2,login_failure,mobservice1,2
gaia-v3-11829,reconstruction,test-pred-000319,1627065900000,1627065886849,13.151,mobservice2,login_failure,mobservice1,2
gaia-v3-11830,reconstruction,test-pred-000320,1627066320000,1627066295901,24.099,mobservice2,login_failure,mobservice1,2
gaia-v3-11831,reconstruction,test-pred-000321,1627066410000,1627066371701,38.299,mobservice2,login_failure,mobservice1,2
gaia-v3-12130,reconstruction,test-pred-000322,1627066500000,1627066485720,14.28,mobservice1,login_failure,mobservice2,2
gaia-v3-11833,reconstruction,test-pred-000323,1627066620000,1627066606004,13.996,mobservice2,login_failure,mobservice1,2
gaia-v3-11834,reconstruction,test-pred-000324,1627066800000,1627066760794,39.206,mobservice2,login_failure,mobservice1,2
gaia-v3-11835,reconstruction,test-pred-000325,1627067010000,1627066972551,37.449,mobservice2,login_failure,mobservice1,3
gaia-v3-11837,reconstruction,test-pred-000326,1627067280000,1627067261455,18.545,mobservice2,login_failure,mobservice2,1
gaia-v3-12134,reconstruction,test-pred-000328,1627067580000,1627067530164,49.836,mobservice1,login_failure,mobservice2,2
gaia-v3-12135,reconstruction,test-pred-000329,1627067850000,1627067809128,40.872,mobservice1,login_failure,mobservice2,2
gaia-v3-11839,reconstruction,test-pred-000330,1627068570000,1627068535709,34.291,mobservice2,login_failure,mobservice1,2
gaia-v3-12138,reconstruction,test-pred-000331,1627068630000,1627068595177,34.823,mobservice1,login_failure,mobservice2,3
gaia-v3-11840,reconstruction,test-pred-000332,1627068720000,1627068702992,17.008,mobservice2,login_failure,dbservice1,2
gaia-v3-11841,reconstruction,test-pred-000334,1627068870000,1627068858487,11.513,mobservice2,login_failure,mobservice2,1
gaia-v3-11847,reconstruction,test-pred-000339,1627070430000,1627070416458,13.542,mobservice2,login_failure,mobservice1,3
gaia-v3-11848,reconstruction,test-pred-000340,1627070970000,1627070941165,28.835,mobservice2,login_failure,mobservice2,1
gaia-v3-11849,reconstruction,test-pred-000341,1627071030000,1627070999815,30.185,mobservice2,login_failure,mobservice1,2
gaia-v3-12147,reconstruction,test-pred-000342,1627071240000,1627071208049,31.951,mobservice1,login_failure,mobservice2,3
gaia-v3-11853,reconstruction,test-pred-000343,1627072230000,1627072217509,12.491,mobservice2,login_failure,mobservice2,1
gaia-v3-11854,reconstruction,test-pred-000344,1627072590000,1627072557724,32.276,mobservice2,login_failure,mobservice1,2
gaia-v3-11856,reconstruction,test-pred-000345,1627072830000,1627072805512,24.488,mobservice2,login_failure,mobservice1,2
gaia-v3-12157,reconstruction,test-pred-000346,1627073250000,1627073209924,40.076,mobservice1,login_failure,mobservice1,1
gaia-v3-11857,reconstruction,test-pred-000347,1627073490000,1627073464990,25.01,mobservice2,login_failure,mobservice2,1
gaia-v3-11858,reconstruction,test-pred-000348,1627073580000,1627073553590,26.41,mobservice2,login_failure,mobservice1,2
gaia-v3-11859,reconstruction,test-pred-000349,1627073940000,1627073912640,27.36,mobservice2,login_failure,mobservice1,2
gaia-v3-12162,reconstruction,test-pred-000350,1627074330000,1627074312129,17.871,mobservice1,login_failure,mobservice2,2
gaia-v3-11861,reconstruction,test-pred-000351,1627074510000,1627074491704,18.296,mobservice2,login_failure,mobservice1,2
gaia-v3-11864,reconstruction,test-pred-000354,1627075680000,1627075648256,31.744,mobservice2,login_failure,mobservice1,2
gaia-v3-12166,reconstruction,test-pred-000355,1627075830000,1627075791115,38.885,mobservice1,login_failure,mobservice1,1
gaia-v3-12167,reconstruction,test-pred-000356,1627075920000,1627075906305,13.695,mobservice1,login_failure,mobservice1,1
gaia-v3-11865,reconstruction,test-pred-000357,1627075980000,1627075956977,23.023,mobservice2,login_failure,mobservice2,1
gaia-v3-11866,reconstruction,test-pred-000358,1627076070000,1627076034524,35.476,mobservice2,login_failure,mobservice2,1
gaia-v3-11867,reconstruction,test-pred-000359,1627076160000,1627076123178,36.822,mobservice2,login_failure,mobservice1,2
gaia-v3-12171,reconstruction,test-pred-000360,1627076340000,1627076325513,14.487,mobservice1,login_failure,mobservice2,2
gaia-v3-11868,reconstruction,test-pred-000361,1627077150000,1627077137042,12.958,mobservice2,login_failure,mobservice2,1
gaia-v3-11869,reconstruction,test-pred-000362,1627077210000,1627077169909,40.091,mobservice2,login_failure,mobservice1,2
gaia-v3-12175,reconstruction,test-pred-000363,1627077420000,1627077408534,11.466,mobservice1,login_failure,mobservice2,2
gaia-v3-11871,reconstruction,test-pred-000364,1627077510000,1627077471248,38.752,mobservice2,login_failure,mobservice1,2
gaia-v3-11874,reconstruction,test-pred-000366,1627079010000,1627078986223,23.777,mobservice2,login_failure,mobservice1,2
gaia-v3-11876,reconstruction,test-pred-000368,1627080120000,1627080097327,22.673,mobservice2,login_failure,mobservice2,1
gaia-v3-12184,reconstruction,test-pred-000370,1627080690000,1627080671623,18.377,mobservice1,login_failure,mobservice2,7
gaia-v3-11879,reconstruction,test-pred-000371,1627080780000,1627080741696,38.304,mobservice2,login_failure,mobservice2,1
gaia-v3-11880,reconstruction,test-pred-000372,1627080840000,1627080821474,18.526,mobservice2,login_failure,mobservice1,2
gaia-v3-11881,reconstruction,test-pred-000373,1627081200000,1627081180801,19.199,mobservice2,login_failure,mobservice1,2
gaia-v3-11882,reconstruction,test-pred-000374,1627081470000,1627081429654,40.346,mobservice2,login_failure,mobservice1,2
gaia-v3-11883,reconstruction,test-pred-000375,1627081530000,1627081529122,0.878,mobservice2,login_failure,mobservice2,1
gaia-v3-12437,reconstruction,test-pred-000376,1627081740000,1627081725631,14.369,redisservice1,memory_anomalies,mobservice2,3
gaia-v3-11887,reconstruction,test-pred-000378,1627082760000,1627082740778,19.222,mobservice2,login_failure,mobservice2,1
gaia-v3-11888,reconstruction,test-pred-000379,1627082910000,1627082872913,37.087,mobservice2,login_failure,mobservice2,1
gaia-v3-11889,reconstruction,test-pred-000380,1627083390000,1627083372369,17.631,mobservice2,login_failure,mobservice1,2
gaia-v3-11890,reconstruction,test-pred-000381,1627083750000,1627083714113,35.887,mobservice2,login_failure,mobservice2,1
gaia-v3-12193,reconstruction,test-pred-000382,1627083810000,1627083809135,0.865,mobservice1,login_failure,mobservice1,1
gaia-v3-12194,reconstruction,test-pred-000383,1627083900000,1627083865108,34.892,mobservice1,login_failure,mobservice1,1
gaia-v3-12195,reconstruction,test-pred-000384,1627084050000,1627084015546,34.454,mobservice1,login_failure,mobservice1,1
gaia-v3-11892,reconstruction,test-pred-000385,1627084200000,1627084178693,21.307,mobservice2,login_failure,mobservice1,2
gaia-v3-12198,reconstruction,test-pred-000386,1627084260000,1627084234587,25.413,mobservice1,login_failure,mobservice1,1
gaia-v3-12201,reconstruction,test-pred-000387,1627084680000,1627084665855,14.145,mobservice1,login_failure,mobservice2,2
gaia-v3-11894,reconstruction,test-pred-000388,1627084770000,1627084754258,15.742,mobservice2,login_failure,mobservice1,2
gaia-v3-12202,reconstruction,test-pred-000389,1627084830000,1627084828982,1.018,mobservice1,login_failure,mobservice1,1
gaia-v3-12208,reconstruction,test-pred-000390,1627085640000,1627085609253,30.747,mobservice1,login_failure,mobservice2,10
gaia-v3-11901,reconstruction,test-pred-000392,1627086690000,1627086663574,26.426,mobservice2,login_failure,mobservice2,1
gaia-v3-11904,reconstruction,test-pred-000394,1627087110000,1627087098648,11.352,mobservice2,login_failure,mobservice1,2
gaia-v3-11905,reconstruction,test-pred-000395,1627087440000,1627087427041,12.959,mobservice2,login_failure,mobservice1,2
gaia-v3-12216,reconstruction,test-pred-000396,1627087560000,1627087553267,6.733,mobservice1,login_failure,mobservice1,1
gaia-v3-11907,reconstruction,test-pred-000397,1627087680000,1627087649953,30.047,mobservice2,login_failure,mobservice1,2
gaia-v3-11909,reconstruction,test-pred-000398,1627088280000,1627088244651,35.349,mobservice2,login_failure,mobservice2,1
gaia-v3-11910,reconstruction,test-pred-000399,1627088340000,1627088323053,16.947,mobservice2,login_failure,mobservice1,2
gaia-v3-11911,reconstruction,test-pred-000400,1627089570000,1627089554260,15.74,mobservice2,login_failure,mobservice1,4
gaia-v3-12225,reconstruction,test-pred-000401,1627089690000,1627089659027,30.973,mobservice1,login_failure,mobservice2,2
gaia-v3-12228,reconstruction,test-pred-000404,1627090890000,1627090860923,29.077,mobservice1,login_failure,mobservice1,1
gaia-v3-11917,reconstruction,test-pred-000405,1627091160000,1627091126334,33.666,mobservice2,login_failure,mobservice1,2
gaia-v3-11918,reconstruction,test-pred-000406,1627091310000,1627091295340,14.66,mobservice2,login_failure,mobservice2,1
gaia-v3-11920,reconstruction,test-pred-000407,1627091730000,1627091721845,8.155,mobservice2,login_failure,mobservice2,1
gaia-v3-11921,reconstruction,test-pred-000408,1627091970000,1627091948819,21.181,mobservice2,login_failure,mobservice2,1
gaia-v3-11922,reconstruction,test-pred-000409,1627092540000,1627092505713,34.287,mobservice2,login_failure,mobservice1,2
gaia-v3-12231,reconstruction,test-pred-000410,1627092630000,1627092605792,24.208,mobservice1,login_failure,mobservice2,2
gaia-v3-11924,reconstruction,test-pred-000411,1627092690000,1627092678150,11.85,mobservice2,login_failure,mobservice1,2
gaia-v3-11925,reconstruction,test-pred-000412,1627092930000,1627092899567,30.433,mobservice2,login_failure,mobservice1,2
gaia-v3-11786,reconstruction,test-pred-000413,1627093200000,1627093141853,58.147,webservice1,memory_anomalies,mobservice1,3
gaia-v3-11927,reconstruction,test-pred-000414,1627094190000,1627094160440,29.56,mobservice2,login_failure,mobservice2,1
gaia-v3-11929,reconstruction,test-pred-000415,1627094310000,1627094285329,24.671,mobservice2,login_failure,mobservice1,2
gaia-v3-11930,reconstruction,test-pred-000416,1627094730000,1627094718172,11.828,mobservice2,login_failure,mobservice1,2
gaia-v3-11931,reconstruction,test-pred-000417,1627095300000,1627095272645,27.355,mobservice2,login_failure,mobservice2,1
gaia-v3-11932,reconstruction,test-pred-000418,1627095390000,1627095349960,40.04,mobservice2,login_failure,mobservice1,2
gaia-v3-11933,reconstruction,test-pred-000419,1627095660000,1627095621671,38.329,mobservice2,login_failure,mobservice1,2
gaia-v3-11934,reconstruction,test-pred-000420,1627096530000,1627096508359,21.641,mobservice2,login_failure,mobservice2,1
gaia-v3-11935,reconstruction,test-pred-000421,1627096920000,1627096908438,11.562,mobservice2,login_failure,mobservice1,2
gaia-v3-12247,reconstruction,test-pred-000422,1627097010000,1627096973549,36.451,mobservice1,login_failure,mobservice1,1
gaia-v3-12248,reconstruction,test-pred-000423,1627097130000,1627097093921,36.079,mobservice1,login_failure,mobservice1,1
gaia-v3-11937,reconstruction,test-pred-000424,1627097220000,1627097207924,12.076,mobservice2,login_failure,mobservice1,2
gaia-v3-11938,reconstruction,test-pred-000425,1627097370000,1627097332680,37.32,mobservice2,login_failure,mobservice2,1
gaia-v3-11939,reconstruction,test-pred-000426,1627097520000,1627097491072,28.928,mobservice2,login_failure,mobservice1,2
gaia-v3-11940,reconstruction,test-pred-000427,1627097760000,1627097729767,30.233,mobservice2,login_failure,mobservice2,1
gaia-v3-11941,reconstruction,test-pred-000428,1627097850000,1627097831096,18.904,mobservice2,login_failure,mobservice2,1
gaia-v3-11942,reconstruction,test-pred-000429,1627098300000,1627098264849,35.151,mobservice2,login_failure,mobservice1,2
gaia-v3-12260,reconstruction,test-pred-000431,1627099230000,1627099190357,39.643,mobservice1,login_failure,webservice1,2
gaia-v3-11944,reconstruction,test-pred-000432,1627099350000,1627099321609,28.391,mobservice2,login_failure,mobservice2,1
gaia-v3-11945,reconstruction,test-pred-000433,1627099530000,1627099515132,14.868,mobservice2,login_failure,mobservice1,2
gaia-v3-11946,reconstruction,test-pred-000434,1627099680000,1627099648696,31.304,mobservice2,login_failure,mobservice2,1
gaia-v3-11947,reconstruction,test-pred-000435,1627099740000,1627099724097,15.903,mobservice2,login_failure,mobservice2,1
gaia-v3-11948,reconstruction,test-pred-000436,1627100400000,1627100376658,23.342,mobservice2,login_failure,mobservice1,2
gaia-v3-12265,reconstruction,test-pred-000437,1627100880000,1627100847522,32.478,mobservice1,login_failure,mobservice2,2
gaia-v3-11951,reconstruction,test-pred-000438,1627101300000,1627101288861,11.139,mobservice2,login_failure,mobservice2,1
gaia-v3-11952,reconstruction,test-pred-000439,1627101990000,1627101971334,18.666,mobservice2,login_failure,mobservice2,1
gaia-v3-11954,reconstruction,test-pred-000440,1627102110000,1627102077581,32.419,mobservice2,login_failure,mobservice1,2
gaia-v3-12271,reconstruction,test-pred-000441,1627102380000,1627102362535,17.465,mobservice1,login_failure,mobservice2,2
gaia-v3-11958,reconstruction,test-pred-000442,1627102560000,1627102522572,37.428,mobservice2,login_failure,mobservice2,1
gaia-v3-11959,reconstruction,test-pred-000443,1627102950000,1627102911271,38.729,mobservice2,login_failure,mobservice1,2
gaia-v3-12273,reconstruction,test-pred-000444,1627103370000,1627103352090,17.91,mobservice1,login_failure,mobservice2,2
gaia-v3-12274,reconstruction,test-pred-000445,1627103430000,1627103409631,20.369,mobservice1,login_failure,mobservice2,2
gaia-v3-11962,reconstruction,test-pred-000446,1627103490000,1627103465519,24.481,mobservice2,login_failure,mobservice2,1
gaia-v3-12277,reconstruction,test-pred-000447,1627103970000,1627103932172,37.828,mobservice1,login_failure,mobservice2,6
gaia-v3-11963,reconstruction,test-pred-000448,1627104150000,1627104123973,26.027,mobservice2,login_failure,mobservice1,2
gaia-v3-11965,reconstruction,test-pred-000450,1627104510000,1627104493205,16.795,mobservice2,login_failure,mobservice1,2
gaia-v3-12280,reconstruction,test-pred-000451,1627104630000,1627104605418,24.582,mobservice1,login_failure,mobservice2,2
gaia-v3-12282,reconstruction,test-pred-000453,1627104930000,1627104894944,35.056,mobservice1,login_failure,mobservice2,2
gaia-v3-11968,reconstruction,test-pred-000454,1627105290000,1627105258463,31.537,mobservice2,login_failure,mobservice2,1
gaia-v3-11969,reconstruction,test-pred-000455,1627105890000,1627105858170,31.83,mobservice2,login_failure,mobservice2,1
gaia-v3-11971,reconstruction,test-pred-000456,1627106070000,1627106068207,1.793,mobservice2,login_failure,mobservice1,2
gaia-v3-11972,reconstruction,test-pred-000457,1627106340000,1627106301341,38.659,mobservice2,login_failure,mobservice2,1
gaia-v3-12289,reconstruction,test-pred-000458,1627106580000,1627106567162,12.838,mobservice1,login_failure,mobservice1,1
gaia-v3-11973,reconstruction,test-pred-000460,1627106850000,1627106818503,31.497,mobservice2,login_failure,mobservice1,2
gaia-v3-11974,reconstruction,test-pred-000461,1627107210000,1627107193465,16.535,mobservice2,login_failure,mobservice2,1
gaia-v3-12297,reconstruction,test-pred-000462,1627107390000,1627107388334,1.666,mobservice1,login_failure,mobservice1,1
gaia-v3-11976,reconstruction,test-pred-000463,1627107990000,1627107951532,38.468,mobservice2,login_failure,mobservice2,1
gaia-v3-11977,reconstruction,test-pred-000464,1627108440000,1627108428692,11.308,mobservice2,login_failure,mobservice1,2
gaia-v3-11978,reconstruction,test-pred-000465,1627108710000,1627108678695,31.305,mobservice2,login_failure,mobservice2,1
gaia-v3-11979,reconstruction,test-pred-000466,1627108860000,1627108840554,19.446,mobservice2,login_failure,mobservice1,2
gaia-v3-11980,reconstruction,test-pred-000467,1627109760000,1627109758384,1.616,mobservice2,login_failure,mobservice2,1
gaia-v3-11981,reconstruction,test-pred-000468,1627109970000,1627109947711,22.289,mobservice2,login_failure,mobservice1,2
gaia-v3-12306,reconstruction,test-pred-000469,1627110030000,1627110012070,17.93,mobservice1,login_failure,mobservice1,1
gaia-v3-11983,reconstruction,test-pred-000470,1627110210000,1627110170878,39.122,mobservice2,login_failure,mobservice2,1
gaia-v3-11984,reconstruction,test-pred-000471,1627110270000,1627110256763,13.237,mobservice2,login_failure,mobservice2,1
gaia-v3-11985,reconstruction,test-pred-000472,1627110450000,1627110425787,24.213,mobservice2,login_failure,mobservice1,2
gaia-v3-11988,reconstruction,test-pred-000475,1627111920000,1627111896475,23.525,mobservice2,login_failure,mobservice1,2
gaia-v3-11989,reconstruction,test-pred-000476,1627112490000,1627112484178,5.822,mobservice2,login_failure,mobservice2,1
gaia-v3-11991,reconstruction,test-pred-000477,1627112580000,1627112568758,11.242,mobservice2,login_failure,mobservice1,3
gaia-v3-11992,reconstruction,test-pred-000478,1627112790000,1627112774884,15.116,mobservice2,login_failure,mobservice1,2
gaia-v3-11993,reconstruction,test-pred-000479,1627113000000,1627112973256,26.744,mobservice2,login_failure,mobservice2,1
gaia-v3-11996,reconstruction,test-pred-000480,1627113150000,1627113133114,16.886,mobservice2,login_failure,mobservice1,2
gaia-v3-12322,reconstruction,test-pred-000481,1627113210000,1627113194588,15.412,mobservice1,login_failure,mobservice1,1
gaia-v3-11997,reconstruction,test-pred-000482,1627113810000,1627113792231,17.769,mobservice2,login_failure,mobservice1,2
gaia-v3-12325,reconstruction,test-pred-000483,1627114290000,1627114273508,16.492,mobservice1,login_failure,mobservice2,2
gaia-v3-11999,reconstruction,test-pred-000484,1627114380000,1627114339986,40.014,mobservice2,login_failure,mobservice1,2
gaia-v3-12003,reconstruction,test-pred-000486,1627115460000,1627115422771,37.229,mobservice2,login_failure,mobservice1,2
gaia-v3-12004,reconstruction,test-pred-000487,1627115520000,1627115501382,18.618,mobservice2,login_failure,mobservice2,1
gaia-v3-12005,reconstruction,test-pred-000488,1627115970000,1627115941313,28.687,mobservice2,login_failure,mobservice1,2
gaia-v3-12335,reconstruction,test-pred-000489,1627116270000,1627116232195,37.805,mobservice1,login_failure,mobservice2,2
gaia-v3-12006,reconstruction,test-pred-000490,1627116930000,1627116904715,25.285,mobservice2,login_failure,mobservice2,1
gaia-v3-12007,reconstruction,test-pred-000491,1627116990000,1627116968833,21.167,mobservice2,login_failure,mobservice1,2
gaia-v3-12341,reconstruction,test-pred-000492,1627117470000,1627117457140,12.86,mobservice1,login_failure,mobservice1,1
gaia-v3-12009,reconstruction,test-pred-000493,1627117920000,1627117904708,15.292,mobservice2,login_failure,mobservice1,2
gaia-v3-12342,reconstruction,test-pred-000494,1627118010000,1627117972884,37.116,mobservice1,login_failure,mobservice2,2
gaia-v3-12011,reconstruction,test-pred-000495,1627118100000,1627118078989,21.011,mobservice2,login_failure,mobservice1,2
gaia-v3-12012,reconstruction,test-pred-000496,1627118370000,1627118357647,12.353,mobservice2,login_failure,mobservice1,2
gaia-v3-12013,reconstruction,test-pred-000497,1627118430000,1627118404733,25.267,mobservice2,login_failure,mobservice1,2
gaia-v3-12014,reconstruction,test-pred-000498,1627118670000,1627118638990,31.01,mobservice2,login_failure,mobservice2,1
gaia-v3-12015,reconstruction,test-pred-000499,1627118730000,1627118703426,26.574,mobservice2,login_failure,mobservice1,2
gaia-v3-12348,reconstruction,test-pred-000500,1627118940000,1627118923714,16.286,mobservice1,login_failure,mobservice1,1
gaia-v3-12016,reconstruction,test-pred-000501,1627119690000,1627119658276,31.724,mobservice2,login_failure,mobservice1,2
gaia-v3-12017,reconstruction,test-pred-000502,1627121190000,1627121172385,17.615,mobservice2,login_failure,mobservice1,2
gaia-v3-12354,reconstruction,test-pred-000503,1627121340000,1627121312645,27.355,mobservice1,login_failure,mobservice2,2
gaia-v3-12018,reconstruction,test-pred-000504,1627121430000,1627121397129,32.871,mobservice2,login_failure,mobservice2,1
gaia-v3-12019,reconstruction,test-pred-000505,1627121550000,1627121533903,16.097,mobservice2,login_failure,mobservice1,2
gaia-v3-12020,reconstruction,test-pred-000506,1627122090000,1627122064930,25.07,mobservice2,login_failure,mobservice1,2
gaia-v3-12357,reconstruction,test-pred-000507,1627122180000,1627122140818,39.182,mobservice1,login_failure,mobservice2,2
gaia-v3-12023,reconstruction,test-pred-000509,1627122420000,1627122398563,21.437,mobservice2,login_failure,mobservice1,2
gaia-v3-12024,reconstruction,test-pred-000510,1627122600000,1627122570475,29.525,mobservice2,login_failure,mobservice1,2
gaia-v3-12025,reconstruction,test-pred-000511,1627122990000,1627122962820,27.18,mobservice2,login_failure,mobservice1,3
gaia-v3-12362,reconstruction,test-pred-000512,1627123200000,1627123183630,16.37,mobservice1,login_failure,mobservice2,2
gaia-v3-12026,reconstruction,test-pred-000513,1627123290000,1627123276428,13.572,mobservice2,login_failure,mobservice2,1
gaia-v3-12027,reconstruction,test-pred-000514,1627123410000,1627123383166,26.834,mobservice2,login_failure,mobservice1,2
gaia-v3-12028,reconstruction,test-pred-000515,1627123650000,1627123623934,26.066,mobservice2,login_failure,mobservice1,2
gaia-v3-12029,reconstruction,test-pred-000516,1627124010000,1627123986962,23.038,mobservice2,login_failure,mobservice2,1
gaia-v3-12031,reconstruction,test-pred-000517,1627124130000,1627124096954,33.046,mobservice2,login_failure,mobservice1,2
gaia-v3-12366,reconstruction,test-pred-000518,1627124250000,1627124228343,21.657,mobservice1,login_failure,mobservice2,2
gaia-v3-12033,reconstruction,test-pred-000519,1627124370000,1627124365092,4.908,mobservice2,login_failure,mobservice2,1
gaia-v3-12034,reconstruction,test-pred-000520,1627124970000,1627124934862,35.138,mobservice2,login_failure,mobservice2,1
gaia-v3-12035,reconstruction,test-pred-000521,1627125090000,1627125059024,30.976,mobservice2,login_failure,mobservice1,2
gaia-v3-12036,reconstruction,test-pred-000522,1627125690000,1627125653642,36.358,mobservice2,login_failure,mobservice1,3
gaia-v3-12037,reconstruction,test-pred-000523,1627125990000,1627125968823,21.177,mobservice2,login_failure,mobservice2,1
gaia-v3-12038,reconstruction,test-pred-000524,1627126080000,1627126042423,37.577,mobservice2,login_failure,mobservice1,2
gaia-v3-12039,reconstruction,test-pred-000525,1627126710000,1627126694682,15.318,mobservice2,login_failure,mobservice1,2
gaia-v3-12040,reconstruction,test-pred-000526,1627127250000,1627127209466,40.534,mobservice2,login_failure,mobservice2,1
gaia-v3-12041,reconstruction,test-pred-000527,1627127370000,1627127339367,30.633,mobservice2,login_failure,mobservice2,1
gaia-v3-12045,reconstruction,test-pred-000528,1627128660000,1627128631016,28.984,mobservice2,login_failure,mobservice1,2
gaia-v3-12384,reconstruction,test-pred-000529,1627128750000,1627128719691,30.309,mobservice1,login_failure,mobservice2,3
gaia-v3-12047,reconstruction,test-pred-000530,1627129350000,1627129338984,11.016,mobservice2,login_failure,mobservice2,1
gaia-v3-12048,reconstruction,test-pred-000531,1627129530000,1627129518445,11.555,mobservice2,login_failure,mobservice1,2
gaia-v3-12049,reconstruction,test-pred-000532,1627129800000,1627129759544,40.456,mobservice2,login_failure,mobservice2,1
gaia-v3-12051,reconstruction,test-pred-000533,1627130220000,1627130202266,17.734,mobservice2,login_failure,mobservice1,2
gaia-v3-12052,reconstruction,test-pred-000534,1627130460000,1627130441245,18.755,mobservice2,login_failure,mobservice2,1
gaia-v3-12053,reconstruction,test-pred-000535,1627130580000,1627130561458,18.542,mobservice2,login_failure,mobservice2,1
gaia-v3-12054,reconstruction,test-pred-000536,1627130640000,1627130621641,18.359,mobservice2,login_failure,mobservice1,2
gaia-v3-12055,reconstruction,test-pred-000537,1627131390000,1627131350351,39.649,mobservice2,login_failure,mobservice2,1
gaia-v3-12056,reconstruction,test-pred-000538,1627131510000,1627131495880,14.12,mobservice2,login_failure,mobservice2,1
gaia-v3-12061,reconstruction,test-pred-000542,1627132440000,1627132428264,11.736,mobservice2,login_failure,mobservice1,2
gaia-v3-12062,reconstruction,test-pred-000543,1627133280000,1627133265794,14.206,mobservice2,login_failure,mobservice1,2
gaia-v3-12397,reconstruction,test-pred-000544,1627133490000,1627133474132,15.868,mobservice1,login_failure,mobservice1,1
gaia-v3-12400,reconstruction,test-pred-000545,1627133730000,1627133675135,54.865,mobservice1,memory_anomalies,mobservice2,2
gaia-v3-12064,reconstruction,test-pred-000546,1627134750000,1627134714340,35.66,mobservice2,login_failure,mobservice2,1
gaia-v3-12065,reconstruction,test-pred-000547,1627134930000,1627134911382,18.618,mobservice2,login_failure,mobservice1,2
gaia-v3-12066,reconstruction,test-pred-000548,1627135320000,1627135299623,20.377,mobservice2,login_failure,mobservice1,2
gaia-v3-12405,reconstruction,test-pred-000549,1627135380000,1627135364306,15.694,mobservice1,login_failure,mobservice1,1
gaia-v3-12407,reconstruction,test-pred-000550,1627135560000,1627135527084,32.916,mobservice1,login_failure,mobservice2,2
gaia-v3-12408,reconstruction,test-pred-000551,1627135620000,1627135593205,26.795,mobservice1,login_failure,mobservice2,3
gaia-v3-12409,reconstruction,test-pred-000552,1627135860000,1627135840748,19.252,mobservice1,login_failure,mobservice1,1
gaia-v3-12068,reconstruction,test-pred-000553,1627136100000,1627136079370,20.63,mobservice2,login_failure,mobservice2,1
gaia-v3-12071,reconstruction,test-pred-000555,1627136880000,1627136840834,39.166,mobservice2,login_failure,mobservice1,2
gaia-v3-12072,reconstruction,test-pred-000556,1627136970000,1627136951274,18.726,mobservice2,login_failure,mobservice1,3
gaia-v3-12073,reconstruction,test-pred-000558,1627137180000,1627137167773,12.227,mobservice2,login_failure,mobservice1,2
gaia-v3-12416,reconstruction,test-pred-000559,1627137330000,1627137311157,18.843,mobservice1,login_failure,mobservice2,2
gaia-v3-12417,reconstruction,test-pred-000560,1627137630000,1627137591222,38.778,mobservice1,login_failure,mobservice2,2
gaia-v3-12074,reconstruction,test-pred-000561,1627137690000,1627137678570,11.43,mobservice2,login_failure,mobservice2,1
gaia-v3-12075,reconstruction,test-pred-000562,1627137840000,1627137817529,22.471,mobservice2,login_failure,mobservice2,1
gaia-v3-12076,reconstruction,test-pred-000563,1627137930000,1627137904897,25.103,mobservice2,login_failure,mobservice1,2
gaia-v3-12077,reconstruction,test-pred-000564,1627138200000,1627138169506,30.494,mobservice2,login_failure,mobservice1,2
gaia-v3-12419,reconstruction,test-pred-000565,1627138440000,1627138420924,19.076,mobservice1,login_failure,mobservice1,1
gaia-v3-12420,reconstruction,test-pred-000566,1627138500000,1627138484099,15.901,mobservice1,login_failure,mobservice2,2
gaia-v3-12078,reconstruction,test-pred-000567,1627138590000,1627138576457,13.543,mobservice2,login_failure,mobservice1,2
gaia-v3-12422,reconstruction,test-pred-000568,1627138950000,1627138925579,24.421,mobservice1,login_failure,mobservice2,2
gaia-v3-12423,reconstruction,test-pred-000569,1627139010000,1627138969287,40.713,mobservice1,login_failure,mobservice1,1
gaia-v3-12425,reconstruction,test-pred-000570,1627139220000,1627139195029,24.971,mobservice1,login_failure,mobservice2,2
gaia-v3-12079,reconstruction,test-pred-000571,1627139400000,1627139379419,20.581,mobservice2,login_failure,mobservice2,1
gaia-v3-12082,reconstruction,test-pred-000572,1627139490000,1627139483653,6.347,mobservice2,login_failure,mobservice2,1
gaia-v3-12083,reconstruction,test-pred-000573,1627139760000,1627139739006,20.994,mobservice2,login_failure,mobservice1,2
gaia-v3-12426,reconstruction,test-pred-000574,1627139820000,1627139780604,39.396,mobservice1,login_failure,mobservice1,1
gaia-v3-12428,reconstruction,test-pred-000575,1627140210000,1627140190780,19.22,mobservice1,login_failure,mobservice2,2
gaia-v3-12085,reconstruction,test-pred-000576,1627140300000,1627140272170,27.83,mobservice2,login_failure,mobservice2,1
gaia-v3-12448,reconstruction,test-pred-000577,1627140690000,1627140636288,53.712,logservice1,memory_anomalies,mobservice2,8
gaia-v3-12088,reconstruction,test-pred-000578,1627141320000,1627141290598,29.402,mobservice2,login_failure,mobservice2,1
gaia-v3-12089,reconstruction,test-pred-000579,1627141680000,1627141663793,16.207,mobservice2,login_failure,mobservice2,1
gaia-v3-12431,reconstruction,test-pred-000580,1627141740000,1627141718146,21.854,mobservice1,login_failure,mobservice1,1
gaia-v3-12090,reconstruction,test-pred-000581,1627141860000,1627141827035,32.965,mobservice2,login_failure,mobservice1,2
gaia-v3-12432,reconstruction,test-pred-000582,1627141950000,1627141919498,30.502,mobservice1,login_failure,mobservice2,2
gaia-v3-12093,reconstruction,test-pred-000583,1627142340000,1627142326475,13.525,mobservice2,login_failure,mobservice2,1
gaia-v3-12477,reconstruction,test-pred-000584,1627142520000,1627142479656,40.344,mobservice2,login_failure,mobservice1,2
gaia-v3-12794,reconstruction,test-pred-000585,1627142640000,1627142605810,34.19,mobservice1,login_failure,mobservice1,1
gaia-v3-12796,reconstruction,test-pred-000586,1627142730000,1627142698627,31.373,mobservice1,login_failure,mobservice2,4
gaia-v3-12478,reconstruction,test-pred-000587,1627142850000,1627142832777,17.223,mobservice2,login_failure,mobservice2,1
gaia-v3-12798,reconstruction,test-pred-000588,1627143060000,1627143037404,22.596,mobservice1,login_failure,mobservice1,1
gaia-v3-12479,reconstruction,test-pred-000589,1627143210000,1627143176653,33.347,mobservice2,login_failure,mobservice2,1
gaia-v3-12800,reconstruction,test-pred-000590,1627143450000,1627143412320,37.68,mobservice1,login_failure,mobservice1,1
gaia-v3-12480,reconstruction,test-pred-000591,1627143750000,1627143732852,17.148,mobservice2,login_failure,mobservice2,1
gaia-v3-12801,reconstruction,test-pred-000592,1627144170000,1627144154674,15.326,mobservice1,login_failure,mobservice1,1
gaia-v3-12481,reconstruction,test-pred-000594,1627144470000,1627144443651,26.349,mobservice2,login_failure,mobservice2,1
gaia-v3-12482,reconstruction,test-pred-000595,1627144620000,1627144594637,25.363,mobservice2,login_failure,mobservice1,2
gaia-v3-12803,reconstruction,test-pred-000596,1627144980000,1627144970649,9.351,mobservice1,login_failure,mobservice1,1
gaia-v3-12484,reconstruction,test-pred-000597,1627145130000,1627145093589,36.411,mobservice2,login_failure,mobservice2,1
gaia-v3-12488,reconstruction,test-pred-000599,1627146120000,1627146080485,39.515,mobservice2,login_failure,mobservice1,2
gaia-v3-12489,reconstruction,test-pred-000600,1627146240000,1627146223980,16.02,mobservice2,login_failure,mobservice1,2
gaia-v3-12490,reconstruction,test-pred-000601,1627146300000,1627146275832,24.168,mobservice2,login_failure,mobservice1,2
gaia-v3-12491,reconstruction,test-pred-000602,1627146600000,1627146583124,16.876,mobservice2,login_failure,mobservice1,2
gaia-v3-12807,reconstruction,test-pred-000603,1627146660000,1627146626620,33.38,mobservice1,login_failure,mobservice2,3
gaia-v3-12493,reconstruction,test-pred-000604,1627147050000,1627147009302,40.698,mobservice2,login_failure,mobservice2,1
gaia-v3-12812,reconstruction,test-pred-000606,1627147800000,1627147759216,40.784,mobservice1,login_failure,mobservice1,1
gaia-v3-12494,reconstruction,test-pred-000607,1627147860000,1627147834727,25.273,mobservice2,login_failure,mobservice1,2
gaia-v3-12495,reconstruction,test-pred-000608,1627148070000,1627148056741,13.259,mobservice2,login_failure,mobservice2,1
gaia-v3-12815,reconstruction,test-pred-000609,1627148220000,1627148208592,11.408,mobservice1,login_failure,mobservice2,3
gaia-v3-12497,reconstruction,test-pred-000610,1627148610000,1627148595923,14.077,mobservice2,login_failure,mobservice1,2
gaia-v3-12498,reconstruction,test-pred-000611,1627148820000,1627148807045,12.955,mobservice2,login_failure,mobservice1,2
gaia-v3-12499,reconstruction,test-pred-000612,1627148970000,1627148944921,25.079,mobservice2,login_failure,mobservice2,1
gaia-v3-12500,reconstruction,test-pred-000614,1627149390000,1627149373889,16.111,mobservice2,login_failure,mobservice2,1
gaia-v3-12502,reconstruction,test-pred-000615,1627149780000,1627149776324,3.676,mobservice2,login_failure,mobservice2,1
gaia-v3-12504,reconstruction,test-pred-000616,1627149900000,1627149882828,17.172,mobservice2,login_failure,mobservice2,1
gaia-v3-12505,reconstruction,test-pred-000617,1627149960000,1627149919066,40.934,mobservice2,login_failure,dbservice1,10
gaia-v3-12506,reconstruction,test-pred-000618,1627150260000,1627150248634,11.366,mobservice2,login_failure,mobservice1,2
gaia-v3-12507,reconstruction,test-pred-000620,1627150590000,1627150555831,34.169,mobservice2,login_failure,mobservice2,1
gaia-v3-12508,reconstruction,test-pred-000621,1627150740000,1627150711278,28.722,mobservice2,login_failure,mobservice2,1
gaia-v3-12509,reconstruction,test-pred-000622,1627150830000,1627150817292,12.708,mobservice2,login_failure,mobservice1,2
gaia-v3-12510,reconstruction,test-pred-000623,1627151550000,1627151522269,27.731,mobservice2,login_failure,mobservice1,2
gaia-v3-12512,reconstruction,test-pred-000625,1627151850000,1627151809830,40.17,mobservice2,login_failure,mobservice1,3
gaia-v3-12514,reconstruction,test-pred-000626,1627152150000,1627152146662,3.338,mobservice2,login_failure,mobservice2,1
gaia-v3-12515,reconstruction,test-pred-000627,1627152270000,1627152255498,14.502,mobservice2,login_failure,mobservice1,2
gaia-v3-12516,reconstruction,test-pred-000628,1627152480000,1627152463614,16.386,mobservice2,login_failure,mobservice1,2
gaia-v3-12833,reconstruction,test-pred-000629,1627152720000,1627152699037,20.963,mobservice1,login_failure,mobservice2,2
gaia-v3-12838,reconstruction,test-pred-000631,1627154010000,1627153970359,39.641,mobservice1,login_failure,mobservice1,1
gaia-v3-12839,reconstruction,test-pred-000632,1627154070000,1627154053156,16.844,mobservice1,login_failure,mobservice2,2
gaia-v3-12517,reconstruction,test-pred-000633,1627154160000,1627154142609,17.391,mobservice2,login_failure,mobservice1,2
gaia-v3-12518,reconstruction,test-pred-000634,1627154400000,1627154379076,20.924,mobservice2,login_failure,mobservice1,2
gaia-v3-12519,reconstruction,test-pred-000635,1627154730000,1627154717841,12.159,mobservice2,login_failure,mobservice2,1
gaia-v3-12521,reconstruction,test-pred-000636,1627154850000,1627154837610,12.39,mobservice2,login_failure,mobservice1,2
gaia-v3-12841,reconstruction,test-pred-000639,1627155240000,1627155231389,8.611,mobservice1,login_failure,mobservice1,1
gaia-v3-12531,reconstruction,test-pred-000643,1627156950000,1627156947398,2.602,mobservice2,login_failure,mobservice2,1
gaia-v3-12534,reconstruction,test-pred-000646,1627157760000,1627157729701,30.299,mobservice2,login_failure,mobservice2,1
gaia-v3-12535,reconstruction,test-pred-000647,1627158090000,1627158079112,10.888,mobservice2,login_failure,mobservice2,1
gaia-v3-12536,reconstruction,test-pred-000648,1627158300000,1627158266899,33.101,mobservice2,login_failure,mobservice2,1
gaia-v3-12537,reconstruction,test-pred-000649,1627158390000,1627158367696,22.304,mobservice2,login_failure,mobservice2,1
gaia-v3-12538,reconstruction,test-pred-000650,1627158480000,1627158459454,20.546,mobservice2,login_failure,mobservice1,3
gaia-v3-12539,reconstruction,test-pred-000651,1627158720000,1627158695854,24.146,mobservice2,login_failure,mobservice2,1
gaia-v3-12541,reconstruction,test-pred-000652,1627158870000,1627158830528,39.472,mobservice2,login_failure,mobservice2,1
gaia-v3-12542,reconstruction,test-pred-000653,1627158960000,1627158927735,32.265,mobservice2,login_failure,mobservice1,2
gaia-v3-12543,reconstruction,test-pred-000655,1627159470000,1627159469260,0.74,mobservice2,login_failure,mobservice2,1
gaia-v3-12544,reconstruction,test-pred-000656,1627159770000,1627159730134,39.866,mobservice2,login_failure,mobservice1,2
gaia-v3-12855,reconstruction,test-pred-000657,1627159890000,1627159881036,8.964,mobservice1,login_failure,mobservice1,1
gaia-v3-12546,reconstruction,test-pred-000660,1627160340000,1627160323747,16.253,mobservice2,login_failure,mobservice2,1
gaia-v3-12547,reconstruction,test-pred-000662,1627160490000,1627160456931,33.069,mobservice2,login_failure,mobservice1,3
gaia-v3-12548,reconstruction,test-pred-000663,1627160760000,1627160726428,33.572,mobservice2,login_failure,mobservice1,2
gaia-v3-12857,reconstruction,test-pred-000664,1627160910000,1627160869830,40.17,mobservice1,login_failure,mobservice1,1
gaia-v3-12549,reconstruction,test-pred-000666,1627161090000,1627161072247,17.753,mobservice2,login_failure,mobservice2,1
gaia-v3-12550,reconstruction,test-pred-000667,1627161150000,1627161128198,21.802,mobservice2,login_failure,mobservice1,2
gaia-v3-12551,reconstruction,test-pred-000668,1627161270000,1627161256164,13.836,mobservice2,login_failure,mobservice1,2
gaia-v3-12552,reconstruction,test-pred-000669,1627161450000,1627161417752,32.248,mobservice2,login_failure,mobservice2,1
gaia-v3-12554,reconstruction,test-pred-000670,1627161510000,1627161496963,13.037,mobservice2,login_failure,mobservice2,1
gaia-v3-12859,reconstruction,test-pred-000672,1627162080000,1627162064581,15.419,mobservice1,login_failure,mobservice1,1
gaia-v3-12555,reconstruction,test-pred-000673,1627162260000,1627162227329,32.671,mobservice2,login_failure,mobservice2,1
gaia-v3-12556,reconstruction,test-pred-000674,1627162350000,1627162313893,36.107,mobservice2,login_failure,mobservice1,2
gaia-v3-12557,reconstruction,test-pred-000675,1627162710000,1627162676705,33.295,mobservice2,login_failure,mobservice2,1
gaia-v3-12862,reconstruction,test-pred-000676,1627162950000,1627162920240,29.76,mobservice1,login_failure,mobservice1,1
gaia-v3-12558,reconstruction,test-pred-000677,1627163070000,1627163052806,17.194,mobservice2,login_failure,mobservice2,1
gaia-v3-12559,reconstruction,test-pred-000678,1627163160000,1627163141094,18.906,mobservice2,login_failure,mobservice2,1
gaia-v3-12561,reconstruction,test-pred-000679,1627163430000,1627163422824,7.176,mobservice2,login_failure,mobservice2,1
gaia-v3-12865,reconstruction,test-pred-000680,1627163730000,1627163696236,33.764,mobservice1,login_failure,mobservice2,2
gaia-v3-12562,reconstruction,test-pred-000681,1627163790000,1627163766132,23.868,mobservice2,login_failure,mobservice1,2
gaia-v3-12564,reconstruction,test-pred-000684,1627164120000,1627164107531,12.469,mobservice2,login_failure,mobservice1,2
gaia-v3-12565,reconstruction,test-pred-000685,1627164540000,1627164508429,31.571,mobservice2,login_failure,mobservice2,1
gaia-v3-12567,reconstruction,test-pred-000686,1627164840000,1627164804742,35.258,mobservice2,login_failure,mobservice1,3
gaia-v3-12570,reconstruction,test-pred-000688,1627165860000,1627165845582,14.418,mobservice2,login_failure,mobservice2,1
gaia-v3-12571,reconstruction,test-pred-000689,1627166010000,1627166008976,1.024,mobservice2,login_failure,mobservice2,1
gaia-v3-12875,reconstruction,test-pred-000690,1627166130000,1627166093939,36.061,mobservice1,login_failure,mobservice1,1
gaia-v3-12572,reconstruction,test-pred-000692,1627166400000,1627166367559,32.441,mobservice2,login_failure,mobservice2,1
gaia-v3-12573,reconstruction,test-pred-000693,1627166460000,1627166427643,32.357,mobservice2,login_failure,mobservice1,2
gaia-v3-12574,reconstruction,test-pred-000695,1627167000000,1627166959728,40.272,mobservice2,login_failure,mobservice1,2
gaia-v3-12462,reconstruction,test-pred-000697,1627167570000,1627167534628,35.372,webservice2,memory_anomalies,mobservice2,2
gaia-v3-12576,reconstruction,test-pred-000698,1627168440000,1627168399229,40.771,mobservice2,login_failure,mobservice2,1
gaia-v3-12880,reconstruction,test-pred-000700,1627168770000,1627168733566,36.434,mobservice1,login_failure,mobservice1,1
gaia-v3-12577,reconstruction,test-pred-000701,1627168980000,1627168959260,20.74,mobservice2,login_failure,mobservice2,1
gaia-v3-12883,reconstruction,test-pred-000703,1627169250000,1627169236895,13.105,mobservice1,login_failure,mobservice1,1
gaia-v3-12884,reconstruction,test-pred-000705,1627169400000,1627169368306,31.694,mobservice1,login_failure,mobservice1,1
gaia-v3-12885,reconstruction,test-pred-000706,1627169460000,1627169436326,23.674,mobservice1,login_failure,mobservice2,2
gaia-v3-12578,reconstruction,test-pred-000707,1627169580000,1627169568613,11.387,mobservice2,login_failure,mobservice2,1
gaia-v3-12579,reconstruction,test-pred-000708,1627169640000,1627169621354,18.646,mobservice2,login_failure,mobservice2,1
gaia-v3-12580,reconstruction,test-pred-000710,1627169760000,1627169747458,12.542,mobservice2,login_failure,mobservice1,2
gaia-v3-12886,reconstruction,test-pred-000711,1627169820000,1627169800556,19.444,mobservice1,login_failure,mobservice1,1
gaia-v3-12889,reconstruction,test-pred-000712,1627170060000,1627170055987,4.013,mobservice1,login_failure,mobservice1,1
gaia-v3-12581,reconstruction,test-pred-000713,1627170240000,1627170207453,32.547,mobservice2,login_failure,mobservice1,2
gaia-v3-12890,reconstruction,test-pred-000714,1627170330000,1627170318284,11.716,mobservice1,login_failure,mobservice2,2
gaia-v3-12582,reconstruction,test-pred-000715,1627170420000,1627170398547,21.453,mobservice2,login_failure,mobservice1,2
gaia-v3-12583,reconstruction,test-pred-000716,1627170870000,1627170853412,16.588,mobservice2,login_failure,mobservice2,1
gaia-v3-12585,reconstruction,test-pred-000717,1627170990000,1627170962700,27.3,mobservice2,login_failure,mobservice2,1
gaia-v3-12586,reconstruction,test-pred-000718,1627171110000,1627171070026,39.974,mobservice2,login_failure,mobservice1,2
gaia-v3-12894,reconstruction,test-pred-000719,1627171200000,1627171186701,13.299,mobservice1,login_failure,mobservice2,2
gaia-v3-12898,reconstruction,test-pred-000721,1627171320000,1627171296279,23.721,mobservice1,memory_anomalies,mobservice1,1
gaia-v3-12588,reconstruction,test-pred-000722,1627172190000,1627172173448,16.552,mobservice2,login_failure,mobservice1,2
gaia-v3-12589,reconstruction,test-pred-000723,1627172400000,1627172378445,21.555,mobservice2,login_failure,mobservice1,2
gaia-v3-12899,reconstruction,test-pred-000724,1627172550000,1627172525590,24.41,mobservice1,login_failure,mobservice1,1
gaia-v3-12590,reconstruction,test-pred-000725,1627172790000,1627172750889,39.111,mobservice2,login_failure,mobservice2,1
gaia-v3-12591,reconstruction,test-pred-000726,1627172850000,1627172831250,18.75,mobservice2,login_failure,mobservice1,2
gaia-v3-12592,reconstruction,test-pred-000727,1627173030000,1627173001010,28.99,mobservice2,login_failure,mobservice2,1
gaia-v3-12593,reconstruction,test-pred-000729,1627173390000,1627173374016,15.984,mobservice2,login_failure,mobservice2,1
gaia-v3-12595,reconstruction,test-pred-000731,1627173540000,1627173513472,26.528,mobservice2,login_failure,mobservice1,2
gaia-v3-12900,reconstruction,test-pred-000732,1627173660000,1627173635115,24.885,mobservice1,login_failure,mobservice2,2
gaia-v3-12596,reconstruction,test-pred-000733,1627173720000,1627173693968,26.032,mobservice2,login_failure,mobservice1,2
gaia-v3-12902,reconstruction,test-pred-000734,1627173870000,1627173854379,15.621,mobservice1,login_failure,mobservice1,1
gaia-v3-12597,reconstruction,test-pred-000736,1627174080000,1627174063642,16.358,mobservice2,login_failure,mobservice2,1
gaia-v3-12601,reconstruction,test-pred-000740,1627174680000,1627174657545,22.455,mobservice2,memory_anomalies,mobservice2,1
gaia-v3-12907,reconstruction,test-pred-000741,1627175460000,1627175427183,32.817,mobservice1,login_failure,mobservice1,1
gaia-v3-12602,reconstruction,test-pred-000742,1627175760000,1627175738537,21.463,mobservice2,login_failure,mobservice1,2
gaia-v3-12909,reconstruction,test-pred-000743,1627175820000,1627175780840,39.16,mobservice1,login_failure,mobservice1,1
gaia-v3-12910,reconstruction,test-pred-000744,1627175910000,1627175881067,28.933,mobservice1,login_failure,mobservice2,2
gaia-v3-12603,reconstruction,test-pred-000745,1627176120000,1627176100154,19.846,mobservice2,login_failure,mobservice2,1
gaia-v3-12604,reconstruction,test-pred-000746,1627176300000,1627176275615,24.385,mobservice2,login_failure,mobservice1,2
gaia-v3-12605,reconstruction,test-pred-000747,1627176420000,1627176413231,6.769,mobservice2,login_failure,mobservice2,1
gaia-v3-12914,reconstruction,test-pred-000748,1627176660000,1627176655953,4.047,mobservice1,login_failure,mobservice1,1
gaia-v3-12609,reconstruction,test-pred-000749,1627176870000,1627176832605,37.395,mobservice2,login_failure,mobservice1,2
gaia-v3-12610,reconstruction,test-pred-000750,1627177080000,1627177057646,22.354,mobservice2,login_failure,mobservice2,1
gaia-v3-12611,reconstruction,test-pred-000751,1627177200000,1627177165437,34.563,mobservice2,login_failure,mobservice2,1
gaia-v3-12916,reconstruction,test-pred-000752,1627177410000,1627177373881,36.119,mobservice1,login_failure,mobservice2,2
gaia-v3-12469,reconstruction,test-pred-000753,1627178400000,1627178358525,41.475,dbservice2,memory_anomalies,mobservice2,4
gaia-v3-12616,reconstruction,test-pred-000754,1627179120000,1627179101187,18.813,mobservice2,login_failure,mobservice1,5
gaia-v3-12617,reconstruction,test-pred-000755,1627179420000,1627179386255,33.745,mobservice2,login_failure,mobservice2,1
gaia-v3-12619,reconstruction,test-pred-000756,1627179510000,1627179496157,13.843,mobservice2,login_failure,mobservice1,2
gaia-v3-12620,reconstruction,test-pred-000757,1627179750000,1627179724063,25.937,mobservice2,login_failure,mobservice1,2
gaia-v3-12621,reconstruction,test-pred-000758,1627179960000,1627179921519,38.481,mobservice2,login_failure,mobservice2,1
gaia-v3-12622,reconstruction,test-pred-000759,1627180080000,1627180047760,32.24,mobservice2,login_failure,mobservice2,1
gaia-v3-12923,reconstruction,test-pred-000761,1627180530000,1627180512162,17.838,mobservice1,login_failure,mobservice1,1
gaia-v3-12624,reconstruction,test-pred-000762,1627180650000,1627180645854,4.146,mobservice2,login_failure,mobservice2,1
gaia-v3-12925,reconstruction,test-pred-000763,1627180770000,1627180742155,27.845,mobservice1,login_failure,mobservice2,2
gaia-v3-12626,reconstruction,test-pred-000764,1627180890000,1627180849496,40.504,mobservice2,login_failure,mobservice1,2
gaia-v3-12627,reconstruction,test-pred-000766,1627181130000,1627181099664,30.336,mobservice2,login_failure,mobservice1,2
gaia-v3-12628,reconstruction,test-pred-000767,1627181280000,1627181239889,40.111,mobservice2,login_failure,mobservice2,1
gaia-v3-12629,reconstruction,test-pred-000768,1627181430000,1627181412701,17.299,mobservice2,login_failure,mobservice2,1
gaia-v3-12929,reconstruction,test-pred-000769,1627181880000,1627181874278,5.722,mobservice1,login_failure,mobservice1,1
gaia-v3-12631,reconstruction,test-pred-000770,1627182000000,1627181975368,24.632,mobservice2,login_failure,mobservice1,2
gaia-v3-12932,reconstruction,test-pred-000771,1627182150000,1627182144794,5.206,mobservice1,login_failure,mobservice1,1
gaia-v3-12633,reconstruction,test-pred-000772,1627182480000,1627182467695,12.305,mobservice2,login_failure,mobservice2,1
gaia-v3-12635,reconstruction,test-pred-000773,1627182570000,1627182531342,38.658,mobservice2,login_failure,mobservice1,2
gaia-v3-12637,reconstruction,test-pred-000775,1627182840000,1627182809132,30.868,mobservice2,login_failure,mobservice1,2
gaia-v3-12937,reconstruction,test-pred-000776,1627183110000,1627183098532,11.468,mobservice1,login_failure,mobservice2,2
gaia-v3-12639,reconstruction,test-pred-000777,1627183200000,1627183180825,19.175,mobservice2,login_failure,mobservice2,1
gaia-v3-12640,reconstruction,test-pred-000778,1627183350000,1627183310719,39.281,mobservice2,login_failure,mobservice1,2
gaia-v3-12641,reconstruction,test-pred-000779,1627183560000,1627183559774,0.226,mobservice2,login_failure,mobservice2,1
gaia-v3-12940,reconstruction,test-pred-000780,1627183920000,1627183902487,17.513,mobservice1,login_failure,mobservice1,1
gaia-v3-13113,reconstruction,test-pred-000782,1627184130000,1627184075131,54.869,redisservice1,memory_anomalies,mobservice1,6
gaia-v3-12947,reconstruction,test-pred-000783,1627184880000,1627184860836,19.164,mobservice1,login_failure,mobservice2,2
gaia-v3-12642,reconstruction,test-pred-000784,1627185000000,1627184969593,30.407,mobservice2,login_failure,mobservice1,2
gaia-v3-12948,reconstruction,test-pred-000785,1627185060000,1627185028756,31.244,mobservice1,login_failure,mobservice2,3
gaia-v3-12643,reconstruction,test-pred-000787,1627185630000,1627185618650,11.35,mobservice2,login_failure,webservice2,3
gaia-v3-12953,reconstruction,test-pred-000788,1627186500000,1627186498764,1.236,mobservice1,login_failure,mobservice1,1
gaia-v3-12955,reconstruction,test-pred-000790,1627186740000,1627186733044,6.956,mobservice1,login_failure,mobservice1,1
gaia-v3-12650,reconstruction,test-pred-000791,1627186860000,1627186836738,23.262,mobservice2,login_failure,mobservice1,2
gaia-v3-12651,reconstruction,test-pred-000792,1627187070000,1627187031052,38.948,mobservice2,login_failure,mobservice2,1
gaia-v3-12652,reconstruction,test-pred-000793,1627187130000,1627187099208,30.792,mobservice2,login_failure,mobservice2,1
gaia-v3-12958,reconstruction,test-pred-000794,1627187370000,1627187330769,39.231,mobservice1,login_failure,mobservice2,2
gaia-v3-12653,reconstruction,test-pred-000795,1627187460000,1627187448036,11.964,mobservice2,login_failure,mobservice1,2
gaia-v3-12959,reconstruction,test-pred-000796,1627187550000,1627187518033,31.967,mobservice1,login_failure,mobservice2,2
gaia-v3-12464,reconstruction,test-pred-000797,1627187670000,1627187658288,11.712,webservice2,memory_anomalies,mobservice1,5
gaia-v3-12655,reconstruction,test-pred-000798,1627188810000,1627188775788,34.212,mobservice2,login_failure,mobservice1,3
gaia-v3-12656,reconstruction,test-pred-000799,1627189050000,1627189029681,20.319,mobservice2,login_failure,mobservice2,1
gaia-v3-12659,reconstruction,test-pred-000800,1627189320000,1627189306119,13.881,mobservice2,login_failure,mobservice2,1
gaia-v3-12660,reconstruction,test-pred-000801,1627189410000,1627189388201,21.799,mobservice2,login_failure,mobservice1,2
gaia-v3-12965,reconstruction,test-pred-000802,1627189530000,1627189504954,25.046,mobservice1,login_failure,mobservice2,2
gaia-v3-12666,reconstruction,test-pred-000804,1627191210000,1627191196085,13.915,mobservice2,login_failure,mobservice1,2
gaia-v3-12668,reconstruction,test-pred-000805,1627191360000,1627191346368,13.632,mobservice2,login_failure,mobservice2,1
gaia-v3-12669,reconstruction,test-pred-000806,1627191510000,1627191481843,28.157,mobservice2,login_failure,mobservice1,2
gaia-v3-12975,reconstruction,test-pred-000807,1627191600000,1627191580392,19.608,mobservice1,login_failure,mobservice2,2
gaia-v3-12671,reconstruction,test-pred-000808,1627191810000,1627191778251,31.749,mobservice2,login_failure,mobservice2,1
gaia-v3-12672,reconstruction,test-pred-000810,1627192500000,1627192461085,38.915,mobservice2,login_failure,mobservice1,2
gaia-v3-12674,reconstruction,test-pred-000811,1627192560000,1627192559824,0.176,mobservice2,login_failure,mobservice1,2
gaia-v3-12675,reconstruction,test-pred-000812,1627192800000,1627192768274,31.726,mobservice2,login_failure,mobservice2,1
gaia-v3-12676,reconstruction,test-pred-000813,1627192920000,1627192893777,26.223,mobservice2,login_failure,mobservice1,4
gaia-v3-12677,reconstruction,test-pred-000814,1627193220000,1627193200961,19.039,mobservice2,login_failure,mobservice1,2
gaia-v3-12678,reconstruction,test-pred-000815,1627193340000,1627193316357,23.643,mobservice2,login_failure,mobservice1,2
gaia-v3-12977,reconstruction,test-pred-000816,1627193400000,1627193382888,17.112,mobservice1,login_failure,mobservice2,2
gaia-v3-12680,reconstruction,test-pred-000817,1627193520000,1627193514720,5.28,mobservice2,login_failure,mobservice2,1
gaia-v3-12983,reconstruction,test-pred-000822,1627194630000,1627194609972,20.028,mobservice1,login_failure,mobservice1,1
gaia-v3-12682,reconstruction,test-pred-000824,1627195470000,1627195449371,20.629,mobservice2,login_failure,mobservice1,2
gaia-v3-12989,reconstruction,test-pred-000825,1627196160000,1627196140924,19.076,mobservice1,login_failure,mobservice2,2
gaia-v3-12683,reconstruction,test-pred-000826,1627196310000,1627196280389,29.611,mobservice2,login_failure,mobservice2,1
gaia-v3-12990,reconstruction,test-pred-000827,1627196550000,1627196527384,22.616,mobservice1,login_failure,mobservice2,3
gaia-v3-12684,reconstruction,test-pred-000828,1627196640000,1627196613895,26.105,mobservice2,login_failure,mobservice2,1
gaia-v3-12991,reconstruction,test-pred-000830,1627196790000,1627196788140,1.86,mobservice1,login_failure,mobservice1,1
gaia-v3-12992,reconstruction,test-pred-000831,1627197030000,1627196996465,33.535,mobservice1,login_failure,mobservice1,1
gaia-v3-12994,reconstruction,test-pred-000832,1627197240000,1627197207732,32.268,mobservice1,login_failure,mobservice2,4
gaia-v3-12686,reconstruction,test-pred-000833,1627197330000,1627197300575,29.425,mobservice2,login_failure,mobservice2,1
gaia-v3-12687,reconstruction,test-pred-000834,1627197480000,1627197463991,16.009,mobservice2,login_failure,mobservice1,4
gaia-v3-12996,reconstruction,test-pred-000835,1627197540000,1627197503221,36.779,mobservice1,login_failure,mobservice1,1
gaia-v3-12997,reconstruction,test-pred-000836,1627197660000,1627197642476,17.524,mobservice1,login_failure,mobservice2,2
gaia-v3-12688,reconstruction,test-pred-000837,1627197750000,1627197724817,25.183,mobservice2,login_failure,mobservice1,4
gaia-v3-12693,reconstruction,test-pred-000838,1627198500000,1627198465324,34.676,mobservice2,login_failure,mobservice1,2
gaia-v3-12999,reconstruction,test-pred-000839,1627198620000,1627198582160,37.84,mobservice1,login_failure,mobservice2,2
gaia-v3-12694,reconstruction,test-pred-000840,1627198680000,1627198642077,37.923,mobservice2,login_failure,mobservice1,2
gaia-v3-12695,reconstruction,test-pred-000841,1627198860000,1627198828705,31.295,mobservice2,login_failure,mobservice2,1
gaia-v3-12697,reconstruction,test-pred-000842,1627198920000,1627198904321,15.679,mobservice2,login_failure,mobservice1,2
gaia-v3-13001,reconstruction,test-pred-000843,1627199010000,1627198973517,36.483,mobservice1,login_failure,mobservice1,1
gaia-v3-13002,reconstruction,test-pred-000844,1627199130000,1627199105390,24.61,mobservice1,login_failure,mobservice2,5
gaia-v3-12698,reconstruction,test-pred-000845,1627199220000,1627199203760,16.24,mobservice2,login_failure,mobservice2,1
gaia-v3-13121,reconstruction,test-pred-000846,1627199340000,1627199302728,37.272,logservice1,memory_anomalies,mobservice2,10
gaia-v3-13004,reconstruction,test-pred-000847,1627200060000,1627200048649,11.351,mobservice1,login_failure,mobservice1,1
gaia-v3-13006,reconstruction,test-pred-000848,1627200120000,1627200116797,3.203,mobservice1,login_failure,mobservice1,1
gaia-v3-12701,reconstruction,test-pred-000849,1627200420000,1627200401601,18.399,mobservice2,login_failure,mobservice1,2
gaia-v3-13009,reconstruction,test-pred-000850,1627200630000,1627200589186,40.814,mobservice1,login_failure,mobservice1,1
gaia-v3-13010,reconstruction,test-pred-000851,1627200720000,1627200685791,34.209,mobservice1,login_failure,mobservice1,1
gaia-v3-12704,reconstruction,test-pred-000852,1627200870000,1627200824371,45.629,mobservice2,memory_anomalies,mobservice2,1
gaia-v3-13014,reconstruction,test-pred-000853,1627201860000,1627201824514,35.486,mobservice1,login_failure,mobservice1,1
gaia-v3-13016,reconstruction,test-pred-000854,1627202400000,1627202372715,27.285,mobservice1,login_failure,mobservice1,1
gaia-v3-12705,reconstruction,test-pred-000855,1627202610000,1627202608263,1.737,mobservice2,login_failure,mobservice2,1
gaia-v3-12706,reconstruction,test-pred-000856,1627202700000,1627202666277,33.723,mobservice2,login_failure,mobservice1,2
gaia-v3-12707,reconstruction,test-pred-000857,1627202910000,1627202893380,16.62,mobservice2,login_failure,mobservice1,2
gaia-v3-12708,reconstruction,test-pred-000858,1627203030000,1627203010015,19.985,mobservice2,login_failure,mobservice1,2
gaia-v3-12709,reconstruction,test-pred-000859,1627203300000,1627203261763,38.237,mobservice2,login_failure,mobservice2,1
gaia-v3-13021,reconstruction,test-pred-000860,1627203510000,1627203494637,15.363,mobservice1,login_failure,webservice1,2
gaia-v3-12711,reconstruction,test-pred-000861,1627203990000,1627203974880,15.12,mobservice2,login_failure,mobservice2,1
gaia-v3-12712,reconstruction,test-pred-000862,1627204440000,1627204410577,29.423,mobservice2,login_failure,mobservice1,3
gaia-v3-12713,reconstruction,test-pred-000863,1627204740000,1627204716476,23.524,mobservice2,login_failure,mobservice1,2
gaia-v3-12714,reconstruction,test-pred-000864,1627205130000,1627205117981,12.019,mobservice2,login_failure,mobservice1,2
gaia-v3-13025,reconstruction,test-pred-000865,1627205190000,1627205171225,18.775,mobservice1,login_failure,mobservice2,2
gaia-v3-13026,reconstruction,test-pred-000866,1627205460000,1627205429357,30.643,mobservice1,login_failure,mobservice1,1
gaia-v3-13027,reconstruction,test-pred-000867,1627205520000,1627205507261,12.739,mobservice1,login_failure,mobservice2,2
gaia-v3-12715,reconstruction,test-pred-000869,1627205670000,1627205651131,18.869,mobservice2,login_failure,mobservice2,1
gaia-v3-12716,reconstruction,test-pred-000870,1627205790000,1627205771452,18.548,mobservice2,login_failure,mobservice1,2
gaia-v3-12717,reconstruction,test-pred-000871,1627206000000,1627205960623,39.377,mobservice2,login_failure,mobservice1,3
gaia-v3-12718,reconstruction,test-pred-000873,1627206360000,1627206319932,40.068,mobservice2,login_failure,mobservice1,2
gaia-v3-12719,reconstruction,test-pred-000874,1627206750000,1627206714082,35.918,mobservice2,login_failure,mobservice2,1
gaia-v3-12720,reconstruction,test-pred-000875,1627206900000,1627206866368,33.632,mobservice2,login_failure,mobservice2,1
gaia-v3-12721,reconstruction,test-pred-000876,1627207080000,1627207044575,35.425,mobservice2,login_failure,mobservice1,2
gaia-v3-12722,reconstruction,test-pred-000877,1627207140000,1627207125876,14.124,mobservice2,login_failure,mobservice1,2
gaia-v3-13031,reconstruction,test-pred-000879,1627207440000,1627207415276,24.724,mobservice1,login_failure,mobservice1,1
gaia-v3-13032,reconstruction,test-pred-000880,1627207530000,1627207517191,12.809,mobservice1,login_failure,mobservice2,2
gaia-v3-12723,reconstruction,test-pred-000883,1627208010000,1627207994320,15.68,mobservice2,login_failure,mobservice1,2
gaia-v3-13033,reconstruction,test-pred-000884,1627208100000,1627208062193,37.807,mobservice1,login_failure,mobservice1,1
gaia-v3-13036,reconstruction,test-pred-000889,1627208910000,1627208887180,22.82,mobservice1,login_failure,mobservice2,3
gaia-v3-13037,reconstruction,test-pred-000890,1627209150000,1627209128983,21.017,mobservice1,login_failure,mobservice2,2
gaia-v3-12726,reconstruction,test-pred-000891,1627209270000,1627209254830,15.17,mobservice2,login_failure,mobservice2,1
gaia-v3-12727,reconstruction,test-pred-000892,1627209420000,1627209400045,19.955,mobservice2,login_failure,mobservice1,2
gaia-v3-13039,reconstruction,test-pred-000893,1627209630000,1627209592667,37.333,mobservice1,login_failure,mobservice2,2
gaia-v3-12729,reconstruction,test-pred-000894,1627209750000,1627209743945,6.055,mobservice2,login_failure,mobservice2,1
gaia-v3-13043,reconstruction,test-pred-000895,1627210290000,1627210277962,12.038,mobservice1,login_failure,mobservice1,1
gaia-v3-13045,reconstruction,test-pred-000896,1627210440000,1627210402620,37.38,mobservice1,login_failure,mobservice2,2
gaia-v3-12731,reconstruction,test-pred-000897,1627210620000,1627210585518,34.482,mobservice2,login_failure,mobservice2,1
gaia-v3-13047,reconstruction,test-pred-000898,1627210890000,1627210874531,15.469,mobservice1,login_failure,mobservice2,2
gaia-v3-12734,reconstruction,test-pred-000900,1627211520000,1627211485717,34.283,mobservice2,login_failure,mobservice1,2
gaia-v3-13051,reconstruction,test-pred-000902,1627211640000,1627211606819,33.181,mobservice1,login_failure,mobservice2,3
gaia-v3-13053,reconstruction,test-pred-000904,1627211880000,1627211879038,0.962,mobservice1,login_failure,mobservice1,1
gaia-v3-12736,reconstruction,test-pred-000905,1627212120000,1627212095946,24.054,mobservice2,login_failure,mobservice2,1
gaia-v3-12737,reconstruction,test-pred-000906,1627212360000,1627212339517,20.483,mobservice2,login_failure,mobservice1,2
gaia-v3-13055,reconstruction,test-pred-000907,1627212480000,1627212463751,16.249,mobservice1,login_failure,mobservice2,2
gaia-v3-12739,reconstruction,test-pred-000908,1627212540000,1627212512682,27.318,mobservice2,login_failure,mobservice1,2
gaia-v3-13056,reconstruction,test-pred-000909,1627212660000,1627212637619,22.381,mobservice1,login_failure,mobservice2,2
gaia-v3-12741,reconstruction,test-pred-000910,1627212810000,1627212798461,11.539,mobservice2,login_failure,mobservice2,1
gaia-v3-12742,reconstruction,test-pred-000911,1627212870000,1627212851003,18.997,mobservice2,login_failure,mobservice1,2
gaia-v3-13058,reconstruction,test-pred-000912,1627213440000,1627213423972,16.028,mobservice1,login_failure,mobservice2,2
gaia-v3-12743,reconstruction,test-pred-000913,1627213500000,1627213478122,21.878,mobservice2,login_failure,mobservice2,1
gaia-v3-12744,reconstruction,test-pred-000914,1627213560000,1627213519573,40.427,mobservice2,login_failure,mobservice2,1
gaia-v3-12745,reconstruction,test-pred-000915,1627213710000,1627213681041,28.959,mobservice2,login_failure,mobservice1,2
gaia-v3-12746,reconstruction,test-pred-000917,1627214040000,1627214021506,18.494,mobservice2,login_failure,mobservice1,2
gaia-v3-13061,reconstruction,test-pred-000918,1627214220000,1627214202586,17.414,mobservice1,login_failure,mobservice2,2
gaia-v3-12747,reconstruction,test-pred-000919,1627214310000,1627214295601,14.399,mobservice2,login_failure,mobservice2,1
gaia-v3-12749,reconstruction,test-pred-000920,1627214430000,1627214409242,20.758,mobservice2,login_failure,mobservice2,1
gaia-v3-13122,reconstruction,test-pred-000922,1627214640000,1627214588172,51.828,logservice1,memory_anomalies,mobservice1,4
gaia-v3-12751,reconstruction,test-pred-000923,1627215450000,1627215411559,38.441,mobservice2,login_failure,mobservice1,4
gaia-v3-12752,reconstruction,test-pred-000925,1627216200000,1627216185383,14.617,mobservice2,login_failure,mobservice1,2
gaia-v3-12753,reconstruction,test-pred-000926,1627216530000,1627216517173,12.827,mobservice2,login_failure,mobservice2,1
gaia-v3-13067,reconstruction,test-pred-000927,1627217250000,1627217212288,37.712,mobservice1,login_failure,mobservice1,1
gaia-v3-12754,reconstruction,test-pred-000928,1627217460000,1627217421027,38.973,mobservice2,login_failure,mobservice2,1
gaia-v3-13069,reconstruction,test-pred-000929,1627217640000,1627217619253,20.747,mobservice1,login_failure,mobservice2,2
gaia-v3-12755,reconstruction,test-pred-000930,1627217700000,1627217663867,36.133,mobservice2,login_failure,mobservice1,2
gaia-v3-13070,reconstruction,test-pred-000931,1627217820000,1627217790547,29.453,mobservice1,login_failure,mobservice1,1
gaia-v3-13076,reconstruction,test-pred-000932,1627218750000,1627218736848,13.152,mobservice1,login_failure,mobservice1,1
gaia-v3-12758,reconstruction,test-pred-000933,1627218810000,1627218797087,12.913,mobservice2,login_failure,mobservice1,2
gaia-v3-13077,reconstruction,test-pred-000934,1627218900000,1627218865928,34.072,mobservice1,login_failure,mobservice2,2
gaia-v3-12759,reconstruction,test-pred-000935,1627219020000,1627219003404,16.596,mobservice2,login_failure,mobservice2,1
gaia-v3-12760,reconstruction,test-pred-000936,1627219500000,1627219480984,19.016,mobservice2,login_failure,mobservice2,1
gaia-v3-12761,reconstruction,test-pred-000938,1627219650000,1627219612023,37.977,mobservice2,login_failure,mobservice2,1
gaia-v3-13078,reconstruction,test-pred-000939,1627220160000,1627220123516,36.484,mobservice1,login_failure,mobservice2,2
gaia-v3-12762,reconstruction,test-pred-000940,1627220220000,1627220196802,23.198,mobservice2,login_failure,mobservice1,2
gaia-v3-12763,reconstruction,test-pred-000941,1627220580000,1627220557987,22.013,mobservice2,login_failure,mobservice1,2
gaia-v3-13082,reconstruction,test-pred-000942,1627220940000,1627220904831,35.169,mobservice1,login_failure,mobservice2,2
gaia-v3-12764,reconstruction,test-pred-000943,1627221030000,1627221000887,29.113,mobservice2,login_failure,mobservice1,2
gaia-v3-12765,reconstruction,test-pred-000944,1627221210000,1627221192177,17.823,mobservice2,login_failure,mobservice2,1
gaia-v3-12766,reconstruction,test-pred-000945,1627221270000,1627221252367,17.633,mobservice2,login_failure,mobservice1,2
gaia-v3-12767,reconstruction,test-pred-000946,1627221780000,1627221766486,13.514,mobservice2,login_failure,mobservice2,1
gaia-v3-12768,reconstruction,test-pred-000947,1627221900000,1627221887960,12.04,mobservice2,login_failure,mobservice1,2
gaia-v3-13083,reconstruction,test-pred-000948,1627222050000,1627222044097,5.903,mobservice1,login_failure,mobservice1,1
gaia-v3-12770,reconstruction,test-pred-000949,1627222140000,1627222122021,17.979,mobservice2,login_failure,mobservice2,1
gaia-v3-13084,reconstruction,test-pred-000950,1627222650000,1627222619206,30.794,mobservice1,login_failure,mobservice2,2
gaia-v3-12771,reconstruction,test-pred-000951,1627222980000,1627222948928,31.072,mobservice2,login_failure,mobservice2,1
gaia-v3-13086,reconstruction,test-pred-000952,1627223220000,1627223185959,34.041,mobservice1,login_failure,mobservice1,1
gaia-v3-13089,reconstruction,test-pred-000953,1627223400000,1627223394961,5.039,mobservice1,login_failure,mobservice1,1
gaia-v3-13091,reconstruction,test-pred-000955,1627223970000,1627223958573,11.427,mobservice1,login_failure,mobservice2,2
gaia-v3-12777,reconstruction,test-pred-000956,1627224300000,1627224278204,21.796,mobservice2,login_failure,mobservice2,1
gaia-v3-13093,reconstruction,test-pred-000957,1627224450000,1627224408968,41.032,mobservice1,login_failure,mobservice2,2
gaia-v3-13095,reconstruction,test-pred-000958,1627224540000,1627224519417,20.583,mobservice1,login_failure,mobservice1,1
gaia-v3-13096,reconstruction,test-pred-000959,1627224600000,1627224587419,12.581,mobservice1,login_failure,redisservice1,2
gaia-v3-12779,reconstruction,test-pred-000960,1627224840000,1627224801849,38.151,mobservice2,login_failure,mobservice2,1
gaia-v3-12780,reconstruction,test-pred-000962,1627225080000,1627225045821,34.179,mobservice2,login_failure,mobservice2,1
gaia-v3-13099,reconstruction,test-pred-000964,1627225290000,1627225282586,7.414,mobservice1,login_failure,mobservice1,1
gaia-v3-12781,reconstruction,test-pred-000965,1627225470000,1627225448583,21.417,mobservice2,login_failure,mobservice2,1
gaia-v3-12782,reconstruction,test-pred-000966,1627225530000,1627225498594,31.406,mobservice2,login_failure,redisservice1,2
gaia-v3-12784,reconstruction,test-pred-000971,1627226520000,1627226499725,20.275,mobservice2,login_failure,mobservice1,2
gaia-v3-12785,reconstruction,test-pred-000972,1627226700000,1627226660336,39.664,mobservice2,login_failure,mobservice2,1
gaia-v3-13102,reconstruction,test-pred-000973,1627227090000,1627227068051,21.949,mobservice1,login_failure,mobservice2,2
gaia-v3-12786,reconstruction,test-pred-000974,1627227240000,1627227216274,23.726,mobservice2,login_failure,mobservice2,1
gaia-v3-12790,reconstruction,test-pred-000975,1627227420000,1627227407685,12.315,mobservice2,memory_anomalies,mobservice1,2
gaia-v3-13106,reconstruction,test-pred-000976,1627228110000,1627228097999,12.001,mobservice1,login_failure,mobservice1,1
gaia-v3-13107,reconstruction,test-pred-000977,1627228200000,1627228165877,34.123,mobservice1,login_failure,mobservice1,1
gaia-v3-12791,reconstruction,test-pred-000978,1627228380000,1627228365417,14.583,mobservice2,login_failure,mobservice2,1
gaia-v3-12793,reconstruction,test-pred-000980,1627228800000,1627228781570,18.43,mobservice2,login_failure,logservice1,3
gaia-v3-13449,reconstruction,test-pred-000981,1627229100000,1627229082494,17.506,mobservice1,login_failure,mobservice2,4
gaia-v3-13154,reconstruction,test-pred-000982,1627229160000,1627229132531,27.469,mobservice2,login_failure,logservice2,4
gaia-v3-13155,reconstruction,test-pred-000983,1627229430000,1627229416993,13.007,mobservice2,login_failure,mobservice1,5
gaia-v3-13450,reconstruction,test-pred-000984,1627229550000,1627229526478,23.522,mobservice1,login_failure,mobservice2,2
gaia-v3-13156,reconstruction,test-pred-000985,1627229670000,1627229655829,14.171,mobservice2,login_failure,mobservice1,2
gaia-v3-13158,reconstruction,test-pred-000986,1627229850000,1627229827219,22.781,mobservice2,login_failure,logservice1,4
gaia-v3-13452,reconstruction,test-pred-000988,1627230120000,1627230105819,14.181,mobservice1,login_failure,mobservice2,4
gaia-v3-13453,reconstruction,test-pred-000989,1627230390000,1627230373871,16.129,mobservice1,login_failure,mobservice2,3
gaia-v3-13160,reconstruction,test-pred-000990,1627230510000,1627230479756,30.244,mobservice2,login_failure,mobservice2,1
gaia-v3-13161,reconstruction,test-pred-000991,1627230660000,1627230640951,19.049,mobservice2,login_failure,mobservice2,1
gaia-v3-13162,reconstruction,test-pred-000992,1627230750000,1627230725293,24.707,mobservice2,login_failure,mobservice1,2
gaia-v3-13454,reconstruction,test-pred-000993,1627230810000,1627230787816,22.184,mobservice1,login_failure,mobservice1,1
gaia-v3-13455,reconstruction,test-pred-000994,1627230870000,1627230858192,11.808,mobservice1,login_failure,mobservice2,3
gaia-v3-13456,reconstruction,test-pred-000995,1627230990000,1627230971453,18.547,mobservice1,login_failure,mobservice2,4
gaia-v3-13460,reconstruction,test-pred-000997,1627231950000,1627231927946,22.054,mobservice1,login_failure,logservice2,4
gaia-v3-13164,reconstruction,test-pred-000998,1627232070000,1627232046160,23.84,mobservice2,login_failure,mobservice2,1
gaia-v3-13461,reconstruction,test-pred-000999,1627232190000,1627232167979,22.021,mobservice1,login_failure,mobservice2,3
gaia-v3-13166,reconstruction,test-pred-001000,1627232520000,1627232505540,14.46,mobservice2,login_failure,mobservice2,1
gaia-v3-13167,reconstruction,test-pred-001001,1627232610000,1627232570049,39.951,mobservice2,login_failure,mobservice2,1
gaia-v3-13168,reconstruction,test-pred-001002,1627232760000,1627232745331,14.669,mobservice2,login_failure,mobservice1,2
gaia-v3-13462,reconstruction,test-pred-001003,1627232880000,1627232865916,14.084,mobservice1,login_failure,logservice2,4
gaia-v3-13463,reconstruction,test-pred-001004,1627233180000,1627233151313,28.687,mobservice1,login_failure,mobservice1,1
gaia-v3-13465,reconstruction,test-pred-001006,1627233330000,1627233309367,20.633,mobservice1,login_failure,mobservice2,4
gaia-v3-13172,reconstruction,test-pred-001008,1627233960000,1627233918960,41.04,mobservice2,login_failure,mobservice2,1
gaia-v3-13468,reconstruction,test-pred-001009,1627234260000,1627234227864,32.136,mobservice1,login_failure,mobservice2,2
gaia-v3-13173,reconstruction,test-pred-001010,1627234410000,1627234383912,26.088,mobservice2,login_failure,logservice1,2
gaia-v3-13174,reconstruction,test-pred-001011,1627234620000,1627234597342,22.658,mobservice2,login_failure,mobservice1,2
gaia-v3-13175,reconstruction,test-pred-001012,1627234680000,1627234663020,16.98,mobservice2,login_failure,mobservice1,2
gaia-v3-13471,reconstruction,test-pred-001014,1627235010000,1627234974578,35.422,mobservice1,login_failure,logservice1,8
gaia-v3-13178,reconstruction,test-pred-001015,1627235220000,1627235196277,23.723,mobservice2,login_failure,mobservice2,1
gaia-v3-13180,reconstruction,test-pred-001016,1627235310000,1627235302265,7.735,mobservice2,login_failure,mobservice2,1
gaia-v3-13181,reconstruction,test-pred-001017,1627235820000,1627235780481,39.519,mobservice2,login_failure,mobservice2,1
gaia-v3-13182,reconstruction,test-pred-001018,1627235940000,1627235917427,22.573,mobservice2,login_failure,mobservice2,1
gaia-v3-13478,reconstruction,test-pred-001019,1627236420000,1627236382138,37.862,mobservice1,login_failure,mobservice1,1
gaia-v3-13480,reconstruction,test-pred-001020,1627236570000,1627236567580,2.42,mobservice1,login_failure,mobservice1,1
gaia-v3-13183,reconstruction,test-pred-001022,1627237110000,1627237077243,32.757,mobservice2,login_failure,mobservice2,1
gaia-v3-13184,reconstruction,test-pred-001023,1627237260000,1627237225110,34.89,mobservice2,login_failure,mobservice2,1
gaia-v3-13482,reconstruction,test-pred-001025,1627237770000,1627237742255,27.745,mobservice1,login_failure,mobservice2,2
gaia-v3-13185,reconstruction,test-pred-001026,1627238190000,1627238175369,14.631,mobservice2,login_failure,mobservice2,1
gaia-v3-13186,reconstruction,test-pred-001027,1627238250000,1627238220707,29.293,mobservice2,login_failure,mobservice1,2
gaia-v3-13188,reconstruction,test-pred-001030,1627238580000,1627238555630,24.37,mobservice2,login_failure,mobservice2,1
gaia-v3-13189,reconstruction,test-pred-001032,1627238730000,1627238715227,14.773,mobservice2,login_failure,logservice1,3
gaia-v3-13190,reconstruction,test-pred-001033,1627238940000,1627238912892,27.108,mobservice2,login_failure,mobservice1,6
gaia-v3-13485,reconstruction,test-pred-001034,1627239000000,1627238972648,27.352,mobservice1,login_failure,mobservice1,1
gaia-v3-13191,reconstruction,test-pred-001036,1627239240000,1627239203823,36.177,mobservice2,login_failure,mobservice1,4
gaia-v3-13193,reconstruction,test-pred-001039,1627239990000,1627239967301,22.699,mobservice2,login_failure,mobservice1,4
gaia-v3-13487,reconstruction,test-pred-001040,1627240170000,1627240137275,32.725,mobservice1,login_failure,logservice1,5
gaia-v3-13194,reconstruction,test-pred-001041,1627240230000,1627240210632,19.368,mobservice2,login_failure,mobservice1,2
gaia-v3-13195,reconstruction,test-pred-001042,1627240410000,1627240396157,13.843,mobservice2,login_failure,mobservice2,1
gaia-v3-13741,reconstruction,test-pred-001043,1627240590000,1627240545413,44.587,redisservice2,memory_anomalies,mobservice2,5
gaia-v3-13198,reconstruction,test-pred-001044,1627241370000,1627241345506,24.494,mobservice2,login_failure,mobservice1,3
gaia-v3-13209,reconstruction,test-pred-001051,1627244970000,1627244948414,21.586,mobservice2,login_failure,mobservice2,1
gaia-v3-13510,reconstruction,test-pred-001055,1627246950000,1627246918579,31.421,mobservice1,login_failure,mobservice2,3
gaia-v3-13524,reconstruction,test-pred-001062,1627250040000,1627250019624,20.376,mobservice1,login_failure,mobservice2,3
gaia-v3-13532,reconstruction,test-pred-001065,1627252800000,1627252781787,18.213,mobservice1,login_failure,mobservice1,1
gaia-v3-13574,reconstruction,test-pred-001067,1627265070000,1627265060786,9.214,mobservice1,login_failure,mobservice1,1
gaia-v3-13603,reconstruction,test-pred-001068,1627275870000,1627275852835,17.165,mobservice1,login_failure,mobservice1,1
gaia-v3-13313,reconstruction,test-pred-001070,1627277370000,1627277357243,12.757,mobservice2,login_failure,mobservice2,1
gaia-v3-13317,reconstruction,test-pred-001071,1627278360000,1627278342546,17.454,mobservice2,login_failure,mobservice1,2
gaia-v3-13655,reconstruction,test-pred-001076,1627289190000,1627289170853,19.147,mobservice1,login_failure,logservice2,4
gaia-v3-13360,reconstruction,test-pred-001077,1627290810000,1627290785906,24.094,mobservice2,login_failure,mobservice1,3
gaia-v3-13367,reconstruction,test-pred-001078,1627292940000,1627292926478,13.522,mobservice2,login_failure,mobservice1,2
gaia-v3-13376,reconstruction,test-pred-001079,1627295010000,1627294985394,24.606,mobservice2,login_failure,logservice2,2
gaia-v3-13673,reconstruction,test-pred-001080,1627295250000,1627295232488,17.512,mobservice1,login_failure,mobservice1,1
gaia-v3-13674,reconstruction,test-pred-001081,1627295400000,1627295375690,24.31,mobservice1,login_failure,mobservice2,2
gaia-v3-13377,reconstruction,test-pred-001082,1627295790000,1627295759820,30.18,mobservice2,login_failure,mobservice2,1
gaia-v3-13378,reconstruction,test-pred-001083,1627295880000,1627295850928,29.072,mobservice2,login_failure,mobservice2,1
gaia-v3-13382,reconstruction,test-pred-001085,1627296750000,1627296719383,30.617,mobservice2,login_failure,mobservice2,1
gaia-v3-13678,reconstruction,test-pred-001086,1627297170000,1627297152476,17.524,mobservice1,login_failure,mobservice1,1
gaia-v3-13383,reconstruction,test-pred-001087,1627297440000,1627297413736,26.264,mobservice2,login_failure,mobservice2,1
gaia-v3-13680,reconstruction,test-pred-001088,1627297620000,1627297594565,25.435,mobservice1,login_failure,mobservice2,2
gaia-v3-13681,reconstruction,test-pred-001089,1627297710000,1627297709487,0.513,mobservice1,login_failure,mobservice1,1
gaia-v3-13682,reconstruction,test-pred-001090,1627297920000,1627297908240,11.76,mobservice1,login_failure,mobservice1,1
gaia-v3-13386,reconstruction,test-pred-001091,1627298370000,1627298351155,18.845,mobservice2,login_failure,mobservice1,4
gaia-v3-13684,reconstruction,test-pred-001092,1627298520000,1627298505185,14.815,mobservice1,login_failure,mobservice2,2
gaia-v3-13685,reconstruction,test-pred-001095,1627298880000,1627298847252,32.748,mobservice1,login_failure,mobservice2,4
gaia-v3-13388,reconstruction,test-pred-001096,1627299060000,1627299027477,32.523,mobservice2,login_failure,mobservice1,6
gaia-v3-13389,reconstruction,test-pred-001097,1627299360000,1627299334523,25.477,mobservice2,login_failure,mobservice1,2
gaia-v3-13687,reconstruction,test-pred-001098,1627299450000,1627299413943,36.057,mobservice1,login_failure,mobservice2,3
gaia-v3-13688,reconstruction,test-pred-001099,1627299660000,1627299649116,10.884,mobservice1,login_failure,mobservice1,1
gaia-v3-13393,reconstruction,test-pred-001100,1627299810000,1627299792827,17.173,mobservice2,login_failure,mobservice2,1
gaia-v3-13689,reconstruction,test-pred-001101,1627299990000,1627299965504,24.496,mobservice1,login_failure,mobservice1,1
gaia-v3-13394,reconstruction,test-pred-001102,1627300320000,1627300304629,15.371,mobservice2,login_failure,mobservice1,3
gaia-v3-13690,reconstruction,test-pred-001103,1627300410000,1627300387301,22.699,mobservice1,login_failure,mobservice1,1
gaia-v3-13691,reconstruction,test-pred-001105,1627300800000,1627300780110,19.89,mobservice1,login_failure,mobservice1,1
gaia-v3-13397,reconstruction,test-pred-001107,1627302240000,1627302212717,27.283,mobservice2,login_failure,mobservice1,4
gaia-v3-13398,reconstruction,test-pred-001109,1627302510000,1627302489292,20.708,mobservice2,login_failure,mobservice1,2
gaia-v3-13403,reconstruction,test-pred-001111,1627303620000,1627303605132,14.868,mobservice2,login_failure,mobservice1,4
gaia-v3-13697,reconstruction,test-pred-001112,1627303740000,1627303720642,19.358,mobservice1,login_failure,mobservice1,1
gaia-v3-13698,reconstruction,test-pred-001113,1627303800000,1627303776945,23.055,mobservice1,login_failure,mobservice2,3
gaia-v3-13404,reconstruction,test-pred-001115,1627304160000,1627304140603,19.397,mobservice2,login_failure,mobservice1,2
gaia-v3-13699,reconstruction,test-pred-001116,1627304220000,1627304204396,15.604,mobservice1,login_failure,mobservice1,1
gaia-v3-13700,reconstruction,test-pred-001117,1627304280000,1627304262297,17.703,mobservice1,login_failure,logservice1,6
gaia-v3-13405,reconstruction,test-pred-001118,1627304520000,1627304499167,20.833,mobservice2,login_failure,mobservice1,2
gaia-v3-13701,reconstruction,test-pred-001119,1627304580000,1627304541649,38.351,mobservice1,login_failure,mobservice2,2
gaia-v3-13406,reconstruction,test-pred-001120,1627304700000,1627304663725,36.275,mobservice2,login_failure,logservice1,4
gaia-v3-13407,reconstruction,test-pred-001121,1627304940000,1627304923903,16.097,mobservice2,login_failure,mobservice1,6
gaia-v3-13702,reconstruction,test-pred-001122,1627305060000,1627305026808,33.192,mobservice1,login_failure,mobservice2,4
gaia-v3-13408,reconstruction,test-pred-001123,1627305210000,1627305173833,36.167,mobservice2,login_failure,mobservice1,3
gaia-v3-13703,reconstruction,test-pred-001124,1627305330000,1627305315363,14.637,mobservice1,login_failure,mobservice2,4
gaia-v3-13704,reconstruction,test-pred-001125,1627305450000,1627305430045,19.955,mobservice1,login_failure,mobservice2,2
gaia-v3-13705,reconstruction,test-pred-001126,1627305630000,1627305612681,17.319,mobservice1,login_failure,mobservice1,1
gaia-v3-13706,reconstruction,test-pred-001128,1627306200000,1627306180196,19.804,mobservice1,login_failure,mobservice2,2
gaia-v3-13409,reconstruction,test-pred-001129,1627306290000,1627306267330,22.67,mobservice2,login_failure,mobservice1,5
gaia-v3-13709,reconstruction,test-pred-001131,1627306530000,1627306514020,15.98,mobservice1,login_failure,mobservice2,4
gaia-v3-13410,reconstruction,test-pred-001132,1627306590000,1627306553380,36.62,mobservice2,login_failure,mobservice2,1
gaia-v3-13411,reconstruction,test-pred-001133,1627306740000,1627306701998,38.002,mobservice2,login_failure,mobservice1,2
gaia-v3-13412,reconstruction,test-pred-001134,1627306830000,1627306793502,36.498,mobservice2,login_failure,mobservice2,1
gaia-v3-13413,reconstruction,test-pred-001135,1627306950000,1627306910734,39.266,mobservice2,login_failure,mobservice2,1
gaia-v3-13414,reconstruction,test-pred-001136,1627307070000,1627307042363,27.637,mobservice2,login_failure,mobservice1,3
gaia-v3-13415,reconstruction,test-pred-001137,1627307880000,1627307851313,28.687,mobservice2,login_failure,mobservice1,2
gaia-v3-13416,reconstruction,test-pred-001139,1627308120000,1627308100343,19.657,mobservice2,login_failure,mobservice1,5
gaia-v3-13417,reconstruction,test-pred-001140,1627308420000,1627308402656,17.344,mobservice2,login_failure,mobservice2,1
gaia-v3-13714,reconstruction,test-pred-001141,1627308720000,1627308719695,0.305,mobservice1,login_failure,mobservice1,1
gaia-v3-13420,reconstruction,test-pred-001142,1627308870000,1627308857367,12.633,mobservice2,login_failure,mobservice1,2
gaia-v3-13422,reconstruction,test-pred-001143,1627309260000,1627309230277,29.723,mobservice2,login_failure,mobservice1,2
gaia-v3-13423,reconstruction,test-pred-001144,1627309410000,1627309383432,26.568,mobservice2,login_failure,mobservice1,2
gaia-v3-13424,reconstruction,test-pred-001145,1627309770000,1627309735982,34.018,mobservice2,login_failure,mobservice2,1
gaia-v3-13426,reconstruction,test-pred-001146,1627309980000,1627309963954,16.046,mobservice2,login_failure,mobservice2,1
gaia-v3-13428,reconstruction,test-pred-001147,1627310070000,1627310045884,24.116,mobservice2,login_failure,mobservice1,2
gaia-v3-13429,reconstruction,test-pred-001148,1627310160000,1627310143085,16.915,mobservice2,login_failure,mobservice2,1
gaia-v3-13430,reconstruction,test-pred-001149,1627310280000,1627310268469,11.531,mobservice2,login_failure,mobservice2,1
gaia-v3-13720,reconstruction,test-pred-001150,1627310400000,1627310363121,36.879,mobservice1,login_failure,logservice2,3
gaia-v3-13432,reconstruction,test-pred-001152,1627310640000,1627310617700,22.3,mobservice2,login_failure,mobservice1,2
gaia-v3-13721,reconstruction,test-pred-001153,1627310700000,1627310671070,28.93,mobservice1,login_failure,mobservice2,2
gaia-v3-13435,reconstruction,test-pred-001155,1627311450000,1627311411786,38.214,mobservice2,login_failure,mobservice2,1
gaia-v3-13724,reconstruction,test-pred-001157,1627311840000,1627311811421,28.579,mobservice1,login_failure,mobservice1,1
gaia-v3-13725,reconstruction,test-pred-001158,1627311930000,1627311897373,32.627,mobservice1,login_failure,mobservice1,1
gaia-v3-13727,reconstruction,test-pred-001159,1627311990000,1627311973870,16.13,mobservice1,login_failure,mobservice1,1
gaia-v3-13729,reconstruction,test-pred-001160,1627312110000,1627312098760,11.24,mobservice1,login_failure,logservice1,10
gaia-v3-13436,reconstruction,test-pred-001161,1627312380000,1627312353255,26.745,mobservice2,login_failure,mobservice1,5
gaia-v3-13731,reconstruction,test-pred-001163,1627312800000,1627312770207,29.793,mobservice1,login_failure,mobservice2,4
gaia-v3-13437,reconstruction,test-pred-001164,1627312860000,1627312838431,21.569,mobservice2,login_failure,mobservice2,1
gaia-v3-13440,reconstruction,test-pred-001166,1627313580000,1627313564529,15.471,mobservice2,login_failure,mobservice1,2
gaia-v3-13443,reconstruction,test-pred-001167,1627313760000,1627313748012,11.988,mobservice2,login_failure,mobservice2,1
gaia-v3-13444,reconstruction,test-pred-001168,1627313910000,1627313875075,34.925,mobservice2,login_failure,mobservice1,2
gaia-v3-13445,reconstruction,test-pred-001169,1627314390000,1627314367292,22.708,mobservice2,login_failure,mobservice2,1
gaia-v3-13446,reconstruction,test-pred-001170,1627314480000,1627314451553,28.447,mobservice2,login_failure,mobservice2,1
gaia-v3-13447,reconstruction,test-pred-001171,1627314630000,1627314603542,26.458,mobservice2,login_failure,mobservice1,3
gaia-v3-13785,reconstruction,test-pred-001173,1627315260000,1627315239149,20.851,mobservice2,login_failure,dbservice2,3
gaia-v3-14103,reconstruction,test-pred-001176,1627320750000,1627320701167,48.833,mobservice1,login_failure,mobservice1,1
gaia-v3-13805,reconstruction,test-pred-001177,1627321050000,1627321029833,20.167,mobservice2,login_failure,mobservice2,1
gaia-v3-13806,reconstruction,test-pred-001178,1627321200000,1627321173042,26.958,mobservice2,login_failure,mobservice1,4
gaia-v3-13807,reconstruction,test-pred-001180,1627321470000,1627321456950,13.05,mobservice2,login_failure,mobservice1,4
gaia-v3-14104,reconstruction,test-pred-001181,1627321650000,1627321612719,37.281,mobservice1,login_failure,mobservice1,1
gaia-v3-14105,reconstruction,test-pred-001182,1627321740000,1627321723513,16.487,mobservice1,login_failure,mobservice1,1
gaia-v3-14106,reconstruction,test-pred-001183,1627321830000,1627321789798,40.202,mobservice1,login_failure,mobservice2,4
gaia-v3-13809,reconstruction,test-pred-001184,1627321950000,1627321936157,13.843,mobservice2,login_failure,mobservice1,3
gaia-v3-14108,reconstruction,test-pred-001185,1627322100000,1627322088224,11.776,mobservice1,login_failure,mobservice1,1
gaia-v3-14109,reconstruction,test-pred-001186,1627322250000,1627322216631,33.369,mobservice1,login_failure,mobservice2,4
gaia-v3-13810,reconstruction,test-pred-001187,1627322400000,1627322363129,36.871,mobservice2,login_failure,mobservice1,2
gaia-v3-13811,reconstruction,test-pred-001188,1627322580000,1627322547881,32.119,mobservice2,login_failure,mobservice1,2
gaia-v3-13812,reconstruction,test-pred-001189,1627323000000,1627322959004,40.996,mobservice2,login_failure,mobservice2,1
gaia-v3-14110,reconstruction,test-pred-001190,1627323120000,1627323109998,10.002,mobservice1,login_failure,mobservice1,1
gaia-v3-14111,reconstruction,test-pred-001191,1627323240000,1627323217322,22.678,mobservice1,login_failure,mobservice1,1
gaia-v3-14112,reconstruction,test-pred-001192,1627323300000,1627323272610,27.39,mobservice1,login_failure,mobservice1,1
gaia-v3-13814,reconstruction,test-pred-001193,1627323570000,1627323544216,25.784,mobservice2,login_failure,mobservice2,1
gaia-v3-13815,reconstruction,test-pred-001194,1627323690000,1627323674967,15.033,mobservice2,login_failure,mobservice2,1
gaia-v3-13816,reconstruction,test-pred-001195,1627323750000,1627323725313,24.687,mobservice2,login_failure,mobservice1,3
gaia-v3-14114,reconstruction,test-pred-001196,1627323840000,1627323809877,30.123,mobservice1,login_failure,mobservice2,4
gaia-v3-14115,reconstruction,test-pred-001197,1627324080000,1627324058820,21.18,mobservice1,login_failure,logservice2,2
gaia-v3-13818,reconstruction,test-pred-001198,1627324950000,1627324936720,13.28,mobservice2,login_failure,mobservice2,1
gaia-v3-13819,reconstruction,test-pred-001199,1627325010000,1627325006597,3.403,mobservice2,login_failure,mobservice2,1
gaia-v3-13822,reconstruction,test-pred-001200,1627325820000,1627325788633,31.367,mobservice2,login_failure,mobservice1,4
gaia-v3-13823,reconstruction,test-pred-001201,1627326090000,1627326064469,25.531,mobservice2,login_failure,logservice2,2
gaia-v3-14121,reconstruction,test-pred-001202,1627326390000,1627326375389,14.611,mobservice1,login_failure,logservice2,2
gaia-v3-13824,reconstruction,test-pred-001204,1627326630000,1627326600694,29.306,mobservice2,login_failure,mobservice2,1
gaia-v3-14122,reconstruction,test-pred-001205,1627326750000,1627326730879,19.121,mobservice1,login_failure,mobservice1,1
gaia-v3-14123,reconstruction,test-pred-001208,1627327260000,1627327233982,26.018,mobservice1,login_failure,mobservice2,5
gaia-v3-13826,reconstruction,test-pred-001209,1627327350000,1627327331666,18.334,mobservice2,login_failure,mobservice1,3
gaia-v3-14124,reconstruction,test-pred-001211,1627327560000,1627327532871,27.129,mobservice1,login_failure,mobservice2,2
gaia-v3-14125,reconstruction,test-pred-001213,1627327950000,1627327915618,34.382,mobservice1,login_failure,mobservice2,4
gaia-v3-13827,reconstruction,test-pred-001214,1627328010000,1627327979997,30.003,mobservice2,login_failure,mobservice2,1
gaia-v3-13828,reconstruction,test-pred-001215,1627328130000,1627328116865,13.135,mobservice2,login_failure,mobservice1,3
gaia-v3-14127,reconstruction,test-pred-001216,1627328280000,1627328259065,20.935,mobservice1,login_failure,mobservice2,2
gaia-v3-14133,reconstruction,test-pred-001219,1627329390000,1627329376651,13.349,mobservice1,login_failure,mobservice1,1
gaia-v3-14134,reconstruction,test-pred-001220,1627329450000,1627329409581,40.419,mobservice1,login_failure,redisservice2,5
gaia-v3-13836,reconstruction,test-pred-001222,1627329630000,1627329593409,36.591,mobservice2,login_failure,mobservice1,3
gaia-v3-14136,reconstruction,test-pred-001223,1627329750000,1627329709899,40.101,mobservice1,login_failure,logservice1,2
gaia-v3-13837,reconstruction,test-pred-001224,1627329960000,1627329926496,33.504,mobservice2,login_failure,mobservice2,1
gaia-v3-13838,reconstruction,test-pred-001225,1627330050000,1627330028756,21.244,mobservice2,login_failure,mobservice2,1
gaia-v3-13839,reconstruction,test-pred-001226,1627330110000,1627330085200,24.8,mobservice2,login_failure,mobservice2,1
gaia-v3-14137,reconstruction,test-pred-001227,1627330290000,1627330268557,21.443,mobservice1,login_failure,mobservice1,1
gaia-v3-13840,reconstruction,test-pred-001228,1627330530000,1627330500529,29.471,mobservice2,login_failure,mobservice2,1
gaia-v3-13841,reconstruction,test-pred-001229,1627330650000,1627330634331,15.669,mobservice2,login_failure,mobservice2,1
gaia-v3-14141,reconstruction,test-pred-001232,1627331580000,1627331564494,15.506,mobservice1,login_failure,mobservice2,2
gaia-v3-13843,reconstruction,test-pred-001233,1627331760000,1627331739185,20.815,mobservice2,login_failure,mobservice1,4
gaia-v3-14144,reconstruction,test-pred-001235,1627332420000,1627332409305,10.695,mobservice1,login_failure,mobservice2,2
gaia-v3-13848,reconstruction,test-pred-001236,1627334190000,1627334166174,23.826,mobservice2,login_failure,mobservice1,7
gaia-v3-13849,reconstruction,test-pred-001237,1627334490000,1627334458547,31.453,mobservice2,login_failure,logservice1,4
gaia-v3-13850,reconstruction,test-pred-001238,1627334790000,1627334754510,35.49,mobservice2,login_failure,mobservice2,1
gaia-v3-13851,reconstruction,test-pred-001239,1627334850000,1627334818861,31.139,mobservice2,login_failure,mobservice2,1
gaia-v3-13853,reconstruction,test-pred-001240,1627334940000,1627334924028,15.972,mobservice2,login_failure,mobservice1,2
gaia-v3-13855,reconstruction,test-pred-001241,1627335060000,1627335020344,39.656,mobservice2,login_failure,mobservice1,3
gaia-v3-13856,reconstruction,test-pred-001242,1627335420000,1627335382401,37.599,mobservice2,login_failure,mobservice2,1
gaia-v3-13857,reconstruction,test-pred-001243,1627335570000,1627335548807,21.193,mobservice2,login_failure,mobservice2,1
gaia-v3-13859,reconstruction,test-pred-001244,1627335930000,1627335927473,2.527,mobservice2,login_failure,mobservice2,1
gaia-v3-14160,reconstruction,test-pred-001246,1627336950000,1627336921401,28.599,mobservice1,login_failure,logservice1,3
gaia-v3-13863,reconstruction,test-pred-001247,1627337160000,1627337128920,31.08,mobservice2,login_failure,mobservice1,2
gaia-v3-13864,reconstruction,test-pred-001248,1627337520000,1627337481302,38.698,mobservice2,login_failure,logservice1,4
gaia-v3-14162,reconstruction,test-pred-001249,1627337670000,1627337642010,27.99,mobservice1,login_failure,logservice2,4
gaia-v3-14165,reconstruction,test-pred-001251,1627338450000,1627338446276,3.724,mobservice1,login_failure,mobservice1,1
gaia-v3-13869,reconstruction,test-pred-001252,1627338960000,1627338924690,35.31,mobservice2,login_failure,mobservice2,1
gaia-v3-14167,reconstruction,test-pred-001253,1627339110000,1627339086022,23.978,mobservice1,login_failure,mobservice1,1
gaia-v3-13871,reconstruction,test-pred-001254,1627339290000,1627339257652,32.348,mobservice2,login_failure,mobservice2,1
gaia-v3-13873,reconstruction,test-pred-001255,1627339350000,1627339330039,19.961,mobservice2,login_failure,mobservice1,4
gaia-v3-13874,reconstruction,test-pred-001256,1627339590000,1627339563522,26.478,mobservice2,login_failure,logservice1,4
gaia-v3-14169,reconstruction,test-pred-001257,1627339830000,1627339805957,24.043,mobservice1,login_failure,mobservice2,5
gaia-v3-13876,reconstruction,test-pred-001258,1627339890000,1627339875547,14.453,mobservice2,login_failure,logservice2,4
gaia-v3-14170,reconstruction,test-pred-001259,1627340130000,1627340114534,15.466,mobservice1,login_failure,mobservice2,3
gaia-v3-14171,reconstruction,test-pred-001260,1627340280000,1627340254115,25.885,mobservice1,login_failure,mobservice2,3
gaia-v3-13878,reconstruction,test-pred-001261,1627340640000,1627340627912,12.088,mobservice2,login_failure,mobservice1,2
gaia-v3-13879,reconstruction,test-pred-001262,1627341120000,1627341084919,35.081,mobservice2,login_failure,mobservice1,2
gaia-v3-13880,reconstruction,test-pred-001263,1627341660000,1627341647641,12.359,mobservice2,login_failure,mobservice1,2
gaia-v3-13881,reconstruction,test-pred-001264,1627341840000,1627341809962,30.038,mobservice2,login_failure,mobservice1,2
gaia-v3-14177,reconstruction,test-pred-001265,1627341990000,1627341971432,18.568,mobservice1,login_failure,mobservice1,1
gaia-v3-13883,reconstruction,test-pred-001267,1627342710000,1627342684009,25.991,mobservice2,login_failure,mobservice1,3
gaia-v3-13767,reconstruction,test-pred-001268,1627342920000,1627342876732,43.268,webservice2,memory_anomalies,logservice1,9
gaia-v3-13885,reconstruction,test-pred-001269,1627343550000,1627343529649,20.351,mobservice2,login_failure,mobservice1,2
gaia-v3-14182,reconstruction,test-pred-001270,1627343610000,1627343581916,28.084,mobservice1,login_failure,mobservice1,1
gaia-v3-13886,reconstruction,test-pred-001271,1627343970000,1627343932320,37.68,mobservice2,login_failure,mobservice2,1
gaia-v3-13887,reconstruction,test-pred-001272,1627344420000,1627344407880,12.12,mobservice2,login_failure,mobservice2,1
gaia-v3-13888,reconstruction,test-pred-001273,1627344510000,1627344492313,17.687,mobservice2,login_failure,mobservice2,1
gaia-v3-14184,reconstruction,test-pred-001278,1627345200000,1627345197111,2.889,mobservice1,login_failure,mobservice1,1
gaia-v3-13895,reconstruction,test-pred-001280,1627345860000,1627345844673,15.327,mobservice2,login_failure,mobservice2,1
gaia-v3-14189,reconstruction,test-pred-001281,1627346040000,1627346014721,25.279,mobservice1,login_failure,mobservice2,7
gaia-v3-13773,reconstruction,test-pred-001282,1627346130000,1627346078041,51.959,dbservice2,memory_anomalies,mobservice2,8
gaia-v3-13902,reconstruction,test-pred-001283,1627346910000,1627346883544,26.456,mobservice2,login_failure,logservice1,2
gaia-v3-13903,reconstruction,test-pred-001284,1627347240000,1627347205539,34.461,mobservice2,login_failure,mobservice2,1
gaia-v3-13904,reconstruction,test-pred-001285,1627347360000,1627347331420,28.58,mobservice2,login_failure,dbservice2,2
gaia-v3-13906,reconstruction,test-pred-001286,1627347480000,1627347469559,10.441,mobservice2,login_failure,mobservice1,2
gaia-v3-13907,reconstruction,test-pred-001287,1627347600000,1627347583272,16.728,mobservice2,login_failure,mobservice1,4
gaia-v3-13908,reconstruction,test-pred-001288,1627348260000,1627348227800,32.2,mobservice2,login_failure,mobservice2,1
gaia-v3-14197,reconstruction,test-pred-001290,1627349430000,1627349398023,31.977,mobservice1,login_failure,mobservice1,1
gaia-v3-13909,reconstruction,test-pred-001291,1627349760000,1627349722116,37.884,mobservice2,login_failure,mobservice1,3
gaia-v3-13915,reconstruction,test-pred-001293,1627350750000,1627350712235,37.765,mobservice2,login_failure,mobservice2,1
gaia-v3-13916,reconstruction,test-pred-001294,1627350840000,1627350828005,11.995,mobservice2,login_failure,mobservice2,1
gaia-v3-13918,reconstruction,test-pred-001295,1627350960000,1627350925293,34.707,mobservice2,login_failure,mobservice1,2
gaia-v3-14207,reconstruction,test-pred-001296,1627351380000,1627351347124,32.876,mobservice1,login_failure,mobservice1,1
gaia-v3-14209,reconstruction,test-pred-001297,1627351440000,1627351423427,16.573,mobservice1,login_failure,logservice1,6
gaia-v3-14213,reconstruction,test-pred-001299,1627352370000,1627352333611,36.389,mobservice1,login_failure,mobservice1,1
gaia-v3-14384,reconstruction,test-pred-001300,1627352520000,1627352463141,56.859,redisservice1,memory_anomalies,mobservice2,8
gaia-v3-14219,reconstruction,test-pred-001301,1627353180000,1627353120270,59.73,mobservice1,memory_anomalies,mobservice1,1
gaia-v3-13927,reconstruction,test-pred-001303,1627354200000,1627354183676,16.324,mobservice2,login_failure,mobservice1,5
gaia-v3-13928,reconstruction,test-pred-001304,1627354410000,1627354389965,20.035,mobservice2,login_failure,mobservice2,1
gaia-v3-13930,reconstruction,test-pred-001305,1627354620000,1627354584531,35.469,mobservice2,login_failure,dbservice1,3
gaia-v3-13931,reconstruction,test-pred-001306,1627354770000,1627354734259,35.741,mobservice2,login_failure,mobservice2,1
gaia-v3-13933,reconstruction,test-pred-001307,1627355400000,1627355386404,13.596,mobservice2,login_failure,mobservice2,1
gaia-v3-13934,reconstruction,test-pred-001308,1627355580000,1627355539374,40.626,mobservice2,login_failure,mobservice1,3
gaia-v3-13935,reconstruction,test-pred-001309,1627355790000,1627355765298,24.702,mobservice2,login_failure,mobservice2,1
gaia-v3-14225,reconstruction,test-pred-001310,1627355970000,1627355929299,40.701,mobservice1,login_failure,mobservice2,2
gaia-v3-13936,reconstruction,test-pred-001311,1627356510000,1627356469334,40.666,mobservice2,login_failure,mobservice2,1
gaia-v3-13937,reconstruction,test-pred-001312,1627356630000,1627356616072,13.928,mobservice2,login_failure,mobservice2,1
gaia-v3-13938,reconstruction,test-pred-001313,1627356690000,1627356649472,40.528,mobservice2,login_failure,mobservice2,1
gaia-v3-14388,reconstruction,test-pred-001314,1627356780000,1627356766165,13.835,redisservice2,memory_anomalies,mobservice1,6
gaia-v3-13945,reconstruction,test-pred-001317,1627358550000,1627358510110,39.89,mobservice2,login_failure,mobservice2,1
gaia-v3-13946,reconstruction,test-pred-001318,1627358670000,1627358654702,15.298,mobservice2,login_failure,mobservice2,1
gaia-v3-14236,reconstruction,test-pred-001319,1627359090000,1627359078361,11.639,mobservice1,login_failure,mobservice2,2
gaia-v3-13947,reconstruction,test-pred-001320,1627359240000,1627359220589,19.411,mobservice2,login_failure,mobservice2,1
gaia-v3-13949,reconstruction,test-pred-001321,1627359540000,1627359520767,19.233,mobservice2,login_failure,mobservice2,1
gaia-v3-13950,reconstruction,test-pred-001322,1627359630000,1627359600836,29.164,mobservice2,login_failure,logservice2,2
gaia-v3-14241,reconstruction,test-pred-001323,1627360020000,1627359981023,38.977,mobservice1,login_failure,mobservice1,1
gaia-v3-13952,reconstruction,test-pred-001325,1627360440000,1627360419734,20.266,mobservice2,login_failure,mobservice1,3
gaia-v3-13953,reconstruction,test-pred-001326,1627360620000,1627360598472,21.528,mobservice2,login_failure,mobservice2,1
gaia-v3-13954,reconstruction,test-pred-001327,1627360680000,1627360665723,14.277,mobservice2,login_failure,mobservice1,2
gaia-v3-13956,reconstruction,test-pred-001328,1627360830000,1627360805422,24.578,mobservice2,login_failure,mobservice2,1
gaia-v3-13957,reconstruction,test-pred-001329,1627360890000,1627360868131,21.869,mobservice2,login_failure,mobservice1,2
gaia-v3-13961,reconstruction,test-pred-001331,1627361940000,1627361925082,14.918,mobservice2,login_failure,mobservice2,1
gaia-v3-13962,reconstruction,test-pred-001332,1627362060000,1627362019071,40.929,mobservice2,login_failure,mobservice1,3
gaia-v3-14248,reconstruction,test-pred-001333,1627362180000,1627362143860,36.14,mobservice1,login_failure,mobservice2,2
gaia-v3-13963,reconstruction,test-pred-001334,1627362510000,1627362470690,39.31,mobservice2,login_failure,mobservice1,2
gaia-v3-13964,reconstruction,test-pred-001335,1627362720000,1627362705662,14.338,mobservice2,login_failure,mobservice1,4
gaia-v3-13965,reconstruction,test-pred-001337,1627362990000,1627362970934,19.066,mobservice2,login_failure,logservice2,4
gaia-v3-13966,reconstruction,test-pred-001338,1627363260000,1627363230520,29.48,mobservice2,login_failure,mobservice2,1
gaia-v3-13967,reconstruction,test-pred-001339,1627363320000,1627363303106,16.894,mobservice2,login_failure,mobservice1,2
gaia-v3-14255,reconstruction,test-pred-001340,1627363470000,1627363430449,39.551,mobservice1,login_failure,logservice1,3
gaia-v3-13968,reconstruction,test-pred-001341,1627363680000,1627363654766,25.234,mobservice2,login_failure,mobservice1,2
gaia-v3-13969,reconstruction,test-pred-001343,1627364130000,1627364102114,27.886,mobservice2,login_failure,mobservice1,3
gaia-v3-13970,reconstruction,test-pred-001344,1627364760000,1627364723584,36.416,mobservice2,login_failure,mobservice1,3
gaia-v3-13775,reconstruction,test-pred-001345,1627365240000,1627365187221,52.779,dbservice2,memory_anomalies,mobservice2,6
gaia-v3-13972,reconstruction,test-pred-001346,1627366020000,1627365998386,21.614,mobservice2,login_failure,mobservice2,1
gaia-v3-13974,reconstruction,test-pred-001347,1627366320000,1627366298643,21.357,mobservice2,login_failure,mobservice2,1
gaia-v3-13975,reconstruction,test-pred-001348,1627366380000,1627366350156,29.844,mobservice2,login_failure,mobservice2,1
gaia-v3-13991,reconstruction,test-pred-001350,1627371780000,1627371746901,33.099,mobservice2,login_failure,mobservice2,1
gaia-v3-13992,reconstruction,test-pred-001351,1627371870000,1627371845178,24.822,mobservice2,login_failure,mobservice1,4
gaia-v3-13993,reconstruction,test-pred-001352,1627372080000,1627372067882,12.118,mobservice2,login_failure,mobservice1,2
gaia-v3-14281,reconstruction,test-pred-001353,1627372140000,1627372109019,30.981,mobservice1,login_failure,logservice1,5
gaia-v3-13994,reconstruction,test-pred-001354,1627372350000,1627372316640,33.36,mobservice2,login_failure,mobservice1,5
gaia-v3-14283,reconstruction,test-pred-001355,1627372560000,1627372523014,36.986,mobservice1,login_failure,mobservice2,2
gaia-v3-14284,reconstruction,test-pred-001356,1627372650000,1627372621776,28.224,mobservice1,login_failure,mobservice2,4
gaia-v3-13996,reconstruction,test-pred-001357,1627372740000,1627372720413,19.587,mobservice2,login_failure,mobservice1,5
gaia-v3-14001,reconstruction,test-pred-001358,1627373700000,1627373698013,1.987,mobservice2,login_failure,mobservice2,1
gaia-v3-14002,reconstruction,test-pred-001359,1627373820000,1627373782635,37.365,mobservice2,login_failure,mobservice1,2
gaia-v3-14003,reconstruction,test-pred-001360,1627374000000,1627373962421,37.579,mobservice2,login_failure,mobservice1,4
gaia-v3-14004,reconstruction,test-pred-001361,1627374600000,1627374598953,1.047,mobservice2,login_failure,mobservice2,1
gaia-v3-14294,reconstruction,test-pred-001362,1627374930000,1627374908642,21.358,mobservice1,login_failure,mobservice2,3
gaia-v3-14006,reconstruction,test-pred-001364,1627375290000,1627375273353,16.647,mobservice2,login_failure,mobservice2,1
gaia-v3-14007,reconstruction,test-pred-001365,1627376250000,1627376234565,15.435,mobservice2,login_failure,mobservice2,1
gaia-v3-14008,reconstruction,test-pred-001366,1627376370000,1627376332885,37.115,mobservice2,login_failure,mobservice1,2
gaia-v3-14009,reconstruction,test-pred-001367,1627376820000,1627376782595,37.405,mobservice2,login_failure,mobservice1,3
gaia-v3-14301,reconstruction,test-pred-001368,1627376940000,1627376908927,31.073,mobservice1,login_failure,mobservice2,2
gaia-v3-14011,reconstruction,test-pred-001369,1627377060000,1627377052504,7.496,mobservice2,login_failure,mobservice2,1
gaia-v3-14012,reconstruction,test-pred-001370,1627377330000,1627377301592,28.408,mobservice2,login_failure,mobservice2,1
gaia-v3-14304,reconstruction,test-pred-001371,1627377540000,1627377499496,40.504,mobservice1,login_failure,logservice2,4
gaia-v3-14014,reconstruction,test-pred-001372,1627378020000,1627377999634,20.366,mobservice2,login_failure,mobservice2,1
gaia-v3-14015,reconstruction,test-pred-001373,1627378530000,1627378492552,37.448,mobservice2,login_failure,mobservice1,2
gaia-v3-14016,reconstruction,test-pred-001374,1627378620000,1627378603773,16.227,mobservice2,login_failure,mobservice2,1
gaia-v3-14017,reconstruction,test-pred-001375,1627378770000,1627378754524,15.476,mobservice2,login_failure,mobservice1,4
gaia-v3-14018,reconstruction,test-pred-001376,1627379160000,1627379123077,36.923,mobservice2,login_failure,mobservice1,2
gaia-v3-14310,reconstruction,test-pred-001377,1627379400000,1627379380601,19.399,mobservice1,login_failure,mobservice2,4
gaia-v3-14312,reconstruction,test-pred-001379,1627379670000,1627379658386,11.614,mobservice1,login_failure,mobservice2,2
gaia-v3-14019,reconstruction,test-pred-001380,1627379790000,1627379762253,27.747,mobservice2,login_failure,mobservice1,4
gaia-v3-14020,reconstruction,test-pred-001382,1627380780000,1627380763479,16.521,mobservice2,login_failure,mobservice1,4
gaia-v3-14021,reconstruction,test-pred-001384,1627381020000,1627380997590,22.41,mobservice2,login_failure,mobservice2,1
gaia-v3-14022,reconstruction,test-pred-001385,1627381080000,1627381043128,36.872,mobservice2,login_failure,mobservice1,5
gaia-v3-14318,reconstruction,test-pred-001387,1627382010000,1627381997873,12.127,mobservice1,login_failure,mobservice2,2
gaia-v3-14319,reconstruction,test-pred-001388,1627382070000,1627382041667,28.333,mobservice1,login_failure,logservice1,4
gaia-v3-14026,reconstruction,test-pred-001390,1627382430000,1627382408953,21.047,mobservice2,login_failure,mobservice1,2
gaia-v3-14027,reconstruction,test-pred-001391,1627383210000,1627383198435,11.565,mobservice2,login_failure,mobservice2,1
gaia-v3-14029,reconstruction,test-pred-001392,1627383300000,1627383277866,22.134,mobservice2,login_failure,mobservice1,3
gaia-v3-14323,reconstruction,test-pred-001393,1627383390000,1627383356299,33.701,mobservice1,login_failure,mobservice1,1
gaia-v3-14030,reconstruction,test-pred-001394,1627383690000,1627383669324,20.676,mobservice2,login_failure,mobservice2,1
gaia-v3-14031,reconstruction,test-pred-001395,1627383810000,1627383795331,14.669,mobservice2,login_failure,mobservice2,1
gaia-v3-14032,reconstruction,test-pred-001396,1627384260000,1627384229947,30.053,mobservice2,login_failure,mobservice1,5
gaia-v3-14033,reconstruction,test-pred-001397,1627384530000,1627384504576,25.424,mobservice2,login_failure,mobservice2,1
gaia-v3-14034,reconstruction,test-pred-001398,1627384590000,1627384559256,30.744,mobservice2,login_failure,mobservice1,7
gaia-v3-14327,reconstruction,test-pred-001399,1627384890000,1627384887145,2.855,mobservice1,login_failure,mobservice1,1
gaia-v3-14036,reconstruction,test-pred-001400,1627385610000,1627385595576,14.424,mobservice2,login_failure,mobservice2,1
gaia-v3-14037,reconstruction,test-pred-001401,1627385970000,1627385933469,36.531,mobservice2,login_failure,mobservice2,1
gaia-v3-14038,reconstruction,test-pred-001402,1627386450000,1627386430091,19.909,mobservice2,login_failure,mobservice1,2
gaia-v3-14040,reconstruction,test-pred-001404,1627387320000,1627387284084,35.916,mobservice2,login_failure,mobservice1,4
gaia-v3-14042,reconstruction,test-pred-001405,1627387590000,1627387570684,19.316,mobservice2,login_failure,mobservice1,4
gaia-v3-14333,reconstruction,test-pred-001406,1627387680000,1627387661776,18.224,mobservice1,login_failure,logservice1,3
gaia-v3-14044,reconstruction,test-pred-001407,1627388130000,1627388120946,9.054,mobservice2,login_failure,mobservice2,1
gaia-v3-14045,reconstruction,test-pred-001408,1627388220000,1627388205525,14.475,mobservice2,login_failure,mobservice2,1
gaia-v3-14046,reconstruction,test-pred-001409,1627388280000,1627388248118,31.882,mobservice2,login_failure,mobservice2,1
gaia-v3-14047,reconstruction,test-pred-001410,1627388370000,1627388338422,31.578,mobservice2,login_failure,logservice2,6
gaia-v3-14048,reconstruction,test-pred-001411,1627388880000,1627388859267,20.733,mobservice2,login_failure,mobservice2,1
gaia-v3-14049,reconstruction,test-pred-001413,1627389450000,1627389417080,32.92,mobservice2,login_failure,mobservice1,2
gaia-v3-14338,reconstruction,test-pred-001414,1627389570000,1627389549440,20.56,mobservice1,login_failure,mobservice2,4
gaia-v3-14050,reconstruction,test-pred-001415,1627390020000,1627389985808,34.192,mobservice2,login_failure,mobservice2,1
gaia-v3-14051,reconstruction,test-pred-001416,1627390140000,1627390101364,38.636,mobservice2,login_failure,mobservice1,2
gaia-v3-14341,reconstruction,test-pred-001417,1627390380000,1627390364941,15.059,mobservice1,login_failure,mobservice2,2
gaia-v3-14052,reconstruction,test-pred-001418,1627390500000,1627390477400,22.6,mobservice2,login_failure,mobservice1,2
gaia-v3-14053,reconstruction,test-pred-001419,1627390830000,1627390811995,18.005,mobservice2,login_failure,mobservice2,1
gaia-v3-14054,reconstruction,test-pred-001420,1627391400000,1627391384519,15.481,mobservice2,login_failure,mobservice1,3
gaia-v3-14346,reconstruction,test-pred-001421,1627391760000,1627391742476,17.524,mobservice1,login_failure,mobservice2,4
gaia-v3-14055,reconstruction,test-pred-001422,1627392300000,1627392285178,14.822,mobservice2,login_failure,mobservice1,2
gaia-v3-14056,reconstruction,test-pred-001423,1627392390000,1627392359026,30.974,mobservice2,login_failure,mobservice2,1
gaia-v3-14349,reconstruction,test-pred-001424,1627392660000,1627392645350,14.65,mobservice1,login_failure,mobservice1,1
gaia-v3-14058,reconstruction,test-pred-001425,1627392900000,1627392859419,40.581,mobservice2,login_failure,mobservice2,1
gaia-v3-14059,reconstruction,test-pred-001426,1627392960000,1627392936428,23.572,mobservice2,login_failure,mobservice2,1
gaia-v3-14350,reconstruction,test-pred-001427,1627393110000,1627393076993,33.007,mobservice1,login_failure,mobservice2,2
gaia-v3-14060,reconstruction,test-pred-001428,1627393170000,1627393142667,27.333,mobservice2,login_failure,mobservice1,3
gaia-v3-14351,reconstruction,test-pred-001429,1627393230000,1627393203089,26.911,mobservice1,login_failure,mobservice2,6
gaia-v3-14061,reconstruction,test-pred-001430,1627393380000,1627393342736,37.264,mobservice2,login_failure,mobservice2,1
gaia-v3-14063,reconstruction,test-pred-001431,1627393800000,1627393778352,21.648,mobservice2,login_failure,mobservice1,2
gaia-v3-14355,reconstruction,test-pred-001433,1627394250000,1627394213716,36.284,mobservice1,login_failure,mobservice2,4
gaia-v3-13768,reconstruction,test-pred-001434,1627394580000,1627394527196,52.804,webservice2,memory_anomalies,mobservice1,7
gaia-v3-14065,reconstruction,test-pred-001435,1627395780000,1627395763654,16.346,mobservice2,login_failure,mobservice1,2
gaia-v3-14066,reconstruction,test-pred-001436,1627395930000,1627395911040,18.96,mobservice2,login_failure,mobservice2,1
gaia-v3-14067,reconstruction,test-pred-001437,1627395990000,1627395966506,23.494,mobservice2,login_failure,mobservice2,1
gaia-v3-14362,reconstruction,test-pred-001438,1627396200000,1627396165797,34.203,mobservice1,login_failure,mobservice1,1
gaia-v3-14363,reconstruction,test-pred-001439,1627396260000,1627396223527,36.473,mobservice1,login_failure,mobservice2,2
gaia-v3-14068,reconstruction,test-pred-001440,1627396380000,1627396370786,9.214,mobservice2,login_failure,mobservice2,1
gaia-v3-14073,reconstruction,test-pred-001441,1627397040000,1627397016937,23.063,mobservice2,login_failure,mobservice1,3
gaia-v3-14365,reconstruction,test-pred-001442,1627397460000,1627397433495,26.505,mobservice1,login_failure,mobservice1,1
gaia-v3-14075,reconstruction,test-pred-001444,1627398060000,1627398034294,25.706,mobservice2,login_failure,mobservice1,4
gaia-v3-14077,reconstruction,test-pred-001445,1627398330000,1627398302155,27.845,mobservice2,login_failure,mobservice1,4
gaia-v3-14080,reconstruction,test-pred-001446,1627399080000,1627399055298,24.702,mobservice2,login_failure,mobservice1,4
gaia-v3-14081,reconstruction,test-pred-001447,1627399380000,1627399344474,35.526,mobservice2,login_failure,mobservice1,4
gaia-v3-14082,reconstruction,test-pred-001448,1627399650000,1627399614967,35.033,mobservice2,login_failure,mobservice1,5
gaia-v3-14372,reconstruction,test-pred-001449,1627399830000,1627399795324,34.676,mobservice1,login_failure,mobservice2,4
gaia-v3-14083,reconstruction,test-pred-001450,1627399920000,1627399903614,16.386,mobservice2,login_failure,mobservice1,2
gaia-v3-14084,reconstruction,test-pred-001452,1627400640000,1627400622976,17.024,mobservice2,login_failure,logservice1,4
gaia-v3-14085,reconstruction,test-pred-001453,1627400910000,1627400885428,24.572,mobservice2,login_failure,mobservice2,1
gaia-v3-14086,reconstruction,test-pred-001454,1627401030000,1627401005189,24.811,mobservice2,login_failure,mobservice2,1
gaia-v3-14377,reconstruction,test-pred-001455,1627401450000,1627401415749,34.251,mobservice1,login_failure,mobservice2,2
gaia-v3-14378,reconstruction,test-pred-001456,1627401570000,1627401545803,24.197,mobservice1,login_failure,mobservice1,1
gaia-v3-14725,reconstruction,test-pred-001457,1627401630000,1627401622338,7.662,mobservice1,login_failure,mobservice1,1
gaia-v3-14728,reconstruction,test-pred-001459,1627402110000,1627402089909,20.091,mobservice1,login_failure,mobservice2,2
gaia-v3-14731,reconstruction,test-pred-001461,1627402350000,1627402345409,4.591,mobservice1,login_failure,mobservice1,1
gaia-v3-14431,reconstruction,test-pred-001462,1627402650000,1627402629014,20.986,mobservice2,login_failure,mobservice1,2
gaia-v3-14734,reconstruction,test-pred-001463,1627402830000,1627402795676,34.324,mobservice1,login_failure,mobservice2,2
gaia-v3-14411,reconstruction,test-pred-001464,1627402920000,1627402865360,54.64,webservice2,memory_anomalies,mobservice2,3
gaia-v3-14736,reconstruction,test-pred-001465,1627403580000,1627403556102,23.898,mobservice1,login_failure,mobservice1,1
gaia-v3-14438,reconstruction,test-pred-001467,1627404180000,1627404163285,16.715,mobservice2,login_failure,mobservice2,1
gaia-v3-14439,reconstruction,test-pred-001468,1627404240000,1627404222626,17.374,mobservice2,login_failure,mobservice2,1
gaia-v3-14741,reconstruction,test-pred-001470,1627405260000,1627405224471,35.529,mobservice1,login_failure,mobservice1,1
gaia-v3-14440,reconstruction,test-pred-001471,1627405590000,1627405563053,26.947,mobservice2,login_failure,mobservice1,2
gaia-v3-14743,reconstruction,test-pred-001472,1627405710000,1627405669553,40.447,mobservice1,login_failure,mobservice1,1
gaia-v3-14441,reconstruction,test-pred-001473,1627405830000,1627405818290,11.71,mobservice2,login_failure,mobservice1,2
gaia-v3-14442,reconstruction,test-pred-001474,1627406040000,1627406015131,24.869,mobservice2,login_failure,mobservice1,2
gaia-v3-14746,reconstruction,test-pred-001475,1627406220000,1627406205837,14.163,mobservice1,login_failure,mobservice2,2
gaia-v3-14445,reconstruction,test-pred-001476,1627406340000,1627406308912,31.088,mobservice2,login_failure,mobservice2,1
gaia-v3-14747,reconstruction,test-pred-001477,1627406430000,1627406392265,37.735,mobservice1,login_failure,mobservice2,2
gaia-v3-14753,reconstruction,test-pred-001481,1627407960000,1627407926636,33.364,mobservice1,login_failure,mobservice1,1
gaia-v3-14453,reconstruction,test-pred-001482,1627408380000,1627408349493,30.507,mobservice2,login_failure,mobservice2,1
gaia-v3-14454,reconstruction,test-pred-001483,1627408500000,1627408468615,31.385,mobservice2,login_failure,mobservice1,3
gaia-v3-14455,reconstruction,test-pred-001485,1627408800000,1627408759625,40.375,mobservice2,login_failure,mobservice2,1
gaia-v3-14456,reconstruction,test-pred-001486,1627408980000,1627408956948,23.052,mobservice2,login_failure,mobservice2,1
gaia-v3-14457,reconstruction,test-pred-001488,1627409340000,1627409309932,30.068,mobservice2,login_failure,mobservice1,2
gaia-v3-14757,reconstruction,test-pred-001489,1627409520000,1627409460186,59.814,mobservice1,login_failure,mobservice1,1
gaia-v3-14458,reconstruction,test-pred-001490,1627409760000,1627409728593,31.407,mobservice2,login_failure,mobservice2,1
gaia-v3-14759,reconstruction,test-pred-001491,1627410090000,1627410050116,39.884,mobservice1,login_failure,mobservice1,1
gaia-v3-14459,reconstruction,test-pred-001492,1627410270000,1627410250519,19.481,mobservice2,login_failure,mobservice2,1
gaia-v3-14761,reconstruction,test-pred-001493,1627410360000,1627410335215,24.785,mobservice1,login_failure,mobservice2,2
gaia-v3-14460,reconstruction,test-pred-001494,1627410420000,1627410383561,36.439,mobservice2,login_failure,mobservice2,1
gaia-v3-14461,reconstruction,test-pred-001495,1627410480000,1627410444825,35.175,mobservice2,login_failure,mobservice1,3
gaia-v3-14462,reconstruction,test-pred-001496,1627410750000,1627410719489,30.511,mobservice2,login_failure,mobservice1,2
gaia-v3-14463,reconstruction,test-pred-001497,1627410870000,1627410839907,30.093,mobservice2,login_failure,mobservice1,2
gaia-v3-14465,reconstruction,test-pred-001499,1627411200000,1627411191661,8.339,mobservice2,login_failure,mobservice2,1
gaia-v3-14467,reconstruction,test-pred-001501,1627411590000,1627411572806,17.194,mobservice2,login_failure,mobservice2,1
gaia-v3-14766,reconstruction,test-pred-001502,1627411830000,1627411816036,13.964,mobservice1,login_failure,mobservice2,2
gaia-v3-14469,reconstruction,test-pred-001503,1627411950000,1627411925649,24.351,mobservice2,login_failure,mobservice2,1
gaia-v3-14471,reconstruction,test-pred-001505,1627412580000,1627412556272,23.728,mobservice2,login_failure,mobservice1,2
gaia-v3-14768,reconstruction,test-pred-001510,1627413360000,1627413335104,24.896,mobservice1,login_failure,mobservice1,1
gaia-v3-14769,reconstruction,test-pred-001512,1627413600000,1627413567432,32.568,mobservice1,login_failure,mobservice2,4
gaia-v3-14770,reconstruction,test-pred-001513,1627413900000,1627413886180,13.82,mobservice1,login_failure,mobservice1,1
gaia-v3-14771,reconstruction,test-pred-001514,1627413960000,1627413927497,32.503,mobservice1,login_failure,mobservice2,2
gaia-v3-14772,reconstruction,test-pred-001517,1627414380000,1627414363249,16.751,mobservice1,login_failure,mobservice2,2
gaia-v3-14472,reconstruction,test-pred-001518,1627414470000,1627414457423,12.577,mobservice2,login_failure,mobservice1,2
gaia-v3-15020,reconstruction,test-pred-001519,1627414560000,1627414535821,24.179,logservice2,memory_anomalies,mobservice2,6
gaia-v3-14477,reconstruction,test-pred-001521,1627415730000,1627415708126,21.874,mobservice2,login_failure,mobservice2,1
gaia-v3-14404,reconstruction,test-pred-001523,1627416030000,1627416000208,29.792,dbservice1,access_permission_denied,dbservice1,1
gaia-v3-14795,reconstruction,test-pred-001524,1627419840000,1627419783180,56.82,mobservice1,login_failure,mobservice2,2
gaia-v3-14484,reconstruction,test-pred-001525,1627420440000,1627420411600,28.4,mobservice2,login_failure,mobservice2,1
gaia-v3-14485,reconstruction,test-pred-001526,1627420560000,1627420533995,26.005,mobservice2,login_failure,mobservice1,2
gaia-v3-14486,reconstruction,test-pred-001527,1627420770000,1627420748935,21.065,mobservice2,login_failure,mobservice2,1
gaia-v3-14799,reconstruction,test-pred-001528,1627421040000,1627421004132,35.868,mobservice1,login_failure,mobservice1,1
gaia-v3-14800,reconstruction,test-pred-001529,1627421130000,1627421091227,38.773,mobservice1,login_failure,mobservice1,1
gaia-v3-14801,reconstruction,test-pred-001530,1627421190000,1627421150159,39.841,mobservice1,login_failure,mobservice1,1
gaia-v3-14489,reconstruction,test-pred-001531,1627421520000,1627421503501,16.499,mobservice2,login_failure,mobservice1,2
gaia-v3-14491,reconstruction,test-pred-001533,1627421730000,1627421700422,29.578,mobservice2,login_failure,mobservice1,2
gaia-v3-14492,reconstruction,test-pred-001535,1627421910000,1627421894695,15.305,mobservice2,login_failure,mobservice1,3
gaia-v3-14493,reconstruction,test-pred-001536,1627422090000,1627422062458,27.542,mobservice2,login_failure,mobservice1,2
gaia-v3-14803,reconstruction,test-pred-001538,1627422420000,1627422399685,20.315,mobservice1,login_failure,mobservice2,3
gaia-v3-14804,reconstruction,test-pred-001539,1627422690000,1627422665614,24.386,mobservice1,login_failure,mobservice1,1
gaia-v3-14494,reconstruction,test-pred-001540,1627422750000,1627422727372,22.628,mobservice2,login_failure,mobservice1,2
gaia-v3-14806,reconstruction,test-pred-001542,1627422930000,1627422901221,28.779,mobservice1,login_failure,mobservice2,2
gaia-v3-14496,reconstruction,test-pred-001543,1627422990000,1627422986503,3.497,mobservice2,login_failure,mobservice2,1
gaia-v3-14498,reconstruction,test-pred-001544,1627423170000,1627423143920,26.08,mobservice2,login_failure,mobservice1,3
gaia-v3-14808,reconstruction,test-pred-001545,1627423350000,1627423338527,11.473,mobservice1,login_failure,mobservice2,2
gaia-v3-14499,reconstruction,test-pred-001546,1627423440000,1627423413860,26.14,mobservice2,login_failure,mobservice2,1
gaia-v3-14500,reconstruction,test-pred-001547,1627423500000,1627423463836,36.164,mobservice2,login_failure,mobservice2,1
gaia-v3-14501,reconstruction,test-pred-001548,1627423680000,1627423652122,27.878,mobservice2,login_failure,mobservice1,2
gaia-v3-14503,reconstruction,test-pred-001551,1627424010000,1627423997530,12.47,mobservice2,login_failure,mobservice1,2
gaia-v3-14809,reconstruction,test-pred-001553,1627424400000,1627424360675,39.325,mobservice1,login_failure,mobservice1,1
gaia-v3-14810,reconstruction,test-pred-001554,1627424790000,1627424750595,39.405,mobservice1,login_failure,mobservice1,1
gaia-v3-14505,reconstruction,test-pred-001556,1627425060000,1627425058813,1.187,mobservice2,login_failure,mobservice2,1
gaia-v3-14507,reconstruction,test-pred-001557,1627425270000,1627425256336,13.664,mobservice2,login_failure,mobservice2,1
gaia-v3-14508,reconstruction,test-pred-001558,1627425390000,1627425360821,29.179,mobservice2,login_failure,mobservice1,2
gaia-v3-14509,reconstruction,test-pred-001559,1627425450000,1627425418777,31.223,mobservice2,login_failure,mobservice1,2
gaia-v3-14813,reconstruction,test-pred-001560,1627425540000,1627425511148,28.852,mobservice1,login_failure,mobservice1,1
gaia-v3-14820,reconstruction,test-pred-001562,1627426410000,1627426384747,25.253,mobservice1,login_failure,mobservice2,3
gaia-v3-14513,reconstruction,test-pred-001563,1627426560000,1627426542954,17.046,mobservice2,login_failure,mobservice1,2
gaia-v3-14821,reconstruction,test-pred-001564,1627426680000,1627426662189,17.811,mobservice1,login_failure,mobservice2,2
gaia-v3-14822,reconstruction,test-pred-001565,1627427010000,1627426987328,22.672,mobservice1,login_failure,mobservice1,1
gaia-v3-14514,reconstruction,test-pred-001566,1627427370000,1627427346025,23.975,mobservice2,login_failure,mobservice2,1
gaia-v3-14515,reconstruction,test-pred-001567,1627427490000,1627427473754,16.246,mobservice2,login_failure,mobservice2,1
gaia-v3-14516,reconstruction,test-pred-001568,1627427580000,1627427558013,21.987,mobservice2,login_failure,mobservice1,3
gaia-v3-14517,reconstruction,test-pred-001569,1627427850000,1627427817527,32.473,mobservice2,login_failure,mobservice2,1
gaia-v3-14423,reconstruction,test-pred-001570,1627428120000,1627428107225,12.775,dbservice2,memory_anomalies,mobservice2,3
gaia-v3-14826,reconstruction,test-pred-001572,1627428810000,1627428788337,21.663,mobservice1,login_failure,mobservice2,2
gaia-v3-14827,reconstruction,test-pred-001573,1627429050000,1627429011076,38.924,mobservice1,login_failure,mobservice2,2
gaia-v3-14828,reconstruction,test-pred-001574,1627429110000,1627429086770,23.23,mobservice1,login_failure,mobservice1,1
gaia-v3-14830,reconstruction,test-pred-001575,1627429350000,1627429313851,36.149,mobservice1,login_failure,mobservice2,2
gaia-v3-14520,reconstruction,test-pred-001576,1627429410000,1627429384232,25.768,mobservice2,login_failure,mobservice2,1
gaia-v3-14831,reconstruction,test-pred-001577,1627429500000,1627429467420,32.58,mobservice1,login_failure,mobservice1,1
gaia-v3-14832,reconstruction,test-pred-001578,1627429650000,1627429608085,41.915,mobservice1,login_failure,mobservice2,2
gaia-v3-14521,reconstruction,test-pred-001579,1627429740000,1627429724995,15.005,mobservice2,login_failure,mobservice1,2
gaia-v3-14833,reconstruction,test-pred-001580,1627429920000,1627429905225,14.775,mobservice1,login_failure,mobservice1,1
gaia-v3-14415,reconstruction,test-pred-001581,1627430010000,1627429975036,34.964,webservice2,memory_anomalies,mobservice2,3
gaia-v3-14528,reconstruction,test-pred-001582,1627430940000,1627430923513,16.487,mobservice2,login_failure,mobservice1,2
gaia-v3-14836,reconstruction,test-pred-001583,1627431030000,1627430996483,33.517,mobservice1,login_failure,mobservice1,1
gaia-v3-14838,reconstruction,test-pred-001584,1627431180000,1627431145433,34.567,mobservice1,login_failure,mobservice1,1
gaia-v3-14839,reconstruction,test-pred-001585,1627431240000,1627431222355,17.645,mobservice1,login_failure,mobservice2,2
gaia-v3-14529,reconstruction,test-pred-001587,1627431390000,1627431364431,25.569,mobservice2,login_failure,mobservice2,1
gaia-v3-14530,reconstruction,test-pred-001588,1627431480000,1627431440576,39.424,mobservice2,login_failure,mobservice1,3
gaia-v3-14840,reconstruction,test-pred-001590,1627431630000,1627431597390,32.61,mobservice1,login_failure,mobservice1,1
gaia-v3-14841,reconstruction,test-pred-001591,1627431720000,1627431687087,32.913,mobservice1,login_failure,mobservice1,1
gaia-v3-14842,reconstruction,test-pred-001592,1627431900000,1627431866195,33.805,mobservice1,login_failure,mobservice2,3
gaia-v3-14533,reconstruction,test-pred-001593,1627432020000,1627432016592,3.408,mobservice2,login_failure,mobservice2,1
gaia-v3-14534,reconstruction,test-pred-001594,1627432110000,1627432078690,31.31,mobservice2,login_failure,mobservice1,3
gaia-v3-14843,reconstruction,test-pred-001595,1627432200000,1627432166008,33.992,mobservice1,login_failure,mobservice1,1
gaia-v3-14535,reconstruction,test-pred-001596,1627432350000,1627432322787,27.213,mobservice2,login_failure,mobservice2,1
gaia-v3-14537,reconstruction,test-pred-001597,1627432500000,1627432465716,34.284,mobservice2,login_failure,mobservice2,1
gaia-v3-14538,reconstruction,test-pred-001598,1627432650000,1627432619538,30.462,mobservice2,login_failure,mobservice2,1
gaia-v3-14539,reconstruction,test-pred-001599,1627433340000,1627433302288,37.712,mobservice2,login_failure,mobservice2,1
gaia-v3-14540,reconstruction,test-pred-001602,1627433820000,1627433808149,11.851,mobservice2,login_failure,mobservice2,1
gaia-v3-14542,reconstruction,test-pred-001604,1627434540000,1627434514343,25.657,mobservice2,login_failure,mobservice2,1
gaia-v3-14544,reconstruction,test-pred-001605,1627434780000,1627434755777,24.223,mobservice2,login_failure,mobservice1,2
gaia-v3-14848,reconstruction,test-pred-001606,1627434900000,1627434866071,33.929,mobservice1,login_failure,mobservice1,1
gaia-v3-14545,reconstruction,test-pred-001607,1627435110000,1627435073498,36.502,mobservice2,login_failure,mobservice2,1
gaia-v3-14546,reconstruction,test-pred-001608,1627435170000,1627435153971,16.029,mobservice2,login_failure,mobservice2,1
gaia-v3-14849,reconstruction,test-pred-001609,1627435410000,1627435403221,6.779,mobservice1,login_failure,mobservice1,1
gaia-v3-14550,reconstruction,test-pred-001610,1627436100000,1627436087171,12.829,mobservice2,login_failure,mobservice1,2
gaia-v3-14854,reconstruction,test-pred-001613,1627436790000,1627436752539,37.461,mobservice1,login_failure,mobservice2,2
gaia-v3-14855,reconstruction,test-pred-001614,1627436910000,1627436883165,26.835,mobservice1,login_failure,mobservice1,1
gaia-v3-14859,reconstruction,test-pred-001616,1627437750000,1627437747773,2.227,mobservice1,login_failure,mobservice2,2
gaia-v3-14861,reconstruction,test-pred-001617,1627438050000,1627438012715,37.285,mobservice1,login_failure,mobservice2,2
gaia-v3-14862,reconstruction,test-pred-001618,1627438560000,1627438526519,33.481,mobservice1,login_failure,mobservice2,2
gaia-v3-14556,reconstruction,test-pred-001619,1627438770000,1627438741153,28.847,mobservice2,login_failure,mobservice1,3
gaia-v3-14557,reconstruction,test-pred-001620,1627439040000,1627439024910,15.09,mobservice2,login_failure,mobservice2,1
gaia-v3-14558,reconstruction,test-pred-001621,1627439100000,1627439083674,16.326,mobservice2,login_failure,mobservice2,1
gaia-v3-14559,reconstruction,test-pred-001622,1627439160000,1627439134479,25.521,mobservice2,login_failure,mobservice2,1
gaia-v3-14560,reconstruction,test-pred-001623,1627439880000,1627439841399,38.601,mobservice2,login_failure,mobservice1,2
gaia-v3-14866,reconstruction,test-pred-001624,1627439970000,1627439929415,40.585,mobservice1,login_failure,mobservice1,1
gaia-v3-14867,reconstruction,test-pred-001625,1627440060000,1627440020954,39.046,mobservice1,login_failure,mobservice2,2
gaia-v3-14561,reconstruction,test-pred-001626,1627440210000,1627440178238,31.762,mobservice2,login_failure,mobservice1,2
gaia-v3-14563,reconstruction,test-pred-001628,1627440780000,1627440779141,0.859,mobservice2,login_failure,mobservice2,1
gaia-v3-14564,reconstruction,test-pred-001629,1627440960000,1627440930340,29.66,mobservice2,login_failure,mobservice2,1
gaia-v3-14565,reconstruction,test-pred-001630,1627441140000,1627441107449,32.551,mobservice2,login_failure,mobservice2,1
gaia-v3-14566,reconstruction,test-pred-001631,1627441680000,1627441640460,39.54,mobservice2,login_failure,mobservice1,2
gaia-v3-14873,reconstruction,test-pred-001632,1627441800000,1627441788709,11.291,mobservice1,login_failure,mobservice1,1
gaia-v3-14567,reconstruction,test-pred-001634,1627441980000,1627441958644,21.356,mobservice2,login_failure,mobservice2,1
gaia-v3-14568,reconstruction,test-pred-001635,1627442040000,1627442015312,24.688,mobservice2,login_failure,mobservice1,2
gaia-v3-14875,reconstruction,test-pred-001637,1627442400000,1627442375230,24.77,mobservice1,login_failure,mobservice2,2
gaia-v3-14573,reconstruction,test-pred-001639,1627442610000,1627442553847,56.153,mobservice2,memory_anomalies,mobservice2,1
gaia-v3-14574,reconstruction,test-pred-001640,1627443420000,1627443392293,27.707,mobservice2,login_failure,mobservice1,2
gaia-v3-14575,reconstruction,test-pred-001641,1627443630000,1627443591292,38.708,mobservice2,login_failure,mobservice1,2
gaia-v3-14576,reconstruction,test-pred-001642,1627444110000,1627444097173,12.827,mobservice2,login_failure,mobservice1,2
gaia-v3-14577,reconstruction,test-pred-001643,1627444200000,1627444188513,11.487,mobservice2,login_failure,mobservice2,1
gaia-v3-14578,reconstruction,test-pred-001644,1627444320000,1627444286227,33.773,mobservice2,login_failure,mobservice2,1
gaia-v3-14580,reconstruction,test-pred-001645,1627444440000,1627444426854,13.146,mobservice2,login_failure,mobservice1,2
gaia-v3-14881,reconstruction,test-pred-001646,1627444650000,1627444635837,14.163,mobservice1,login_failure,mobservice2,2
gaia-v3-14581,reconstruction,test-pred-001647,1627444860000,1627444845694,14.306,mobservice2,login_failure,mobservice1,2
gaia-v3-14882,reconstruction,test-pred-001648,1627444920000,1627444878936,41.064,mobservice1,login_failure,mobservice1,1
gaia-v3-14583,reconstruction,test-pred-001651,1627445310000,1627445278602,31.398,mobservice2,login_failure,mobservice2,1
gaia-v3-14584,reconstruction,test-pred-001652,1627445520000,1627445491795,28.205,mobservice2,login_failure,mobservice1,2
gaia-v3-14884,reconstruction,test-pred-001653,1627445580000,1627445549071,30.929,mobservice1,login_failure,mobservice2,2
gaia-v3-14885,reconstruction,test-pred-001654,1627445850000,1627445833306,16.694,mobservice1,login_failure,redisservice1,2
gaia-v3-14886,reconstruction,test-pred-001655,1627446060000,1627446025992,34.008,mobservice1,login_failure,mobservice2,2
gaia-v3-14586,reconstruction,test-pred-001656,1627446150000,1627446122526,27.474,mobservice2,login_failure,mobservice1,2
gaia-v3-14887,reconstruction,test-pred-001657,1627446210000,1627446187649,22.351,mobservice1,login_failure,mobservice2,2
gaia-v3-14587,reconstruction,test-pred-001658,1627446300000,1627446275255,24.745,mobservice2,login_failure,mobservice1,2
gaia-v3-14889,reconstruction,test-pred-001661,1627446570000,1627446529221,40.779,mobservice1,login_failure,mobservice1,1
gaia-v3-14890,reconstruction,test-pred-001662,1627446630000,1627446592654,37.346,mobservice1,login_failure,mobservice1,1
gaia-v3-14406,reconstruction,test-pred-001663,1627446870000,1627446851898,18.102,dbservice1,cpu_anomalies,mobservice1,5
gaia-v3-14589,reconstruction,test-pred-001665,1627447440000,1627447427913,12.087,mobservice2,login_failure,mobservice1,2
gaia-v3-14894,reconstruction,test-pred-001666,1627447830000,1627447813987,16.013,mobservice1,login_failure,mobservice2,5
gaia-v3-14590,reconstruction,test-pred-001667,1627448580000,1627448564704,15.296,mobservice2,login_failure,mobservice2,1
gaia-v3-14897,reconstruction,test-pred-001668,1627448970000,1627448943068,26.932,mobservice1,login_failure,mobservice1,1
gaia-v3-14591,reconstruction,test-pred-001669,1627449210000,1627449178477,31.523,mobservice2,login_failure,mobservice2,1
gaia-v3-14592,reconstruction,test-pred-001670,1627449270000,1627449240257,29.743,mobservice2,login_failure,mobservice2,1
gaia-v3-14593,reconstruction,test-pred-001671,1627449360000,1627449320986,39.014,mobservice2,login_failure,mobservice2,1
gaia-v3-14595,reconstruction,test-pred-001672,1627449420000,1627449415536,4.464,mobservice2,login_failure,mobservice2,1
gaia-v3-14898,reconstruction,test-pred-001673,1627449900000,1627449872035,27.965,mobservice1,login_failure,mobservice1,1
gaia-v3-14899,reconstruction,test-pred-001674,1627450020000,1627450000185,19.815,mobservice1,login_failure,mobservice1,1
gaia-v3-14596,reconstruction,test-pred-001675,1627450290000,1627450264884,25.116,mobservice2,login_failure,mobservice2,1
gaia-v3-14901,reconstruction,test-pred-001676,1627450560000,1627450526813,33.187,mobservice1,login_failure,mobservice2,2
gaia-v3-14597,reconstruction,test-pred-001677,1627450680000,1627450659785,20.215,mobservice2,login_failure,mobservice2,1
gaia-v3-14903,reconstruction,test-pred-001678,1627450860000,1627450821293,38.707,mobservice1,login_failure,mobservice2,2
gaia-v3-14598,reconstruction,test-pred-001679,1627451580000,1627451544440,35.56,mobservice2,login_failure,mobservice2,1
gaia-v3-14599,reconstruction,test-pred-001680,1627451670000,1627451651765,18.235,mobservice2,login_failure,mobservice1,4
gaia-v3-14600,reconstruction,test-pred-001681,1627451970000,1627451936919,33.081,mobservice2,login_failure,mobservice2,1
gaia-v3-14601,reconstruction,test-pred-001682,1627452330000,1627452322308,7.692,mobservice2,login_failure,mobservice2,1
gaia-v3-14905,reconstruction,test-pred-001683,1627452420000,1627452406875,13.125,mobservice1,login_failure,mobservice2,2
gaia-v3-14906,reconstruction,test-pred-001684,1627452540000,1627452524939,15.061,mobservice1,login_failure,mobservice1,1
gaia-v3-14602,reconstruction,test-pred-001687,1627452810000,1627452793618,16.382,mobservice2,login_failure,mobservice2,1
gaia-v3-14603,reconstruction,test-pred-001689,1627453320000,1627453282220,37.78,mobservice2,login_failure,mobservice2,1
gaia-v3-14604,reconstruction,test-pred-001690,1627453440000,1627453399807,40.193,mobservice2,login_failure,mobservice2,1
gaia-v3-14907,reconstruction,test-pred-001691,1627453590000,1627453569715,20.285,mobservice1,login_failure,mobservice2,2
gaia-v3-14909,reconstruction,test-pred-001692,1627453830000,1627453795402,34.598,mobservice1,login_failure,mobservice2,2
gaia-v3-14910,reconstruction,test-pred-001693,1627454160000,1627454122498,37.502,mobservice1,login_failure,mobservice1,1
gaia-v3-14911,reconstruction,test-pred-001694,1627454250000,1627454226911,23.089,mobservice1,login_failure,logservice1,2
gaia-v3-14606,reconstruction,test-pred-001695,1627454520000,1627454486569,33.431,mobservice2,login_failure,mobservice2,1
gaia-v3-14912,reconstruction,test-pred-001696,1627454880000,1627454853146,26.854,mobservice1,login_failure,mobservice2,2
gaia-v3-14608,reconstruction,test-pred-001697,1627454970000,1627454957436,12.564,mobservice2,login_failure,mobservice1,2
gaia-v3-14915,reconstruction,test-pred-001698,1627455180000,1627455153547,26.453,mobservice1,memory_anomalies,mobservice1,1
gaia-v3-14416,reconstruction,test-pred-001699,1627456050000,1627455995696,54.304,webservice2,memory_anomalies,mobservice1,3
gaia-v3-14615,reconstruction,test-pred-001700,1627456830000,1627456813471,16.529,mobservice2,login_failure,mobservice1,4
gaia-v3-14917,reconstruction,test-pred-001701,1627456920000,1627456889748,30.252,mobservice1,login_failure,mobservice1,1
gaia-v3-14918,reconstruction,test-pred-001702,1627457010000,1627456996464,13.536,mobservice1,login_failure,mobservice2,2
gaia-v3-14617,reconstruction,test-pred-001703,1627457100000,1627457068690,31.31,mobservice2,login_failure,mobservice1,3
gaia-v3-14618,reconstruction,test-pred-001704,1627457370000,1627457330211,39.789,mobservice2,login_failure,mobservice1,2
gaia-v3-14619,reconstruction,test-pred-001705,1627457490000,1627457476969,13.031,mobservice2,login_failure,mobservice1,2
gaia-v3-14620,reconstruction,test-pred-001706,1627457700000,1627457683697,16.303,mobservice2,login_failure,mobservice2,1
gaia-v3-14621,reconstruction,test-pred-001707,1627457820000,1627457792562,27.438,mobservice2,login_failure,mobservice1,2
gaia-v3-14622,reconstruction,test-pred-001708,1627457970000,1627457944700,25.3,mobservice2,login_failure,dbservice2,4
gaia-v3-14623,reconstruction,test-pred-001709,1627458270000,1627458242900,27.1,mobservice2,login_failure,mobservice1,2
gaia-v3-14625,reconstruction,test-pred-001710,1627458510000,1627458486083,23.917,mobservice2,login_failure,mobservice2,1
gaia-v3-14921,reconstruction,test-pred-001711,1627458870000,1627458852756,17.244,mobservice1,login_failure,mobservice2,2
gaia-v3-14627,reconstruction,test-pred-001712,1627459020000,1627458988796,31.204,mobservice2,login_failure,mobservice2,1
gaia-v3-14922,reconstruction,test-pred-001713,1627459140000,1627459104133,35.867,mobservice1,login_failure,mobservice2,5
gaia-v3-14417,reconstruction,test-pred-001714,1627459230000,1627459200977,29.023,webservice2,file_moving,webservice2,1
gaia-v3-14924,reconstruction,test-pred-001715,1627459920000,1627459880018,39.982,mobservice1,login_failure,mobservice1,1
gaia-v3-14631,reconstruction,test-pred-001716,1627460130000,1627460106052,23.948,mobservice2,login_failure,mobservice2,1
gaia-v3-14632,reconstruction,test-pred-001717,1627460220000,1627460186048,33.952,mobservice2,login_failure,mobservice1,2
gaia-v3-14634,reconstruction,test-pred-001720,1627461420000,1627461393769,26.231,mobservice2,login_failure,mobservice1,2
gaia-v3-14636,reconstruction,test-pred-001722,1627461660000,1627461642811,17.189,mobservice2,login_failure,mobservice2,1
gaia-v3-14637,reconstruction,test-pred-001723,1627462440000,1627462399134,40.866,mobservice2,login_failure,dbservice1,3
gaia-v3-14930,reconstruction,test-pred-001724,1627462830000,1627462792796,37.204,mobservice1,login_failure,mobservice1,1
gaia-v3-14931,reconstruction,test-pred-001725,1627462890000,1627462874167,15.833,mobservice1,login_failure,mobservice2,2
gaia-v3-14638,reconstruction,test-pred-001726,1627462980000,1627462966881,13.119,mobservice2,login_failure,mobservice2,1
gaia-v3-14639,reconstruction,test-pred-001728,1627463100000,1627463060845,39.155,mobservice2,login_failure,mobservice1,2
gaia-v3-14932,reconstruction,test-pred-001729,1627463280000,1627463245583,34.417,mobservice1,login_failure,mobservice2,2
gaia-v3-14640,reconstruction,test-pred-001730,1627463340000,1627463320709,19.291,mobservice2,login_failure,mobservice1,2
gaia-v3-14641,reconstruction,test-pred-001732,1627463520000,1627463504087,15.913,mobservice2,login_failure,dbservice2,7
gaia-v3-14642,reconstruction,test-pred-001734,1627463820000,1627463804467,15.533,mobservice2,login_failure,mobservice2,1
gaia-v3-14933,reconstruction,test-pred-001735,1627464030000,1627464006716,23.284,mobservice1,login_failure,mobservice1,1
gaia-v3-14935,reconstruction,test-pred-001736,1627464180000,1627464140049,39.951,mobservice1,login_failure,mobservice1,1
gaia-v3-14644,reconstruction,test-pred-001738,1627465170000,1627465131770,38.23,mobservice2,login_failure,mobservice2,1
gaia-v3-14645,reconstruction,test-pred-001739,1627465230000,1627465217147,12.853,mobservice2,login_failure,mobservice2,1
gaia-v3-14646,reconstruction,test-pred-001740,1627465290000,1627465255156,34.844,mobservice2,login_failure,mobservice1,2
gaia-v3-14936,reconstruction,test-pred-001741,1627465500000,1627465475202,24.798,mobservice1,login_failure,mobservice1,1
gaia-v3-14647,reconstruction,test-pred-001742,1627465800000,1627465775895,24.105,mobservice2,login_failure,mobservice2,1
gaia-v3-14648,reconstruction,test-pred-001743,1627465920000,1627465898303,21.697,mobservice2,login_failure,mobservice1,2
gaia-v3-14650,reconstruction,test-pred-001744,1627466040000,1627465999316,40.684,mobservice2,login_failure,mobservice1,2
gaia-v3-14651,reconstruction,test-pred-001745,1627466340000,1627466311191,28.809,mobservice2,login_failure,mobservice2,1
gaia-v3-14652,reconstruction,test-pred-001746,1627466490000,1627466469597,20.403,mobservice2,login_failure,mobservice1,2
gaia-v3-14653,reconstruction,test-pred-001747,1627466760000,1627466731615,28.385,mobservice2,login_failure,mobservice1,2
gaia-v3-14654,reconstruction,test-pred-001748,1627467000000,1627466977570,22.43,mobservice2,login_failure,mobservice1,2
gaia-v3-14657,reconstruction,test-pred-001749,1627467150000,1627467145907,4.093,mobservice2,login_failure,mobservice2,1
gaia-v3-14658,reconstruction,test-pred-001750,1627467360000,1627467327110,32.89,mobservice2,login_failure,mobservice1,2
gaia-v3-14940,reconstruction,test-pred-001751,1627467450000,1627467426278,23.722,mobservice1,login_failure,mobservice2,2
gaia-v3-14659,reconstruction,test-pred-001752,1627467510000,1627467474353,35.647,mobservice2,login_failure,mobservice1,3
gaia-v3-14660,reconstruction,test-pred-001753,1627467720000,1627467680458,39.542,mobservice2,login_failure,mobservice2,1
gaia-v3-14661,reconstruction,test-pred-001754,1627467810000,1627467790178,19.822,mobservice2,login_failure,mobservice2,1
gaia-v3-14941,reconstruction,test-pred-001755,1627468050000,1627468048581,1.419,mobservice1,login_failure,mobservice1,1
gaia-v3-14943,reconstruction,test-pred-001756,1627468410000,1627468382779,27.221,mobservice1,login_failure,mobservice1,1
gaia-v3-14665,reconstruction,test-pred-001757,1627468920000,1627468905651,14.349,mobservice2,login_failure,mobservice1,2
gaia-v3-14666,reconstruction,test-pred-001758,1627469220000,1627469195880,24.12,mobservice2,login_failure,mobservice2,1
gaia-v3-14667,reconstruction,test-pred-001759,1627469340000,1627469326346,13.654,mobservice2,login_failure,mobservice2,1
gaia-v3-14668,reconstruction,test-pred-001760,1627469490000,1627469472243,17.757,mobservice2,login_failure,mobservice1,2
gaia-v3-14945,reconstruction,test-pred-001761,1627469760000,1627469732740,27.26,mobservice1,login_failure,mobservice2,2
gaia-v3-14670,reconstruction,test-pred-001763,1627469970000,1627469950342,19.658,mobservice2,login_failure,mobservice1,2
gaia-v3-14671,reconstruction,test-pred-001764,1627470060000,1627470046673,13.327,mobservice2,login_failure,mobservice1,2
gaia-v3-14672,reconstruction,test-pred-001765,1627470210000,1627470180819,29.181,mobservice2,login_failure,mobservice1,2
gaia-v3-14673,reconstruction,test-pred-001766,1627470480000,1627470458137,21.863,mobservice2,login_failure,mobservice2,1
gaia-v3-14949,reconstruction,test-pred-001768,1627470690000,1627470655979,34.021,mobservice1,login_failure,mobservice1,1
gaia-v3-14950,reconstruction,test-pred-001769,1627470810000,1627470797448,12.552,mobservice1,login_failure,mobservice2,3
gaia-v3-14674,reconstruction,test-pred-001770,1627470870000,1627470840992,29.008,mobservice2,login_failure,mobservice2,1
gaia-v3-14675,reconstruction,test-pred-001771,1627470930000,1627470890674,39.326,mobservice2,login_failure,mobservice1,2
gaia-v3-14951,reconstruction,test-pred-001772,1627471110000,1627471074689,35.311,mobservice1,login_failure,logservice1,3
gaia-v3-14952,reconstruction,test-pred-001774,1627471380000,1627471349933,30.067,mobservice1,login_failure,mobservice2,2
gaia-v3-14953,reconstruction,test-pred-001775,1627471560000,1627471523215,36.785,mobservice1,login_failure,mobservice1,1
gaia-v3-14955,reconstruction,test-pred-001777,1627471680000,1627471639675,40.325,mobservice1,login_failure,mobservice1,1
gaia-v3-14956,reconstruction,test-pred-001778,1627471890000,1627471871751,18.249,mobservice1,login_failure,mobservice2,2
gaia-v3-14957,reconstruction,test-pred-001779,1627472100000,1627472077424,22.576,mobservice1,login_failure,mobservice2,2
gaia-v3-14409,reconstruction,test-pred-001781,1627473030000,1627473021139,8.861,dbservice1,memory_anomalies,mobservice2,4
gaia-v3-14682,reconstruction,test-pred-001788,1627474470000,1627474443262,26.738,mobservice2,login_failure,mobservice2,1
gaia-v3-14684,reconstruction,test-pred-001789,1627474620000,1627474591981,28.019,mobservice2,login_failure,mobservice2,1
gaia-v3-14964,reconstruction,test-pred-001791,1627474890000,1627474874273,15.727,mobservice1,login_failure,mobservice1,1
gaia-v3-14966,reconstruction,test-pred-001792,1627475010000,1627474985965,24.035,mobservice1,login_failure,mobservice2,2
gaia-v3-14967,reconstruction,test-pred-001793,1627475220000,1627475199305,20.695,mobservice1,login_failure,mobservice1,1
gaia-v3-14686,reconstruction,test-pred-001794,1627475490000,1627475464432,25.568,mobservice2,login_failure,mobservice2,1
gaia-v3-15356,reconstruction,test-pred-001796,1627488330000,1627488290728,39.272,mobservice1,login_failure,mobservice1,1
gaia-v3-15357,reconstruction,test-pred-001797,1627488480000,1627488439591,40.409,mobservice1,login_failure,mobservice2,2
gaia-v3-15059,reconstruction,test-pred-001798,1627488570000,1627488542422,27.578,mobservice2,login_failure,mobservice1,5
gaia-v3-15358,reconstruction,test-pred-001799,1627488660000,1627488639801,20.199,mobservice1,login_failure,mobservice1,1
gaia-v3-15359,reconstruction,test-pred-001800,1627488720000,1627488706576,13.424,mobservice1,login_failure,mobservice1,1
gaia-v3-15360,reconstruction,test-pred-001801,1627488780000,1627488764456,15.544,mobservice1,login_failure,mobservice1,1
gaia-v3-15361,reconstruction,test-pred-001802,1627488870000,1627488843541,26.459,mobservice1,login_failure,dbservice2,2
gaia-v3-15061,reconstruction,test-pred-001803,1627489110000,1627489085910,24.09,mobservice2,login_failure,mobservice1,2
gaia-v3-15062,reconstruction,test-pred-001804,1627489500000,1627489467886,32.114,mobservice2,login_failure,mobservice1,2
gaia-v3-15362,reconstruction,test-pred-001805,1627489590000,1627489562165,27.835,mobservice1,login_failure,mobservice2,2
gaia-v3-15063,reconstruction,test-pred-001806,1627489710000,1627489696557,13.443,mobservice2,login_failure,mobservice1,2
gaia-v3-15064,reconstruction,test-pred-001807,1627489920000,1627489896109,23.891,mobservice2,login_failure,mobservice1,2
gaia-v3-15363,reconstruction,test-pred-001808,1627490100000,1627490076375,23.625,mobservice1,login_failure,mobservice2,7
gaia-v3-15364,reconstruction,test-pred-001809,1627490400000,1627490383181,16.819,mobservice1,login_failure,mobservice1,1
gaia-v3-15365,reconstruction,test-pred-001810,1627490580000,1627490571365,8.635,mobservice1,login_failure,mobservice1,1
gaia-v3-15068,reconstruction,test-pred-001811,1627490700000,1627490682599,17.401,mobservice2,login_failure,mobservice1,2
gaia-v3-15069,reconstruction,test-pred-001812,1627490970000,1627490943587,26.413,mobservice2,login_failure,mobservice1,2
gaia-v3-15070,reconstruction,test-pred-001813,1627491180000,1627491163309,16.691,mobservice2,login_failure,mobservice2,1
gaia-v3-15366,reconstruction,test-pred-001814,1627491330000,1627491307531,22.469,mobservice1,login_failure,mobservice1,1
gaia-v3-15368,reconstruction,test-pred-001815,1627491450000,1627491445087,4.913,mobservice1,login_failure,mobservice1,1
gaia-v3-15033,reconstruction,test-pred-001816,1627491630000,1627491600318,29.682,webservice1,file_moving,webservice1,1
gaia-v3-15370,reconstruction,test-pred-001817,1627492350000,1627492326011,23.989,mobservice1,login_failure,mobservice1,1
gaia-v3-15371,reconstruction,test-pred-001818,1627492470000,1627492429640,40.36,mobservice1,login_failure,mobservice1,1
gaia-v3-15373,reconstruction,test-pred-001819,1627492560000,1627492559779,0.221,mobservice1,login_failure,mobservice1,1
gaia-v3-15073,reconstruction,test-pred-001820,1627492650000,1627492637567,12.433,mobservice2,login_failure,mobservice2,1
gaia-v3-15374,reconstruction,test-pred-001821,1627492710000,1627492688620,21.38,mobservice1,login_failure,mobservice1,1
gaia-v3-15075,reconstruction,test-pred-001822,1627492980000,1627492955093,24.907,mobservice2,login_failure,mobservice2,1
gaia-v3-15376,reconstruction,test-pred-001823,1627493490000,1627493476865,13.135,mobservice1,login_failure,mobservice1,1
gaia-v3-15377,reconstruction,test-pred-001824,1627493610000,1627493590336,19.664,mobservice1,login_failure,mobservice2,2
gaia-v3-15079,reconstruction,test-pred-001825,1627493790000,1627493776008,13.992,mobservice2,login_failure,webservice1,2
gaia-v3-15080,reconstruction,test-pred-001826,1627494000000,1627493973795,26.205,mobservice2,login_failure,mobservice1,2
gaia-v3-15381,reconstruction,test-pred-001827,1627494180000,1627494162865,17.135,mobservice1,login_failure,mobservice2,2
gaia-v3-15081,reconstruction,test-pred-001828,1627494600000,1627494585835,14.165,mobservice2,login_failure,mobservice1,2
gaia-v3-15383,reconstruction,test-pred-001829,1627494810000,1627494793698,16.302,mobservice1,login_failure,mobservice2,3
gaia-v3-15082,reconstruction,test-pred-001830,1627494870000,1627494849599,20.401,mobservice2,login_failure,mobservice2,1
gaia-v3-15384,reconstruction,test-pred-001831,1627495050000,1627495024749,25.251,mobservice1,login_failure,mobservice1,1
gaia-v3-15084,reconstruction,test-pred-001832,1627495110000,1627495083067,26.933,mobservice2,login_failure,mobservice1,2
gaia-v3-15085,reconstruction,test-pred-001833,1627495200000,1627495168393,31.607,mobservice2,login_failure,mobservice1,2
gaia-v3-15086,reconstruction,test-pred-001834,1627495440000,1627495435970,4.03,mobservice2,login_failure,mobservice2,1
gaia-v3-15387,reconstruction,test-pred-001835,1627495800000,1627495770681,29.319,mobservice1,login_failure,mobservice2,2
gaia-v3-15388,reconstruction,test-pred-001836,1627496040000,1627496026426,13.574,mobservice1,login_failure,mobservice2,2
gaia-v3-15087,reconstruction,test-pred-001837,1627496130000,1627496089631,40.369,mobservice2,login_failure,mobservice2,1
gaia-v3-15088,reconstruction,test-pred-001838,1627496280000,1627496258249,21.751,mobservice2,login_failure,mobservice2,1
gaia-v3-15089,reconstruction,test-pred-001839,1627496460000,1627496437999,22.001,mobservice2,login_failure,mobservice1,2
gaia-v3-15389,reconstruction,test-pred-001840,1627496520000,1627496497320,22.68,mobservice1,login_failure,mobservice2,2
gaia-v3-15390,reconstruction,test-pred-001841,1627496700000,1627496684193,15.807,mobservice1,login_failure,mobservice2,6
gaia-v3-15391,reconstruction,test-pred-001842,1627497000000,1627496978466,21.534,mobservice1,login_failure,mobservice2,2
gaia-v3-15392,reconstruction,test-pred-001843,1627497180000,1627497142134,37.866,mobservice1,login_failure,mobservice1,1
gaia-v3-15393,reconstruction,test-pred-001844,1627497300000,1627497277410,22.59,mobservice1,login_failure,mobservice1,1
gaia-v3-15090,reconstruction,test-pred-001845,1627497540000,1627497524153,15.847,mobservice2,login_failure,mobservice2,1
gaia-v3-15394,reconstruction,test-pred-001846,1627497630000,1627497611052,18.948,mobservice1,login_failure,mobservice1,1
gaia-v3-15395,reconstruction,test-pred-001847,1627497810000,1627497795375,14.625,mobservice1,login_failure,mobservice2,2
gaia-v3-15396,reconstruction,test-pred-001848,1627497990000,1627497971842,18.158,mobservice1,login_failure,mobservice1,1
gaia-v3-15091,reconstruction,test-pred-001849,1627498140000,1627498107212,32.788,mobservice2,login_failure,mobservice1,2
gaia-v3-15092,reconstruction,test-pred-001850,1627498320000,1627498279664,40.336,mobservice2,login_failure,mobservice2,1
gaia-v3-15095,reconstruction,test-pred-001851,1627498380000,1627498367347,12.653,mobservice2,login_failure,mobservice1,2
gaia-v3-15096,reconstruction,test-pred-001852,1627498560000,1627498547692,12.308,mobservice2,login_failure,mobservice1,2
gaia-v3-15398,reconstruction,test-pred-001853,1627498710000,1627498693127,16.873,mobservice1,login_failure,mobservice2,2
gaia-v3-15097,reconstruction,test-pred-001854,1627498800000,1627498782943,17.057,mobservice2,login_failure,mobservice2,1
gaia-v3-15098,reconstruction,test-pred-001855,1627499040000,1627499001263,38.737,mobservice2,login_failure,mobservice1,2
gaia-v3-15401,reconstruction,test-pred-001856,1627499220000,1627499198285,21.715,mobservice1,login_failure,mobservice1,1
gaia-v3-15402,reconstruction,test-pred-001857,1627499310000,1627499270200,39.8,mobservice1,login_failure,mobservice2,2
gaia-v3-15099,reconstruction,test-pred-001858,1627499490000,1627499468922,21.078,mobservice2,login_failure,mobservice1,2
gaia-v3-15404,reconstruction,test-pred-001859,1627499910000,1627499890615,19.385,mobservice1,login_failure,mobservice2,2
gaia-v3-15406,reconstruction,test-pred-001860,1627500090000,1627500063251,26.749,mobservice1,login_failure,mobservice1,1
gaia-v3-15407,reconstruction,test-pred-001861,1627500300000,1627500269068,30.932,mobservice1,login_failure,mobservice2,2
gaia-v3-15101,reconstruction,test-pred-001862,1627500390000,1627500361241,28.759,mobservice2,login_failure,mobservice2,1
gaia-v3-15408,reconstruction,test-pred-001863,1627500690000,1627500659933,30.067,mobservice1,login_failure,mobservice1,1
gaia-v3-15102,reconstruction,test-pred-001864,1627500960000,1627500919840,40.16,mobservice2,login_failure,mobservice2,1
gaia-v3-15104,reconstruction,test-pred-001865,1627501380000,1627501345896,34.104,mobservice2,login_failure,mobservice1,2
gaia-v3-15412,reconstruction,test-pred-001866,1627501470000,1627501445374,24.626,mobservice1,login_failure,mobservice2,2
gaia-v3-15108,reconstruction,test-pred-001867,1627501530000,1627501523421,6.579,mobservice2,login_failure,mobservice2,1
gaia-v3-15109,reconstruction,test-pred-001868,1627501680000,1627501645804,34.196,mobservice2,login_failure,mobservice2,1
gaia-v3-15110,reconstruction,test-pred-001869,1627501800000,1627501780349,19.651,mobservice2,login_failure,mobservice2,1
gaia-v3-15111,reconstruction,test-pred-001870,1627501860000,1627501840636,19.364,mobservice2,login_failure,mobservice1,2
gaia-v3-15415,reconstruction,test-pred-001871,1627501920000,1627501880421,39.579,mobservice1,login_failure,redisservice2,2
gaia-v3-15113,reconstruction,test-pred-001872,1627502190000,1627502157628,32.372,mobservice2,login_failure,mobservice1,4
gaia-v3-15416,reconstruction,test-pred-001873,1627502280000,1627502249411,30.589,mobservice1,login_failure,mobservice1,1
gaia-v3-15417,reconstruction,test-pred-001874,1627502340000,1627502299786,40.214,mobservice1,login_failure,mobservice1,1
gaia-v3-15037,reconstruction,test-pred-001875,1627502430000,1627502400667,29.333,webservice1,file_moving,webservice1,1
gaia-v3-15424,reconstruction,test-pred-001876,1627503180000,1627503175709,4.291,mobservice1,login_failure,mobservice1,1
gaia-v3-15425,reconstruction,test-pred-001877,1627503300000,1627503273909,26.091,mobservice1,login_failure,mobservice1,1
gaia-v3-15116,reconstruction,test-pred-001878,1627503450000,1627503413961,36.039,mobservice2,login_failure,mobservice2,1
gaia-v3-15119,reconstruction,test-pred-001879,1627503600000,1627503595619,4.381,mobservice2,login_failure,mobservice2,1
gaia-v3-15427,reconstruction,test-pred-001880,1627503810000,1627503791777,18.223,mobservice1,login_failure,mobservice2,2
gaia-v3-15120,reconstruction,test-pred-001881,1627503870000,1627503858100,11.9,mobservice2,login_failure,mobservice1,2
gaia-v3-15428,reconstruction,test-pred-001882,1627503930000,1627503910361,19.639,mobservice1,login_failure,mobservice1,1
gaia-v3-15429,reconstruction,test-pred-001883,1627503990000,1627503976685,13.315,mobservice1,login_failure,mobservice2,3
gaia-v3-15430,reconstruction,test-pred-001884,1627504290000,1627504277104,12.896,mobservice1,login_failure,mobservice2,3
gaia-v3-15431,reconstruction,test-pred-001885,1627504410000,1627504370224,39.776,mobservice1,login_failure,mobservice1,1
gaia-v3-15433,reconstruction,test-pred-001886,1627504560000,1627504522253,37.747,mobservice1,login_failure,mobservice2,3
gaia-v3-15121,reconstruction,test-pred-001887,1627504650000,1627504618081,31.919,mobservice2,login_failure,mobservice2,1
gaia-v3-15122,reconstruction,test-pred-001888,1627504800000,1627504766101,33.899,mobservice2,login_failure,mobservice1,2
gaia-v3-15434,reconstruction,test-pred-001889,1627504860000,1627504842204,17.796,mobservice1,login_failure,mobservice1,1
gaia-v3-15435,reconstruction,test-pred-001890,1627505190000,1627505157365,32.635,mobservice1,login_failure,mobservice2,2
gaia-v3-15123,reconstruction,test-pred-001891,1627505250000,1627505225110,24.89,mobservice2,login_failure,mobservice2,1
gaia-v3-15436,reconstruction,test-pred-001892,1627505700000,1627505660768,39.232,mobservice1,login_failure,mobservice1,1
gaia-v3-15437,reconstruction,test-pred-001893,1627505790000,1627505766698,23.302,mobservice1,login_failure,mobservice2,2
gaia-v3-15438,reconstruction,test-pred-001894,1627506090000,1627506064381,25.619,mobservice1,login_failure,mobservice2,2
gaia-v3-15125,reconstruction,test-pred-001895,1627506420000,1627506417265,2.735,mobservice2,login_failure,mobservice2,1
gaia-v3-15440,reconstruction,test-pred-001896,1627506900000,1627506888779,11.221,mobservice1,login_failure,mobservice1,1
gaia-v3-15441,reconstruction,test-pred-001897,1627507020000,1627506991503,28.497,mobservice1,login_failure,mobservice2,2
gaia-v3-15442,reconstruction,test-pred-001898,1627507110000,1627507092831,17.169,mobservice1,login_failure,mobservice1,1
gaia-v3-15443,reconstruction,test-pred-001899,1627507170000,1627507140036,29.964,mobservice1,login_failure,mobservice1,1
gaia-v3-15444,reconstruction,test-pred-001900,1627507260000,1627507233313,26.687,mobservice1,login_failure,mobservice2,2
gaia-v3-15127,reconstruction,test-pred-001901,1627507320000,1627507292493,27.507,mobservice2,login_failure,mobservice2,1
gaia-v3-15128,reconstruction,test-pred-001902,1627507470000,1627507456172,13.828,mobservice2,login_failure,mobservice1,2
gaia-v3-15129,reconstruction,test-pred-001903,1627507680000,1627507664561,15.439,mobservice2,login_failure,mobservice1,2
gaia-v3-15130,reconstruction,test-pred-001904,1627507920000,1627507900306,19.694,mobservice2,login_failure,mobservice1,2
gaia-v3-15131,reconstruction,test-pred-001905,1627508280000,1627508274127,5.873,mobservice2,login_failure,mobservice2,1
gaia-v3-15132,reconstruction,test-pred-001906,1627508400000,1627508379916,20.084,mobservice2,login_failure,mobservice1,2
gaia-v3-15133,reconstruction,test-pred-001907,1627508490000,1627508478927,11.073,mobservice2,login_failure,mobservice1,2
gaia-v3-15448,reconstruction,test-pred-001908,1627508610000,1627508587469,22.531,mobservice1,login_failure,webservice1,3
gaia-v3-15134,reconstruction,test-pred-001909,1627508700000,1627508673612,26.388,mobservice2,login_failure,mobservice1,2
gaia-v3-15135,reconstruction,test-pred-001910,1627508850000,1627508818267,31.733,mobservice2,login_failure,mobservice2,1
gaia-v3-15449,reconstruction,test-pred-001911,1627509030000,1627509009376,20.624,mobservice1,login_failure,mobservice1,1
gaia-v3-15450,reconstruction,test-pred-001912,1627509090000,1627509063093,26.907,mobservice1,login_failure,mobservice1,1
gaia-v3-15451,reconstruction,test-pred-001913,1627509210000,1627509189367,20.633,mobservice1,login_failure,mobservice2,2
gaia-v3-15136,reconstruction,test-pred-001914,1627509360000,1627509341836,18.164,mobservice2,login_failure,mobservice1,4
gaia-v3-15137,reconstruction,test-pred-001915,1627509660000,1627509636468,23.532,mobservice2,login_failure,mobservice2,1
gaia-v3-15452,reconstruction,test-pred-001916,1627509810000,1627509776827,33.173,mobservice1,login_failure,mobservice2,2
gaia-v3-15454,reconstruction,test-pred-001917,1627509930000,1627509925939,4.061,mobservice1,login_failure,mobservice1,1
gaia-v3-15455,reconstruction,test-pred-001918,1627510080000,1627510048969,31.031,mobservice1,login_failure,mobservice2,2
gaia-v3-15456,reconstruction,test-pred-001919,1627510500000,1627510481151,18.849,mobservice1,login_failure,mobservice1,1
gaia-v3-15141,reconstruction,test-pred-001920,1627510980000,1627510940017,39.983,mobservice2,login_failure,mobservice2,1
gaia-v3-15143,reconstruction,test-pred-001921,1627511070000,1627511053251,16.749,mobservice2,login_failure,mobservice1,2
gaia-v3-15458,reconstruction,test-pred-001922,1627511130000,1627511107288,22.712,mobservice1,login_failure,mobservice1,1
gaia-v3-15144,reconstruction,test-pred-001923,1627511250000,1627511209026,40.974,mobservice2,login_failure,mobservice1,2
gaia-v3-15460,reconstruction,test-pred-001924,1627511310000,1627511279557,30.443,mobservice1,login_failure,mobservice1,1
gaia-v3-15461,reconstruction,test-pred-001925,1627511370000,1627511344729,25.271,mobservice1,login_failure,mobservice2,2
gaia-v3-15463,reconstruction,test-pred-001926,1627512420000,1627512417723,2.277,mobservice1,login_failure,mobservice1,1
gaia-v3-15145,reconstruction,test-pred-001927,1627512720000,1627512700273,19.727,mobservice2,login_failure,mobservice1,2
gaia-v3-15468,reconstruction,test-pred-001928,1627513260000,1627513243005,16.995,mobservice1,login_failure,mobservice2,2
gaia-v3-15469,reconstruction,test-pred-001929,1627513830000,1627513789296,40.704,mobservice1,login_failure,mobservice1,1
gaia-v3-15470,reconstruction,test-pred-001930,1627513890000,1627513859841,30.159,mobservice1,login_failure,mobservice2,2
gaia-v3-15472,reconstruction,test-pred-001931,1627514220000,1627514186009,33.991,mobservice1,login_failure,mobservice2,2
gaia-v3-15473,reconstruction,test-pred-001932,1627514310000,1627514269190,40.81,mobservice1,login_failure,mobservice2,2
gaia-v3-15147,reconstruction,test-pred-001933,1627514400000,1627514365087,34.913,mobservice2,login_failure,mobservice1,2
gaia-v3-15475,reconstruction,test-pred-001934,1627514520000,1627514485093,34.907,mobservice1,login_failure,mobservice2,2
gaia-v3-15148,reconstruction,test-pred-001935,1627514670000,1627514638136,31.864,mobservice2,login_failure,mobservice2,1
gaia-v3-15151,reconstruction,test-pred-001936,1627514970000,1627514934965,35.035,mobservice2,login_failure,mobservice2,1
gaia-v3-15476,reconstruction,test-pred-001937,1627515180000,1627515148076,31.924,mobservice1,login_failure,mobservice1,1
gaia-v3-15152,reconstruction,test-pred-001938,1627515270000,1627515262280,7.72,mobservice2,login_failure,mobservice2,1
gaia-v3-15156,reconstruction,test-pred-001939,1627515480000,1627515444156,35.844,mobservice2,login_failure,mobservice1,2
gaia-v3-15478,reconstruction,test-pred-001940,1627515570000,1627515534093,35.907,mobservice1,login_failure,mobservice2,2
gaia-v3-15479,reconstruction,test-pred-001941,1627515870000,1627515835369,34.631,mobservice1,login_failure,mobservice2,2
gaia-v3-15157,reconstruction,test-pred-001942,1627515990000,1627515964216,25.784,mobservice2,login_failure,mobservice1,2
gaia-v3-15043,reconstruction,test-pred-001943,1627516140000,1627516106617,33.383,dbservice2,memory_anomalies,mobservice2,10
gaia-v3-15158,reconstruction,test-pred-001944,1627516200000,1627516181627,18.373,mobservice2,login_failure,mobservice1,2
gaia-v3-15482,reconstruction,test-pred-001945,1627516260000,1627516220865,39.135,mobservice1,login_failure,mobservice2,2
gaia-v3-15159,reconstruction,test-pred-001946,1627516410000,1627516377032,32.968,mobservice2,login_failure,mobservice1,2
gaia-v3-15161,reconstruction,test-pred-001947,1627516590000,1627516575934,14.066,mobservice2,login_failure,mobservice2,1
gaia-v3-15162,reconstruction,test-pred-001948,1627517070000,1627517058367,11.633,mobservice2,login_failure,mobservice1,2
gaia-v3-15484,reconstruction,test-pred-001949,1627517190000,1627517152571,37.429,mobservice1,login_failure,mobservice2,2
gaia-v3-15163,reconstruction,test-pred-001950,1627517280000,1627517264799,15.201,mobservice2,login_failure,mobservice1,2
gaia-v3-15485,reconstruction,test-pred-001951,1627517370000,1627517332501,37.499,mobservice1,login_failure,mobservice1,1
gaia-v3-15486,reconstruction,test-pred-001952,1627517430000,1627517403421,26.579,mobservice1,login_failure,mobservice1,1
gaia-v3-15487,reconstruction,test-pred-001953,1627517790000,1627517756191,33.809,mobservice1,login_failure,mobservice1,1
gaia-v3-15488,reconstruction,test-pred-001954,1627517880000,1627517839013,40.987,mobservice1,login_failure,mobservice2,2
gaia-v3-15166,reconstruction,test-pred-001955,1627518090000,1627518073739,16.261,mobservice2,login_failure,mobservice1,2
gaia-v3-15167,reconstruction,test-pred-001956,1627518180000,1627518147452,32.548,mobservice2,login_failure,mobservice2,1
gaia-v3-15168,reconstruction,test-pred-001957,1627518330000,1627518307779,22.221,mobservice2,login_failure,mobservice2,1
gaia-v3-15169,reconstruction,test-pred-001958,1627518390000,1627518361822,28.178,mobservice2,login_failure,mobservice2,1
gaia-v3-15489,reconstruction,test-pred-001959,1627518570000,1627518557248,12.752,mobservice1,login_failure,mobservice1,1
gaia-v3-15490,reconstruction,test-pred-001960,1627518660000,1627518632447,27.553,mobservice1,login_failure,mobservice1,1
gaia-v3-15491,reconstruction,test-pred-001961,1627518720000,1627518683066,36.934,mobservice1,login_failure,mobservice2,3
gaia-v3-15492,reconstruction,test-pred-001962,1627519260000,1627519244640,15.36,mobservice1,login_failure,mobservice2,2
gaia-v3-15172,reconstruction,test-pred-001963,1627519410000,1627519405381,4.619,mobservice2,login_failure,mobservice2,1
gaia-v3-15173,reconstruction,test-pred-001964,1627519920000,1627519894856,25.144,mobservice2,login_failure,mobservice1,2
gaia-v3-15494,reconstruction,test-pred-001965,1627520100000,1627520062567,37.433,mobservice1,login_failure,mobservice2,2
gaia-v3-15174,reconstruction,test-pred-001966,1627520160000,1627520128334,31.666,mobservice2,login_failure,mobservice1,2
gaia-v3-15175,reconstruction,test-pred-001967,1627520400000,1627520372593,27.407,mobservice2,login_failure,mobservice2,1
gaia-v3-15495,reconstruction,test-pred-001968,1627520640000,1627520607256,32.744,mobservice1,login_failure,mobservice2,2
gaia-v3-15176,reconstruction,test-pred-001969,1627520910000,1627520890576,19.424,mobservice2,login_failure,mobservice1,5
gaia-v3-15498,reconstruction,test-pred-001970,1627521030000,1627520998657,31.343,mobservice1,login_failure,mobservice1,1
gaia-v3-15177,reconstruction,test-pred-001971,1627521210000,1627521195967,14.033,mobservice2,login_failure,mobservice2,1
gaia-v3-15178,reconstruction,test-pred-001972,1627521270000,1627521247114,22.886,mobservice2,login_failure,mobservice1,2
gaia-v3-15499,reconstruction,test-pred-001973,1627521630000,1627521613539,16.461,mobservice1,login_failure,mobservice1,1
gaia-v3-15500,reconstruction,test-pred-001974,1627521750000,1627521713980,36.02,mobservice1,login_failure,mobservice2,2
gaia-v3-15179,reconstruction,test-pred-001975,1627522080000,1627522051905,28.095,mobservice2,login_failure,logservice2,4
gaia-v3-15180,reconstruction,test-pred-001976,1627522680000,1627522656637,23.363,mobservice2,login_failure,mobservice2,1
gaia-v3-15501,reconstruction,test-pred-001977,1627523070000,1627523058575,11.425,mobservice1,login_failure,mobservice2,2
gaia-v3-15181,reconstruction,test-pred-001978,1627523310000,1627523284697,25.303,mobservice2,login_failure,mobservice1,2
gaia-v3-15182,reconstruction,test-pred-001979,1627523760000,1627523722826,37.174,mobservice2,login_failure,mobservice2,1
gaia-v3-15183,reconstruction,test-pred-001980,1627523880000,1627523848118,31.882,mobservice2,login_failure,mobservice1,2
gaia-v3-15504,reconstruction,test-pred-001981,1627523940000,1627523926676,13.324,mobservice1,login_failure,mobservice1,1
gaia-v3-15184,reconstruction,test-pred-001982,1627524480000,1627524468190,11.81,mobservice2,login_failure,mobservice1,7
gaia-v3-15506,reconstruction,test-pred-001983,1627524600000,1627524572457,27.543,mobservice1,login_failure,mobservice1,1
gaia-v3-15185,reconstruction,test-pred-001984,1627524780000,1627524744492,35.508,mobservice2,login_failure,mobservice2,1
gaia-v3-15191,reconstruction,test-pred-001985,1627524900000,1627524899202,0.798,mobservice2,memory_anomalies,mobservice2,1
gaia-v3-15187,reconstruction,test-pred-001986,1627524990000,1627524961333,28.667,mobservice2,login_failure,mobservice2,1
gaia-v3-15190,reconstruction,test-pred-001987,1627525410000,1627525406283,3.717,mobservice2,login_failure,mobservice2,1
gaia-v3-15507,reconstruction,test-pred-001988,1627525530000,1627525505728,24.272,mobservice1,login_failure,mobservice1,1
gaia-v3-15509,reconstruction,test-pred-001989,1627525620000,1627525592161,27.839,mobservice1,login_failure,mobservice1,1
gaia-v3-15193,reconstruction,test-pred-001990,1627525830000,1627525801850,28.15,mobservice2,login_failure,mobservice2,1
gaia-v3-15194,reconstruction,test-pred-001991,1627525950000,1627525925489,24.511,mobservice2,login_failure,mobservice2,1
gaia-v3-15195,reconstruction,test-pred-001992,1627526010000,1627525995721,14.279,mobservice2,login_failure,mobservice2,1
gaia-v3-15196,reconstruction,test-pred-001993,1627526100000,1627526080969,19.031,mobservice2,login_failure,mobservice2,1
gaia-v3-15197,reconstruction,test-pred-001994,1627526580000,1627526567817,12.183,mobservice2,login_failure,mobservice1,2
gaia-v3-15198,reconstruction,test-pred-001995,1627526700000,1627526665065,34.935,mobservice2,login_failure,mobservice1,2
gaia-v3-15511,reconstruction,test-pred-001996,1627526790000,1627526778293,11.707,mobservice1,login_failure,mobservice2,2
gaia-v3-15512,reconstruction,test-pred-001997,1627526970000,1627526930559,39.441,mobservice1,login_failure,mobservice1,1
gaia-v3-15513,reconstruction,test-pred-001998,1627527060000,1627527037615,22.385,mobservice1,login_failure,mobservice2,2
gaia-v3-15199,reconstruction,test-pred-001999,1627527150000,1627527121016,28.984,mobservice2,login_failure,mobservice2,1
gaia-v3-15200,reconstruction,test-pred-002000,1627527570000,1627527556541,13.459,mobservice2,login_failure,mobservice1,2
gaia-v3-15201,reconstruction,test-pred-002001,1627528650000,1627528634971,15.029,mobservice2,login_failure,mobservice2,1
gaia-v3-15202,reconstruction,test-pred-002002,1627528800000,1627528768566,31.434,mobservice2,login_failure,logservice1,3
gaia-v3-15203,reconstruction,test-pred-002003,1627528920000,1627528888217,31.783,mobservice2,login_failure,mobservice1,2
gaia-v3-15204,reconstruction,test-pred-002004,1627529100000,1627529084951,15.049,mobservice2,login_failure,mobservice2,1
gaia-v3-15514,reconstruction,test-pred-002005,1627529370000,1627529333284,36.716,mobservice1,login_failure,mobservice2,2
gaia-v3-15205,reconstruction,test-pred-002006,1627529460000,1627529420432,39.568,mobservice2,login_failure,mobservice1,2
gaia-v3-15206,reconstruction,test-pred-002007,1627530120000,1627530103263,16.737,mobservice2,login_failure,mobservice1,2
gaia-v3-15517,reconstruction,test-pred-002008,1627530210000,1627530188407,21.593,mobservice1,login_failure,mobservice2,2
gaia-v3-15519,reconstruction,test-pred-002009,1627530330000,1627530321616,8.384,mobservice1,login_failure,mobservice1,1
gaia-v3-15520,reconstruction,test-pred-002010,1627530510000,1627530496563,13.437,mobservice1,login_failure,mobservice2,2
gaia-v3-15207,reconstruction,test-pred-002011,1627530630000,1627530613445,16.555,mobservice2,login_failure,mobservice1,2
gaia-v3-15521,reconstruction,test-pred-002012,1627530750000,1627530735238,14.762,mobservice1,login_failure,mobservice2,4
gaia-v3-15208,reconstruction,test-pred-002013,1627530840000,1627530824057,15.943,mobservice2,login_failure,mobservice2,1
gaia-v3-15209,reconstruction,test-pred-002014,1627530930000,1627530894236,35.764,mobservice2,login_failure,mobservice1,2
gaia-v3-15522,reconstruction,test-pred-002015,1627531020000,1627531005121,14.879,mobservice1,login_failure,mobservice2,2
gaia-v3-15523,reconstruction,test-pred-002016,1627531170000,1627531159287,10.713,mobservice1,login_failure,mobservice1,1
gaia-v3-15525,reconstruction,test-pred-002017,1627531440000,1627531419703,20.297,mobservice1,login_failure,mobservice2,2
gaia-v3-15211,reconstruction,test-pred-002018,1627531500000,1627531469870,30.13,mobservice2,login_failure,mobservice2,1
gaia-v3-15212,reconstruction,test-pred-002019,1627531590000,1627531561888,28.112,mobservice2,login_failure,mobservice1,2
gaia-v3-15213,reconstruction,test-pred-002020,1627531710000,1627531687655,22.345,mobservice2,login_failure,mobservice2,1
gaia-v3-15214,reconstruction,test-pred-002021,1627531830000,1627531792402,37.598,mobservice2,login_failure,mobservice1,2
gaia-v3-15526,reconstruction,test-pred-002022,1627532190000,1627532153330,36.67,mobservice1,login_failure,mobservice2,2
gaia-v3-15215,reconstruction,test-pred-002023,1627532250000,1627532233737,16.263,mobservice2,login_failure,mobservice1,2
gaia-v3-15529,reconstruction,test-pred-002024,1627532430000,1627532416690,13.31,mobservice1,login_failure,mobservice1,1
gaia-v3-15216,reconstruction,test-pred-002025,1627532700000,1627532684247,15.753,mobservice2,login_failure,mobservice2,1
gaia-v3-15217,reconstruction,test-pred-002026,1627532820000,1627532797652,22.348,mobservice2,login_failure,mobservice2,1
gaia-v3-15218,reconstruction,test-pred-002027,1627532880000,1627532841147,38.853,mobservice2,login_failure,mobservice1,2
gaia-v3-15530,reconstruction,test-pred-002028,1627533000000,1627532985154,14.846,mobservice1,login_failure,mobservice1,1
gaia-v3-15531,reconstruction,test-pred-002029,1627533120000,1627533107166,12.834,mobservice1,login_failure,mobservice2,2
gaia-v3-15532,reconstruction,test-pred-002030,1627533240000,1627533214751,25.249,mobservice1,login_failure,mobservice2,2
gaia-v3-15220,reconstruction,test-pred-002031,1627533300000,1627533299177,0.823,mobservice2,login_failure,mobservice1,2
gaia-v3-15221,reconstruction,test-pred-002032,1627533420000,1627533405838,14.162,mobservice2,login_failure,mobservice1,2
gaia-v3-15222,reconstruction,test-pred-002033,1627533600000,1627533564931,35.069,mobservice2,login_failure,mobservice2,1
gaia-v3-15223,reconstruction,test-pred-002034,1627533660000,1627533632801,27.199,mobservice2,login_failure,mobservice2,1
gaia-v3-15224,reconstruction,test-pred-002035,1627533780000,1627533773366,6.634,mobservice2,login_failure,mobservice1,2
gaia-v3-15539,reconstruction,test-pred-002036,1627533930000,1627533929689,0.311,mobservice1,login_failure,mobservice2,2
gaia-v3-15225,reconstruction,test-pred-002037,1627534020000,1627533996436,23.564,mobservice2,login_failure,mobservice2,1
gaia-v3-15226,reconstruction,test-pred-002038,1627534170000,1627534153273,16.727,mobservice2,login_failure,mobservice1,2
gaia-v3-15540,reconstruction,test-pred-002039,1627534230000,1627534193455,36.545,mobservice1,login_failure,mobservice2,2
gaia-v3-15227,reconstruction,test-pred-002040,1627534350000,1627534322464,27.536,mobservice2,login_failure,mobservice1,2
gaia-v3-15228,reconstruction,test-pred-002041,1627534680000,1627534657558,22.442,mobservice2,login_failure,webservice2,2
gaia-v3-15229,reconstruction,test-pred-002042,1627535100000,1627535074205,25.795,mobservice2,login_failure,mobservice1,2
gaia-v3-15541,reconstruction,test-pred-002043,1627535220000,1627535199750,20.25,mobservice1,login_failure,mobservice1,1
gaia-v3-15543,reconstruction,test-pred-002044,1627535430000,1627535398513,31.487,mobservice1,login_failure,mobservice2,2
gaia-v3-15544,reconstruction,test-pred-002045,1627535580000,1627535557449,22.551,mobservice1,login_failure,mobservice1,1
gaia-v3-15231,reconstruction,test-pred-002046,1627535820000,1627535790957,29.043,mobservice2,login_failure,mobservice1,2
gaia-v3-15232,reconstruction,test-pred-002047,1627536000000,1627535980648,19.352,mobservice2,login_failure,mobservice1,2
gaia-v3-15545,reconstruction,test-pred-002048,1627536210000,1627536175511,34.489,mobservice1,login_failure,mobservice1,1
gaia-v3-15233,reconstruction,test-pred-002049,1627536330000,1627536295065,34.935,mobservice2,login_failure,mobservice2,1
gaia-v3-15234,reconstruction,test-pred-002050,1627536450000,1627536431875,18.125,mobservice2,login_failure,mobservice2,1
gaia-v3-15546,reconstruction,test-pred-002051,1627536660000,1627536648420,11.58,mobservice1,login_failure,mobservice2,2
gaia-v3-15547,reconstruction,test-pred-002052,1627536780000,1627536743279,36.721,mobservice1,login_failure,mobservice1,1
gaia-v3-15548,reconstruction,test-pred-002053,1627536930000,1627536896132,33.868,mobservice1,login_failure,mobservice1,1
gaia-v3-15550,reconstruction,test-pred-002054,1627537020000,1627536988909,31.091,mobservice1,login_failure,mobservice2,2
gaia-v3-15551,reconstruction,test-pred-002055,1627537410000,1627537383098,26.902,mobservice1,login_failure,mobservice2,2
gaia-v3-15235,reconstruction,test-pred-002056,1627537500000,1627537485112,14.888,mobservice2,login_failure,mobservice2,1
gaia-v3-15236,reconstruction,test-pred-002057,1627537560000,1627537526898,33.102,mobservice2,login_failure,mobservice1,2
gaia-v3-15553,reconstruction,test-pred-002058,1627537680000,1627537663491,16.509,mobservice1,login_failure,mobservice1,1
gaia-v3-15554,reconstruction,test-pred-002059,1627538130000,1627538113927,16.073,mobservice1,login_failure,mobservice1,1
gaia-v3-15555,reconstruction,test-pred-002060,1627538190000,1627538173327,16.673,mobservice1,login_failure,mobservice1,1
gaia-v3-15557,reconstruction,test-pred-002061,1627538250000,1627538227552,22.448,mobservice1,login_failure,mobservice1,1
gaia-v3-15558,reconstruction,test-pred-002062,1627538310000,1627538286194,23.806,mobservice1,login_failure,mobservice2,5
gaia-v3-15237,reconstruction,test-pred-002063,1627538760000,1627538719541,40.459,mobservice2,login_failure,mobservice2,1
gaia-v3-15559,reconstruction,test-pred-002064,1627538820000,1627538803841,16.159,mobservice1,login_failure,mobservice1,1
gaia-v3-15560,reconstruction,test-pred-002065,1627539030000,1627539007727,22.273,mobservice1,login_failure,mobservice2,2
gaia-v3-15239,reconstruction,test-pred-002066,1627539090000,1627539053385,36.615,mobservice2,login_failure,mobservice2,1
gaia-v3-15561,reconstruction,test-pred-002067,1627539360000,1627539343688,16.312,mobservice1,login_failure,mobservice2,2
gaia-v3-15562,reconstruction,test-pred-002068,1627539660000,1627539621616,38.384,mobservice1,login_failure,mobservice1,1
gaia-v3-15563,reconstruction,test-pred-002069,1627539750000,1627539733649,16.351,mobservice1,login_failure,mobservice2,2
gaia-v3-15241,reconstruction,test-pred-002070,1627539870000,1627539859784,10.216,mobservice2,login_failure,mobservice2,1
gaia-v3-15564,reconstruction,test-pred-002071,1627539960000,1627539923639,36.361,mobservice1,login_failure,mobservice2,2
gaia-v3-15242,reconstruction,test-pred-002072,1627540020000,1627539996381,23.619,mobservice2,login_failure,mobservice2,1
gaia-v3-15565,reconstruction,test-pred-002073,1627540470000,1627540432115,37.885,mobservice1,login_failure,mobservice1,1
gaia-v3-15566,reconstruction,test-pred-002074,1627540860000,1627540843846,16.154,mobservice1,login_failure,mobservice2,2
gaia-v3-15567,reconstruction,test-pred-002075,1627541010000,1627540996409,13.591,mobservice1,login_failure,mobservice1,1
gaia-v3-15244,reconstruction,test-pred-002076,1627541280000,1627541261457,18.543,mobservice2,login_failure,mobservice2,1
gaia-v3-15571,reconstruction,test-pred-002077,1627541580000,1627541555032,24.968,mobservice1,login_failure,mobservice1,1
gaia-v3-15245,reconstruction,test-pred-002078,1627541670000,1627541649070,20.93,mobservice2,login_failure,mobservice1,2
gaia-v3-15246,reconstruction,test-pred-002079,1627541760000,1627541742960,17.04,mobservice2,login_failure,mobservice2,1
gaia-v3-15247,reconstruction,test-pred-002080,1627541820000,1627541783600,36.4,mobservice2,login_failure,mobservice1,3
gaia-v3-15574,reconstruction,test-pred-002081,1627542000000,1627541965729,34.271,mobservice1,login_failure,mobservice2,2
gaia-v3-15248,reconstruction,test-pred-002082,1627542060000,1627542029960,30.04,mobservice2,login_failure,mobservice2,1
gaia-v3-15249,reconstruction,test-pred-002083,1627542120000,1627542083214,36.786,mobservice2,login_failure,mobservice1,2
gaia-v3-15250,reconstruction,test-pred-002084,1627542450000,1627542412409,37.591,mobservice2,login_failure,mobservice1,2
gaia-v3-15251,reconstruction,test-pred-002085,1627542510000,1627542493062,16.938,mobservice2,login_failure,mobservice1,2
gaia-v3-15252,reconstruction,test-pred-002086,1627542660000,1627542627180,32.82,mobservice2,login_failure,mobservice1,2
gaia-v3-15577,reconstruction,test-pred-002087,1627543110000,1627543073060,36.94,mobservice1,login_failure,mobservice2,2
gaia-v3-15253,reconstruction,test-pred-002088,1627543350000,1627543311630,38.37,mobservice2,login_failure,mobservice1,2
gaia-v3-15578,reconstruction,test-pred-002089,1627543410000,1627543370031,39.969,mobservice1,login_failure,mobservice2,2
gaia-v3-15254,reconstruction,test-pred-002090,1627543470000,1627543453719,16.281,mobservice2,login_failure,mobservice2,1
gaia-v3-15255,reconstruction,test-pred-002091,1627543560000,1627543544187,15.813,mobservice2,login_failure,mobservice1,2
gaia-v3-15256,reconstruction,test-pred-002092,1627543710000,1627543697311,12.689,mobservice2,login_failure,mobservice1,4
gaia-v3-15257,reconstruction,test-pred-002093,1627544010000,1627543987997,22.003,mobservice2,login_failure,mobservice2,1
gaia-v3-15579,reconstruction,test-pred-002094,1627544220000,1627544200845,19.155,mobservice1,login_failure,mobservice1,1
gaia-v3-15580,reconstruction,test-pred-002095,1627544400000,1627544386417,13.583,mobservice1,login_failure,mobservice2,2
gaia-v3-15258,reconstruction,test-pred-002096,1627544550000,1627544524988,25.012,mobservice2,login_failure,mobservice2,1
gaia-v3-15259,reconstruction,test-pred-002097,1627544910000,1627544868985,41.015,mobservice2,login_failure,mobservice1,2
gaia-v3-15581,reconstruction,test-pred-002098,1627544970000,1627544952360,17.64,mobservice1,login_failure,mobservice1,1
gaia-v3-15582,reconstruction,test-pred-002099,1627545510000,1627545494973,15.027,mobservice1,login_failure,mobservice1,1
gaia-v3-15050,reconstruction,test-pred-002100,1627545630000,1627545600589,29.411,webservice2,file_moving,mobservice2,2
gaia-v3-15583,reconstruction,test-pred-002101,1627546500000,1627546463710,36.29,mobservice1,login_failure,mobservice2,2
gaia-v3-15584,reconstruction,test-pred-002102,1627546740000,1627546724955,15.045,mobservice1,login_failure,mobservice2,2
gaia-v3-15585,reconstruction,test-pred-002103,1627546980000,1627546957771,22.229,mobservice1,login_failure,mobservice2,2
gaia-v3-15586,reconstruction,test-pred-002104,1627547160000,1627547133297,26.703,mobservice1,login_failure,mobservice2,2
gaia-v3-15260,reconstruction,test-pred-002105,1627547550000,1627547523957,26.043,mobservice2,login_failure,mobservice2,1
gaia-v3-15262,reconstruction,test-pred-002106,1627547640000,1627547608799,31.201,mobservice2,login_failure,mobservice2,1
gaia-v3-15587,reconstruction,test-pred-002107,1627547910000,1627547884595,25.405,mobservice1,login_failure,mobservice2,2
gaia-v3-15264,reconstruction,test-pred-002108,1627548030000,1627547989337,40.663,mobservice2,login_failure,mobservice2,1
gaia-v3-15588,reconstruction,test-pred-002109,1627548300000,1627548272181,27.819,mobservice1,login_failure,mobservice1,1
gaia-v3-15589,reconstruction,test-pred-002110,1627548360000,1627548338545,21.455,mobservice1,login_failure,logservice1,4
gaia-v3-15265,reconstruction,test-pred-002111,1627548510000,1627548473182,36.818,mobservice2,login_failure,mobservice2,1
gaia-v3-15267,reconstruction,test-pred-002112,1627548630000,1627548603531,26.469,mobservice2,login_failure,mobservice1,2
gaia-v3-15590,reconstruction,test-pred-002113,1627548870000,1627548843415,26.585,mobservice1,login_failure,mobservice2,2
gaia-v3-15591,reconstruction,test-pred-002114,1627549020000,1627548995925,24.075,mobservice1,login_failure,mobservice1,1
gaia-v3-15270,reconstruction,test-pred-002115,1627549260000,1627549238963,21.037,mobservice2,login_failure,mobservice1,2
gaia-v3-15271,reconstruction,test-pred-002116,1627549590000,1627549568065,21.935,mobservice2,login_failure,mobservice1,2
gaia-v3-15594,reconstruction,test-pred-002117,1627549680000,1627549670449,9.551,mobservice1,login_failure,mobservice1,1
gaia-v3-15272,reconstruction,test-pred-002118,1627549830000,1627549796035,33.965,mobservice2,login_failure,mobservice1,2
gaia-v3-15273,reconstruction,test-pred-002119,1627549950000,1627549924773,25.227,mobservice2,login_failure,mobservice2,1
gaia-v3-15274,reconstruction,test-pred-002120,1627550100000,1627550087304,12.696,mobservice2,login_failure,mobservice2,1
gaia-v3-15595,reconstruction,test-pred-002121,1627550280000,1627550254633,25.367,mobservice1,login_failure,mobservice1,1
gaia-v3-15596,reconstruction,test-pred-002122,1627550370000,1627550332430,37.57,mobservice1,login_failure,mobservice1,1
gaia-v3-15597,reconstruction,test-pred-002123,1627550520000,1627550485869,34.131,mobservice1,login_failure,mobservice2,2
gaia-v3-15275,reconstruction,test-pred-002124,1627550670000,1627550631838,38.162,mobservice2,login_failure,mobservice1,2
gaia-v3-15599,reconstruction,test-pred-002125,1627550850000,1627550817742,32.258,mobservice1,login_failure,mobservice2,2
gaia-v3-15600,reconstruction,test-pred-002126,1627551000000,1627550964355,35.645,mobservice1,login_failure,mobservice1,1
gaia-v3-15601,reconstruction,test-pred-002127,1627551150000,1627551134660,15.34,mobservice1,login_failure,mobservice1,1
gaia-v3-15602,reconstruction,test-pred-002128,1627551210000,1627551176734,33.266,mobservice1,login_failure,mobservice2,2
gaia-v3-15603,reconstruction,test-pred-002129,1627551420000,1627551394439,25.561,mobservice1,login_failure,mobservice1,1
gaia-v3-15276,reconstruction,test-pred-002130,1627551660000,1627551626807,33.193,mobservice2,login_failure,mobservice2,1
gaia-v3-15605,reconstruction,test-pred-002131,1627551990000,1627551974258,15.742,mobservice1,login_failure,mobservice2,2
gaia-v3-15277,reconstruction,test-pred-002132,1627552320000,1627552304006,15.994,mobservice2,login_failure,mobservice1,2
gaia-v3-15278,reconstruction,test-pred-002133,1627552500000,1627552471801,28.199,mobservice2,login_failure,mobservice2,1
gaia-v3-15279,reconstruction,test-pred-002134,1627552650000,1627552638656,11.344,mobservice2,login_failure,mobservice1,2
gaia-v3-15607,reconstruction,test-pred-002135,1627552770000,1627552738913,31.087,mobservice1,login_failure,mobservice1,1
gaia-v3-15608,reconstruction,test-pred-002136,1627553190000,1627553189091,0.909,mobservice1,login_failure,mobservice1,1
gaia-v3-15609,reconstruction,test-pred-002137,1627553310000,1627553293466,16.534,mobservice1,login_failure,mobservice2,2
gaia-v3-15282,reconstruction,test-pred-002138,1627553430000,1627553416738,13.262,mobservice2,login_failure,mobservice1,2
gaia-v3-15610,reconstruction,test-pred-002139,1627553490000,1627553461211,28.789,mobservice1,login_failure,mobservice2,2
gaia-v3-15283,reconstruction,test-pred-002140,1627553550000,1627553531953,18.047,mobservice2,login_failure,mobservice1,2
gaia-v3-15611,reconstruction,test-pred-002141,1627553700000,1627553667242,32.758,mobservice1,login_failure,mobservice1,1
gaia-v3-15284,reconstruction,test-pred-002142,1627553970000,1627553936084,33.916,mobservice2,login_failure,mobservice1,2
gaia-v3-15285,reconstruction,test-pred-002143,1627554210000,1627554186354,23.646,mobservice2,login_failure,mobservice2,1
gaia-v3-15286,reconstruction,test-pred-002144,1627554540000,1627554503019,36.981,mobservice2,login_failure,mobservice1,2
gaia-v3-15612,reconstruction,test-pred-002145,1627554720000,1627554683126,36.874,mobservice1,login_failure,mobservice2,2
gaia-v3-15287,reconstruction,test-pred-002146,1627554780000,1627554759043,20.957,mobservice2,login_failure,mobservice1,2
gaia-v3-15289,reconstruction,test-pred-002147,1627555470000,1627555464253,5.747,mobservice2,login_failure,mobservice2,1
gaia-v3-15291,reconstruction,test-pred-002148,1627555590000,1627555559885,30.115,mobservice2,login_failure,mobservice2,1
gaia-v3-15292,reconstruction,test-pred-002149,1627555680000,1627555662936,17.064,mobservice2,login_failure,mobservice1,4
gaia-v3-15613,reconstruction,test-pred-002150,1627555860000,1627555848382,11.618,mobservice1,login_failure,mobservice1,1
gaia-v3-15615,reconstruction,test-pred-002151,1627556010000,1627555988707,21.293,mobservice1,login_failure,mobservice1,1
gaia-v3-15616,reconstruction,test-pred-002152,1627556160000,1627556124479,35.521,mobservice1,login_failure,mobservice1,1
gaia-v3-15293,reconstruction,test-pred-002153,1627556280000,1627556241045,38.955,mobservice2,login_failure,mobservice2,1
gaia-v3-15294,reconstruction,test-pred-002154,1627556460000,1627556432587,27.413,mobservice2,login_failure,mobservice2,1
gaia-v3-15295,reconstruction,test-pred-002155,1627556880000,1627556839459,40.541,mobservice2,login_failure,mobservice1,2
gaia-v3-15617,reconstruction,test-pred-002156,1627557360000,1627557339014,20.986,mobservice1,login_failure,mobservice2,5
gaia-v3-15296,reconstruction,test-pred-002157,1627557480000,1627557465856,14.144,mobservice2,login_failure,mobservice1,3
gaia-v3-15618,reconstruction,test-pred-002158,1627557660000,1627557643246,16.754,mobservice1,login_failure,mobservice1,1
gaia-v3-15297,reconstruction,test-pred-002159,1627557750000,1627557730151,19.849,mobservice2,login_failure,mobservice1,2
gaia-v3-15298,reconstruction,test-pred-002161,1627557930000,1627557901302,28.698,mobservice2,login_failure,mobservice2,1
gaia-v3-15299,reconstruction,test-pred-002162,1627558080000,1627558058096,21.904,mobservice2,login_failure,mobservice1,2
gaia-v3-15301,reconstruction,test-pred-002163,1627558200000,1627558188614,11.386,mobservice2,login_failure,mobservice2,1
gaia-v3-15621,reconstruction,test-pred-002164,1627558410000,1627558374907,35.093,mobservice1,login_failure,mobservice1,1
gaia-v3-15622,reconstruction,test-pred-002165,1627558500000,1627558473325,26.675,mobservice1,login_failure,webservice2,3
gaia-v3-15623,reconstruction,test-pred-002166,1627558830000,1627558792927,37.073,mobservice1,login_failure,mobservice2,2
gaia-v3-15624,reconstruction,test-pred-002167,1627559100000,1627559073460,26.54,mobservice1,login_failure,mobservice2,2
gaia-v3-15302,reconstruction,test-pred-002168,1627559280000,1627559267615,12.385,mobservice2,login_failure,mobservice1,2
gaia-v3-15303,reconstruction,test-pred-002169,1627559490000,1627559453551,36.449,mobservice2,login_failure,mobservice2,1
gaia-v3-15626,reconstruction,test-pred-002170,1627559730000,1627559728417,1.583,mobservice1,login_failure,mobservice1,1
gaia-v3-15628,reconstruction,test-pred-002171,1627559880000,1627559841288,38.712,mobservice1,login_failure,mobservice2,2
gaia-v3-15304,reconstruction,test-pred-002172,1627559940000,1627559924675,15.325,mobservice2,login_failure,mobservice2,1
gaia-v3-15305,reconstruction,test-pred-002173,1627560000000,1627559969030,30.97,mobservice2,login_failure,mobservice2,1
gaia-v3-15630,reconstruction,test-pred-002174,1627560360000,1627560345343,14.657,mobservice1,login_failure,mobservice2,3
gaia-v3-15306,reconstruction,test-pred-002175,1627560420000,1627560384110,35.89,mobservice2,login_failure,mobservice2,1
gaia-v3-15307,reconstruction,test-pred-002176,1627560510000,1627560488588,21.412,mobservice2,login_failure,mobservice1,2
gaia-v3-15631,reconstruction,test-pred-002177,1627561020000,1627561002473,17.527,mobservice1,login_failure,mobservice1,1
gaia-v3-15632,reconstruction,test-pred-002178,1627561170000,1627561156815,13.185,mobservice1,login_failure,mobservice2,2
gaia-v3-15308,reconstruction,test-pred-002179,1627561470000,1627561455161,14.839,mobservice2,login_failure,mobservice1,2
gaia-v3-15309,reconstruction,test-pred-002180,1627561710000,1627561678690,31.31,mobservice2,login_failure,mobservice1,2
gaia-v3-15310,reconstruction,test-pred-002181,1627561830000,1627561809563,20.437,mobservice2,login_failure,mobservice1,2
gaia-v3-15313,reconstruction,test-pred-002182,1627561950000,1627561941091,8.909,mobservice2,login_failure,mobservice2,1
gaia-v3-15315,reconstruction,test-pred-002183,1627562100000,1627562081165,18.835,mobservice2,login_failure,mobservice2,1
gaia-v3-15316,reconstruction,test-pred-002184,1627562190000,1627562165850,24.15,mobservice2,login_failure,mobservice1,3
gaia-v3-15636,reconstruction,test-pred-002185,1627562310000,1627562303744,6.256,mobservice1,login_failure,mobservice1,1
gaia-v3-15637,reconstruction,test-pred-002186,1627563150000,1627563128723,21.277,mobservice1,login_failure,mobservice2,4
gaia-v3-15638,reconstruction,test-pred-002187,1627563390000,1627563370404,19.596,mobservice1,login_failure,mobservice2,2
gaia-v3-15639,reconstruction,test-pred-002188,1627563780000,1627563763531,16.469,mobservice1,login_failure,mobservice1,1
gaia-v3-15640,reconstruction,test-pred-002189,1627563870000,1627563831998,38.002,mobservice1,login_failure,mobservice2,2
gaia-v3-15317,reconstruction,test-pred-002190,1627563930000,1627563902223,27.777,mobservice2,login_failure,mobservice1,2
gaia-v3-15641,reconstruction,test-pred-002191,1627564020000,1627563979264,40.736,mobservice1,login_failure,mobservice2,2
gaia-v3-15318,reconstruction,test-pred-002192,1627564080000,1627564042606,37.394,mobservice2,login_failure,mobservice2,1
gaia-v3-15320,reconstruction,test-pred-002193,1627564200000,1627564174263,25.737,mobservice2,login_failure,mobservice1,2
gaia-v3-15644,reconstruction,test-pred-002194,1627564290000,1627564284223,5.777,mobservice1,login_failure,mobservice1,1
gaia-v3-15645,reconstruction,test-pred-002195,1627564440000,1627564409301,30.699,mobservice1,login_failure,mobservice1,1
gaia-v3-15646,reconstruction,test-pred-002196,1627564500000,1627564472709,27.291,mobservice1,login_failure,mobservice2,3
gaia-v3-15321,reconstruction,test-pred-002197,1627564650000,1627564635143,14.857,mobservice2,login_failure,mobservice2,1
gaia-v3-15647,reconstruction,test-pred-002198,1627564800000,1627564768144,31.856,mobservice1,login_failure,mobservice1,1
gaia-v3-15648,reconstruction,test-pred-002199,1627564920000,1627564894148,25.852,mobservice1,login_failure,mobservice1,1
gaia-v3-15649,reconstruction,test-pred-002200,1627564980000,1627564952703,27.297,mobservice1,login_failure,mobservice2,2
gaia-v3-15650,reconstruction,test-pred-002201,1627565310000,1627565277616,32.384,mobservice1,login_failure,mobservice1,1
gaia-v3-15651,reconstruction,test-pred-002202,1627565430000,1627565395027,34.973,mobservice1,login_failure,mobservice2,2
gaia-v3-15322,reconstruction,test-pred-002203,1627565520000,1627565496019,23.981,mobservice2,login_failure,mobservice2,1
gaia-v3-15323,reconstruction,test-pred-002204,1627565700000,1627565679584,20.416,mobservice2,login_failure,mobservice1,5
gaia-v3-15652,reconstruction,test-pred-002205,1627565820000,1627565791589,28.411,mobservice1,login_failure,mobservice1,1
gaia-v3-15324,reconstruction,test-pred-002206,1627566000000,1627565981715,18.285,mobservice2,login_failure,mobservice2,1
gaia-v3-15654,reconstruction,test-pred-002207,1627566210000,1627566184979,25.021,mobservice1,login_failure,mobservice1,1
gaia-v3-15655,reconstruction,test-pred-002208,1627566270000,1627566253414,16.586,mobservice1,login_failure,mobservice1,1
gaia-v3-15656,reconstruction,test-pred-002209,1627566360000,1627566327374,32.626,mobservice1,login_failure,mobservice1,1
gaia-v3-15657,reconstruction,test-pred-002210,1627566420000,1627566390875,29.125,mobservice1,login_failure,mobservice2,2
gaia-v3-15044,reconstruction,test-pred-002211,1627566510000,1627566497750,12.25,dbservice2,memory_anomalies,mobservice2,4
gaia-v3-15658,reconstruction,test-pred-002212,1627566780000,1627566758180,21.82,mobservice1,login_failure,mobservice2,2
gaia-v3-15326,reconstruction,test-pred-002213,1627567170000,1627567138195,31.805,mobservice2,login_failure,mobservice2,1
gaia-v3-15327,reconstruction,test-pred-002214,1627567290000,1627567277383,12.617,mobservice2,login_failure,mobservice1,2
gaia-v3-15659,reconstruction,test-pred-002215,1627567410000,1627567395788,14.212,mobservice1,login_failure,mobservice1,1
gaia-v3-15660,reconstruction,test-pred-002216,1627567470000,1627567438184,31.816,mobservice1,login_failure,mobservice2,3
gaia-v3-15661,reconstruction,test-pred-002217,1627567770000,1627567757979,12.021,mobservice1,login_failure,mobservice2,2
gaia-v3-15328,reconstruction,test-pred-002218,1627567890000,1627567871179,18.821,mobservice2,login_failure,mobservice2,1
gaia-v3-15329,reconstruction,test-pred-002219,1627568280000,1627568264494,15.506,mobservice2,login_failure,mobservice1,2
gaia-v3-15662,reconstruction,test-pred-002220,1627568340000,1627568323390,16.61,mobservice1,login_failure,mobservice2,2
gaia-v3-15330,reconstruction,test-pred-002221,1627568400000,1627568376458,23.542,mobservice2,login_failure,mobservice1,2
gaia-v3-15663,reconstruction,test-pred-002222,1627568520000,1627568480212,39.788,mobservice1,login_failure,mobservice2,2
gaia-v3-15331,reconstruction,test-pred-002223,1627568580000,1627568543287,36.713,mobservice2,login_failure,mobservice1,2
gaia-v3-15664,reconstruction,test-pred-002224,1627568730000,1627568710510,19.49,mobservice1,login_failure,mobservice1,1
gaia-v3-15665,reconstruction,test-pred-002225,1627569360000,1627569324223,35.777,mobservice1,login_failure,mobservice2,3
gaia-v3-15666,reconstruction,test-pred-002226,1627569750000,1627569737647,12.353,mobservice1,login_failure,mobservice2,4
gaia-v3-15333,reconstruction,test-pred-002227,1627570170000,1627570139778,30.222,mobservice2,login_failure,mobservice2,1
gaia-v3-15334,reconstruction,test-pred-002228,1627570260000,1627570241068,18.932,mobservice2,login_failure,mobservice1,2
gaia-v3-15667,reconstruction,test-pred-002229,1627570380000,1627570363132,16.868,mobservice1,login_failure,mobservice2,2
gaia-v3-15335,reconstruction,test-pred-002230,1627570440000,1627570412425,27.575,mobservice2,login_failure,mobservice1,3
gaia-v3-15336,reconstruction,test-pred-002231,1627570530000,1627570526721,3.279,mobservice2,login_failure,mobservice2,1
gaia-v3-15337,reconstruction,test-pred-002232,1627570740000,1627570725239,14.761,mobservice2,login_failure,mobservice1,3
gaia-v3-15669,reconstruction,test-pred-002233,1627570860000,1627570832355,27.645,mobservice1,login_failure,mobservice1,1
gaia-v3-15338,reconstruction,test-pred-002234,1627570950000,1627570937383,12.617,mobservice2,login_failure,mobservice1,2
gaia-v3-15670,reconstruction,test-pred-002235,1627571070000,1627571028977,41.023,mobservice1,login_failure,mobservice2,2
gaia-v3-15339,reconstruction,test-pred-002236,1627571160000,1627571123684,36.316,mobservice2,login_failure,mobservice1,2
gaia-v3-15671,reconstruction,test-pred-002237,1627571280000,1627571268610,11.39,mobservice1,login_failure,mobservice2,2
gaia-v3-15340,reconstruction,test-pred-002238,1627571400000,1627571371869,28.131,mobservice2,login_failure,mobservice1,2
gaia-v3-15342,reconstruction,test-pred-002239,1627571610000,1627571595641,14.359,mobservice2,login_failure,mobservice2,1
gaia-v3-15343,reconstruction,test-pred-002240,1627571700000,1627571667655,32.345,mobservice2,login_failure,mobservice2,1
gaia-v3-15344,reconstruction,test-pred-002241,1627571790000,1627571772927,17.073,mobservice2,login_failure,mobservice2,1
gaia-v3-15345,reconstruction,test-pred-002242,1627571880000,1627571840987,39.013,mobservice2,login_failure,mobservice1,6
gaia-v3-15346,reconstruction,test-pred-002243,1627571940000,1627571907220,32.78,mobservice2,login_failure,webservice1,3
gaia-v3-15672,reconstruction,test-pred-002244,1627572030000,1627572012069,17.931,mobservice1,login_failure,mobservice1,1
gaia-v3-15347,reconstruction,test-pred-002245,1627572150000,1627572144542,5.458,mobservice2,login_failure,mobservice2,1
gaia-v3-15675,reconstruction,test-pred-002246,1627572360000,1627572340310,19.69,mobservice1,login_failure,mobservice1,1
gaia-v3-15348,reconstruction,test-pred-002247,1627572780000,1627572739423,40.577,mobservice2,login_failure,mobservice2,1
gaia-v3-15677,reconstruction,test-pred-002248,1627573080000,1627573047065,32.935,mobservice1,login_failure,mobservice2,2
gaia-v3-15678,reconstruction,test-pred-002249,1627573200000,1627573187247,12.753,mobservice1,login_failure,mobservice1,1
gaia-v3-15679,reconstruction,test-pred-002250,1627573290000,1627573271765,18.235,mobservice1,login_failure,mobservice1,1
gaia-v3-15349,reconstruction,test-pred-002251,1627573380000,1627573370395,9.605,mobservice2,login_failure,mobservice2,1
gaia-v3-15350,reconstruction,test-pred-002252,1627573470000,1627573446302,23.698,mobservice2,login_failure,mobservice2,1
gaia-v3-15351,reconstruction,test-pred-002253,1627573590000,1627573577855,12.145,mobservice2,login_failure,mobservice1,2
gaia-v3-15353,reconstruction,test-pred-002254,1627573890000,1627573861837,28.163,mobservice2,login_failure,mobservice1,2
gaia-v3-15354,reconstruction,test-pred-002255,1627574040000,1627574011035,28.965,mobservice2,login_failure,mobservice2,1
gaia-v3-15355,reconstruction,test-pred-002256,1627574250000,1627574221013,28.987,mobservice2,login_failure,mobservice1,2
gaia-v3-15681,reconstruction,test-pred-002257,1627574310000,1627574278897,31.103,mobservice1,login_failure,mobservice2,2
gaia-v3-16048,reconstruction,test-pred-002258,1627574520000,1627574499923,20.077,mobservice1,login_failure,mobservice2,2
gaia-v3-16049,reconstruction,test-pred-002259,1627574700000,1627574689843,10.157,mobservice1,login_failure,mobservice1,1
gaia-v3-16050,reconstruction,test-pred-002260,1627574790000,1627574770295,19.705,mobservice1,login_failure,mobservice2,2
gaia-v3-15728,reconstruction,test-pred-002261,1627575150000,1627575113882,36.118,mobservice2,login_failure,mobservice1,2
gaia-v3-15730,reconstruction,test-pred-002262,1627575540000,1627575511504,28.496,mobservice2,login_failure,mobservice1,2
gaia-v3-16052,reconstruction,test-pred-002263,1627575720000,1627575681390,38.61,mobservice1,login_failure,mobservice2,3
gaia-v3-15732,reconstruction,test-pred-002264,1627575780000,1627575763474,16.526,mobservice2,login_failure,mobservice1,2
gaia-v3-16053,reconstruction,test-pred-002265,1627575930000,1627575892451,37.549,mobservice1,login_failure,mobservice1,1
gaia-v3-16054,reconstruction,test-pred-002266,1627576020000,1627575989028,30.972,mobservice1,login_failure,mobservice2,2
gaia-v3-15733,reconstruction,test-pred-002267,1627576170000,1627576155084,14.916,mobservice2,login_failure,mobservice1,2
gaia-v3-16055,reconstruction,test-pred-002268,1627576320000,1627576288098,31.902,mobservice1,login_failure,mobservice2,2
gaia-v3-16057,reconstruction,test-pred-002269,1627576770000,1627576737382,32.618,mobservice1,login_failure,mobservice2,2
gaia-v3-16058,reconstruction,test-pred-002270,1627577070000,1627577044129,25.871,mobservice1,login_failure,mobservice2,2
gaia-v3-16059,reconstruction,test-pred-002271,1627577550000,1627577538234,11.766,mobservice1,login_failure,mobservice2,2
gaia-v3-15736,reconstruction,test-pred-002272,1627577610000,1627577575523,34.477,mobservice2,login_failure,mobservice2,1
gaia-v3-15737,reconstruction,test-pred-002273,1627577970000,1627577966580,3.42,mobservice2,login_failure,mobservice2,1
gaia-v3-16063,reconstruction,test-pred-002274,1627578900000,1627578875451,24.549,mobservice1,login_failure,mobservice2,2
gaia-v3-15738,reconstruction,test-pred-002275,1627578960000,1627578932673,27.327,mobservice2,login_failure,mobservice1,2
gaia-v3-15739,reconstruction,test-pred-002276,1627579020000,1627578994602,25.398,mobservice2,login_failure,mobservice1,2
gaia-v3-15740,reconstruction,test-pred-002277,1627579140000,1627579122898,17.102,mobservice2,login_failure,mobservice2,1
gaia-v3-15741,reconstruction,test-pred-002278,1627579230000,1627579191051,38.949,mobservice2,login_failure,mobservice2,1
gaia-v3-15742,reconstruction,test-pred-002279,1627579290000,1627579261516,28.484,mobservice2,login_failure,mobservice1,2
gaia-v3-15744,reconstruction,test-pred-002280,1627579380000,1627579369125,10.875,mobservice2,login_failure,mobservice1,2
gaia-v3-15745,reconstruction,test-pred-002281,1627579620000,1627579579614,40.386,mobservice2,login_failure,mobservice1,2
gaia-v3-16067,reconstruction,test-pred-002282,1627579800000,1627579773280,26.72,mobservice1,login_failure,mobservice1,1
gaia-v3-15747,reconstruction,test-pred-002283,1627580250000,1627580212823,37.177,mobservice2,login_failure,mobservice2,1
gaia-v3-16068,reconstruction,test-pred-002284,1627580370000,1627580351881,18.119,mobservice1,login_failure,mobservice1,1
gaia-v3-16069,reconstruction,test-pred-002285,1627580520000,1627580479243,40.757,mobservice1,login_failure,mobservice2,2
gaia-v3-15749,reconstruction,test-pred-002286,1627580640000,1627580625258,14.742,mobservice2,login_failure,mobservice1,2
gaia-v3-15750,reconstruction,test-pred-002287,1627580820000,1627580797080,22.92,mobservice2,login_failure,mobservice2,1
gaia-v3-15751,reconstruction,test-pred-002288,1627581000000,1627580970491,29.509,mobservice2,login_failure,mobservice1,2
gaia-v3-16070,reconstruction,test-pred-002289,1627581060000,1627581048195,11.805,mobservice1,login_failure,mobservice1,1
gaia-v3-15752,reconstruction,test-pred-002290,1627581240000,1627581207468,32.532,mobservice2,login_failure,mobservice1,2
gaia-v3-16071,reconstruction,test-pred-002291,1627581390000,1627581351963,38.037,mobservice1,login_failure,mobservice1,1
gaia-v3-16072,reconstruction,test-pred-002292,1627581450000,1627581421845,28.155,mobservice1,login_failure,mobservice1,1
gaia-v3-16073,reconstruction,test-pred-002293,1627581510000,1627581487799,22.201,mobservice1,login_failure,mobservice2,2
gaia-v3-15753,reconstruction,test-pred-002294,1627581630000,1627581615122,14.878,mobservice2,login_failure,mobservice1,2
gaia-v3-15754,reconstruction,test-pred-002295,1627581900000,1627581891763,8.237,mobservice2,login_failure,mobservice1,2
gaia-v3-16075,reconstruction,test-pred-002296,1627582050000,1627582030648,19.352,mobservice1,login_failure,mobservice2,3
gaia-v3-15755,reconstruction,test-pred-002297,1627582110000,1627582083543,26.457,mobservice2,login_failure,mobservice2,1
gaia-v3-15757,reconstruction,test-pred-002298,1627582200000,1627582177442,22.558,mobservice2,login_failure,mobservice1,2
gaia-v3-16076,reconstruction,test-pred-002299,1627582320000,1627582293762,26.238,mobservice1,login_failure,mobservice2,2
gaia-v3-15758,reconstruction,test-pred-002300,1627582380000,1627582343731,36.269,mobservice2,login_failure,mobservice1,2
gaia-v3-16077,reconstruction,test-pred-002301,1627582440000,1627582418989,21.011,mobservice1,login_failure,redisservice1,6
gaia-v3-15759,reconstruction,test-pred-002302,1627582710000,1627582694735,15.265,mobservice2,login_failure,mobservice2,1
gaia-v3-15760,reconstruction,test-pred-002303,1627582860000,1627582846970,13.03,mobservice2,login_failure,mobservice1,2
gaia-v3-16080,reconstruction,test-pred-002304,1627582950000,1627582940102,9.898,mobservice1,login_failure,mobservice1,1
gaia-v3-15765,reconstruction,test-pred-002305,1627583040000,1627583019340,20.66,mobservice2,login_failure,mobservice1,2
gaia-v3-15766,reconstruction,test-pred-002306,1627583100000,1627583077020,22.98,mobservice2,login_failure,mobservice1,2
gaia-v3-16081,reconstruction,test-pred-002307,1627583190000,1627583173263,16.737,mobservice1,login_failure,mobservice1,1
gaia-v3-15767,reconstruction,test-pred-002308,1627583490000,1627583464881,25.119,mobservice2,login_failure,mobservice1,2
gaia-v3-15769,reconstruction,test-pred-002309,1627583670000,1627583664291,5.709,mobservice2,login_failure,mobservice2,1
gaia-v3-15770,reconstruction,test-pred-002310,1627583790000,1627583758817,31.183,mobservice2,login_failure,mobservice1,2
gaia-v3-15771,reconstruction,test-pred-002311,1627583880000,1627583853039,26.961,mobservice2,login_failure,mobservice1,2
gaia-v3-16085,reconstruction,test-pred-002312,1627584420000,1627584405121,14.879,mobservice1,login_failure,mobservice1,1
gaia-v3-16086,reconstruction,test-pred-002313,1627584540000,1627584518217,21.783,mobservice1,login_failure,mobservice1,1
gaia-v3-16088,reconstruction,test-pred-002314,1627584600000,1627584586663,13.337,mobservice1,login_failure,mobservice2,2
gaia-v3-15772,reconstruction,test-pred-002315,1627584690000,1627584661269,28.731,mobservice2,login_failure,mobservice2,1
gaia-v3-16089,reconstruction,test-pred-002316,1627584810000,1627584796126,13.874,mobservice1,login_failure,mobservice2,4
gaia-v3-15773,reconstruction,test-pred-002317,1627584900000,1627584873697,26.303,mobservice2,login_failure,mobservice1,2
gaia-v3-16091,reconstruction,test-pred-002318,1627584960000,1627584958111,1.889,mobservice1,login_failure,mobservice1,1
gaia-v3-16092,reconstruction,test-pred-002319,1627585050000,1627585027981,22.019,mobservice1,login_failure,mobservice2,2
gaia-v3-16093,reconstruction,test-pred-002320,1627585230000,1627585202849,27.151,mobservice1,login_failure,dbservice2,3
gaia-v3-15774,reconstruction,test-pred-002321,1627585500000,1627585485351,14.649,mobservice2,login_failure,mobservice2,1
gaia-v3-15775,reconstruction,test-pred-002322,1627585680000,1627585649421,30.579,mobservice2,login_failure,mobservice1,2
gaia-v3-15777,reconstruction,test-pred-002323,1627586190000,1627586185401,4.599,mobservice2,login_failure,mobservice2,1
gaia-v3-15778,reconstruction,test-pred-002324,1627586340000,1627586307239,32.761,mobservice2,login_failure,mobservice2,1
gaia-v3-15779,reconstruction,test-pred-002325,1627586700000,1627586676777,23.223,mobservice2,login_failure,mobservice2,1
gaia-v3-15780,reconstruction,test-pred-002326,1627586850000,1627586825299,24.701,mobservice2,login_failure,mobservice2,1
gaia-v3-15781,reconstruction,test-pred-002327,1627587000000,1627586969766,30.234,mobservice2,login_failure,mobservice1,2
gaia-v3-15782,reconstruction,test-pred-002328,1627587240000,1627587212709,27.291,mobservice2,login_failure,mobservice2,1
gaia-v3-15783,reconstruction,test-pred-002329,1627587360000,1627587334924,25.076,mobservice2,login_failure,mobservice1,2
gaia-v3-16094,reconstruction,test-pred-002330,1627587540000,1627587508018,31.982,mobservice1,login_failure,mobservice2,2
gaia-v3-16098,reconstruction,test-pred-002331,1627588140000,1627588117706,22.294,mobservice1,login_failure,mobservice1,1
gaia-v3-16099,reconstruction,test-pred-002332,1627588350000,1627588312083,37.917,mobservice1,login_failure,mobservice2,3
gaia-v3-16100,reconstruction,test-pred-002333,1627588680000,1627588664118,15.882,mobservice1,login_failure,redisservice2,3
gaia-v3-15787,reconstruction,test-pred-002334,1627588860000,1627588823410,36.59,mobservice2,login_failure,mobservice2,1
gaia-v3-15788,reconstruction,test-pred-002335,1627588920000,1627588880884,39.116,mobservice2,login_failure,mobservice2,1
gaia-v3-15789,reconstruction,test-pred-002336,1627589040000,1627589021138,18.862,mobservice2,login_failure,mobservice1,2
gaia-v3-16102,reconstruction,test-pred-002337,1627589520000,1627589501444,18.556,mobservice1,login_failure,mobservice2,2
gaia-v3-15791,reconstruction,test-pred-002338,1627590150000,1627590149267,0.733,mobservice2,login_failure,mobservice2,1
gaia-v3-16105,reconstruction,test-pred-002339,1627590360000,1627590342337,17.663,mobservice1,login_failure,mobservice2,2
gaia-v3-16106,reconstruction,test-pred-002340,1627590630000,1627590607664,22.336,mobservice1,login_failure,mobservice2,2
gaia-v3-15792,reconstruction,test-pred-002341,1627590780000,1627590749897,30.103,mobservice2,login_failure,mobservice2,1
gaia-v3-16108,reconstruction,test-pred-002342,1627591080000,1627591056523,23.477,mobservice1,login_failure,mobservice1,1
gaia-v3-15793,reconstruction,test-pred-002343,1627591260000,1627591223550,36.45,mobservice2,login_failure,mobservice2,1
gaia-v3-15794,reconstruction,test-pred-002344,1627591320000,1627591306546,13.454,mobservice2,login_failure,mobservice1,2
gaia-v3-16109,reconstruction,test-pred-002345,1627591530000,1627591490281,39.719,mobservice1,login_failure,mobservice2,2
gaia-v3-15795,reconstruction,test-pred-002346,1627591590000,1627591558891,31.109,mobservice2,login_failure,mobservice2,1
gaia-v3-15796,reconstruction,test-pred-002347,1627591680000,1627591648294,31.706,mobservice2,login_failure,mobservice2,1
gaia-v3-16110,reconstruction,test-pred-002348,1627591950000,1627591922905,27.095,mobservice1,login_failure,mobservice2,2
gaia-v3-15797,reconstruction,test-pred-002349,1627592010000,1627591979358,30.642,mobservice2,login_failure,webservice1,3
gaia-v3-15798,reconstruction,test-pred-002350,1627592400000,1627592372106,27.894,mobservice2,login_failure,mobservice2,1
gaia-v3-15799,reconstruction,test-pred-002351,1627592550000,1627592524354,25.646,mobservice2,login_failure,mobservice2,1
gaia-v3-16111,reconstruction,test-pred-002352,1627592700000,1627592678525,21.475,mobservice1,login_failure,mobservice1,1
gaia-v3-16112,reconstruction,test-pred-002353,1627592850000,1627592816947,33.053,mobservice1,login_failure,mobservice2,2
gaia-v3-16113,reconstruction,test-pred-002354,1627593060000,1627593022819,37.181,mobservice1,login_failure,mobservice1,1
gaia-v3-16114,reconstruction,test-pred-002355,1627593660000,1627593621923,38.077,mobservice1,login_failure,mobservice2,2
gaia-v3-15800,reconstruction,test-pred-002356,1627593750000,1627593734257,15.743,mobservice2,login_failure,mobservice1,2
gaia-v3-16115,reconstruction,test-pred-002357,1627593870000,1627593852558,17.442,mobservice1,login_failure,mobservice2,3
gaia-v3-15801,reconstruction,test-pred-002358,1627594110000,1627594078450,31.55,mobservice2,login_failure,mobservice2,1
gaia-v3-15802,reconstruction,test-pred-002359,1627594170000,1627594150638,19.362,mobservice2,login_failure,mobservice1,4
gaia-v3-15803,reconstruction,test-pred-002360,1627594470000,1627594441854,28.146,mobservice2,login_failure,logservice2,2
gaia-v3-16118,reconstruction,test-pred-002361,1627594800000,1627594791907,8.093,mobservice1,login_failure,mobservice1,1
gaia-v3-15804,reconstruction,test-pred-002362,1627594920000,1627594902110,17.89,mobservice2,login_failure,mobservice1,3
gaia-v3-16119,reconstruction,test-pred-002363,1627595130000,1627595103189,26.811,mobservice1,login_failure,mobservice2,2
gaia-v3-15806,reconstruction,test-pred-002364,1627595220000,1627595204708,15.292,mobservice2,login_failure,mobservice1,5
gaia-v3-15807,reconstruction,test-pred-002365,1627595520000,1627595488071,31.929,mobservice2,login_failure,mobservice1,2
gaia-v3-16120,reconstruction,test-pred-002366,1627595610000,1627595597797,12.203,mobservice1,login_failure,mobservice1,1
gaia-v3-16121,reconstruction,test-pred-002367,1627595760000,1627595726806,33.194,mobservice1,login_failure,mobservice2,2
gaia-v3-15808,reconstruction,test-pred-002368,1627595850000,1627595818016,31.984,mobservice2,login_failure,mobservice2,1
gaia-v3-15809,reconstruction,test-pred-002369,1627595910000,1627595879506,30.494,mobservice2,login_failure,mobservice2,1
gaia-v3-15810,reconstruction,test-pred-002370,1627596000000,1627595980167,19.833,mobservice2,login_failure,mobservice1,2
gaia-v3-16122,reconstruction,test-pred-002371,1627596150000,1627596112632,37.368,mobservice1,login_failure,mobservice1,1
gaia-v3-16123,reconstruction,test-pred-002372,1627596210000,1627596185354,24.646,mobservice1,login_failure,mobservice2,2
gaia-v3-15812,reconstruction,test-pred-002373,1627596660000,1627596644220,15.78,mobservice2,login_failure,mobservice1,3
gaia-v3-16124,reconstruction,test-pred-002374,1627596810000,1627596771550,38.45,mobservice1,login_failure,mobservice1,1
gaia-v3-15814,reconstruction,test-pred-002375,1627597050000,1627597020551,29.449,mobservice2,login_failure,mobservice2,1
gaia-v3-16126,reconstruction,test-pred-002376,1627597500000,1627597480537,19.463,mobservice1,login_failure,mobservice2,2
gaia-v3-15815,reconstruction,test-pred-002377,1627597560000,1627597531718,28.282,mobservice2,login_failure,mobservice1,2
gaia-v3-16127,reconstruction,test-pred-002378,1627597650000,1627597628412,21.588,mobservice1,login_failure,dbservice1,4
gaia-v3-16128,reconstruction,test-pred-002379,1627597950000,1627597917607,32.393,mobservice1,login_failure,mobservice2,2
gaia-v3-15816,reconstruction,test-pred-002380,1627598070000,1627598056520,13.48,mobservice2,login_failure,mobservice2,1
gaia-v3-16129,reconstruction,test-pred-002381,1627598550000,1627598524901,25.099,mobservice1,login_failure,mobservice2,2
gaia-v3-15818,reconstruction,test-pred-002382,1627598610000,1627598596858,13.142,mobservice2,login_failure,mobservice1,2
gaia-v3-16130,reconstruction,test-pred-002383,1627598700000,1627598685938,14.062,mobservice1,login_failure,mobservice1,1
gaia-v3-16132,reconstruction,test-pred-002384,1627598910000,1627598894140,15.86,mobservice1,login_failure,mobservice2,2
gaia-v3-16133,reconstruction,test-pred-002385,1627599000000,1627598989548,10.452,mobservice1,login_failure,mobservice1,1
gaia-v3-15820,reconstruction,test-pred-002386,1627599090000,1627599055874,34.126,mobservice2,login_failure,mobservice2,1
gaia-v3-16134,reconstruction,test-pred-002387,1627599150000,1627599113596,36.404,mobservice1,login_failure,dbservice2,3
gaia-v3-16135,reconstruction,test-pred-002388,1627599390000,1627599377481,12.519,mobservice1,login_failure,mobservice1,1
gaia-v3-16136,reconstruction,test-pred-002389,1627599540000,1627599526137,13.863,mobservice1,login_failure,mobservice2,2
gaia-v3-15822,reconstruction,test-pred-002390,1627599750000,1627599737661,12.339,mobservice2,login_failure,mobservice1,2
gaia-v3-15823,reconstruction,test-pred-002391,1627600140000,1627600116663,23.337,mobservice2,login_failure,mobservice1,3
gaia-v3-15824,reconstruction,test-pred-002392,1627600380000,1627600363664,16.336,mobservice2,login_failure,mobservice1,4
gaia-v3-16138,reconstruction,test-pred-002393,1627600500000,1627600481418,18.582,mobservice1,login_failure,mobservice1,1
gaia-v3-15825,reconstruction,test-pred-002394,1627600680000,1627600655861,24.139,mobservice2,login_failure,mobservice2,1
gaia-v3-16139,reconstruction,test-pred-002395,1627600980000,1627600950576,29.424,mobservice1,login_failure,mobservice2,2
gaia-v3-15826,reconstruction,test-pred-002396,1627601100000,1627601087019,12.981,mobservice2,login_failure,mobservice1,2
gaia-v3-16140,reconstruction,test-pred-002397,1627601460000,1627601444440,15.56,mobservice1,login_failure,mobservice1,1
gaia-v3-16145,reconstruction,test-pred-002398,1627601910000,1627601898399,11.601,mobservice1,login_failure,mobservice2,3
gaia-v3-16146,reconstruction,test-pred-002399,1627602150000,1627602111032,38.968,mobservice1,login_failure,mobservice1,1
gaia-v3-16147,reconstruction,test-pred-002400,1627602330000,1627602303919,26.081,mobservice1,login_failure,mobservice2,2
gaia-v3-15828,reconstruction,test-pred-002401,1627602510000,1627602498159,11.841,mobservice2,login_failure,mobservice2,1
gaia-v3-15830,reconstruction,test-pred-002402,1627602720000,1627602690464,29.536,mobservice2,login_failure,mobservice2,1
gaia-v3-15721,reconstruction,test-pred-002403,1627603230000,1627603200869,29.131,webservice2,file_moving,webservice2,1
gaia-v3-16148,reconstruction,test-pred-002404,1627604160000,1627604142795,17.205,mobservice1,login_failure,mobservice2,2
gaia-v3-16149,reconstruction,test-pred-002405,1627604550000,1627604533807,16.193,mobservice1,login_failure,mobservice1,1
gaia-v3-16151,reconstruction,test-pred-002406,1627604610000,1627604590997,19.003,mobservice1,login_failure,mobservice2,3
gaia-v3-15831,reconstruction,test-pred-002407,1627604760000,1627604734703,25.297,mobservice2,login_failure,mobservice2,1
gaia-v3-15832,reconstruction,test-pred-002408,1627605420000,1627605392881,27.119,mobservice2,login_failure,mobservice2,1
gaia-v3-15833,reconstruction,test-pred-002409,1627605510000,1627605484857,25.143,mobservice2,login_failure,mobservice1,3
gaia-v3-16152,reconstruction,test-pred-002410,1627605570000,1627605540619,29.381,mobservice1,login_failure,dbservice2,2
gaia-v3-15834,reconstruction,test-pred-002411,1627605840000,1627605824786,15.214,mobservice2,login_failure,mobservice1,2
gaia-v3-16153,reconstruction,test-pred-002412,1627605930000,1627605910149,19.851,mobservice1,login_failure,mobservice1,1
gaia-v3-16154,reconstruction,test-pred-002413,1627606020000,1627605994986,25.014,mobservice1,login_failure,mobservice1,1
gaia-v3-16156,reconstruction,test-pred-002414,1627606110000,1627606098431,11.569,mobservice1,login_failure,mobservice2,2
gaia-v3-15835,reconstruction,test-pred-002415,1627606170000,1627606157923,12.077,mobservice2,login_failure,mobservice2,1
gaia-v3-15836,reconstruction,test-pred-002416,1627606260000,1627606228093,31.907,mobservice2,login_failure,mobservice1,2
gaia-v3-15837,reconstruction,test-pred-002417,1627606380000,1627606351581,28.419,mobservice2,login_failure,mobservice2,1
gaia-v3-15838,reconstruction,test-pred-002418,1627606500000,1627606477732,22.268,mobservice2,login_failure,mobservice2,1
gaia-v3-15839,reconstruction,test-pred-002419,1627606560000,1627606530665,29.335,mobservice2,login_failure,mobservice1,2
gaia-v3-16157,reconstruction,test-pred-002420,1627606680000,1627606650434,29.566,mobservice1,login_failure,mobservice1,1
gaia-v3-16158,reconstruction,test-pred-002421,1627606770000,1627606756963,13.037,mobservice1,login_failure,mobservice1,1
gaia-v3-15840,reconstruction,test-pred-002422,1627606950000,1627606924092,25.908,mobservice2,login_failure,mobservice1,2
gaia-v3-15842,reconstruction,test-pred-002423,1627607250000,1627607229487,20.513,mobservice2,login_failure,mobservice1,2
gaia-v3-16160,reconstruction,test-pred-002424,1627607310000,1627607273999,36.001,mobservice1,login_failure,mobservice2,2
gaia-v3-15843,reconstruction,test-pred-002425,1627607370000,1627607334532,35.468,mobservice2,login_failure,mobservice1,2
gaia-v3-16161,reconstruction,test-pred-002426,1627607460000,1627607439750,20.25,mobservice1,login_failure,mobservice2,2
gaia-v3-16162,reconstruction,test-pred-002427,1627607700000,1627607667283,32.717,mobservice1,login_failure,mobservice2,2
gaia-v3-15844,reconstruction,test-pred-002428,1627607790000,1627607753575,36.425,mobservice2,login_failure,mobservice1,2
gaia-v3-16164,reconstruction,test-pred-002429,1627607910000,1627607895359,14.641,mobservice1,login_failure,mobservice2,2
gaia-v3-16165,reconstruction,test-pred-002430,1627608300000,1627608263053,36.947,mobservice1,login_failure,mobservice1,1
gaia-v3-16166,reconstruction,test-pred-002431,1627608360000,1627608322532,37.468,mobservice1,login_failure,mobservice1,1
gaia-v3-15845,reconstruction,test-pred-002432,1627608690000,1627608650403,39.597,mobservice2,login_failure,mobservice1,2
gaia-v3-15846,reconstruction,test-pred-002433,1627608870000,1627608867908,2.092,mobservice2,login_failure,mobservice2,1
gaia-v3-16169,reconstruction,test-pred-002434,1627609020000,1627608992188,27.812,mobservice1,login_failure,mobservice1,1
gaia-v3-15847,reconstruction,test-pred-002435,1627609500000,1627609485383,14.617,mobservice2,login_failure,mobservice1,2
gaia-v3-16171,reconstruction,test-pred-002436,1627609560000,1627609538030,21.97,mobservice1,login_failure,mobservice2,2
gaia-v3-15848,reconstruction,test-pred-002437,1627609650000,1627609627129,22.871,mobservice2,login_failure,mobservice2,1
gaia-v3-15849,reconstruction,test-pred-002438,1627609770000,1627609747492,22.508,mobservice2,login_failure,mobservice2,1
gaia-v3-15850,reconstruction,test-pred-002439,1627609890000,1627609864590,25.41,mobservice2,login_failure,mobservice2,1
gaia-v3-15851,reconstruction,test-pred-002440,1627609950000,1627609913988,36.012,mobservice2,login_failure,mobservice1,2
gaia-v3-15852,reconstruction,test-pred-002441,1627610400000,1627610380118,19.882,mobservice2,login_failure,mobservice2,1
gaia-v3-16172,reconstruction,test-pred-002442,1627610460000,1627610437143,22.857,mobservice1,login_failure,mobservice2,2
gaia-v3-15853,reconstruction,test-pred-002443,1627610520000,1627610482119,37.881,mobservice2,login_failure,mobservice1,3
gaia-v3-16173,reconstruction,test-pred-002444,1627610640000,1627610621867,18.133,mobservice1,login_failure,mobservice1,1
gaia-v3-15854,reconstruction,test-pred-002445,1627610820000,1627610804972,15.028,mobservice2,login_failure,mobservice2,1
gaia-v3-16174,reconstruction,test-pred-002446,1627611600000,1627611577607,22.393,mobservice1,login_failure,mobservice2,2
gaia-v3-15855,reconstruction,test-pred-002447,1627611690000,1627611673669,16.331,mobservice2,login_failure,mobservice2,1
gaia-v3-15856,reconstruction,test-pred-002448,1627611750000,1627611729703,20.297,mobservice2,login_failure,mobservice1,2
gaia-v3-15857,reconstruction,test-pred-002449,1627611960000,1627611947519,12.481,mobservice2,login_failure,dbservice1,4
gaia-v3-15858,reconstruction,test-pred-002450,1627612200000,1627612181253,18.747,mobservice2,login_failure,mobservice2,1
gaia-v3-15860,reconstruction,test-pred-002451,1627612320000,1627612291587,28.413,mobservice2,login_failure,mobservice2,1
gaia-v3-16175,reconstruction,test-pred-002452,1627612560000,1627612559312,0.688,mobservice1,login_failure,mobservice1,1
gaia-v3-15863,reconstruction,test-pred-002453,1627612830000,1627612791859,38.141,mobservice2,login_failure,mobservice1,2
gaia-v3-15864,reconstruction,test-pred-002454,1627613220000,1627613206465,13.535,mobservice2,login_failure,mobservice2,1
gaia-v3-15865,reconstruction,test-pred-002455,1627613490000,1627613470137,19.863,mobservice2,login_failure,mobservice1,2
gaia-v3-16177,reconstruction,test-pred-002456,1627613700000,1627613668182,31.818,mobservice1,login_failure,mobservice2,2
gaia-v3-15867,reconstruction,test-pred-002457,1627614090000,1627614074795,15.205,mobservice2,login_failure,mobservice1,2
gaia-v3-16178,reconstruction,test-pred-002458,1627614150000,1627614136748,13.252,mobservice1,login_failure,mobservice2,4
gaia-v3-15868,reconstruction,test-pred-002459,1627614210000,1627614187683,22.317,mobservice2,login_failure,mobservice2,1
gaia-v3-16179,reconstruction,test-pred-002460,1627614450000,1627614435284,14.716,mobservice1,login_failure,mobservice1,1
gaia-v3-16180,reconstruction,test-pred-002461,1627614510000,1627614475310,34.69,mobservice1,login_failure,mobservice2,2
gaia-v3-15869,reconstruction,test-pred-002462,1627614660000,1627614625685,34.315,mobservice2,login_failure,mobservice2,1
gaia-v3-16181,reconstruction,test-pred-002463,1627614750000,1627614710184,39.816,mobservice1,login_failure,mobservice2,2
gaia-v3-15871,reconstruction,test-pred-002464,1627614900000,1627614874684,25.316,mobservice2,login_failure,mobservice1,2
gaia-v3-16182,reconstruction,test-pred-002465,1627614990000,1627614960941,29.059,mobservice1,login_failure,mobservice2,2
gaia-v3-16183,reconstruction,test-pred-002466,1627615140000,1627615120501,19.499,mobservice1,login_failure,mobservice1,1
gaia-v3-16184,reconstruction,test-pred-002467,1627615260000,1627615227828,32.172,mobservice1,login_failure,mobservice2,2
gaia-v3-15872,reconstruction,test-pred-002468,1627615350000,1627615322267,27.733,mobservice2,login_failure,mobservice2,1
gaia-v3-16185,reconstruction,test-pred-002469,1627615500000,1627615473508,26.492,mobservice1,login_failure,mobservice1,1
gaia-v3-16186,reconstruction,test-pred-002470,1627615650000,1627615625891,24.109,mobservice1,login_failure,mobservice2,3
gaia-v3-15873,reconstruction,test-pred-002471,1627615770000,1627615756380,13.62,mobservice2,login_failure,mobservice1,2
gaia-v3-16187,reconstruction,test-pred-002472,1627615920000,1627615906238,13.762,mobservice1,login_failure,mobservice2,2
gaia-v3-16188,reconstruction,test-pred-002473,1627616190000,1627616163320,26.68,mobservice1,login_failure,mobservice2,2
gaia-v3-15874,reconstruction,test-pred-002474,1627616250000,1627616238787,11.213,mobservice2,login_failure,mobservice2,1
gaia-v3-15875,reconstruction,test-pred-002475,1627616370000,1627616348922,21.078,mobservice2,login_failure,mobservice2,1
gaia-v3-16189,reconstruction,test-pred-002476,1627616640000,1627616627149,12.851,mobservice1,login_failure,mobservice2,2
gaia-v3-15876,reconstruction,test-pred-002477,1627616730000,1627616707318,22.682,mobservice2,login_failure,mobservice1,2
gaia-v3-16191,reconstruction,test-pred-002478,1627616850000,1627616838639,11.361,mobservice1,login_failure,mobservice1,1
gaia-v3-15878,reconstruction,test-pred-002479,1627616910000,1627616893930,16.07,mobservice2,login_failure,mobservice1,2
gaia-v3-15880,reconstruction,test-pred-002480,1627617060000,1627617058839,1.161,mobservice2,login_failure,mobservice2,1
gaia-v3-15881,reconstruction,test-pred-002481,1627617480000,1627617459442,20.558,mobservice2,login_failure,mobservice2,1
gaia-v3-15705,reconstruction,test-pred-002482,1627617630000,1627617600298,29.702,dbservice2,access_permission_denied,dbservice2,1
gaia-v3-16201,reconstruction,test-pred-002483,1627621410000,1627621386982,23.018,mobservice1,login_failure,mobservice1,1
gaia-v3-15893,reconstruction,test-pred-002484,1627621620000,1627621582918,37.082,mobservice2,login_failure,mobservice2,1
gaia-v3-15894,reconstruction,test-pred-002485,1627621680000,1627621658818,21.182,mobservice2,login_failure,mobservice1,2
gaia-v3-16203,reconstruction,test-pred-002486,1627621830000,1627621793796,36.204,mobservice1,login_failure,mobservice1,1
gaia-v3-16204,reconstruction,test-pred-002487,1627622280000,1627622261513,18.487,mobservice1,login_failure,mobservice2,2
gaia-v3-15895,reconstruction,test-pred-002488,1627622400000,1627622360679,39.321,mobservice2,login_failure,mobservice2,1
gaia-v3-16205,reconstruction,test-pred-002489,1627622700000,1627622686796,13.204,mobservice1,login_failure,mobservice2,2
gaia-v3-15896,reconstruction,test-pred-002490,1627622790000,1627622756060,33.94,mobservice2,login_failure,mobservice2,1
gaia-v3-15897,reconstruction,test-pred-002491,1627622880000,1627622850497,29.503,mobservice2,login_failure,mobservice2,1
gaia-v3-16206,reconstruction,test-pred-002492,1627623060000,1627623024757,35.243,mobservice1,login_failure,mobservice1,1
gaia-v3-15900,reconstruction,test-pred-002493,1627623540000,1627623522323,17.677,mobservice2,login_failure,mobservice1,2
gaia-v3-16207,reconstruction,test-pred-002494,1627623630000,1627623618584,11.416,mobservice1,login_failure,mobservice2,2
gaia-v3-15901,reconstruction,test-pred-002495,1627623750000,1627623728084,21.916,mobservice2,login_failure,mobservice1,2
gaia-v3-16208,reconstruction,test-pred-002496,1627623870000,1627623854366,15.634,mobservice1,login_failure,dbservice1,3
gaia-v3-16209,reconstruction,test-pred-002497,1627624080000,1627624065169,14.831,mobservice1,login_failure,mobservice1,1
gaia-v3-16210,reconstruction,test-pred-002498,1627624170000,1627624152047,17.953,mobservice1,login_failure,mobservice1,1
gaia-v3-16212,reconstruction,test-pred-002499,1627624470000,1627624441363,28.637,mobservice1,login_failure,mobservice1,1
gaia-v3-15902,reconstruction,test-pred-002500,1627624740000,1627624704494,35.506,mobservice2,login_failure,mobservice1,3
gaia-v3-15903,reconstruction,test-pred-002501,1627625040000,1627625024023,15.977,mobservice2,login_failure,mobservice1,2
gaia-v3-16213,reconstruction,test-pred-002502,1627625130000,1627625102359,27.641,mobservice1,login_failure,mobservice2,2
gaia-v3-16214,reconstruction,test-pred-002503,1627625550000,1627625548722,1.278,mobservice1,login_failure,mobservice1,1
gaia-v3-15905,reconstruction,test-pred-002504,1627625940000,1627625919909,20.091,mobservice2,login_failure,mobservice2,1
gaia-v3-16215,reconstruction,test-pred-002505,1627626270000,1627626257371,12.629,mobservice1,login_failure,dbservice2,2
gaia-v3-15907,reconstruction,test-pred-002506,1627626600000,1627626592531,7.469,mobservice2,login_failure,mobservice1,2
gaia-v3-15908,reconstruction,test-pred-002507,1627626780000,1627626770163,9.837,mobservice2,login_failure,mobservice2,1
gaia-v3-15910,reconstruction,test-pred-002508,1627626900000,1627626897741,2.259,mobservice2,login_failure,mobservice2,1
gaia-v3-15911,reconstruction,test-pred-002509,1627626990000,1627626959016,30.984,mobservice2,login_failure,mobservice2,1
gaia-v3-15912,reconstruction,test-pred-002510,1627627500000,1627627472745,27.255,mobservice2,login_failure,mobservice2,1
gaia-v3-15913,reconstruction,test-pred-002511,1627627590000,1627627578407,11.593,mobservice2,login_failure,mobservice1,2
gaia-v3-15914,reconstruction,test-pred-002512,1627627890000,1627627863148,26.852,mobservice2,login_failure,mobservice2,1
gaia-v3-15915,reconstruction,test-pred-002513,1627628010000,1627627998689,11.311,mobservice2,login_failure,mobservice1,2
gaia-v3-16220,reconstruction,test-pred-002514,1627628190000,1627628160008,29.992,mobservice1,login_failure,mobservice2,3
gaia-v3-15917,reconstruction,test-pred-002515,1627628310000,1627628309225,0.775,mobservice2,login_failure,mobservice2,1
gaia-v3-16222,reconstruction,test-pred-002516,1627628490000,1627628482837,7.163,mobservice1,login_failure,mobservice1,1
gaia-v3-15918,reconstruction,test-pred-002517,1627629030000,1627629004203,25.797,mobservice2,login_failure,mobservice2,1
gaia-v3-15919,reconstruction,test-pred-002518,1627629210000,1627629179620,30.38,mobservice2,login_failure,mobservice2,1
gaia-v3-16224,reconstruction,test-pred-002519,1627629450000,1627629431354,18.646,mobservice1,login_failure,mobservice1,1
gaia-v3-16225,reconstruction,test-pred-002520,1627629510000,1627629472385,37.615,mobservice1,login_failure,mobservice1,1
gaia-v3-16227,reconstruction,test-pred-002521,1627629570000,1627629554497,15.503,mobservice1,login_failure,mobservice2,2
gaia-v3-15921,reconstruction,test-pred-002522,1627629780000,1627629746455,33.545,mobservice2,login_failure,mobservice1,2
gaia-v3-15922,reconstruction,test-pred-002523,1627630140000,1627630118741,21.259,mobservice2,login_failure,mobservice2,1
gaia-v3-16228,reconstruction,test-pred-002524,1627630290000,1627630265050,24.95,mobservice1,login_failure,mobservice1,1
gaia-v3-15925,reconstruction,test-pred-002525,1627630620000,1627630584542,35.458,mobservice2,login_failure,mobservice2,1
gaia-v3-15926,reconstruction,test-pred-002526,1627630800000,1627630773133,26.867,mobservice2,login_failure,mobservice2,1
gaia-v3-15927,reconstruction,test-pred-002527,1627630890000,1627630856030,33.97,mobservice2,login_failure,mobservice1,2
gaia-v3-15928,reconstruction,test-pred-002528,1627631130000,1627631120903,9.097,mobservice2,login_failure,mobservice2,1
gaia-v3-16230,reconstruction,test-pred-002529,1627631340000,1627631302014,37.986,mobservice1,login_failure,mobservice2,2
gaia-v3-15929,reconstruction,test-pred-002530,1627631520000,1627631495562,24.438,mobservice2,login_failure,mobservice1,2
gaia-v3-16231,reconstruction,test-pred-002531,1627631610000,1627631593325,16.675,mobservice1,login_failure,mobservice1,1
gaia-v3-15930,reconstruction,test-pred-002532,1627631820000,1627631792094,27.906,mobservice2,login_failure,mobservice1,2
gaia-v3-15707,reconstruction,test-pred-002533,1627632030000,1627632000476,29.524,dbservice2,access_permission_denied,webservice1,4
