fold,prediction_id,split,t_hat,episode_end_time,positive_bins,system_score,threshold
1,fold_01-generation-pred-000000,generation,1625656650000,1625656680000,1,0.9984684858232219,0.9967268774712293
1,fold_01-generation-pred-000001,generation,1625657010000,1625657040000,1,0.9983922195514435,0.9967268774712293
1,fold_01-generation-pred-000002,generation,1625657070000,1625657100000,1,0.9984697431162858,0.9967268774712293
1,fold_01-generation-pred-000003,generation,1625657400000,1625657430000,1,0.9983307029926421,0.9967268774712293
1,fold_01-generation-pred-000004,generation,1625657700000,1625657730000,1,0.9986173738118764,0.9967268774712293
1,fold_01-generation-pred-000005,generation,1625657790000,1625657820000,1,0.9986085737620112,0.9967268774712293
1,fold_01-generation-pred-000006,generation,1625657910000,1625657940000,1,0.9984119434926928,0.9967268774712293
1,fold_01-generation-pred-000007,generation,1625658120000,1625658150000,1,0.9984445025189165,0.9967268774712293
1,fold_01-generation-pred-000008,generation,1625658270000,1625658300000,1,0.9984627899788724,0.9967268774712293
1,fold_01-generation-pred-000009,generation,1625658960000,1625658990000,1,0.9983713146773919,0.9967268774712293
1,fold_01-generation-pred-000010,generation,1625659200000,1625659230000,1,0.9985054381009668,0.9967268774712293
1,fold_01-generation-pred-000011,generation,1625659980000,1625660010000,1,0.9985383995540378,0.9967268774712293
1,fold_01-generation-pred-000012,generation,1625660220000,1625660250000,1,0.9977421118984727,0.9967268774712293
1,fold_01-generation-pred-000013,generation,1625660340000,1625660370000,1,0.998489572080301,0.9967268774712293
1,fold_01-generation-pred-000014,generation,1625660700000,1625660730000,1,0.9979799135658316,0.9967268774712293
1,fold_01-generation-pred-000015,generation,1625661360000,1625661390000,1,0.9978756959793456,0.9967268774712293
1,fold_01-generation-pred-000016,generation,1625661660000,1625661690000,1,0.9984943267394284,0.9967268774712293
1,fold_01-generation-pred-000017,generation,1625662170000,1625662200000,1,0.9984924774899595,0.9967268774712293
1,fold_01-generation-pred-000018,generation,1625662470000,1625662500000,1,0.9985004700396193,0.9967268774712293
1,fold_01-generation-pred-000019,generation,1625662620000,1625662650000,1,0.9985560323550777,0.9967268774712293
1,fold_01-generation-pred-000020,generation,1625662800000,1625662830000,1,0.9982371085667905,0.9967268774712293
1,fold_01-generation-pred-000021,generation,1625662920000,1625662950000,1,0.9984916159333395,0.9967268774712293
1,fold_01-generation-pred-000022,generation,1625663040000,1625663070000,1,0.9983251478943415,0.9967268774712293
1,fold_01-generation-pred-000023,generation,1625663100000,1625663130000,1,0.9984545270045218,0.9967268774712293
1,fold_01-generation-pred-000024,generation,1625663580000,1625663610000,1,0.9981477324447074,0.9967268774712293
1,fold_01-generation-pred-000025,generation,1625664240000,1625664270000,1,0.9985971897737757,0.9967268774712293
1,fold_01-generation-pred-000026,generation,1625664600000,1625664660000,2,0.9985746042984629,0.9967268774712293
1,fold_01-generation-pred-000027,generation,1625664810000,1625664840000,1,0.9969096029277758,0.9967268774712293
1,fold_01-generation-pred-000028,generation,1625664870000,1625664900000,1,0.9983277355080601,0.9967268774712293
1,fold_01-generation-pred-000029,generation,1625665320000,1625665350000,1,0.9984700519974536,0.9967268774712293
1,fold_01-generation-pred-000030,generation,1625665410000,1625665470000,2,0.9984236768644116,0.9967268774712293
1,fold_01-generation-pred-000031,generation,1625665620000,1625665650000,1,0.9983891411679537,0.9967268774712293
1,fold_01-generation-pred-000032,generation,1625665740000,1625665770000,1,0.9984243971460772,0.9967268774712293
1,fold_01-generation-pred-000033,generation,1625665830000,1625665860000,1,0.9984593213950329,0.9967268774712293
1,fold_01-generation-pred-000034,generation,1625665920000,1625665950000,1,0.9984497383839347,0.9967268774712293
1,fold_01-generation-pred-000035,generation,1625666130000,1625666160000,1,0.9984244909085702,0.9967268774712293
1,fold_01-generation-pred-000036,generation,1625666520000,1625666550000,1,0.9985885087944338,0.9967268774712293
1,fold_01-generation-pred-000037,generation,1625666850000,1625666880000,1,0.9973350158062316,0.9967268774712293
1,fold_01-generation-pred-000038,generation,1625666970000,1625667000000,1,0.9982486323403592,0.9967268774712293
1,fold_01-generation-pred-000039,generation,1625667180000,1625667210000,1,0.9984508436287526,0.9967268774712293
1,fold_01-generation-pred-000040,generation,1625667270000,1625667300000,1,0.9981892417667788,0.9967268774712293
1,fold_01-generation-pred-000041,generation,1625667330000,1625667360000,1,0.9984012863179432,0.9967268774712293
1,fold_01-generation-pred-000042,generation,1625667390000,1625667420000,1,0.9985157483438996,0.9967268774712293
1,fold_01-generation-pred-000043,generation,1625667540000,1625667570000,1,0.9984814456189745,0.9967268774712293
1,fold_01-generation-pred-000044,generation,1625667720000,1625667750000,1,0.9985021904095782,0.9967268774712293
1,fold_01-generation-pred-000045,generation,1625668200000,1625668230000,1,0.9984034479247041,0.9967268774712293
1,fold_01-generation-pred-000046,generation,1625668320000,1625668350000,1,0.9985251458350606,0.9967268774712293
1,fold_01-generation-pred-000047,generation,1625668590000,1625668620000,1,0.9985466023377234,0.9967268774712293
1,fold_01-generation-pred-000048,generation,1625668680000,1625668710000,1,0.9984308686470064,0.9967268774712293
1,fold_01-generation-pred-000049,generation,1625669160000,1625669190000,1,0.9984149783696632,0.9967268774712293
1,fold_01-generation-pred-000050,generation,1625669400000,1625669430000,1,0.9984747525506668,0.9967268774712293
1,fold_01-generation-pred-000051,generation,1625669460000,1625669490000,1,0.9984882526018554,0.9967268774712293
1,fold_01-generation-pred-000052,generation,1625670240000,1625670270000,1,0.9982519171950522,0.9967268774712293
1,fold_01-generation-pred-000053,generation,1625670870000,1625670900000,1,0.9980763017797951,0.9967268774712293
1,fold_01-generation-pred-000054,generation,1625671080000,1625671110000,1,0.9984540148029726,0.9967268774712293
1,fold_01-generation-pred-000055,generation,1625671140000,1625671170000,1,0.998341691756187,0.9967268774712293
1,fold_01-generation-pred-000056,generation,1625671350000,1625671380000,1,0.9985459807650136,0.9967268774712293
1,fold_01-generation-pred-000057,generation,1625671560000,1625671590000,1,0.9978191936127708,0.9967268774712293
1,fold_01-generation-pred-000058,generation,1625672070000,1625672100000,1,0.9986073156544512,0.9967268774712293
1,fold_01-generation-pred-000059,generation,1625672430000,1625672460000,1,0.9985355030285104,0.9967268774712293
1,fold_01-generation-pred-000060,generation,1625672700000,1625672730000,1,0.9983530795645366,0.9967268774712293
1,fold_01-generation-pred-000061,generation,1625672970000,1625673000000,1,0.9985565080567125,0.9967268774712293
1,fold_01-generation-pred-000062,generation,1625673240000,1625673270000,1,0.9984626069999787,0.9967268774712293
1,fold_01-generation-pred-000063,generation,1625674380000,1625674410000,1,0.9985107549429585,0.9967268774712293
1,fold_01-generation-pred-000064,generation,1625674470000,1625674500000,1,0.9985268182969271,0.9967268774712293
1,fold_01-generation-pred-000065,generation,1625674530000,1625674560000,1,0.9984922851182723,0.9967268774712293
1,fold_01-generation-pred-000066,generation,1625674620000,1625674650000,1,0.998454749200182,0.9967268774712293
1,fold_01-generation-pred-000067,generation,1625675610000,1625675640000,1,0.9982523539897711,0.9967268774712293
1,fold_01-generation-pred-000068,generation,1625675940000,1625675970000,1,0.998496655516064,0.9967268774712293
1,fold_01-generation-pred-000069,generation,1625676060000,1625676090000,1,0.9986040703642765,0.9967268774712293
1,fold_01-generation-pred-000070,generation,1625676300000,1625676330000,1,0.9982646788850391,0.9967268774712293
1,fold_01-generation-pred-000071,generation,1625676450000,1625676480000,1,0.9985290352618871,0.9967268774712293
1,fold_01-generation-pred-000072,generation,1625676780000,1625676810000,1,0.9985092793482553,0.9967268774712293
1,fold_01-generation-pred-000073,generation,1625676990000,1625677020000,1,0.9983584585578318,0.9967268774712293
1,fold_01-generation-pred-000074,generation,1625677110000,1625677140000,1,0.998597713367543,0.9967268774712293
1,fold_01-generation-pred-000075,generation,1625677230000,1625677260000,1,0.9985433114960283,0.9967268774712293
1,fold_01-generation-pred-000076,generation,1625677320000,1625677350000,1,0.9973368275407661,0.9967268774712293
1,fold_01-generation-pred-000077,generation,1625677380000,1625677410000,1,0.9971887202136754,0.9967268774712293
1,fold_01-generation-pred-000078,generation,1625677440000,1625677470000,1,0.9974809204758865,0.9967268774712293
1,fold_01-generation-pred-000079,generation,1625677500000,1625677530000,1,0.9973540923805195,0.9967268774712293
1,fold_01-generation-pred-000080,generation,1625677560000,1625677590000,1,0.9972362286267312,0.9967268774712293
1,fold_01-generation-pred-000081,generation,1625677620000,1625677650000,1,0.9973610681763597,0.9967268774712293
1,fold_01-generation-pred-000082,generation,1625677710000,1625677770000,2,0.997913048856713,0.9967268774712293
1,fold_01-generation-pred-000083,generation,1625677800000,1625677830000,1,0.9969058736759235,0.9967268774712293
1,fold_01-generation-pred-000084,generation,1625678340000,1625678370000,1,0.9984078321252454,0.9967268774712293
1,fold_01-generation-pred-000085,generation,1625678400000,1625678430000,1,0.9985876213420463,0.9967268774712293
1,fold_01-generation-pred-000086,generation,1625678640000,1625678670000,1,0.9984951516425353,0.9967268774712293
1,fold_01-generation-pred-000087,generation,1625679000000,1625679030000,1,0.9985600626069286,0.9967268774712293
1,fold_01-generation-pred-000088,generation,1625679120000,1625679150000,1,0.9984067614756179,0.9967268774712293
1,fold_01-generation-pred-000089,generation,1625679180000,1625679210000,1,0.9978851420685142,0.9967268774712293
1,fold_01-generation-pred-000090,generation,1625680230000,1625680260000,1,0.9985832512727651,0.9967268774712293
1,fold_01-generation-pred-000091,generation,1625680320000,1625680350000,1,0.9985074853888626,0.9967268774712293
1,fold_01-generation-pred-000092,generation,1625680470000,1625680500000,1,0.9985495100939001,0.9967268774712293
1,fold_01-generation-pred-000093,generation,1625680650000,1625680680000,1,0.998271431743688,0.9967268774712293
1,fold_01-generation-pred-000094,generation,1625680950000,1625680980000,1,0.9983509016900096,0.9967268774712293
1,fold_01-generation-pred-000095,generation,1625681100000,1625681130000,1,0.9985468320724747,0.9967268774712293
1,fold_01-generation-pred-000096,generation,1625681550000,1625681580000,1,0.9983841779712294,0.9967268774712293
1,fold_01-generation-pred-000097,generation,1625681760000,1625681790000,1,0.9984477221274914,0.9967268774712293
1,fold_01-generation-pred-000098,generation,1625681910000,1625681940000,1,0.9985269775136069,0.9967268774712293
1,fold_01-generation-pred-000099,generation,1625682120000,1625682150000,1,0.9985567527208664,0.9967268774712293
1,fold_01-generation-pred-000100,generation,1625682540000,1625682570000,1,0.9985016982612164,0.9967268774712293
1,fold_01-generation-pred-000101,generation,1625682810000,1625682840000,1,0.9985545788462821,0.9967268774712293
1,fold_01-generation-pred-000102,generation,1625682870000,1625682900000,1,0.9981753271640095,0.9967268774712293
1,fold_01-generation-pred-000103,generation,1625683050000,1625683080000,1,0.9984617972403986,0.9967268774712293
1,fold_01-generation-pred-000104,generation,1625683170000,1625683200000,1,0.9981904936365791,0.9967268774712293
1,fold_01-generation-pred-000105,generation,1625683290000,1625683320000,1,0.9983654424666131,0.9967268774712293
1,fold_01-generation-pred-000106,generation,1625683440000,1625683470000,1,0.9985714454725683,0.9967268774712293
1,fold_01-generation-pred-000107,generation,1625683680000,1625683710000,1,0.998424081313019,0.9967268774712293
1,fold_01-generation-pred-000108,generation,1625684100000,1625684130000,1,0.9985548864543192,0.9967268774712293
1,fold_01-generation-pred-000109,generation,1625684460000,1625684490000,1,0.9984212818180043,0.9967268774712293
1,fold_01-generation-pred-000110,generation,1625684520000,1625684550000,1,0.9983762091009347,0.9967268774712293
1,fold_01-generation-pred-000111,generation,1625684790000,1625684820000,1,0.9983573226998811,0.9967268774712293
1,fold_01-generation-pred-000112,generation,1625685030000,1625685060000,1,0.9982260419921017,0.9967268774712293
1,fold_01-generation-pred-000113,generation,1625685330000,1625685360000,1,0.9985206785403997,0.9967268774712293
1,fold_01-generation-pred-000114,generation,1625685540000,1625685570000,1,0.9984683975917884,0.9967268774712293
1,fold_01-generation-pred-000115,generation,1625685780000,1625685810000,1,0.9984446728396144,0.9967268774712293
1,fold_01-generation-pred-000116,generation,1625686170000,1625686200000,1,0.9981300058553515,0.9967268774712293
1,fold_01-generation-pred-000117,generation,1625686320000,1625686350000,1,0.998587389302433,0.9967268774712293
1,fold_01-generation-pred-000118,generation,1625686590000,1625686620000,1,0.9982115100798127,0.9967268774712293
1,fold_01-generation-pred-000119,generation,1625686830000,1625686860000,1,0.9985502192124098,0.9967268774712293
1,fold_01-generation-pred-000120,generation,1625687340000,1625687370000,1,0.998652945728307,0.9967268774712293
1,fold_01-generation-pred-000121,generation,1625687460000,1625687490000,1,0.9981048161310679,0.9967268774712293
1,fold_01-generation-pred-000122,generation,1625687550000,1625687580000,1,0.998619405384997,0.9967268774712293
1,fold_01-generation-pred-000123,generation,1625687640000,1625687670000,1,0.9985066978098094,0.9967268774712293
1,fold_01-generation-pred-000124,generation,1625687700000,1625687730000,1,0.9970418159652162,0.9967268774712293
1,fold_01-generation-pred-000125,generation,1625688240000,1625688270000,1,0.9984674763276041,0.9967268774712293
1,fold_01-generation-pred-000126,generation,1625688750000,1625688780000,1,0.9979748353537723,0.9967268774712293
1,fold_01-generation-pred-000127,generation,1625688960000,1625688990000,1,0.9984892038356511,0.9967268774712293
1,fold_01-generation-pred-000128,generation,1625689290000,1625689320000,1,0.9984996123295502,0.9967268774712293
1,fold_01-generation-pred-000129,generation,1625689530000,1625689560000,1,0.9985199394909459,0.9967268774712293
1,fold_01-generation-pred-000130,generation,1625689650000,1625689680000,1,0.9985598047881424,0.9967268774712293
1,fold_01-generation-pred-000131,generation,1625689770000,1625689800000,1,0.9985175309745089,0.9967268774712293
1,fold_01-generation-pred-000132,generation,1625689830000,1625689860000,1,0.9984379808190841,0.9967268774712293
1,fold_01-generation-pred-000133,generation,1625690250000,1625690280000,1,0.9980132358172517,0.9967268774712293
1,fold_01-generation-pred-000134,generation,1625690370000,1625690400000,1,0.998469645485233,0.9967268774712293
1,fold_01-generation-pred-000135,generation,1625690700000,1625690730000,1,0.998059707334506,0.9967268774712293
1,fold_01-generation-pred-000136,generation,1625691000000,1625691030000,1,0.9983473793251614,0.9967268774712293
1,fold_01-generation-pred-000137,generation,1625691360000,1625691390000,1,0.9985708372313018,0.9967268774712293
1,fold_01-generation-pred-000138,generation,1625691660000,1625691690000,1,0.9985576499263873,0.9967268774712293
1,fold_01-generation-pred-000139,generation,1625691840000,1625691870000,1,0.9983309119736125,0.9967268774712293
1,fold_01-generation-pred-000140,generation,1625691960000,1625691990000,1,0.998222984367037,0.9967268774712293
1,fold_01-generation-pred-000141,generation,1625692020000,1625692050000,1,0.9983729653432164,0.9967268774712293
1,fold_01-generation-pred-000142,generation,1625692200000,1625692230000,1,0.9977749760524875,0.9967268774712293
1,fold_01-generation-pred-000143,generation,1625693490000,1625693520000,1,0.9982640799103584,0.9967268774712293
1,fold_01-generation-pred-000144,generation,1625693670000,1625693700000,1,0.9985366656703083,0.9967268774712293
1,fold_01-generation-pred-000145,generation,1625694030000,1625694060000,1,0.9984820369209146,0.9967268774712293
1,fold_01-generation-pred-000146,generation,1625694090000,1625694120000,1,0.9985064617396281,0.9967268774712293
1,fold_01-generation-pred-000147,generation,1625694330000,1625694360000,1,0.9984815403294925,0.9967268774712293
1,fold_01-generation-pred-000148,generation,1625694420000,1625694450000,1,0.9985146681202999,0.9967268774712293
1,fold_01-generation-pred-000149,generation,1625694600000,1625694630000,1,0.9985521170058466,0.9967268774712293
1,fold_01-generation-pred-000150,generation,1625694750000,1625694780000,1,0.9985144983803532,0.9967268774712293
1,fold_01-generation-pred-000151,generation,1625694960000,1625694990000,1,0.998466327437676,0.9967268774712293
1,fold_01-generation-pred-000152,generation,1625695560000,1625695590000,1,0.9984827992019456,0.9967268774712293
1,fold_01-generation-pred-000153,generation,1625695620000,1625695650000,1,0.9985995990903248,0.9967268774712293
1,fold_01-generation-pred-000154,generation,1625695920000,1625695950000,1,0.998244912804642,0.9967268774712293
1,fold_01-generation-pred-000155,generation,1625696100000,1625696130000,1,0.9982886193487932,0.9967268774712293
1,fold_01-generation-pred-000156,generation,1625696220000,1625696250000,1,0.9984819010430189,0.9967268774712293
1,fold_01-generation-pred-000157,generation,1625696340000,1625696370000,1,0.9985696656046686,0.9967268774712293
1,fold_01-generation-pred-000158,generation,1625696760000,1625696790000,1,0.9983125546445,0.9967268774712293
1,fold_01-generation-pred-000159,generation,1625696850000,1625696880000,1,0.9985584841159587,0.9967268774712293
1,fold_01-generation-pred-000160,generation,1625696970000,1625697000000,1,0.9985237561746514,0.9967268774712293
1,fold_01-generation-pred-000161,generation,1625697420000,1625697450000,1,0.9981150126143938,0.9967268774712293
1,fold_01-generation-pred-000162,generation,1625697480000,1625697510000,1,0.9985486112877652,0.9967268774712293
1,fold_01-generation-pred-000163,generation,1625698170000,1625698200000,1,0.998504907155063,0.9967268774712293
1,fold_01-generation-pred-000164,generation,1625698230000,1625698260000,1,0.9985991822608558,0.9967268774712293
1,fold_01-generation-pred-000165,generation,1625698500000,1625698530000,1,0.9985081979750503,0.9967268774712293
1,fold_01-generation-pred-000166,generation,1625698650000,1625698680000,1,0.9985398136895697,0.9967268774712293
1,fold_01-generation-pred-000167,generation,1625698710000,1625698770000,2,0.9983924063023271,0.9967268774712293
1,fold_01-generation-pred-000168,generation,1625699340000,1625699370000,1,0.9982774221897228,0.9967268774712293
1,fold_01-generation-pred-000169,generation,1625699610000,1625699640000,1,0.9985277894617348,0.9967268774712293
1,fold_01-generation-pred-000170,generation,1625699790000,1625699820000,1,0.9980961101523442,0.9967268774712293
1,fold_01-generation-pred-000171,generation,1625699940000,1625699970000,1,0.9985508472559986,0.9967268774712293
1,fold_01-generation-pred-000172,generation,1625700030000,1625700060000,1,0.998508121972574,0.9967268774712293
1,fold_01-generation-pred-000173,generation,1625700450000,1625700480000,1,0.9984863778871508,0.9967268774712293
1,fold_01-generation-pred-000174,generation,1625700630000,1625700660000,1,0.9984641952634046,0.9967268774712293
1,fold_01-generation-pred-000175,generation,1625700690000,1625700720000,1,0.998389413387394,0.9967268774712293
1,fold_01-generation-pred-000176,generation,1625700930000,1625700960000,1,0.9982964351838602,0.9967268774712293
1,fold_01-generation-pred-000177,generation,1625701020000,1625701050000,1,0.998493743086231,0.9967268774712293
1,fold_01-generation-pred-000178,generation,1625701170000,1625701200000,1,0.9984662514959896,0.9967268774712293
1,fold_01-generation-pred-000179,generation,1625701380000,1625701410000,1,0.9985173072037153,0.9967268774712293
1,fold_01-generation-pred-000180,generation,1625701500000,1625701530000,1,0.9983863403946778,0.9967268774712293
1,fold_01-generation-pred-000181,generation,1625702010000,1625702040000,1,0.9984655926903863,0.9967268774712293
1,fold_01-generation-pred-000182,generation,1625702220000,1625702250000,1,0.9985460645336003,0.9967268774712293
1,fold_01-generation-pred-000183,generation,1625702430000,1625702460000,1,0.9984933005352051,0.9967268774712293
1,fold_01-generation-pred-000184,generation,1625702670000,1625702700000,1,0.9984200080897032,0.9967268774712293
1,fold_01-generation-pred-000185,generation,1625702970000,1625703000000,1,0.9983085149551695,0.9967268774712293
1,fold_01-generation-pred-000186,generation,1625703150000,1625703180000,1,0.9984213697531154,0.9967268774712293
1,fold_01-generation-pred-000187,generation,1625703390000,1625703420000,1,0.998423389410304,0.9967268774712293
1,fold_01-generation-pred-000188,generation,1625703480000,1625703510000,1,0.9982633650015804,0.9967268774712293
1,fold_01-generation-pred-000189,generation,1625704080000,1625704110000,1,0.9982499781760469,0.9967268774712293
1,fold_01-generation-pred-000190,generation,1625704350000,1625704380000,1,0.9982487423793128,0.9967268774712293
1,fold_01-generation-pred-000191,generation,1625705040000,1625705070000,1,0.9982191248444663,0.9967268774712293
1,fold_01-generation-pred-000192,generation,1625705430000,1625705460000,1,0.998515486136609,0.9967268774712293
1,fold_01-generation-pred-000193,generation,1625705520000,1625705550000,1,0.9985572735251405,0.9967268774712293
1,fold_01-generation-pred-000194,generation,1625705790000,1625705820000,1,0.9984933026873071,0.9967268774712293
1,fold_01-generation-pred-000195,generation,1625706270000,1625706300000,1,0.9984965216605933,0.9967268774712293
1,fold_01-generation-pred-000196,generation,1625706480000,1625706510000,1,0.9985399423059782,0.9967268774712293
1,fold_01-generation-pred-000197,generation,1625706540000,1625706570000,1,0.9985084529457676,0.9967268774712293
1,fold_01-generation-pred-000198,generation,1625706630000,1625706660000,1,0.9983505138275172,0.9967268774712293
1,fold_01-generation-pred-000199,generation,1625707080000,1625707110000,1,0.9985429133202427,0.9967268774712293
1,fold_01-generation-pred-000200,generation,1625707290000,1625707320000,1,0.998442639624969,0.9967268774712293
1,fold_01-generation-pred-000201,generation,1625708070000,1625708100000,1,0.9983311836892693,0.9967268774712293
1,fold_01-generation-pred-000202,generation,1625708370000,1625708400000,1,0.998392672614478,0.9967268774712293
1,fold_01-generation-pred-000203,generation,1625709060000,1625709090000,1,0.9982242442246082,0.9967268774712293
1,fold_01-generation-pred-000204,generation,1625709390000,1625709420000,1,0.9983381663656082,0.9967268774712293
1,fold_01-generation-pred-000205,generation,1625709450000,1625709480000,1,0.9981878570699901,0.9967268774712293
1,fold_01-generation-pred-000206,generation,1625709540000,1625709570000,1,0.998232096054834,0.9967268774712293
1,fold_01-generation-pred-000207,generation,1625710170000,1625710200000,1,0.9980110145900479,0.9967268774712293
1,fold_01-generation-pred-000208,generation,1625710230000,1625710260000,1,0.9984168388749701,0.9967268774712293
1,fold_01-generation-pred-000209,generation,1625710350000,1625710380000,1,0.9983034410634316,0.9967268774712293
1,fold_01-generation-pred-000210,generation,1625711430000,1625711460000,1,0.9981809367636586,0.9967268774712293
1,fold_01-generation-pred-000211,generation,1625711910000,1625711940000,1,0.9984715161499174,0.9967268774712293
1,fold_01-generation-pred-000212,generation,1625712330000,1625712360000,1,0.9981273481665696,0.9967268774712293
1,fold_01-generation-pred-000213,generation,1625712420000,1625712450000,1,0.9980815050034368,0.9967268774712293
1,fold_01-generation-pred-000214,generation,1625712660000,1625712690000,1,0.9984681576641301,0.9967268774712293
1,fold_01-generation-pred-000215,generation,1625712840000,1625712870000,1,0.9978241333272442,0.9967268774712293
1,fold_01-generation-pred-000216,generation,1625713110000,1625713140000,1,0.9984625184303841,0.9967268774712293
1,fold_01-generation-pred-000217,generation,1625713320000,1625713350000,1,0.9984730486964822,0.9967268774712293
1,fold_01-generation-pred-000218,generation,1625713710000,1625713740000,1,0.9985217269492963,0.9967268774712293
1,fold_01-generation-pred-000219,generation,1625713860000,1625713890000,1,0.9984194980101598,0.9967268774712293
1,fold_01-generation-pred-000220,generation,1625714010000,1625714040000,1,0.9983464948059502,0.9967268774712293
1,fold_01-generation-pred-000221,generation,1625714370000,1625714400000,1,0.9983748495523267,0.9967268774712293
1,fold_01-generation-pred-000222,generation,1625714610000,1625714640000,1,0.9981757214133222,0.9967268774712293
1,fold_01-generation-pred-000223,generation,1625714850000,1625714880000,1,0.9982282039993001,0.9967268774712293
1,fold_01-generation-pred-000224,generation,1625715060000,1625715090000,1,0.9978856974789175,0.9967268774712293
1,fold_01-generation-pred-000225,generation,1625715150000,1625715180000,1,0.9984577156162643,0.9967268774712293
1,fold_01-generation-pred-000226,generation,1625715450000,1625715480000,1,0.9967702567144269,0.9967268774712293
1,fold_01-generation-pred-000227,generation,1625715540000,1625715570000,1,0.9984527644965522,0.9967268774712293
1,fold_01-generation-pred-000228,generation,1625715600000,1625715630000,1,0.9981945886902118,0.9967268774712293
1,fold_01-generation-pred-000229,generation,1625715750000,1625715780000,1,0.9981180147399993,0.9967268774712293
1,fold_01-generation-pred-000230,generation,1625715900000,1625715930000,1,0.9973403790253969,0.9967268774712293
1,fold_01-generation-pred-000231,generation,1625716260000,1625716290000,1,0.9982800277385374,0.9967268774712293
1,fold_01-generation-pred-000232,generation,1625716350000,1625716380000,1,0.9985269010636892,0.9967268774712293
1,fold_01-generation-pred-000233,generation,1625716590000,1625716620000,1,0.9983955212321397,0.9967268774712293
1,fold_01-generation-pred-000234,generation,1625716650000,1625716680000,1,0.9985180708503263,0.9967268774712293
1,fold_01-generation-pred-000235,generation,1625716830000,1625716860000,1,0.9973440394677003,0.9967268774712293
1,fold_01-generation-pred-000236,generation,1625717100000,1625717130000,1,0.9985228646430271,0.9967268774712293
1,fold_01-generation-pred-000237,generation,1625717550000,1625717580000,1,0.9984438299405246,0.9967268774712293
1,fold_01-generation-pred-000238,generation,1625717790000,1625717820000,1,0.9980524617305803,0.9967268774712293
1,fold_01-generation-pred-000239,generation,1625718330000,1625718360000,1,0.9982902560201864,0.9967268774712293
1,fold_01-generation-pred-000240,generation,1625718480000,1625718510000,1,0.9984257692728857,0.9967268774712293
1,fold_01-generation-pred-000241,generation,1625718900000,1625718930000,1,0.9985031799234926,0.9967268774712293
1,fold_01-generation-pred-000242,generation,1625719080000,1625719110000,1,0.998420636059162,0.9967268774712293
1,fold_01-generation-pred-000243,generation,1625721330000,1625721360000,1,0.9985049804738125,0.9967268774712293
1,fold_01-generation-pred-000244,generation,1625721660000,1625721690000,1,0.9985023544231598,0.9967268774712293
1,fold_01-generation-pred-000245,generation,1625721840000,1625721870000,1,0.9984059731943711,0.9967268774712293
1,fold_01-generation-pred-000246,generation,1625722710000,1625722740000,1,0.9984825897030796,0.9967268774712293
1,fold_01-generation-pred-000247,generation,1625723430000,1625723460000,1,0.9983228237681894,0.9967268774712293
1,fold_01-generation-pred-000248,generation,1625723580000,1625723610000,1,0.998094611752763,0.9967268774712293
1,fold_01-generation-pred-000249,generation,1625723700000,1625723730000,1,0.9984249633867474,0.9967268774712293
1,fold_01-generation-pred-000250,generation,1625724060000,1625724090000,1,0.9984232903278322,0.9967268774712293
1,fold_01-generation-pred-000251,generation,1625724180000,1625724210000,1,0.9981786599700098,0.9967268774712293
1,fold_01-generation-pred-000252,generation,1625724360000,1625724390000,1,0.9983882206494419,0.9967268774712293
1,fold_01-generation-pred-000253,generation,1625724540000,1625724570000,1,0.9985303807752747,0.9967268774712293
1,fold_01-generation-pred-000254,generation,1625724780000,1625724810000,1,0.998386063046632,0.9967268774712293
1,fold_01-generation-pred-000255,generation,1625725290000,1625725320000,1,0.9984704605865355,0.9967268774712293
1,fold_01-generation-pred-000256,generation,1625725740000,1625725770000,1,0.9984737871453987,0.9967268774712293
1,fold_01-generation-pred-000257,generation,1625725950000,1625725980000,1,0.9985412702169437,0.9967268774712293
1,fold_01-generation-pred-000258,generation,1625726010000,1625726040000,1,0.9983936655397205,0.9967268774712293
1,fold_01-generation-pred-000259,generation,1625726880000,1625726940000,2,0.9985297620758238,0.9967268774712293
1,fold_01-generation-pred-000260,generation,1625727900000,1625727930000,1,0.9978616798389197,0.9967268774712293
1,fold_01-generation-pred-000261,generation,1625728440000,1625728470000,1,0.998413914028088,0.9967268774712293
1,fold_01-generation-pred-000262,generation,1625728590000,1625728620000,1,0.9983388987696582,0.9967268774712293
1,fold_01-generation-pred-000263,generation,1625729250000,1625729280000,1,0.9984929626171394,0.9967268774712293
1,fold_01-generation-pred-000264,generation,1625729400000,1625729430000,1,0.9973411605777406,0.9967268774712293
1,fold_01-generation-pred-000265,generation,1625729520000,1625729550000,1,0.9984043909057253,0.9967268774712293
1,fold_01-generation-pred-000266,generation,1625730900000,1625730930000,1,0.9983942909669189,0.9967268774712293
1,fold_01-generation-pred-000267,generation,1625731350000,1625731380000,1,0.9982455977172194,0.9967268774712293
1,fold_01-generation-pred-000268,generation,1625731410000,1625731440000,1,0.9983120870715407,0.9967268774712293
1,fold_01-generation-pred-000269,generation,1625731530000,1625731560000,1,0.9983660353048043,0.9967268774712293
1,fold_01-generation-pred-000270,generation,1625731710000,1625731740000,1,0.9981457830987905,0.9967268774712293
1,fold_01-generation-pred-000271,generation,1625732040000,1625732070000,1,0.997848999634096,0.9967268774712293
1,fold_01-generation-pred-000272,generation,1625732100000,1625732130000,1,0.9984619144109833,0.9967268774712293
1,fold_01-generation-pred-000273,generation,1625732250000,1625732280000,1,0.9983147445694088,0.9967268774712293
1,fold_01-generation-pred-000274,generation,1625732400000,1625732430000,1,0.998293706627327,0.9967268774712293
1,fold_01-generation-pred-000275,generation,1625732460000,1625732490000,1,0.9984960935295281,0.9967268774712293
1,fold_01-generation-pred-000276,generation,1625732760000,1625732790000,1,0.9984119646617224,0.9967268774712293
1,fold_01-generation-pred-000277,generation,1625733000000,1625733030000,1,0.9983833038797478,0.9967268774712293
1,fold_01-generation-pred-000278,generation,1625733210000,1625733240000,1,0.9983758859437317,0.9967268774712293
1,fold_01-generation-pred-000279,generation,1625734230000,1625734260000,1,0.998260845190339,0.9967268774712293
1,fold_01-generation-pred-000280,generation,1625735460000,1625735490000,1,0.9984291300568742,0.9967268774712293
1,fold_01-generation-pred-000281,generation,1625735790000,1625735820000,1,0.9976915386185918,0.9967268774712293
1,fold_01-generation-pred-000282,generation,1625736360000,1625736390000,1,0.9982633038281086,0.9967268774712293
1,fold_01-generation-pred-000283,generation,1625736480000,1625736510000,1,0.9983892838013325,0.9967268774712293
1,fold_01-generation-pred-000284,generation,1625736570000,1625736600000,1,0.998512231912689,0.9967268774712293
1,fold_01-generation-pred-000285,generation,1625736840000,1625736870000,1,0.9984450341540408,0.9967268774712293
1,fold_01-generation-pred-000286,generation,1625736900000,1625736930000,1,0.9984163119407168,0.9967268774712293
1,fold_01-generation-pred-000287,generation,1625737590000,1625737620000,1,0.9973956296199151,0.9967268774712293
1,fold_01-generation-pred-000288,generation,1625737830000,1625737860000,1,0.9985753974932872,0.9967268774712293
1,fold_01-generation-pred-000289,generation,1625738190000,1625738220000,1,0.9984940005237737,0.9967268774712293
1,fold_01-generation-pred-000290,generation,1625738280000,1625738310000,1,0.9983767014443208,0.9967268774712293
1,fold_01-generation-pred-000291,generation,1625738940000,1625738970000,1,0.9982643963599355,0.9967268774712293
1,fold_01-generation-pred-000292,generation,1625739360000,1625739390000,1,0.9983172561113598,0.9967268774712293
1,fold_01-generation-pred-000293,generation,1625739660000,1625739690000,1,0.9982900606789132,0.9967268774712293
1,fold_01-generation-pred-000294,generation,1625740170000,1625740200000,1,0.9982007978595785,0.9967268774712293
1,fold_01-generation-pred-000295,generation,1625740440000,1625740470000,1,0.9983231718339364,0.9967268774712293
1,fold_01-generation-pred-000296,generation,1625740620000,1625740650000,1,0.9983099765651056,0.9967268774712293
1,fold_01-generation-pred-000297,generation,1625740710000,1625740740000,1,0.9982439116842021,0.9967268774712293
1,fold_01-generation-pred-000298,generation,1625740860000,1625740890000,1,0.9985302408207826,0.9967268774712293
1,fold_01-generation-pred-000299,generation,1625741040000,1625741070000,1,0.9984669749800954,0.9967268774712293
1,fold_01-generation-pred-000300,generation,1625741100000,1625741130000,1,0.9984737697058363,0.9967268774712293
1,fold_01-generation-pred-000301,generation,1625742150000,1625742180000,1,0.9984755228390526,0.9967268774712293
1,fold_01-generation-pred-000302,generation,1625742240000,1625742270000,1,0.9984972115688533,0.9967268774712293
1,fold_01-generation-pred-000303,generation,1625742480000,1625742510000,1,0.9979394706768536,0.9967268774712293
1,fold_01-generation-pred-000304,generation,1625742690000,1625742720000,1,0.9983159996053511,0.9967268774712293
1,fold_01-generation-pred-000305,generation,1625742990000,1625743020000,1,0.9984198350722936,0.9967268774712293
1,fold_01-generation-pred-000306,generation,1625743050000,1625743080000,1,0.9983116105282615,0.9967268774712293
1,fold_01-generation-pred-000307,generation,1625743380000,1625743410000,1,0.9985071399855886,0.9967268774712293
1,fold_01-generation-pred-000308,generation,1625744250000,1625744280000,1,0.9983511089314175,0.9967268774712293
1,fold_01-generation-pred-000309,generation,1625744490000,1625744520000,1,0.9983730985635151,0.9967268774712293
1,fold_01-generation-pred-000310,generation,1625745330000,1625745360000,1,0.9982944813246635,0.9967268774712293
1,fold_01-generation-pred-000311,generation,1625745630000,1625745660000,1,0.9973240737444987,0.9967268774712293
1,fold_01-generation-pred-000312,generation,1625746020000,1625746050000,1,0.9968549447300129,0.9967268774712293
1,fold_01-generation-pred-000313,generation,1625746170000,1625746200000,1,0.9967858554487978,0.9967268774712293
1,fold_01-generation-pred-000314,generation,1625746560000,1625746590000,1,0.9984694793524311,0.9967268774712293
1,fold_01-generation-pred-000315,generation,1625747400000,1625747430000,1,0.9985278588562494,0.9967268774712293
1,fold_01-generation-pred-000316,generation,1625747640000,1625747670000,1,0.9982386694979135,0.9967268774712293
1,fold_01-generation-pred-000317,generation,1625747820000,1625747850000,1,0.9982452569648066,0.9967268774712293
1,fold_01-generation-pred-000318,generation,1625748030000,1625748060000,1,0.9981746652592334,0.9967268774712293
1,fold_01-generation-pred-000319,generation,1625748120000,1625748150000,1,0.9983460948859797,0.9967268774712293
1,fold_01-generation-pred-000320,generation,1625748270000,1625748300000,1,0.9982228574863152,0.9967268774712293
1,fold_01-generation-pred-000321,generation,1625748540000,1625748570000,1,0.9985423998322008,0.9967268774712293
1,fold_01-generation-pred-000322,generation,1625748660000,1625748690000,1,0.9985021618836463,0.9967268774712293
1,fold_01-generation-pred-000323,generation,1625748720000,1625748750000,1,0.9983290437267925,0.9967268774712293
1,fold_01-generation-pred-000324,generation,1625748900000,1625748930000,1,0.9981567748915819,0.9967268774712293
1,fold_01-generation-pred-000325,generation,1625749260000,1625749290000,1,0.9983514660478231,0.9967268774712293
1,fold_01-generation-pred-000326,generation,1625749500000,1625749530000,1,0.9984053857134967,0.9967268774712293
1,fold_01-generation-pred-000327,generation,1625749620000,1625749650000,1,0.9983991835210697,0.9967268774712293
1,fold_01-generation-pred-000328,generation,1625749680000,1625749710000,1,0.9984659075207665,0.9967268774712293
1,fold_01-generation-pred-000329,generation,1625749800000,1625749830000,1,0.9984389911339296,0.9967268774712293
1,fold_01-generation-pred-000330,generation,1625750730000,1625750760000,1,0.9983620056942532,0.9967268774712293
1,fold_01-generation-pred-000331,generation,1625750970000,1625751000000,1,0.9984513377092163,0.9967268774712293
1,fold_01-generation-pred-000332,generation,1625751030000,1625751060000,1,0.998322024381023,0.9967268774712293
1,fold_01-generation-pred-000333,generation,1625751090000,1625751120000,1,0.9983838679382131,0.9967268774712293
1,fold_01-generation-pred-000334,generation,1625751270000,1625751300000,1,0.9983852914461223,0.9967268774712293
1,fold_01-generation-pred-000335,generation,1625751420000,1625751450000,1,0.9984846235098822,0.9967268774712293
1,fold_01-generation-pred-000336,generation,1625751630000,1625751660000,1,0.9983131401333696,0.9967268774712293
1,fold_01-generation-pred-000337,generation,1625751810000,1625751840000,1,0.9977616241766428,0.9967268774712293
1,fold_01-generation-pred-000338,generation,1625752260000,1625752290000,1,0.9983404455657389,0.9967268774712293
1,fold_01-generation-pred-000339,generation,1625752500000,1625752530000,1,0.9984358778086013,0.9967268774712293
1,fold_01-generation-pred-000340,generation,1625752590000,1625752620000,1,0.9982277788943295,0.9967268774712293
1,fold_01-generation-pred-000341,generation,1625752890000,1625752920000,1,0.9985188898162428,0.9967268774712293
1,fold_01-generation-pred-000342,generation,1625753100000,1625753130000,1,0.998471320379677,0.9967268774712293
1,fold_01-generation-pred-000343,generation,1625753970000,1625754000000,1,0.9982894443940034,0.9967268774712293
1,fold_01-generation-pred-000344,generation,1625754300000,1625754330000,1,0.9981663965087788,0.9967268774712293
1,fold_01-generation-pred-000345,generation,1625754360000,1625754390000,1,0.9984738205706706,0.9967268774712293
1,fold_01-generation-pred-000346,generation,1625754540000,1625754570000,1,0.9983827942883219,0.9967268774712293
1,fold_01-generation-pred-000347,generation,1625754870000,1625754900000,1,0.998571331872192,0.9967268774712293
1,fold_01-generation-pred-000348,generation,1625755200000,1625755230000,1,0.9984866654027462,0.9967268774712293
1,fold_01-generation-pred-000349,generation,1625755260000,1625755290000,1,0.9984333752267119,0.9967268774712293
1,fold_01-generation-pred-000350,generation,1625755890000,1625755920000,1,0.9985357421842393,0.9967268774712293
1,fold_01-generation-pred-000351,generation,1625756340000,1625756370000,1,0.9983344836496061,0.9967268774712293
1,fold_01-generation-pred-000352,generation,1625756490000,1625756520000,1,0.9985127673424052,0.9967268774712293
1,fold_01-generation-pred-000353,generation,1625756760000,1625756790000,1,0.998223297300823,0.9967268774712293
1,fold_01-generation-pred-000354,generation,1625756880000,1625756910000,1,0.9985793981238927,0.9967268774712293
1,fold_01-generation-pred-000355,generation,1625757090000,1625757120000,1,0.998434366899822,0.9967268774712293
1,fold_01-generation-pred-000356,generation,1625757630000,1625757660000,1,0.9982665999937533,0.9967268774712293
1,fold_01-generation-pred-000357,generation,1625757930000,1625757960000,1,0.9984608397693744,0.9967268774712293
1,fold_01-generation-pred-000358,generation,1625758260000,1625758290000,1,0.9982811326777565,0.9967268774712293
1,fold_01-generation-pred-000359,generation,1625758350000,1625758380000,1,0.9985384433967662,0.9967268774712293
1,fold_01-generation-pred-000360,generation,1625758710000,1625758740000,1,0.9981789434245529,0.9967268774712293
1,fold_01-generation-pred-000361,generation,1625758950000,1625758980000,1,0.9985117621909124,0.9967268774712293
1,fold_01-generation-pred-000362,generation,1625759280000,1625759310000,1,0.9984176345981908,0.9967268774712293
1,fold_01-generation-pred-000363,generation,1625759370000,1625759400000,1,0.9984499169881393,0.9967268774712293
1,fold_01-generation-pred-000364,generation,1625759550000,1625759580000,1,0.9984493449393964,0.9967268774712293
1,fold_01-generation-pred-000365,generation,1625759850000,1625759880000,1,0.9984559221880241,0.9967268774712293
1,fold_01-generation-pred-000366,generation,1625760000000,1625760030000,1,0.9985398693088643,0.9967268774712293
1,fold_01-generation-pred-000367,generation,1625760090000,1625760120000,1,0.9983680425126489,0.9967268774712293
1,fold_01-generation-pred-000368,generation,1625760300000,1625760330000,1,0.9983818655267683,0.9967268774712293
1,fold_01-generation-pred-000369,generation,1625760390000,1625760420000,1,0.998318522887647,0.9967268774712293
1,fold_01-generation-pred-000370,generation,1625760510000,1625760540000,1,0.998263720426489,0.9967268774712293
1,fold_01-generation-pred-000371,generation,1625760630000,1625760660000,1,0.9982032548586013,0.9967268774712293
1,fold_01-generation-pred-000372,generation,1625760750000,1625760780000,1,0.9979269410862028,0.9967268774712293
1,fold_01-generation-pred-000373,generation,1625761080000,1625761110000,1,0.9982111507980671,0.9967268774712293
1,fold_01-generation-pred-000374,generation,1625761380000,1625761410000,1,0.9981859800949627,0.9967268774712293
1,fold_01-generation-pred-000375,generation,1625761470000,1625761500000,1,0.9984996509048814,0.9967268774712293
1,fold_01-generation-pred-000376,generation,1625761560000,1625761590000,1,0.9982877629343138,0.9967268774712293
1,fold_01-generation-pred-000377,generation,1625761860000,1625761890000,1,0.998173471140137,0.9967268774712293
1,fold_01-generation-pred-000378,generation,1625761920000,1625761950000,1,0.9985042798839058,0.9967268774712293
1,fold_01-generation-pred-000379,generation,1625762100000,1625762130000,1,0.998276853033783,0.9967268774712293
1,fold_01-generation-pred-000380,generation,1625762250000,1625762280000,1,0.9983567556501015,0.9967268774712293
1,fold_01-generation-pred-000381,generation,1625762340000,1625762370000,1,0.9984670377487201,0.9967268774712293
1,fold_01-generation-pred-000382,generation,1625762520000,1625762550000,1,0.9984481640074929,0.9967268774712293
1,fold_01-generation-pred-000383,generation,1625762970000,1625763000000,1,0.9981397279891936,0.9967268774712293
1,fold_01-generation-pred-000384,generation,1625763210000,1625763240000,1,0.9979488602205501,0.9967268774712293
1,fold_01-generation-pred-000385,generation,1625763450000,1625763480000,1,0.9983091581867505,0.9967268774712293
1,fold_01-generation-pred-000386,generation,1625763630000,1625763660000,1,0.9978655944597502,0.9967268774712293
1,fold_01-generation-pred-000387,generation,1625763810000,1625763840000,1,0.9969654325883067,0.9967268774712293
1,fold_01-generation-pred-000388,generation,1625763900000,1625763930000,1,0.9972568558071846,0.9967268774712293
1,fold_01-generation-pred-000389,generation,1625764050000,1625764110000,2,0.9971077744347352,0.9967268774712293
1,fold_01-generation-pred-000390,generation,1625764200000,1625764230000,1,0.9969236651181503,0.9967268774712293
1,fold_01-generation-pred-000391,generation,1625764590000,1625764620000,1,0.9982844301793097,0.9967268774712293
1,fold_01-generation-pred-000392,generation,1625764860000,1625764890000,1,0.9983738016622942,0.9967268774712293
1,fold_01-generation-pred-000393,generation,1625765370000,1625765400000,1,0.9980458467372474,0.9967268774712293
1,fold_01-generation-pred-000394,generation,1625765670000,1625765730000,2,0.9980712937652398,0.9967268774712293
1,fold_01-generation-pred-000395,generation,1625766000000,1625766030000,1,0.9978832916631662,0.9967268774712293
1,fold_01-generation-pred-000396,generation,1625766120000,1625766150000,1,0.9982787533141343,0.9967268774712293
1,fold_01-generation-pred-000397,generation,1625766450000,1625766480000,1,0.9982918895028365,0.9967268774712293
1,fold_01-generation-pred-000398,generation,1625766930000,1625766960000,1,0.998393465168097,0.9967268774712293
1,fold_01-generation-pred-000399,generation,1625766990000,1625767020000,1,0.9983790374620981,0.9967268774712293
1,fold_01-generation-pred-000400,generation,1625767050000,1625767080000,1,0.9981879217586789,0.9967268774712293
1,fold_01-generation-pred-000401,generation,1625767650000,1625767680000,1,0.9981493732469513,0.9967268774712293
1,fold_01-generation-pred-000402,generation,1625767860000,1625767890000,1,0.9982039551438187,0.9967268774712293
1,fold_01-generation-pred-000403,generation,1625769030000,1625769060000,1,0.9982543917559051,0.9967268774712293
1,fold_01-generation-pred-000404,generation,1625769450000,1625769480000,1,0.998266198115377,0.9967268774712293
1,fold_01-generation-pred-000405,generation,1625769600000,1625769630000,1,0.9983855750751615,0.9967268774712293
1,fold_01-generation-pred-000406,generation,1625769750000,1625769780000,1,0.9981448668170323,0.9967268774712293
1,fold_01-generation-pred-000407,generation,1625770350000,1625770380000,1,0.9981759193742947,0.9967268774712293
1,fold_01-generation-pred-000408,generation,1625771460000,1625771490000,1,0.9980131327571768,0.9967268774712293
1,fold_01-generation-pred-000409,generation,1625771730000,1625771760000,1,0.9984003361741932,0.9967268774712293
1,fold_01-generation-pred-000410,generation,1625772150000,1625772180000,1,0.9982835871959947,0.9967268774712293
1,fold_01-generation-pred-000411,generation,1625772450000,1625772480000,1,0.9982741621765785,0.9967268774712293
1,fold_01-generation-pred-000412,generation,1625772720000,1625772750000,1,0.9985292383577654,0.9967268774712293
1,fold_01-generation-pred-000413,generation,1625772780000,1625772810000,1,0.9984386365944444,0.9967268774712293
1,fold_01-generation-pred-000414,generation,1625772900000,1625772930000,1,0.9982374735507207,0.9967268774712293
1,fold_01-generation-pred-000415,generation,1625773020000,1625773050000,1,0.9983711208276718,0.9967268774712293
1,fold_01-generation-pred-000416,generation,1625773320000,1625773350000,1,0.9984290552678465,0.9967268774712293
1,fold_01-generation-pred-000417,generation,1625773740000,1625773770000,1,0.9983724075586227,0.9967268774712293
1,fold_01-generation-pred-000418,generation,1625773830000,1625773860000,1,0.9974858162185324,0.9967268774712293
1,fold_01-generation-pred-000419,generation,1625774430000,1625774460000,1,0.9982430856234183,0.9967268774712293
1,fold_01-generation-pred-000420,generation,1625774550000,1625774580000,1,0.9980917721758219,0.9967268774712293
1,fold_01-generation-pred-000421,generation,1625774670000,1625774700000,1,0.9978334082591003,0.9967268774712293
1,fold_01-generation-pred-000422,generation,1625774820000,1625774850000,1,0.998313825756767,0.9967268774712293
1,fold_01-generation-pred-000423,generation,1625774910000,1625774940000,1,0.9983841533553937,0.9967268774712293
1,fold_01-generation-pred-000424,generation,1625774970000,1625775000000,1,0.9984049043342601,0.9967268774712293
1,fold_01-generation-pred-000425,generation,1625775330000,1625775360000,1,0.9978457876394573,0.9967268774712293
1,fold_01-generation-pred-000426,generation,1625775990000,1625776020000,1,0.9982040833716623,0.9967268774712293
1,fold_01-generation-pred-000427,generation,1625776410000,1625776440000,1,0.9982290758206547,0.9967268774712293
1,fold_01-generation-pred-000428,generation,1625776620000,1625776650000,1,0.9983900488984568,0.9967268774712293
1,fold_01-generation-pred-000429,generation,1625777250000,1625777280000,1,0.9985044977853924,0.9967268774712293
1,fold_01-generation-pred-000430,generation,1625777310000,1625777340000,1,0.9984419966546509,0.9967268774712293
1,fold_01-generation-pred-000431,generation,1625777670000,1625777700000,1,0.9978948177250941,0.9967268774712293
1,fold_01-generation-pred-000432,generation,1625777850000,1625777880000,1,0.997949229135671,0.9967268774712293
1,fold_01-generation-pred-000433,generation,1625778000000,1625778030000,1,0.9971639637422045,0.9967268774712293
1,fold_01-generation-pred-000434,generation,1625778060000,1625778090000,1,0.9982940558530398,0.9967268774712293
1,fold_01-generation-pred-000435,generation,1625778150000,1625778180000,1,0.9983380176308192,0.9967268774712293
1,fold_01-generation-pred-000436,generation,1625778480000,1625778510000,1,0.9983414928074866,0.9967268774712293
1,fold_01-generation-pred-000437,generation,1625778570000,1625778600000,1,0.9972820873459597,0.9967268774712293
1,fold_01-generation-pred-000438,generation,1625778840000,1625778870000,1,0.9978760537708063,0.9967268774712293
1,fold_01-generation-pred-000439,generation,1625779200000,1625779230000,1,0.9979186739091647,0.9967268774712293
1,fold_01-generation-pred-000440,generation,1625779440000,1625779470000,1,0.9981806908544459,0.9967268774712293
1,fold_01-generation-pred-000441,generation,1625779500000,1625779530000,1,0.9984394124630994,0.9967268774712293
1,fold_01-generation-pred-000442,generation,1625779740000,1625779770000,1,0.9980701983942346,0.9967268774712293
1,fold_01-generation-pred-000443,generation,1625779860000,1625779890000,1,0.9983962222912314,0.9967268774712293
1,fold_01-generation-pred-000444,generation,1625779950000,1625779980000,1,0.9984122186681041,0.9967268774712293
1,fold_01-generation-pred-000445,generation,1625780100000,1625780160000,2,0.9979329497993062,0.9967268774712293
1,fold_01-generation-pred-000446,generation,1625780190000,1625780220000,1,0.9983891104924614,0.9967268774712293
1,fold_01-generation-pred-000447,generation,1625780490000,1625780520000,1,0.998117099100485,0.9967268774712293
1,fold_01-generation-pred-000448,generation,1625780670000,1625780700000,1,0.9983776138562311,0.9967268774712293
1,fold_01-generation-pred-000449,generation,1625781120000,1625781150000,1,0.9982256045450152,0.9967268774712293
1,fold_01-generation-pred-000450,generation,1625781240000,1625781270000,1,0.9981101303709182,0.9967268774712293
1,fold_01-generation-pred-000451,generation,1625781450000,1625781480000,1,0.9983946425673395,0.9967268774712293
1,fold_01-generation-pred-000452,generation,1625781510000,1625781540000,1,0.9978479165301155,0.9967268774712293
1,fold_01-generation-pred-000453,generation,1625781720000,1625781750000,1,0.9984962302869608,0.9967268774712293
1,fold_01-generation-pred-000454,generation,1625781870000,1625781900000,1,0.9983637569183138,0.9967268774712293
1,fold_01-generation-pred-000455,generation,1625781960000,1625781990000,1,0.9984179652784901,0.9967268774712293
1,fold_01-generation-pred-000456,generation,1625782200000,1625782230000,1,0.9984237001286429,0.9967268774712293
1,fold_01-generation-pred-000457,generation,1625782350000,1625782380000,1,0.9978716661724062,0.9967268774712293
1,fold_01-generation-pred-000458,generation,1625782590000,1625782620000,1,0.9983889862507531,0.9967268774712293
1,fold_01-generation-pred-000459,generation,1625782710000,1625782740000,1,0.9981843077390625,0.9967268774712293
1,fold_01-generation-pred-000460,generation,1625782920000,1625782950000,1,0.9984967721825162,0.9967268774712293
1,fold_01-generation-pred-000461,generation,1625783070000,1625783100000,1,0.998264079084044,0.9967268774712293
1,fold_01-generation-pred-000462,generation,1625783280000,1625783310000,1,0.9981985270157441,0.9967268774712293
1,fold_01-generation-pred-000463,generation,1625783880000,1625783910000,1,0.9983962696284224,0.9967268774712293
1,fold_01-generation-pred-000464,generation,1625784240000,1625784270000,1,0.9983321597533299,0.9967268774712293
1,fold_01-generation-pred-000465,generation,1625784510000,1625784540000,1,0.9982806907871277,0.9967268774712293
1,fold_01-generation-pred-000466,generation,1625784600000,1625784630000,1,0.9982520777817767,0.9967268774712293
1,fold_01-generation-pred-000467,generation,1625785050000,1625785080000,1,0.9984159334049388,0.9967268774712293
1,fold_01-generation-pred-000468,generation,1625785260000,1625785290000,1,0.9983214355781297,0.9967268774712293
1,fold_01-generation-pred-000469,generation,1625785350000,1625785380000,1,0.9983266588831643,0.9967268774712293
1,fold_01-generation-pred-000470,generation,1625785560000,1625785590000,1,0.9981740291880011,0.9967268774712293
1,fold_01-generation-pred-000471,generation,1625785890000,1625785920000,1,0.9981249865779209,0.9967268774712293
1,fold_01-generation-pred-000472,generation,1625786130000,1625786160000,1,0.9984910240464407,0.9967268774712293
1,fold_01-generation-pred-000473,generation,1625786370000,1625786400000,1,0.9982671057166878,0.9967268774712293
1,fold_01-generation-pred-000474,generation,1625787450000,1625787480000,1,0.9981813549063028,0.9967268774712293
1,fold_01-generation-pred-000475,generation,1625787510000,1625787540000,1,0.9983036066153879,0.9967268774712293
1,fold_01-generation-pred-000476,generation,1625788050000,1625788080000,1,0.9981498241691432,0.9967268774712293
1,fold_01-generation-pred-000477,generation,1625788200000,1625788230000,1,0.9976047952538911,0.9967268774712293
1,fold_01-generation-pred-000478,generation,1625788320000,1625788350000,1,0.9984215283245864,0.9967268774712293
1,fold_01-generation-pred-000479,generation,1625788710000,1625788740000,1,0.9979335123472289,0.9967268774712293
1,fold_01-generation-pred-000480,generation,1625789010000,1625789040000,1,0.9981794079520506,0.9967268774712293
1,fold_01-generation-pred-000481,generation,1625789160000,1625789190000,1,0.9982813421270303,0.9967268774712293
1,fold_01-generation-pred-000482,generation,1625789220000,1625789250000,1,0.9982789466679235,0.9967268774712293
1,fold_01-generation-pred-000483,generation,1625789580000,1625789610000,1,0.9984569172430027,0.9967268774712293
1,fold_01-generation-pred-000484,generation,1625790120000,1625790150000,1,0.9979652333503353,0.9967268774712293
1,fold_01-generation-pred-000485,generation,1625790330000,1625790360000,1,0.9983358087805627,0.9967268774712293
1,fold_01-generation-pred-000486,generation,1625790510000,1625790540000,1,0.9980309729660058,0.9967268774712293
1,fold_01-generation-pred-000487,generation,1625790930000,1625790960000,1,0.998214665595565,0.9967268774712293
1,fold_01-generation-pred-000488,generation,1625791050000,1625791080000,1,0.9981442088988458,0.9967268774712293
1,fold_01-generation-pred-000489,generation,1625791140000,1625791170000,1,0.9980324651324851,0.9967268774712293
1,fold_01-generation-pred-000490,generation,1625791470000,1625791500000,1,0.9973084650294902,0.9967268774712293
1,fold_01-generation-pred-000491,generation,1625791560000,1625791590000,1,0.9983926144581124,0.9967268774712293
1,fold_01-generation-pred-000492,generation,1625791620000,1625791650000,1,0.9983617171513256,0.9967268774712293
1,fold_01-generation-pred-000493,generation,1625792970000,1625793000000,1,0.9982870006836184,0.9967268774712293
1,fold_01-generation-pred-000494,generation,1625793180000,1625793210000,1,0.9981981496931238,0.9967268774712293
1,fold_01-generation-pred-000495,generation,1625793390000,1625793420000,1,0.998259781904846,0.9967268774712293
1,fold_01-generation-pred-000496,generation,1625793630000,1625793660000,1,0.9981261195836856,0.9967268774712293
1,fold_01-generation-pred-000497,generation,1625793780000,1625793810000,1,0.9983444642921515,0.9967268774712293
1,fold_01-generation-pred-000498,generation,1625793840000,1625793870000,1,0.9984447542907573,0.9967268774712293
1,fold_01-generation-pred-000499,generation,1625794050000,1625794080000,1,0.9976833071360787,0.9967268774712293
1,fold_01-generation-pred-000500,generation,1625794170000,1625794200000,1,0.997453813734303,0.9967268774712293
1,fold_01-generation-pred-000501,generation,1625794440000,1625794470000,1,0.9981398723032635,0.9967268774712293
1,fold_01-generation-pred-000502,generation,1625794920000,1625794950000,1,0.9984097752003115,0.9967268774712293
1,fold_01-generation-pred-000503,generation,1625795130000,1625795160000,1,0.9981255611954054,0.9967268774712293
1,fold_01-generation-pred-000504,generation,1625795460000,1625795490000,1,0.9978554113346932,0.9967268774712293
1,fold_01-generation-pred-000505,generation,1625795760000,1625795790000,1,0.9982183125868226,0.9967268774712293
1,fold_01-generation-pred-000506,generation,1625795850000,1625795880000,1,0.9980544691812698,0.9967268774712293
1,fold_01-generation-pred-000507,generation,1625795940000,1625795970000,1,0.9981413723303973,0.9967268774712293
1,fold_01-generation-pred-000508,generation,1625796750000,1625796780000,1,0.9978854811678979,0.9967268774712293
1,fold_01-generation-pred-000509,generation,1625797050000,1625797110000,2,0.9980269845756946,0.9967268774712293
1,fold_01-generation-pred-000510,generation,1625798220000,1625798250000,1,0.9980518888531941,0.9967268774712293
1,fold_01-generation-pred-000511,generation,1625798310000,1625798340000,1,0.9974314150151831,0.9967268774712293
1,fold_01-generation-pred-000512,generation,1625798400000,1625798430000,1,0.9981199985925449,0.9967268774712293
1,fold_01-generation-pred-000513,generation,1625798490000,1625798520000,1,0.9982630177722507,0.9967268774712293
1,fold_01-generation-pred-000514,generation,1625798580000,1625798610000,1,0.99826910571401,0.9967268774712293
1,fold_01-generation-pred-000515,generation,1625798730000,1625798760000,1,0.998130982837275,0.9967268774712293
1,fold_01-generation-pred-000516,generation,1625799030000,1625799060000,1,0.9979081921325428,0.9967268774712293
1,fold_01-generation-pred-000517,generation,1625799090000,1625799120000,1,0.9983262262865571,0.9967268774712293
1,fold_01-generation-pred-000518,generation,1625799270000,1625799300000,1,0.99729588441714,0.9967268774712293
1,fold_01-generation-pred-000519,generation,1625799420000,1625799450000,1,0.9977767876623745,0.9967268774712293
1,fold_01-generation-pred-000520,generation,1625799720000,1625799750000,1,0.9984687067441328,0.9967268774712293
1,fold_01-generation-pred-000521,generation,1625799810000,1625799840000,1,0.9982936538311844,0.9967268774712293
1,fold_01-generation-pred-000522,generation,1625799870000,1625799900000,1,0.998156390594998,0.9967268774712293
1,fold_01-generation-pred-000523,generation,1625800080000,1625800110000,1,0.9984536121348213,0.9967268774712293
1,fold_01-generation-pred-000524,generation,1625800260000,1625800290000,1,0.9979947228458608,0.9967268774712293
1,fold_01-generation-pred-000525,generation,1625801130000,1625801160000,1,0.9979944193640568,0.9967268774712293
1,fold_01-generation-pred-000526,generation,1625801370000,1625801400000,1,0.9983824493378859,0.9967268774712293
1,fold_01-generation-pred-000527,generation,1625801670000,1625801700000,1,0.9982237099509925,0.9967268774712293
1,fold_01-generation-pred-000528,generation,1625801850000,1625801880000,1,0.9982971040775394,0.9967268774712293
1,fold_01-generation-pred-000529,generation,1625802660000,1625802690000,1,0.9981762787749305,0.9967268774712293
1,fold_01-generation-pred-000530,generation,1625802810000,1625802840000,1,0.9982434167631754,0.9967268774712293
1,fold_01-generation-pred-000531,generation,1625802870000,1625802900000,1,0.9983205076153929,0.9967268774712293
1,fold_01-generation-pred-000532,generation,1625803260000,1625803290000,1,0.9975413052036773,0.9967268774712293
1,fold_01-generation-pred-000533,generation,1625803440000,1625803470000,1,0.9978255387796767,0.9967268774712293
1,fold_01-generation-pred-000534,generation,1625803740000,1625803770000,1,0.9982847837497936,0.9967268774712293
1,fold_01-generation-pred-000535,generation,1625804460000,1625804490000,1,0.9975785540938547,0.9967268774712293
1,fold_01-generation-pred-000536,generation,1625805480000,1625805510000,1,0.9973861344293599,0.9967268774712293
1,fold_01-generation-pred-000537,generation,1625805870000,1625805900000,1,0.9976550522444314,0.9967268774712293
1,fold_01-generation-pred-000538,generation,1625806200000,1625806230000,1,0.9982727518676097,0.9967268774712293
1,fold_01-generation-pred-000539,generation,1625806650000,1625806680000,1,0.9984625740614681,0.9967268774712293
1,fold_01-generation-pred-000540,generation,1625806800000,1625806830000,1,0.9980615772601942,0.9967268774712293
1,fold_01-generation-pred-000541,generation,1625806920000,1625806950000,1,0.9984679826172419,0.9967268774712293
1,fold_01-generation-pred-000542,generation,1625807160000,1625807190000,1,0.9983422174344972,0.9967268774712293
1,fold_01-generation-pred-000543,generation,1625807760000,1625807790000,1,0.9983675902896403,0.9967268774712293
1,fold_01-generation-pred-000544,generation,1625807910000,1625807940000,1,0.998185288361538,0.9967268774712293
1,fold_01-generation-pred-000545,generation,1625808060000,1625808090000,1,0.9981605329170496,0.9967268774712293
1,fold_01-generation-pred-000546,generation,1625808630000,1625808660000,1,0.9984569473639249,0.9967268774712293
1,fold_01-generation-pred-000547,generation,1625808870000,1625808900000,1,0.9978811119948177,0.9967268774712293
1,fold_01-generation-pred-000548,generation,1625809110000,1625809140000,1,0.9981742516642961,0.9967268774712293
1,fold_01-generation-pred-000549,generation,1625809200000,1625809230000,1,0.9980563432203065,0.9967268774712293
1,fold_01-generation-pred-000550,generation,1625809680000,1625809710000,1,0.9981374715190026,0.9967268774712293
1,fold_01-generation-pred-000551,generation,1625809800000,1625809830000,1,0.9983880119255789,0.9967268774712293
1,fold_01-generation-pred-000552,generation,1625809890000,1625809920000,1,0.998170229013648,0.9967268774712293
1,fold_01-generation-pred-000553,generation,1625810610000,1625810640000,1,0.9984073658895493,0.9967268774712293
1,fold_01-generation-pred-000554,generation,1625810790000,1625810820000,1,0.998023707741369,0.9967268774712293
1,fold_01-generation-pred-000555,generation,1625810970000,1625811000000,1,0.9982552249679704,0.9967268774712293
1,fold_01-generation-pred-000556,generation,1625811060000,1625811090000,1,0.9980192758219001,0.9967268774712293
1,fold_01-generation-pred-000557,generation,1625811510000,1625811540000,1,0.9983939331728086,0.9967268774712293
1,fold_01-generation-pred-000558,generation,1625811600000,1625811630000,1,0.9981955225439554,0.9967268774712293
1,fold_01-generation-pred-000559,generation,1625811840000,1625811870000,1,0.9982821575909702,0.9967268774712293
1,fold_01-generation-pred-000560,generation,1625812170000,1625812200000,1,0.9977406279225881,0.9967268774712293
1,fold_01-generation-pred-000561,generation,1625812470000,1625812500000,1,0.9983221825317335,0.9967268774712293
1,fold_01-generation-pred-000562,generation,1625812800000,1625812830000,1,0.9983025080180078,0.9967268774712293
1,fold_01-generation-pred-000563,generation,1625812980000,1625813010000,1,0.9980912907810936,0.9967268774712293
1,fold_01-generation-pred-000564,generation,1625813160000,1625813190000,1,0.99830301620755,0.9967268774712293
1,fold_01-generation-pred-000565,generation,1625813400000,1625813430000,1,0.9984911332469018,0.9967268774712293
1,fold_01-generation-pred-000566,generation,1625813610000,1625813640000,1,0.9980339421357549,0.9967268774712293
1,fold_01-generation-pred-000567,generation,1625813850000,1625813880000,1,0.9983087420059695,0.9967268774712293
1,fold_01-generation-pred-000568,generation,1625814600000,1625814630000,1,0.9982269975828978,0.9967268774712293
1,fold_01-generation-pred-000569,generation,1625814780000,1625814810000,1,0.9981024008940053,0.9967268774712293
1,fold_01-generation-pred-000570,generation,1625815260000,1625815290000,1,0.9984195258506001,0.9967268774712293
1,fold_01-generation-pred-000571,generation,1625816370000,1625816400000,1,0.9983406162021542,0.9967268774712293
1,fold_01-generation-pred-000572,generation,1625816730000,1625816760000,1,0.998124493908712,0.9967268774712293
1,fold_01-generation-pred-000573,generation,1625817450000,1625817480000,1,0.9982883659728898,0.9967268774712293
1,fold_01-generation-pred-000574,generation,1625817690000,1625817720000,1,0.9982632492661703,0.9967268774712293
1,fold_01-generation-pred-000575,generation,1625817930000,1625817960000,1,0.9983207090771689,0.9967268774712293
1,fold_01-generation-pred-000576,generation,1625818140000,1625818170000,1,0.9983963925459041,0.9967268774712293
1,fold_01-generation-pred-000577,generation,1625818380000,1625818410000,1,0.9984559552688269,0.9967268774712293
1,fold_01-generation-pred-000578,generation,1625818440000,1625818470000,1,0.9978837730447545,0.9967268774712293
1,fold_01-generation-pred-000579,generation,1625818560000,1625818590000,1,0.9981614712278277,0.9967268774712293
1,fold_01-generation-pred-000580,generation,1625818920000,1625818950000,1,0.9981523409758085,0.9967268774712293
1,fold_01-generation-pred-000581,generation,1625819250000,1625819280000,1,0.9976941607771056,0.9967268774712293
1,fold_01-generation-pred-000582,generation,1625819490000,1625819520000,1,0.9982354118700597,0.9967268774712293
1,fold_01-generation-pred-000583,generation,1625819580000,1625819610000,1,0.9978501445935989,0.9967268774712293
1,fold_01-generation-pred-000584,generation,1625819700000,1625819730000,1,0.9984097070623346,0.9967268774712293
1,fold_01-generation-pred-000585,generation,1625820090000,1625820120000,1,0.9983553500891001,0.9967268774712293
1,fold_01-generation-pred-000586,generation,1625820210000,1625820240000,1,0.9981957776160667,0.9967268774712293
1,fold_01-generation-pred-000587,generation,1625820270000,1625820300000,1,0.9973510303591143,0.9967268774712293
1,fold_01-generation-pred-000588,generation,1625820450000,1625820480000,1,0.9981420303680341,0.9967268774712293
1,fold_01-generation-pred-000589,generation,1625820660000,1625820690000,1,0.9981829365735261,0.9967268774712293
1,fold_01-generation-pred-000590,generation,1625820960000,1625820990000,1,0.9972519963757542,0.9967268774712293
1,fold_01-generation-pred-000591,generation,1625821800000,1625821830000,1,0.9980809753587868,0.9967268774712293
1,fold_01-generation-pred-000592,generation,1625821890000,1625821920000,1,0.9981820178509152,0.9967268774712293
1,fold_01-generation-pred-000593,generation,1625822190000,1625822220000,1,0.9978136893735029,0.9967268774712293
1,fold_01-generation-pred-000594,generation,1625822460000,1625822490000,1,0.9982883863421119,0.9967268774712293
1,fold_01-generation-pred-000595,generation,1625822850000,1625822880000,1,0.9982621667674622,0.9967268774712293
1,fold_01-generation-pred-000596,generation,1625822940000,1625822970000,1,0.9981171116464952,0.9967268774712293
1,fold_01-generation-pred-000597,generation,1625823540000,1625823570000,1,0.9983182258972709,0.9967268774712293
1,fold_01-generation-pred-000598,generation,1625823840000,1625823870000,1,0.9983608964763129,0.9967268774712293
1,fold_01-generation-pred-000599,generation,1625823960000,1625823990000,1,0.9981482498682472,0.9967268774712293
1,fold_01-generation-pred-000600,generation,1625824020000,1625824050000,1,0.9981956762785944,0.9967268774712293
1,fold_01-generation-pred-000601,generation,1625824080000,1625824110000,1,0.9981665439937384,0.9967268774712293
1,fold_01-generation-pred-000602,generation,1625824410000,1625824440000,1,0.997854944949202,0.9967268774712293
1,fold_01-generation-pred-000603,generation,1625824560000,1625824590000,1,0.99777092211723,0.9967268774712293
1,fold_01-generation-pred-000604,generation,1625825070000,1625825100000,1,0.9984311980597997,0.9967268774712293
1,fold_01-generation-pred-000605,generation,1625825160000,1625825190000,1,0.998443776595894,0.9967268774712293
1,fold_01-generation-pred-000606,generation,1625825520000,1625825550000,1,0.9979207289415638,0.9967268774712293
1,fold_01-generation-pred-000607,generation,1625825970000,1625826000000,1,0.9978846267750929,0.9967268774712293
1,fold_01-generation-pred-000608,generation,1625826540000,1625826570000,1,0.9976112525761471,0.9967268774712293
1,fold_01-generation-pred-000609,generation,1625827320000,1625827350000,1,0.9982624438652392,0.9967268774712293
1,fold_01-generation-pred-000610,generation,1625827650000,1625827680000,1,0.9969237674843178,0.9967268774712293
1,fold_01-generation-pred-000611,generation,1625827830000,1625827860000,1,0.9974298606064697,0.9967268774712293
1,fold_01-generation-pred-000612,generation,1625827980000,1625828010000,1,0.9981382673980608,0.9967268774712293
1,fold_01-generation-pred-000613,generation,1625828070000,1625828100000,1,0.9984433386563779,0.9967268774712293
1,fold_01-generation-pred-000614,generation,1625828850000,1625828880000,1,0.9982946745382394,0.9967268774712293
1,fold_01-generation-pred-000615,generation,1625828940000,1625828970000,1,0.9983687773024342,0.9967268774712293
1,fold_01-generation-pred-000616,generation,1625829570000,1625829600000,1,0.9981834104600334,0.9967268774712293
1,fold_01-generation-pred-000617,generation,1625829750000,1625829780000,1,0.998206232818392,0.9967268774712293
1,fold_01-generation-pred-000618,generation,1625830290000,1625830320000,1,0.9983265728507437,0.9967268774712293
1,fold_01-generation-pred-000619,generation,1625830710000,1625830740000,1,0.9983198670944988,0.9967268774712293
1,fold_01-generation-pred-000620,generation,1625830890000,1625830920000,1,0.9981888978467208,0.9967268774712293
1,fold_01-generation-pred-000621,generation,1625831460000,1625831490000,1,0.9980699402994988,0.9967268774712293
1,fold_01-generation-pred-000622,generation,1625831700000,1625831730000,1,0.9979431012601776,0.9967268774712293
1,fold_01-generation-pred-000623,generation,1625832240000,1625832270000,1,0.9982887529467307,0.9967268774712293
1,fold_01-generation-pred-000624,generation,1625833140000,1625833170000,1,0.9975152413971672,0.9967268774712293
1,fold_01-generation-pred-000625,generation,1625833350000,1625833380000,1,0.9977479898699535,0.9967268774712293
1,fold_01-generation-pred-000626,generation,1625833410000,1625833440000,1,0.9984532542833118,0.9967268774712293
1,fold_01-generation-pred-000627,generation,1625834250000,1625834280000,1,0.9982840700015578,0.9967268774712293
1,fold_01-generation-pred-000628,generation,1625834370000,1625834400000,1,0.9983379044885441,0.9967268774712293
1,fold_01-generation-pred-000629,generation,1625834790000,1625834820000,1,0.9983623830630047,0.9967268774712293
1,fold_01-generation-pred-000630,generation,1625834850000,1625834880000,1,0.9984569679339734,0.9967268774712293
1,fold_01-generation-pred-000631,generation,1625834970000,1625835000000,1,0.9983856480881363,0.9967268774712293
1,fold_01-generation-pred-000632,generation,1625836050000,1625836080000,1,0.9980416917807413,0.9967268774712293
1,fold_01-generation-pred-000633,generation,1625836440000,1625836470000,1,0.9976332951461254,0.9967268774712293
1,fold_01-generation-pred-000634,generation,1625836560000,1625836590000,1,0.9984822103644121,0.9967268774712293
1,fold_01-generation-pred-000635,generation,1625837340000,1625837370000,1,0.9979550118461724,0.9967268774712293
1,fold_01-generation-pred-000636,generation,1625837400000,1625837430000,1,0.9981569319212791,0.9967268774712293
1,fold_01-generation-pred-000637,generation,1625837490000,1625837520000,1,0.9984400512994585,0.9967268774712293
1,fold_01-generation-pred-000638,generation,1625837550000,1625837580000,1,0.9984775777007535,0.9967268774712293
1,fold_01-generation-pred-000639,generation,1625837790000,1625837820000,1,0.9983406138323241,0.9967268774712293
1,fold_01-generation-pred-000640,generation,1625838390000,1625838420000,1,0.9983562838722535,0.9967268774712293
1,fold_01-generation-pred-000641,generation,1625838600000,1625838630000,1,0.9982523265373123,0.9967268774712293
1,fold_01-generation-pred-000642,generation,1625838870000,1625838900000,1,0.9982544299777099,0.9967268774712293
1,fold_01-generation-pred-000643,generation,1625839110000,1625839140000,1,0.9984809206277955,0.9967268774712293
1,fold_01-generation-pred-000644,generation,1625839320000,1625839350000,1,0.9984229367328855,0.9967268774712293
1,fold_01-generation-pred-000645,generation,1625839380000,1625839410000,1,0.9984099750548965,0.9967268774712293
1,fold_01-generation-pred-000646,generation,1625839590000,1625839620000,1,0.9983818824741183,0.9967268774712293
1,fold_01-generation-pred-000647,generation,1625840340000,1625840370000,1,0.9981639101736187,0.9967268774712293
1,fold_01-generation-pred-000648,generation,1625840490000,1625840520000,1,0.9979159624466241,0.9967268774712293
1,fold_01-generation-pred-000649,generation,1625840700000,1625840730000,1,0.9984334721848138,0.9967268774712293
1,fold_01-generation-pred-000650,generation,1625840910000,1625840940000,1,0.9983186621588966,0.9967268774712293
1,fold_01-generation-pred-000651,generation,1625841300000,1625841330000,1,0.9983667212353109,0.9967268774712293
1,fold_01-generation-pred-000652,generation,1625841660000,1625841690000,1,0.9980020364132082,0.9967268774712293
1,fold_01-generation-pred-000653,generation,1625841810000,1625841840000,1,0.9982437846231679,0.9967268774712293
1,fold_01-generation-pred-000654,generation,1625842140000,1625842170000,1,0.9982678570165332,0.9967268774712293
1,fold_01-generation-pred-000655,generation,1625842260000,1625842290000,1,0.9984958400300347,0.9967268774712293
1,fold_01-generation-pred-000656,generation,1625842440000,1625842470000,1,0.9983353056401235,0.9967268774712293
1,fold_01-generation-pred-000657,generation,1625843160000,1625843190000,1,0.9983390308211831,0.9967268774712293
1,fold_01-generation-pred-000658,generation,1625843220000,1625843250000,1,0.9981910086079973,0.9967268774712293
1,fold_01-generation-pred-000659,generation,1625843430000,1625843460000,1,0.9982103979458858,0.9967268774712293
1,fold_01-generation-pred-000660,generation,1625843850000,1625843880000,1,0.9984677688870905,0.9967268774712293
1,fold_01-generation-pred-000661,generation,1625843940000,1625843970000,1,0.9982442100743611,0.9967268774712293
1,fold_01-generation-pred-000662,generation,1625844120000,1625844150000,1,0.9983936594218722,0.9967268774712293
1,fold_01-generation-pred-000663,generation,1625844420000,1625844450000,1,0.9983181810639863,0.9967268774712293
1,fold_01-generation-pred-000664,generation,1625844810000,1625844840000,1,0.9984123003043976,0.9967268774712293
1,fold_01-generation-pred-000665,generation,1625845530000,1625845560000,1,0.9982799704260602,0.9967268774712293
1,fold_01-generation-pred-000666,generation,1625845980000,1625846010000,1,0.9982825672219079,0.9967268774712293
1,fold_01-generation-pred-000667,generation,1625846070000,1625846100000,1,0.9984018509600198,0.9967268774712293
1,fold_01-generation-pred-000668,generation,1625846190000,1625846220000,1,0.998515445847293,0.9967268774712293
1,fold_01-generation-pred-000669,generation,1625846340000,1625846370000,1,0.9984945991292025,0.9967268774712293
1,fold_01-generation-pred-000670,generation,1625846460000,1625846490000,1,0.998412863329496,0.9967268774712293
1,fold_01-generation-pred-000671,generation,1625846520000,1625846550000,1,0.9984138196371386,0.9967268774712293
1,fold_01-generation-pred-000672,generation,1625846910000,1625846940000,1,0.9983302881317403,0.9967268774712293
1,fold_01-generation-pred-000673,generation,1625847180000,1625847210000,1,0.9983652588143846,0.9967268774712293
1,fold_01-generation-pred-000674,generation,1625847330000,1625847360000,1,0.9985143512567326,0.9967268774712293
1,fold_01-generation-pred-000675,generation,1625847540000,1625847570000,1,0.9983440843776774,0.9967268774712293
1,fold_01-generation-pred-000676,generation,1625847750000,1625847780000,1,0.9984698844517161,0.9967268774712293
1,fold_01-generation-pred-000677,generation,1625848110000,1625848140000,1,0.9983183107570072,0.9967268774712293
1,fold_01-generation-pred-000678,generation,1625848170000,1625848200000,1,0.9983963627717252,0.9967268774712293
1,fold_01-generation-pred-000679,generation,1625848290000,1625848320000,1,0.9980142878592969,0.9967268774712293
1,fold_01-generation-pred-000680,generation,1625848350000,1625848380000,1,0.9984634185286524,0.9967268774712293
1,fold_01-generation-pred-000681,generation,1625848440000,1625848470000,1,0.9985142012888398,0.9967268774712293
1,fold_01-generation-pred-000682,generation,1625848530000,1625848560000,1,0.9984867835637685,0.9967268774712293
1,fold_01-generation-pred-000683,generation,1625848650000,1625848680000,1,0.9984084217371262,0.9967268774712293
1,fold_01-generation-pred-000684,generation,1625848770000,1625848800000,1,0.9984532086255268,0.9967268774712293
1,fold_01-generation-pred-000685,generation,1625849220000,1625849250000,1,0.998461296235653,0.9967268774712293
1,fold_01-generation-pred-000686,generation,1625849370000,1625849400000,1,0.9984980227368061,0.9967268774712293
1,fold_01-generation-pred-000687,generation,1625849430000,1625849460000,1,0.998403339989715,0.9967268774712293
1,fold_01-generation-pred-000688,generation,1625849910000,1625849940000,1,0.998377360502765,0.9967268774712293
1,fold_01-generation-pred-000689,generation,1625850270000,1625850300000,1,0.9984816437090501,0.9967268774712293
1,fold_01-generation-pred-000690,generation,1625850570000,1625850600000,1,0.9984557692720075,0.9967268774712293
1,fold_01-generation-pred-000691,generation,1625850630000,1625850660000,1,0.998425635112047,0.9967268774712293
1,fold_01-generation-pred-000692,generation,1625850690000,1625850720000,1,0.9984197801541176,0.9967268774712293
1,fold_01-generation-pred-000693,generation,1625851380000,1625851410000,1,0.9982976851940001,0.9967268774712293
1,fold_01-generation-pred-000694,generation,1625852280000,1625852310000,1,0.9985308313383332,0.9967268774712293
1,fold_01-generation-pred-000695,generation,1625852370000,1625852400000,1,0.9984657307561972,0.9967268774712293
1,fold_01-generation-pred-000696,generation,1625852490000,1625852520000,1,0.9985355295258184,0.9967268774712293
1,fold_01-generation-pred-000697,generation,1625852670000,1625852700000,1,0.9983778077067513,0.9967268774712293
1,fold_01-generation-pred-000698,generation,1625852940000,1625852970000,1,0.9985566042778936,0.9967268774712293
1,fold_01-generation-pred-000699,generation,1625853060000,1625853090000,1,0.998546455620657,0.9967268774712293
1,fold_01-generation-pred-000700,generation,1625853480000,1625853510000,1,0.9983668308642127,0.9967268774712293
1,fold_01-generation-pred-000701,generation,1625853810000,1625853840000,1,0.9984363915432034,0.9967268774712293
1,fold_01-generation-pred-000702,generation,1625853900000,1625853930000,1,0.9984202457697349,0.9967268774712293
1,fold_01-generation-pred-000703,generation,1625854020000,1625854050000,1,0.9984416472482619,0.9967268774712293
1,fold_01-generation-pred-000704,generation,1625854200000,1625854260000,2,0.9984368485508843,0.9967268774712293
1,fold_01-generation-pred-000705,generation,1625854290000,1625854320000,1,0.9984783320749365,0.9967268774712293
1,fold_01-generation-pred-000706,generation,1625854860000,1625854890000,1,0.9984605840012529,0.9967268774712293
1,fold_01-generation-pred-000707,generation,1625854980000,1625855010000,1,0.9984117960577081,0.9967268774712293
1,fold_01-generation-pred-000708,generation,1625855340000,1625855370000,1,0.9979281550664153,0.9967268774712293
1,fold_01-generation-pred-000709,generation,1625855460000,1625855490000,1,0.9983765213736845,0.9967268774712293
1,fold_01-generation-pred-000710,generation,1625855550000,1625855580000,1,0.9984781639854478,0.9967268774712293
1,fold_01-generation-pred-000711,generation,1625855820000,1625855850000,1,0.9984903183637902,0.9967268774712293
1,fold_01-generation-pred-000712,generation,1625855940000,1625855970000,1,0.9984184796165918,0.9967268774712293
1,fold_01-generation-pred-000713,generation,1625856450000,1625856480000,1,0.9985125520604672,0.9967268774712293
1,fold_01-generation-pred-000714,generation,1625856570000,1625856600000,1,0.9984926346710152,0.9967268774712293
1,fold_01-generation-pred-000715,generation,1625856720000,1625856750000,1,0.9983435679643503,0.9967268774712293
1,fold_01-generation-pred-000716,generation,1625856990000,1625857020000,1,0.9984733089386671,0.9967268774712293
1,fold_01-generation-pred-000717,generation,1625857380000,1625857410000,1,0.9983781621385328,0.9967268774712293
1,fold_01-generation-pred-000718,generation,1625857560000,1625857590000,1,0.9985034663898966,0.9967268774712293
1,fold_01-generation-pred-000719,generation,1625857980000,1625858010000,1,0.9984649986467821,0.9967268774712293
1,fold_01-generation-pred-000720,generation,1625858250000,1625858280000,1,0.9983119303815718,0.9967268774712293
1,fold_01-generation-pred-000721,generation,1625858370000,1625858400000,1,0.9984125376305586,0.9967268774712293
1,fold_01-generation-pred-000722,generation,1625858880000,1625858910000,1,0.9985437268981139,0.9967268774712293
1,fold_01-generation-pred-000723,generation,1625858940000,1625858970000,1,0.9985153157831029,0.9967268774712293
1,fold_01-generation-pred-000724,generation,1625859480000,1625859510000,1,0.9985076616132812,0.9967268774712293
1,fold_01-generation-pred-000725,generation,1625859570000,1625859600000,1,0.9985660439185695,0.9967268774712293
1,fold_01-generation-pred-000726,generation,1625859750000,1625859780000,1,0.9984046977674657,0.9967268774712293
1,fold_01-generation-pred-000727,generation,1625860080000,1625860110000,1,0.9983820326815187,0.9967268774712293
1,fold_01-generation-pred-000728,generation,1625860170000,1625860200000,1,0.9985552435279497,0.9967268774712293
1,fold_01-generation-pred-000729,generation,1625860440000,1625860470000,1,0.9985239803791577,0.9967268774712293
1,fold_01-generation-pred-000730,generation,1625860560000,1625860590000,1,0.998614769463608,0.9967268774712293
1,fold_01-generation-pred-000731,generation,1625860740000,1625860770000,1,0.9983913229988264,0.9967268774712293
1,fold_01-generation-pred-000732,generation,1625860980000,1625861010000,1,0.9978677281682569,0.9967268774712293
1,fold_01-generation-pred-000733,generation,1625861040000,1625861070000,1,0.9972206270632359,0.9967268774712293
1,fold_01-generation-pred-000734,generation,1625861100000,1625861130000,1,0.9971614139496333,0.9967268774712293
1,fold_01-generation-pred-000735,generation,1625861190000,1625861220000,1,0.9968870298004052,0.9967268774712293
1,fold_01-generation-pred-000736,generation,1625861280000,1625861340000,2,0.9976491548272572,0.9967268774712293
1,fold_01-generation-pred-000737,generation,1625861370000,1625861430000,2,0.9978948557899547,0.9967268774712293
1,fold_01-generation-pred-000738,generation,1625861580000,1625861610000,1,0.9982811457690828,0.9967268774712293
1,fold_01-generation-pred-000739,generation,1625861940000,1625861970000,1,0.998465483836108,0.9967268774712293
1,fold_01-generation-pred-000740,generation,1625862030000,1625862060000,1,0.998199861590036,0.9967268774712293
1,fold_01-generation-pred-000741,generation,1625862540000,1625862570000,1,0.9983275715107687,0.9967268774712293
1,fold_01-generation-pred-000742,generation,1625862780000,1625862810000,1,0.9984803549386977,0.9967268774712293
1,fold_01-generation-pred-000743,generation,1625862870000,1625862900000,1,0.9983311630340745,0.9967268774712293
1,fold_01-generation-pred-000744,generation,1625863560000,1625863590000,1,0.9984058669476912,0.9967268774712293
1,fold_01-generation-pred-000745,generation,1625863680000,1625863710000,1,0.9983931943973355,0.9967268774712293
1,fold_01-generation-pred-000746,generation,1625864100000,1625864130000,1,0.9984616112137911,0.9967268774712293
1,fold_01-generation-pred-000747,generation,1625864520000,1625864550000,1,0.9984011789982109,0.9967268774712293
1,fold_01-generation-pred-000748,generation,1625864610000,1625864640000,1,0.9984584834866979,0.9967268774712293
1,fold_01-generation-pred-000749,generation,1625864880000,1625864910000,1,0.9981572152427558,0.9967268774712293
1,fold_01-generation-pred-000750,generation,1625864970000,1625865000000,1,0.9984236581026852,0.9967268774712293
1,fold_01-generation-pred-000751,generation,1625865090000,1625865120000,1,0.9984259686193048,0.9967268774712293
1,fold_01-generation-pred-000752,generation,1625865210000,1625865240000,1,0.9982467130521262,0.9967268774712293
1,fold_01-generation-pred-000753,generation,1625865420000,1625865450000,1,0.9983581615750582,0.9967268774712293
1,fold_01-generation-pred-000754,generation,1625865480000,1625865510000,1,0.9984217034110991,0.9967268774712293
1,fold_01-generation-pred-000755,generation,1625865570000,1625865600000,1,0.9985100251316076,0.9967268774712293
1,fold_01-generation-pred-000756,generation,1625865750000,1625865780000,1,0.9983656354348942,0.9967268774712293
1,fold_01-generation-pred-000757,generation,1625866290000,1625866320000,1,0.998424988881546,0.9967268774712293
1,fold_01-generation-pred-000758,generation,1625866590000,1625866620000,1,0.998496743553549,0.9967268774712293
1,fold_01-generation-pred-000759,generation,1625867040000,1625867070000,1,0.9985431138090899,0.9967268774712293
1,fold_01-generation-pred-000760,generation,1625867130000,1625867160000,1,0.9986235015428512,0.9967268774712293
1,fold_01-generation-pred-000761,generation,1625867460000,1625867490000,1,0.9985373399702044,0.9967268774712293
1,fold_01-generation-pred-000762,generation,1625867550000,1625867580000,1,0.9984366632332281,0.9967268774712293
1,fold_01-generation-pred-000763,generation,1625868030000,1625868060000,1,0.9984095268611928,0.9967268774712293
1,fold_01-generation-pred-000764,generation,1625868210000,1625868240000,1,0.9984223179389877,0.9967268774712293
1,fold_01-generation-pred-000765,generation,1625868360000,1625868390000,1,0.9984782299193103,0.9967268774712293
1,fold_01-generation-pred-000766,generation,1625868480000,1625868510000,1,0.9985060691549121,0.9967268774712293
1,fold_01-generation-pred-000767,generation,1625868570000,1625868600000,1,0.9984531416092439,0.9967268774712293
1,fold_01-generation-pred-000768,generation,1625868690000,1625868720000,1,0.9984378484410513,0.9967268774712293
1,fold_01-generation-pred-000769,generation,1625869050000,1625869080000,1,0.9984102414886683,0.9967268774712293
1,fold_01-generation-pred-000770,generation,1625869140000,1625869170000,1,0.9982783583462245,0.9967268774712293
1,fold_01-generation-pred-000771,generation,1625869500000,1625869530000,1,0.9985736395216543,0.9967268774712293
1,fold_01-generation-pred-000772,generation,1625870070000,1625870100000,1,0.9985265847012759,0.9967268774712293
1,fold_01-generation-pred-000773,generation,1625870160000,1625870190000,1,0.9984852380972977,0.9967268774712293
1,fold_01-generation-pred-000774,generation,1625870400000,1625870430000,1,0.9984076630831735,0.9967268774712293
1,fold_01-generation-pred-000775,generation,1625870940000,1625870970000,1,0.9975429337990537,0.9967268774712293
1,fold_01-generation-pred-000776,generation,1625871030000,1625871060000,1,0.9984753442770953,0.9967268774712293
1,fold_01-generation-pred-000777,generation,1625871330000,1625871360000,1,0.9983855827608932,0.9967268774712293
1,fold_01-generation-pred-000778,generation,1625871420000,1625871450000,1,0.9984754335606842,0.9967268774712293
1,fold_01-generation-pred-000779,generation,1625871570000,1625871600000,1,0.9985024927511079,0.9967268774712293
1,fold_01-generation-pred-000780,generation,1625871630000,1625871660000,1,0.9983902834146657,0.9967268774712293
1,fold_01-generation-pred-000781,generation,1625872200000,1625872230000,1,0.9983931362598188,0.9967268774712293
1,fold_01-generation-pred-000782,generation,1625872290000,1625872320000,1,0.9984289303622444,0.9967268774712293
1,fold_01-generation-pred-000783,generation,1625872380000,1625872440000,2,0.9984331544382189,0.9967268774712293
1,fold_01-generation-pred-000784,generation,1625872740000,1625872770000,1,0.9982189620834134,0.9967268774712293
1,fold_01-generation-pred-000785,generation,1625872860000,1625872890000,1,0.998496065603709,0.9967268774712293
1,fold_01-generation-pred-000786,generation,1625873190000,1625873220000,1,0.9985326154435162,0.9967268774712293
1,fold_01-generation-pred-000787,generation,1625873280000,1625873310000,1,0.9984776356870367,0.9967268774712293
1,fold_01-generation-pred-000788,generation,1625873520000,1625873550000,1,0.9980515161145169,0.9967268774712293
1,fold_01-generation-pred-000789,generation,1625873790000,1625873820000,1,0.9985441775345021,0.9967268774712293
1,fold_01-generation-pred-000790,generation,1625874270000,1625874300000,1,0.9985235495109184,0.9967268774712293
1,fold_01-generation-pred-000791,generation,1625874450000,1625874480000,1,0.9983934253967155,0.9967268774712293
1,fold_01-generation-pred-000792,generation,1625874540000,1625874570000,1,0.9981427085047976,0.9967268774712293
1,fold_01-generation-pred-000793,generation,1625874900000,1625874930000,1,0.9982582753018538,0.9967268774712293
1,fold_01-generation-pred-000794,generation,1625874990000,1625875020000,1,0.9983935355304409,0.9967268774712293
1,fold_01-generation-pred-000795,generation,1625875170000,1625875200000,1,0.9983690350996112,0.9967268774712293
1,fold_01-generation-pred-000796,generation,1625875770000,1625875800000,1,0.9983831360863803,0.9967268774712293
1,fold_01-generation-pred-000797,generation,1625876250000,1625876280000,1,0.998519583573056,0.9967268774712293
1,fold_01-generation-pred-000798,generation,1625876670000,1625876700000,1,0.9984103376058192,0.9967268774712293
1,fold_01-generation-pred-000799,generation,1625876850000,1625876880000,1,0.9984672340665732,0.9967268774712293
1,fold_01-generation-pred-000800,generation,1625877780000,1625877810000,1,0.9984432474961371,0.9967268774712293
1,fold_01-generation-pred-000801,generation,1625877840000,1625877870000,1,0.9984849286706643,0.9967268774712293
1,fold_01-generation-pred-000802,generation,1625877960000,1625877990000,1,0.9984349928967345,0.9967268774712293
1,fold_01-generation-pred-000803,generation,1625878020000,1625878050000,1,0.9984857233877035,0.9967268774712293
1,fold_01-generation-pred-000804,generation,1625878170000,1625878200000,1,0.9985130951626879,0.9967268774712293
1,fold_01-generation-pred-000805,generation,1625878560000,1625878590000,1,0.9983750537891164,0.9967268774712293
1,fold_01-generation-pred-000806,generation,1625879070000,1625879100000,1,0.9984710648946155,0.9967268774712293
1,fold_01-generation-pred-000807,generation,1625879220000,1625879250000,1,0.9985296346642433,0.9967268774712293
1,fold_01-generation-pred-000808,generation,1625879280000,1625879310000,1,0.9985143286210382,0.9967268774712293
1,fold_01-generation-pred-000809,generation,1625879370000,1625879400000,1,0.9984756897683363,0.9967268774712293
1,fold_01-generation-pred-000810,generation,1625879490000,1625879520000,1,0.9984658366712943,0.9967268774712293
1,fold_01-generation-pred-000811,generation,1625879850000,1625879880000,1,0.9983165871063999,0.9967268774712293
1,fold_01-generation-pred-000812,generation,1625880060000,1625880090000,1,0.9982747995611627,0.9967268774712293
1,fold_01-generation-pred-000813,generation,1625880150000,1625880180000,1,0.9984387005215498,0.9967268774712293
1,fold_01-generation-pred-000814,generation,1625880540000,1625880570000,1,0.998491462237428,0.9967268774712293
1,fold_01-generation-pred-000815,generation,1625880690000,1625880720000,1,0.9983485770793312,0.9967268774712293
1,fold_01-generation-pred-000816,generation,1625880840000,1625880870000,1,0.9984764443511988,0.9967268774712293
1,fold_01-generation-pred-000817,generation,1625881650000,1625881680000,1,0.9983465436084696,0.9967268774712293
1,fold_01-generation-pred-000818,generation,1625881710000,1625881740000,1,0.9984771057553764,0.9967268774712293
1,fold_01-generation-pred-000819,generation,1625882010000,1625882040000,1,0.9980497534508596,0.9967268774712293
1,fold_01-generation-pred-000820,generation,1625882250000,1625882280000,1,0.9985740001162243,0.9967268774712293
1,fold_01-generation-pred-000821,generation,1625883060000,1625883090000,1,0.9985692194402102,0.9967268774712293
1,fold_01-generation-pred-000822,generation,1625883540000,1625883570000,1,0.9981757596179865,0.9967268774712293
1,fold_01-generation-pred-000823,generation,1625883690000,1625883720000,1,0.9984978139064377,0.9967268774712293
1,fold_01-generation-pred-000824,generation,1625884260000,1625884290000,1,0.9985097370805914,0.9967268774712293
1,fold_01-generation-pred-000825,generation,1625884650000,1625884680000,1,0.9983806278914623,0.9967268774712293
1,fold_01-generation-pred-000826,generation,1625884800000,1625884830000,1,0.9983598911366092,0.9967268774712293
1,fold_01-generation-pred-000827,generation,1625884860000,1625884890000,1,0.998367591066763,0.9967268774712293
1,fold_01-generation-pred-000828,generation,1625885040000,1625885070000,1,0.9984242696201462,0.9967268774712293
1,fold_01-generation-pred-000829,generation,1625885100000,1625885130000,1,0.9984849135222857,0.9967268774712293
1,fold_01-generation-pred-000830,generation,1625885370000,1625885400000,1,0.9983824077540783,0.9967268774712293
1,fold_01-generation-pred-000831,generation,1625885430000,1625885460000,1,0.998318975076991,0.9967268774712293
1,fold_01-generation-pred-000832,generation,1625885760000,1625885790000,1,0.9979727015245091,0.9967268774712293
1,fold_01-generation-pred-000833,generation,1625885940000,1625885970000,1,0.9984491419036957,0.9967268774712293
1,fold_01-generation-pred-000834,generation,1625886240000,1625886270000,1,0.9979126545751064,0.9967268774712293
1,fold_01-generation-pred-000835,generation,1625886300000,1625886330000,1,0.9985752652116985,0.9967268774712293
1,fold_01-generation-pred-000836,generation,1625886720000,1625886750000,1,0.9979202005284776,0.9967268774712293
1,fold_01-generation-pred-000837,generation,1625886840000,1625886870000,1,0.9985137604938203,0.9967268774712293
1,fold_01-generation-pred-000838,generation,1625886990000,1625887020000,1,0.9981608218136307,0.9967268774712293
1,fold_01-generation-pred-000839,generation,1625887080000,1625887110000,1,0.998179749338999,0.9967268774712293
1,fold_01-generation-pred-000840,generation,1625887230000,1625887260000,1,0.9984385035284836,0.9967268774712293
1,fold_01-generation-pred-000841,generation,1625887470000,1625887500000,1,0.9982779698455635,0.9967268774712293
1,fold_01-generation-pred-000842,generation,1625887590000,1625887620000,1,0.998410635002453,0.9967268774712293
1,fold_01-generation-pred-000843,generation,1625888070000,1625888100000,1,0.9980048241171408,0.9967268774712293
1,fold_01-generation-pred-000844,generation,1625888280000,1625888340000,2,0.9984796703328987,0.9967268774712293
1,fold_01-generation-pred-000845,generation,1625888370000,1625888400000,1,0.9983409819054605,0.9967268774712293
1,fold_01-generation-pred-000846,generation,1625888430000,1625888460000,1,0.9985170565686288,0.9967268774712293
1,fold_01-generation-pred-000847,generation,1625888670000,1625888700000,1,0.9985663538686225,0.9967268774712293
1,fold_01-generation-pred-000848,generation,1625889360000,1625889390000,1,0.9984731562880071,0.9967268774712293
1,fold_01-generation-pred-000849,generation,1625889420000,1625889450000,1,0.9985227077960027,0.9967268774712293
1,fold_01-generation-pred-000850,generation,1625889570000,1625889600000,1,0.9984743175037014,0.9967268774712293
1,fold_01-generation-pred-000851,generation,1625889690000,1625889720000,1,0.9985303226957758,0.9967268774712293
1,fold_01-generation-pred-000852,generation,1625890170000,1625890200000,1,0.9984231672167064,0.9967268774712293
1,fold_01-generation-pred-000853,generation,1625890740000,1625890770000,1,0.9983640567846525,0.9967268774712293
1,fold_01-generation-pred-000854,generation,1625890890000,1625890920000,1,0.9981587065684452,0.9967268774712293
1,fold_01-generation-pred-000855,generation,1625891940000,1625891970000,1,0.998455030209931,0.9967268774712293
1,fold_01-generation-pred-000856,generation,1625892120000,1625892150000,1,0.9984516606200511,0.9967268774712293
1,fold_01-generation-pred-000857,generation,1625892480000,1625892510000,1,0.9985576183344328,0.9967268774712293
1,fold_01-generation-pred-000858,generation,1625892630000,1625892660000,1,0.998502514140889,0.9967268774712293
1,fold_01-generation-pred-000859,generation,1625892810000,1625892840000,1,0.9984213930513423,0.9967268774712293
1,fold_01-generation-pred-000860,generation,1625893260000,1625893290000,1,0.9984601801090317,0.9967268774712293
1,fold_01-generation-pred-000861,generation,1625893410000,1625893440000,1,0.9985656560454202,0.9967268774712293
1,fold_01-generation-pred-000862,generation,1625893770000,1625893800000,1,0.9981036549260528,0.9967268774712293
1,fold_01-generation-pred-000863,generation,1625893920000,1625893950000,1,0.9981372880109723,0.9967268774712293
1,fold_01-generation-pred-000864,generation,1625894250000,1625894280000,1,0.9983721014707041,0.9967268774712293
1,fold_01-generation-pred-000865,generation,1625894310000,1625894340000,1,0.9984963684637954,0.9967268774712293
1,fold_01-generation-pred-000866,generation,1625894460000,1625894490000,1,0.9984126887752539,0.9967268774712293
1,fold_01-generation-pred-000867,generation,1625894850000,1625894880000,1,0.9983159402828208,0.9967268774712293
1,fold_01-generation-pred-000868,generation,1625895180000,1625895210000,1,0.998270299995381,0.9967268774712293
1,fold_01-generation-pred-000869,generation,1625895660000,1625895690000,1,0.9980428098206532,0.9967268774712293
1,fold_01-generation-pred-000870,generation,1625895780000,1625895810000,1,0.9984123048396244,0.9967268774712293
1,fold_01-generation-pred-000871,generation,1625896020000,1625896050000,1,0.9984131496778407,0.9967268774712293
1,fold_01-generation-pred-000872,generation,1625896080000,1625896110000,1,0.9986006909294203,0.9967268774712293
1,fold_01-generation-pred-000873,generation,1625896380000,1625896410000,1,0.9981658012124588,0.9967268774712293
1,fold_01-generation-pred-000874,generation,1625896890000,1625896920000,1,0.9983623019828267,0.9967268774712293
1,fold_01-generation-pred-000875,generation,1625897250000,1625897280000,1,0.9982776763630037,0.9967268774712293
1,fold_01-generation-pred-000876,generation,1625897610000,1625897640000,1,0.9983882966120915,0.9967268774712293
1,fold_01-generation-pred-000877,generation,1625897760000,1625897790000,1,0.9984374125555758,0.9967268774712293
1,fold_01-generation-pred-000878,generation,1625897850000,1625897880000,1,0.9982120361017743,0.9967268774712293
1,fold_01-generation-pred-000879,generation,1625898180000,1625898210000,1,0.9984697715301252,0.9967268774712293
1,fold_01-generation-pred-000880,generation,1625899740000,1625899770000,1,0.9982846147309482,0.9967268774712293
1,fold_01-generation-pred-000881,generation,1625899980000,1625900010000,1,0.9984372072159158,0.9967268774712293
1,fold_01-generation-pred-000882,generation,1625900130000,1625900160000,1,0.9985336672740931,0.9967268774712293
1,fold_01-generation-pred-000883,generation,1625900280000,1625900310000,1,0.9985421117834781,0.9967268774712293
1,fold_01-generation-pred-000884,generation,1625900460000,1625900490000,1,0.998380299443586,0.9967268774712293
1,fold_01-generation-pred-000885,generation,1625900880000,1625900910000,1,0.9981597316486839,0.9967268774712293
1,fold_01-generation-pred-000886,generation,1625901090000,1625901120000,1,0.9984393931453747,0.9967268774712293
1,fold_01-generation-pred-000887,generation,1625901390000,1625901420000,1,0.998521408773332,0.9967268774712293
1,fold_01-generation-pred-000888,generation,1625901540000,1625901570000,1,0.9983882221840763,0.9967268774712293
1,fold_01-generation-pred-000889,generation,1625901630000,1625901660000,1,0.9984617078918393,0.9967268774712293
1,fold_01-generation-pred-000890,generation,1625902410000,1625902440000,1,0.9985108457011347,0.9967268774712293
1,fold_01-generation-pred-000891,generation,1625902650000,1625902710000,2,0.9982376623059127,0.9967268774712293
1,fold_01-generation-pred-000892,generation,1625903160000,1625903190000,1,0.9984719374440607,0.9967268774712293
1,fold_01-generation-pred-000893,generation,1625903250000,1625903280000,1,0.9984054570728339,0.9967268774712293
1,fold_01-generation-pred-000894,generation,1625904300000,1625904330000,1,0.9968596593060612,0.9967268774712293
1,fold_01-generation-pred-000895,generation,1625904360000,1625904420000,2,0.9976229326642155,0.9967268774712293
1,fold_01-generation-pred-000896,generation,1625904480000,1625904540000,2,0.9971689999419427,0.9967268774712293
1,fold_01-generation-pred-000897,generation,1625904570000,1625904630000,2,0.9970820145156413,0.9967268774712293
1,fold_01-generation-pred-000898,generation,1625904720000,1625904750000,1,0.9982038593944025,0.9967268774712293
1,fold_01-generation-pred-000899,generation,1625904840000,1625904870000,1,0.9981630928878229,0.9967268774712293
1,fold_01-generation-pred-000900,generation,1625905110000,1625905140000,1,0.9985373462380654,0.9967268774712293
1,fold_01-generation-pred-000901,generation,1625905290000,1625905320000,1,0.9984821568881103,0.9967268774712293
1,fold_01-generation-pred-000902,generation,1625905500000,1625905530000,1,0.9984797846965112,0.9967268774712293
1,fold_01-generation-pred-000903,generation,1625905620000,1625905650000,1,0.9985071975583432,0.9967268774712293
1,fold_01-generation-pred-000904,generation,1625905710000,1625905740000,1,0.9985036352511556,0.9967268774712293
1,fold_01-generation-pred-000905,generation,1625905890000,1625905920000,1,0.9984709986507886,0.9967268774712293
1,fold_01-generation-pred-000906,generation,1625906070000,1625906100000,1,0.998420636811072,0.9967268774712293
1,fold_01-generation-pred-000907,generation,1625906250000,1625906280000,1,0.9985369944999342,0.9967268774712293
1,fold_01-generation-pred-000908,generation,1625906340000,1625906370000,1,0.9985162916936919,0.9967268774712293
1,fold_01-generation-pred-000909,generation,1625906460000,1625906490000,1,0.9985418854691974,0.9967268774712293
1,fold_01-generation-pred-000910,generation,1625906640000,1625906670000,1,0.9980170830382309,0.9967268774712293
1,fold_01-generation-pred-000911,generation,1625906850000,1625906880000,1,0.9984943382094638,0.9967268774712293
1,fold_01-generation-pred-000912,generation,1625906940000,1625906970000,1,0.9984883008255152,0.9967268774712293
1,fold_01-generation-pred-000913,generation,1625907300000,1625907330000,1,0.9984130695961646,0.9967268774712293
1,fold_01-generation-pred-000914,generation,1625907390000,1625907420000,1,0.9983629863607525,0.9967268774712293
1,fold_01-generation-pred-000915,generation,1625907480000,1625907510000,1,0.9983601300385831,0.9967268774712293
1,fold_01-generation-pred-000916,generation,1625907570000,1625907600000,1,0.9983625732738458,0.9967268774712293
1,fold_01-generation-pred-000917,generation,1625907660000,1625907690000,1,0.9984265298014638,0.9967268774712293
1,fold_01-generation-pred-000918,generation,1625907990000,1625908020000,1,0.9984730261594607,0.9967268774712293
1,fold_01-generation-pred-000919,generation,1625908260000,1625908290000,1,0.9984658125671209,0.9967268774712293
1,fold_01-generation-pred-000920,generation,1625908860000,1625908890000,1,0.9985202290957058,0.9967268774712293
1,fold_01-generation-pred-000921,generation,1625908950000,1625908980000,1,0.9984622600122893,0.9967268774712293
1,fold_01-generation-pred-000922,generation,1625909160000,1625909190000,1,0.9984247631632714,0.9967268774712293
1,fold_01-generation-pred-000923,generation,1625909310000,1625909340000,1,0.998350706199852,0.9967268774712293
1,fold_01-generation-pred-000924,generation,1625909850000,1625909880000,1,0.9984758073336597,0.9967268774712293
1,fold_01-generation-pred-000925,generation,1625909910000,1625909940000,1,0.9984728371262059,0.9967268774712293
1,fold_01-generation-pred-000926,generation,1625910510000,1625910540000,1,0.9981992565682173,0.9967268774712293
1,fold_01-generation-pred-000927,generation,1625910660000,1625910690000,1,0.9984331857682072,0.9967268774712293
1,fold_01-generation-pred-000928,generation,1625910810000,1625910840000,1,0.9985291893371862,0.9967268774712293
1,fold_01-generation-pred-000929,generation,1625911080000,1625911110000,1,0.9985026617220627,0.9967268774712293
1,fold_01-generation-pred-000930,generation,1625911290000,1625911320000,1,0.9982797902887204,0.9967268774712293
1,fold_01-generation-pred-000931,generation,1625911770000,1625911800000,1,0.9984608331741679,0.9967268774712293
1,fold_01-generation-pred-000932,generation,1625911890000,1625911920000,1,0.9983889433007771,0.9967268774712293
1,fold_01-generation-pred-000933,generation,1625912100000,1625912130000,1,0.9985286058670557,0.9967268774712293
1,fold_01-generation-pred-000934,generation,1625912370000,1625912400000,1,0.9984675376165032,0.9967268774712293
1,fold_01-generation-pred-000935,generation,1625912460000,1625912490000,1,0.9984263020560252,0.9967268774712293
1,fold_01-generation-pred-000936,generation,1625912520000,1625912550000,1,0.9984476275281592,0.9967268774712293
1,fold_01-generation-pred-000937,generation,1625912580000,1625912610000,1,0.9984938148002677,0.9967268774712293
1,fold_01-generation-pred-000938,generation,1625912880000,1625912910000,1,0.998450679883798,0.9967268774712293
1,fold_01-generation-pred-000939,generation,1625913210000,1625913240000,1,0.9983544839293844,0.9967268774712293
1,fold_01-generation-pred-000940,generation,1625913420000,1625913450000,1,0.9984196326931493,0.9967268774712293
1,fold_01-generation-pred-000941,generation,1625913840000,1625913870000,1,0.9981483864721896,0.9967268774712293
1,fold_01-generation-pred-000942,generation,1625914290000,1625914320000,1,0.9984483161979392,0.9967268774712293
1,fold_01-generation-pred-000943,generation,1625914740000,1625914770000,1,0.9985349890255052,0.9967268774712293
1,fold_01-generation-pred-000944,generation,1625915040000,1625915070000,1,0.9984707438401308,0.9967268774712293
1,fold_01-generation-pred-000945,generation,1625915250000,1625915280000,1,0.9985198556288811,0.9967268774712293
1,fold_01-generation-pred-000946,generation,1625915340000,1625915370000,1,0.9985116892042561,0.9967268774712293
1,fold_01-generation-pred-000947,generation,1625915670000,1625915700000,1,0.9985208229255101,0.9967268774712293
1,fold_01-generation-pred-000948,generation,1625915970000,1625916000000,1,0.9985213214741682,0.9967268774712293
1,fold_01-generation-pred-000949,generation,1625916060000,1625916090000,1,0.9985223194753319,0.9967268774712293
1,fold_01-generation-pred-000950,generation,1625916270000,1625916300000,1,0.9983685637348116,0.9967268774712293
1,fold_01-generation-pred-000951,generation,1625917230000,1625917260000,1,0.9985875332387337,0.9967268774712293
1,fold_01-generation-pred-000952,generation,1625917650000,1625917680000,1,0.9983745555301347,0.9967268774712293
