fold,prediction_id,split,t_hat,episode_end_time,positive_bins,system_score,threshold
3,fold_03-generation-pred-000000,generation,1626179430000,1626179460000,1,0.9980712074802426,0.9965513471389622
3,fold_03-generation-pred-000001,generation,1626179550000,1626179580000,1,0.9982939031770889,0.9965513471389622
3,fold_03-generation-pred-000002,generation,1626179940000,1626179970000,1,0.9982042107356068,0.9965513471389622
3,fold_03-generation-pred-000003,generation,1626180090000,1626180120000,1,0.9985125966773722,0.9965513471389622
3,fold_03-generation-pred-000004,generation,1626180150000,1626180210000,2,0.9986619454074137,0.9965513471389622
3,fold_03-generation-pred-000005,generation,1626180270000,1626180330000,2,0.9987302026254575,0.9965513471389622
3,fold_03-generation-pred-000006,generation,1626180480000,1626180510000,1,0.9984376580350277,0.9965513471389622
3,fold_03-generation-pred-000007,generation,1626180870000,1626180900000,1,0.9985310390825841,0.9965513471389622
3,fold_03-generation-pred-000008,generation,1626181170000,1626181200000,1,0.9980665810110613,0.9965513471389622
3,fold_03-generation-pred-000009,generation,1626181260000,1626181290000,1,0.9984465939512522,0.9965513471389622
3,fold_03-generation-pred-000010,generation,1626181410000,1626181440000,1,0.9984986604911604,0.9965513471389622
3,fold_03-generation-pred-000011,generation,1626181500000,1626181530000,1,0.9985970461520921,0.9965513471389622
3,fold_03-generation-pred-000012,generation,1626181590000,1626181650000,2,0.9984989556827015,0.9965513471389622
3,fold_03-generation-pred-000013,generation,1626181800000,1626181830000,1,0.9986531772755932,0.9965513471389622
3,fold_03-generation-pred-000014,generation,1626181860000,1626181890000,1,0.9984677367885243,0.9965513471389622
3,fold_03-generation-pred-000015,generation,1626181950000,1626181980000,1,0.9984408962420525,0.9965513471389622
3,fold_03-generation-pred-000016,generation,1626182010000,1626182040000,1,0.9985636255152005,0.9965513471389622
3,fold_03-generation-pred-000017,generation,1626182280000,1626182310000,1,0.9976734010981695,0.9965513471389622
3,fold_03-generation-pred-000018,generation,1626182640000,1626182670000,1,0.9980271028799605,0.9965513471389622
3,fold_03-generation-pred-000019,generation,1626182700000,1626182730000,1,0.998359346841283,0.9965513471389622
3,fold_03-generation-pred-000020,generation,1626182760000,1626182790000,1,0.9982278860236287,0.9965513471389622
3,fold_03-generation-pred-000021,generation,1626182880000,1626182910000,1,0.9986811725759934,0.9965513471389622
3,fold_03-generation-pred-000022,generation,1626183930000,1626183960000,1,0.9984687585064773,0.9965513471389622
3,fold_03-generation-pred-000023,generation,1626184410000,1626184440000,1,0.9982143553938926,0.9965513471389622
3,fold_03-generation-pred-000024,generation,1626184650000,1626184680000,1,0.998615933853677,0.9965513471389622
3,fold_03-generation-pred-000025,generation,1626184800000,1626184830000,1,0.9984803686855548,0.9965513471389622
3,fold_03-generation-pred-000026,generation,1626184950000,1626184980000,1,0.9980252702475331,0.9965513471389622
3,fold_03-generation-pred-000027,generation,1626185070000,1626185100000,1,0.998260982608246,0.9965513471389622
3,fold_03-generation-pred-000028,generation,1626185340000,1626185370000,1,0.9984857356441431,0.9965513471389622
3,fold_03-generation-pred-000029,generation,1626185430000,1626185460000,1,0.9986765616650569,0.9965513471389622
3,fold_03-generation-pred-000030,generation,1626185670000,1626185700000,1,0.9981754739319493,0.9965513471389622
3,fold_03-generation-pred-000031,generation,1626186060000,1626186090000,1,0.9985285652326789,0.9965513471389622
3,fold_03-generation-pred-000032,generation,1626186240000,1626186270000,1,0.9980245229932346,0.9965513471389622
3,fold_03-generation-pred-000033,generation,1626186510000,1626186540000,1,0.9983762539358575,0.9965513471389622
3,fold_03-generation-pred-000034,generation,1626186630000,1626186660000,1,0.9982047653901815,0.9965513471389622
3,fold_03-generation-pred-000035,generation,1626186810000,1626186840000,1,0.9984558369098028,0.9965513471389622
3,fold_03-generation-pred-000036,generation,1626186930000,1626186960000,1,0.9983532841809383,0.9965513471389622
3,fold_03-generation-pred-000037,generation,1626187470000,1626187500000,1,0.9982174125671696,0.9965513471389622
3,fold_03-generation-pred-000038,generation,1626187530000,1626187560000,1,0.9984009437830054,0.9965513471389622
3,fold_03-generation-pred-000039,generation,1626187650000,1626187680000,1,0.9985679455746922,0.9965513471389622
3,fold_03-generation-pred-000040,generation,1626187710000,1626187740000,1,0.9986364337208655,0.9965513471389622
3,fold_03-generation-pred-000041,generation,1626187770000,1626187800000,1,0.9985575352305572,0.9965513471389622
3,fold_03-generation-pred-000042,generation,1626187920000,1626187950000,1,0.9984714171762706,0.9965513471389622
3,fold_03-generation-pred-000043,generation,1626188550000,1626188580000,1,0.9986395170658136,0.9965513471389622
3,fold_03-generation-pred-000044,generation,1626188940000,1626188970000,1,0.9980677271707146,0.9965513471389622
3,fold_03-generation-pred-000045,generation,1626189000000,1626189030000,1,0.9988580482399564,0.9965513471389622
3,fold_03-generation-pred-000046,generation,1626189060000,1626189090000,1,0.9983600230834982,0.9965513471389622
3,fold_03-generation-pred-000047,generation,1626189540000,1626189570000,1,0.998133705551011,0.9965513471389622
3,fold_03-generation-pred-000048,generation,1626189630000,1626189660000,1,0.9985648465009195,0.9965513471389622
3,fold_03-generation-pred-000049,generation,1626189780000,1626189810000,1,0.9982778763956413,0.9965513471389622
3,fold_03-generation-pred-000050,generation,1626190140000,1626190170000,1,0.9984455411855779,0.9965513471389622
3,fold_03-generation-pred-000051,generation,1626190590000,1626190620000,1,0.998208807741947,0.9965513471389622
3,fold_03-generation-pred-000052,generation,1626190650000,1626190680000,1,0.9987831815090836,0.9965513471389622
3,fold_03-generation-pred-000053,generation,1626190980000,1626191010000,1,0.9982337833235564,0.9965513471389622
3,fold_03-generation-pred-000054,generation,1626191040000,1626191070000,1,0.9981358920502792,0.9965513471389622
3,fold_03-generation-pred-000055,generation,1626191370000,1626191400000,1,0.9985239452396326,0.9965513471389622
3,fold_03-generation-pred-000056,generation,1626191520000,1626191550000,1,0.9983871537256569,0.9965513471389622
3,fold_03-generation-pred-000057,generation,1626191640000,1626191670000,1,0.9984716034742921,0.9965513471389622
3,fold_03-generation-pred-000058,generation,1626191760000,1626191790000,1,0.9981956307607621,0.9965513471389622
3,fold_03-generation-pred-000059,generation,1626192210000,1626192240000,1,0.9982705132321371,0.9965513471389622
3,fold_03-generation-pred-000060,generation,1626192390000,1626192420000,1,0.9982308729158009,0.9965513471389622
3,fold_03-generation-pred-000061,generation,1626192810000,1626192840000,1,0.9981495819882413,0.9965513471389622
3,fold_03-generation-pred-000062,generation,1626192930000,1626192960000,1,0.9983246710446971,0.9965513471389622
3,fold_03-generation-pred-000063,generation,1626193110000,1626193140000,1,0.9982369516424651,0.9965513471389622
3,fold_03-generation-pred-000064,generation,1626193320000,1626193350000,1,0.9985066707916167,0.9965513471389622
3,fold_03-generation-pred-000065,generation,1626193950000,1626193980000,1,0.9983684767465439,0.9965513471389622
3,fold_03-generation-pred-000066,generation,1626194520000,1626194550000,1,0.9983768598590774,0.9965513471389622
3,fold_03-generation-pred-000067,generation,1626194610000,1626194670000,2,0.9982829342534058,0.9965513471389622
3,fold_03-generation-pred-000068,generation,1626194880000,1626194910000,1,0.9984280991509745,0.9965513471389622
3,fold_03-generation-pred-000069,generation,1626194970000,1626195000000,1,0.9983118162699955,0.9965513471389622
3,fold_03-generation-pred-000070,generation,1626195420000,1626195450000,1,0.9982536030370176,0.9965513471389622
3,fold_03-generation-pred-000071,generation,1626195600000,1626195630000,1,0.9982375817728324,0.9965513471389622
3,fold_03-generation-pred-000072,generation,1626195900000,1626195930000,1,0.9987247703637702,0.9965513471389622
3,fold_03-generation-pred-000073,generation,1626195960000,1626195990000,1,0.9984412695640118,0.9965513471389622
3,fold_03-generation-pred-000074,generation,1626196140000,1626196170000,1,0.9984972852644233,0.9965513471389622
3,fold_03-generation-pred-000075,generation,1626196260000,1626196290000,1,0.9979845897184665,0.9965513471389622
3,fold_03-generation-pred-000076,generation,1626196530000,1626196560000,1,0.998318092194485,0.9965513471389622
3,fold_03-generation-pred-000077,generation,1626196590000,1626196620000,1,0.9985561925437709,0.9965513471389622
3,fold_03-generation-pred-000078,generation,1626196650000,1626196680000,1,0.9990929901661868,0.9965513471389622
3,fold_03-generation-pred-000079,generation,1626196830000,1626196860000,1,0.9986559879458866,0.9965513471389622
3,fold_03-generation-pred-000080,generation,1626197130000,1626197160000,1,0.9982784673401831,0.9965513471389622
3,fold_03-generation-pred-000081,generation,1626197250000,1626197280000,1,0.9986260103323858,0.9965513471389622
3,fold_03-generation-pred-000082,generation,1626197340000,1626197370000,1,0.9986984055148922,0.9965513471389622
3,fold_03-generation-pred-000083,generation,1626197460000,1626197490000,1,0.9983108476188088,0.9965513471389622
3,fold_03-generation-pred-000084,generation,1626197730000,1626197790000,2,0.9985566372665382,0.9965513471389622
3,fold_03-generation-pred-000085,generation,1626197910000,1626197940000,1,0.9981981977203837,0.9965513471389622
3,fold_03-generation-pred-000086,generation,1626198510000,1626198540000,1,0.9986621250802454,0.9965513471389622
3,fold_03-generation-pred-000087,generation,1626199170000,1626199200000,1,0.9985337489584913,0.9965513471389622
3,fold_03-generation-pred-000088,generation,1626199350000,1626199380000,1,0.9982962592009887,0.9965513471389622
3,fold_03-generation-pred-000089,generation,1626199740000,1626199770000,1,0.9981641478613266,0.9965513471389622
3,fold_03-generation-pred-000090,generation,1626200550000,1626200580000,1,0.9986453597353261,0.9965513471389622
3,fold_03-generation-pred-000091,generation,1626200880000,1626200910000,1,0.9984661660571046,0.9965513471389622
3,fold_03-generation-pred-000092,generation,1626200970000,1626201030000,2,0.9987590988224138,0.9965513471389622
3,fold_03-generation-pred-000093,generation,1626201150000,1626201210000,2,0.9985505387894225,0.9965513471389622
3,fold_03-generation-pred-000094,generation,1626201390000,1626201420000,1,0.9987094025591896,0.9965513471389622
3,fold_03-generation-pred-000095,generation,1626201570000,1626201600000,1,0.9985807415624319,0.9965513471389622
3,fold_03-generation-pred-000096,generation,1626201660000,1626201690000,1,0.9985816812820187,0.9965513471389622
3,fold_03-generation-pred-000097,generation,1626202230000,1626202260000,1,0.9986714437986439,0.9965513471389622
3,fold_03-generation-pred-000098,generation,1626202470000,1626202500000,1,0.9985596559728124,0.9965513471389622
3,fold_03-generation-pred-000099,generation,1626202770000,1626202800000,1,0.998271046620727,0.9965513471389622
3,fold_03-generation-pred-000100,generation,1626202980000,1626203010000,1,0.9986713115654391,0.9965513471389622
3,fold_03-generation-pred-000101,generation,1626203820000,1626203850000,1,0.998532275148546,0.9965513471389622
3,fold_03-generation-pred-000102,generation,1626203910000,1626203940000,1,0.9983966574354516,0.9965513471389622
3,fold_03-generation-pred-000103,generation,1626204210000,1626204240000,1,0.9984759647989503,0.9965513471389622
3,fold_03-generation-pred-000104,generation,1626204300000,1626204330000,1,0.9985380508532092,0.9965513471389622
3,fold_03-generation-pred-000105,generation,1626204750000,1626204780000,1,0.9984995280318615,0.9965513471389622
3,fold_03-generation-pred-000106,generation,1626204810000,1626204840000,1,0.9987775099323578,0.9965513471389622
3,fold_03-generation-pred-000107,generation,1626205050000,1626205110000,2,0.9986418615452105,0.9965513471389622
3,fold_03-generation-pred-000108,generation,1626205140000,1626205170000,1,0.9986685804507239,0.9965513471389622
3,fold_03-generation-pred-000109,generation,1626205500000,1626205530000,1,0.9984761403862455,0.9965513471389622
3,fold_03-generation-pred-000110,generation,1626205680000,1626205710000,1,0.9984769455072224,0.9965513471389622
3,fold_03-generation-pred-000111,generation,1626205770000,1626205800000,1,0.9986832491146079,0.9965513471389622
3,fold_03-generation-pred-000112,generation,1626206040000,1626206070000,1,0.9983337794436831,0.9965513471389622
3,fold_03-generation-pred-000113,generation,1626206160000,1626206190000,1,0.9983767323557293,0.9965513471389622
3,fold_03-generation-pred-000114,generation,1626206220000,1626206250000,1,0.9986205409227762,0.9965513471389622
3,fold_03-generation-pred-000115,generation,1626206310000,1626206340000,1,0.9982192426674217,0.9965513471389622
3,fold_03-generation-pred-000116,generation,1626206400000,1626206430000,1,0.998565596626021,0.9965513471389622
3,fold_03-generation-pred-000117,generation,1626206490000,1626206520000,1,0.9985659551540291,0.9965513471389622
3,fold_03-generation-pred-000118,generation,1626206580000,1626206610000,1,0.9983531383649521,0.9965513471389622
3,fold_03-generation-pred-000119,generation,1626206940000,1626206970000,1,0.9982268110635854,0.9965513471389622
3,fold_03-generation-pred-000120,generation,1626207150000,1626207180000,1,0.9981942096846798,0.9965513471389622
3,fold_03-generation-pred-000121,generation,1626207240000,1626207270000,1,0.998361373173063,0.9965513471389622
3,fold_03-generation-pred-000122,generation,1626207480000,1626207510000,1,0.9984131035935954,0.9965513471389622
3,fold_03-generation-pred-000123,generation,1626207690000,1626207750000,2,0.9984791063512619,0.9965513471389622
3,fold_03-generation-pred-000124,generation,1626208260000,1626208290000,1,0.9984208646232863,0.9965513471389622
3,fold_03-generation-pred-000125,generation,1626208320000,1626208350000,1,0.9983846525221182,0.9965513471389622
3,fold_03-generation-pred-000126,generation,1626208590000,1626208620000,1,0.9981465957220076,0.9965513471389622
3,fold_03-generation-pred-000127,generation,1626208680000,1626208710000,1,0.9984239124927119,0.9965513471389622
3,fold_03-generation-pred-000128,generation,1626208740000,1626208770000,1,0.998401461363065,0.9965513471389622
3,fold_03-generation-pred-000129,generation,1626208920000,1626208950000,1,0.9983940654435791,0.9965513471389622
3,fold_03-generation-pred-000130,generation,1626208980000,1626209010000,1,0.9986407506540441,0.9965513471389622
3,fold_03-generation-pred-000131,generation,1626209100000,1626209130000,1,0.9982236389278626,0.9965513471389622
3,fold_03-generation-pred-000132,generation,1626209190000,1626209220000,1,0.9983590312704775,0.9965513471389622
3,fold_03-generation-pred-000133,generation,1626209250000,1626209280000,1,0.9983501525781278,0.9965513471389622
3,fold_03-generation-pred-000134,generation,1626209340000,1626209370000,1,0.9985176502580905,0.9965513471389622
3,fold_03-generation-pred-000135,generation,1626209580000,1626209610000,1,0.998292048049857,0.9965513471389622
3,fold_03-generation-pred-000136,generation,1626209760000,1626209790000,1,0.9983686794530975,0.9965513471389622
3,fold_03-generation-pred-000137,generation,1626210000000,1626210030000,1,0.9984444217952122,0.9965513471389622
3,fold_03-generation-pred-000138,generation,1626210120000,1626210150000,1,0.9978839653654263,0.9965513471389622
3,fold_03-generation-pred-000139,generation,1626210750000,1626210780000,1,0.9986240801944157,0.9965513471389622
3,fold_03-generation-pred-000140,generation,1626210810000,1626210840000,1,0.9985034500015043,0.9965513471389622
3,fold_03-generation-pred-000141,generation,1626211140000,1626211170000,1,0.9984822356566021,0.9965513471389622
3,fold_03-generation-pred-000142,generation,1626211320000,1626211350000,1,0.9983207530437936,0.9965513471389622
3,fold_03-generation-pred-000143,generation,1626211380000,1626211410000,1,0.9983785041420754,0.9965513471389622
3,fold_03-generation-pred-000144,generation,1626211590000,1626211620000,1,0.9985593459487195,0.9965513471389622
3,fold_03-generation-pred-000145,generation,1626211800000,1626211830000,1,0.9987026636679343,0.9965513471389622
3,fold_03-generation-pred-000146,generation,1626211890000,1626211920000,1,0.998255402690634,0.9965513471389622
3,fold_03-generation-pred-000147,generation,1626212100000,1626212130000,1,0.998960304212828,0.9965513471389622
3,fold_03-generation-pred-000148,generation,1626212280000,1626212310000,1,0.9983062363226158,0.9965513471389622
3,fold_03-generation-pred-000149,generation,1626212370000,1626212400000,1,0.9984553516166275,0.9965513471389622
3,fold_03-generation-pred-000150,generation,1626212610000,1626212640000,1,0.9988131915829132,0.9965513471389622
3,fold_03-generation-pred-000151,generation,1626212730000,1626212760000,1,0.9986593457412404,0.9965513471389622
3,fold_03-generation-pred-000152,generation,1626213450000,1626213480000,1,0.9982978156545769,0.9965513471389622
3,fold_03-generation-pred-000153,generation,1626213600000,1626213630000,1,0.998339059286007,0.9965513471389622
3,fold_03-generation-pred-000154,generation,1626213780000,1626213840000,2,0.9983023641784445,0.9965513471389622
3,fold_03-generation-pred-000155,generation,1626214080000,1626214110000,1,0.9983048796149961,0.9965513471389622
3,fold_03-generation-pred-000156,generation,1626214260000,1626214290000,1,0.9986258650769715,0.9965513471389622
3,fold_03-generation-pred-000157,generation,1626214350000,1626214410000,2,0.9984258449675395,0.9965513471389622
3,fold_03-generation-pred-000158,generation,1626214620000,1626214650000,1,0.9983225522907184,0.9965513471389622
3,fold_03-generation-pred-000159,generation,1626215040000,1626215070000,1,0.9985949181645178,0.9965513471389622
3,fold_03-generation-pred-000160,generation,1626215340000,1626215370000,1,0.9985623528372745,0.9965513471389622
3,fold_03-generation-pred-000161,generation,1626215850000,1626215880000,1,0.998689059677295,0.9965513471389622
3,fold_03-generation-pred-000162,generation,1626215970000,1626216000000,1,0.9984134722301461,0.9965513471389622
3,fold_03-generation-pred-000163,generation,1626216480000,1626216510000,1,0.9985658534094612,0.9965513471389622
3,fold_03-generation-pred-000164,generation,1626217080000,1626217110000,1,0.9985338927678422,0.9965513471389622
3,fold_03-generation-pred-000165,generation,1626217200000,1626217230000,1,0.9982650290863394,0.9965513471389622
3,fold_03-generation-pred-000166,generation,1626217260000,1626217290000,1,0.9987611991380306,0.9965513471389622
3,fold_03-generation-pred-000167,generation,1626217500000,1626217530000,1,0.9984556957493097,0.9965513471389622
3,fold_03-generation-pred-000168,generation,1626218010000,1626218040000,1,0.9985576876984695,0.9965513471389622
3,fold_03-generation-pred-000169,generation,1626218730000,1626218760000,1,0.9986738684827903,0.9965513471389622
3,fold_03-generation-pred-000170,generation,1626218850000,1626218880000,1,0.9985498678035742,0.9965513471389622
3,fold_03-generation-pred-000171,generation,1626219090000,1626219120000,1,0.9987337389253953,0.9965513471389622
3,fold_03-generation-pred-000172,generation,1626219180000,1626219210000,1,0.9986325140499964,0.9965513471389622
3,fold_03-generation-pred-000173,generation,1626219360000,1626219390000,1,0.9984148568745342,0.9965513471389622
3,fold_03-generation-pred-000174,generation,1626219690000,1626219720000,1,0.9986050876526184,0.9965513471389622
3,fold_03-generation-pred-000175,generation,1626219750000,1626219780000,1,0.9985949977796713,0.9965513471389622
3,fold_03-generation-pred-000176,generation,1626219810000,1626219840000,1,0.9986228144473505,0.9965513471389622
3,fold_03-generation-pred-000177,generation,1626220230000,1626220260000,1,0.9983242586758142,0.9965513471389622
3,fold_03-generation-pred-000178,generation,1626220830000,1626220860000,1,0.9984990428710511,0.9965513471389622
3,fold_03-generation-pred-000179,generation,1626221160000,1626221190000,1,0.9983557407300385,0.9965513471389622
3,fold_03-generation-pred-000180,generation,1626221310000,1626221340000,1,0.9982371278666804,0.9965513471389622
3,fold_03-generation-pred-000181,generation,1626221370000,1626221400000,1,0.9983077885103178,0.9965513471389622
3,fold_03-generation-pred-000182,generation,1626221580000,1626221610000,1,0.9982487373776919,0.9965513471389622
3,fold_03-generation-pred-000183,generation,1626222060000,1626222090000,1,0.9983034426786506,0.9965513471389622
3,fold_03-generation-pred-000184,generation,1626222330000,1626222360000,1,0.9983166279753932,0.9965513471389622
3,fold_03-generation-pred-000185,generation,1626222570000,1626222600000,1,0.9984903241140635,0.9965513471389622
3,fold_03-generation-pred-000186,generation,1626222840000,1626222870000,1,0.9983327178152391,0.9965513471389622
3,fold_03-generation-pred-000187,generation,1626222900000,1626222930000,1,0.9980481666218128,0.9965513471389622
3,fold_03-generation-pred-000188,generation,1626223320000,1626223350000,1,0.9984011729089325,0.9965513471389622
3,fold_03-generation-pred-000189,generation,1626223440000,1626223470000,1,0.9982183880626634,0.9965513471389622
3,fold_03-generation-pred-000190,generation,1626223500000,1626223530000,1,0.9984481071169461,0.9965513471389622
3,fold_03-generation-pred-000191,generation,1626223590000,1626223620000,1,0.9981339453652072,0.9965513471389622
3,fold_03-generation-pred-000192,generation,1626223710000,1626223740000,1,0.9983122525846596,0.9965513471389622
3,fold_03-generation-pred-000193,generation,1626224130000,1626224190000,2,0.9984313123297371,0.9965513471389622
3,fold_03-generation-pred-000194,generation,1626224220000,1626224250000,1,0.9983319818964224,0.9965513471389622
3,fold_03-generation-pred-000195,generation,1626224340000,1626224370000,1,0.998525824733519,0.9965513471389622
3,fold_03-generation-pred-000196,generation,1626224460000,1626224490000,1,0.9988192231887534,0.9965513471389622
3,fold_03-generation-pred-000197,generation,1626224910000,1626224940000,1,0.9982990355044316,0.9965513471389622
3,fold_03-generation-pred-000198,generation,1626225120000,1626225150000,1,0.9987978659519366,0.9965513471389622
3,fold_03-generation-pred-000199,generation,1626225360000,1626225390000,1,0.9987076029567504,0.9965513471389622
3,fold_03-generation-pred-000200,generation,1626225600000,1626225630000,1,0.998584139444608,0.9965513471389622
3,fold_03-generation-pred-000201,generation,1626225660000,1626225690000,1,0.9984524484466846,0.9965513471389622
3,fold_03-generation-pred-000202,generation,1626225900000,1626225930000,1,0.9985259005373439,0.9965513471389622
3,fold_03-generation-pred-000203,generation,1626226140000,1626226170000,1,0.998128610682226,0.9965513471389622
3,fold_03-generation-pred-000204,generation,1626226320000,1626226380000,2,0.9983827280758542,0.9965513471389622
3,fold_03-generation-pred-000205,generation,1626226560000,1626226590000,1,0.9985391328770737,0.9965513471389622
3,fold_03-generation-pred-000206,generation,1626226710000,1626226740000,1,0.9983211111291349,0.9965513471389622
3,fold_03-generation-pred-000207,generation,1626226920000,1626226950000,1,0.9985477962859447,0.9965513471389622
3,fold_03-generation-pred-000208,generation,1626227370000,1626227400000,1,0.9985086389972092,0.9965513471389622
3,fold_03-generation-pred-000209,generation,1626227490000,1626227520000,1,0.998726065080881,0.9965513471389622
3,fold_03-generation-pred-000210,generation,1626227700000,1626227730000,1,0.9984775566801812,0.9965513471389622
3,fold_03-generation-pred-000211,generation,1626227820000,1626227880000,2,0.9984289722478626,0.9965513471389622
3,fold_03-generation-pred-000212,generation,1626228810000,1626228840000,1,0.9985052957746946,0.9965513471389622
3,fold_03-generation-pred-000213,generation,1626229020000,1626229050000,1,0.9984766075532181,0.9965513471389622
3,fold_03-generation-pred-000214,generation,1626229320000,1626229350000,1,0.9985714549955432,0.9965513471389622
3,fold_03-generation-pred-000215,generation,1626229710000,1626229740000,1,0.9988214862600522,0.9965513471389622
3,fold_03-generation-pred-000216,generation,1626229770000,1626229800000,1,0.998506246968725,0.9965513471389622
3,fold_03-generation-pred-000217,generation,1626230100000,1626230130000,1,0.9984482179407637,0.9965513471389622
3,fold_03-generation-pred-000218,generation,1626230160000,1626230190000,1,0.9985264086032318,0.9965513471389622
3,fold_03-generation-pred-000219,generation,1626230250000,1626230280000,1,0.9985922313585633,0.9965513471389622
3,fold_03-generation-pred-000220,generation,1626230460000,1626230490000,1,0.9985678514723203,0.9965513471389622
3,fold_03-generation-pred-000221,generation,1626230550000,1626230580000,1,0.9987599158700515,0.9965513471389622
3,fold_03-generation-pred-000222,generation,1626230670000,1626230700000,1,0.9983484064739478,0.9965513471389622
3,fold_03-generation-pred-000223,generation,1626230790000,1626230820000,1,0.9987450296446565,0.9965513471389622
3,fold_03-generation-pred-000224,generation,1626231030000,1626231060000,1,0.9987977794963346,0.9965513471389622
3,fold_03-generation-pred-000225,generation,1626231570000,1626231600000,1,0.998404532950539,0.9965513471389622
3,fold_03-generation-pred-000226,generation,1626231750000,1626231780000,1,0.9983083973920907,0.9965513471389622
3,fold_03-generation-pred-000227,generation,1626231840000,1626231870000,1,0.9985096547700884,0.9965513471389622
3,fold_03-generation-pred-000228,generation,1626232080000,1626232110000,1,0.9985074043755059,0.9965513471389622
3,fold_03-generation-pred-000229,generation,1626232200000,1626232230000,1,0.998333285211882,0.9965513471389622
3,fold_03-generation-pred-000230,generation,1626232290000,1626232320000,1,0.9988181215485873,0.9965513471389622
3,fold_03-generation-pred-000231,generation,1626232380000,1626232410000,1,0.9987026976473485,0.9965513471389622
3,fold_03-generation-pred-000232,generation,1626232590000,1626232620000,1,0.9984335087290052,0.9965513471389622
3,fold_03-generation-pred-000233,generation,1626232860000,1626232890000,1,0.9984356462006642,0.9965513471389622
3,fold_03-generation-pred-000234,generation,1626232920000,1626232980000,2,0.9985278868935107,0.9965513471389622
3,fold_03-generation-pred-000235,generation,1626233010000,1626233070000,2,0.9987064564505865,0.9965513471389622
3,fold_03-generation-pred-000236,generation,1626233430000,1626233460000,1,0.998099878590053,0.9965513471389622
3,fold_03-generation-pred-000237,generation,1626233490000,1626233550000,2,0.9990092670151548,0.9965513471389622
3,fold_03-generation-pred-000238,generation,1626233640000,1626233670000,1,0.9989227883789662,0.9965513471389622
3,fold_03-generation-pred-000239,generation,1626233790000,1626233820000,1,0.9983976501915333,0.9965513471389622
3,fold_03-generation-pred-000240,generation,1626233940000,1626233970000,1,0.998301333511179,0.9965513471389622
3,fold_03-generation-pred-000241,generation,1626234300000,1626234330000,1,0.9984428635270356,0.9965513471389622
3,fold_03-generation-pred-000242,generation,1626234960000,1626234990000,1,0.9985649428503769,0.9965513471389622
3,fold_03-generation-pred-000243,generation,1626235050000,1626235080000,1,0.9984851804001479,0.9965513471389622
3,fold_03-generation-pred-000244,generation,1626235200000,1626235230000,1,0.9986145405585243,0.9965513471389622
3,fold_03-generation-pred-000245,generation,1626235890000,1626235920000,1,0.9992221597384163,0.9965513471389622
3,fold_03-generation-pred-000246,generation,1626236040000,1626236070000,1,0.9985869210718641,0.9965513471389622
3,fold_03-generation-pred-000247,generation,1626236130000,1626236160000,1,0.9988831811955372,0.9965513471389622
3,fold_03-generation-pred-000248,generation,1626236250000,1626236280000,1,0.9985287838044047,0.9965513471389622
3,fold_03-generation-pred-000249,generation,1626236610000,1626236640000,1,0.998695246703461,0.9965513471389622
3,fold_03-generation-pred-000250,generation,1626236670000,1626236700000,1,0.9985190259140503,0.9965513471389622
3,fold_03-generation-pred-000251,generation,1626236760000,1626236790000,1,0.9986236214872015,0.9965513471389622
3,fold_03-generation-pred-000252,generation,1626237270000,1626237300000,1,0.9982261272732963,0.9965513471389622
3,fold_03-generation-pred-000253,generation,1626237720000,1626237750000,1,0.9982868987527772,0.9965513471389622
3,fold_03-generation-pred-000254,generation,1626237810000,1626237870000,2,0.9988264248501247,0.9965513471389622
3,fold_03-generation-pred-000255,generation,1626238470000,1626238500000,1,0.9987443780203563,0.9965513471389622
3,fold_03-generation-pred-000256,generation,1626238560000,1626238590000,1,0.998702882973963,0.9965513471389622
3,fold_03-generation-pred-000257,generation,1626238860000,1626238890000,1,0.998319399944279,0.9965513471389622
3,fold_03-generation-pred-000258,generation,1626239040000,1626239070000,1,0.9985139175818176,0.9965513471389622
3,fold_03-generation-pred-000259,generation,1626239100000,1626239130000,1,0.9986865226292505,0.9965513471389622
3,fold_03-generation-pred-000260,generation,1626239220000,1626239250000,1,0.9987264514810983,0.9965513471389622
3,fold_03-generation-pred-000261,generation,1626239310000,1626239340000,1,0.9984292070858559,0.9965513471389622
3,fold_03-generation-pred-000262,generation,1626239430000,1626239460000,1,0.998490628128615,0.9965513471389622
3,fold_03-generation-pred-000263,generation,1626239850000,1626239880000,1,0.9986648293636698,0.9965513471389622
3,fold_03-generation-pred-000264,generation,1626240090000,1626240120000,1,0.9985857882013216,0.9965513471389622
3,fold_03-generation-pred-000265,generation,1626240360000,1626240390000,1,0.9986544382215342,0.9965513471389622
3,fold_03-generation-pred-000266,generation,1626240450000,1626240480000,1,0.9987112530546556,0.9965513471389622
3,fold_03-generation-pred-000267,generation,1626240900000,1626240930000,1,0.998367733274011,0.9965513471389622
3,fold_03-generation-pred-000268,generation,1626241050000,1626241080000,1,0.9986857680693277,0.9965513471389622
3,fold_03-generation-pred-000269,generation,1626241170000,1626241200000,1,0.9981588187417356,0.9965513471389622
3,fold_03-generation-pred-000270,generation,1626241350000,1626241380000,1,0.9985308418311706,0.9965513471389622
3,fold_03-generation-pred-000271,generation,1626241620000,1626241650000,1,0.9982769211127471,0.9965513471389622
3,fold_03-generation-pred-000272,generation,1626241680000,1626241710000,1,0.9986049242453792,0.9965513471389622
3,fold_03-generation-pred-000273,generation,1626242340000,1626242370000,1,0.9987206833785188,0.9965513471389622
3,fold_03-generation-pred-000274,generation,1626242400000,1626242430000,1,0.9987760144708897,0.9965513471389622
3,fold_03-generation-pred-000275,generation,1626242460000,1626242490000,1,0.9984951330137378,0.9965513471389622
3,fold_03-generation-pred-000276,generation,1626242700000,1626242730000,1,0.9985658015101272,0.9965513471389622
3,fold_03-generation-pred-000277,generation,1626242760000,1626242790000,1,0.9984506378383866,0.9965513471389622
3,fold_03-generation-pred-000278,generation,1626243090000,1626243120000,1,0.9986061957930461,0.9965513471389622
3,fold_03-generation-pred-000279,generation,1626243180000,1626243210000,1,0.9986554905634748,0.9965513471389622
3,fold_03-generation-pred-000280,generation,1626243330000,1626243360000,1,0.99849986947972,0.9965513471389622
3,fold_03-generation-pred-000281,generation,1626243570000,1626243600000,1,0.9988253601319612,0.9965513471389622
3,fold_03-generation-pred-000282,generation,1626243690000,1626243720000,1,0.9984316976494327,0.9965513471389622
3,fold_03-generation-pred-000283,generation,1626243810000,1626243840000,1,0.9985744427556713,0.9965513471389622
3,fold_03-generation-pred-000284,generation,1626243960000,1626243990000,1,0.9987028051400056,0.9965513471389622
3,fold_03-generation-pred-000285,generation,1626244140000,1626244170000,1,0.9983993176462619,0.9965513471389622
3,fold_03-generation-pred-000286,generation,1626244650000,1626244680000,1,0.9985037349914838,0.9965513471389622
3,fold_03-generation-pred-000287,generation,1626245370000,1626245400000,1,0.9984794625744894,0.9965513471389622
3,fold_03-generation-pred-000288,generation,1626245610000,1626245640000,1,0.9983656782271979,0.9965513471389622
3,fold_03-generation-pred-000289,generation,1626245700000,1626245730000,1,0.9985222786676056,0.9965513471389622
3,fold_03-generation-pred-000290,generation,1626245850000,1626245880000,1,0.9985503745232006,0.9965513471389622
3,fold_03-generation-pred-000291,generation,1626245970000,1626246000000,1,0.9985182796907733,0.9965513471389622
3,fold_03-generation-pred-000292,generation,1626246090000,1626246120000,1,0.9984715539910912,0.9965513471389622
3,fold_03-generation-pred-000293,generation,1626246180000,1626246210000,1,0.9985892794846138,0.9965513471389622
3,fold_03-generation-pred-000294,generation,1626246240000,1626246270000,1,0.9983718906628268,0.9965513471389622
3,fold_03-generation-pred-000295,generation,1626246300000,1626246330000,1,0.9984666523380703,0.9965513471389622
3,fold_03-generation-pred-000296,generation,1626246510000,1626246540000,1,0.9986471209162363,0.9965513471389622
3,fold_03-generation-pred-000297,generation,1626246600000,1626246630000,1,0.9986336902203805,0.9965513471389622
3,fold_03-generation-pred-000298,generation,1626246660000,1626246690000,1,0.9984276298577381,0.9965513471389622
3,fold_03-generation-pred-000299,generation,1626246810000,1626246840000,1,0.9985422818432108,0.9965513471389622
3,fold_03-generation-pred-000300,generation,1626247140000,1626247170000,1,0.9985262703761028,0.9965513471389622
3,fold_03-generation-pred-000301,generation,1626247830000,1626247860000,1,0.9982658671354331,0.9965513471389622
3,fold_03-generation-pred-000302,generation,1626248400000,1626248430000,1,0.9984585231178293,0.9965513471389622
3,fold_03-generation-pred-000303,generation,1626248670000,1626248730000,2,0.9985694326628511,0.9965513471389622
3,fold_03-generation-pred-000304,generation,1626248760000,1626248790000,1,0.9986200481824387,0.9965513471389622
3,fold_03-generation-pred-000305,generation,1626249150000,1626249210000,2,0.9985274157967478,0.9965513471389622
3,fold_03-generation-pred-000306,generation,1626249330000,1626249360000,1,0.9983298803233288,0.9965513471389622
3,fold_03-generation-pred-000307,generation,1626249780000,1626249810000,1,0.9983438549680899,0.9965513471389622
3,fold_03-generation-pred-000308,generation,1626249990000,1626250020000,1,0.9987271445243278,0.9965513471389622
3,fold_03-generation-pred-000309,generation,1626250650000,1626250680000,1,0.9985034984536243,0.9965513471389622
3,fold_03-generation-pred-000310,generation,1626250710000,1626250740000,1,0.9984172292512312,0.9965513471389622
3,fold_03-generation-pred-000311,generation,1626251070000,1626251100000,1,0.9983553187711861,0.9965513471389622
3,fold_03-generation-pred-000312,generation,1626251280000,1626251310000,1,0.9983370798210323,0.9965513471389622
3,fold_03-generation-pred-000313,generation,1626251520000,1626251550000,1,0.998199875299227,0.9965513471389622
3,fold_03-generation-pred-000314,generation,1626251670000,1626251700000,1,0.9985440596892027,0.9965513471389622
3,fold_03-generation-pred-000315,generation,1626251760000,1626251790000,1,0.9987315455984651,0.9965513471389622
3,fold_03-generation-pred-000316,generation,1626251880000,1626251910000,1,0.9984686491473582,0.9965513471389622
3,fold_03-generation-pred-000317,generation,1626252030000,1626252060000,1,0.9981894296454359,0.9965513471389622
3,fold_03-generation-pred-000318,generation,1626252120000,1626252150000,1,0.9987235843608987,0.9965513471389622
3,fold_03-generation-pred-000319,generation,1626252510000,1626252540000,1,0.9985253845733034,0.9965513471389622
3,fold_03-generation-pred-000320,generation,1626252870000,1626252900000,1,0.9985500390310764,0.9965513471389622
3,fold_03-generation-pred-000321,generation,1626253050000,1626253080000,1,0.9985047320297353,0.9965513471389622
3,fold_03-generation-pred-000322,generation,1626253470000,1626253500000,1,0.9985148194554191,0.9965513471389622
3,fold_03-generation-pred-000323,generation,1626253560000,1626253590000,1,0.9986981339963502,0.9965513471389622
3,fold_03-generation-pred-000324,generation,1626254130000,1626254160000,1,0.9986212836429705,0.9965513471389622
3,fold_03-generation-pred-000325,generation,1626254520000,1626254580000,2,0.9985013079940825,0.9965513471389622
3,fold_03-generation-pred-000326,generation,1626255270000,1626255300000,1,0.9984725891664025,0.9965513471389622
3,fold_03-generation-pred-000327,generation,1626255660000,1626255690000,1,0.9985136182511966,0.9965513471389622
3,fold_03-generation-pred-000328,generation,1626255810000,1626255840000,1,0.998383086052883,0.9965513471389622
3,fold_03-generation-pred-000329,generation,1626256020000,1626256050000,1,0.998632589584378,0.9965513471389622
3,fold_03-generation-pred-000330,generation,1626256170000,1626256200000,1,0.9985236331640044,0.9965513471389622
3,fold_03-generation-pred-000331,generation,1626256530000,1626256560000,1,0.9984511194482953,0.9965513471389622
3,fold_03-generation-pred-000332,generation,1626256590000,1626256620000,1,0.9986853424218091,0.9965513471389622
3,fold_03-generation-pred-000333,generation,1626256800000,1626256830000,1,0.998588754090176,0.9965513471389622
3,fold_03-generation-pred-000334,generation,1626256890000,1626256920000,1,0.9985279738056324,0.9965513471389622
3,fold_03-generation-pred-000335,generation,1626256950000,1626257010000,2,0.9984308066409587,0.9965513471389622
3,fold_03-generation-pred-000336,generation,1626257640000,1626257670000,1,0.9983477797216024,0.9965513471389622
3,fold_03-generation-pred-000337,generation,1626257760000,1626257790000,1,0.9983317595486605,0.9965513471389622
3,fold_03-generation-pred-000338,generation,1626258000000,1626258030000,1,0.9985990008179805,0.9965513471389622
3,fold_03-generation-pred-000339,generation,1626258300000,1626258330000,1,0.9986822372965408,0.9965513471389622
3,fold_03-generation-pred-000340,generation,1626258450000,1626258480000,1,0.9985140746532363,0.9965513471389622
3,fold_03-generation-pred-000341,generation,1626258750000,1626258780000,1,0.9986313870512781,0.9965513471389622
3,fold_03-generation-pred-000342,generation,1626259020000,1626259050000,1,0.998619194340299,0.9965513471389622
3,fold_03-generation-pred-000343,generation,1626259200000,1626259230000,1,0.9985549077848911,0.9965513471389622
3,fold_03-generation-pred-000344,generation,1626259470000,1626259500000,1,0.9983375713467103,0.9965513471389622
3,fold_03-generation-pred-000345,generation,1626259680000,1626259710000,1,0.9986288103683201,0.9965513471389622
3,fold_03-generation-pred-000346,generation,1626259740000,1626259770000,1,0.9984235132546516,0.9965513471389622
3,fold_03-generation-pred-000347,generation,1626259860000,1626259890000,1,0.9986647346247836,0.9965513471389622
3,fold_03-generation-pred-000348,generation,1626260220000,1626260250000,1,0.9984140657969758,0.9965513471389622
3,fold_03-generation-pred-000349,generation,1626260370000,1626260430000,2,0.998408149693955,0.9965513471389622
3,fold_03-generation-pred-000350,generation,1626260520000,1626260550000,1,0.9984535885751243,0.9965513471389622
3,fold_03-generation-pred-000351,generation,1626260790000,1626260820000,1,0.9984073529997974,0.9965513471389622
3,fold_03-generation-pred-000352,generation,1626261120000,1626261150000,1,0.9985098938837293,0.9965513471389622
3,fold_03-generation-pred-000353,generation,1626261270000,1626261300000,1,0.9986612672758899,0.9965513471389622
3,fold_03-generation-pred-000354,generation,1626261780000,1626261810000,1,0.9983387864780807,0.9965513471389622
3,fold_03-generation-pred-000355,generation,1626261840000,1626261870000,1,0.998348467013356,0.9965513471389622
3,fold_03-generation-pred-000356,generation,1626262050000,1626262080000,1,0.9987118132689322,0.9965513471389622
3,fold_03-generation-pred-000357,generation,1626262110000,1626262170000,2,0.9987336448483262,0.9965513471389622
3,fold_03-generation-pred-000358,generation,1626262200000,1626262230000,1,0.9987842461981217,0.9965513471389622
3,fold_03-generation-pred-000359,generation,1626262290000,1626262320000,1,0.998741936510872,0.9965513471389622
3,fold_03-generation-pred-000360,generation,1626262440000,1626262470000,1,0.9986136199392736,0.9965513471389622
3,fold_03-generation-pred-000361,generation,1626262530000,1626262560000,1,0.9985837267870055,0.9965513471389622
3,fold_03-generation-pred-000362,generation,1626262710000,1626262740000,1,0.9984148432906501,0.9965513471389622
3,fold_03-generation-pred-000363,generation,1626262860000,1626262890000,1,0.9988177944599412,0.9965513471389622
3,fold_03-generation-pred-000364,generation,1626262950000,1626262980000,1,0.9988797747544048,0.9965513471389622
3,fold_03-generation-pred-000365,generation,1626263010000,1626263040000,1,0.9985372368948611,0.9965513471389622
3,fold_03-generation-pred-000366,generation,1626263820000,1626263850000,1,0.9986124212298116,0.9965513471389622
3,fold_03-generation-pred-000367,generation,1626263910000,1626263940000,1,0.9986067604800739,0.9965513471389622
3,fold_03-generation-pred-000368,generation,1626264060000,1626264090000,1,0.9984116115557093,0.9965513471389622
3,fold_03-generation-pred-000369,generation,1626264150000,1626264180000,1,0.998879510074124,0.9965513471389622
3,fold_03-generation-pred-000370,generation,1626264240000,1626264270000,1,0.9985445926899805,0.9965513471389622
3,fold_03-generation-pred-000371,generation,1626264720000,1626264750000,1,0.9984369601774402,0.9965513471389622
3,fold_03-generation-pred-000372,generation,1626265230000,1626265260000,1,0.9983627346239463,0.9965513471389622
3,fold_03-generation-pred-000373,generation,1626265350000,1626265380000,1,0.9980618060317498,0.9965513471389622
3,fold_03-generation-pred-000374,generation,1626265410000,1626265440000,1,0.9988563788712023,0.9965513471389622
3,fold_03-generation-pred-000375,generation,1626265530000,1626265560000,1,0.9987175547449482,0.9965513471389622
3,fold_03-generation-pred-000376,generation,1626265980000,1626266010000,1,0.9983925861443848,0.9965513471389622
3,fold_03-generation-pred-000377,generation,1626266340000,1626266370000,1,0.9984731686460082,0.9965513471389622
3,fold_03-generation-pred-000378,generation,1626266850000,1626266880000,1,0.9984854933808486,0.9965513471389622
3,fold_03-generation-pred-000379,generation,1626266910000,1626266940000,1,0.9986170913397641,0.9965513471389622
3,fold_03-generation-pred-000380,generation,1626267060000,1626267090000,1,0.9985989994837547,0.9965513471389622
3,fold_03-generation-pred-000381,generation,1626267750000,1626267810000,2,0.9986286804275822,0.9965513471389622
3,fold_03-generation-pred-000382,generation,1626267900000,1626267930000,1,0.9986291811868162,0.9965513471389622
3,fold_03-generation-pred-000383,generation,1626267990000,1626268020000,1,0.9987966108780002,0.9965513471389622
3,fold_03-generation-pred-000384,generation,1626268080000,1626268110000,1,0.9985054195993168,0.9965513471389622
3,fold_03-generation-pred-000385,generation,1626268200000,1626268230000,1,0.9985827560289646,0.9965513471389622
3,fold_03-generation-pred-000386,generation,1626268410000,1626268440000,1,0.9985098208055837,0.9965513471389622
3,fold_03-generation-pred-000387,generation,1626268560000,1626268590000,1,0.998393800891161,0.9965513471389622
3,fold_03-generation-pred-000388,generation,1626268650000,1626268680000,1,0.9985036174396841,0.9965513471389622
3,fold_03-generation-pred-000389,generation,1626268830000,1626268860000,1,0.9985142394896435,0.9965513471389622
3,fold_03-generation-pred-000390,generation,1626268980000,1626269010000,1,0.9985618735808919,0.9965513471389622
3,fold_03-generation-pred-000391,generation,1626269100000,1626269130000,1,0.9984006080276774,0.9965513471389622
3,fold_03-generation-pred-000392,generation,1626269190000,1626269220000,1,0.9985373204700201,0.9965513471389622
3,fold_03-generation-pred-000393,generation,1626269460000,1626269490000,1,0.9984219047741832,0.9965513471389622
3,fold_03-generation-pred-000394,generation,1626269730000,1626269760000,1,0.998423375148816,0.9965513471389622
3,fold_03-generation-pred-000395,generation,1626269790000,1626269820000,1,0.9985528276080012,0.9965513471389622
3,fold_03-generation-pred-000396,generation,1626269970000,1626270000000,1,0.9986451707172943,0.9965513471389622
3,fold_03-generation-pred-000397,generation,1626270180000,1626270240000,2,0.9984150168537588,0.9965513471389622
3,fold_03-generation-pred-000398,generation,1626270300000,1626270330000,1,0.9985272874809273,0.9965513471389622
3,fold_03-generation-pred-000399,generation,1626270540000,1626270570000,1,0.9986551870507314,0.9965513471389622
3,fold_03-generation-pred-000400,generation,1626270630000,1626270660000,1,0.9987113733402205,0.9965513471389622
3,fold_03-generation-pred-000401,generation,1626270690000,1626270720000,1,0.9983483962527901,0.9965513471389622
3,fold_03-generation-pred-000402,generation,1626270810000,1626270840000,1,0.9983446652490513,0.9965513471389622
3,fold_03-generation-pred-000403,generation,1626270870000,1626270930000,2,0.9985310509727815,0.9965513471389622
3,fold_03-generation-pred-000404,generation,1626271410000,1626271440000,1,0.9985531913896747,0.9965513471389622
3,fold_03-generation-pred-000405,generation,1626271650000,1626271680000,1,0.9986885464142271,0.9965513471389622
3,fold_03-generation-pred-000406,generation,1626272610000,1626272670000,2,0.9984865803787506,0.9965513471389622
3,fold_03-generation-pred-000407,generation,1626272790000,1626272820000,1,0.998624345519586,0.9965513471389622
3,fold_03-generation-pred-000408,generation,1626273060000,1626273090000,1,0.9982844007798735,0.9965513471389622
3,fold_03-generation-pred-000409,generation,1626273300000,1626273330000,1,0.9986687560640916,0.9965513471389622
3,fold_03-generation-pred-000410,generation,1626273570000,1626273600000,1,0.9986562317689577,0.9965513471389622
3,fold_03-generation-pred-000411,generation,1626273930000,1626273960000,1,0.9984635940962264,0.9965513471389622
3,fold_03-generation-pred-000412,generation,1626274140000,1626274170000,1,0.9986328409015454,0.9965513471389622
3,fold_03-generation-pred-000413,generation,1626274230000,1626274260000,1,0.9986003377412102,0.9965513471389622
3,fold_03-generation-pred-000414,generation,1626274500000,1626274530000,1,0.9984058479743255,0.9965513471389622
3,fold_03-generation-pred-000415,generation,1626274680000,1626274710000,1,0.9984110775892158,0.9965513471389622
3,fold_03-generation-pred-000416,generation,1626274770000,1626274800000,1,0.9984887081461872,0.9965513471389622
3,fold_03-generation-pred-000417,generation,1626275010000,1626275040000,1,0.9979459407250595,0.9965513471389622
3,fold_03-generation-pred-000418,generation,1626275130000,1626275160000,1,0.9983369689900505,0.9965513471389622
3,fold_03-generation-pred-000419,generation,1626275430000,1626275460000,1,0.9985201325670735,0.9965513471389622
3,fold_03-generation-pred-000420,generation,1626275790000,1626275820000,1,0.9984644226510557,0.9965513471389622
3,fold_03-generation-pred-000421,generation,1626275880000,1626275910000,1,0.9984701022576029,0.9965513471389622
3,fold_03-generation-pred-000422,generation,1626276480000,1626276510000,1,0.9985938265144672,0.9965513471389622
3,fold_03-generation-pred-000423,generation,1626276810000,1626276840000,1,0.998369340210565,0.9965513471389622
3,fold_03-generation-pred-000424,generation,1626276990000,1626277020000,1,0.9983838679382131,0.9965513471389622
3,fold_03-generation-pred-000425,generation,1626277560000,1626277590000,1,0.9983529509803254,0.9965513471389622
3,fold_03-generation-pred-000426,generation,1626277620000,1626277650000,1,0.9985227598457377,0.9965513471389622
3,fold_03-generation-pred-000427,generation,1626277740000,1626277770000,1,0.9985498436367767,0.9965513471389622
3,fold_03-generation-pred-000428,generation,1626277860000,1626277890000,1,0.9984129751550412,0.9965513471389622
3,fold_03-generation-pred-000429,generation,1626277920000,1626277950000,1,0.9988848874388031,0.9965513471389622
3,fold_03-generation-pred-000430,generation,1626277980000,1626278010000,1,0.9986536107586281,0.9965513471389622
3,fold_03-generation-pred-000431,generation,1626278130000,1626278160000,1,0.9983939347020124,0.9965513471389622
3,fold_03-generation-pred-000432,generation,1626278280000,1626278310000,1,0.9985886082619482,0.9965513471389622
3,fold_03-generation-pred-000433,generation,1626278490000,1626278520000,1,0.9987658247411744,0.9965513471389622
3,fold_03-generation-pred-000434,generation,1626278610000,1626278640000,1,0.998494001957843,0.9965513471389622
3,fold_03-generation-pred-000435,generation,1626279060000,1626279090000,1,0.9983987589713678,0.9965513471389622
3,fold_03-generation-pred-000436,generation,1626279180000,1626279210000,1,0.9983295503470823,0.9965513471389622
3,fold_03-generation-pred-000437,generation,1626279300000,1626279330000,1,0.9987863837676252,0.9965513471389622
3,fold_03-generation-pred-000438,generation,1626279420000,1626279450000,1,0.9987081419930871,0.9965513471389622
3,fold_03-generation-pred-000439,generation,1626279600000,1626279630000,1,0.9985215650541418,0.9965513471389622
3,fold_03-generation-pred-000440,generation,1626280020000,1626280050000,1,0.9983981124033595,0.9965513471389622
3,fold_03-generation-pred-000441,generation,1626280140000,1626280170000,1,0.9984277967834804,0.9965513471389622
3,fold_03-generation-pred-000442,generation,1626280740000,1626280770000,1,0.998690592651143,0.9965513471389622
3,fold_03-generation-pred-000443,generation,1626281130000,1626281160000,1,0.998527212449565,0.9965513471389622
3,fold_03-generation-pred-000444,generation,1626281460000,1626281490000,1,0.9985419257362665,0.9965513471389622
3,fold_03-generation-pred-000445,generation,1626281820000,1626281850000,1,0.9984072400204564,0.9965513471389622
3,fold_03-generation-pred-000446,generation,1626281880000,1626281910000,1,0.9985856104138665,0.9965513471389622
3,fold_03-generation-pred-000447,generation,1626282270000,1626282300000,1,0.998180088063384,0.9965513471389622
3,fold_03-generation-pred-000448,generation,1626282330000,1626282360000,1,0.9988329574867654,0.9965513471389622
3,fold_03-generation-pred-000449,generation,1626282450000,1626282480000,1,0.9983172000373057,0.9965513471389622
3,fold_03-generation-pred-000450,generation,1626282630000,1626282660000,1,0.9984684391559885,0.9965513471389622
3,fold_03-generation-pred-000451,generation,1626282870000,1626282900000,1,0.9987029972455285,0.9965513471389622
3,fold_03-generation-pred-000452,generation,1626283200000,1626283230000,1,0.9985329095569914,0.9965513471389622
3,fold_03-generation-pred-000453,generation,1626283260000,1626283320000,2,0.9985049840328839,0.9965513471389622
3,fold_03-generation-pred-000454,generation,1626283620000,1626283650000,1,0.9984493183616873,0.9965513471389622
3,fold_03-generation-pred-000455,generation,1626283770000,1626283800000,1,0.9987076694254229,0.9965513471389622
3,fold_03-generation-pred-000456,generation,1626283980000,1626284010000,1,0.9984845275483026,0.9965513471389622
3,fold_03-generation-pred-000457,generation,1626284040000,1626284070000,1,0.9985920289039459,0.9965513471389622
3,fold_03-generation-pred-000458,generation,1626285060000,1626285090000,1,0.9985835595320847,0.9965513471389622
3,fold_03-generation-pred-000459,generation,1626285810000,1626285840000,1,0.9982965519551038,0.9965513471389622
3,fold_03-generation-pred-000460,generation,1626285870000,1626285900000,1,0.9986115825091102,0.9965513471389622
3,fold_03-generation-pred-000461,generation,1626286140000,1626286170000,1,0.9985165671787951,0.9965513471389622
3,fold_03-generation-pred-000462,generation,1626286320000,1626286350000,1,0.9981565616958188,0.9965513471389622
3,fold_03-generation-pred-000463,generation,1626286830000,1626286860000,1,0.9984787848099915,0.9965513471389622
3,fold_03-generation-pred-000464,generation,1626287100000,1626287130000,1,0.9986544747438191,0.9965513471389622
3,fold_03-generation-pred-000465,generation,1626287430000,1626287460000,1,0.9982111133332637,0.9965513471389622
3,fold_03-generation-pred-000466,generation,1626287700000,1626287730000,1,0.9985264591195611,0.9965513471389622
3,fold_03-generation-pred-000467,generation,1626288060000,1626288090000,1,0.9988275505897032,0.9965513471389622
3,fold_03-generation-pred-000468,generation,1626288300000,1626288330000,1,0.9985570007790289,0.9965513471389622
3,fold_03-generation-pred-000469,generation,1626288390000,1626288450000,2,0.9986666998754193,0.9965513471389622
3,fold_03-generation-pred-000470,generation,1626288600000,1626288630000,1,0.9984953336194452,0.9965513471389622
3,fold_03-generation-pred-000471,generation,1626289140000,1626289170000,1,0.9984272967019108,0.9965513471389622
3,fold_03-generation-pred-000472,generation,1626289260000,1626289290000,1,0.9984709105638989,0.9965513471389622
3,fold_03-generation-pred-000473,generation,1626289440000,1626289470000,1,0.9981459940091193,0.9965513471389622
3,fold_03-generation-pred-000474,generation,1626289500000,1626289530000,1,0.9970437154024588,0.9965513471389622
3,fold_03-generation-pred-000475,generation,1626290010000,1626290040000,1,0.9983137824117717,0.9965513471389622
3,fold_03-generation-pred-000476,generation,1626290160000,1626290190000,1,0.9986457067374082,0.9965513471389622
3,fold_03-generation-pred-000477,generation,1626290250000,1626290280000,1,0.998860276069645,0.9965513471389622
3,fold_03-generation-pred-000478,generation,1626290610000,1626290640000,1,0.9988627861264827,0.9965513471389622
3,fold_03-generation-pred-000479,generation,1626290700000,1626290730000,1,0.998646289604226,0.9965513471389622
3,fold_03-generation-pred-000480,generation,1626290820000,1626290850000,1,0.9984632744019656,0.9965513471389622
3,fold_03-generation-pred-000481,generation,1626290940000,1626290970000,1,0.9984525258075043,0.9965513471389622
3,fold_03-generation-pred-000482,generation,1626291330000,1626291420000,3,0.9984778965980231,0.9965513471389622
3,fold_03-generation-pred-000483,generation,1626291450000,1626291480000,1,0.9986532503875308,0.9965513471389622
3,fold_03-generation-pred-000484,generation,1626291510000,1626291540000,1,0.9987430402360088,0.9965513471389622
3,fold_03-generation-pred-000485,generation,1626291810000,1626291840000,1,0.998226606798251,0.9965513471389622
3,fold_03-generation-pred-000486,generation,1626291870000,1626291900000,1,0.9991974783116522,0.9965513471389622
3,fold_03-generation-pred-000487,generation,1626292050000,1626292080000,1,0.9988162224988533,0.9965513471389622
3,fold_03-generation-pred-000488,generation,1626292110000,1626292140000,1,0.998693271204376,0.9965513471389622
3,fold_03-generation-pred-000489,generation,1626292200000,1626292230000,1,0.998480380985269,0.9965513471389622
3,fold_03-generation-pred-000490,generation,1626292410000,1626292440000,1,0.9986778208949727,0.9965513471389622
3,fold_03-generation-pred-000491,generation,1626292710000,1626292740000,1,0.9986771268602661,0.9965513471389622
3,fold_03-generation-pred-000492,generation,1626292830000,1626292860000,1,0.9984480731293921,0.9965513471389622
3,fold_03-generation-pred-000493,generation,1626293160000,1626293190000,1,0.9986669290616396,0.9965513471389622
3,fold_03-generation-pred-000494,generation,1626293940000,1626293970000,1,0.9983981398572986,0.9965513471389622
3,fold_03-generation-pred-000495,generation,1626294300000,1626294330000,1,0.9985526477503738,0.9965513471389622
3,fold_03-generation-pred-000496,generation,1626294510000,1626294570000,2,0.998509745595212,0.9965513471389622
3,fold_03-generation-pred-000497,generation,1626294600000,1626294630000,1,0.9985417188350376,0.9965513471389622
3,fold_03-generation-pred-000498,generation,1626294720000,1626294750000,1,0.9983404597861093,0.9965513471389622
3,fold_03-generation-pred-000499,generation,1626294900000,1626294930000,1,0.9985437081763588,0.9965513471389622
3,fold_03-generation-pred-000500,generation,1626295110000,1626295140000,1,0.9985312132294016,0.9965513471389622
3,fold_03-generation-pred-000501,generation,1626295260000,1626295290000,1,0.9983875851854825,0.9965513471389622
3,fold_03-generation-pred-000502,generation,1626295410000,1626295440000,1,0.9984791613830553,0.9965513471389622
3,fold_03-generation-pred-000503,generation,1626296280000,1626296310000,1,0.9983085270331059,0.9965513471389622
3,fold_03-generation-pred-000504,generation,1626296610000,1626296640000,1,0.9984148266879672,0.9965513471389622
3,fold_03-generation-pred-000505,generation,1626296790000,1626296820000,1,0.9983349735635085,0.9965513471389622
3,fold_03-generation-pred-000506,generation,1626296880000,1626296910000,1,0.9985406595694372,0.9965513471389622
3,fold_03-generation-pred-000507,generation,1626296940000,1626296970000,1,0.9982803060863098,0.9965513471389622
3,fold_03-generation-pred-000508,generation,1626297420000,1626297450000,1,0.9984542937383367,0.9965513471389622
3,fold_03-generation-pred-000509,generation,1626297600000,1626297630000,1,0.9980914470205912,0.9965513471389622
3,fold_03-generation-pred-000510,generation,1626297810000,1626297840000,1,0.9988973069270097,0.9965513471389622
3,fold_03-generation-pred-000511,generation,1626297900000,1626297930000,1,0.9982067296616285,0.9965513471389622
3,fold_03-generation-pred-000512,generation,1626298050000,1626298080000,1,0.9984777451301372,0.9965513471389622
3,fold_03-generation-pred-000513,generation,1626298410000,1626298440000,1,0.9983664996225438,0.9965513471389622
3,fold_03-generation-pred-000514,generation,1626298500000,1626298530000,1,0.9986961498240262,0.9965513471389622
3,fold_03-generation-pred-000515,generation,1626298650000,1626298680000,1,0.9982363128921379,0.9965513471389622
3,fold_03-generation-pred-000516,generation,1626299070000,1626299100000,1,0.9983945042293905,0.9965513471389622
3,fold_03-generation-pred-000517,generation,1626299220000,1626299250000,1,0.9981861838513635,0.9965513471389622
3,fold_03-generation-pred-000518,generation,1626299370000,1626299400000,1,0.9981171815441683,0.9965513471389622
3,fold_03-generation-pred-000519,generation,1626299430000,1626299460000,1,0.9985748397923837,0.9965513471389622
3,fold_03-generation-pred-000520,generation,1626299490000,1626299520000,1,0.9985676468806438,0.9965513471389622
3,fold_03-generation-pred-000521,generation,1626299640000,1626299670000,1,0.9982734300443064,0.9965513471389622
3,fold_03-generation-pred-000522,generation,1626299940000,1626299970000,1,0.9982970732736519,0.9965513471389622
3,fold_03-generation-pred-000523,generation,1626300000000,1626300030000,1,0.998789562620646,0.9965513471389622
3,fold_03-generation-pred-000524,generation,1626300120000,1626300150000,1,0.9983762230153533,0.9965513471389622
3,fold_03-generation-pred-000525,generation,1626300240000,1626300270000,1,0.9985058785150325,0.9965513471389622
3,fold_03-generation-pred-000526,generation,1626300570000,1626300600000,1,0.9983577339819869,0.9965513471389622
3,fold_03-generation-pred-000527,generation,1626301260000,1626301290000,1,0.9981020287685549,0.9965513471389622
3,fold_03-generation-pred-000528,generation,1626301920000,1626301980000,2,0.9983511002968781,0.9965513471389622
3,fold_03-generation-pred-000529,generation,1626302220000,1626302250000,1,0.9984315348708587,0.9965513471389622
3,fold_03-generation-pred-000530,generation,1626302280000,1626302310000,1,0.9983546100442415,0.9965513471389622
3,fold_03-generation-pred-000531,generation,1626302430000,1626302460000,1,0.9984421739243667,0.9965513471389622
3,fold_03-generation-pred-000532,generation,1626302490000,1626302520000,1,0.9983932594170704,0.9965513471389622
3,fold_03-generation-pred-000533,generation,1626302700000,1626302730000,1,0.9983049102779161,0.9965513471389622
3,fold_03-generation-pred-000534,generation,1626302760000,1626302790000,1,0.9985322835345845,0.9965513471389622
3,fold_03-generation-pred-000535,generation,1626302850000,1626302910000,2,0.9985055057012057,0.9965513471389622
3,fold_03-generation-pred-000536,generation,1626303030000,1626303060000,1,0.9982818828137855,0.9965513471389622
3,fold_03-generation-pred-000537,generation,1626303450000,1626303480000,1,0.9983003434829172,0.9965513471389622
3,fold_03-generation-pred-000538,generation,1626303690000,1626303720000,1,0.9984650176480404,0.9965513471389622
3,fold_03-generation-pred-000539,generation,1626304050000,1626304080000,1,0.9984133294691685,0.9965513471389622
3,fold_03-generation-pred-000540,generation,1626304470000,1626304500000,1,0.9982155644515724,0.9965513471389622
3,fold_03-generation-pred-000541,generation,1626304530000,1626304560000,1,0.9982383357877188,0.9965513471389622
3,fold_03-generation-pred-000542,generation,1626304620000,1626304680000,2,0.9983258692903831,0.9965513471389622
3,fold_03-generation-pred-000543,generation,1626304800000,1626304830000,1,0.9985840322460906,0.9965513471389622
3,fold_03-generation-pred-000544,generation,1626305010000,1626305040000,1,0.9982135112030577,0.9965513471389622
3,fold_03-generation-pred-000545,generation,1626305130000,1626305160000,1,0.9984090732395201,0.9965513471389622
3,fold_03-generation-pred-000546,generation,1626305490000,1626305520000,1,0.998068546360177,0.9965513471389622
3,fold_03-generation-pred-000547,generation,1626305700000,1626305730000,1,0.9989665862447922,0.9965513471389622
3,fold_03-generation-pred-000548,generation,1626305850000,1626305880000,1,0.9981737762621623,0.9965513471389622
3,fold_03-generation-pred-000549,generation,1626306030000,1626306060000,1,0.9983288806531023,0.9965513471389622
3,fold_03-generation-pred-000550,generation,1626306600000,1626306630000,1,0.9981928786691279,0.9965513471389622
3,fold_03-generation-pred-000551,generation,1626307140000,1626307170000,1,0.9983489874036292,0.9965513471389622
3,fold_03-generation-pred-000552,generation,1626307530000,1626307560000,1,0.9983586203127247,0.9965513471389622
3,fold_03-generation-pred-000553,generation,1626307710000,1626307740000,1,0.9984153269562427,0.9965513471389622
3,fold_03-generation-pred-000554,generation,1626308190000,1626308220000,1,0.9982246355289452,0.9965513471389622
3,fold_03-generation-pred-000555,generation,1626308610000,1626308670000,2,0.9982827789489667,0.9965513471389622
3,fold_03-generation-pred-000556,generation,1626308760000,1626308790000,1,0.998441478080761,0.9965513471389622
3,fold_03-generation-pred-000557,generation,1626308850000,1626308880000,1,0.9986057039111473,0.9965513471389622
3,fold_03-generation-pred-000558,generation,1626309090000,1626309120000,1,0.9985486845395085,0.9965513471389622
3,fold_03-generation-pred-000559,generation,1626309270000,1626309300000,1,0.998277331170186,0.9965513471389622
3,fold_03-generation-pred-000560,generation,1626309330000,1626309360000,1,0.9982506319709444,0.9965513471389622
3,fold_03-generation-pred-000561,generation,1626309390000,1626309420000,1,0.9967851847198553,0.9965513471389622
3,fold_03-generation-pred-000562,generation,1626309450000,1626309480000,1,0.9983348578363119,0.9965513471389622
3,fold_03-generation-pred-000563,generation,1626309600000,1626309630000,1,0.9985684200838703,0.9965513471389622
3,fold_03-generation-pred-000564,generation,1626309660000,1626309690000,1,0.9982705716824177,0.9965513471389622
3,fold_03-generation-pred-000565,generation,1626309720000,1626309750000,1,0.9981999532682688,0.9965513471389622
3,fold_03-generation-pred-000566,generation,1626309840000,1626309900000,2,0.9986833945819494,0.9965513471389622
3,fold_03-generation-pred-000567,generation,1626309930000,1626309960000,1,0.9987140621057454,0.9965513471389622
3,fold_03-generation-pred-000568,generation,1626310020000,1626310050000,1,0.9984773348592387,0.9965513471389622
3,fold_03-generation-pred-000569,generation,1626310170000,1626310200000,1,0.9985786315183172,0.9965513471389622
3,fold_03-generation-pred-000570,generation,1626310350000,1626310380000,1,0.9982848629461405,0.9965513471389622
3,fold_03-generation-pred-000571,generation,1626310680000,1626310710000,1,0.9984539191143592,0.9965513471389622
3,fold_03-generation-pred-000572,generation,1626311250000,1626311280000,1,0.9983344551064969,0.9965513471389622
3,fold_03-generation-pred-000573,generation,1626311460000,1626311490000,1,0.9985372605749736,0.9965513471389622
3,fold_03-generation-pred-000574,generation,1626311730000,1626311760000,1,0.9984078177232559,0.9965513471389622
3,fold_03-generation-pred-000575,generation,1626312090000,1626312120000,1,0.9986023443980785,0.9965513471389622
3,fold_03-generation-pred-000576,generation,1626312210000,1626312240000,1,0.9983392039746652,0.9965513471389622
3,fold_03-generation-pred-000577,generation,1626312390000,1626312420000,1,0.9982884523367289,0.9965513471389622
3,fold_03-generation-pred-000578,generation,1626312510000,1626312540000,1,0.9986379801561256,0.9965513471389622
3,fold_03-generation-pred-000579,generation,1626313050000,1626313080000,1,0.9980002262232689,0.9965513471389622
3,fold_03-generation-pred-000580,generation,1626313110000,1626313140000,1,0.9978616584723587,0.9965513471389622
3,fold_03-generation-pred-000581,generation,1626313290000,1626313320000,1,0.998705711478208,0.9965513471389622
3,fold_03-generation-pred-000582,generation,1626313830000,1626313860000,1,0.9982782411495463,0.9965513471389622
3,fold_03-generation-pred-000583,generation,1626313920000,1626313950000,1,0.9984177491012295,0.9965513471389622
3,fold_03-generation-pred-000584,generation,1626314280000,1626314310000,1,0.9981206015704448,0.9965513471389622
3,fold_03-generation-pred-000585,generation,1626314520000,1626314550000,1,0.9984694560341058,0.9965513471389622
3,fold_03-generation-pred-000586,generation,1626314610000,1626314640000,1,0.9985266597645718,0.9965513471389622
3,fold_03-generation-pred-000587,generation,1626314760000,1626314790000,1,0.9983829297844697,0.9965513471389622
3,fold_03-generation-pred-000588,generation,1626315510000,1626315540000,1,0.9979745442900322,0.9965513471389622
3,fold_03-generation-pred-000589,generation,1626315630000,1626315660000,1,0.9983759253754416,0.9965513471389622
3,fold_03-generation-pred-000590,generation,1626315780000,1626315810000,1,0.9979105239707232,0.9965513471389622
3,fold_03-generation-pred-000591,generation,1626316050000,1626316080000,1,0.9986892694204922,0.9965513471389622
3,fold_03-generation-pred-000592,generation,1626316950000,1626316980000,1,0.9983150205167765,0.9965513471389622
3,fold_03-generation-pred-000593,generation,1626317040000,1626317070000,1,0.9986283127396877,0.9965513471389622
3,fold_03-generation-pred-000594,generation,1626317160000,1626317220000,2,0.9983881101519346,0.9965513471389622
3,fold_03-generation-pred-000595,generation,1626317460000,1626317490000,1,0.9986565823871507,0.9965513471389622
3,fold_03-generation-pred-000596,generation,1626317790000,1626317820000,1,0.9984639554097768,0.9965513471389622
3,fold_03-generation-pred-000597,generation,1626317910000,1626317940000,1,0.9986357959471088,0.9965513471389622
3,fold_03-generation-pred-000598,generation,1626317970000,1626318000000,1,0.9984664230896497,0.9965513471389622
3,fold_03-generation-pred-000599,generation,1626318120000,1626318180000,2,0.998470523212663,0.9965513471389622
3,fold_03-generation-pred-000600,generation,1626318330000,1626318360000,1,0.9985661517942404,0.9965513471389622
3,fold_03-generation-pred-000601,generation,1626318420000,1626318450000,1,0.9982898172850748,0.9965513471389622
3,fold_03-generation-pred-000602,generation,1626318510000,1626318540000,1,0.9985856184955986,0.9965513471389622
3,fold_03-generation-pred-000603,generation,1626319050000,1626319080000,1,0.9984545954324122,0.9965513471389622
3,fold_03-generation-pred-000604,generation,1626319170000,1626319200000,1,0.9985475494140977,0.9965513471389622
3,fold_03-generation-pred-000605,generation,1626319320000,1626319350000,1,0.9983774671014143,0.9965513471389622
3,fold_03-generation-pred-000606,generation,1626319380000,1626319410000,1,0.9985111739443597,0.9965513471389622
3,fold_03-generation-pred-000607,generation,1626319470000,1626319500000,1,0.9985402134062128,0.9965513471389622
3,fold_03-generation-pred-000608,generation,1626319830000,1626319860000,1,0.9984654619182068,0.9965513471389622
3,fold_03-generation-pred-000609,generation,1626320070000,1626320100000,1,0.9986612366754005,0.9965513471389622
3,fold_03-generation-pred-000610,generation,1626320160000,1626320190000,1,0.9984400201065388,0.9965513471389622
3,fold_03-generation-pred-000611,generation,1626320340000,1626320370000,1,0.9984493198382387,0.9965513471389622
3,fold_03-generation-pred-000612,generation,1626320430000,1626320460000,1,0.9984658622359137,0.9965513471389622
3,fold_03-generation-pred-000613,generation,1626320550000,1626320580000,1,0.9983887538470623,0.9965513471389622
3,fold_03-generation-pred-000614,generation,1626320670000,1626320700000,1,0.9984935386825213,0.9965513471389622
3,fold_03-generation-pred-000615,generation,1626320880000,1626320910000,1,0.9984372421850797,0.9965513471389622
3,fold_03-generation-pred-000616,generation,1626321660000,1626321690000,1,0.9978713066305259,0.9965513471389622
3,fold_03-generation-pred-000617,generation,1626321990000,1626322020000,1,0.9977458985538521,0.9965513471389622
3,fold_03-generation-pred-000618,generation,1626322380000,1626322410000,1,0.9988588170604713,0.9965513471389622
3,fold_03-generation-pred-000619,generation,1626322500000,1626322530000,1,0.9985498615892933,0.9965513471389622
3,fold_03-generation-pred-000620,generation,1626322590000,1626322620000,1,0.9985820182406188,0.9965513471389622
3,fold_03-generation-pred-000621,generation,1626322860000,1626322890000,1,0.9985135956043506,0.9965513471389622
3,fold_03-generation-pred-000622,generation,1626323190000,1626323220000,1,0.9985838360315867,0.9965513471389622
3,fold_03-generation-pred-000623,generation,1626323280000,1626323310000,1,0.9986329066530863,0.9965513471389622
3,fold_03-generation-pred-000624,generation,1626323490000,1626323520000,1,0.9985863746069833,0.9965513471389622
3,fold_03-generation-pred-000625,generation,1626323550000,1626323610000,2,0.9985737189825156,0.9965513471389622
3,fold_03-generation-pred-000626,generation,1626323670000,1626323700000,1,0.9984401485876601,0.9965513471389622
3,fold_03-generation-pred-000627,generation,1626323820000,1626323850000,1,0.998568286473606,0.9965513471389622
3,fold_03-generation-pred-000628,generation,1626323910000,1626323940000,1,0.9986446557837666,0.9965513471389622
3,fold_03-generation-pred-000629,generation,1626324090000,1626324120000,1,0.9983440922606047,0.9965513471389622
3,fold_03-generation-pred-000630,generation,1626324330000,1626324360000,1,0.9985097314041509,0.9965513471389622
3,fold_03-generation-pred-000631,generation,1626324390000,1626324420000,1,0.998647602714784,0.9965513471389622
3,fold_03-generation-pred-000632,generation,1626324450000,1626324480000,1,0.9981969854989612,0.9965513471389622
3,fold_03-generation-pred-000633,generation,1626324510000,1626324540000,1,0.9984863901383011,0.9965513471389622
3,fold_03-generation-pred-000634,generation,1626324600000,1626324630000,1,0.9985163227766188,0.9965513471389622
3,fold_03-generation-pred-000635,generation,1626324690000,1626324720000,1,0.9986431653769178,0.9965513471389622
3,fold_03-generation-pred-000636,generation,1626324840000,1626324870000,1,0.9985302156275606,0.9965513471389622
3,fold_03-generation-pred-000637,generation,1626325020000,1626325050000,1,0.9981190498983646,0.9965513471389622
3,fold_03-generation-pred-000638,generation,1626325200000,1626325260000,2,0.9982818353775692,0.9965513471389622
3,fold_03-generation-pred-000639,generation,1626325290000,1626325320000,1,0.99862150158934,0.9965513471389622
3,fold_03-generation-pred-000640,generation,1626325500000,1626325530000,1,0.9981182897034127,0.9965513471389622
3,fold_03-generation-pred-000641,generation,1626325710000,1626325740000,1,0.9985922018636734,0.9965513471389622
3,fold_03-generation-pred-000642,generation,1626325860000,1626325890000,1,0.9984770811029101,0.9965513471389622
3,fold_03-generation-pred-000643,generation,1626325980000,1626326010000,1,0.9981906495212953,0.9965513471389622
3,fold_03-generation-pred-000644,generation,1626326070000,1626326100000,1,0.9984604491379385,0.9965513471389622
3,fold_03-generation-pred-000645,generation,1626326340000,1626326370000,1,0.9983963085660339,0.9965513471389622
3,fold_03-generation-pred-000646,generation,1626326580000,1626326610000,1,0.9985535626559469,0.9965513471389622
3,fold_03-generation-pred-000647,generation,1626327030000,1626327060000,1,0.9986897237491225,0.9965513471389622
3,fold_03-generation-pred-000648,generation,1626327090000,1626327120000,1,0.998418316974279,0.9965513471389622
3,fold_03-generation-pred-000649,generation,1626327240000,1626327270000,1,0.9981790916355409,0.9965513471389622
3,fold_03-generation-pred-000650,generation,1626327420000,1626327450000,1,0.9982834458414676,0.9965513471389622
3,fold_03-generation-pred-000651,generation,1626327480000,1626327510000,1,0.9985127765478471,0.9965513471389622
3,fold_03-generation-pred-000652,generation,1626327720000,1626327750000,1,0.9987431180531297,0.9965513471389622
3,fold_03-generation-pred-000653,generation,1626327930000,1626327960000,1,0.9985731864423889,0.9965513471389622
3,fold_03-generation-pred-000654,generation,1626328110000,1626328140000,1,0.998256601431096,0.9965513471389622
3,fold_03-generation-pred-000655,generation,1626328230000,1626328260000,1,0.9984491965413672,0.9965513471389622
3,fold_03-generation-pred-000656,generation,1626328350000,1626328380000,1,0.9983561672761305,0.9965513471389622
3,fold_03-generation-pred-000657,generation,1626328410000,1626328440000,1,0.998120392249847,0.9965513471389622
3,fold_03-generation-pred-000658,generation,1626328620000,1626328650000,1,0.9987737897517605,0.9965513471389622
3,fold_03-generation-pred-000659,generation,1626329070000,1626329100000,1,0.9980294590391562,0.9965513471389622
3,fold_03-generation-pred-000660,generation,1626329250000,1626329310000,2,0.9983863949367546,0.9965513471389622
3,fold_03-generation-pred-000661,generation,1626329580000,1626329610000,1,0.9986001917751856,0.9965513471389622
3,fold_03-generation-pred-000662,generation,1626329700000,1626329730000,1,0.9983393375830696,0.9965513471389622
3,fold_03-generation-pred-000663,generation,1626330390000,1626330450000,2,0.9984288622957368,0.9965513471389622
3,fold_03-generation-pred-000664,generation,1626330660000,1626330690000,1,0.9985352687156926,0.9965513471389622
3,fold_03-generation-pred-000665,generation,1626330900000,1626330930000,1,0.9986086671799163,0.9965513471389622
3,fold_03-generation-pred-000666,generation,1626331020000,1626331050000,1,0.9982955972780623,0.9965513471389622
3,fold_03-generation-pred-000667,generation,1626331200000,1626331230000,1,0.9983342330878652,0.9965513471389622
3,fold_03-generation-pred-000668,generation,1626331350000,1626331380000,1,0.9982870520544675,0.9965513471389622
3,fold_03-generation-pred-000669,generation,1626332490000,1626332520000,1,0.998389996012638,0.9965513471389622
3,fold_03-generation-pred-000670,generation,1626332610000,1626332640000,1,0.9985232141480963,0.9965513471389622
3,fold_03-generation-pred-000671,generation,1626333180000,1626333210000,1,0.9984863375297205,0.9965513471389622
3,fold_03-generation-pred-000672,generation,1626333360000,1626333390000,1,0.9983803973681032,0.9965513471389622
3,fold_03-generation-pred-000673,generation,1626333570000,1626333600000,1,0.998413185939914,0.9965513471389622
3,fold_03-generation-pred-000674,generation,1626333630000,1626333660000,1,0.9985668411877773,0.9965513471389622
3,fold_03-generation-pred-000675,generation,1626333720000,1626333750000,1,0.9981894667017723,0.9965513471389622
3,fold_03-generation-pred-000676,generation,1626333840000,1626333870000,1,0.9979612362585994,0.9965513471389622
3,fold_03-generation-pred-000677,generation,1626334260000,1626334290000,1,0.9982971664942369,0.9965513471389622
3,fold_03-generation-pred-000678,generation,1626334560000,1626334590000,1,0.9984155811799914,0.9965513471389622
3,fold_03-generation-pred-000679,generation,1626334950000,1626334980000,1,0.9983238805154976,0.9965513471389622
3,fold_03-generation-pred-000680,generation,1626335190000,1626335220000,1,0.9983064733528154,0.9965513471389622
3,fold_03-generation-pred-000681,generation,1626335430000,1626335460000,1,0.9984293858084805,0.9965513471389622
3,fold_03-generation-pred-000682,generation,1626335850000,1626335880000,1,0.998486705030945,0.9965513471389622
3,fold_03-generation-pred-000683,generation,1626335910000,1626335940000,1,0.9983068473739237,0.9965513471389622
3,fold_03-generation-pred-000684,generation,1626336120000,1626336150000,1,0.9986275130216624,0.9965513471389622
3,fold_03-generation-pred-000685,generation,1626336360000,1626336420000,2,0.9984174168689365,0.9965513471389622
3,fold_03-generation-pred-000686,generation,1626336510000,1626336540000,1,0.9986172006481622,0.9965513471389622
3,fold_03-generation-pred-000687,generation,1626337680000,1626337710000,1,0.9985301211491383,0.9965513471389622
3,fold_03-generation-pred-000688,generation,1626337770000,1626337800000,1,0.9983102372043482,0.9965513471389622
3,fold_03-generation-pred-000689,generation,1626338070000,1626338130000,2,0.9984118633502425,0.9965513471389622
3,fold_03-generation-pred-000690,generation,1626338160000,1626338190000,1,0.9975422266088145,0.9965513471389622
3,fold_03-generation-pred-000691,generation,1626338430000,1626338460000,1,0.998150246809097,0.9965513471389622
3,fold_03-generation-pred-000692,generation,1626338610000,1626338640000,1,0.9984617628198461,0.9965513471389622
3,fold_03-generation-pred-000693,generation,1626338790000,1626338820000,1,0.9980841975401201,0.9965513471389622
3,fold_03-generation-pred-000694,generation,1626338880000,1626338910000,1,0.9987059851158511,0.9965513471389622
3,fold_03-generation-pred-000695,generation,1626339090000,1626339120000,1,0.9982919244657499,0.9965513471389622
3,fold_03-generation-pred-000696,generation,1626339420000,1626339450000,1,0.9984649175233836,0.9965513471389622
3,fold_03-generation-pred-000697,generation,1626339600000,1626339630000,1,0.9983124526250051,0.9965513471389622
3,fold_03-generation-pred-000698,generation,1626339780000,1626339810000,1,0.9983053806422503,0.9965513471389622
3,fold_03-generation-pred-000699,generation,1626340170000,1626340200000,1,0.9983170366108518,0.9965513471389622
3,fold_03-generation-pred-000700,generation,1626340620000,1626340650000,1,0.9982207448633783,0.9965513471389622
3,fold_03-generation-pred-000701,generation,1626340740000,1626340770000,1,0.9984712548747509,0.9965513471389622
3,fold_03-generation-pred-000702,generation,1626340860000,1626340890000,1,0.9986715912010297,0.9965513471389622
3,fold_03-generation-pred-000703,generation,1626340920000,1626340950000,1,0.9982142168480973,0.9965513471389622
3,fold_03-generation-pred-000704,generation,1626341100000,1626341130000,1,0.998535095049009,0.9965513471389622
3,fold_03-generation-pred-000705,generation,1626341490000,1626341520000,1,0.9982814623852149,0.9965513471389622
3,fold_03-generation-pred-000706,generation,1626341820000,1626341850000,1,0.9983479071359082,0.9965513471389622
3,fold_03-generation-pred-000707,generation,1626341910000,1626341940000,1,0.9986066191638661,0.9965513471389622
3,fold_03-generation-pred-000708,generation,1626342030000,1626342060000,1,0.9985656048219462,0.9965513471389622
3,fold_03-generation-pred-000709,generation,1626342210000,1626342240000,1,0.9983797904493316,0.9965513471389622
3,fold_03-generation-pred-000710,generation,1626342480000,1626342510000,1,0.998526012130336,0.9965513471389622
3,fold_03-generation-pred-000711,generation,1626342750000,1626342780000,1,0.9983002277802769,0.9965513471389622
3,fold_03-generation-pred-000712,generation,1626342840000,1626342870000,1,0.9982540925998815,0.9965513471389622
3,fold_03-generation-pred-000713,generation,1626343020000,1626343050000,1,0.998311724653721,0.9965513471389622
3,fold_03-generation-pred-000714,generation,1626343080000,1626343110000,1,0.9983100682760817,0.9965513471389622
3,fold_03-generation-pred-000715,generation,1626343170000,1626343200000,1,0.9984557023664957,0.9965513471389622
3,fold_03-generation-pred-000716,generation,1626344130000,1626344160000,1,0.998503757788341,0.9965513471389622
3,fold_03-generation-pred-000717,generation,1626344310000,1626344340000,1,0.998244107273383,0.9965513471389622
3,fold_03-generation-pred-000718,generation,1626344370000,1626344400000,1,0.9984852301640695,0.9965513471389622
3,fold_03-generation-pred-000719,generation,1626344580000,1626344610000,1,0.9983176998316484,0.9965513471389622
3,fold_03-generation-pred-000720,generation,1626344640000,1626344670000,1,0.9984512720866952,0.9965513471389622
3,fold_03-generation-pred-000721,generation,1626345330000,1626345360000,1,0.9984956445055242,0.9965513471389622
3,fold_03-generation-pred-000722,generation,1626345480000,1626345510000,1,0.9985073652885442,0.9965513471389622
3,fold_03-generation-pred-000723,generation,1626346170000,1626346200000,1,0.998310586269347,0.9965513471389622
3,fold_03-generation-pred-000724,generation,1626346260000,1626346290000,1,0.9986313714100925,0.9965513471389622
3,fold_03-generation-pred-000725,generation,1626346380000,1626346410000,1,0.9983814803119413,0.9965513471389622
3,fold_03-generation-pred-000726,generation,1626346650000,1626346680000,1,0.9986163674477936,0.9965513471389622
3,fold_03-generation-pred-000727,generation,1626346800000,1626346830000,1,0.9984165629913169,0.9965513471389622
3,fold_03-generation-pred-000728,generation,1626346920000,1626346950000,1,0.9983999599198945,0.9965513471389622
3,fold_03-generation-pred-000729,generation,1626347100000,1626347130000,1,0.9981934961481974,0.9965513471389622
3,fold_03-generation-pred-000730,generation,1626347310000,1626347340000,1,0.9985460278421677,0.9965513471389622
3,fold_03-generation-pred-000731,generation,1626347370000,1626347400000,1,0.9984063601760639,0.9965513471389622
3,fold_03-generation-pred-000732,generation,1626347430000,1626347460000,1,0.9982715716175761,0.9965513471389622
3,fold_03-generation-pred-000733,generation,1626347550000,1626347580000,1,0.9983814148163159,0.9965513471389622
3,fold_03-generation-pred-000734,generation,1626347610000,1626347640000,1,0.9983226800502865,0.9965513471389622
3,fold_03-generation-pred-000735,generation,1626347910000,1626347940000,1,0.9984541465491564,0.9965513471389622
3,fold_03-generation-pred-000736,generation,1626347970000,1626348000000,1,0.9982861540662674,0.9965513471389622
3,fold_03-generation-pred-000737,generation,1626348090000,1626348120000,1,0.9983970123342195,0.9965513471389622
3,fold_03-generation-pred-000738,generation,1626348300000,1626348330000,1,0.9986394373783964,0.9965513471389622
3,fold_03-generation-pred-000739,generation,1626348450000,1626348480000,1,0.9982610463466073,0.9965513471389622
3,fold_03-generation-pred-000740,generation,1626348810000,1626348840000,1,0.9982653701343998,0.9965513471389622
3,fold_03-generation-pred-000741,generation,1626349080000,1626349110000,1,0.9984848731258704,0.9965513471389622
3,fold_03-generation-pred-000742,generation,1626349230000,1626349260000,1,0.9982884865551599,0.9965513471389622
3,fold_03-generation-pred-000743,generation,1626349620000,1626349650000,1,0.9983206187421341,0.9965513471389622
3,fold_03-generation-pred-000744,generation,1626349830000,1626349860000,1,0.9984926856257446,0.9965513471389622
3,fold_03-generation-pred-000745,generation,1626350010000,1626350070000,2,0.998546404404614,0.9965513471389622
3,fold_03-generation-pred-000746,generation,1626350580000,1626350610000,1,0.9981864229769793,0.9965513471389622
3,fold_03-generation-pred-000747,generation,1626350760000,1626350790000,1,0.9984105177152498,0.9965513471389622
3,fold_03-generation-pred-000748,generation,1626350940000,1626350970000,1,0.9985401550196406,0.9965513471389622
3,fold_03-generation-pred-000749,generation,1626351000000,1626351030000,1,0.9987314229645133,0.9965513471389622
3,fold_03-generation-pred-000750,generation,1626351300000,1626351330000,1,0.9982818083874144,0.9965513471389622
3,fold_03-generation-pred-000751,generation,1626351540000,1626351570000,1,0.9985879864751266,0.9965513471389622
3,fold_03-generation-pred-000752,generation,1626351690000,1626351720000,1,0.9984288974513336,0.9965513471389622
3,fold_03-generation-pred-000753,generation,1626351780000,1626351810000,1,0.9987224398458195,0.9965513471389622
3,fold_03-generation-pred-000754,generation,1626352200000,1626352230000,1,0.998053257732345,0.9965513471389622
3,fold_03-generation-pred-000755,generation,1626352290000,1626352320000,1,0.9985265264719773,0.9965513471389622
3,fold_03-generation-pred-000756,generation,1626352470000,1626352500000,1,0.9984474834009249,0.9965513471389622
3,fold_03-generation-pred-000757,generation,1626352740000,1626352770000,1,0.9984488088676842,0.9965513471389622
3,fold_03-generation-pred-000758,generation,1626352950000,1626352980000,1,0.9984298261721312,0.9965513471389622
3,fold_03-generation-pred-000759,generation,1626353070000,1626353100000,1,0.9982521035741265,0.9965513471389622
3,fold_03-generation-pred-000760,generation,1626353160000,1626353220000,2,0.9988766062366716,0.9965513471389622
3,fold_03-generation-pred-000761,generation,1626353310000,1626353340000,1,0.9985025112889357,0.9965513471389622
3,fold_03-generation-pred-000762,generation,1626353460000,1626353490000,1,0.997981717134008,0.9965513471389622
3,fold_03-generation-pred-000763,generation,1626353850000,1626353880000,1,0.9983520255057036,0.9965513471389622
3,fold_03-generation-pred-000764,generation,1626354120000,1626354150000,1,0.9987093583064705,0.9965513471389622
3,fold_03-generation-pred-000765,generation,1626354240000,1626354270000,1,0.998173306822585,0.9965513471389622
3,fold_03-generation-pred-000766,generation,1626354330000,1626354360000,1,0.9985076410074661,0.9965513471389622
3,fold_03-generation-pred-000767,generation,1626354630000,1626354690000,2,0.9984367629651343,0.9965513471389622
3,fold_03-generation-pred-000768,generation,1626355110000,1626355170000,2,0.9982857926178257,0.9965513471389622
3,fold_03-generation-pred-000769,generation,1626355200000,1626355230000,1,0.9988355842077765,0.9965513471389622
3,fold_03-generation-pred-000770,generation,1626355380000,1626355410000,1,0.9982437378088946,0.9965513471389622
3,fold_03-generation-pred-000771,generation,1626355620000,1626355680000,2,0.9984608756761149,0.9965513471389622
3,fold_03-generation-pred-000772,generation,1626356430000,1626356460000,1,0.9980792594044327,0.9965513471389622
3,fold_03-generation-pred-000773,generation,1626356640000,1626356670000,1,0.9985294981396006,0.9965513471389622
3,fold_03-generation-pred-000774,generation,1626356850000,1626356910000,2,0.998641532966005,0.9965513471389622
3,fold_03-generation-pred-000775,generation,1626357060000,1626357090000,1,0.9985856649646635,0.9965513471389622
3,fold_03-generation-pred-000776,generation,1626357270000,1626357300000,1,0.9985061701557507,0.9965513471389622
3,fold_03-generation-pred-000777,generation,1626357540000,1626357570000,1,0.9983983358342727,0.9965513471389622
3,fold_03-generation-pred-000778,generation,1626357810000,1626357840000,1,0.9984287014675665,0.9965513471389622
3,fold_03-generation-pred-000779,generation,1626357960000,1626357990000,1,0.9982818664566172,0.9965513471389622
3,fold_03-generation-pred-000780,generation,1626358200000,1626358260000,2,0.998673441513262,0.9965513471389622
3,fold_03-generation-pred-000781,generation,1626358410000,1626358440000,1,0.998641804631662,0.9965513471389622
3,fold_03-generation-pred-000782,generation,1626358500000,1626358530000,1,0.9984064929422838,0.9965513471389622
3,fold_03-generation-pred-000783,generation,1626358680000,1626358710000,1,0.9984948965512986,0.9965513471389622
3,fold_03-generation-pred-000784,generation,1626359100000,1626359130000,1,0.9984067956079743,0.9965513471389622
3,fold_03-generation-pred-000785,generation,1626359370000,1626359400000,1,0.9984245006595497,0.9965513471389622
3,fold_03-generation-pred-000786,generation,1626359550000,1626359580000,1,0.9981934342377927,0.9965513471389622
3,fold_03-generation-pred-000787,generation,1626359670000,1626359700000,1,0.9984304211026933,0.9965513471389622
3,fold_03-generation-pred-000788,generation,1626359940000,1626359970000,1,0.9979757439364831,0.9965513471389622
3,fold_03-generation-pred-000789,generation,1626360030000,1626360090000,2,0.9987597658524225,0.9965513471389622
3,fold_03-generation-pred-000790,generation,1626360510000,1626360540000,1,0.9984179253594738,0.9965513471389622
3,fold_03-generation-pred-000791,generation,1626361410000,1626361440000,1,0.9984566821327057,0.9965513471389622
3,fold_03-generation-pred-000792,generation,1626361560000,1626361590000,1,0.9983903830354117,0.9965513471389622
3,fold_03-generation-pred-000793,generation,1626361650000,1626361680000,1,0.9983938834728872,0.9965513471389622
3,fold_03-generation-pred-000794,generation,1626361710000,1626361740000,1,0.9986764400252005,0.9965513471389622
3,fold_03-generation-pred-000795,generation,1626361890000,1626361920000,1,0.9982874434009209,0.9965513471389622
3,fold_03-generation-pred-000796,generation,1626362010000,1626362040000,1,0.9986555552271796,0.9965513471389622
3,fold_03-generation-pred-000797,generation,1626362100000,1626362130000,1,0.9987540398638913,0.9965513471389622
3,fold_03-generation-pred-000798,generation,1626362370000,1626362400000,1,0.998427787052869,0.9965513471389622
3,fold_03-generation-pred-000799,generation,1626362490000,1626362520000,1,0.9985109116391583,0.9965513471389622
3,fold_03-generation-pred-000800,generation,1626362580000,1626362610000,1,0.998855200629561,0.9965513471389622
3,fold_03-generation-pred-000801,generation,1626362640000,1626362670000,1,0.9986392682701453,0.9965513471389622
3,fold_03-generation-pred-000802,generation,1626363030000,1626363060000,1,0.9984294695543556,0.9965513471389622
3,fold_03-generation-pred-000803,generation,1626363210000,1626363240000,1,0.9984725775309375,0.9965513471389622
3,fold_03-generation-pred-000804,generation,1626363990000,1626364020000,1,0.9985461434516615,0.9965513471389622
3,fold_03-generation-pred-000805,generation,1626364230000,1626364260000,1,0.9982998522993765,0.9965513471389622
3,fold_03-generation-pred-000806,generation,1626364350000,1626364380000,1,0.9983885935226998,0.9965513471389622
3,fold_03-generation-pred-000807,generation,1626364740000,1626364770000,1,0.9981154844498942,0.9965513471389622
3,fold_03-generation-pred-000808,generation,1626365010000,1626365040000,1,0.9973630792089136,0.9965513471389622
3,fold_03-generation-pred-000809,generation,1626365190000,1626365220000,1,0.997216959787206,0.9965513471389622
3,fold_03-generation-pred-000810,generation,1626365310000,1626365340000,1,0.997081322149193,0.9965513471389622
3,fold_03-generation-pred-000811,generation,1626365460000,1626365490000,1,0.9977213439350512,0.9965513471389622
3,fold_03-generation-pred-000812,generation,1626365670000,1626365700000,1,0.9967347411245242,0.9965513471389622
3,fold_03-generation-pred-000813,generation,1626365850000,1626365880000,1,0.9971688720591463,0.9965513471389622
3,fold_03-generation-pred-000814,generation,1626366000000,1626366030000,1,0.9968544289257419,0.9965513471389622
3,fold_03-generation-pred-000815,generation,1626366090000,1626366120000,1,0.9971055706366883,0.9965513471389622
3,fold_03-generation-pred-000816,generation,1626366240000,1626366270000,1,0.9980528222419298,0.9965513471389622
3,fold_03-generation-pred-000817,generation,1626366570000,1626366600000,1,0.9966304247467802,0.9965513471389622
3,fold_03-generation-pred-000818,generation,1626366660000,1626366690000,1,0.9969965566648724,0.9965513471389622
3,fold_03-generation-pred-000819,generation,1626366810000,1626366840000,1,0.9970913267806902,0.9965513471389622
3,fold_03-generation-pred-000820,generation,1626366960000,1626366990000,1,0.9975789906017709,0.9965513471389622
3,fold_03-generation-pred-000821,generation,1626367410000,1626367440000,1,0.9971018870289194,0.9965513471389622
3,fold_03-generation-pred-000822,generation,1626367830000,1626367860000,1,0.9969897352437642,0.9965513471389622
3,fold_03-generation-pred-000823,generation,1626368070000,1626368100000,1,0.9978748103385047,0.9965513471389622
3,fold_03-generation-pred-000824,generation,1626368310000,1626368340000,1,0.9980504716963925,0.9965513471389622
3,fold_03-generation-pred-000825,generation,1626368640000,1626368670000,1,0.9975780887060897,0.9965513471389622
3,fold_03-generation-pred-000826,generation,1626368970000,1626369000000,1,0.9976107695903182,0.9965513471389622
3,fold_03-generation-pred-000827,generation,1626369090000,1626369120000,1,0.9966451870629094,0.9965513471389622
3,fold_03-generation-pred-000828,generation,1626369150000,1626369180000,1,0.9977876232992677,0.9965513471389622
3,fold_03-generation-pred-000829,generation,1626370500000,1626370530000,1,0.9973677865400681,0.9965513471389622
3,fold_03-generation-pred-000830,generation,1626370680000,1626370710000,1,0.9978287199482865,0.9965513471389622
3,fold_03-generation-pred-000831,generation,1626370890000,1626370920000,1,0.9968090992081724,0.9965513471389622
3,fold_03-generation-pred-000832,generation,1626371040000,1626371070000,1,0.9973315193625202,0.9965513471389622
3,fold_03-generation-pred-000833,generation,1626371100000,1626371130000,1,0.9979456416067067,0.9965513471389622
3,fold_03-generation-pred-000834,generation,1626371580000,1626371610000,1,0.9970159825127703,0.9965513471389622
3,fold_03-generation-pred-000835,generation,1626371640000,1626371670000,1,0.9975227621498786,0.9965513471389622
3,fold_03-generation-pred-000836,generation,1626371940000,1626371970000,1,0.9971674393782192,0.9965513471389622
3,fold_03-generation-pred-000837,generation,1626372030000,1626372060000,1,0.9973374075428402,0.9965513471389622
3,fold_03-generation-pred-000838,generation,1626372660000,1626372690000,1,0.997066930030071,0.9965513471389622
3,fold_03-generation-pred-000839,generation,1626372810000,1626372840000,1,0.997870575206245,0.9965513471389622
3,fold_03-generation-pred-000840,generation,1626372960000,1626372990000,1,0.9972793834312479,0.9965513471389622
3,fold_03-generation-pred-000841,generation,1626373440000,1626373470000,1,0.997297199610641,0.9965513471389622
3,fold_03-generation-pred-000842,generation,1626374100000,1626374130000,1,0.9976635272744605,0.9965513471389622
3,fold_03-generation-pred-000843,generation,1626374940000,1626374970000,1,0.9976061439091867,0.9965513471389622
3,fold_03-generation-pred-000844,generation,1626375090000,1626375120000,1,0.9966035814309706,0.9965513471389622
3,fold_03-generation-pred-000845,generation,1626375150000,1626375180000,1,0.997155212075365,0.9965513471389622
3,fold_03-generation-pred-000846,generation,1626375360000,1626375390000,1,0.9970664474953798,0.9965513471389622
3,fold_03-generation-pred-000847,generation,1626375960000,1626375990000,1,0.9976467099976438,0.9965513471389622
3,fold_03-generation-pred-000848,generation,1626376020000,1626376050000,1,0.9974377037121757,0.9965513471389622
3,fold_03-generation-pred-000849,generation,1626376080000,1626376110000,1,0.997019765064032,0.9965513471389622
3,fold_03-generation-pred-000850,generation,1626376530000,1626376560000,1,0.9974891635476288,0.9965513471389622
3,fold_03-generation-pred-000851,generation,1626376710000,1626376740000,1,0.9972193289254989,0.9965513471389622
3,fold_03-generation-pred-000852,generation,1626376800000,1626376830000,1,0.997642661791007,0.9965513471389622
3,fold_03-generation-pred-000853,generation,1626377100000,1626377130000,1,0.9976660701482861,0.9965513471389622
3,fold_03-generation-pred-000854,generation,1626377160000,1626377190000,1,0.9968572446388292,0.9965513471389622
3,fold_03-generation-pred-000855,generation,1626377250000,1626377280000,1,0.9970388976587226,0.9965513471389622
3,fold_03-generation-pred-000856,generation,1626377370000,1626377400000,1,0.9977995016442964,0.9965513471389622
3,fold_03-generation-pred-000857,generation,1626377460000,1626377490000,1,0.9966134675728219,0.9965513471389622
3,fold_03-generation-pred-000858,generation,1626377550000,1626377580000,1,0.9969326049445365,0.9965513471389622
3,fold_03-generation-pred-000859,generation,1626378120000,1626378150000,1,0.9968448480757569,0.9965513471389622
3,fold_03-generation-pred-000860,generation,1626378330000,1626378360000,1,0.9977053130506077,0.9965513471389622
3,fold_03-generation-pred-000861,generation,1626378450000,1626378480000,1,0.9976372402599043,0.9965513471389622
3,fold_03-generation-pred-000862,generation,1626378780000,1626378810000,1,0.9976435935045029,0.9965513471389622
3,fold_03-generation-pred-000863,generation,1626378960000,1626378990000,1,0.9974293043598268,0.9965513471389622
3,fold_03-generation-pred-000864,generation,1626379440000,1626379470000,1,0.9972461424630988,0.9965513471389622
3,fold_03-generation-pred-000865,generation,1626379560000,1626379590000,1,0.996900774539001,0.9965513471389622
3,fold_03-generation-pred-000866,generation,1626379800000,1626379830000,1,0.9976659069274579,0.9965513471389622
3,fold_03-generation-pred-000867,generation,1626380070000,1626380100000,1,0.9976334043522175,0.9965513471389622
3,fold_03-generation-pred-000868,generation,1626380490000,1626380520000,1,0.9972327411053323,0.9965513471389622
3,fold_03-generation-pred-000869,generation,1626380580000,1626380610000,1,0.99753294188297,0.9965513471389622
3,fold_03-generation-pred-000870,generation,1626380670000,1626380700000,1,0.9978954366946932,0.9965513471389622
3,fold_03-generation-pred-000871,generation,1626380910000,1626380940000,1,0.9974681096652497,0.9965513471389622
3,fold_03-generation-pred-000872,generation,1626381330000,1626381360000,1,0.9968464314121925,0.9965513471389622
3,fold_03-generation-pred-000873,generation,1626381570000,1626381600000,1,0.997738835324438,0.9965513471389622
3,fold_03-generation-pred-000874,generation,1626381840000,1626381870000,1,0.9973647716563586,0.9965513471389622
3,fold_03-generation-pred-000875,generation,1626382080000,1626382110000,1,0.9967582269836635,0.9965513471389622
3,fold_03-generation-pred-000876,generation,1626382650000,1626382680000,1,0.9977562034238859,0.9965513471389622
3,fold_03-generation-pred-000877,generation,1626383670000,1626383700000,1,0.9974930836163987,0.9965513471389622
3,fold_03-generation-pred-000878,generation,1626383940000,1626383970000,1,0.9973734087859409,0.9965513471389622
3,fold_03-generation-pred-000879,generation,1626384210000,1626384240000,1,0.997267891390699,0.9965513471389622
3,fold_03-generation-pred-000880,generation,1626384390000,1626384420000,1,0.9976150879990083,0.9965513471389622
3,fold_03-generation-pred-000881,generation,1626384900000,1626384930000,1,0.9974488242862272,0.9965513471389622
3,fold_03-generation-pred-000882,generation,1626385110000,1626385140000,1,0.9971178065100395,0.9965513471389622
3,fold_03-generation-pred-000883,generation,1626385290000,1626385320000,1,0.9974461582891869,0.9965513471389622
3,fold_03-generation-pred-000884,generation,1626385830000,1626385860000,1,0.9975193084722619,0.9965513471389622
3,fold_03-generation-pred-000885,generation,1626386160000,1626386190000,1,0.9978093504243046,0.9965513471389622
3,fold_03-generation-pred-000886,generation,1626386280000,1626386310000,1,0.9972299026164864,0.9965513471389622
3,fold_03-generation-pred-000887,generation,1626386340000,1626386370000,1,0.9973394061912934,0.9965513471389622
3,fold_03-generation-pred-000888,generation,1626386430000,1626386460000,1,0.99769840326689,0.9965513471389622
3,fold_03-generation-pred-000889,generation,1626386550000,1626386580000,1,0.9974288629446457,0.9965513471389622
3,fold_03-generation-pred-000890,generation,1626386970000,1626387000000,1,0.9966205124572699,0.9965513471389622
3,fold_03-generation-pred-000891,generation,1626387030000,1626387060000,1,0.9971981845516544,0.9965513471389622
3,fold_03-generation-pred-000892,generation,1626387090000,1626387120000,1,0.9977802396082984,0.9965513471389622
3,fold_03-generation-pred-000893,generation,1626387240000,1626387270000,1,0.9968300561111268,0.9965513471389622
3,fold_03-generation-pred-000894,generation,1626387720000,1626387750000,1,0.9976188300599739,0.9965513471389622
3,fold_03-generation-pred-000895,generation,1626387900000,1626387930000,1,0.9978750247054643,0.9965513471389622
3,fold_03-generation-pred-000896,generation,1626388260000,1626388290000,1,0.9969771599436993,0.9965513471389622
3,fold_03-generation-pred-000897,generation,1626388710000,1626388740000,1,0.9973448199472554,0.9965513471389622
3,fold_03-generation-pred-000898,generation,1626388980000,1626389010000,1,0.9974673063083069,0.9965513471389622
3,fold_03-generation-pred-000899,generation,1626389070000,1626389100000,1,0.9974980057626711,0.9965513471389622
3,fold_03-generation-pred-000900,generation,1626389670000,1626389700000,1,0.9977706304502809,0.9965513471389622
3,fold_03-generation-pred-000901,generation,1626389820000,1626389850000,1,0.9969354892932027,0.9965513471389622
3,fold_03-generation-pred-000902,generation,1626390060000,1626390090000,1,0.9972394413614086,0.9965513471389622
3,fold_03-generation-pred-000903,generation,1626390630000,1626390660000,1,0.9977084058853657,0.9965513471389622
3,fold_03-generation-pred-000904,generation,1626390750000,1626390780000,1,0.9978071104331391,0.9965513471389622
3,fold_03-generation-pred-000905,generation,1626391350000,1626391380000,1,0.9976562154607642,0.9965513471389622
3,fold_03-generation-pred-000906,generation,1626391470000,1626391500000,1,0.9969243128924982,0.9965513471389622
3,fold_03-generation-pred-000907,generation,1626391620000,1626391650000,1,0.9974717186209207,0.9965513471389622
3,fold_03-generation-pred-000908,generation,1626391860000,1626391890000,1,0.9976367119258555,0.9965513471389622
3,fold_03-generation-pred-000909,generation,1626391950000,1626391980000,1,0.9975967811330464,0.9965513471389622
3,fold_03-generation-pred-000910,generation,1626392250000,1626392280000,1,0.9972575288184372,0.9965513471389622
3,fold_03-generation-pred-000911,generation,1626392670000,1626392700000,1,0.9976907005256692,0.9965513471389622
3,fold_03-generation-pred-000912,generation,1626392730000,1626392760000,1,0.9970401967579066,0.9965513471389622
3,fold_03-generation-pred-000913,generation,1626393030000,1626393060000,1,0.997563674130696,0.9965513471389622
3,fold_03-generation-pred-000914,generation,1626393150000,1626393180000,1,0.9970563001617623,0.9965513471389622
3,fold_03-generation-pred-000915,generation,1626393750000,1626393780000,1,0.996758325592518,0.9965513471389622
3,fold_03-generation-pred-000916,generation,1626393960000,1626393990000,1,0.997057986118064,0.9965513471389622
3,fold_03-generation-pred-000917,generation,1626394080000,1626394110000,1,0.9970027457483269,0.9965513471389622
3,fold_03-generation-pred-000918,generation,1626394290000,1626394320000,1,0.9968816832985788,0.9965513471389622
3,fold_03-generation-pred-000919,generation,1626394350000,1626394380000,1,0.9968795495521824,0.9965513471389622
3,fold_03-generation-pred-000920,generation,1626394500000,1626394530000,1,0.9970373374258528,0.9965513471389622
3,fold_03-generation-pred-000921,generation,1626394590000,1626394620000,1,0.9968557877762889,0.9965513471389622
3,fold_03-generation-pred-000922,generation,1626394650000,1626394680000,1,0.996809411630032,0.9965513471389622
3,fold_03-generation-pred-000923,generation,1626394740000,1626394770000,1,0.9971485276176086,0.9965513471389622
3,fold_03-generation-pred-000924,generation,1626394950000,1626394980000,1,0.9969756334174077,0.9965513471389622
3,fold_03-generation-pred-000925,generation,1626395160000,1626395190000,1,0.9974035707395986,0.9965513471389622
3,fold_03-generation-pred-000926,generation,1626395220000,1626395250000,1,0.9970373543280714,0.9965513471389622
3,fold_03-generation-pred-000927,generation,1626395280000,1626395310000,1,0.9966099283668648,0.9965513471389622
3,fold_03-generation-pred-000928,generation,1626395400000,1626395430000,1,0.9972648807636377,0.9965513471389622
3,fold_03-generation-pred-000929,generation,1626395940000,1626395970000,1,0.997263242769793,0.9965513471389622
3,fold_03-generation-pred-000930,generation,1626396030000,1626396060000,1,0.996998129746908,0.9965513471389622
3,fold_03-generation-pred-000931,generation,1626396120000,1626396150000,1,0.997038511901224,0.9965513471389622
3,fold_03-generation-pred-000932,generation,1626396210000,1626396240000,1,0.9975013678037757,0.9965513471389622
3,fold_03-generation-pred-000933,generation,1626396330000,1626396360000,1,0.9970184102469797,0.9965513471389622
3,fold_03-generation-pred-000934,generation,1626396390000,1626396420000,1,0.996918628901225,0.9965513471389622
3,fold_03-generation-pred-000935,generation,1626396570000,1626396600000,1,0.9974280398275107,0.9965513471389622
3,fold_03-generation-pred-000936,generation,1626396720000,1626396750000,1,0.9966154513293042,0.9965513471389622
3,fold_03-generation-pred-000937,generation,1626396870000,1626396900000,1,0.996574974266321,0.9965513471389622
3,fold_03-generation-pred-000938,generation,1626397410000,1626397440000,1,0.9969121007955193,0.9965513471389622
3,fold_03-generation-pred-000939,generation,1626397530000,1626397560000,1,0.9972908478775334,0.9965513471389622
3,fold_03-generation-pred-000940,generation,1626397650000,1626397680000,1,0.9971140753112667,0.9965513471389622
3,fold_03-generation-pred-000941,generation,1626397710000,1626397740000,1,0.9977935195322801,0.9965513471389622
3,fold_03-generation-pred-000942,generation,1626398160000,1626398190000,1,0.9972545890528343,0.9965513471389622
3,fold_03-generation-pred-000943,generation,1626398340000,1626398370000,1,0.9974077350556332,0.9965513471389622
3,fold_03-generation-pred-000944,generation,1626398430000,1626398460000,1,0.9976573959322859,0.9965513471389622
3,fold_03-generation-pred-000945,generation,1626398610000,1626398640000,1,0.9974253986982275,0.9965513471389622
3,fold_03-generation-pred-000946,generation,1626398700000,1626398730000,1,0.9969634339265616,0.9965513471389622
3,fold_03-generation-pred-000947,generation,1626399570000,1626399600000,1,0.9967131905266586,0.9965513471389622
3,fold_03-generation-pred-000948,generation,1626399720000,1626399750000,1,0.9977566186527287,0.9965513471389622
3,fold_03-generation-pred-000949,generation,1626399810000,1626399840000,1,0.9971681665810443,0.9965513471389622
3,fold_03-generation-pred-000950,generation,1626400410000,1626400440000,1,0.9975642871120431,0.9965513471389622
3,fold_03-generation-pred-000951,generation,1626400590000,1626400620000,1,0.9972188330412894,0.9965513471389622
3,fold_03-generation-pred-000952,generation,1626400890000,1626400920000,1,0.9971393843571243,0.9965513471389622
3,fold_03-generation-pred-000953,generation,1626401100000,1626401130000,1,0.9970581315828456,0.9965513471389622
3,fold_03-generation-pred-000954,generation,1626401160000,1626401190000,1,0.9973568680591544,0.9965513471389622
3,fold_03-generation-pred-000955,generation,1626401220000,1626401250000,1,0.9977259498426672,0.9965513471389622
3,fold_03-generation-pred-000956,generation,1626401280000,1626401310000,1,0.9970180927115205,0.9965513471389622
3,fold_03-generation-pred-000957,generation,1626401460000,1626401490000,1,0.9977870948263372,0.9965513471389622
3,fold_03-generation-pred-000958,generation,1626401640000,1626401670000,1,0.9972928685070366,0.9965513471389622
3,fold_03-generation-pred-000959,generation,1626401730000,1626401760000,1,0.9969821136989331,0.9965513471389622
3,fold_03-generation-pred-000960,generation,1626401940000,1626401970000,1,0.9976742620511239,0.9965513471389622
3,fold_03-generation-pred-000961,generation,1626402300000,1626402330000,1,0.9972191160366803,0.9965513471389622
3,fold_03-generation-pred-000962,generation,1626402450000,1626402480000,1,0.9969837989991399,0.9965513471389622
3,fold_03-generation-pred-000963,generation,1626402810000,1626402840000,1,0.9971755465645542,0.9965513471389622
3,fold_03-generation-pred-000964,generation,1626402870000,1626402900000,1,0.99734540705048,0.9965513471389622
3,fold_03-generation-pred-000965,generation,1626402990000,1626403020000,1,0.9978178162549212,0.9965513471389622
3,fold_03-generation-pred-000966,generation,1626403050000,1626403080000,1,0.9971884287862243,0.9965513471389622
3,fold_03-generation-pred-000967,generation,1626403170000,1626403200000,1,0.9968025586565927,0.9965513471389622
3,fold_03-generation-pred-000968,generation,1626403380000,1626403410000,1,0.997795819519696,0.9965513471389622
3,fold_03-generation-pred-000969,generation,1626403620000,1626403650000,1,0.99718733767107,0.9965513471389622
3,fold_03-generation-pred-000970,generation,1626403680000,1626403710000,1,0.9968250059811944,0.9965513471389622
3,fold_03-generation-pred-000971,generation,1626403800000,1626403830000,1,0.9973711893313427,0.9965513471389622
3,fold_03-generation-pred-000972,generation,1626403980000,1626404010000,1,0.9976685170946904,0.9965513471389622
3,fold_03-generation-pred-000973,generation,1626404100000,1626404130000,1,0.9975270792663143,0.9965513471389622
3,fold_03-generation-pred-000974,generation,1626404550000,1626404580000,1,0.9979159693883414,0.9965513471389622
3,fold_03-generation-pred-000975,generation,1626404730000,1626404760000,1,0.9968407120737095,0.9965513471389622
3,fold_03-generation-pred-000976,generation,1626404820000,1626404850000,1,0.997438517653073,0.9965513471389622
3,fold_03-generation-pred-000977,generation,1626405150000,1626405180000,1,0.997611135532054,0.9965513471389622
3,fold_03-generation-pred-000978,generation,1626405420000,1626405450000,1,0.9970934018191371,0.9965513471389622
3,fold_03-generation-pred-000979,generation,1626405810000,1626405840000,1,0.9975970154756183,0.9965513471389622
3,fold_03-generation-pred-000980,generation,1626405990000,1626406020000,1,0.996788642291724,0.9965513471389622
3,fold_03-generation-pred-000981,generation,1626406440000,1626406470000,1,0.9977254358890006,0.9965513471389622
3,fold_03-generation-pred-000982,generation,1626406680000,1626406710000,1,0.9982510957259328,0.9965513471389622
3,fold_03-generation-pred-000983,generation,1626407100000,1626407130000,1,0.9977173271723593,0.9965513471389622
3,fold_03-generation-pred-000984,generation,1626407340000,1626407370000,1,0.9976753947489418,0.9965513471389622
3,fold_03-generation-pred-000985,generation,1626407490000,1626407520000,1,0.9967400490172237,0.9965513471389622
3,fold_03-generation-pred-000986,generation,1626407550000,1626407580000,1,0.9976382111878734,0.9965513471389622
3,fold_03-generation-pred-000987,generation,1626408150000,1626408180000,1,0.9969424768663538,0.9965513471389622
3,fold_03-generation-pred-000988,generation,1626408210000,1626408240000,1,0.9970514692227036,0.9965513471389622
3,fold_03-generation-pred-000989,generation,1626408960000,1626408990000,1,0.9973915414333847,0.9965513471389622
3,fold_03-generation-pred-000990,generation,1626409140000,1626409170000,1,0.9974017412703077,0.9965513471389622
3,fold_03-generation-pred-000991,generation,1626409440000,1626409470000,1,0.9977866441563175,0.9965513471389622
3,fold_03-generation-pred-000992,generation,1626409530000,1626409560000,1,0.9973258013335832,0.9965513471389622
3,fold_03-generation-pred-000993,generation,1626409830000,1626409860000,1,0.9978689260495357,0.9965513471389622
3,fold_03-generation-pred-000994,generation,1626409980000,1626410010000,1,0.9972816103793558,0.9965513471389622
3,fold_03-generation-pred-000995,generation,1626410100000,1626410130000,1,0.9974362347980646,0.9965513471389622
3,fold_03-generation-pred-000996,generation,1626410280000,1626410310000,1,0.9971027522357441,0.9965513471389622
3,fold_03-generation-pred-000997,generation,1626410400000,1626410430000,1,0.9976277776457992,0.9965513471389622
3,fold_03-generation-pred-000998,generation,1626410760000,1626410790000,1,0.9966379761549277,0.9965513471389622
3,fold_03-generation-pred-000999,generation,1626411000000,1626411030000,1,0.9977658873820433,0.9965513471389622
3,fold_03-generation-pred-001000,generation,1626411120000,1626411150000,1,0.9973758485266689,0.9965513471389622
3,fold_03-generation-pred-001001,generation,1626411210000,1626411240000,1,0.9970108099263154,0.9965513471389622
3,fold_03-generation-pred-001002,generation,1626411480000,1626411510000,1,0.9980474531040874,0.9965513471389622
3,fold_03-generation-pred-001003,generation,1626411540000,1626411570000,1,0.997440275031474,0.9965513471389622
3,fold_03-generation-pred-001004,generation,1626411990000,1626412020000,1,0.9977125340789567,0.9965513471389622
3,fold_03-generation-pred-001005,generation,1626412170000,1626412200000,1,0.997073920678868,0.9965513471389622
3,fold_03-generation-pred-001006,generation,1626412260000,1626412290000,1,0.9974621428664066,0.9965513471389622
3,fold_03-generation-pred-001007,generation,1626412350000,1626412380000,1,0.9977732159427607,0.9965513471389622
3,fold_03-generation-pred-001008,generation,1626412440000,1626412470000,1,0.9975204492236686,0.9965513471389622
3,fold_03-generation-pred-001009,generation,1626412500000,1626412530000,1,0.9969210770512776,0.9965513471389622
3,fold_03-generation-pred-001010,generation,1626412950000,1626412980000,1,0.9973817524649902,0.9965513471389622
3,fold_03-generation-pred-001011,generation,1626413130000,1626413160000,1,0.9978153416834227,0.9965513471389622
3,fold_03-generation-pred-001012,generation,1626413280000,1626413310000,1,0.9971654022195098,0.9965513471389622
3,fold_03-generation-pred-001013,generation,1626413340000,1626413370000,1,0.9977089073286752,0.9965513471389622
3,fold_03-generation-pred-001014,generation,1626413460000,1626413490000,1,0.9973063151048117,0.9965513471389622
3,fold_03-generation-pred-001015,generation,1626413520000,1626413550000,1,0.9979575511198054,0.9965513471389622
3,fold_03-generation-pred-001016,generation,1626413610000,1626413640000,1,0.9969579565064932,0.9965513471389622
3,fold_03-generation-pred-001017,generation,1626413880000,1626413910000,1,0.9973712530917588,0.9965513471389622
3,fold_03-generation-pred-001018,generation,1626414090000,1626414120000,1,0.9974030643980162,0.9965513471389622
3,fold_03-generation-pred-001019,generation,1626414390000,1626414420000,1,0.9977131173087447,0.9965513471389622
3,fold_03-generation-pred-001020,generation,1626414450000,1626414480000,1,0.9971788229320633,0.9965513471389622
3,fold_03-generation-pred-001021,generation,1626414660000,1626414690000,1,0.9973238981245551,0.9965513471389622
3,fold_03-generation-pred-001022,generation,1626414900000,1626414930000,1,0.9975757373650963,0.9965513471389622
3,fold_03-generation-pred-001023,generation,1626414990000,1626415020000,1,0.9977926879261418,0.9965513471389622
3,fold_03-generation-pred-001024,generation,1626415080000,1626415110000,1,0.9978062745442734,0.9965513471389622
3,fold_03-generation-pred-001025,generation,1626415770000,1626415800000,1,0.9970902700313871,0.9965513471389622
3,fold_03-generation-pred-001026,generation,1626416010000,1626416040000,1,0.997838064866867,0.9965513471389622
3,fold_03-generation-pred-001027,generation,1626416130000,1626416160000,1,0.9977680345291838,0.9965513471389622
3,fold_03-generation-pred-001028,generation,1626416370000,1626416400000,1,0.9977284465483927,0.9965513471389622
3,fold_03-generation-pred-001029,generation,1626416490000,1626416520000,1,0.9974115751153477,0.9965513471389622
3,fold_03-generation-pred-001030,generation,1626416700000,1626416730000,1,0.9974317729339836,0.9965513471389622
3,fold_03-generation-pred-001031,generation,1626416790000,1626416820000,1,0.9971812780554395,0.9965513471389622
3,fold_03-generation-pred-001032,generation,1626416940000,1626416970000,1,0.9976396791847412,0.9965513471389622
3,fold_03-generation-pred-001033,generation,1626417180000,1626417210000,1,0.9980023919807586,0.9965513471389622
3,fold_03-generation-pred-001034,generation,1626417360000,1626417390000,1,0.9971461118986648,0.9965513471389622
3,fold_03-generation-pred-001035,generation,1626417450000,1626417480000,1,0.9972109120885896,0.9965513471389622
3,fold_03-generation-pred-001036,generation,1626417510000,1626417540000,1,0.9968715532493098,0.9965513471389622
3,fold_03-generation-pred-001037,generation,1626418020000,1626418050000,1,0.9968359104878309,0.9965513471389622
3,fold_03-generation-pred-001038,generation,1626419040000,1626419070000,1,0.9967295070016308,0.9965513471389622
3,fold_03-generation-pred-001039,generation,1626419280000,1626419310000,1,0.9977247962606338,0.9965513471389622
3,fold_03-generation-pred-001040,generation,1626419520000,1626419550000,1,0.9978987188022876,0.9965513471389622
3,fold_03-generation-pred-001041,generation,1626419670000,1626419700000,1,0.9966497310302532,0.9965513471389622
3,fold_03-generation-pred-001042,generation,1626419850000,1626419880000,1,0.9973434192148514,0.9965513471389622
3,fold_03-generation-pred-001043,generation,1626420660000,1626420690000,1,0.997844917242717,0.9965513471389622
3,fold_03-generation-pred-001044,generation,1626420720000,1626420750000,1,0.996937014178688,0.9965513471389622
3,fold_03-generation-pred-001045,generation,1626420810000,1626420840000,1,0.9978179834109097,0.9965513471389622
3,fold_03-generation-pred-001046,generation,1626421410000,1626421440000,1,0.997464412358715,0.9965513471389622
3,fold_03-generation-pred-001047,generation,1626421530000,1626421560000,1,0.9975090264166494,0.9965513471389622
3,fold_03-generation-pred-001048,generation,1626421620000,1626421650000,1,0.9976538471565154,0.9965513471389622
3,fold_03-generation-pred-001049,generation,1626421680000,1626421710000,1,0.9975705194152289,0.9965513471389622
3,fold_03-generation-pred-001050,generation,1626421770000,1626421800000,1,0.9968415799412292,0.9965513471389622
3,fold_03-generation-pred-001051,generation,1626421980000,1626422010000,1,0.996687468815315,0.9965513471389622
3,fold_03-generation-pred-001052,generation,1626422100000,1626422130000,1,0.9971778193518346,0.9965513471389622
3,fold_03-generation-pred-001053,generation,1626422580000,1626422610000,1,0.9972432586930143,0.9965513471389622
3,fold_03-generation-pred-001054,generation,1626422790000,1626422820000,1,0.9972601423479798,0.9965513471389622
3,fold_03-generation-pred-001055,generation,1626422850000,1626422880000,1,0.9978649332074603,0.9965513471389622
3,fold_03-generation-pred-001056,generation,1626423120000,1626423150000,1,0.9978331659904027,0.9965513471389622
3,fold_03-generation-pred-001057,generation,1626423450000,1626423480000,1,0.9977865114649855,0.9965513471389622
3,fold_03-generation-pred-001058,generation,1626423540000,1626423570000,1,0.9977011379519418,0.9965513471389622
3,fold_03-generation-pred-001059,generation,1626424650000,1626424680000,1,0.9979483438233747,0.9965513471389622
3,fold_03-generation-pred-001060,generation,1626424830000,1626424860000,1,0.997730927564952,0.9965513471389622
3,fold_03-generation-pred-001061,generation,1626425160000,1626425190000,1,0.9971057522863239,0.9965513471389622
3,fold_03-generation-pred-001062,generation,1626425280000,1626425310000,1,0.9976133424972339,0.9965513471389622
3,fold_03-generation-pred-001063,generation,1626425370000,1626425400000,1,0.9969773410060048,0.9965513471389622
3,fold_03-generation-pred-001064,generation,1626425730000,1626425760000,1,0.9971332926062471,0.9965513471389622
3,fold_03-generation-pred-001065,generation,1626425850000,1626425880000,1,0.9973183449051062,0.9965513471389622
3,fold_03-generation-pred-001066,generation,1626426030000,1626426060000,1,0.9976534643002634,0.9965513471389622
3,fold_03-generation-pred-001067,generation,1626426120000,1626426150000,1,0.9966863351219087,0.9965513471389622
3,fold_03-generation-pred-001068,generation,1626426990000,1626427020000,1,0.996710102329349,0.9965513471389622
3,fold_03-generation-pred-001069,generation,1626427560000,1626427590000,1,0.9974978474798525,0.9965513471389622
3,fold_03-generation-pred-001070,generation,1626427620000,1626427650000,1,0.9975922727506956,0.9965513471389622
3,fold_03-generation-pred-001071,generation,1626427740000,1626427770000,1,0.9966206007871814,0.9965513471389622
3,fold_03-generation-pred-001072,generation,1626427920000,1626427950000,1,0.9973797394359956,0.9965513471389622
3,fold_03-generation-pred-001073,generation,1626428070000,1626428100000,1,0.9973364564253157,0.9965513471389622
3,fold_03-generation-pred-001074,generation,1626428280000,1626428310000,1,0.9977987047558481,0.9965513471389622
3,fold_03-generation-pred-001075,generation,1626428820000,1626428850000,1,0.9976591014955283,0.9965513471389622
3,fold_03-generation-pred-001076,generation,1626429120000,1626429150000,1,0.9968507770137754,0.9965513471389622
3,fold_03-generation-pred-001077,generation,1626429780000,1626429810000,1,0.9972082278351614,0.9965513471389622
3,fold_03-generation-pred-001078,generation,1626430740000,1626430770000,1,0.9978680162891135,0.9965513471389622
3,fold_03-generation-pred-001079,generation,1626430950000,1626430980000,1,0.997259503859461,0.9965513471389622
3,fold_03-generation-pred-001080,generation,1626431040000,1626431070000,1,0.9968195472468697,0.9965513471389622
3,fold_03-generation-pred-001081,generation,1626431100000,1626431130000,1,0.9970582294877954,0.9965513471389622
3,fold_03-generation-pred-001082,generation,1626431610000,1626431640000,1,0.9972862136904643,0.9965513471389622
3,fold_03-generation-pred-001083,generation,1626431820000,1626431850000,1,0.9972282121008407,0.9965513471389622
3,fold_03-generation-pred-001084,generation,1626432000000,1626432030000,1,0.9966087247130341,0.9965513471389622
3,fold_03-generation-pred-001085,generation,1626432570000,1626432600000,1,0.997590259567578,0.9965513471389622
3,fold_03-generation-pred-001086,generation,1626432690000,1626432720000,1,0.9974561947091045,0.9965513471389622
3,fold_03-generation-pred-001087,generation,1626432780000,1626432810000,1,0.9970674180626826,0.9965513471389622
3,fold_03-generation-pred-001088,generation,1626432960000,1626432990000,1,0.9970890745028609,0.9965513471389622
3,fold_03-generation-pred-001089,generation,1626433020000,1626433050000,1,0.9970058219973298,0.9965513471389622
3,fold_03-generation-pred-001090,generation,1626433380000,1626433410000,1,0.997593725736327,0.9965513471389622
3,fold_03-generation-pred-001091,generation,1626433560000,1626433590000,1,0.9968903042689052,0.9965513471389622
3,fold_03-generation-pred-001092,generation,1626433620000,1626433650000,1,0.9968193068719965,0.9965513471389622
3,fold_03-generation-pred-001093,generation,1626433680000,1626433710000,1,0.9970201334227459,0.9965513471389622
3,fold_03-generation-pred-001094,generation,1626433980000,1626434010000,1,0.9975263651709502,0.9965513471389622
3,fold_03-generation-pred-001095,generation,1626434040000,1626434070000,1,0.9972811242787396,0.9965513471389622
3,fold_03-generation-pred-001096,generation,1626434160000,1626434190000,1,0.9976612041704632,0.9965513471389622
3,fold_03-generation-pred-001097,generation,1626434340000,1626434370000,1,0.9972468691540621,0.9965513471389622
3,fold_03-generation-pred-001098,generation,1626434520000,1626434550000,1,0.9977766332250259,0.9965513471389622
3,fold_03-generation-pred-001099,generation,1626434640000,1626434670000,1,0.9974625109971621,0.9965513471389622
3,fold_03-generation-pred-001100,generation,1626434730000,1626434760000,1,0.9977594037192458,0.9965513471389622
3,fold_03-generation-pred-001101,generation,1626435240000,1626435270000,1,0.9978950050376494,0.9965513471389622
3,fold_03-generation-pred-001102,generation,1626435420000,1626435450000,1,0.9977525976397491,0.9965513471389622
3,fold_03-generation-pred-001103,generation,1626435570000,1626435600000,1,0.9971872186391024,0.9965513471389622
3,fold_03-generation-pred-001104,generation,1626435990000,1626436020000,1,0.9977974004212196,0.9965513471389622
3,fold_03-generation-pred-001105,generation,1626436050000,1626436080000,1,0.997506164598419,0.9965513471389622
3,fold_03-generation-pred-001106,generation,1626436170000,1626436200000,1,0.9972331279471982,0.9965513471389622
3,fold_03-generation-pred-001107,generation,1626436290000,1626436320000,1,0.9970128243637387,0.9965513471389622
3,fold_03-generation-pred-001108,generation,1626436380000,1626436410000,1,0.9975063401480547,0.9965513471389622
3,fold_03-generation-pred-001109,generation,1626436770000,1626436800000,1,0.9966131714384437,0.9965513471389622
3,fold_03-generation-pred-001110,generation,1626437160000,1626437190000,1,0.9978990967167879,0.9965513471389622
3,fold_03-generation-pred-001111,generation,1626437280000,1626437310000,1,0.997633769086643,0.9965513471389622
3,fold_03-generation-pred-001112,generation,1626437670000,1626437700000,1,0.997227055949884,0.9965513471389622
3,fold_03-generation-pred-001113,generation,1626438450000,1626438480000,1,0.9966174371426425,0.9965513471389622
3,fold_03-generation-pred-001114,generation,1626438780000,1626438810000,1,0.9977336129109803,0.9965513471389622
3,fold_03-generation-pred-001115,generation,1626438840000,1626438870000,1,0.9975490562276542,0.9965513471389622
3,fold_03-generation-pred-001116,generation,1626439110000,1626439140000,1,0.9977442614533624,0.9965513471389622
3,fold_03-generation-pred-001117,generation,1626439200000,1626439230000,1,0.997830501314484,0.9965513471389622
3,fold_03-generation-pred-001118,generation,1626439320000,1626439350000,1,0.9972389201692156,0.9965513471389622
3,fold_03-generation-pred-001119,generation,1626439500000,1626439530000,1,0.9974436439308335,0.9965513471389622
3,fold_03-generation-pred-001120,generation,1626439920000,1626439950000,1,0.9975920322195111,0.9965513471389622
3,fold_03-generation-pred-001121,generation,1626440010000,1626440040000,1,0.9969052485104987,0.9965513471389622
3,fold_03-generation-pred-001122,generation,1626440070000,1626440100000,1,0.9972933126120973,0.9965513471389622
3,fold_03-generation-pred-001123,generation,1626440160000,1626440190000,1,0.9973948305837183,0.9965513471389622
